,Dairy farm products,Poultry & eggs,Meat animals & misc livestock,"Cotton, food grains, tobacco, fruits, vegetables",Coal mining,Crude petroleum & natural gas,Stone & clay mining,Chemical & fertilizer mineral mining,New construction,Maintenance & repair construction,Ordnance & accessories,Meat products,Dairy products,Canned & frozen foods,Grain mill products,Bakery products,Sugar,Confectionery products,Alcoholic beverages,Soft drinks & flavorings,Tobacco manufactures,Fabrics & yarn,"Floor covering, misc textiles",Lumber & wood products,Wooden containers,Household furniture,Other furniture & fixtures,Paper & paperboard,Paper containers & products,Printing & publishing,Basic chemicals,Synthetic materials,"Drugs, cleaning & toilet items",Paints & allied products,Petroleum refining,Rubber & plastic products,Leather tanning & finishing,Footwear & leather products,Glass & glass products,Stone & clay products,Primary iron & steel,Primary nonferrous metals,Metal containers,"Heating, plumbing, structural metal",Screw machine products,Other fabricated metal products,Engines & turbines,Farm machinery,Construction & mining machinery,Materials handling equipment,Metalworking machinery,Special industry machinery,General industrial machinery,Machine shop products,Office & computing machines,Service industry machines,Electric industrial equipment,Household appliances,Electric lighting & wiring,"Radio, TV, communication equipment",Electronic components,Misc electrical machinery,Motor vehicles & equipment,Aircraft & parts,Transportation & warehousing,Communications except radio & TV,Radio & TV broadcasting,"Electric, gas, water & sanitary services",Wholesale trade,Retail trade,Finance & insurance,Real estate & rental,Hotels & personal services,Business services,Eating & drinking places,Automobile repair & services,Amusements,"Medical, educational services & nonprofit orgs",Federal government enterprises,State & local government enterprises,Gross imports of goods & services,"Business travel, entertainment, gifts",Office supplies,"Scrap, used & secondhand goods",Government industry
Dairy farm products,0.23758670435587237,0.14629910652436862,0.10156554958180881,0.1611374208467216,0.0,0.0,0.0,0.0,0.0,0.0,0.0,0.0,0.0,0.2998829782723988,0.0,0.00483449776337695,0.060134052512090155,0.0,0.0,0.0,0.0,0.0,0.0,0.0,0.0,0.0,0.0,0.0,0.00045402849056897345,0.0,0.0,0.0,0.0795924322407431,0.0,0.0,0.0,0.0,0.0,0.0,0.0,0.0,0.0,0.0,0.0,0.0,0.0,0.0,0.0,0.0,0.0,0.0,0.0,0.0,0.0,0.0,0.0,0.0,0.0,0.0,0.0,0.0,0.0,0.0,0.0,0.00012872905252419095,0.0,0.0,0.0,0.0,0.0,0.04305034864155212,0.0,0.0,0.0,0.0,0.004747820859955075,0.0006108370672285512,0.0,0.0,0.0,0.004621430699582754,0.0,0.0,0.0,0.0
Poultry & eggs,0.3950279740361249,0.061801940753959665,0.1012324539261048,0.462147591454807,0.0,0.0,0.0,0.0,0.0,0.0,0.008152407192085067,3.266842883788817e-05,0.0,0.11206574478375074,0.29479400272889206,0.1375273384884605,0.009553598760140426,0.0,0.0,0.02500629259261873,0.0,0.0,0.0,0.0,0.0,0.0,0.0017349486880506096,0.0,0.0014978066224798092,0.0,0.0,0.0,0.0,0.0,0.0,0.0014079766906571842,0.0,0.0,0.0,0.0,0.0,0.0,0.0,0.0,0.0,0.0,0.0,0.0,0.0,0.0,0.0,0.0,0.0,0.0,0.0,0.0,0.0,0.0,0.0,0.0,0.0,0.001622151475984351,0.0,0.002665922268596687,0.005741641638914421,0.0,0.0,0.0,0.0,0.0,0.07098172206686629,0.0,0.0,0.0,0.0,0.0,0.0036521964282064034,0.20595010031713157,0.0005338870932627736,0.0,0.013782813672054337,0.0,0.0,0.0,0.0
Meat animals & misc livestock,0.0,0.0,0.03025185154342995,0.0,0.0,0.0,0.0,0.0,0.0,0.0,0.0,0.0,0.0,0.005587375962716372,0.0,0.0,0.0,0.010250948870770943,0.0,0.1346456035360842,0.0,0.0,0.0,0.0,0.0,0.0,0.0028140326079613568,0.0,0.00023038852803850882,0.0,0.0,0.0,0.0,0.0,0.0,0.0,0.0,0.0,0.0,0.0,0.0,0.0,0.0,0.0,0.0,0.0,0.0,0.0,0.0,0.0,0.0,0.0,0.0,0.0,0.0,0.0,0.0,0.0,0.0,0.0,0.0,0.0,0.0,0.0009081687574076088,0.0,0.0,0.0,0.0,0.0,0.0,0.0,0.0,0.0,0.0,0.0,0.0,0.0,0.0,1.5741965736104364e-05,0.0,0.000960033997675491,0.0,0.0,0.0,0.0
"Cotton, food grains, tobacco, fruits, vegetables",0.022246975542282534,0.08468210209562607,0.06444013039307023,0.0,0.0,0.0,0.0,0.0,0.0,0.0,7.562684357779721e-05,3.4630843291047536e-07,0.0,0.0,0.0,0.0,0.0,0.0,0.0,0.0,0.0,0.0,0.0,0.0,0.0,0.0,0.0,0.0,0.0,0.0,0.0,0.0,0.0,0.0,0.0,0.0,0.0,0.0,0.0,0.0,0.0,0.0,0.0,0.0,0.0,0.0,0.0,0.0,0.0,0.0,0.0,0.0,0.0,0.0,0.0,0.0,0.0,0.0,0.0,0.0,0.0,0.0,0.0,0.0,0.0,0.0,0.0,0.0,0.005268666912769301,0.0,0.0007662727682597137,0.0,0.0,0.0,0.0,0.0,9.0182637878231e-06,0.0,0.00019158307236280208,0.0,0.0,0.0,0.0,0.0,0.0
Coal mining,0.0,0.0,0.0,0.0,0.05762572575919732,0.0015066596370808415,9.848470341057999e-05,0.0,3.883206463430735e-05,0.004450500086273063,0.0,0.0,0.0,0.0,0.0,0.0,0.0,0.0,0.0,0.0,0.0,0.0,0.0,0.0,0.0,0.0,0.008295295242077358,0.0,0.0,0.0,0.0,0.0,0.0,0.0,0.0,0.0033844739377942414,0.08248604935768594,0.0014661735115788356,0.0,0.0,0.0,0.0001218450093165453,0.0,0.0,0.0,0.0,0.0,0.0,0.0,0.0,0.0,0.0,0.0,0.0,0.002519427057869686,0.0,0.0,0.0,0.0,0.0,0.0,0.0,0.0,0.0,0.0,0.0,0.0,0.00017628872888541814,9.793118962891913e-06,0.0,0.00033425207432047555,0.0,8.26890793240146e-06,0.0,0.0,0.0,0.0,-1.1326127758721118e-05,0.0,0.0,0.0,0.0,0.0,0.0,0.0
Crude petroleum & natural gas,0.0,0.0,0.0,0.0,0.02669913343906348,0.29460904645011515,0.0002480355493303496,3.8964050792637445e-05,0.005062591740752699,0.0002736938555729424,0.0,0.0,0.0,0.0,0.0,0.0,0.0,0.0,0.0,0.0,0.0,0.0,0.0,0.0,0.0,0.0,0.008448793380712558,0.0,0.0,0.0,0.0,0.0,0.0,0.0,6.714609481330368e-05,5.511580678941946e-05,9.981888590263663e-05,0.08655651030105915,0.0,0.0,0.0,0.0,0.0,0.0,0.0,0.0,0.0,0.0,0.0,0.0,0.0,0.0,0.0,0.0,0.0,0.0,0.0,0.0,0.0,0.0,0.0,5.576532957929396e-05,0.0,0.0,0.0,0.0,0.0,5.808723118502639e-05,4.529706136169371e-05,0.0,0.0002564408105413229,0.0,1.0390535625583414e-05,0.0,0.0,0.0,0.0,-2.5241084719435634e-05,0.0,0.0,0.0,0.0,0.0,0.0,0.0
Stone & clay mining,0.0002829141417104731,5.2827463333760296e-05,0.0,0.0,0.005408799361845532,0.0015256887706843884,0.3741762164912636,4.683179181807385e-06,0.005088109954655243,0.0018087593933516193,0.0,0.0,0.0003285803475591061,0.0007124117244643646,0.00047185453249046135,0.0013183770243527522,0.00045917035917547214,0.00015012091395744313,0.00011061700348443561,0.0003113951207119216,9.07223677812212e-05,0.0006056431596150946,0.0006030760478896389,0.009161400259057532,0.0002769155246814947,8.539899853297146e-05,0.006832066240842577,0.006363469974241337,0.0006570478362693031,0.00021004699324094235,0.0005619471609539156,0.001681854717179873,0.002890056391003687,0.00021225966015563628,0.0021245326179130694,0.01662801494062332,0.033159142082795176,0.0012944883826881927,0.00020367888781391697,0.00021458479708491798,0.000316024347486981,0.0004166869422381855,0.0014464992944737184,0.0009299359544108817,0.0007572776459297243,0.00040040765219162,0.00033505215341285947,0.00028821384639994704,0.000414764248476735,0.0001427392555255704,0.0004435579118658303,0.00033686111424627323,0.0004776541251178734,0.0006230002704841032,0.00028856873790577897,0.00022837479936412084,0.00018102109336740394,0.00044499196672396915,0.0005433856865955352,0.0002035638454014279,0.0006019352007587407,0.00012516218416685977,0.002453357676727335,0.00033306523177092207,0.0005911107733376647,0.0,0.0,0.04029252146852122,7.604434597851943e-05,0.0,0.00044502661122797254,0.0002167057585089489,2.1161876221737948e-05,0.0,0.0,0.0,0.0010748768405775377,0.021645848165167302,0.027250012560079046,0.0,0.0,0.0,0.0,0.0,0.0
Chemical & fertilizer mineral mining,0.0,0.0,0.0,0.0,0.0,0.0,0.0,0.05554381638640649,0.0,0.0,0.0,0.0,0.0,0.0,0.0,0.0,0.0,0.0,0.0,0.0,0.0,0.0,0.0,0.0,0.0,0.0,0.003222961242919199,0.0,0.0,0.0,0.5863114093079124,0.0,0.0,0.0,0.0,0.0,0.0,0.0,0.0,0.0,0.0,0.0,0.0,0.0,0.0,0.0,0.0,0.0,0.0,0.0,0.0,0.0,0.0,0.0,0.0,0.0,0.0,0.0,0.0,0.0,0.0,0.0,0.0,0.0,0.0013756084321635696,0.0,0.0,0.12339710597632093,0.00020487826655700862,0.0,0.0036056887523437,0.0,6.587925990880373e-05,0.0,0.0,0.0,0.0,0.0,0.012919464773164973,0.0,0.0,0.0,0.0,0.0,0.0
New construction,7.46801296983268e-05,0.006811606893236179,0.0,1.6805366961992981e-06,0.005084900330293155,0.0004958768344924314,0.0006273840365414726,0.0,0.019303974073494674,0.015984316152102385,0.012060021217909628,0.029907196266148652,0.0,0.00013476120992281715,0.0,4.5661216346466955e-05,0.0,0.0,0.0,2.337668753219808e-05,0.0,0.0,0.0,0.006693864617578326,0.00011817859512922375,0.0,0.0032825217185875454,7.923304525078448e-05,0.0006023094715929445,0.003165344537536989,0.0047454510810507056,0.0017881001796132483,0.0,0.0,0.027680034523655042,0.16089797983407517,0.004932846032686379,0.0017806866763886893,0.0,0.0001260485676331457,0.0,0.0004151543006115623,7.498346955330302e-06,5.2738303345882466e-05,1.5072228563421086e-05,0.0,5.774141419359936e-05,8.641818679934616e-05,6.454152924699397e-05,5.977206325133261e-05,0.0,1.0418384976688863e-05,8.739322625132057e-05,2.850535045428027e-05,0.0,3.6933929816299866e-06,0.000127680771191858,0.00012100658744248284,7.434681859763633e-05,0.0,0.0,7.476684928779413e-05,0.0,0.0004516336534525117,0.0,0.0,0.0,7.72807219691736e-06,0.00012656440412042215,0.0,0.000660566054295758,0.0002656043934431081,3.236842249854519e-05,0.0,0.0,0.0,0.0,-8.413694906478545e-06,0.0,0.0,0.0,0.0,0.0,0.0,0.0
Maintenance & repair construction,0.0,0.0028201181453652584,0.0,0.0,0.0,0.0069366788788929965,3.191633906824352e-05,0.0,0.0016242897892750276,0.09203848373604012,0.0,0.0,0.0,9.44818254911303e-05,0.0,0.0,0.0,0.0,0.0,1.220292493819145e-05,0.0,0.0,0.0,0.001416401093969695,0.0,0.0,0.047015500513859006,0.0,0.000400977267269626,0.0,3.0651663324759034e-05,3.669302053111413e-05,0.0004565451400281187,0.0,0.0010169992787453187,0.004925899523278555,0.0008345536556866834,4.1779629554599025e-06,0.0,0.0,0.0,3.697497924228497e-05,0.0,0.0,0.0,0.0,0.0,0.0,0.0,0.0,0.0,0.0,0.0,0.0,0.0,0.0,0.0,0.0,0.0,0.0,0.0,0.0,0.0,1.0736510624710873e-05,4.047632486963169e-05,0.0,0.0,4.180760368824146e-06,7.616870304471489e-06,0.0,0.00015696796727782968,0.0,8.595312192890991e-06,0.0,0.0,0.0,0.0,3.236036502491748e-07,0.000591161053706898,0.0,0.0,0.0,0.0,0.0,0.0
Ordnance & accessories,0.0,0.0,0.0,0.0,0.0,0.0,0.0,0.0,0.0,0.0,0.0,0.0,0.0,0.0,0.0,0.0,0.0,0.0,0.0,0.0,0.0,0.0,0.0,0.0,0.0,0.0,0.0,0.0,0.0,0.0,0.0,0.0,0.0,0.0,0.0,0.0,0.0,0.0,0.0,0.0,0.0,0.0,0.0,0.0,0.0,0.0,0.0,0.0,0.0,0.0,0.0,0.0,0.0,0.0,0.0,0.0,0.0,0.0,0.0,0.0,0.0,0.0,0.0,0.0,0.0,0.0,0.0,0.0,0.0,0.0,0.0,0.0,0.0,0.0,0.0,0.0,0.0,0.0,0.0,0.0,0.0,0.0,0.0,0.0,0.0
Meat products,0.010010138590414303,0.029471291972404605,0.0,0.0,0.0008983219095158181,0.008348192847956104,0.01319147888460602,0.07105413118221801,0.012203253683221331,0.008160241802571532,0.0004415477173587907,0.0008301013136864094,0.001516606148927123,0.0027303537072529286,0.0019018359073434982,0.0030469802146118586,0.0030687719666369407,0.0013353655026758832,0.001525936798067009,0.005224763175042284,0.002620061981521668,0.0019559095040328663,0.002898365483887518,0.005457207410841674,0.004356524542337656,0.0030551878819654824,0.008051457053099563,0.006425007639386113,0.0047028128583417985,0.003578436957577509,0.02088214770050684,0.004849502937358442,0.0018317652101433998,0.002260461331804509,0.00972713034188679,0.008759577380876673,0.012240449718671694,0.004316515866494457,0.0019119734621312512,0.002654486831213679,0.0023821392898465683,0.0024353675447042825,0.002657823161712077,0.0016005349309007268,0.0023647104543421463,0.0022771349608745922,0.004022905107304061,0.0022887029365635347,0.0030263183371656284,0.0060494680732430806,0.004479147528936248,0.0023215634523055017,0.0028409961910880114,0.0012843244010234053,0.0014655962246330045,0.0016720297810587418,0.004373906418394767,0.0011796190556489779,0.002535432638246257,0.00283187130408445,0.0022787317086981084,0.0029072325154005253,0.003771052552931939,0.003606300557878428,0.07556349757683038,0.1872014355343243,0.0,0.056313575270979785,0.012334293432062896,0.007389096891384156,0.32359551902198375,0.027014781642333733,0.001679295519508557,0.0,0.005278786994085271,0.02164942080064746,0.06702233363006761,0.013585852048411106,0.43788387788253813,0.0,0.0,0.0,0.0,0.0,0.0
Dairy products,0.0,0.0,0.0,0.0,0.0,0.0,0.0,0.0,0.0,0.0,0.00012617091020653522,1.1543614430349178e-07,0.04255525895361589,0.0,0.0,0.0,0.0,0.0,0.0,0.0,0.0,0.0,0.0,0.0,9.370373814979871e-05,0.0004777341466049491,9.893434716721984e-06,0.0,0.0,0.0,4.003238679841823e-06,7.941026831360521e-05,0.0,0.0,0.0,0.0,0.0003246584556338231,2.322170107802132e-05,0.0,0.003153169810354685,0.0074054180332542964,0.000924949221667108,0.008233184956952673,0.00016644015000902358,7.373171270214099e-05,0.0003524370532737976,0.00023932296672347106,0.002736422691577169,1.6644920700540552e-05,0.00020607980016504226,3.359491876853626e-05,0.00010201335289674512,0.008803793037940408,3.357296831281898e-05,0.0,0.016543784404340352,0.00015666094623211524,0.0,0.0005848592703925913,0.026881189248509706,6.17699404306137e-05,0.0037209932507428147,0.007853642588622905,4.808089540631391e-05,0.0,0.0,0.0,0.0,0.0005878047626393569,0.0,6.534352237822796e-05,0.0001344261366271165,0.0,0.0,0.0,0.0,0.0,1.3914956960714518e-05,2.6794835295496793e-06,0.0,0.0010068680539641244,0.0,0.0,0.0,0.0
Canned & frozen foods,0.17777162196088012,0.00018180044839822225,0.03840749048855764,0.02878171172745728,0.0,0.0,0.0,0.0,0.0,0.00019634559204145867,0.0006684534822742235,0.00030994604745487544,0.0,0.23703766646628133,0.0003043461734563476,0.0033300590479253293,0.007089085689887694,0.0,6.026150189823731e-05,7.748122219791439e-05,0.0002576515244986682,0.0,8.011010188384755e-05,0.014834468882095353,7.831954233416012e-05,0.0016628387984920705,0.024124291120412495,0.005295144414109926,0.060397974155618546,0.06390711594657678,0.0015044409958169741,4.582063757865496e-05,0.33509994429311596,0.0006544672854798785,0.00018559482386598544,0.000787368668420278,3.3602397234550945e-05,0.000592590606170929,0.0027347616522332024,0.0,7.174010216526345e-05,1.0728491386362479e-05,0.0,0.0,0.0,0.0,0.0,0.00017467505842421032,0.00160130930984384,0.0,0.0,0.0013079414139484811,0.0,7.41139111811287e-05,0.0,0.0,0.0,0.0,0.0,0.0,0.0,0.005820661178532083,0.0,0.0029149626346090017,0.008596167641596418,0.0,0.0,0.00011269049539603266,0.022762503932014986,0.0,0.0047872539140299,0.00038162587780718314,6.903450109353588e-05,0.0,0.0,0.0,0.030211784906793236,0.06915021681444566,0.0,0.0,0.2654963627260449,0.0,0.0,0.0,0.0
Grain mill products,0.0,0.0,0.0,0.0,0.0,0.0,0.0,0.0,0.000153109283415269,0.0,0.0,0.0,0.0,0.0,0.46229475966220457,0.0,0.0,0.0,0.0,0.0,0.0,0.0,0.0,2.4078216642068763e-07,0.0,0.0,0.0,0.0,0.0,0.0,5.915233273199112e-06,0.0,0.0,0.0,0.0,0.0,0.0,0.0,0.0,0.0,0.0,0.0,0.0,0.0,0.0,0.0,0.0,0.0,0.0,0.0,0.0,0.0,0.0,0.0,0.0,0.0,0.0,0.0,0.0,0.0,0.0,0.0,0.0,0.0,0.0,0.0,0.0,1.7546524578246795e-05,0.00012765252844963238,0.0,0.0002909289153517946,0.0,0.0,0.0,0.0,0.0,0.0,0.0,0.0,0.0,0.02134747610629098,0.0,0.005977018157671275,0.0,0.0
Bakery products,0.0,0.0007465799041917265,0.0,0.0,1.0482169305902194e-05,0.0003178984672592563,0.0,0.0,0.0,0.0008805802309738147,0.000771459413366839,1.6161060202488849e-06,0.0,0.000268382090240719,0.0,0.44391296123134943,0.2150507610674001,0.4361724958587947,0.5139158666883498,0.0,0.0,0.0872635607416072,0.0015661974975044353,0.008564019704167807,0.0,0.0005066769034299311,0.00024233918371768494,0.00036711310966196806,0.000256070568999677,0.00043918916768560676,2.031494255442119e-06,0.033046354968280615,0.0,0.05140741681034079,0.0,0.002834930985117319,0.0,0.0011879017463593668,0.0,0.0,0.0,0.0001105417773201991,0.0,0.0,0.0,0.0016535171749429004,0.0,0.0012020402046823949,0.0,0.0015067912661418026,0.0,0.0,0.000879662965873948,0.0021356842012579093,0.0,0.00019559593665215472,0.0,0.0012576878217409023,0.0005190061848947806,0.0008269619146307689,0.0004587704950732038,0.022772908294122044,0.001529612815058128,0.02376900070627568,0.0,0.0,0.0,0.00011921501536556126,0.0004375814266752498,0.0,0.0008189243092837628,0.008020278318038527,0.00016978461616463787,0.0,0.0,0.0,0.0,0.0057954177723124715,0.0,0.0,0.0,0.0,0.06065095676428098,0.0,0.0
Sugar,0.00046163624714391023,0.002331886246792058,0.05370907217246028,0.03417623452225703,6.289301583541317e-06,0.00016678475923108868,1.8237908038996295e-06,0.000390015162260919,0.00012648158195174394,0.0,0.0031286852945734953,0.00031571785467005004,2.647706265585061e-06,4.658798208468621e-05,0.0,0.05302312973573338,0.08298665915880521,0.005136711296696487,0.130010888345343,2.9992731173386214e-05,0.0,0.042983954124364704,0.03174520307010714,0.0037805207949712163,2.0978448839507175e-05,0.002789224194763076,3.657572834666915e-05,0.00015027867582565455,1.1247609180073661e-06,1.2730120802481355e-06,4.779986483393222e-06,0.07199079352034117,0.0,0.05577330668295378,7.54450503520266e-07,0.0033903287304568536,7.765259865127319e-07,0.0012602873836109396,6.209722189448688e-07,0.00041210236921527746,1.4715918392874552e-06,0.00845424279265696,1.3633358100600549e-06,9.67675290750137e-07,1.2220725862233312e-06,1.9579836292988755e-06,2.2792663497473432e-06,0.0004927675332388249,4.6877531768869314e-05,1.78424069406963e-06,0.0006141571087373035,0.002055460536025907,0.0012332473632317498,6.334522323173393e-07,0.00431576745133316,3.84728435586457e-06,2.9400177577072566e-06,7.806876609192441e-07,0.004573431041353357,0.00032272000713640385,0.011279770215821598,0.0008232614951965397,1.8112644346455038e-06,0.011918460403048609,0.0011241468196884665,4.3648003103857996e-06,9.811395543467915e-07,8.234831029502106e-06,0.0006189562077213178,6.005571586545302e-06,0.00015521889564244814,0.0010441933592766756,7.724900831585575e-06,0.0,2.0274434748759204e-06,5.887940187091976e-06,2.3848297572243308e-05,0.0012245162125428775,6.698708823874198e-07,0.0,0.0,0.0,0.0,0.0,0.0
Confectionery products,0.0,0.0,0.0,0.0,0.0,1.2312968802295137e-05,0.0,0.0,0.0,0.0,0.000730529570095839,0.0015181007337352205,0.0009947432439803075,0.000910718721241738,0.0,0.00343867268952951,0.009652205843781146,0.2841858187790071,0.025044432538899625,0.0021011084372493253,0.0030373848733152857,0.0028790466214811765,0.0022421827392434188,0.0011824812192919969,0.0018461034978766314,0.0,0.0006902419554383711,0.0008052718498988062,0.0006551732347392907,0.0006460536307259288,0.00020900490898636862,0.00394805947774331,0.0,0.017183668075834966,0.0028880365274755785,0.001990831394690349,0.0014346670567180228,0.0007121969410121183,0.001017152494631695,0.0015664512403605736,0.0020197597994220324,0.0017937654437591409,0.0012604039564005208,0.001227979943961924,0.0013251340409948323,0.0011248615950322039,0.002227982856878028,0.0016552760141725826,0.0016492059183902934,0.0029002832482101833,0.0013884150022309126,0.0010127538396089632,0.0017934236167443129,0.0011028403364644877,0.0017386266458823184,0.0015861583942358448,0.002656516045356914,0.0015278057524189608,0.0006084213835523585,0.0015311372295194025,0.0018215698058236184,0.002909297897977536,0.0017388138572596837,0.0038212641727775306,0.0009473154680438437,0.002091709304299328,0.0,0.00041940627881794957,0.0032505693532829424,0.0,0.0016130028317469776,0.011495148840407667,0.0,0.0,0.0012601687553839887,0.0,0.0002559182857122244,0.0,0.000206655167216519,0.0,0.0010039168668555256,0.0,0.005594931688868306,0.0,0.0
Alcoholic beverages,0.0008661994681754354,0.003459113352539373,0.0010868980640549885,0.0,0.0,0.0,0.0,0.0,0.0,0.0,0.00018610209255463944,1.4544954182239965e-05,0.0,0.0017533303372092586,0.0,0.00465330246041478,0.0312999468119367,0.02493268542686571,0.11208185328057838,9.865256184971643e-05,0.0,0.000897052889847122,0.0007056889873813088,0.002257453201277157,7.167636686831617e-05,0.0,0.0015119966390303395,0.0,5.323868345234866e-05,0.0,0.0,0.0010239360803931301,0.0,0.015761840499351254,0.00024368751263704593,0.004039806937202503,0.0,0.0,0.0,0.00018560607138082383,0.0001545171431251828,0.00025499325062943676,0.0,9.53160161388885e-05,0.0,0.0,0.00027769061694421797,5.883791441657611e-05,0.0,9.367263643865557e-05,0.0,0.0,0.0,0.0,0.0,3.647225569359612e-05,0.0,0.0,0.0140952967712122,0.0,0.005676400150821604,0.00022801823650200198,0.0,0.0015075461331523375,0.0,0.0,0.0,0.0,0.0013211383819939425,0.0,5.354850083706532e-05,0.015705664139996613,0.0,0.0,0.0014446661115976975,0.0,0.001633307774905739,0.0020587664228852503,0.0005928357309128666,0.0,0.0,0.0,0.0021956796560694764,0.0,0.0
Soft drinks & flavorings,0.00010029046218696934,0.00017207118954984328,0.0,0.0,0.0025241063688612488,0.011069358953263329,0.015291573995296443,1.742142655632347e-05,4.1051039756267774e-05,0.0008984298302503108,0.08966878268741313,0.08351412557466999,0.004219384704836353,0.00015777011856393143,0.00021679094353867307,1.170003956270015e-05,1.925660219246376e-05,0.0,0.0034637981091096403,0.46636829780076827,0.5693518068266767,0.23170741647952592,0.1346911845583728,0.09627891628280973,0.0013597531256140567,0.003283394968700731,0.0041823246093892095,0.000872884048512809,0.0022641437279488277,0.00017503916103411865,0.00025566952703049496,0.00502110213785221,0.0012160575442339186,0.020278080964574487,0.043844891012080264,0.005933529529454352,0.0024365973591339504,0.0021274576016918614,0.001282928604340099,0.0037976353359825458,0.013258306676060328,0.010945934917139646,0.0012345005760093797,0.003622492450923138,0.0013654624363402023,0.0009320002075462647,0.002148588412361829,0.006924946724107181,0.0031564204724372,0.0015157124696121506,0.0005033988609222855,0.0029262638803274846,0.001592275928782257,0.003344311060519393,0.0015011123769906388,0.00048583506845857784,9.828059361478543e-05,0.0006877858292698541,0.0009542122750222445,0.0003640810687179679,0.04863321138059677,0.0019022173534270273,0.0005397568015243602,0.0363290843203532,0.00018530465636773413,0.0,0.0,0.0001344811251971767,0.0026809518115746707,0.0,0.0012315706712618516,0.0,0.0,0.0,0.0,0.0,0.0,3.236036502491748e-07,5.3589670590993586e-06,0.0,0.000398795197109787,4.842794349313605e-05,0.0,0.0,0.0
Tobacco manufactures,0.0,0.007792251859474445,0.0,0.011878873637084739,0.0,0.0,0.0,0.0,0.0,0.0,0.0,0.0,0.0013953412019633272,0.0016094280980341361,0.0013002213784181601,1.0561097658366507e-05,0.0,1.7765788634016937e-06,0.0,0.0035479636699811577,0.04831510418556716,0.00035499003500992423,0.0006309795665233386,7.103073909410284e-05,0.0007387910399646444,6.669935729213949e-06,0.0004186222023065494,0.00046404153501876106,0.0003481135041232798,0.0005613983273894278,1.0754969587634748e-05,0.0006414889261011694,0.0005570688405847688,0.001313616769345543,0.008581120027039505,0.00038944465676479903,0.00020867371055742143,0.00019685006855259913,0.0002552195819863411,0.0015975633691839876,0.000999578756836004,0.0008893153038481183,0.000646221173968466,0.0007639796420472332,0.0005984082097206913,0.0,0.0002898467041428705,0.0004178411265989663,0.0005910645309987869,0.0011544037290630506,0.0006970945644471274,0.00443692970194737,0.0008710669108328345,0.002437207463840963,0.0006348512233927138,0.0008857987500942584,0.0006497439244533037,0.0011616632394478353,0.0002507605889220468,0.0004902387894667509,0.00010037615319974726,0.0009484236793633995,0.0,0.0008302123541760125,0.0,0.0,0.0,0.0,0.0015949415524897808,0.0,9.283534064717354e-05,0.0,0.0,0.0,0.0,0.0,0.0,0.0,0.0,0.0,0.0,0.0,0.0,0.0,0.0
Fabrics & yarn,0.0,0.0,0.0,0.0,0.0,0.0,0.0,0.0,0.0,0.0,0.008639603544756581,0.0,4.4481465261829026e-05,4.708457723521386e-06,0.0,2.6920445011522467e-05,0.0010680774009164814,0.0,0.001020318032140018,0.002846221974439136,0.006274358955749258,0.02942993735709715,0.03549327570206603,0.0,0.00010279439931358516,0.0,0.0,0.0,0.0,0.0,0.0,0.000589096404248285,0.0,0.0,0.01091538988493121,8.76200005370258e-05,0.0,2.681669245830077e-05,0.0,0.00028249812971659874,0.00012545320429925555,0.0025415029773479397,0.0,0.00011418568430851618,0.0,0.0,0.0003415100747371436,0.00017927177048800535,4.076307110336462e-05,9.278051609162076e-05,0.0,0.0011594794280306649,0.0,0.0009004523482390978,0.0003906776759339777,0.029687954460464537,6.720040589045157e-05,0.0,9.630969330764553e-06,0.0,0.00948265101141843,0.0016948529426951341,0.0,0.005011849840096012,0.0,0.0,0.0,5.004243471774357e-06,0.0007132188638974711,0.0,0.00021724366671251627,0.0,0.0,0.0,0.0,0.0,0.0,0.0,0.0,0.0,0.0,0.0,0.0,0.0,0.0
"Floor covering, misc textiles",0.0,0.0,0.0,0.0,0.0,0.0,0.0,0.0,0.0,0.0,0.0046476316483679316,0.0004893338157025016,0.0005125959330172679,0.0,0.0,0.0,0.0,0.0,7.63587524053007e-05,5.263430274545228e-05,0.0,0.009676025741872114,0.03808020191346129,8.788549074355098e-06,7.971810559012726e-05,0.00216606162806223,5.996021040437565e-06,0.0,0.0,0.0,0.0,1.715992004937676e-05,0.0,0.00012277764656061315,0.0,0.0,0.0,0.0,0.0,0.0018962398058887616,0.0020271177586184694,0.0013337813755688495,0.0,0.0011766931535521666,0.0,0.002747051031906322,0.0,0.0,0.0,0.0,0.003972074223773654,0.0,4.2120669701456146e-05,0.0,0.0,0.0,0.0,0.0,5.1708709875507105e-05,0.005092985890043368,0.0018598543001530092,8.509376217284856e-05,0.0001394673614677038,2.33402404885019e-05,0.0,0.0,0.0,0.0,0.0006338168771316744,0.0,0.0001375039393353788,0.0,0.0,0.0,0.0,0.0,0.0,1.1002524108471943e-05,0.0,0.0,0.0,0.0,0.0,0.0,0.0
Lumber & wood products,0.0005917887571740819,8.6920072852047e-05,0.00034090258513456544,4.033288070878316e-05,0.0002253666400768972,0.0004488636808836682,0.0009046002387342162,0.00030946448033383197,0.00644390375417306,0.005979615757626241,0.005246842535120809,0.008189155513034011,0.0008395876568170228,0.01659779167815043,0.009059869165223796,0.005499536295334676,0.015590543547477817,0.000956687717941812,0.009484995298777351,0.0037895227744805375,0.0009072236778122119,0.0013694219490623942,0.0014437820609178816,0.2720537502845744,0.6607547066898175,0.31324459857289577,0.020113252845411784,0.05609752425785708,0.013884236232035928,0.0007612612239883851,0.0061051182362519075,0.009750668187205965,0.00041884875231937497,0.00797950653790968,0.0013746088174139248,0.029672291103521417,0.0005283906371861635,0.002034862283167366,0.00038934958127843277,0.0027245335669646795,0.006552630562387216,0.01172240948122763,0.0005923694094710939,0.000599958680265085,0.0006126657232266301,0.0006735463684788131,0.0009227229939227161,0.0009294551792993508,0.001884952346271419,0.0010571626112362558,0.006877509776646282,0.0015670987402436165,0.011488627562448192,0.0016358903899595287,0.0007330755822567962,0.0028463748578428432,0.025880136316023348,0.0008626598653157648,0.00035410693140862734,0.0010226165915165999,0.0037155262605893624,0.008123975828414625,0.04924103492027267,0.032858623962117854,0.0006652196000313382,0.004300783239166808,0.00028158705209752917,0.0013664751920647647,0.02432725780668582,0.012865716211268353,0.0012616636729885441,0.008747622957963233,0.004859343428037897,0.0,0.0006882044239717708,0.000313131364495346,0.0050651579578963315,0.004524949841434212,0.007500209334650746,0.0,0.0004827115609803792,0.20002117535568426,0.014936287081327104,0.0,0.0
Wooden containers,8.308352004616262e-05,0.00025038770292439813,0.0,0.07260758795929068,0.0,0.0,0.0,0.0,0.0,0.0,0.00011123227443808145,2.3087228860698356e-07,0.001925676766960015,0.0209326259243452,0.023955792473133782,0.007157628627698218,0.009757785145457068,0.011316007899380259,0.011677523367841986,0.0025915778058494057,0.008433551308942322,0.021407814671562893,0.029089868232384103,0.04722568981983836,0.04767037822045413,0.010869017588739625,0.009016416705873982,0.010806330931603658,0.04013653097863385,0.012012778495261531,0.00361576102553176,0.029455367869437105,0.003657945770255875,0.02862956215202162,0.10097112868813128,0.00823769327629554,0.0011546235486729311,0.0011699267894579697,0.02707438874599628,0.007406108928718735,0.020135055341050607,0.0168128870638533,0.0057580487937886424,0.004466789142102632,0.0024355906643430993,0.002021618097251089,0.004077987377422955,0.0020643833878503386,0.00472376055636157,0.008156656332939313,0.002138001627253878,0.008980213750531771,0.0059897311526478855,0.019902118961062323,0.03008884032548334,0.004559493635822218,0.010660924391983328,0.01418119136059807,0.0004733745811283537,0.0014506193008606214,0.0005330874546537859,0.009821307230202173,0.0136768577460082,0.02951840214580835,0.0006355630335004486,0.0,0.0,7.28465821840571e-05,0.01803634472052335,0.0,0.0002970730900709553,0.004392577006779227,0.0006835993228852418,0.0,0.0,0.0,0.00017375188231205839,0.00020322309235648177,0.0,0.0,0.0,0.0,0.023588569290392963,0.0,0.0
Household furniture,0.00024009686708102384,0.0006949585473267736,0.00030273537458514843,1.848590365819228e-05,3.668759257065768e-05,8.171333841523137e-05,4.285908389164129e-05,7.230828656710602e-05,9.097798000037723e-05,9.222292959523058e-05,5.44553648451406e-05,0.0001080482310680683,0.0003526744745759301,0.008271068118232684,0.015045343909865299,8.82162274992967e-05,0.0009395893828391802,0.0001427481116743261,0.00016303625513564203,0.00019745214689145923,0.0001596713672949493,0.000175253404195485,0.0003249409750569547,0.012496474046150476,0.014112202534336477,0.21531124242679417,0.0002264497279605254,0.00016216363261327223,0.00595354699916599,0.00021195651136131455,5.1384854696477134e-05,0.0003196491490048798,8.09774254484125e-05,0.0005894367523439605,0.0003047980034221875,0.00027053179889312116,0.00012777382141709499,9.065207994056022e-05,0.054953557487745115,0.00023662996265122273,0.0002906393882592724,0.0006758949573408361,0.00021881539751463883,0.00017273003939889946,0.00022038042304894074,0.00028390762624833695,0.00045319412587476344,0.000508396354255728,0.0003114978016815446,0.0003024287976448023,0.0011637489829663264,0.00025264583568470494,0.002885122606965727,0.0016286056892878794,0.0002297451105634471,0.004406679501207278,0.0005187031329669231,0.0002123470437700344,6.162398826400641e-05,0.0005371751665593094,0.0001692238993047021,0.0006225063087110814,0.001164643031477059,0.010168875976030507,0.003077178379098521,0.0005407502606755741,0.0009350259952924924,0.00012200218894477735,0.00733103558782124,0.019824127826017404,0.0037910454977034915,0.0013668160871817552,0.3838824187404353,0.0,3.9197240514267794e-05,0.012590021921871851,0.04568131379670108,0.005279269950165038,0.001343760990069164,0.0,0.001221021588062012,0.5736816916735273,0.051337269702321706,0.0,0.0
Other furniture & fixtures,0.002844097451116653,0.11452366875395452,0.0013861636922265536,0.0007587623183339832,0.022280899076625706,0.06236294826202445,0.0347076508936119,0.018877520627531025,0.0379100804711328,0.05948973945534923,0.0050759314201550354,0.006250059161023956,0.004126714985540876,0.004478626130891998,0.0005824782062187806,0.03570085877254989,0.004991444092439659,0.0012258394157471687,0.0003380422606483312,0.013814887215568932,0.0009435126249247004,0.002872117998524611,0.001060333708080589,0.055115278675861815,0.02845307016102358,0.04572062283383416,0.2981482488220817,0.613224946048899,0.18099371502345032,0.31737591473874294,0.03469021415474692,0.06997924927540412,0.044321178807928525,0.00017532231733443485,0.09835695769343357,0.03468823330016291,0.02906974445800463,0.0144189274547257,0.005178908306000206,0.006693196719679364,0.013220045288238854,0.023621839070330244,0.0030436471959590728,0.0037095832270906503,0.002640491501299878,0.002916416615840675,0.005435670366422456,0.005265533669077183,0.006701448889393143,0.004720208756161206,0.0037201123330096323,0.008018249537684166,0.012744511203954874,0.009936014990013625,0.009405121096206042,0.0023014455016781856,0.031132268038898955,0.03646670132919881,0.0014961764163291058,0.004585761837043122,0.0014644623377091332,0.006953316983764854,0.1397743707893762,0.013890243919517249,0.0025908106879919323,0.0007555954315090085,4.905697771733958e-06,0.003508798156816774,0.004709806257286935,7.074695319534686e-05,0.010633862215222547,0.010662428544388683,0.006130579221224459,0.0,0.001217817713908803,0.016450101981800375,0.00475412806014741,0.0010782473626302505,0.026599232997839665,0.0,0.00010303492383499322,0.004859411780904387,0.0,0.0,0.0
Paper & paperboard,0.0,0.0,0.0,0.0,0.0,0.00015782987282941948,0.0,0.0,0.00024741572609858687,0.0,2.5562226407844035e-05,2.655031318980311e-06,0.00024809007708532024,0.0018832359501046942,0.020323561138584988,0.11290434637832523,0.18498423282692897,0.030938499103538304,0.011749341870104268,0.0024000065866390027,0.0,0.002811390656140594,0.0,0.022062027171545134,0.01356711250532328,0.00406973274877699,0.03462112542117051,0.026415504956159037,0.004982315946466629,0.14495915858993544,2.0792941202760515e-05,0.3267986288858776,0.0005905767407703187,0.004368491093938426,0.0,0.014348683590247692,1.997789583482756e-05,0.012461308905269742,0.001571680686149463,0.0,0.008814835117331856,2.1265402569397055e-05,0.0,0.0,0.0,0.0,0.00012497977151114598,0.0021471242049986485,2.241968910685054e-05,0.0,0.0009779270885278601,0.0,0.005892595730683303,0.006364294578092308,0.016380160455317073,0.007035451955882421,0.009737758816063249,0.007564082746646556,0.0003943011244458772,0.00233890968611233,0.004246361686164949,0.0038899415455423054,0.01987953280245173,0.04347936699400576,0.0,0.0,0.0,0.00011389404762342143,0.0013548080576663614,0.0,0.0014881908737657777,0.0,0.0,0.0,0.0,0.0,0.0,0.0005510970163743447,0.0,0.0,0.0,0.0,0.0,0.0,0.0
Paper containers & products,0.004135568495109352,0.0,8.674366033958408e-07,8.402683480996491e-07,3.1446507917706586e-06,8.954886401669191e-06,1.8237908038996295e-06,3.746543345445908e-07,3.1065651707445884e-05,0.0005265631786566391,5.528809285250373e-05,3.809392762015229e-06,0.00015753852280231114,0.0039752809647997725,0.0014609140608718562,0.0035832147712067616,0.0026105976386093547,0.0009143163120496816,0.0003970655125075636,0.0002287680867930831,0.00023224926151992626,0.00021315704742846196,0.00048696140583327557,0.0018628112305136499,0.00013566063582881306,0.00027692143875754344,0.02299554015955012,0.005722738748313327,0.09675699559112466,0.013462102748624033,0.0039719297683755974,0.0008527019845812642,0.054553653827090855,0.003563152971583218,0.0006458096310133477,0.004985255007513314,0.00012064390099547807,6.364106362386596e-05,0.0010873223553724653,0.0009916768832971604,0.001229147083764847,0.0009042585597076946,0.00028902719173273166,0.0002574016273395365,0.00025174695276200624,0.00019286138748593923,0.0005029581078442471,0.0009869140800967883,0.0002965513422769776,0.0008368088855186564,0.00017847300595784886,0.0015414868771759232,0.00022550317724521078,0.0024701469799214646,0.00017369618262405543,0.00020128991749883426,0.000281401699666266,0.00014442721727006016,7.48088208164553e-05,0.00026722616902697,0.00018144920001492775,0.009838656443849063,0.0003088205861070584,0.004541077189442929,0.0002512008954066997,4.849778122650889e-07,9.811395543467915e-07,8.678245008013757e-06,0.0066711348160550694,9.899293823975773e-07,0.002423540566779039,0.04526245304783748,0.006427607098269932,0.0,2.252714972084356e-07,2.943970093545988e-06,0.059999310603834885,0.0015626820270532651,0.0009485371694605865,0.0,0.006673147302473839,0.0,0.0,0.0,0.0
Printing & publishing,0.0,0.0,0.00382713029418245,8.402683480996491e-07,6.289301583541317e-06,1.9029133603547032e-05,4.559477009749074e-06,0.0008532752469253055,2.9956164146465672e-05,3.272426534024311e-05,0.007761454009719096,0.09911289631825652,1.8533943859095427e-06,8.73639616669007e-06,1.0485656277565808e-06,0.0007379308138350793,4.980155739430283e-06,3.819644556313641e-06,3.302000104013003e-06,0.007571400342975702,2.5402262978741934e-05,0.0370501999111506,0.03219255948175065,5.1647774697237494e-05,3.146767325926076e-06,0.0028305539750851697,0.006490293041537636,0.005829703359401885,0.002143044469110035,0.00032843711670401895,0.0011774301705218353,0.0019093149340045905,2.7923250154624996e-06,4.16195412069875e-06,0.0039910431636222075,0.00030848700649902173,9.177125295150468e-07,0.00012339565007986225,0.04828928363402878,0.015953055175493742,0.009872541751819714,0.012565362375870397,0.0005787360513704933,0.007539158190234318,0.004774230236845815,0.00492628681131597,0.00108948931517923,0.000756159134494279,0.000990882320070955,8.92120347034815e-07,0.0010451169260649327,0.009272796728627117,0.006245893592873068,0.013021877539747545,0.008925653039377979,0.0002950097644076952,0.0019143715628042394,0.00025918830342518904,0.006906435630492473,0.0020036128044511243,0.007394698337487791,0.0020310972262325066,0.00023455874428659275,0.012944964179732923,0.00030008534573234185,4.849778122650889e-07,9.811395543467915e-07,4.4341397851165184e-07,0.00100670154011874,1.0559246745574157e-06,0.00036268570039308816,0.0013512984391952693,0.0005650057749073788,0.0,0.016740600772050477,3.746871028149439e-06,1.903855688540432e-06,3.85088343796518e-05,1.0048063235811297e-06,0.0,0.0,0.0,0.0,0.0,0.0
Basic chemicals,0.008494727197687907,0.07670362739736777,0.029752208059873945,0.0028980855325956897,0.011044013580698554,0.007860151539065132,0.02086781437821956,0.012026591466048637,0.057259543534627665,0.01704636730905391,0.028248985472328122,0.062341982347966556,0.0034978847474644243,0.003868034804698783,0.0005253313795060469,0.0022781944291866496,0.002741077718982428,0.0014892172322464698,0.0008271510260552573,0.006952138658160493,0.00283416676948535,0.002452324960567984,0.0032242065724487857,0.012707399223935,0.012137780857724859,0.005141686705257803,0.10580988456060558,0.02927766666076821,0.010828448277962916,0.06678157722377706,0.09693746863507306,0.0038416314629689838,0.004883776452043912,0.0016439718776760065,0.006312487362954066,0.02261625649806277,0.011105309912933082,0.00800478269880278,0.0024031624873166423,0.0046042394986787125,0.006642765562543573,0.00618669950606792,0.007070941178876475,0.0033147717084645945,0.004060539846491389,0.0052248793147840495,0.0076788483322988,0.011107495030954258,0.010051154257312131,0.0047674911345540515,0.0038266712159785833,0.0033069690313506568,0.009224426664618895,0.0022132820997167835,0.017016121558470963,0.0038520549884658415,0.004743928653329066,0.002516937018803643,0.0024685844710463744,0.006307108086437617,0.004017619875507833,0.0036784463696563907,0.003065565055637515,0.005422871475098531,0.10061671318945488,0.04156890322267756,0.0013578971432159595,0.014146299501311303,0.04222823986065542,0.00552413593023928,0.02197798205838195,0.0262085856981056,0.006330284227933971,0.0,0.026932333848754517,0.004727748336589989,0.014629728125399559,0.00544333700084137,0.018582218277427027,0.0,0.0,0.0,0.006745143713920003,0.0,0.0
Synthetic materials,0.0014563375593883352,0.009185706866436494,0.0009021340675316744,5.8818784366975435e-05,0.007091187535442835,0.010896977390031197,0.029654838471407974,0.002937289982829592,0.07757980821398021,0.00517935872339666,0.0122807193740429,0.016058899214780258,0.02717023215618078,0.004677172229038144,2.3854868031462212e-05,0.0029924145433769646,0.024269626959774287,0.002521853696598704,0.04213517232725793,0.001988488672157101,0.000547963101398576,0.10321895671240916,0.08129645148253195,0.022174833616513227,0.004168068143596083,0.008536803097422867,0.0028063377142927954,0.02743919590079917,0.05419060610928889,0.006565559803879759,9.960296834770626e-05,0.08129220039646717,0.011343820375316406,0.16364907651440505,0.047073939167147,0.020195400676773653,0.001058616699431357,0.0015521618189179524,0.0044523708098347095,0.00226158509007228,0.024055376000912388,0.023670883602382186,0.003669418332776638,0.028008393615471968,0.032511204368828026,0.043728627384946435,0.01616797585193278,0.0229127709531926,0.009443784497871997,0.008400205187679819,0.024726910054854202,0.030008855627230185,0.025232000362180453,0.075719395863937,0.04397010649851248,0.015489166816710757,0.03451664848055682,0.07089736923872024,0.03173347532675373,0.012304332357264143,0.020631481822264718,0.04721175417486107,0.031041449880954645,0.0719649634981979,0.01285256932108363,0.00725817793835932,0.000625967035673253,0.0003592920123025842,0.010017956538573292,0.0004963505923341453,0.003011856508136345,0.010469901446695887,0.0009142583336311772,0.0,0.05273177733804781,0.00045256849347147867,0.004356823438828315,0.0029218173580997995,0.002213588330849229,0.0,0.0004037993839461067,0.004856563078345967,0.007829478761591877,0.0,0.0
"Drugs, cleaning & toilet items",0.0,0.0,0.0,0.0,0.0,0.0,0.0,0.0,0.0,0.0,1.0371248818977195e-05,6.926168658209507e-07,6.486880350683399e-05,4.850079303486677e-05,1.6252767230227002e-05,8.500648213253826e-05,0.00010059914593649172,0.0035384121222371535,0.0,0.00022185799676784215,0.00026853820863241475,0.001771282080543204,0.001999152093078937,0.0002880958621223527,6.783031791440653e-05,4.263994626890346e-05,0.00036066066558231957,0.0001373372784346931,4.592773748530078e-05,5.410301341054576e-05,0.00012338340110258753,0.0009658844359707704,0.25052041957475685,0.31586110310512994,0.00017201471480262067,0.0006807710640803019,0.0003693439964940558,0.00016352352683811667,6.209722189448689e-05,9.298081928368857e-05,0.00015010236760732045,9.368271942734378e-05,0.00010088684994444407,0.006871462239616723,0.00012261461615107426,6.363446795221344e-05,0.00011776209473694607,0.0017095172165253636,0.0009416269424877227,0.00015968954211923188,3.464475998005302e-05,4.297583802884156e-05,8.567401524309787e-05,4.6558739075324436e-05,4.71698898499831e-05,4.8014108761189824e-05,4.032024353427095e-05,5.386744860342784e-05,4.460098343213843e-05,7.961031915699154e-05,0.00011260145390997288,0.0004019234494863187,6.882804851652914e-05,0.0038541739118663184,3.6500389576479463e-06,0.0,0.0,7.601382488771174e-06,6.230289016392189e-05,0.0,0.00010566186597330477,0.002096867293615733,0.0,0.0,0.0,0.0,0.0,1.067892045822277e-05,0.0,0.0,0.0,0.0,0.00539334813808605,0.0,0.0
Paints & allied products,0.00035519330273798964,0.0,8.674366033958408e-07,0.0023208211774512306,4.192867722360878e-06,1.3432329602503786e-05,2.735686205849444e-06,5.619815018168862e-07,2.329923878058441e-05,2.379946570199499e-05,1.4963869950495077e-05,5.540934926567606e-06,1.8533943859095427e-06,8.276585842127436e-07,1.0485656277565808e-06,1.8430150815580766e-05,5.5113723516361805e-05,0.0013969239602927518,0.001999773812992875,0.00021583004589475962,0.0011576174128883824,2.3231265207308474e-05,6.300794530190257e-06,6.0075150521961564e-05,4.929935477284186e-05,5.13346839159145e-05,1.698872628123977e-06,1.056440603343793e-06,1.4996812240098214e-06,6.365060401240677e-07,3.584989862544916e-07,0.0024144372614155,0.0031720812175654,0.052251253008312466,3.77225251760133e-06,1.938138260726838e-05,2.428408539639816e-05,1.360267008754387e-06,1.2419444378897377e-06,1.6000523394898607e-06,6.548583684829175e-05,0.0019272968454786881,1.3633358100600549e-06,4.838376453750685e-07,1.2220725862233312e-06,3.915967258597751e-06,0.00016410717718180873,7.308772181434064e-05,4.110276336255932e-05,8.92120347034815e-07,2.099682423033516e-06,2.1704968701435133e-06,2.292281344296933e-06,0.0010448794572074512,2.7746994029401825e-06,5.6785917092561044e-05,2.1000126840766117e-06,3.90343830459622e-06,1.0661589665053012e-07,5.186340010227462e-07,2.2520290781994576e-06,0.0011000227605159987,0.0036089443860311664,0.007208166470064041,1.1080475407145552e-06,4.849778122650889e-07,9.811395543467915e-07,1.1402073733156761e-06,0.0007053843687271575,9.899293823975773e-07,0.0003509355268425763,0.026998903118812676,3.8080497057111985e-07,0.0,2.252714972084356e-07,0.0013242512748059588,1.5030439646371832e-06,0.00014076758785839104,1.0048063235811297e-06,0.0,0.003835003491382662,0.0,0.0007977701960696478,0.0,0.0
Petroleum refining,0.0002646567757761869,0.0,0.0,0.0,0.0,0.0,0.0,0.0,0.0,0.0,0.0020316544645097127,0.01077042313580439,0.0,0.01427391029781087,0.0,0.0043099632463447475,0.0,0.0,0.0006983730219987502,0.0020653818015869095,0.0,0.011004691085307652,0.03641319170347381,0.0,0.0025467836891161708,0.0,0.0009796499043234908,0.00016955871683667877,0.0305235743327309,0.00032207205630277826,0.0,0.004411924976099334,0.0,0.0004879891206519285,0.14302193640284036,0.0003262532738890178,0.0,9.162369923252763e-05,0.0,0.013077938905023737,0.0005496395519738645,0.001855454269230725,0.0,0.0,0.0,0.0,9.876820848905154e-05,0.0006035482939762847,0.0,0.0001668265048955104,0.000570588698459358,0.001771125446037107,0.0015965739563028138,0.004157347000698698,0.061158259419965735,0.00589065402295136,0.05667808233561731,0.0010437794026490295,0.01301428265644026,0.00014884795829352818,0.006331740612577646,0.006757931791979623,0.03583586683946129,0.00768477418083925,0.00022017556426669218,0.0,0.0,0.0,0.001187827607032417,0.0,0.0005176355080916314,6.820547603362422e-05,0.0,0.0,0.01648671979469657,0.0,0.00040241497079886184,0.00010096433887774254,3.516822132533954e-05,0.0,0.000388658510954165,0.00012819161512888955,0.0,0.0,0.0
Rubber & plastic products,6.457605320866703e-05,0.0031308111717300224,0.000425043935663962,2.5208050442989473e-06,0.0037610023469577076,0.0018961971955534511,0.00285605639890682,0.007655312017749624,0.1283410831039468,0.0013476447453754663,0.14667958791369487,0.04730723260544688,4.501100651494604e-06,2.37813899863795e-05,0.0,6.181348335338043e-05,0.0015358800300402993,1.9542367497418633e-06,0.0002827337589061134,0.007953072549476244,0.0,2.6084227601188462e-05,0.0136268183417929,0.005885318102737657,3.4964081399178624e-06,7.860995680859297e-06,0.0036290917347248366,0.00010564406033437929,0.0035731779763564005,0.006929641258830725,0.0032850457107119913,0.013519461266135574,0.001468762958133275,1.5607327952620313e-06,0.058617786321510594,0.21492338196243363,0.0032109349542301466,0.0034112581721684123,0.0030943045670022815,0.0037178105026013297,0.006921632216088546,0.01380929263607846,0.012250253921294623,0.004477917407946259,0.005531100525246797,0.0016212104450594688,0.03187250087941693,0.0043981341026390645,0.01554737501108246,0.02431830853982202,0.007608199259861946,0.009778956598744585,0.01678121865126177,0.017182391801607827,0.017860185116845367,9.849047951013298e-06,0.012093973047597208,0.0114441004214152,0.00282304678877717,0.004676522787222103,0.006315976409030251,0.004284842694266787,0.005067917888138119,0.005276994972045394,0.000530298517132566,4.704284778971362e-05,0.0,6.334485407309311e-05,0.004777332144231067,3.101778731512409e-06,0.0013476821190567948,0.011142212567598755,0.000584535629826669,0.0,0.024390145002757324,4.54977196275289e-06,0.00025451544467856304,0.00026729661510581837,0.0063932477015055346,0.0,0.0002625273401823115,0.0,0.0,0.0,0.0
Leather tanning & finishing,0.0,0.0,0.0,0.0,0.022363708214142332,0.030209309276031014,0.03573262132540349,0.005591715943078017,0.03058080564329753,0.040893431942452894,0.053627153756362865,0.03663573824531058,0.03920352759201176,3.408114125658253e-05,0.0,2.0708034624248053e-07,7.204625303042477e-05,2.9313551246127947e-06,0.0011412537859494943,0.0067954119354603475,0.12210504924410123,0.037555581820923625,0.16312577015961713,0.00018576344139356049,0.0,0.00019628668003115337,0.02267495290125473,3.01085571952981e-05,3.5992349376235716e-05,0.003806306119941925,6.106432732534841e-05,0.009155182451024401,0.0,0.0033571362426086295,0.0052449399004728895,0.022342494468735104,0.3456624952631915,0.013172145579273107,0.6165055657739984,0.3828784799360548,0.3852818742193665,0.2956197485471515,0.16038214302755982,0.2053445673983421,0.26011570583246363,0.16602134789551024,0.16819580113553048,0.15495010728725958,0.20166850043871254,0.17459419675714255,0.026617149156190126,0.09222571431051997,0.11069913721395552,0.10856706137075263,0.11140140632864538,0.011223451814302357,0.03205669362242948,0.04786005705265426,0.1227259495593796,0.0409093313666732,0.1979102457028068,0.048691807329547074,0.025107747593055976,0.04704598914305373,0.014684758519288696,0.0,0.0,0.0036598122889270283,0.0014349250975627817,0.0,0.0011626841576222098,0.0,0.0,0.0,0.0,0.0,0.0,0.0,0.003967310300939494,0.0,0.0,0.0019950413584133107,0.0886256152086225,0.0,0.0
Footwear & leather products,3.276321832043138e-05,5.523967627137492e-05,0.0,0.0,0.0015262038509393596,0.0004275958256797039,7.477542295988481e-05,0.0,0.0025950914051327116,0.005949866425498747,0.03138420642005031,0.024079748829419777,0.051154214592356494,1.5541588970217075e-05,0.0,1.8637231161823247e-06,7.735841915248373e-05,0.0,0.0011367135358064764,0.0010842960411947221,0.0,0.012957340060890369,0.01775113841855458,0.0016071005697748796,0.006337589394415117,0.0007590625071835803,0.021239105729437945,0.0006729526643299962,0.0,0.014884693748301325,0.0030044605041368096,0.004404257777779401,0.0,0.0007366658793636788,0.01170831736413101,0.004636592009984643,0.037277835915258704,0.4744700715510163,0.021824068634817416,0.11933368131508658,0.10540497287672292,0.14210480739867418,0.06259620038309736,0.010707810929795641,0.018628867146859723,0.0246402449829117,0.049721435664288376,0.043683474084656726,0.06423682529049633,0.08174944800053527,0.02464397259914438,0.06408392009098723,0.11959232922432352,0.06331133353730495,0.13388757029007262,0.034502599994767694,0.08014110405226847,0.197385945436178,0.01943717965699036,0.07510351934660414,0.04013212332883356,0.06673457644579879,0.06902728760434015,0.05643483428195851,0.0013356535414307449,0.0032614757874827225,0.0,0.0010717315860626624,0.001227870582347353,0.0,0.0006447347135960227,0.0009099476604168438,0.00011663512241492586,0.0,0.0,0.0,0.0,9.38450585722607e-05,0.0,0.0,0.0,0.0,0.08860716965495616,0.0,0.0
Glass & glass products,0.0003927084382193996,0.0010145767615607115,0.018473797342521223,0.0,0.0,0.0,0.0,0.0,0.0,0.0,0.0,0.0,0.0,0.02929593199368515,0.002397283166458483,0.0,0.0,0.0,0.0,0.0,0.0,3.9533907458051264e-05,0.0,2.877346888727217e-05,0.011626256346854876,0.00017568134286768884,0.015558075660991367,0.0037928858761550528,0.03379587876352033,0.09436456647255353,0.007987476913412159,0.00037094635681205926,0.0,0.0,0.0,0.0,4.532088030374308e-05,0.0,0.00044337416432663635,0.0018880617605980356,0.0067685866648026505,0.00014713359615582826,0.0,0.0,0.0,0.0,0.0003213765553143754,6.297495527399162e-05,4.212184014014344e-05,9.54568771327252e-05,0.0,5.513062050164524e-05,0.0,0.0,0.0,0.0,0.0,0.0,1.1123591883871976e-05,0.0,0.0,0.004692549214968736,0.0,0.0,0.0,0.0,0.0,0.0,0.0001593946695960217,0.0,0.0002564408105413229,0.0,0.0,0.0,0.0,0.0,0.0,0.0,0.0,0.0,0.0,0.0,0.005813643253769316,0.0,0.0
Stone & clay products,0.0,0.0,0.0,0.0,0.0003354294177888702,0.0016868767259144337,0.0,0.0034490678038175027,0.0018783624407394956,0.0016510879330759024,0.15541099341271772,0.065636068161811,0.002738787361121187,0.0,0.0,0.0,3.120897596709644e-05,0.0,9.080500286035759e-05,0.000967118557149679,0.0001451557884499539,0.001858501216584678,0.008740102126878199,4.767486895129615e-05,0.00012691961547901841,0.0,6.685563460087885e-05,2.1921142519383704e-05,0.0,0.00012921072614518575,0.00024162831673552734,0.0002774795582452412,0.0,0.0,0.00799415753530074,0.0032970558266593743,0.0005432152242014066,0.00037747409492934237,0.0020156758226950442,0.03260960002958319,0.011153930345879267,0.012936453229716541,0.002878683562941806,0.0027220705928801357,0.016442986647634925,0.015424995031616541,0.008735288285406694,0.037773941055441865,0.029334125042758764,0.007341258335749492,0.000336474108291121,0.04563686719163751,0.0043602056520208035,0.010593855133275182,0.012320775228815587,0.00024145556617406036,0.001144086910284938,0.00026621449237346223,0.0008226482585554903,0.0006952288783709914,0.06073272018088297,0.0004477749426959604,0.00015033494807557683,0.0009655857490093235,0.0,0.0,0.0,9.438383256890876e-06,0.003703197984967842,0.0,0.002174948154601608,0.0,0.0,0.0,0.0,0.0,0.0,0.0,0.0,0.0,0.0,5.317578109050233e-05,0.016902056086341002,0.0,0.0
Primary iron & steel,0.0012454024576215273,0.0,0.0,0.0,0.0,0.0,0.0,0.0,0.0,0.0,0.0028327892759571287,0.0021699686406170386,0.009382941463980339,0.0036930309951702443,0.0,1.0975258350851469e-05,0.0,0.0,0.0003562032612204027,0.0026936119011157296,0.0023261215099105114,0.005041592116042207,0.022738667345952323,5.417598744465471e-05,0.00549635359595088,0.00010588522970127144,9.233872402273851e-05,0.0,0.005940612248608905,0.00015912651003101693,3.4654902004600856e-06,0.011346175647116102,0.00012286230068034998,0.00020341550764915142,0.0012071208056324257,0.0003276664997041311,0.010536539924448257,0.004138223726418436,0.02960981831594818,0.02932771489769621,0.036796786043423,0.026940774512782806,0.03883734722118078,0.04228450717990874,0.019345409039915336,0.022097803240267107,0.049453241990468105,0.014673164578840048,0.011378671606245038,0.015842273122644246,0.027986667016613738,0.04520146551948672,0.025096469227698898,0.061718834625259164,0.0457503536354389,0.03510108354916599,0.053563343522594876,0.017648225262740434,0.04870334990345753,0.025167752167630807,0.009279324957500994,0.029111154346453057,0.009165903671523572,0.022998305965345345,0.00043487607009691243,0.0,0.0,0.0,0.001579428008481898,0.0,0.0005079483421110569,0.0,0.0,0.0,0.027410810508825236,0.0,0.00022575720348850492,0.0005232671024529156,1.6746772059685496e-05,0.0,0.0,6.741929388260117e-05,0.02933435925746106,0.0,0.0
Primary nonferrous metals,0.0010298154790550247,0.002521164555296886,0.013070534739968529,0.11074988908457806,0.0013647784436284659,0.004234541907189319,0.011209930176169072,0.0024614789779579616,0.004946095546849777,0.002052703916797068,0.024598078780409777,0.031012959092431798,0.009176155604638145,0.0039652938845502715,0.011012822646920429,0.0007273697161767128,0.00048041902366370803,0.0015585926368623059,0.00133565904207326,0.025238295189636394,0.008317426678182359,0.1107630044139404,0.07417025286888676,0.020188139961376132,0.007208544662068657,0.0028286482791625373,0.00954876344058083,0.000612471439788564,0.015142281318827167,0.000882833877652082,0.0003923771404555411,0.012053383415959566,0.0017465992971717936,0.016265436947955805,0.0009589065899742582,0.020313102198232378,0.02992258177101011,0.0065071287221642,0.003362564565586465,0.06027272714343011,0.02612296253511126,0.06482939974473853,0.017332088153293478,0.024465734376035716,0.03692451583520921,0.041623794983450146,0.052749441009927726,0.02680067001675042,0.0480654355992732,0.041564779088699065,0.023911183433505682,0.06617150398069126,0.03693753504683274,0.058382124991527576,0.037768653332941174,0.026843734081860977,0.041809992532354893,0.02058361086779679,0.04017055984682565,0.02719664837963179,0.039814908947247186,0.035033019271258674,0.015038022968644297,0.027018662389489797,0.006681917746111372,0.0,0.0,0.0,0.0034783604092864634,0.0,0.0006071072494399943,0.009550390584612952,0.0006777784469065118,0.0,0.01867680929055698,0.0,0.000198502006263084,8.640217461652967e-05,0.0003017768325155326,0.0,0.0006085861067862676,0.0031397450031383205,0.01608386402728361,0.0,0.0
Metal containers,0.0,0.0,0.0,0.0,0.008770431058248367,0.01222789738147928,0.03258202271166688,0.002952088829044103,0.041272937268463816,0.013732291710051109,0.0006523288399498284,0.0,0.0008202594010782519,0.0,0.0,0.0,0.0,0.0,0.0,0.0,0.0,2.3231265207308474e-05,0.0,0.0,0.0,0.0,0.0,0.0,0.0,0.0,0.0,0.0,0.0,0.0,0.0,0.00029395096954357044,0.00016596478129922115,0.0010659635252174557,0.0,0.0027127998498084204,0.005902186969422161,0.0007025246056034144,0.13307998009529717,0.06701877144912761,0.049421430101929,0.021529008995955785,0.00017360412030575597,0.011111172400605294,0.01778051192302845,7.315386845685483e-05,0.0,0.0012562835884390655,0.0219359863242495,0.0,0.0,0.0,0.0,0.00013896240364362546,0.006215351388403737,0.004777786075921794,0.04154864961902102,0.00014829446902938173,0.0,2.2406630868961822e-05,0.003634721829879245,0.0,0.0,0.00012092532642553477,0.0004806089715788765,0.0,3.583354452999597e-05,0.0,0.005422281975962176,0.0,0.007416838774090534,0.0,0.0,0.0,0.0,0.0,0.0,0.0,0.0022128076701882302,0.0,0.0
"Heating, plumbing, structural metal",0.0002696587938403749,0.01840510430690167,0.0,0.0,0.0,0.0,0.0,0.0,0.0,0.0,3.94157923485216e-05,7.399456849853823e-05,5.242458405858421e-05,0.0,0.0,0.0,3.286902788023987e-05,0.0,2.5590500806100776e-05,2.4552873068409304e-05,0.0,0.0007682620160662539,0.002094564124536104,0.0,0.0,0.0,7.395092616539664e-06,0.0,0.0,0.0,0.0,1.588205366272104e-05,0.0,3.277538870050266e-05,0.0,2.261161304181311e-05,0.00223957153837422,1.457428937951129e-05,0.0,0.00029227622734681456,0.007413143890410556,0.0008243696149199597,0.016705635348570884,0.07090205239090791,0.03571384925979063,0.005723186148440613,0.005281060132364595,0.005855291826862082,0.0020836723179003215,5.709570221022816e-05,0.0006152069499488202,6.55490054783341e-05,0.0013948531980046838,0.009754847651570867,0.0,5.432365510480772e-05,0.0,0.0,0.0007630144336956272,4.265764658412088e-05,0.008213471766633165,0.00032715660019852456,0.00013041103929447626,0.0015411560794557802,0.0,0.0,0.0,6.955264977225625e-05,0.0005477306980578722,0.0,0.0002878792519875396,0.0,0.00467002895695397,0.0,0.0,0.0,0.0,0.0,0.0,0.0,0.0,0.0,0.006558711867935106,0.0,0.0
Screw machine products,0.0,0.0,0.0,0.0,0.02507963828130159,0.03321703174619166,0.07719376956585572,0.004600755228207575,0.05286930125582897,0.04850033616745304,0.0060116905927928245,0.008238562182795905,0.0006918456471973765,0.0,0.0,0.0,0.0,0.0,0.0,0.0,0.0,0.0,0.0,0.0,0.0,0.0,1.7988063121312696e-05,0.0,0.0,0.0,0.0,7.192562233462173e-05,0.0,0.0,0.0,0.009293776738989507,0.001397534995908414,2.633088281231706e-05,7.203277739760479e-05,0.006793822233473948,0.00010301142875012187,0.004684135971367189,0.01593466894798192,0.009886738445594151,0.066937396480268,0.060145341124802854,0.002739298274671349,0.01835467127073347,0.013378100243865073,0.00020429555947097262,0.00010078475630560877,0.00025698682942499197,0.0023275251699654983,0.0,6.548290590938831e-05,1.769750803697702e-05,0.0,3.122750643676976e-05,0.0012531277105981141,0.0011824855223318614,0.0025747126732614655,0.00020323364557787134,0.0,6.698649020200045e-05,0.0,0.0,0.0,0.0,0.0014422621644683135,0.0,0.000635047547615448,0.0,0.0007599235191297105,0.0,0.0,0.0,0.0,0.0,0.0,0.0,0.0,0.0,0.008535679959103572,0.0,0.0
Other fabricated metal products,0.0,0.0,0.0,0.0,0.00022641485700748741,0.003869630286321299,0.0005234279607191937,0.0,0.017782866627390807,0.013173004266054228,0.0064976000021802335,0.011063861814623866,0.00023061521573245882,0.00012872849846455538,6.553535173478629e-05,0.0002681690483840123,0.0001357922464951324,0.00021425541092624426,0.00017624425555169405,0.0005948558349388266,0.0007366656263835161,0.00034113278909679286,0.0002772349593283713,0.0006569741410788461,0.00023950395758437357,0.00020676800760563243,0.0007450056142743676,0.00033145823929911505,0.00013084718679485692,0.00015085193150940406,0.0002636162545591362,0.00041713209907261585,0.00024572460136069996,0.00031214655905240627,0.0005266064514571457,0.002631830246545319,0.0009297133856702436,0.00038689880206142633,0.00018877555455924013,0.0027545789942284332,0.00047532416408984805,0.003122374153838137,0.005247479532921152,0.0010063823023801425,0.012386113018902203,0.10583293113086281,0.0021535268227862816,0.006927245080139078,0.008144801298711445,0.0007672234984499409,0.00018214745019815752,0.003283093565779078,0.0005277977795243688,0.002837232548549363,0.0002025530564146333,0.0002117545309467859,0.003684682255480823,0.00023654836125853096,0.0005883065177176252,0.0016849122108226469,0.000810408749712062,0.00033335274792955724,0.00046096679861728075,0.0010162340708693726,7.95838851301454e-05,0.0,0.0,0.0,0.0005720425044990832,0.0,0.00024845786820547897,0.0,0.0,0.0,0.0,0.0,0.0,3.236036502491748e-06,0.0,0.0,0.0,0.0,0.0,0.0,0.0
Engines & turbines,0.0,0.0,0.0,0.0,0.0012452817135411808,0.0006234839657162174,0.0041363575432443594,0.0,0.0,0.0,0.0002787620090103189,4.605902157709322e-05,0.005766174705191146,0.0,0.0,8.283213849699222e-06,2.3572737166636677e-05,0.0,0.0,0.0,0.0001959603144074378,3.4643114782828425e-05,0.0010378308704727666,1.1677935071403349e-05,0.0,3.6208222530018585e-05,0.0005558311504485624,0.0,0.0,0.00020941048720081828,0.0,0.0011164901172551942,0.0,0.0,0.0021728174501383663,0.005409828420253787,0.005639131714055459,0.007054053221612661,0.001831868045887363,0.006005707564478553,0.01881540535916958,0.02180891560623831,0.041996196293089934,0.020259249887144868,0.05339846165502846,0.030464267288261203,0.14476836195965243,0.05628536020755074,0.03716708884752947,0.08189932421883712,0.013410671635915068,0.013453607799897552,0.023540583265257355,0.01510371830125848,0.012676491692272517,0.015170457780670936,0.0172469841717844,0.017347660513286522,0.01924974891067873,0.04039925482666733,0.00714922716796405,0.023956372510749283,0.0004510048442267305,0.0001941908008643358,0.0013080175321799818,0.0,0.0,0.0,0.0010055823265229808,0.0,0.0006494886006050084,0.0,0.0010409031867011154,0.0,0.00023630980057164896,0.0,0.0,0.0,0.00017282668765595432,0.0,0.0,4.0831403337350006e-05,0.006032354818670326,0.0,0.0
Farm machinery,0.0,0.0,0.0,0.0,0.0,0.0,0.0,0.0,0.0,0.0,0.0,0.0,0.0002470309945790862,0.0006428332261515467,0.0,0.007803201607109151,0.003689299371769954,0.0006225132337359534,0.0,0.004794279268788976,0.006441288112466705,5.4613851539988344e-05,0.0003258410885612676,0.003502056219505691,0.002708317745180376,0.0039100116092613485,0.014819465802493466,0.0,1.1622529486076117e-05,0.0,7.050480063005002e-06,0.0025637650763132677,0.0,0.0,2.4142416112648512e-05,0.00016797198259632597,0.003296352812746547,0.0007060757394727236,0.0,0.0022713631877024957,0.0024207685756278637,0.0043118956363010765,0.0053899481250724275,0.0020166353059232855,0.00289794145946426,0.017614020729172685,0.012550780154883746,0.10304541367650547,0.021501161237988058,0.002909204451680532,0.00040996299309729406,0.004080968215243834,0.0005283708498604431,0.0008751142589464042,0.0032192062472911997,0.0005800165894901425,0.0007732246702770085,0.009478328891220543,0.00011034745303329867,0.0007919541195617335,0.0006495495298406721,0.002033162608809518,0.0009255561261038524,0.0004231585600565394,0.0,0.0,0.0,0.0,0.0016389328646564223,0.0,0.003527967184545849,0.0,0.0,0.0,0.0,0.0,0.0,0.0,0.0,0.0,0.0,0.0,0.01189474703570071,0.0,0.0
Construction & mining machinery,0.0,0.0,0.0003834069787009616,0.0,0.00024004167710516027,0.0008070591369504359,0.0018894472728400162,0.004601504536876664,0.025381746932544264,0.004974088331716953,0.005287974251848139,0.004969064267688107,0.005282438770468755,8.710646788514563e-05,5.2428281387829035e-06,0.00010043396792760305,0.00014475652682610692,9.531345602150086e-05,0.00048167926517289687,0.0005209031693495459,0.00021410478796368202,8.76267020977425e-05,0.002646333702679908,0.0030196491490818433,6.433390977448866e-05,0.0005738526847027287,0.0024943447528220273,0.0002873518441095117,8.660659068656718e-05,0.00019858988451870914,0.0001248771468786479,0.00025082691646642196,0.0002862133140849062,2.341099192893047e-05,0.00031611476097499145,0.0022932617191245993,0.008876044992198032,0.004050292180495384,0.00012295249935108404,0.01508511567311713,0.010763222712548447,0.010449550610317054,0.06283137581033273,0.1267920741587636,0.10905409137681142,0.09782184111158647,0.07135395258974041,0.08581509817657626,0.13554536403290804,0.01540067355086201,0.01657069368258051,0.0300605134527396,0.017330506568388925,0.011266898130112356,0.0007697016143756066,0.006849243393058576,0.015005850635337837,0.023113038889175142,0.010769556029727782,0.012369291265892242,0.05798202752108221,0.009895661002974563,0.0008531055487180323,0.0034928669891043087,0.0008247132666271333,0.0,0.0,6.524519969528592e-06,0.0016577418709184846,0.0,0.0006339263478491778,0.0,0.0,0.0,0.0,0.0,0.0,1.2944146009966993e-06,0.0,0.0,0.0,8.071323915522675e-05,0.019991686325454665,0.0,0.0
Materials handling equipment,0.00014320777717770233,0.0005316517314502634,0.00016915013766218896,1.9326172006291928e-05,0.000214884470770995,0.035389711059396645,0.010208669024828176,7.849008308709177e-05,0.008490908304181548,0.00512878485877992,0.0003046018114206173,0.00010781735877946133,0.003501856306862802,7.253967680300134e-05,4.718545324904614e-06,1.1182338697093948e-05,5.644176504687655e-06,2.123011741765024e-05,1.527175048106014e-05,0.00011453106658856794,5.080452595748387e-05,4.8500360695959794e-05,0.0028254562900381737,2.3837434475648075e-05,3.7061926283129344e-05,8.0396546736061e-05,3.0379839938217e-05,1.8751820709352326e-05,0.00022401488283646707,2.9915783885831186e-05,1.0695219756592333e-05,0.0011736289999727998,8.3769750463875e-06,2.7052701784541877e-05,4.074032719009437e-05,0.00012698843395803972,0.012167526869210998,0.010623976824159352,1.8008194349401198e-05,0.0014946266686768064,3.5318204142898925e-05,3.735813964894077e-05,0.05595198331276968,0.040256743608141826,0.006697772487561338,0.03109571700871009,0.004797855666218158,0.010217571575403546,0.007388306637484837,0.19945134598657357,9.238602661347471e-05,7.292869483682205e-05,0.004328686783536721,0.0020428834492234194,4.439519044704292e-05,0.005727375274888467,0.00016380098935797572,0.0032187752259700436,0.014781085757100628,0.07556640019251694,0.0077530926793612474,0.00010781297051996832,0.0014924818941478952,5.204873628935923e-05,0.0006585713147870509,0.000349184024830864,9.811395543467915e-07,1.3872523042007394e-05,0.0005301963517243133,1.6234841871320266e-05,0.00025702383441978337,0.00027967853929131625,9.922689518881753e-05,0.0,0.024596944237194666,5.2723828038959966e-05,0.00011924148786121653,2.491748106918646e-05,0.0003476629879590709,0.0,0.0,0.0,0.012589749147057835,0.0,0.0
Metalworking machinery,0.0,0.0,0.0,0.0,0.0,0.0,0.0,0.0,0.0,0.0,0.0,0.0,1.0326054435781738e-05,2.041557841058101e-06,0.0,0.0,0.0,0.0,0.00021215350668283547,1.7201713467089153e-05,0.0,0.0,0.00012961634462105672,0.0,0.0,0.0,1.269157786892618e-05,0.0,5.248884284034375e-06,0.0,0.0,6.371076699183498e-05,0.0,0.0,0.0,1.251714293386083e-05,0.0,0.0,0.0,0.00013387104573731834,0.00013832963289302078,0.002682697587200603,0.0,6.967262093400986e-05,0.003018519287971628,0.0029242485503578703,0.017219477394616222,0.010768717351852567,0.008794632590550916,0.00033632937083212527,0.34723865515340807,0.004557609327927349,0.00020831106716298378,0.012428016071950038,0.00037791405868045283,0.005823403492410847,0.00024024145105836438,0.0,0.0005716033605757088,0.00012200864874060105,0.002466293559068149,0.00017307905995351237,0.0,3.641077516206296e-05,0.0,0.0,0.0,0.0,0.001472356574487613,0.0,0.0021289341161938786,0.0,0.016435270526299124,0.0,0.0,0.0,0.0,8.73729855672772e-06,4.3541607355182285e-06,0.0,0.0,0.004121597818273667,0.0006264900548821099,0.0,0.0
Special industry machinery,0.0,0.0,0.0,0.0,0.0,0.0,0.0,0.0,0.0,0.0,0.010206646249521749,0.013395556493410097,0.0027552031399678146,2.9243936642183606e-06,0.0,0.0,0.0,0.0,0.0,7.704015262183518e-05,0.0,0.0,0.005978553895646241,1.5650840817344695e-05,0.0,9.647585608327319e-06,1.3890782077013694e-05,0.0,0.0,9.102036373774169e-05,0.0,8.872043770209685e-05,0.00014101241328085624,0.0,0.0,0.0010096489001973873,0.00108318315791376,0.00027127610631730347,0.0,0.024277238579893102,0.0003204391230048434,0.0037467340364837677,0.0002460821137158399,0.0006817272423334716,0.0007426127748950443,0.008977354940335344,0.0012604342914102808,0.0009754222999373009,0.013340054710835266,0.0001373865334433615,0.004377837852024881,0.08412845868676258,0.010666558165349704,0.032602836219024975,0.0016509461447494086,0.0028933117269843906,0.0021243728312119003,0.01001778406491574,0.007353511623780363,0.0005277100960406443,0.0032204015818252246,0.012254327905920997,0.0053559089332467546,0.0004245589744858495,3.943345659601799e-05,0.0,0.0,0.0,0.0011144880272436486,0.0,0.00014732564928790585,0.0,0.005563397417913817,0.0,0.0,0.0,0.0,0.00012394019804543396,0.0,0.0,0.0,0.0,0.0023676185670308126,0.0,0.0
General industrial machinery,0.0,0.0,0.0,0.0,5.9748365043642515e-05,0.0007354200457370823,0.006706990681340888,0.015292640627441107,0.00823683565271708,0.014360002617941228,0.008508133456321372,0.006502171700182782,0.00659146474817401,0.0,0.0,0.0,0.0,0.0,9.74090030683836e-05,0.0,0.0,9.129479660415961e-05,0.0006768853552432962,8.427375824724066e-06,0.0,0.0,0.0027950452079999713,0.0,1.1809989639077343e-05,2.4823735564838642e-05,0.0,0.0010615418626289982,0.0,0.0,0.007536960530167458,0.0022803407973864204,0.009779285901055342,0.0026394038066294943,0.0012320088823866199,0.02163092979397015,0.0012810206960997298,0.009178799121643084,0.01764429205379723,0.003868765812419048,0.01990552564193436,0.05842231553101985,0.04955276995440708,0.04963667587847764,0.0468843256140532,0.020083413252447755,0.027413978635731345,0.1063235255814761,0.12820013220732654,0.13484582722843744,0.05359276402790904,0.03664876909984319,0.046876903136494945,0.04606603680786184,0.001816983649350551,0.003812348883017952,0.0399165719742059,0.03884241089629755,0.012398105055148474,0.008967787200492199,0.0018519385161366267,0.0,0.0,2.1790629801144033e-05,0.0012922875426365974,0.0,0.0012150217627117032,0.0057900675143993845,0.00632032889798904,0.0,0.003591503479994089,0.0,0.0,3.236036502491748e-07,0.0006980054594476915,0.0,0.0,1.376872903236221e-05,0.00849944762154467,0.0,0.0
Machine shop products,0.0,0.0,0.0,0.0,0.0,0.0,0.0,0.0,0.0,0.0,0.0046359229879007645,0.011425523254726707,0.0013217349677800624,0.0,0.0,0.0,0.0,0.0,0.0,1.3085064090349868e-05,0.0,0.000309750202764113,0.00017282179282807563,0.0,1.8181322327572884e-05,0.0,0.0,7.60637234407531e-05,0.0,4.9010965089553215e-05,0.0,0.0013497920089903376,0.0,0.0,0.00021652729451031636,9.993525406872759e-05,0.00032536438834883467,0.0005433295080681809,0.0,0.003286329721718897,0.002012769738185417,0.00594837373312801,0.0,0.0019251899909473976,0.00010754238758765316,0.0,0.020060582899576285,0.008248799798480142,0.014911131409610777,8.475143296830742e-05,0.0,0.12149529870377927,0.03395011938487776,0.022111283621269046,0.004783026830788286,0.0024413327608574214,0.010779785109902063,0.01996452555268783,0.0007897750237549102,0.0007643368590072723,0.013386704277697063,0.0014375062735995777,0.015398464591138751,0.005173130901871561,0.0,0.0,0.0,0.0,0.0015256124880858159,0.0,0.0007019607496664543,0.026344635774638282,0.0,0.0,0.0,0.0,0.0,0.000264707785903825,0.0,0.0,0.004727416810526346,4.130618709708663e-05,0.004300449083354798,0.0,0.0
Office & computing machines,3.9816063790936454e-05,0.00011530377841797909,0.03106724195062204,7.562415132896842e-06,0.00018658261364505908,0.0006805713665268585,0.010071884714535705,5.2264279668970416e-05,0.001140553212687656,0.0028470110846011507,0.028347020269558598,0.021176991544764174,0.012251731202741752,1.2414878763191153e-05,1.0485656277565808e-06,4.4522274442133315e-06,0.0003064455831662768,8.52757854432813e-06,1.4859000468058516e-05,4.6018259104264146e-05,2.5402262978741934e-05,0.0002139721795409991,0.009020937540223822,3.3709503298896265e-05,1.1538146861728947e-05,2.5369576970045915e-05,1.5789522073152258e-05,5.810423318390861e-06,0.0005893747210358599,3.437132616669966e-05,2.449743072739026e-06,3.450239243970433e-05,6.9808125386562495e-06,8.844152506484844e-06,2.7914668630249845e-05,0.0028688484046800384,0.00037407374568463334,0.003035921639681398,4.967777751558951e-06,3.164547960324391e-05,0.0005029165110764878,0.0010925818995790218,1.1588354385510468e-05,0.005545263253643661,1.7923731264608858e-05,4.0138664400626944e-05,7.6355422716536e-05,0.004135661843796369,0.0006505106763578603,2.2303008675870375e-05,0.01565838166977245,0.006505847318568167,0.018088965158183173,0.0146989423248077,0.05631918366123806,0.021521554795332166,0.040215242900067116,0.017377326644401454,0.0063909833088193774,0.0012403132134458977,0.0039465201003246785,0.012425754659812901,0.015232733895368687,0.004224816930823728,0.0008477215479137355,0.0001353088096219598,2.9434186630403748e-06,0.0014991826613478948,0.0019453175864954692,1.656481833211946e-05,6.041024340663902e-05,0.0014335780610771015,4.9559046884327175e-05,0.0,0.002952408242413757,3.532764112255185e-05,8.326863564089994e-05,0.00018154164778978708,0.006841726257263913,0.0,0.0,0.0,0.0,0.0,0.0
Service industry machines,0.0,0.0,0.0,0.0,6.079658197423273e-05,0.00022275279924152113,0.0,0.0007618595892964254,0.0,0.0,0.0019926676532558934,0.002309069194502746,0.07448844991095764,0.0,0.0,0.0,0.0,0.0,0.0,7.733419900588798e-05,0.0,9.781585350445674e-05,0.0028290567440554253,7.464247159041316e-05,0.0,0.0,7.794827352568835e-05,0.0,0.00010666482705769855,0.0,2.0613691709633267e-05,0.0020219497283712443,0.0004453758399662687,0.0002398326062052655,0.000859319123509583,0.00023237470188506153,2.9013834586975712e-05,0.002115118036683875,0.0,0.0010661682088800772,0.005379403968515293,0.002404714712171818,0.030604843932133145,0.004574201099375898,0.00022567607092257517,0.0,0.0012175081084900392,0.003033829962104706,0.0054252250715986355,0.0007984477105961594,0.027378284034539777,0.0002591573262951355,0.02450190875402188,6.017796207014724e-06,0.004422315908406063,0.11939416043791329,0.09943350057834349,0.04280822719884583,0.003950936359443128,0.08205671573981585,0.0005630072695498644,0.09131138988268214,0.015482688387349767,0.0014669341147023442,2.2030592280089388e-05,0.08329396930090448,0.006816957623601508,7.208644393517997e-05,0.0012536124950498116,0.0,0.000591500148693513,0.0,0.0002515488834172655,0.0,0.0,0.0,5.0001262556930297e-05,0.0,2.3445480883559695e-06,0.0,0.006559077505102346,0.0,0.04767253345068219,0.0,0.0
Electric industrial equipment,0.0,0.0,0.0,0.0,0.0,5.596804001043244e-06,0.0,0.002743968346204583,0.0,0.0,3.1795069372046874e-05,0.00011428178286045687,0.0280066425654791,0.0,0.0,0.0,6.773011805625186e-05,1.5989209770615245e-05,0.0008535670268873613,0.0001320268264397099,0.0010850395186634055,0.0012194376403555605,0.002753447209693142,0.0,0.0,0.0,4.2072080967070254e-05,0.0,0.0,0.0,0.0,0.0003050449617288145,0.0,0.0,0.0002829189388200998,0.0001362753464573558,2.04014554638345e-05,0.00014447978871555525,9.066194396595085e-05,0.0005868636414062255,0.0008645602055813799,0.0009521536105396699,0.00027198549410698095,0.0012545910144575528,0.0007711278019069221,0.011816431202818714,0.00015005170135836676,0.0002601739028107975,0.003200580466132512,0.014510337444521265,0.12539355922416734,0.0003624729773139667,0.04683904431352334,0.0002993061797699428,0.01945674715329715,0.3025836822820244,0.08937485982415334,0.019006621792739917,0.002580744394322732,0.016097232465243742,0.0008856908646118724,0.029964570427273955,0.018158831589538498,0.004717529407536004,0.00222750145317176,0.0,0.0,0.0,0.0010408064655228427,0.0,0.0006493092086424052,0.07293835866950242,0.0,0.0,0.0,0.0,0.000316941870676494,4.9187754837874574e-05,6.028837941486778e-06,0.0,0.0,0.0,0.0069427746460594695,0.0,0.0
Household appliances,0.00028831632121979615,0.0020462802349784865,0.0015952159136449512,2.100670870249123e-05,0.000257861364925194,0.00029663061205529196,0.000718573576736454,0.00015585620317054978,0.001552173097811314,0.00040459091693391484,0.0009326806024287496,0.001160479558683003,0.004971862825515628,0.0001223647235726085,7.60210080123521e-06,1.8223070469338286e-05,5.3453671603218376e-05,2.8691748643937353e-05,2.43522507670959e-05,0.00017231118105494434,0.00027579599805491244,7.499215435341682e-05,0.00032764131556989334,0.00029279111436755615,0.00011048649722140446,0.0002454774560341062,6.20588177685288e-05,2.7995675988610515e-05,3.393028769322221e-05,4.328241072843661e-05,2.1509939175269496e-05,4.198703841868781e-05,2.2338600123699997e-05,3.79778313513761e-05,6.488274330274288e-05,0.00021137820406052078,0.0003488719477587201,0.004891423001551579,2.9185694290408835e-05,0.00029654303358545416,0.0005459605723756459,0.002430386459417757,0.03599274705349048,0.014072417915733867,0.0019300599711753812,0.0054647323093731616,0.0009299406706969161,0.003038426674168501,0.0034995096542238526,0.011123848607177108,0.0016655730820713368,0.015263802189597242,0.003162202114457619,0.00012764062481194387,0.0523558030340783,0.002648778333325639,0.0011537469686316905,0.07686416503112602,0.014980173174779385,0.0044144829582053605,0.0018534199313581536,0.0010012974733348782,0.0001675419602047091,6.0217820460334895e-05,0.005414441718068123,0.0015262251751982346,1.3735953760855083e-05,9.546069508815133e-05,0.002796355169004051,0.0001257210315644923,0.00034819979941287703,0.0008417421843832196,0.001520119041809829,0.0,0.043455097083004435,0.00011615300187263261,0.0004487087249096871,0.00017053912368131512,0.0006919766215062046,0.0,0.0,0.0,0.001324786015108226,0.0,0.0
Electric lighting & wiring,0.0003330843828942787,0.0011249757070055408,0.000332228219100607,4.62147591454807e-05,0.0023333308874938286,0.0026349753236911593,0.007226771060452282,0.0006133091456494951,0.016260649693725957,0.0029719582795366246,0.0009177672008423372,0.0016122966274868698,0.00028462842355039407,0.00027809328429548183,1.756347426492273e-05,3.913818543982882e-05,3.6521142089155415e-05,6.6088733718543e-05,5.572125175521943e-05,0.00046562244914761836,0.00022499147209742857,0.000172400441801605,0.0004248535740356859,0.00016180561583470208,0.00013181458687490342,0.0005045329955169695,0.00018557685120154267,0.0001214906693845362,0.00011453815348375012,0.00010120446037972677,4.672436787516874e-05,0.0008391931113509038,4.8865687770593746e-05,0.0001342230203925347,0.00015239900171109375,0.00169445775232087,0.0054574246332114796,0.006847681283998781,0.0001291622215405327,0.002206294392563241,0.04492107669016922,0.010069838647321153,0.01666814361379423,0.020761957200689567,0.0387099638836815,0.027119052257604075,0.025054075594147757,0.007485285924683793,0.02854841684724141,0.008302964069853024,0.00786593527728931,0.031742214427726796,0.008914395612802736,0.013267657005886672,0.01050001748060624,0.0004484394645195742,0.00021084127348129184,0.054499805608772434,0.46789388434513657,0.0023750844076836663,0.018457630324922755,0.014033861534273578,0.0009373293449290482,0.0013707723238897164,0.007158117471550228,0.0018448555978563981,1.6679372423895458e-05,0.00020606081029977193,0.0030888118994292072,0.0001421538593122921,0.0016074416809062774,0.0009693116858535166,0.00021559001405333544,0.0,0.1905145831756433,0.00013756369346205798,0.0005304743165859499,0.0026629344379004594,0.0019044429186274347,0.0,0.0,0.0,0.10577536872991164,0.0,0.0
"Radio, TV, communication equipment",0.0,0.0,0.0,0.00033106572915126174,0.0,0.0,0.0,0.0,0.0,0.0,0.0,0.0,0.49455552160607746,0.0,0.0,0.0,0.0,0.0,0.00019399250611076393,0.00013923096284900366,0.0,0.0,0.001271860381594119,1.3002236986717131e-05,0.0,0.0004300917485391352,5.896087356430273e-06,1.663893950266474e-05,0.0,0.0,0.0,0.006184690759072714,0.0,0.0,0.00016673356127797878,2.7658848095789253e-05,1.1294923440185191e-05,0.0,0.0066015556596029,0.004467701699042244,0.0009098116546394692,0.007867049469456943,0.051745410670829384,0.00016353712413677316,0.006947482652679638,0.0008438909442278153,0.004449507792431772,0.00030797970827426557,0.010578016951323118,0.01207306465642215,0.002120154326658093,0.011517958691103567,0.002584260680526755,0.00863997172269235,6.437302614821223e-05,0.02469063986494493,0.0057069944702466,2.5762692810335056e-05,0.00046562715930508185,0.29331812698442333,0.00798247792689785,0.01864214314010027,0.003142543794109949,0.0036592829037873273,0.013302697339682142,0.0,0.0,0.0,0.0033399509946109244,0.0,0.0006976104945733259,0.0,3.068200048601595e-05,0.0,0.0,0.0,7.154489271672992e-05,0.0,0.0,0.0,0.0,0.0,0.01139803462625685,0.0,0.0
Electronic components,4.951997883546116e-06,0.0003595805419004202,0.017979358478585592,0.0,8.5953788308398e-05,0.002069698119585792,0.008108573914137752,0.0,0.00012537209439076374,0.000907354629888559,0.0001067405900347288,8.888583111368868e-06,0.004596153306429107,0.0,0.0,0.0,0.0,0.0,4.375150137817229e-05,0.00011026739401980227,0.0,0.0006256138963722545,7.110896684071861e-05,0.0,0.0,0.0,7.495026300546957e-06,1.4261948145141206e-05,0.0,0.0,0.0,7.794984958599867e-05,0.0,0.0,0.0,0.0,6.727538774060305e-05,1.7003337609429836e-05,0.0,0.013331280525442966,7.652277564294767e-05,0.0021575762498788256,0.02161500760059714,0.006953714639330485,0.008373641360802266,0.0014420549429786217,0.000329733865263449,0.0066477649866603416,0.005618170274821229,0.005816624662666994,0.0,0.0006055686267700402,0.01264135854346151,0.0024109191961997935,0.00010377375766996282,2.4314837129064078e-05,0.0,0.0003801948908676719,0.0002785162606834015,0.0009826817734378485,0.12437216646484196,0.005573228345806178,0.0,0.0046706155241541146,0.016621299724122233,0.0,0.0,1.2668970814618624e-07,0.0005142786472512954,0.0,0.0007578861940080125,0.001534623210756545,0.0008109513851862405,0.0,0.0,0.0,0.0,3.5596401527409227e-06,0.001758411066266977,0.0,0.0,0.0,0.0142709296097909,0.0,0.0
Misc electrical machinery,0.0,0.0,0.0006132776786008595,0.0,0.00036897235956775726,0.0005619191217047417,0.0,0.0008336058943617145,0.0,0.0,0.005236143241935294,0.008067254944649523,0.01053125167136458,0.00013369444996983183,0.00011979862297118934,0.00033961176783766804,0.0019176919700632877,0.0009328815611722293,0.0017158018040477568,0.00047120933044462164,0.0006713455215810369,0.0024233877705729157,0.012885124814239075,0.0007310146572532076,0.0003685214179473427,0.0005402647940663299,0.00019507055118223547,0.0002020442653895004,0.01156366699803373,0.00014257735298779116,4.307962818158141e-05,0.0015770696734741043,0.0002708555264998625,0.006348020522595769,0.0012599323408788443,0.0004619229521398964,0.0015273560221990426,0.0005349735821572611,0.0002247919432580425,0.01055874538829359,0.006140952745346551,0.007023521834204193,0.004898465565545777,0.0018966435698702685,0.0032303452029170056,0.0008487859033010625,0.005597878154979475,0.0031082966975381847,0.015026966469996171,0.02273390280348819,0.005494343980472953,0.02059758119828791,0.025481285958372745,0.03456400433027946,0.003938963272413883,0.009529877240850772,0.009208555619675943,0.013231094477259349,0.008779357086952336,0.029544115526760995,0.001119901888744616,0.12215209559912411,0.017754919620612552,0.00208801791410138,0.00018321891982050673,0.0,0.0,0.0,0.002098338956448974,0.0,0.000821211556806954,0.00045524448685934895,0.0003308651187162216,0.0,2.252714972084356e-06,0.0,0.02362113752772114,6.989838845382176e-05,0.0001115335019175054,0.0,0.0012773507680913544,5.934796996707849e-05,0.00690193092008398,0.0,0.0
Motor vehicles & equipment,0.0,0.0,0.0,0.0,0.0,0.0,0.0,0.0,0.0,0.0,0.00011201453408136197,1.2697975873384096e-05,0.014069646324692455,4.474874078643567e-05,0.00014129421834019925,0.00011296232887527313,6.341398308207894e-05,0.0002378839098094868,0.00014570075458957376,0.00016981178679049548,0.00022499147209742857,0.00020908138686577627,0.0002502315541989845,0.0015692977696468316,0.00012307356652510875,0.016056321890145445,0.0001423055660263849,5.995300423976025e-05,6.373645202041741e-05,4.7737953009305085e-05,4.182488172969069e-05,0.0013726110516091897,9.21467255102625e-05,0.0056878305501999295,0.00039231426183053837,0.00018493069237768582,0.00010610168706623964,5.246744176624064e-05,7.513763849232913e-05,0.00046703749953776267,0.0002439163473618957,0.00018295909417814584,9.270683508408374e-05,0.00033626716353567265,9.77658068978665e-05,8.32143042452022e-05,0.00048320446614643676,0.002472571419115335,0.00014742644049050205,0.0002801257889689319,0.00013175507204535314,0.00010852484350717567,0.0008604651096154612,8.171533796893677e-05,0.0002192012528322744,0.003485485735039065,0.003969023972904796,0.008721061860128877,0.0002632701874623757,0.005121899735600386,0.00013512174469196747,0.012425754659812901,0.0918410687909176,0.001266208046501228,6.465783296404933e-05,0.0003297849123402604,0.0017356358716394745,5.447657450286008e-06,0.0018559048559009387,0.0001868986673966626,0.0006136550560750124,0.023456007558177196,0.009109888509552737,0.0,0.0,0.029734365578459345,0.006233123321350399,0.000138825965956896,0.00021737310133471772,0.0,0.0023424726893295595,0.06698913979627978,0.00785451201299621,0.0,0.0
Aircraft & parts,7.823156252390027e-05,0.00014609969692152582,0.00017955937690293904,2.5208050442989473e-06,1.0482169305902194e-05,0.0011372705730119872,7.295163215598518e-06,1.4986173381783633e-06,5.325540292705008e-05,6.544853068048622e-05,0.002250106778441308,0.008934642132945961,0.00021049264811401236,0.00015438591457515044,5.3476847015585614e-05,0.00015541379985498164,0.013399607032511121,0.031461701578810106,0.006906545967556198,0.0025235060679411813,0.004075248760732456,0.004005151634951235,0.0028047536794389774,0.0005947319510590984,0.0002954464878230594,0.003520296793082991,0.0019645962938993683,0.0001439400322055918,0.003260494441150353,0.0005041127837782616,0.00020183492926127879,0.011877037854601077,0.00012705078820354375,0.0348043413343433,0.004224168369209969,0.005221465608039397,0.002214016774090801,0.0009136136202369643,0.00010121847168801362,0.0006204647405355126,0.0037028929656070593,0.00677274334804797,0.00015201194282169611,0.006195057211382377,0.0001564252910365864,0.0005717312197552716,0.004207905559358554,0.0009984058602562759,0.0004480540898778161,0.0006450030109061713,0.0008902653473662109,0.0029527439421432352,0.0006378272840506216,0.014388550730972203,0.001107660001653721,0.001366247620454626,0.0015645094496370758,0.0009352638177812545,7.939330437242809e-05,0.001239275945443852,0.00412024805778578,0.012320833224900749,0.0014915762619305724,0.1222522118378899,8.714468011384471e-05,9.699556245301778e-07,9.811395543467915e-07,8.868279570233036e-06,0.005864088545713129,1.1879152588770928e-06,0.0005905134928991952,0.05755549769517818,0.020466743948315408,0.0,2.252714972084356e-07,0.009188933562891632,0.004686390878807761,0.00025855931654909065,0.0005181451275266693,0.0,0.006857147403070826,0.13980245197324878,0.011021218315644267,0.0,0.0
Transportation & warehousing,0.030322283525288277,0.02478613119077364,0.03823140085806829,0.021509189174654816,0.13200929558774047,0.03309502141896891,0.0423137704412753,0.05267021764044948,0.03730319077527662,0.11585877397052437,0.054079754045455744,0.05655539930632112,0.00733229296128471,0.045264500831291084,0.00815154919017966,0.02213388634830065,0.026162418151140423,0.009601253980424943,0.00885967902907989,0.05078342778103189,0.07306779501099556,0.03650895218842594,0.031936027133021475,0.05894925311177843,0.05136363413864937,0.021612140140590333,0.045610532850400475,0.03242242622677184,0.026282850751537128,0.032098363097416614,0.057707820816709686,0.031102172537154422,0.0199036927102167,0.017953109343899147,0.04921657859714455,0.10657802106796667,0.08093942137236708,0.032089573193878757,0.035514022173675996,0.025261270768679366,0.02597874653486109,0.020286810890798136,0.01740093661170151,0.02627044879328472,0.02021959829659376,0.021069861834885198,0.014469922421371009,0.016683306764337606,0.016685344079384722,0.020568726721234696,0.010037006902705965,0.016163256092584715,0.019783820677122716,0.019683261214796684,0.023331892339443407,0.01128500836399619,0.015297332395887672,0.019878649909986713,0.022651755556900497,0.01330451802823651,0.02517092900703534,0.012251849446828585,0.023094527173947495,0.024506318903307452,0.20647514303916062,0.008134532845122335,0.0011616692323466013,0.036075907912291705,0.02819056551438031,0.0029748037893968797,0.013564095380374421,0.018406997954016156,0.00415295020762847,0.0,0.01883810368255822,0.004590987544062534,0.011639372056288396,0.4174600349491942,0.027399058831410247,0.0,0.4087678999121573,0.0,0.0483721469504559,0.0,0.0
Communications except radio & TV,0.0026168057502799504,0.0066378471546300055,0.0,0.0,0.001355344491253154,0.001951045874763675,0.003228109722902344,0.001611388292876285,0.000665692536588126,0.008332787928910996,0.004539730285959303,0.009064969539864602,0.013868950189761108,0.0035156361719539796,0.000888397228116763,0.0026708187656623926,0.0029316516786112934,0.006796213613000009,0.004631055145878237,0.004274993354551721,0.005251010647177083,0.00794183217244935,0.010467419941654642,0.00458714105248052,0.007311688702196234,0.02261346424193858,0.006282630846170481,0.006066081944400059,0.007585387631041677,0.008225567556523327,0.0015264289336405828,0.005987351678504882,0.0029598645163902496,0.007605971155576967,0.007263094997389601,0.009549368722122859,0.007250423136069378,0.004360530220420581,0.0022547501269888186,0.009740940859220995,0.009220994464975195,0.006790943467364121,0.006480616773120471,0.005301892918020001,0.0065674180783641825,0.008259753940197305,0.009356768243437803,0.008276380070862913,0.009381620814439367,0.009179918370988246,0.01338075116138684,0.0059380453373386235,0.009006086866574612,0.004666009143249521,0.006140964718587212,0.012035382704764015,0.011519409577233847,0.005645933163767974,0.002380164354090868,0.01472298202103372,0.004496980350724575,0.013981813893332903,0.01458882938885221,0.008624452262906337,0.024128778067333052,0.04807876039671185,0.10047653948154624,0.0050573264594876086,0.039403593459091904,0.05594453914035588,0.007955719605518868,0.023093508083702193,0.04647207859074743,0.0,0.015699621183450294,0.01439119635183226,0.04039811426100138,0.0029538541194744678,0.010712575151139618,0.0,0.0,0.0,0.0,0.0,0.0
Radio & TV broadcasting,0.0,0.0,0.0,0.0,0.0,0.0,0.0,0.0,0.0,0.0,0.0,0.0,0.0,0.0,0.0,0.0,0.0,0.0,0.0,0.0,0.0,0.0,0.0,0.0,0.0,0.0,0.0,0.0,0.0,0.0,0.0,0.0,0.0,0.0,0.0,0.0,0.0,0.0,0.0,0.0,0.0,0.0,0.0,0.0,0.0,0.0,0.0,0.0,0.0,0.0,0.0,0.0,0.0,0.0,0.0,0.0,0.0,0.0,0.0,0.0,0.0,0.0,0.0,0.0,0.0,0.0,0.012760701043834371,0.0,0.0,0.0,0.00046529790300213795,0.0,0.12097493906168458,0.0,0.0,0.0,0.0016671763655755636,0.0,0.0,0.0,0.0,0.0,0.0,0.0,0.0
"Electric, gas, water & sanitary services",0.004801137018730207,0.016426928883861838,0.00013792241993993868,0.00067053414178352,0.02798005452824473,0.04567215937011329,0.05937350962095244,0.026375290497604648,0.06859184948247952,0.10680307727091527,0.005170938115540557,0.010332804712749853,0.0069753821566838434,0.009107978086175628,0.002110238325860119,0.013545436068240015,0.007682056233262527,0.005672083337182588,0.004974875906708591,0.012164257838688505,0.013002329750404622,0.009501587469789166,0.01211822810856449,0.03301147579844269,0.010209162127746167,0.010159860493529984,0.05889491733285791,0.01866096681746476,0.006739192500394135,0.007130140661469807,0.023312830577143336,0.019330102278600065,0.012452373406455018,0.0068713862532736375,0.08522348332815277,0.062140144758739135,0.04408062711673925,0.03159696221285128,0.010514922583393465,0.011113074632130189,0.01621363098730936,0.015737930542980443,0.008773065937736453,0.008593924257151967,0.01083978383980095,0.007134892345165102,0.014779142889486733,0.0095593224078681,0.013454870694443077,0.017051096192876418,0.007220282932206504,0.007286357993071774,0.014346242793282355,0.009834029180610535,0.011006122651702527,0.007570224481347596,0.015604354250299672,0.011572913885466874,0.005859538602648701,0.011361326084904535,0.009333695373817523,0.008947650400126567,0.01015575968505734,0.009103860802540165,0.016299314144644004,0.07066563204733384,0.022519115051367562,0.35023775224079257,0.06438080347224825,0.03924568436985979,0.007918002445381538,0.04047976958818869,0.024705157671482056,0.0,0.016011847478581188,0.022554825421235283,0.09521162257804505,0.020833926606692123,0.23474787734664143,0.0,0.0,0.0,0.0,0.0,0.0
Wholesale trade,0.04351065437350699,0.06775439780591544,0.04882887384175528,0.03546352563154569,0.022508362150563784,0.0310488298761875,0.05286804782344246,0.027102119906621154,0.05994672240732173,0.04265161747118777,0.13760789946984497,0.19649944509845432,0.024712631200464727,0.047758328107588996,0.017112853186394338,0.046303165419818645,0.06851665065269921,0.0569493902426025,0.05833808683764974,0.03938030900746407,0.04257419275237148,0.07078240455821877,0.0631420622140452,0.05103089078686769,0.03487667119568068,0.04381099641336117,0.04925891178613872,0.04676545618821969,0.057070181519540755,0.07672762060675575,0.023790530476327447,0.05453586888798789,0.048985757746258636,0.05812272978408822,0.08153271146493163,0.049240219518384754,0.05203147669264311,0.041279051295377414,0.04530551212199869,0.04975096074253807,0.04129065962264706,0.04792646998532112,0.05072495381699944,0.056935111081865816,0.053410682380890695,0.05424691544153999,0.05439127253719573,0.05908429818319552,0.0521261168656867,0.049758012355866806,0.04522715939214194,0.059332268342869046,0.055504440865301825,0.05639846932602583,0.07052342484476944,0.05899749003168624,0.07380998581231431,0.06861307714287053,0.032780727740919675,0.037405310397263275,0.04946195808137418,0.062383641509067646,0.07738989549909844,0.07591343198163776,0.06807733285396154,0.06022211983801741,0.026429937314993872,0.010500993183967012,0.06712048290833374,0.02575895245936736,0.05627319566106454,0.07765716715953243,0.03801842584690889,0.0,0.2870605403632458,0.035299004322551,0.05897162934374696,0.020679244061873017,0.01304205114464187,0.0,0.05776589490129819,0.0,0.0032938488689911137,0.0,0.0
Retail trade,0.007784840794018347,0.02532735136687644,0.0028521315519655244,0.004792050389212299,0.007133116212666444,0.027822832049986177,0.025869560657914296,0.017532886220850488,0.03196322714427887,0.017230813168244374,0.010112320877051344,0.01861211585448489,0.007086850590464974,0.00701681590730371,0.004002375001146869,0.005076988848826895,0.004738452180876601,0.007899913231888312,0.006862381716165024,0.012051785096788307,0.007479151999883875,0.01424769419503666,0.020749416501420828,0.008786141252690892,0.005720822998533606,0.014135023082146333,0.009552061252153072,0.00891530225161827,0.010622054649508564,0.010108988929250443,0.01278849533733231,0.008958938684502274,0.008002803494315524,0.011680003995475956,0.016120343908717524,0.015615539588795703,0.015123549520050466,0.006954559406115197,0.010887505914760386,0.009592313775241714,0.013047133247122578,0.011339440654775155,0.0055549117580896935,0.011465984520098374,0.01602381575056032,0.009756632424796297,0.012892670107345848,0.0120079909242517,0.008706652295419488,0.01738831768405558,0.013023280228865385,0.005051614415572013,0.012680900396650633,0.005321315477581808,0.004942849516397641,0.006695967584320932,0.009302636187922575,0.005841105078997784,0.004227746765780121,0.006760264544831242,0.007352231503441744,0.0110407091036694,0.011147426963025753,0.009371339958538397,0.04264053725444852,0.05498435946555445,0.023297158717964568,0.013707256317730693,0.05897447328720059,0.40016034216183155,0.11711635672145582,0.03972283315442929,0.013257616249013376,0.0,0.0371650663379505,0.028004114064388907,0.01926471490061673,0.004817811144909714,0.03453619814780701,0.0,0.0,0.0,0.0,0.0,0.0
Finance & insurance,0.014444277543775036,0.1623977332274211,0.0,0.03460645191648405,0.11616025559721635,0.04670644874950608,0.06658113087796377,0.42072707668087733,0.04967841503044989,0.03360484557121693,0.007749846285980095,0.015504343977546286,0.007910816780315045,0.006787683226367657,0.0034204210777419664,0.006385840177252493,0.007246458611253691,0.01911323487296395,0.010634504084986878,0.011896969675584505,0.014443000950770415,0.03510040389796176,0.026228407402173415,0.009565914298644288,0.016415985857728355,0.10509758175524837,0.009946099768193826,0.01147690660457613,0.016209866890169157,0.01359322299288959,0.024979671613733594,0.013850793764961305,0.013812235688985255,0.014708345862549384,0.01794535967673305,0.012320098877353601,0.003850157027673127,0.005474783224448818,0.010316211473331106,0.01948081501688233,0.019015541849312676,0.01628029409860173,0.002104990490732725,0.006062969534194984,0.00921483465765266,0.014196360304231496,0.01595562420368132,0.04283262268164827,0.011843370616823395,0.02620960367553583,0.02730899451457967,0.008419357359286688,0.015889807743498303,0.007962177834112797,0.013479489699483406,0.018739814314667848,0.019065175153657927,0.009607923042933137,0.002688319834043117,0.008389034625043177,0.010427538068942975,0.018261699669414863,0.02580689566482914,0.022222709773912427,0.05798230278611385,0.12214505686364849,0.051284164505706796,0.01055420286138841,0.19947119022956378,0.10724630947726713,0.12417933222507968,0.15533346072239704,0.0737445145723998,0.0,0.06823023107449097,0.1930521770525025,0.26999499386156844,0.0443136366578215,0.01678763418351113,0.0,0.0,0.0,0.0,0.0,0.0
Real estate & rental,0.0,0.0,0.0,0.0,0.0,0.0,0.0,0.0,0.0,0.0,0.0,0.0,0.0025825726914516685,0.0032386648248504306,0.0028036023472141577,0.0003574206776145214,0.0007865325964473561,0.000277945763179195,0.0011466195361185154,0.0,0.0009362548355022028,0.0006411014065104602,0.0006723847877217317,0.002042193944497062,0.0029964217759096082,0.003387612714469699,0.0010376114410477208,0.0009220085365682953,0.006344213958020548,0.005467586884665742,0.0005453367079241242,0.0019531274958327865,2.652708764689375e-05,0.000677878277408809,0.0016756345683185108,0.0008751905583594629,0.0008206467812009553,0.0003165535653229852,0.0005855768024650113,0.004742199567061393,0.0011688118183540612,0.0010019644634049244,0.001115208692629125,0.0016213399496518546,0.0011882619113378191,0.0010661220861532376,0.0018800148608166005,0.0011822743428080763,0.0012843764320151802,0.0014220398331734952,0.0005894858402666597,0.0002608937237912503,0.0012661989075560182,0.0005241817222425983,0.0007192020852420953,0.0007980806667805463,0.0018358310884197741,0.0010914013499651032,0.0005289214632832799,0.005209678540273486,0.0009014550681592686,0.0018117535965539505,0.0024660365277698534,0.0015516591876756061,0.0008707298292003377,0.002098983971483305,0.0,0.0,0.00802650248051931,0.0,0.009410947206156301,0.07134058224019622,0.010719551120156861,0.0,0.001802171977667485,0.0017457742654727708,0.014756484833083961,0.001034884473496861,0.0006541289166513154,0.0,0.1293905644645764,0.0,0.0,0.0,0.0
Hotels & personal services,0.0069322468149775026,0.06726021578209612,0.0005803150876718175,2.688858713918877e-05,0.03419073984199178,0.015686722254124007,0.025967133465922925,0.020233394664247898,0.024157982152783093,0.018280964592344903,0.07467122510389292,0.03242751360472679,0.029031569660887078,0.040464081042857175,0.08191814110285511,0.01267849419869587,0.012433788829444275,0.020948440838857902,0.011509121362537324,0.020227009689416448,0.014711539159402829,0.03394617682660917,0.029516522033428416,0.0244138669820592,0.028512159458588194,0.05986624634955013,0.03611473426234351,0.04312258487773945,0.24120272934484363,0.042455589382315445,0.02910175270751878,0.04219952934355456,0.011456909538442637,0.044581812052394844,0.049776380870756594,0.03978553692587449,0.023161581786258257,0.013977909458101687,0.029148435957272144,0.02603622945177229,0.029242001438481022,0.031140020989527076,0.025895200376280684,0.03821833560817666,0.02264581973777581,0.02552819055879874,0.03290045000315298,0.025282835693285308,0.030489418416279956,0.036146932221156634,0.038152279467730504,0.020057561576996206,0.02594862481744128,0.07699960282545033,0.03666265815092922,0.049245393646440726,0.04155001096206621,0.022384657301537485,0.017115298659735118,0.04132981388300239,0.020866014564837203,0.07565868148454742,0.07258098842511464,0.05523771334730324,0.0450827392134505,0.11390431387764009,0.0917296803545446,0.03120962953268854,0.17680481430971787,0.16621798667370263,0.07565860507590455,0.07449679966554056,0.07410470167385001,0.0,0.026103560010524683,0.0919318893784503,0.06635538292149261,0.0349809073846353,0.08286604257029458,0.0,0.0,0.0,0.0,0.0,0.0
Business services,0.0,0.0,0.0,0.0,0.0,0.0,0.0,0.0,0.0,0.0,0.0,0.0,0.0,0.0,0.0,0.0,0.0,0.0,0.0,0.0,0.0,0.0,0.0,0.0,0.0,0.0,0.0,0.0,0.0,0.0,0.0,0.0,0.0,0.0,0.0,0.0,0.0,0.0,0.0,0.0,0.0,0.0,0.0,0.0,0.0,0.0,0.0,0.0,0.0,0.0,0.0,0.0,0.0,0.0,0.0,0.0,0.0,0.0,0.0,0.0,0.0,0.0,0.0,0.0,0.0,0.0,0.0,0.0,0.0,0.0,0.0,0.0,0.0,0.0,0.0,0.0,0.0,0.0,0.0,0.0,0.0,0.0,0.0,0.0,0.0
Eating & drinking places,0.0038060355450406464,0.012917159059632557,0.005882955044230593,0.0007520401715491859,0.00109853134325855,0.002570052397279058,0.007046215770866219,0.007886286414996365,0.020930482837891663,0.0028440361513884013,0.005920620429805748,0.011678443846895656,0.0024162967379729268,0.0033458190228865072,0.00024457793267422247,0.0005390301412691768,0.0005398488821542428,0.0010225987937740148,0.0008122920255871989,0.004326892541337041,0.0026817531916128986,0.0022028945341316195,0.002661635632253227,0.0011431133350822144,0.0017579940127507012,0.004057941255255701,0.0014511370254698982,0.0009782639986963522,0.0010792081008280678,0.0014957891942915592,0.0005064993177465542,0.0014014543214794187,0.0006924966038346999,0.001319339456261504,0.0019517634526069283,0.005587289204751589,0.0013166351067680875,0.0007186096283391033,0.0008215462456640615,0.001824593017798271,0.0012637294919881023,0.0015092688418172071,0.001760066530787531,0.0013968392821978228,0.0016591672145625429,0.0019344878257472888,0.0017903637177265383,0.0017844436231652225,0.00190669265085988,0.0019305484309833398,0.001842996246817669,0.0012033234648075638,0.0019515910295008012,0.0007854807680735007,0.00148945863949829,0.0025396693489933195,0.0023079139398001964,0.0014684734901890982,0.013789060377399662,0.002743055231409305,0.0012540584781173551,0.001986898039084474,0.002259552382220266,0.0016097763864919758,0.039618696073118624,0.050365430781541744,0.0005337399175646547,0.0027929379609367487,0.03021649756903698,0.005121630643356426,0.005893564147404043,0.02283421901211405,0.009737781505314432,0.0,0.00829314489823135,0.005071925203890002,0.015113107064426878,0.005206782732509223,0.004517274295379565,0.0,0.0,0.0,0.0,0.0,0.0
Automobile repair & services,0.0,0.0,0.0,0.0,0.0,0.0,0.0,0.0,0.0,0.0,0.0,0.0,0.0,0.0,0.0,0.0,0.0,0.0,0.0,0.0,0.0,0.0,0.0,0.0,0.0,0.0,0.0,0.0,0.0,0.0,0.0,0.0,0.0,0.0,0.0,0.0,0.0,0.0,0.0,0.0,0.0,0.0,0.0,0.0,0.0,0.0,0.0,0.0,0.0,0.0,0.0,0.0,0.0,0.0,0.0,0.0,0.0,0.0,0.0,0.0,0.0,0.0,0.0,0.0,0.0,0.0009699556245301778,0.5941800763915257,0.0,0.0026914910729347354,3.299764607991924e-05,0.005693945741017295,0.0003608755345694403,0.0061864487504782505,0.0,0.0,0.3963860358398919,0.0030968717847384523,2.265225551744224e-06,6.39726692679986e-05,0.0,0.020875799418847103,0.0,0.0,0.0,0.0
Amusements,0.009041747893187506,0.001020768108100589,0.0,0.0,0.0008008377349709277,0.001150702902614491,0.0018420287119386258,0.0008911153347143092,0.00043380963634326216,0.005423303246842108,0.001432468811938877,0.002827723790858335,0.002040851989512965,0.0006280273337006298,0.00014365349100265156,0.00031880019304029875,0.000339978631811774,0.0008224671848118141,0.000564229267773222,0.0005779481678557903,0.0006858611004260322,0.0009875325543387443,0.0013015641272364445,0.000589675525564264,0.0009202546224263814,0.003382491156677624,0.0007285165564131643,0.0007117768565028806,0.0008964344516518707,0.0010947903890133966,0.000165029033339151,0.000985234984111557,0.00042722572736576245,0.0009858628823405165,0.0009128851092595219,0.0012482821735493792,0.0006282095230888002,0.0003794173335132772,0.0003558170814554098,0.0011116808087588998,0.0010043614303136882,0.0010291688522774862,0.001064765267656903,0.0008481673923424951,0.001076645948462755,0.0013500297124015746,0.0015096340789826572,0.0014833589829866493,0.0015167259373043585,0.0015299863951647077,0.0016067819742263982,0.0009454684366345143,0.0015146248982441984,0.0005894273021712842,0.0009905676868496452,0.0021586343063884927,0.002041632331459282,0.000901694248361727,0.0002733631590119592,0.0023482450981307393,0.0006411848504073599,0.0016531322146395144,0.0018791868509447102,0.0011007257414377494,0.003002417759733839,0.005983656247726667,0.0017640889187155314,0.0005248121159955765,0.0037254268105502792,0.023651326808950757,0.003430467652870991,0.00764081769343876,0.0027492486853932406,0.0,0.0013081515842893856,0.004970759686129967,0.031137158974354862,0.00023914309753414017,0.0025806775743975347,0.0,0.006672249115092961,0.0,0.0,0.0,0.0
"Medical, educational services & nonprofit orgs",0.0001967793906451558,0.0003295082872781578,0.00027150765686289815,0.00024955969938559577,0.0011928708670116699,0.0013868880314585159,0.0016322927694901684,0.000978409794663199,0.0011205824365900121,0.004771792873249995,0.0004556788593019226,0.0009141388267393515,0.002752820204328788,0.0009423904563976123,0.0033784784526317032,0.001082098349290082,0.0012204701665430482,0.004103008885026212,0.002108739816425304,0.0008833153376946293,0.0012555975700921014,0.002136868833016111,0.0027786503878139035,0.0012933614069287236,0.001404856790618997,0.021432528299882216,0.0030278906917369634,0.0008818637936412312,0.0034655758485336963,0.00232833909477384,0.0008326736454070992,0.0018613036683345257,0.0010987798935844938,0.006283510233724939,0.0026488757178596543,0.0017586585822074467,0.0011068319038666477,0.0007273542019668101,0.00047318083083599003,0.0016117860566461197,0.0018008605133280234,0.00176828527671653,0.0017280281392511197,0.00204856859051804,0.0018929904360599403,0.002250702181879057,0.002569113053890214,0.002460619967749468,0.002536142407147669,0.002531837544884805,0.002999396341303378,0.00166303470190396,0.0019429949744596878,0.0027365136436109058,0.001689236996509983,0.0033182058112460736,0.0027703367328338665,0.0013427827767810998,0.0013932209987969108,0.0026416622842093582,0.0016037664221177567,0.0034851265604481717,0.0036967907111114732,0.004053499565638124,0.0059379615914222,0.03129028346953127,0.002927720430170826,0.03293888070402991,0.03687752837346367,0.043108982777604575,0.014697045320195144,0.007517578698383295,0.036606945023132,0.0,0.0013439697523455268,0.007462161286204476,0.024961952947108484,0.0006698595560157919,0.0022219617168790715,0.0,0.0,0.0,0.0,0.0,0.0
Federal government enterprises,2.2509081288845986e-05,6.553178480519732e-05,0.00025762867120856473,3.8652344012583856e-05,0.000592242565783474,0.0009749632569817331,0.0005790535802381323,0.0005850227433913785,0.0025107703504982154,0.002528693230836968,0.0007162470230604592,0.0011366997129564835,0.00012338311197626384,0.00047005489859389083,2.8573413356366824e-05,0.0002396955007756712,0.00016500916016645674,7.914658836454546e-05,0.00017500600551268917,0.0003180111643531097,0.00019233141969618895,0.00014183298758146227,0.00021422701402646873,0.0006458981614234946,0.00011608075024527302,0.0006030336535180397,0.0007532001763629656,0.00043261242706928323,0.00022045313992944375,0.00018713277579647593,0.00014363859382596631,0.0003349835456447484,0.0005375225654765312,9.936665463168267e-05,0.00045493365362272043,0.0021063121327253233,0.0005718760924308765,0.0002584507316633335,9.314583284173033e-05,0.00016551652534056225,0.00024759532696011434,0.0002590164348993227,0.000346287295755254,0.00019256738285927728,0.0002452292323021485,0.00013314288679232354,0.00015119133453324045,0.00013744169070747077,0.00023574642788112536,0.00014630773691370967,0.0002446130022834046,0.0001645236627568783,0.0002704891986270381,0.00023406059984125687,0.00021531667366815816,0.00021652516354805795,0.00028476171996078854,0.0003193012533159708,0.00014410915363929986,0.0002555569040039582,0.0002023608985982084,0.0003007197032127852,0.0003522909325385505,0.00019255698403014066,0.06471212729354435,0.003595625500133369,0.0004022672172821846,0.2433374199210191,0.013956904431781164,0.0061166416632503105,0.028521438438306856,0.0017136174759029873,0.0008252587719376984,0.0,0.03461994896248959,0.0005858500486156516,0.0023389368148374087,0.0007141932560999288,0.0009264314303418016,0.0,0.0,0.0,0.0,0.0,0.0
State & local government enterprises,0.008791847070700675,0.03494291457879586,0.3711761225930803,8.318656646186526e-05,0.4431861182535448,0.23808804220437962,0.0020061698842895924,0.19600041511700267,0.1198246565858627,0.2603066561155702,0.0,0.0,0.00476587127805311,0.04515653736708378,0.019293607550721084,0.043223362970327354,0.15998185895269318,0.004892254045092414,0.0,0.09925535693702467,0.01741869461399447,0.00021601000982234196,0.0,0.1319486271985368,0.003251659570123612,0.0007741889685694762,0.04095512218092074,0.015529676869153757,0.011835859140191514,0.00842479394708216,0.04392210079927947,0.06012872495769806,0.07508282734077115,0.0027052701784541877,0.04421079950628759,0.02452673591069382,0.05046712979617746,0.10775160785989484,0.005216166639136898,0.0007466910917619349,0.016040351048233262,0.030748622634128173,0.016019195768205645,0.06347949907320899,0.008921129879430318,0.009789918146494377,0.02973872769832846,0.048847880088330416,0.01385944417514397,0.0,0.042990997611611244,0.0005643291862373135,0.015198971453360815,0.0,0.023473956948873945,0.036379920869055365,0.02191321235580263,0.03513094474136599,0.003663322208912215,0.008894573117540099,0.019238762696618224,0.013659201134803803,0.08677586779943144,0.1008921573524325,0.11573230666428024,0.018962632459564976,0.0,0.0066638786484893965,0.0007958852236508983,0.00956931736317658,0.0,0.0,0.0,0.0,0.0,0.035680917533777376,0.0,0.07882984920069898,0.0,0.0,0.03216793948372702,0.0,0.22114901306406337,0.0,1.0
Gross imports of goods & services,0.0008777541299037097,0.0025579910061444694,0.015214838023563049,0.01345773786316398,0.0034643569556006754,0.007706799109436548,0.009823849165205354,0.01250184048941845,0.011958056932244705,0.005667247770287557,0.009046706603628989,0.017747152825218826,0.012847465112498391,0.004694516274480647,0.009979985503580197,0.004357695266153639,0.0033718974459769307,0.008392292063880091,0.00636873270061508,0.005483523993008753,0.012483397806696037,0.01270913233262281,0.010646542529012908,0.007593667573492436,0.006044240751476008,0.03348140987672172,0.012138344994261807,0.00960489385545093,0.02054994435245358,0.02890883133035491,0.0020285067638899984,0.014754610405008799,0.0035504412571605685,0.011321035452565688,0.015041479688683544,0.014172232252760686,0.005888749522083552,0.004533089806673995,0.007599458015447305,0.014550875975320792,0.011393799815683121,0.014857811088892064,0.011379082338666248,0.01016059055287644,0.011988124713322139,0.0116656664633627,0.019336156078081587,0.014951265658699645,0.015318082736126034,0.02266877801815465,0.026993517230518883,0.009094381885901321,0.020438840071255567,0.01130902270356146,0.018244203514212288,0.018961110110817178,0.027167444091362312,0.015827661637476755,0.003986403914395538,0.020638391778198907,0.01324418300889101,0.02683592889961786,0.024105212728479687,0.015534097057122437,0.011835186140906364,0.04671015301049977,0.056200654812538574,0.007131870430381408,0.036969303888315916,0.030018420605947654,0.0038024817353194476,0.039316487302504095,0.04783351076124927,0.0,0.010952249651279722,0.05380667376609515,0.055708120084795726,0.01951006407352275,0.0034354328203238826,0.0,0.0,0.0,0.0,0.0,0.0
"Business travel, entertainment, gifts",3.3863662294552734e-05,5.676741113186418e-05,0.0003773349224771908,0.0003419892176765572,0.0003364776347194605,0.0005126672464955611,0.0009775518708902014,0.0009327019658487588,0.0009131082626867129,0.0006634101064431103,0.0004317820889088048,0.0008601147112053172,0.002697747914004619,0.000886918938842376,0.0004178534026609974,0.0008880640648608778,0.0005800221384523137,0.0015509533477496785,0.0009245600291236409,0.0007973067703591836,0.0012447108859583549,0.0017696518163181298,0.0023357945436919595,0.001014776440379988,0.0013814308560815473,0.005244475179084797,0.001258864617439867,0.0008612632018760272,0.00164758728472779,0.0019254307713753049,0.0005276507579355693,0.0015925866224549238,0.000787435654360425,0.0026927843160920915,0.0022294012379023864,0.0016395438349336097,0.0010871363811178246,0.0005886069670738626,0.0004663501364275965,0.0015303611709254134,0.0013122920226845882,0.0014834055143679405,0.0014846726971553998,0.0016900448952951144,0.0014994830632960275,0.0018826012595708687,0.0021018634521920085,0.0020662220726758566,0.0021125461599318714,0.002130383388719138,0.002874990157738642,0.0013170575008030838,0.001903739656438603,0.0007424060162759216,0.0012458400319201419,0.002713566601878398,0.0025670555050152505,0.001135119858976581,0.000543172454802234,0.0022244212303865587,0.00122220835258282,0.003060483902614733,0.002540298369590319,0.0024257511939700022,0.004102839326197594,0.027376512524552,0.0025352646084321096,0.001569368759660882,0.008282988929547432,0.038160985747920685,0.001973042500691668,0.0049799019392909915,0.0035686321806421275,0.0,0.001070490154734486,0.0029284473421436544,0.012984596404638674,0.001573684551161737,0.004136117763301124,0.0,0.0,0.0,0.0,0.0,0.0
Office supplies,0.0,0.0,0.0046936994609748945,0.0,0.0005503138885598652,0.005854256985091234,0.0007906133134904893,0.0,0.0052356718002656115,0.0030106324113023664,0.0009674785394637121,0.0,0.0,0.0,0.0,0.0,0.014802018888734688,0.0,0.0,0.0,0.0,0.0,0.0,0.028872911922003915,0.0,0.0,0.0034999774149874143,0.0,0.0005963107466969052,0.0015250684721372664,0.0010395873103069833,0.000639845955032612,0.0,0.0,0.010296740472044591,0.0004724212010521668,0.04664965745320937,0.05925974075059728,0.0,0.00241127887561122,0.0,0.002257964276422646,0.0,0.004581458664056524,0.000745056920067491,0.0,0.003942750907337946,0.006717635010030026,0.0021906753795466537,0.005828222227178446,0.0,0.0,0.0,0.0,0.0,0.0,0.0,0.0,0.0015333498256279241,0.0,0.00023453274257248638,0.0,0.0,0.0030459013837494976,0.0,0.0,0.0,0.0,0.00023264098158514346,0.0,0.0,0.0,0.0,0.0,0.005434224327159092,0.0,0.0,0.0,0.0,0.0,0.0,0.0,0.0,0.0,0.0
"Scrap, used & secondhand goods",0.0,0.0,0.0,0.0,0.0,0.0,0.0,0.0,0.0,0.0,0.0,0.0,0.0,0.0,0.0,0.0,0.0,0.0,0.0,0.0,0.0,0.0,0.0,0.0,0.0,0.0,0.0,0.0,0.0,0.0,0.0,0.0,0.0,0.0,0.0,0.0,0.0,0.0,0.0,0.0,0.0,0.0,0.0,0.0,0.0,0.0,0.0,0.0,0.0,0.0,0.0,0.0,0.0,0.0,0.0,0.0,0.0,0.0,0.0,0.0,0.0,0.0,0.0,0.0,0.0,0.0,0.0,0.0,0.0,0.0,0.0,0.0,0.0,0.0,0.0,0.0,0.0,0.0,0.0,0.0,0.0,0.0,0.0,0.0,0.0
Government industry,0.0,0.0,0.0,0.0,0.0,0.0,0.0,0.0,0.0,0.0,0.0,0.0,0.0,0.0,0.0,0.0,0.0,0.0,0.0,0.0,0.0,0.0,0.0,0.0,0.0,0.0,0.0,0.0,0.0,0.0,0.0,0.0,0.0,0.0,0.0,0.0,0.0,0.0,0.0,0.0,0.0,0.0,0.0,0.0,0.0,0.0,0.0,0.0,0.0,0.0,0.0,0.0,0.0,0.0,0.0,0.0,0.0,0.0,0.0,0.0,0.0,0.0,0.0,0.0,0.0,0.0,0.0,0.0,0.0,0.0,0.0,0.0,0.0,0.0,0.0,0.0,0.0,0.0,0.0,0.0,0.0,0.0,0.0,0.0,0.0
