,Dairy farm products,Poultry & eggs,Meat animals & misc livestock,"Cotton, food grains, tobacco, fruits, vegetables",Coal mining,Crude petroleum & natural gas,Stone & clay mining,Chemical & fertilizer mineral mining,New construction,Maintenance & repair construction,Ordnance & accessories,Meat products,Dairy products,Canned & frozen foods,Grain mill products,Bakery products,Sugar,Confectionery products,Alcoholic beverages,Soft drinks & flavorings,Tobacco manufactures,Fabrics & yarn,"Floor covering, misc textiles",Lumber & wood products,Wooden containers,Household furniture,Other furniture & fixtures,Paper & paperboard,Paper containers & products,Printing & publishing,Basic chemicals,Synthetic materials,"Drugs, cleaning & toilet items",Paints & allied products,Petroleum refining,Rubber & plastic products,Leather tanning & finishing,Footwear & leather products,Glass & glass products,Stone & clay products,Primary iron & steel,Primary nonferrous metals,Metal containers,"Heating, plumbing, structural metal",Screw machine products,Other fabricated metal products,Engines & turbines,Farm machinery,Construction & mining machinery,Materials handling equipment,Metalworking machinery,Special industry machinery,General industrial machinery,Machine shop products,Office & computing machines,Service industry machines,Electric industrial equipment,Household appliances,Electric lighting & wiring,"Radio, TV, communication equipment",Electronic components,Misc electrical machinery,Motor vehicles & equipment,Aircraft & parts,Transportation & warehousing,Communications except radio & TV,Radio & TV broadcasting,"Electric, gas, water & sanitary services",Wholesale trade,Retail trade,Finance & insurance,Real estate & rental,Hotels & personal services,Business services,Eating & drinking places,Automobile repair & services,Amusements,"Medical, educational services & nonprofit orgs",Federal government enterprises,State & local government enterprises,Gross imports of goods & services,"Business travel, entertainment, gifts",Office supplies,"Scrap, used & secondhand goods",Government industry
Dairy farm products,0.20960924624719804,0.1936546401800429,3.549079510738095e-05,0.11306401750668658,0.0,0.0,0.0,0.0,0.0,0.0,0.0,0.0,0.0,0.4090674903690374,0.0,0.059457199199263226,0.06852264887710062,0.0,0.0,0.0022122381231370813,0.0,0.0,0.0,0.0,0.0,0.0,0.00023315752158186828,0.0,0.0013984377797187804,0.0,0.0,0.005319452325808441,0.06740484450050943,0.0,0.0,0.0,0.0,0.0,0.0,0.0,0.0,0.0,0.0,0.0,0.0,0.0,0.0,0.0,0.0,0.0,0.0,0.0,0.0,0.0,0.0,0.0,0.0,0.0,0.0,0.0,0.0,0.0,0.0,0.0,2.0148033706573568e-05,0.0,0.0,0.0,0.0,0.0,0.05444474714804454,0.0,0.0,0.0,0.0,0.0,0.030952474258235184,0.0,0.0,0.0,0.003488637266793485,0.0,0.0,0.0,0.0
Poultry & eggs,0.40008696565544627,0.054683364755572984,0.6811521163870938,0.6806502483587481,0.0,0.0,0.0,0.0,0.0,0.0,0.004192884649776053,0.0067002565214589645,0.0,0.11666809425233049,0.3593654775490213,0.1938143380009166,0.088004266548784,0.0026727109696159787,0.0004511849188090505,0.06900407266415286,0.0,0.0,0.0,0.001437758452276962,0.0,0.0,0.010552307963513164,0.0,0.007511763280579326,0.0,0.0,0.0,0.002146911843190529,0.0,0.0,0.0,0.0,0.0,0.0,0.0,0.0,0.0,0.0,0.0,0.0,0.0,0.0,0.0,0.0,0.0,0.0,0.0,0.0,0.0,0.0,0.0,0.0,0.0,0.0,0.0,0.0,0.0026812578643369434,0.0,0.003999868398696065,0.0003798029756388536,0.0,0.0,0.0,0.00043642447900777375,0.0,0.08278168382675356,0.0,0.0,0.0,0.0,0.0,0.0033992907135429644,0.015799941486907696,0.0,0.0,0.014018850223436533,0.0,0.0,0.0,0.0
Meat animals & misc livestock,0.0,0.0,0.005809133343176114,0.0,0.0,0.0,0.0,0.0,0.0,0.0,0.0,0.0,0.0,0.005041628922019875,0.0,0.0,0.0026406387097206315,0.017935603397724896,0.0030287462866587745,0.10746197723144298,0.0,0.0,0.0,0.0,0.0,0.0,0.005078767868011226,0.0,0.00010449773227431196,0.0,0.0,0.0,0.0011826209305710544,0.0,0.0,0.00015527546095119008,0.0,8.24595068848191e-06,0.0,0.0,0.0,0.0,0.0,0.0,0.0,0.0,0.0,0.0,0.0,0.0,0.0,0.0,0.0,0.0,0.0,0.0,0.0,0.0,0.0,0.0,0.0,7.24906164924207e-05,0.0,0.002863680428767865,2.315769849261775e-05,0.0,0.0,0.0,0.0,0.0,0.00025737996506864253,0.0,0.0,0.0,0.0,0.0,0.001294697949408439,0.0,0.0,0.0,0.003584090536028018,0.0,0.0,0.0,0.0
"Cotton, food grains, tobacco, fruits, vegetables",0.027910043141875875,0.11646890045788894,0.07758429773653905,0.0,0.0,0.0,0.0,0.0,0.0,0.0,0.0,0.0,0.0,0.0,0.0,0.0,0.0,0.0,0.0,0.0,0.0,0.0,0.0,0.0,0.0,0.0,0.0,0.0,0.0,0.0,0.0,0.0,0.0,0.0,0.0,0.0,0.0,0.0,0.0,0.0,0.0,0.0,0.0,0.0,0.0,0.0,0.0,0.0,0.0,0.0,0.0,0.0,0.0,0.0,0.0,0.0,0.0,0.0,0.0,0.0,0.0,0.0,0.0,0.0,0.0,0.0,0.0,0.0,0.0,0.0,0.00020306402429443398,0.0,0.0,0.0,0.0,0.0,0.0,0.0,0.00034922078991951805,0.0,0.0,0.0,0.0,0.0,0.0
Coal mining,0.0,0.0,0.0,0.0,0.15868835016273053,9.44058254688036e-06,0.0,0.0,0.0,0.0,0.0,0.0,0.0,0.0,0.0,0.0,0.0,0.0,0.0,0.0,0.0,0.0,0.0,0.0,0.0,0.0,0.0025845485532524316,0.0,0.00011698750107203849,0.0,0.0,0.0,0.0,0.0,0.0,0.002412706647662168,0.09065072273634558,0.0017224874771495544,0.0,0.0,0.0,3.869030730421415e-06,0.0,0.0,0.0,0.0,4.941029560832309e-05,7.62391240124651e-06,0.0,0.0,0.0,0.0,0.0002721061849198459,0.0,0.0004849422918672678,0.0,2.612210779287781e-05,0.0036642374507522405,0.0,0.0,0.0,0.0005727653648783858,0.0,4.506893970361764e-07,0.0,0.0,0.0,0.0,0.0,0.0,0.00027437309511085925,0.0,0.0,0.0,0.0,0.0,0.0,0.0,0.0,0.0,0.0,0.0,0.0,0.0,0.0
Crude petroleum & natural gas,0.0,0.0,0.0,0.0,1.5647166819661188e-05,0.43065105404104137,0.0,0.0,0.0,0.04222760392982159,0.0,0.0,0.0,0.0,0.0,0.0,0.0,0.0,0.0,0.0,0.0,0.0,0.0,0.0,0.0,0.0,0.008012538007120826,0.0,0.00022231788459953222,0.0,9.540582955628902e-05,0.0,0.0,0.0,0.0,0.003596910383681097,0.0034538689175744766,0.12706863416271716,0.0,0.0,0.0,7.308169157462673e-06,0.0,0.0,0.0,0.0,9.432874616134408e-05,1.3977172735618601e-05,0.0,0.0,0.0,0.0,0.0005168551950542136,0.0,0.0009258898191115257,0.0,4.571368863753616e-05,0.005621389348194419,0.0,0.0,0.0,0.0010909390309168006,0.0,1.3520681911085291e-06,0.0,0.0,0.0,0.0,0.0,0.0,0.00034917390497705503,0.0,0.0,0.0,0.0,0.0,0.0,0.0,0.0,0.0,0.0,0.0,0.0,0.0,0.0
Stone & clay mining,0.00033254272256625744,0.00030279379280429426,0.00010363312171355238,0.0,0.015010848702328298,0.006885331537524742,0.41880956091062693,0.0,0.012099707090762546,0.0060174071214797115,4.994655327718946e-05,0.0004186302782204376,0.004625424171234665,0.0020592171073636227,0.000857276705644618,0.003953246868150764,0.00514564537411002,0.0009756223809228166,0.0013301020750039088,0.0009982252717878985,0.0006171253290492021,0.0024418616692613317,0.0022545331790123457,0.019285757316270285,0.001549878768340609,0.0004640971573723505,0.02367140745048941,0.015563247630966672,0.00270236964220143,0.0011750565585531042,0.002342800948689767,0.0060222178831352505,0.00808275920624909,0.0008752691254236858,0.006386211890225131,0.03545075781275332,0.05189837245597396,0.00279867566367076,0.00039091012872359196,0.0009780673840776122,0.0013979653948919617,0.0022552150235323047,0.0019285008316659836,0.0016967912305519894,0.0012891875425661901,0.0010900222318080764,0.0015631620792451305,0.0015120759595805577,0.0014524544553032985,0.0009159453728911863,0.0029377506387299793,0.0013346762921911674,0.0024645883355846007,0.0011905277587197075,0.0009638852976495797,0.0015135734086331799,0.0009077432458025038,0.0013957784718394675,0.00138572291952262,0.0008782880960453104,0.0014952814295516143,0.0010381372238420742,0.002378710540661083,0.0019253451041385456,0.04239522499961334,0.0002458215218693361,0.0,0.08654107946730362,0.004307966455464178,0.00027688628950725796,0.006275275826046527,0.0017951986687517972,5.447756432309294e-05,0.0,0.0010512538014088354,0.0008044567439323113,0.007320601274191788,0.009262228673665733,0.02055030032987933,0.0,0.0,0.0,0.0,0.0,0.0
Chemical & fertilizer mineral mining,0.0,0.0,0.0,0.0,0.0,0.0,0.0,0.05922888431523982,0.0,0.0,0.0009132844590852529,0.0,0.0,0.0,0.0,0.0,0.0,0.0,0.0,0.0,0.0,0.0,0.0,0.0,0.0,0.0,0.011656331989546513,0.0,0.0,0.0,0.6401143330144122,0.0,0.0,0.0,0.0,0.0,0.0,6.596760550785528e-06,0.0,0.0,0.0,0.0,0.0,0.0,0.0,0.0,0.0,0.0,0.0,0.0,0.0,0.0,0.0,0.0,0.0,0.0,0.0,0.0,0.0,0.0,0.0,0.0,0.0,0.0,0.0008295806575532345,0.0,0.0,0.07469727493954528,0.0,0.0,0.006057546497743056,0.0,0.0,0.0,0.0,0.0,0.0,0.0,0.0,0.0,0.0,0.0,0.0,0.0,0.0
New construction,9.43351079647728e-05,0.003820074997322625,0.0,0.0,0.0,0.0,0.0010797730460049314,0.0,0.04473254831036584,0.0,0.011699058272822489,0.01396235513198583,0.0,7.435867679287825e-05,0.0,0.0,0.0,0.0,0.0,2.3739007652506508e-07,0.0,0.0,0.0,0.004183376865912485,0.000602120471902229,1.7365656028899925e-06,0.0035032818336578064,2.9817914773584053e-05,0.0008792797233599476,0.0033514189345317954,0.0012028209329337594,0.0017323504052351038,0.0,0.0,0.020930667855410055,0.14395816331050937,0.004120105604233606,0.00042365862203933724,0.0,0.00026814068663399444,1.9007007408456313e-06,0.00026954247421935855,8.388978617747029e-05,0.00010965657612410816,0.0007781127595906465,6.636360619836082e-06,0.00043945217457705535,0.00022998802410426972,0.0005367131662339089,0.0,0.0,4.437088737337658e-06,3.273090554691145e-05,1.723377428506619e-05,0.0,0.0010447789143210261,0.0013627032898617924,1.5310184334619387e-05,1.4710434389836731e-06,7.977185250184473e-07,0.0,0.0006040884707701725,0.0,0.017512437900634704,0.00034209856401368893,0.0,0.0,0.0,0.0,0.0,0.0004065936137955041,0.0021330064686030546,0.0,0.0,0.0,0.0,1.4788097651724033e-06,0.0,1.0745255074446709e-05,0.0,0.0,0.0,0.0,0.0,0.0
Maintenance & repair construction,0.0,0.0004598728882444355,0.0,0.0,0.0,0.0,0.0,0.0,0.0,0.28380164764855803,0.0006909273203344542,0.0,0.0,1.933209138233013e-05,0.0,0.0,0.0,0.0,0.0,0.0,0.0,0.0,0.0,0.0023403243643311117,0.0,0.0,0.046890396663737184,3.4077616884096062e-06,2.497953759545306e-06,0.0,0.00021161990983368798,0.000614087202048012,0.0,0.0,0.002616795269326726,0.0010202511169557606,0.0008228773668782076,0.002118109866848053,0.0,0.0,0.0,0.0,0.0,0.0,0.0,0.0,0.0,0.0,5.840186792534373e-07,0.0,0.0,0.0,1.1724503479490668e-05,0.0,0.0,0.0,0.0,0.0,0.0,0.0,0.0,0.0,0.0,0.0,0.0,0.0,0.0,0.0,0.0,0.0,0.00013563466353330936,0.0,0.0,0.0,0.0,0.0,0.0,0.0,0.0,0.0,0.0,0.0,0.0,0.0,0.0
Ordnance & accessories,0.0,0.0,0.0,0.0,0.0,0.0,0.0,0.0,0.0,0.0,0.0,0.0,0.0,0.0,0.0,0.0,0.0,0.0,0.0,0.0,0.0,0.0,0.0,0.0,0.0,0.0,0.0,0.0,0.0,0.0,0.0,0.0,0.0,0.0,0.0,0.0,0.0,0.0,0.0,0.0,0.0,0.0,0.0,0.0,0.0,0.0,0.0,0.0,0.0,0.0,0.0,0.0,0.0,0.0,0.0,0.0,0.0,0.0,0.0,0.0,0.0,0.0,0.0,0.0,0.0,0.0,0.0,0.0,0.0,0.0,0.0,0.0,0.0,0.0,0.0,0.0,0.0,0.0,0.0,0.0,0.0,0.0,0.0,0.0,0.0
Meat products,0.032507541839607995,0.04827471101684011,0.00021578403425287618,0.0005710514432595783,0.004297755153133606,0.003854904539976147,0.004827508241900938,0.007166651483492796,0.005707470823749894,0.0057318711069279495,0.000542372638942903,0.00026788862494216863,0.01078569564082485,0.004183010387447138,0.0008461304693188371,0.0051906441326899,0.007933637417030027,0.0028150558743735695,0.001942105380715195,0.004020438336028502,0.0037391724855177885,0.0043914848962881906,0.003490306712962963,0.011786338228776254,0.0047962901109465115,0.004247205323268199,0.005325307498999558,0.010437122111176521,0.0029700670200993686,0.003291412235276416,0.0024272824466174733,0.00782118113740607,0.01753311338605599,0.0064156433598276325,0.016992544904206822,0.012148021356769576,0.008811641413830023,0.005341543612649948,0.006127429783200551,0.003537518697159324,0.005342394607331858,0.005065421010728393,0.004646722753899188,0.007731750516540187,0.004407248622454303,0.003922089126323124,0.005739829339833532,0.0032128437510919668,0.004323490282513196,0.005349881624360978,0.007450265945171039,0.003357101338669672,0.0029374766425907246,0.0037439210190097845,0.0031616237667717543,0.007141690230154851,0.006676375383396353,0.00600924735133811,0.003966784768227816,0.007977185250184472,0.00774062849168506,0.005391153996917806,0.008492176835504057,0.007392658179584401,0.17014303849904672,0.2853305031342244,0.0036761984653721842,0.0694896991917844,0.020099921801126727,0.01262149962942389,0.44093191877035537,0.019643999346984218,0.0019883477987648755,0.0,0.008832517058060195,0.02053195037010814,0.06833653865349934,0.0437554152741676,0.7062229353887812,0.0,0.0,0.0,0.0,0.0,0.0
Dairy products,0.0,0.0,0.02041430534576552,3.890374795929001e-05,0.0,0.0,1.58880018087879e-05,0.00010038302215563546,7.535696265571042e-05,5.2877039731807656e-05,4.0393017918800874e-05,0.0,0.008300704776820673,3.3772930728167097e-06,2.294813361190182e-05,4.6492211920518605e-06,1.3395757563579615e-05,2.849806060519703e-05,2.791985883719372e-05,7.572743441149575e-05,3.237378775340076e-05,4.832635477757795e-05,1.3563368055555555e-05,3.5231267723210255e-05,2.5196028330672674e-05,3.45142413574386e-05,4.606533814917706e-05,4.1745080683017675e-05,3.871828327295224e-05,5.194609786286588e-05,2.9651757277581647e-05,6.99434914875024e-05,6.974431129008781e-05,5.6588396628600834e-05,8.373744861845524e-05,7.444088275012935e-05,5.808125621357747e-06,3.591569633205454e-05,2.853989877849233e-05,3.580593506257154e-05,3.7538839631701214e-05,1.676579983182613e-05,1.7356507484993852e-05,1.9237995811247046e-05,3.366024915316423e-05,2.986362278926237e-05,4.192388718281959e-05,3.430760580560929e-05,2.160869113237718e-05,5.070977842996187e-05,2.986622645658944e-05,9.761595222142848e-06,3.273090554691145e-05,5.309865590533907e-05,2.4997025353982875e-05,5.2949240404403054e-05,4.136000400538986e-05,7.144752689489048e-05,0.0,5.344714117623596e-05,2.2828724115291822e-05,5.369675295734867e-05,4.2798769197500554e-05,0.0,1.9646422908899538e-05,7.901406060085803e-05,0.0,9.814873813111848e-07,8.810997183842322e-06,4.156614322099364e-05,0.0,0.0,8.329902801696168e-07,0.0,0.0,0.0,3.943492707126409e-06,5.907571819194545e-05,1.790875845741118e-06,0.0,0.0015058851533422822,0.0,0.0,0.0,0.0
Canned & frozen foods,0.14166205311418234,0.0008203554475531103,0.01878456803443459,1.5283615269721076e-05,0.0,0.0,0.00039170035228588626,0.0,0.0,0.0,0.00014665514804543885,0.0006120893068273226,0.0,0.18465067464049442,0.005563938909445681,0.006644159739914114,0.035698856672091946,0.0,0.04487168032878426,0.00019655898336275388,0.0,0.0,0.03589319299768518,0.012187329222480883,0.001949138909580499,8.205272473655215e-05,0.057250980175176956,0.017012398288962855,0.16010343193867024,0.10164149669246657,0.0014342086809525018,0.0003896851668589419,0.3527758235893455,0.0015654360188846585,0.0,0.0008668024261334081,0.000650063290698117,9.198816101373152e-05,0.0,0.0,0.00015633263593455317,5.674578404618075e-05,0.0,0.0,0.0,0.0,0.0,4.510814837404185e-05,1.2848410943575619e-05,0.0,2.986622645658944e-05,8.874177474675316e-07,6.839293696369556e-05,2.3288884169008365e-05,0.0,0.0,0.0,0.00012120562598240349,0.0,0.0,0.0,0.004210720377738758,0.0,0.008780781522455825,0.01570351123378282,0.0,0.0,0.00018687519740164955,0.005281301525871176,0.0,0.004139650629005752,0.0005129563862177986,6.663922241356935e-07,0.0,0.0,0.000108927550232788,0.05380304274967916,0.0,0.00014058375389067778,0.0,0.2781376468093247,0.0,0.04954128740589724,0.0,0.0
Grain mill products,0.0,0.0,0.0,0.0,0.0,0.0,0.0,0.0,0.0,0.0,0.0,0.0,0.0,0.0,0.42081205576921,0.0,0.0,0.0,0.0,0.0,0.0,0.0,0.0,0.0,0.0,0.0,0.0001569824372681453,0.0,0.0,0.0,0.0,0.0,0.0,0.0,0.0,0.0,0.0,0.0,0.0,0.0,0.0,0.0,0.0,0.0,0.0,0.0,0.0,0.0,0.0,0.0,0.0,0.0,0.0,0.0,0.0,0.0,0.0,0.0,0.0,0.0,0.0,0.0,0.0,0.0,4.4141750195314706e-05,0.0,0.0,3.749281796608726e-05,2.54653097798911e-07,0.0,0.0003452941949217544,0.0,0.0,0.0,0.0,0.0,0.0,0.0,0.0,0.0,0.023665421514048605,0.0,0.0064188675108440086,0.0,0.0
Bakery products,1.888231091353232e-05,0.002050310768133149,0.0,0.0,5.215722273220396e-06,3.1468608489601196e-06,3.483138858080424e-05,4.061740780863862e-06,5.897501425229511e-05,2.115081589272306e-05,0.00013592837150268674,3.2870658303714744e-05,0.0,0.001876988854408797,0.0,0.453802872739686,0.235102243119604,0.3949024239490722,0.5052254807799692,6.86057321157438e-05,0.0,0.07438668677963528,0.03483525028935185,0.008623592362936921,0.003444103257200411,0.0003870370587441071,0.002264922017044175,0.0,0.00010033447600840312,8.150163630208268e-05,0.0001452415900333473,0.16158403689685708,0.000661054776575615,0.028289438542621375,0.001988764404688312,0.011257014226429071,6.0672573798490924e-05,0.0018560718783029613,0.0,3.5536717505710106e-05,0.0001948218259366772,0.0005979801940017987,1.9285008316659836e-05,0.0007400215722059697,1.6830124576582115e-06,2.6545442479344327e-05,1.0480971795704898e-05,0.0058068799456160915,0.000223095135474813,0.0,0.0013575557480267927,0.0008022256437106485,0.001129460501857601,0.0003013581611469682,0.0006079276566088635,0.0015917058243518723,0.0007009432257755545,0.0024049747892297955,0.006300943589200436,0.00038689348463394693,0.0006641467700948787,0.024153694426098053,0.003077006248620303,0.013428741274089911,0.0001867664203339641,0.00018339065917236187,0.0,0.00045619533483343865,0.00015187510752727055,0.0,0.0015897499922599785,0.005418306268564933,0.00014910526015036142,0.0,0.0006991096708876492,0.00020937303712777693,0.00041480613913085916,0.0,0.0001880419638028174,0.0,0.0,0.0,0.003872918531268868,0.0,0.0
Sugar,1.337815550553909e-05,0.0014289285953681026,0.02576915651156716,0.0361971586369794,0.0,0.0,1.8332309779370653e-06,0.003551121939840977,0.0049997706527223525,0.0,0.00042348419892740055,0.0007188103428177973,0.0193265465935787,0.0015421710066726576,0.0,0.0205505438673039,0.09465274847455811,0.04683830738386204,0.0677302271559715,0.0035881510066763586,0.0,0.07023269139825404,0.04383981963734568,0.008648872814585637,0.002942766898620873,0.004818101265218284,0.0023374942257484654,0.007721987985936167,1.3738745677499182e-05,0.0016989956490664928,1.3733445475932552e-05,0.013037799877515624,8.945466013293872e-05,0.017719043370510675,0.0030859712682036592,0.0020158408371722144,0.00016101911337979477,0.0012918656078621659,0.0,1.642227096854785e-05,0.0004328845937275925,0.000672781454789946,0.0002458838560374129,7.118058450161407e-05,3.422125330571697e-05,4.977270464877061e-06,0.0005060812095640365,0.0006061010358990976,0.00016878139830424336,0.0,0.0005511676336988779,0.00024581471604850626,0.0052916592370767885,0.00017047463211714123,0.0011278657839717075,0.003559222111086215,0.00449082569805891,0.00016330863290260682,0.005408717031787391,0.0005241010709371198,0.0010687224919158837,0.007218633489232906,0.001687172533101469,0.007835685856870963,0.0010419292285685743,1.0730304526042448e-05,0.0,4.122247001506976e-05,0.0011877020481341212,0.0001843252613122657,0.00037291773051549473,0.0031461325021358314,5.797612349980533e-05,0.0,0.0,0.00015892708148718249,0.0001237270836860911,8.861357728791817e-05,0.0006814282593044955,0.0,0.0,0.0,0.0030744461006566126,0.0,0.0
Confectionery products,0.0,0.0,0.0,0.0,0.0,0.0,0.0,0.0,0.0,0.0,0.0,0.0,0.0,0.0001664190276225889,0.0,3.663022757374193e-06,3.3489393908949036e-06,0.23132995359905062,0.03879966942887137,0.0,0.0,0.0030328239505414277,0.0,1.6136458499180269e-06,0.0,0.0,0.0,0.0,0.0,0.0,0.0,4.163303064732285e-06,0.0,0.0004696308056653976,0.0,0.0,1.7871155758023836e-06,3.1151369267598325e-06,0.0,2.1806622105776654e-05,7.222662815213398e-05,5.4596322529279967e-05,4.821252079164959e-06,0.0,2.805020762763686e-06,0.0,0.0,0.0,1.4016448302082494e-05,0.0,3.8011560944750196e-05,0.00013045040887772714,4.494393000471423e-05,6.148265420618208e-05,7.99904811327452e-06,1.0331559103298157e-05,1.3061053896438904e-05,0.00013651581031702288,0.0017156237665494323,0.0,0.0,0.0008600429932002012,0.0,4.506893970361764e-07,7.030911347397664e-05,0.00046237857684946554,0.0,1.2563038480783164e-05,0.00023662365847474813,0.0,0.0018036772047092542,0.0001611723833797373,0.0,0.0,0.0,3.883892159939572e-05,0.001438635433218553,0.0,0.000318775900541919,0.0,0.0011033040010895252,0.0,0.009277333363875994,0.0,0.0
Alcoholic beverages,3.378939847684731e-05,0.0006069359040243837,0.0,0.0,3.651005591254277e-05,3.461546933856132e-05,2.260984872789047e-05,3.713591571075531e-05,0.00048490567274109313,0.0002326589748199537,4.799115130325027e-05,4.3875812625663296e-05,0.0,0.0007636467241974955,0.0,0.001957885663816506,0.002923624088251251,0.007809631791971136,0.011825735409081772,7.88135054063216e-05,0.0,0.003618953596343766,0.0004943094135802469,0.0020560537537705524,0.0012514027404234096,7.163333111921219e-06,0.0015898975367911502,0.0,0.0011794505001319752,0.0017222818308670878,1.2484950432665957e-06,4.163303064732285e-07,0.0007429285333074572,0.0015770710163223148,0.002948050764596792,0.0015367703708845724,2.7700291424936946e-06,0.0012438558505203378,0.0,0.0019429431078690138,4.751751852114078e-06,1.977504595548723e-05,0.0,5.258385521740859e-05,5.610041525527372e-07,0.0,0.0,0.00019631574433209763,2.3944765849390927e-05,0.0016575758824293788,0.0,1.153643071707791e-05,9.770419566242223e-07,2.4686217219148864e-05,0.0,0.0,0.0,3.827546083654847e-06,5.187363705889795e-05,0.005805795425084259,0.0030839915263158116,0.0003866166212929104,0.0011780924363311994,0.003500504546779982,0.0006260102754971904,0.00048091273921262975,0.0,2.0807532483797116e-05,0.001472353280853744,0.0018755228137702657,0.00020050341565793558,0.0035505502906901538,8.496500857730091e-06,0.0,0.006111167931753087,8.928487723999016e-07,0.0004120949878947097,0.0013418627417884751,0.00015491076065660673,0.0,0.0,0.0,0.0019487308706131058,0.0,0.0
Soft drinks & flavorings,0.0,0.0016788490445815705,0.0015374612440517427,0.0010601271318906526,0.032254026537594925,0.06830890844837732,0.044050096091857095,0.002741094778400127,0.002060849109149646,0.0015440095601687836,0.13147999961785858,0.10087628541288515,0.014669799008091882,0.00023626494211989309,0.0006218944208825393,0.0022293720043342013,0.001178826665595006,0.0007727917965133786,0.004298541466574345,0.32786204597960916,0.5958031430901185,0.2342364608539267,0.13825593171296297,0.08207459992340561,0.0010459582017271554,0.001127682288376689,0.0061835639388180255,0.0024629597602980426,0.0010566344402876643,0.0014150833555746224,0.0009641502971626286,0.0023456049466701696,0.0020559410023773712,0.02230058804334777,0.018347121278917126,0.008764843078162471,0.002522781702581435,0.007542296229731453,0.0014944528814919622,0.011344020193470505,0.003930649132068765,0.01901112733238069,0.0028030759588265073,0.00764261446928141,0.003344706757519419,0.003940339118027674,0.004075600746844104,0.013555316249416294,0.003992351691376497,0.0013026074334196456,0.005465519441555868,0.00818642872038798,0.004352721916760911,0.006305232499917325,0.0068381862558355554,0.007946906117768151,0.007608063894675662,0.014135127686937352,0.00309391404553824,0.004380272420876294,0.018818055491555276,0.006572482561979477,0.004419536061341899,0.03679923995740084,0.0013880406789636554,0.002229952376957549,0.0,0.0003223204560225931,0.00039781906938145885,0.001126801039073901,0.0016023202528391524,8.028882566887282e-05,0.00018142528302094254,0.0,0.0,0.0018611432660675948,0.00033347160204637695,0.0017300746041926881,5.730802706371578e-05,0.0,0.0005042249054753034,0.0,0.009411502911642809,0.0,0.0
Tobacco manufactures,4.670887436505363e-05,0.01550835841847643,0.0009341177272262666,0.00019451873979645004,0.0,0.0,7.944000904393949e-05,0.0005013348620951968,0.0003767848132785521,0.00028553601455176135,0.0,0.0,0.011913338553902376,0.0035862194098040603,0.006856574492756094,0.0007373946581575588,0.00032819606030770057,0.00014132711687883423,0.00015411762078130933,0.004915161534451472,0.0417925366279058,0.002762196363786991,6.028163580246913e-05,0.0016585589927407452,0.0034273059049799628,0.00018125403480164295,0.008199887538811334,0.00021042928425929317,0.0009579652667856248,0.0002588348669373835,0.0007701133591882785,0.0003780279182776915,0.0003426568337295619,0.00028029766554353683,0.003977528809376624,0.0017664867145858918,0.0013673221270464038,0.0012266309757488422,0.00014529403014505187,0.004901913275333103,0.004889077480640175,0.0018519760429617173,0.0010548899549212931,0.0015319857331023063,0.0004465593054319788,0.00034177257192155824,0.0010099164966004218,0.0021092824310115343,0.001577434452663534,0.00023770208639044626,0.0054030718771466354,0.007307885150395123,0.0010293137013036183,0.009928517098931645,0.0011098679257168396,0.0007154604679033974,0.0008685600841131871,0.0004312368587584461,0.0007322699392582937,0.0005057535448616955,0.0001141436205764591,0.0012278657509580395,0.0017389815694984435,0.019810052446725134,0.0001286631696033889,0.0003931193385450097,0.0,2.8659431534286594e-05,0.001554198786486314,0.00020623712594953074,0.00010638164971634276,0.0,4.664745568949854e-06,0.0,0.0,0.0,2.9083258715057267e-05,0.0002967851556785831,8.058941305835032e-06,0.0,0.0,0.0,0.001315516053713633,0.0,0.0
Fabrics & yarn,0.0,0.0,0.0,0.00013616311785751502,0.0,0.0,5.621908332340333e-05,0.00035105045320323383,0.00026211117445464494,0.0002009327509808691,0.007681042428144424,0.00120086506305157,0.00015661707126076742,1.1762296563947851e-05,7.966280668131632e-05,1.6483602408183867e-05,4.269897723391002e-05,9.887082250782642e-05,9.82779031069219e-05,0.00028961589336057937,0.00011330825713690268,0.014087822794160796,0.07591567804783951,0.00023935746773784064,8.527886511919982e-05,0.00012090838010121572,0.00015955591984631161,0.00014738569302371547,0.0001353058286420374,0.00018091572014308462,0.0001035210473375219,0.00024355322928683868,0.00023955654747464947,0.00019620836588047578,0.0002918496370966749,0.0002584879732305105,3.136387835533183e-05,0.00014238008188778765,0.00011070021344384904,0.0012658609523624918,0.0020161683108520035,0.0008215241917594804,6.171202661331147e-05,6.605045228528153e-05,0.0001161278595784166,9.788631914258221e-05,0.00024854875972671613,0.00012198259841994416,7.475439094443997e-05,0.00016797614104924872,0.0005837489716515209,0.00013133782662519468,0.00011382538794672191,0.003266498893545113,0.0005519343198159419,0.060719218572527225,0.07882563710732486,0.0002449629493539102,0.0,0.0001842729792792613,0.010503326863785653,0.019451648758799556,0.003622127414188468,3.5604462365857935e-05,6.846987388250519e-05,0.00027508598875854276,0.0,1.6685285482290138e-05,0.0001783080990787975,0.00014435270824670953,0.00034296636888857403,0.0,3.331961120678467e-06,0.0,0.0,0.0,0.0006482116137339034,0.00020817157839066492,5.372627537223354e-06,0.0,0.0,0.0,0.0,0.0,0.0
"Floor covering, misc textiles",0.0,0.0,0.0,0.000373753864323179,0.0,0.0,0.00015399140214671347,0.0009643733111136771,0.0007240821194309567,0.000539345805264438,0.0,0.0,0.00042808666144609765,3.2317200955401275e-05,0.00021866293027340735,4.494247152316798e-05,0.010394270634490057,0.0002721855584333104,0.00027138102789752295,0.0007413692089877782,0.00031362106886106993,0.024746545528604023,0.010781370563271605,0.0014358758654520575,0.0024866541806348496,0.000339064433964271,0.0004382640830617237,0.0004046717004986407,0.0003721951101722506,0.0004979660415819557,0.0002841366635967561,0.0006682101418895317,0.0006580224152151763,0.0005389119267714416,0.0008028943602828355,0.0007106135801177993,6.022579490454033e-05,0.0003527434461183928,0.0002836692969498632,0.0008456123461017837,0.0012226257515489524,0.0005236088255170314,0.00016777957235494058,0.00018083716062572224,0.00031921136280250745,0.00027209078541327934,0.0003945337240240344,0.0003214749729192278,0.00020615859377646334,0.0004563880058696569,0.0004289876163764665,0.00010205304095876613,0.00031363046807637537,0.0005524123324888784,0.0004479466943433731,0.0005139950653890833,0.00041577688236997176,0.0007259579071998693,0.002124806112603575,0.003270645952575634,0.0029909856132535116,0.011386396464605786,0.0025138645486531904,0.021553319034461064,0.0001878532437289245,0.0012973913654214962,0.0,3.925949525244739e-06,0.00012870167562756965,0.00933910230676159,0.004980771768994924,0.0,8.996295025831862e-06,0.0,0.0,0.0,2.711151236149406e-05,0.0005724718405743285,1.5222444688799504e-05,0.0,0.0,0.0,0.0,0.0,0.0
Lumber & wood products,0.0,0.0002217020709400399,0.0,0.0027065893223106046,1.5647166819661188e-05,1.888116509376072e-05,0.0011005496637548848,0.00700360160357526,0.022384294298426678,0.028405545743927074,0.006043197734772964,0.011263485839190079,0.09206995562516314,0.012439094449902138,0.02383262024740055,0.002997620584948104,0.011180434156502635,0.010395539995355979,0.025445042549864866,0.006154100343835787,0.011100162475947287,0.008341819211106776,0.005667980806327161,0.38300744858924324,0.6928203594245744,0.3381937633851221,0.02280054094603793,0.13120904828883506,0.040828637874141434,0.009708546566094245,0.018208884041028876,0.017230662394007508,0.004738064625685314,0.03241140081667105,0.0825146355820122,0.044924387700904754,0.0004732282044724712,0.0051954986637895014,0.0177250068322788,0.004779150069404286,0.011591898643232294,0.008731112681650994,0.0029342140153797943,0.0020430751551544363,0.002683282861659742,0.002281248963068653,0.004223831633669074,0.005960628845707896,0.0036098194564654954,0.0033214904871625025,0.022367088504489437,0.0073753288992026555,0.014771408821223306,0.009754316245347464,0.011498631662832123,0.013474290238032665,0.013550843417555362,0.012671729234286647,0.0018114738601000527,0.009795185768701514,0.005779471988521379,0.04768003178847775,0.049349233451518,0.03341906947962951,0.00253580978584145,0.006625475303716392,0.00859424473448307,0.0013831120177437216,0.026879856807544494,0.012009826608095147,0.0008784439507211644,0.010728966037529377,0.003725632327086628,0.0,0.0,0.0017535549889934068,0.005070592216481976,0.011355196975323228,0.0023182887823118776,0.0,0.0008656692931625506,0.0,0.011106620612696693,0.0,0.0
Wooden containers,0.0,0.0,0.0,0.002052172704852548,1.5647166819661188e-05,1.57343042448006e-05,0.000901949641145036,0.005311596444003972,0.020100650690990585,0.02578284457322941,0.0009450178396908945,0.004423637623436924,0.005439832941790655,0.011243037754002282,0.014676642766731893,0.0031328706559896127,0.008296997340942124,0.007742457791973172,0.014557414397712805,0.003977945512330516,0.0017259275596031784,0.009376003203346946,0.00304271556712963,0.010901791362046189,0.01739365822427437,0.018434512157478714,0.012936896920442073,0.01014916624850591,0.035755710114131506,0.006586406960060616,0.0019145671488493246,0.020694114213558296,0.0038647445538789967,0.01995349174206057,0.05721607463469538,0.020608707208480598,0.00036305252922425426,0.0020627703755609077,0.010257066651906638,0.00451262468811146,0.005906427552177799,0.009714706271784793,0.0023363787575633394,0.0014223291569781982,0.0019034870896114373,0.001455022065899061,0.00295338812386113,0.009906638839386401,0.0021100594881426687,0.0025196421157387306,0.007474701948635521,0.006826017313520253,0.007531527922637818,0.0061301000909663814,0.01801585611312254,0.007020294410691097,0.006641545906339182,0.007368026211035581,0.0012806594486436283,0.00867199808547554,0.0019472056162043356,0.03435518254211168,0.01589861647347152,0.010713788346343985,0.0013742463820276196,0.005458798557066686,0.001821650917404785,8.244494003013952e-06,0.015538575513352634,0.00286872787814666,0.001224591681855085,0.009832704850247958,0.0003436917895979839,0.0,0.0,0.00039062133792495696,0.0024893297713735455,0.005221168236392893,8.506660267270311e-05,0.0,0.0,0.0,0.007688569572637266,0.0,0.0
Household furniture,0.0,0.0,0.0,0.005993956024870611,0.0,0.0,0.001994555303995527,0.01551062754475313,0.009603098154082054,0.00731818229888218,8.99484908012025e-06,4.199335201796157e-05,0.005492038632210911,0.0041120872329179865,0.003013745604203049,0.0023568733733889567,0.004142638026536995,0.008099555939148498,0.005761542069643296,0.014436640113795307,0.010768331151474929,0.007949685360911573,0.005639347029320988,0.01217576476055647,0.017911145883065877,0.2710685565710123,0.007307918477218889,0.0073795079362510025,0.0276402746749954,0.010744781656220724,0.004574693921036018,0.016895932827603034,0.00897427344621804,0.009982827801509058,0.02247611635564772,0.013379264423606072,0.0025660298995158525,0.005409526894992765,0.003685971169513161,0.007427443176250274,0.01548548411085457,0.0037091107935639965,0.00307788732733891,0.006043295750839738,0.006116067271129941,0.004476225238079438,0.007107596159173021,0.0058075152716495285,0.0047480718623304444,0.007359256594648217,0.013556551699795551,0.0030678031529952567,0.005809491474087626,0.008803663993568541,0.006020283586253236,0.013794568570234908,0.007603710210043515,0.009590554636944495,2.1136571518028567e-05,0.006397702570647947,0.0028252659863425046,0.011100013782166592,0.007546098779559308,0.0004236480332140058,0.012451819237860914,0.055454213790587376,0.06147146628506575,4.593360944536345e-05,0.023241424276813215,0.06293525761115258,0.004912333683619422,0.004541968604690235,0.5440596047860956,0.0,0.0,0.012469972379723226,0.07558615705896286,0.03589131193104457,0.00853889603249365,0.0,0.001569986616573004,0.0,0.008883005790561336,0.0,0.0
Other furniture & fixtures,0.0028890700163733333,0.06204643531577232,0.0006430932073457429,0.0028816561881274097,0.04804723358090628,0.06460505322915126,0.04619069879709494,0.03900431646995269,0.09102138171905613,0.04400427246481033,0.00226569633288942,0.0019962770721366147,0.11198120595144871,0.006069956433501653,0.0024606955841562153,0.02045319199325215,0.021624938881856116,0.002607717943643922,0.002644569029058989,0.009922667808671196,0.004894512035967278,0.0056093090366831555,0.002251519097222222,0.03326692284191004,0.012801520548007156,0.024362712984344427,0.24076859630679515,0.40539073821489513,0.12353338889892697,0.3372197373676942,0.01970198007152212,0.06592090806635806,0.10899974528164573,0.011943324869754137,0.07120392285318117,0.021949099790515136,0.01524239810179732,0.018072008772225586,0.011352825795917237,0.009832363611693519,0.008532245625656038,0.007632307954211311,0.001762649760142709,0.0022117282517663686,0.004218751227196583,0.003056044065434516,0.0065431209638900575,0.005719204953001757,0.005276608767054805,0.0053657284301203406,0.004056376575104057,0.007354030873263435,0.009379602783592534,0.009091980379580865,0.007513105940393093,0.006484344782207506,0.0058034616146510195,0.079234031477739,0.000995122174803008,0.006396904852122929,0.002401243573608473,0.006776530223217402,0.11091864179232234,0.014489213425316035,0.003464792983133755,0.00845547996652145,0.00030429383270418525,0.0025055409870111925,0.002221135249621662,0.0032329960278437383,0.0018067809727534945,0.008580199169813542,0.0010272436135051715,0.0,0.003242228986036363,0.0006776722182515253,0.0020984310567796404,0.004886405833305202,0.01705898786860702,0.0,3.474658754562487e-05,0.0,0.0021614386902434196,0.0,0.0
Paper & paperboard,0.0,0.0,0.0,0.0,0.0,0.0,0.0,0.0,0.0,0.0,5.1566743484167644e-05,0.0,0.0,0.001858297284126484,0.007651891237648577,0.07313323554941044,0.044457170414129846,0.023492289020933133,0.021681445578611156,0.007360279322659643,0.0,0.0,0.003579222125771605,0.008996344554267986,0.012103138326841588,3.7770301862857335e-05,0.017792286500668462,0.0028420732481336114,0.0067378139407468715,0.10106382025933641,0.0007473283246486631,0.12237737927566021,0.0032188515841055747,0.016021920335172544,0.012547071529021183,0.009219252147710806,0.0,0.007389471276971589,0.0,8.130370217215494e-05,0.0014896742056377634,0.0012204642492962662,0.00021599209314659016,1.9237995811247046e-05,3.366024915316423e-06,5.8068155423565714e-05,9.582602784644478e-05,0.00048284778541227895,0.002148020702294142,0.0,0.0034997787184130715,0.0005244638887533111,0.010753812295584503,0.003429986860411552,0.01205656526873302,0.015233883897813131,0.009871979903391738,0.0033159307571396495,0.003656626872618942,0.0017549807550405838,0.0032087040006493505,0.003237914203328125,0.00659776815681469,0.013419727486149188,3.1768683852688614e-06,0.0,0.0,8.49968072215486e-05,8.912858422961886e-06,0.0,0.0005955354934886438,0.0,0.0,0.0,0.0,0.0,0.0,0.0,0.0,0.0,0.0,0.0,0.010304875754090125,0.0,0.0
Paper containers & products,0.0019986199859246515,0.00010931010013768258,0.0,0.00045017194067178436,0.0,0.0,0.00018515632877164358,0.0025310447551611668,0.0008780724344230605,0.000655675292674415,1.0726776542752099e-05,3.084339303388212e-05,0.0005011746280344558,0.0014676958714979582,0.0031061937996109965,0.005059197969896434,0.00238863102055579,0.000328600086570129,0.004649214893569498,0.001149917530687415,0.0005928449882341516,0.0005529915739548563,0.00014166184413580247,0.0013210380691328913,0.0007364992896658167,0.000523791599971694,0.03972710790741124,0.04310307371584891,0.07129409825118257,0.006289060330914556,0.0010027496022502874,0.001154900270156736,0.0142581631167823,0.007095232982890737,0.0013040876189256486,0.0011969911269207917,0.0002469793725758894,0.0008420031869683194,0.0008985743888137434,0.0009312235291837216,0.0028429731331198528,0.0009784348824932378,0.0006257985198756117,0.00034500139154836366,0.0006109335221299308,0.0004164316288947141,0.0006767713216655162,0.0007452374372218463,0.0006027072769895473,0.0005514688404258353,0.0018571362633006524,0.000986808535183895,0.0013532031099245479,0.002257158653660291,0.0017847876102743774,0.0008691424095649574,0.000694412698827335,0.0010946781799252862,7.866211231617958e-05,0.0006509383164150529,0.000265066852227555,0.0014166993321913825,0.0012501745739269899,0.007382743012849606,0.0005608844735991787,0.0022406826814835913,2.8784551742287797e-05,1.3937120814618823e-05,0.004251789982089738,0.0004873729892046219,0.0011137095684745934,0.02400249311672003,0.0024953056832761043,0.0,0.0013714632926425613,0.0006727615500033259,0.028287166124806123,0.0016920973567835804,0.000728886469216635,0.0,0.0028312478058728123,0.0,0.002171255974226357,0.0,0.0
Printing & publishing,0.0,0.0,0.001438087017751076,0.0005988398346590711,0.0,0.0,0.0002468751050288581,0.0015504244809240344,0.001169671116003853,0.0008777588595480071,0.008818695296582243,0.0810151675643349,0.0022761681023231533,0.00010982025405745369,0.0003517621052224379,0.0002936053625526084,0.019011928922110368,0.00043706719479195033,0.0011145607647807733,0.0032346771827305365,0.0005038170719122994,0.03394028933678982,0.03105559172453704,0.0005472948840971974,0.0003766483209431326,0.0005344280642893952,0.012740797547985799,0.013155663998105284,0.006343137246738713,0.008501247601971086,0.0012044855929914482,0.003698678442708162,0.012452391926641115,0.0012280210931926274,0.0012905418551785455,0.0030379187242568126,0.000762562216194877,0.0021804126053832497,0.023891354659268203,0.0050085234278502335,0.004100761848374449,0.00429419421846439,0.0009584649133379939,0.007171924838432898,0.003364341902858765,0.0018399309818495537,0.0016836932548957369,0.0024097916448273344,0.0018016976254968539,0.0015910192982400537,0.004387620177622594,0.007896243116966096,0.0068441789061526774,0.007122672334249518,0.004828425417375332,0.006978322451833948,0.0021289517851195414,0.003151346275542491,0.009195105420392471,0.005192349879345073,0.0076302896584611495,0.0030159676244377502,0.0031445832526163565,0.009222907820948313,0.003856300210718336,0.0012164263403613576,0.0,3.8866900299922914e-05,0.00010364381080415679,0.0006371704638157427,0.00047650598899202104,0.0,0.00044181804460196477,0.0,0.0202374987754792,0.0006165120773421321,0.0002191103135397111,0.000919893326131722,0.00040384250321462217,0.0,0.0,0.0,0.00032233415743978324,0.0,0.0
Basic chemicals,0.0069348535810570214,0.05807958622804456,0.02304772234273319,0.0024620514779950674,0.016773762830676792,0.02495460653225375,0.014705567828018492,0.02113613852624958,0.05245172239805514,0.07663998138728201,0.0198739235023283,0.05551579058639372,0.005137039937353171,0.004574164977389314,0.0020354994513756912,0.006492426066464421,0.00730068787215089,0.004972620779070094,0.004808916486118246,0.0241708202017056,0.003955672191118656,0.006431547444398803,0.0035777150848765433,0.023011934524705995,0.016162283096113804,0.009847629392588425,0.03782607632691978,0.07783072114200909,0.012892355678639915,0.04487157670736972,0.10367648497040859,0.014298031715210087,0.008978821988258697,0.006333669514244146,0.021930591506559845,0.021698832282864393,0.02364094775028062,0.012892452279767149,0.0032345218615624644,0.004833532015890297,0.007236918070769741,0.00899678612513993,0.006528939565605188,0.004509386218156307,0.005645384787138195,0.006835451438431164,0.009070532448340038,0.0064911260836279655,0.006755344062924508,0.009029509921685086,0.017390289132223215,0.005490453603581618,0.010216927740419494,0.005251643380111386,0.004541459566311609,0.007536226643412049,0.004832589941682394,0.007861779655827057,0.0037228238273732074,0.009854216939552879,0.005425204010584073,0.00868992452026426,0.005687731169667837,0.01093958373425911,0.09226938339074688,0.009514853667910732,0.00820770932537235,0.04201197846459647,0.02935060302362865,0.006841016938933758,0.007173273515446406,0.01634442597801454,0.005703317850265332,0.0,0.01439906992520821,0.004922721706626857,0.010283150170420502,0.011317219727914121,0.01721837581887798,0.0,0.0,0.0,0.0011355325140264445,0.0,0.0
Synthetic materials,0.003388036993428497,0.01596919439130358,0.0016325765749395237,0.0024898398693945605,0.0004902778936827171,0.0005916098396045026,0.0013602573856293023,0.006962403947083641,0.012089877921720497,0.0035110354381920283,0.0047596718790792825,0.0036548696721839654,0.003048812320542939,0.002496693018675208,0.0014463880785101548,0.00037447363419617713,0.01161998245155759,0.008725350086315682,0.002459181166380023,0.014036637834850572,0.002071922416217649,0.020575981111299046,0.006710853105709877,0.007659976849560873,0.0135128238093423,0.005973351532540852,0.005400453190282015,0.0195119914874113,0.008504699899998585,0.01465059084208207,0.002294941972031214,0.03162028677664171,0.007847751200815099,0.04512475097139007,0.006091899386992619,0.012519769077988014,0.0003648396448000566,0.003821173549042517,0.0018455801210091709,0.0040409555284902175,0.007232641494102838,0.010976010289902173,0.013841814719282598,0.056422476648279415,0.03090347474752008,0.0321133490393868,0.023866670060505153,0.03049120232275198,0.023569825857310222,0.0026939569790917243,0.024332829227632233,0.03202868134159815,0.024828590201734738,0.03144465140499509,0.018632782698858836,0.02376904316202532,0.026809989964756923,0.0703554004123543,0.06927329370187461,0.012383782382386375,0.013807996056549286,0.011252154582212414,0.04875455581635273,0.07784712886066171,0.021526543780381418,0.005925079062834712,0.0,0.00029464251186961767,0.005915285878151345,0.0042843671328936,0.002088215140165001,0.011920511683659648,0.001402422435693567,0.0,0.018899696318842342,0.00013303446708758535,0.002156104637621364,0.0038188232116936165,0.007621967599474199,0.0,0.0005872972067338088,0.0,0.005379871622649783,0.0,0.0
"Drugs, cleaning & toilet items",0.0,0.0,0.0,0.0,0.0,0.0,0.0,0.0,0.0,0.0,0.0,9.412303038508627e-05,0.0,0.0,0.0,0.0002309113192052424,0.00010549159081318947,0.006173901272540185,0.000996180563311072,0.0004947209194782356,0.0,0.0023845604200250607,0.006061318479938272,6.454583399672108e-05,0.0,0.0009045336084053248,0.00018400400433889161,0.0,0.0,0.0,0.0,0.0019142867491639046,0.10531694240939304,0.40265658723312886,0.0,0.001950533805066273,8.042020091110726e-07,1.2827034404305193e-06,0.001369915141367632,0.0033364131821838282,0.0024989462990267935,0.00011177199887884087,5.88192753658125e-05,0.0014364370205731127,0.0010513217818838294,0.0002024089989050005,0.0010458512570428388,0.001005721110931102,0.004788953169878186,0.0018255520234786275,0.00016562180125926872,0.0008057753147005187,0.0002965322338354515,0.00013833597196390968,3.99952405663726e-06,1.2914448879122696e-05,2.1768423160731504e-06,0.0006289934064139466,0.0009125114722032406,1.8347526075424287e-05,0.0009237178183687523,0.004244728321278412,0.003158098653415567,0.006297933634183529,0.00010257940812433929,0.0,0.0,6.634854697663609e-05,5.902858806978758e-05,0.0,8.395692559670523e-05,0.006362146019205682,7.330314465492628e-06,0.0,0.0,0.0,3.130147336281587e-05,0.0,0.0001790875845741118,0.0,0.0,0.0,0.010283604972127094,0.0,0.0
Paints & allied products,0.0,0.0,0.0,0.00020841293549619645,0.0,0.0,8.555077897039637e-05,0.0005384707778059521,0.00040627232040469963,0.0003066868304444844,0.0,0.0,0.00024014617593317672,1.8080163777751523e-05,0.0001222807691034197,2.50776173389464e-05,6.614155297017435e-05,0.0007384778051724271,0.000249045140827768,0.0013422034926727179,0.00017400910917452912,0.0002554393038243406,6.630979938271605e-05,0.0002312892384882505,0.00013050250571271487,0.0001858125195092292,0.0008716385492249314,0.00022661615227923882,0.00020774648766885126,0.00027853855923019465,0.00015876695300206874,0.0004413101248616222,0.005308148561447771,0.10578698329373026,0.00044824163672231923,0.00039686581048995346,3.0738387903800995e-05,0.0002556244713429392,0.00015567217515541273,0.0001916829004853454,0.005395139052890324,0.0004694423952911317,9.353229033580021e-05,0.00010132011127256778,0.00017839932051177043,0.0001526362942562299,0.0002208490485523532,0.00026747226007706507,0.000162941211511709,0.000256718253301682,0.0002796564840935193,0.0001544106880593505,0.0001753790312140479,0.0005468230002883163,0.0004209499069610716,0.00028734648756047995,0.00023292212781982711,0.0008471635331822728,0.0,0.00028239235785653034,0.00012259870358212273,0.004736948556720775,0.0002342669471863188,0.0016463683673731523,0.00010508746211270943,0.0004223838054342164,0.0,3.925949525244739e-06,0.0002484395622126176,0.00022150903160580635,0.00019584776359157484,0.0071715763283563185,8.596459691350446e-05,0.0,0.0,0.0,0.0012126240074413707,0.0006962495358336428,8.058941305835032e-06,0.0,0.003882232232612029,0.0,3.763292193459398e-05,0.0,0.0
Petroleum refining,0.0021164242009762842,0.0,0.0,0.0,0.0,0.0,0.0,0.006719859997597771,0.0,0.0,0.005833355168655375,0.006470451522657223,0.0,0.013987495980002233,0.0004061819649306622,4.6210440939182126e-05,0.0012181767034380212,0.0,0.0,0.005314926423319682,0.0,0.016861065181896947,0.019885404610339507,7.342088617127022e-05,0.0,0.0,0.008298966618070737,0.0,0.048081446614981226,0.0,0.0,0.002989251600477781,0.0,0.00155803192960615,0.12808135339419896,0.007567851951241679,8.935577879011919e-08,0.00017591361468761408,0.0018706606381175429,0.004804994954862985,0.0008215778952305241,0.0004346211187173389,0.0015659426753127786,0.0005309686843904184,0.005870347452311842,9.954540929754122e-05,0.00018341700642483572,0.0011734471837585253,0.00010161925019009808,0.0024879485042200045,0.0013331197445623105,0.00595723533874954,0.002667324541584127,0.0025487354834562753,0.0873166093234905,0.02571718777544098,0.0326983484297348,0.000893094086186131,0.011459970353055071,5.5840296751291306e-05,0.003562971978586657,0.011112543024523308,0.04994841622028301,0.00459342633459271,0.00018074709076187575,9.364629404546138e-05,0.0,1.0796361194423032e-05,0.004423375239386644,0.0,0.0003331894995492165,9.188610048771001e-05,0.0,0.0,0.008697873714037388,0.0,0.0009521070204768324,0.0003558608738705285,0.00020595072226022859,0.0,0.0013818757805501383,0.0,0.0,0.0,0.0
Rubber & plastic products,2.9431942112186e-05,0.0015464249144588273,0.0,0.002214734794539581,0.007302011182508554,0.0050381242191851515,0.011034217256203195,0.01068237825367196,0.004796634492520002,0.003458158398460221,0.11224593951003102,0.04796610991687488,0.002464108587836074,0.00023792447406084611,0.0013008313453146633,0.00026683711932564314,0.0006949049236106925,0.001748559575704589,0.0017421991914408881,0.0047589588640979796,0.0018635161575551314,0.009937969671760494,0.0021053361304012347,0.004898221977426171,0.0014484486030094394,0.001972087312781948,0.00979699082682135,0.0024067316924392844,0.0031474217370270853,0.006424299309833396,0.005889567284102954,0.010315832333793656,0.0064013148318858865,0.006271263618896717,0.08801298423026813,0.16857526087419172,0.02225343121722765,0.009621558506669325,0.0016613680470752659,0.005575226385043565,0.0141663977967077,0.010409412234047127,0.013602680616156016,0.00307102539800207,0.0050007910158550994,0.0036964528652486976,0.013279391265158105,0.0048106887251865476,0.010244855671463797,0.0030108930942789863,0.004061806798096164,0.00976780714637512,0.034923876218554514,0.013932342065267564,0.009643852381566594,0.00564490560506453,0.005655436337158045,0.020943056321064774,0.005802105016707183,0.005107791715693118,0.005067976753594784,0.008288093818966768,0.009859484883024206,0.0054542430829318065,0.0025181698061232465,0.004758402316185006,0.0,0.004908418393937235,0.0036544247452730528,0.0023565214423531375,0.0007078143024890435,0.0007930751779958661,0.00010778894225394841,0.0,0.006408505316470118,0.0,0.00016291554246315978,0.005623445745985664,0.0026370646828537967,0.0,0.0008928275454970619,0.0,0.0025066798436433903,0.0,0.0
Leather tanning & finishing,0.000872561525372704,0.0017228620100114569,0.00045428217737447614,0.01851679460905207,0.07534632395894184,0.0493333375291478,0.039349080787433814,0.017974943701371534,0.09738740686862332,0.07446144735033154,0.08570906758444669,0.07443089957724279,0.23603236752806056,0.0008169846630716352,0.0032724038530571996,0.0013506691990363996,0.002290674543372114,0.0037136171730476394,0.007150834245382055,0.029578091364793533,0.05418765061398912,0.08049997065899889,0.16041093991126543,0.008280961560804326,0.007731950437474117,0.004630552180106165,0.05189015861659871,0.013034688458166743,0.00823408824271451,0.02157196057112048,0.007031524083677467,0.02316295293094454,0.00951554994905633,0.010219758658421332,0.02393290167499526,0.04179010685235176,0.42071819171067887,0.06410438713895562,0.6850855678056105,0.38925547346214856,0.3798769011165191,0.3052716833378902,0.23077501627172578,0.3184535985953698,0.28795445543887915,0.21233367621196536,0.20242125421297635,0.20921413346293985,0.22345080285047836,0.2678363722224511,0.1242652229513805,0.1610024270875393,0.18774398569610576,0.1524457753265451,0.11570923060155841,0.033631162048567365,0.05119062390477621,0.08213148386306571,0.1668826003588417,0.13178070717747242,0.2443425982723729,0.04002645460029032,0.018356166852128,0.027143219625900758,0.03155842532666358,0.013068535430490063,6.990533994555608e-05,0.03789915374195008,0.0003376190770617963,0.00509218454252077,0.0026382028376044156,0.0026816467773403524,0.0005224515037223836,0.0,0.001228188965028549,0.0002142837053759764,0.000351956724111032,0.008554726620081244,0.0022860530170885373,0.0,0.0,0.0,0.20526304594325281,0.0,0.0
Footwear & leather products,0.0004281009761772509,0.0014381742073621268,0.00033929200122656186,0.012331098683524958,0.009158808311775015,0.006529736261592248,0.02746974405040163,0.006135549573836355,0.011470640272071399,0.008661259108070094,0.043824860120319796,0.030189310375036835,0.21445053510832682,0.0007029136780777053,0.004437841210061642,0.000667797225767449,0.0006463453024427164,0.001141231008623426,0.00132451810323647,0.008549366215973693,0.0011695030825916027,0.015086107208566192,0.019436306423611112,0.00538366043727651,0.004423518102054252,0.004579540565521271,0.04762383919851459,0.005208763740734083,0.004609557337614271,0.003904017941107455,0.0011602680602090896,0.0023414416436054373,0.003653995439328514,0.00298331911571904,0.008229667192899064,0.0066727345881112884,0.06810625974759851,0.3664936605131107,0.01711442596750257,0.06598872301497818,0.08654840823440582,0.1410704490311087,0.03682472338066196,0.012837514604845153,0.01013510102001775,0.014842220526263397,0.03043449617219937,0.04573521516904437,0.0649306127407179,0.15227512590287176,0.07524660000162907,0.05729612686524118,0.12914003209582828,0.07020713599357599,0.09590558723511902,0.07452476442430939,0.08110261416993737,0.2182887806969196,0.028969026173888794,0.07914564345970525,0.021011726777374704,0.06840250370060122,0.038976163338123794,0.1284942512313961,0.006615912014122016,0.005808021195277886,5.3457024664248766e-05,0.00019335301411830337,0.0007084958486961303,0.0015877469915341852,0.0005283389153308372,0.003031051852010447,0.001293467307047381,0.0,0.003231008707367796,0.00021740867607937604,0.0003354433483999402,0.0018018094048543362,0.0006097932254748508,0.0,0.0,0.0,0.05250610716874438,0.0,0.0
Glass & glass products,0.00191498740236431,0.0,0.002321098000022714,0.0008044739310153183,0.0,0.0,0.004509137128732535,0.0020848335179491227,0.0015693906570471866,0.00117387028204613,5.251651015722382e-06,0.0,0.0008874967371443487,0.02246755862529498,0.00428900617206445,9.707010307041611e-05,0.0002578683330989076,0.0005879905973847795,0.0005863170355810681,0.0015546676111626511,0.0006778261810868286,0.0009886191434498805,0.00025318287037037036,0.0008573838282564448,0.0005058587226388899,0.0007187210888960956,0.015428285404364884,0.0008749428134991663,0.009831945997570323,0.08357500210471258,0.014776250960820978,0.0014733929546087558,0.0014206612973654844,0.001165086334325305,0.0017350891926971093,0.0016290222623908676,0.00016128718071616513,0.0009283108041744301,0.013978496483538532,0.003786275719699295,0.023436115309811843,0.003273199997936517,0.00046380445001566905,0.00040015031287393856,0.000689474103487314,0.0006022497262501244,0.0008534505605073988,0.0007598499359909021,0.0005682501749135944,0.0009920100405361291,0.0007330801039344681,0.0003008346163914932,0.0017743081932295878,0.0013791677204886754,0.0018327818989540244,0.0011106426036045518,0.0009012127188542843,0.0015246391899891808,0.0,0.0010912789422252358,0.0004739074024674469,0.0035654643963679514,0.004716874878924534,2.0281022866627938e-05,0.00040647194971518957,0.0016358836991066533,0.0,1.7666772863601325e-06,0.0034797836508025596,0.0008569531060864918,0.00019654611140152895,0.0,1.932537449993511e-05,0.0,0.0,0.0,6.925759066890756e-05,0.0012293375642800078,3.4026641069081245e-05,0.0,0.0,0.0,0.008976269988399243,0.0,0.0
Stone & clay products,0.0,0.0,0.0,0.002141095557330925,0.0,0.0,0.000880561946402437,0.01706511376645803,0.004170844063509538,0.0031197453441766517,0.12406405382875249,0.1475385741519334,0.002391020621247716,0.0001856928898140084,0.0012575577219322198,0.0002582431043948806,0.0006856953402857315,0.001561577402550082,0.001977842800026803,0.005456885689081671,0.0018007919437829176,0.005959329920572184,0.016214252989969136,0.001975371461274651,0.0013450802816528337,0.0019093538803775468,0.0025171233097044743,0.002325797352339556,0.0021353341387846457,0.0028615134943423535,0.0016321991865638629,0.007261216875199579,0.003775289893746058,0.003095438181936455,0.01135750718541195,0.005331885313544542,0.0039710601652116866,0.0030564990551972945,0.0022217878776347516,0.035595137715549036,0.06433301797540208,0.06339191905643798,0.017779813417544536,0.004667779050335575,0.033836965461218345,0.009292563957925474,0.005069047144908419,0.02062458902347212,0.06049791096518431,0.01806852792682579,0.003934196557781646,0.016388830960230374,0.00986665819896971,0.030721298662705693,0.029067540962625447,0.00422496195080499,0.0023945265476804658,0.004073784881703309,0.001974991951843922,0.005939014418762339,0.04128321103760356,0.006985052613868439,0.00241249904265911,0.0012966333952730794,0.0024702659749453767,0.004345773333047192,0.0,9.814873813111847e-06,0.00038977203149101323,0.0022768419345812647,0.000551927552467065,0.0,5.114560320241447e-05,0.0,0.0,0.0,0.00018978058653045844,0.0032857351832472517,0.0002596769976324621,0.0,0.0,0.0,0.04085462729499466,0.0,0.0
Primary iron & steel,0.0,0.00043203974380409167,0.0,0.00015700441140713468,0.0,0.0,0.0,0.0,0.0,0.0,0.0020995989023602428,0.0026384857486871647,0.0,0.004453339406249751,0.0,0.0,0.0,0.0,0.00046793683411136674,0.0018271914190134259,0.0,0.020833491544613857,0.025753821855709878,0.0001586751752419393,0.0,0.0,0.0007571185744965303,0.0,0.0030924667543170887,0.0,0.0,3.330642451785828e-06,0.0,0.003920994136490155,0.0,0.0008024087790918852,0.0009040124140196358,0.0013264986007537898,0.04772822405723201,0.07796190463883387,0.032947696992188594,0.07639616123368774,0.043930284694935276,0.0542299863923243,0.03396992344537334,0.032813485084779506,0.07334883518971308,0.035139882909412036,0.023926077251654815,0.02060084748717201,0.05718839344137667,0.11269495458639678,0.041953693096465794,0.10084273156253974,0.09766137829598277,0.044290102430951286,0.047420333013337514,0.023451374854553248,0.06477701071895157,0.047104481183814294,0.02128609422090849,0.07436105338710168,0.07251237785456528,0.025437810947515866,0.0027806794569059895,0.0,0.0,8.244494003013952e-06,0.0023788673783983073,0.0,0.0004322772943615941,0.0,0.0,0.0,0.0,0.0,0.0007529606387669487,0.0,0.0,0.0,0.0,0.0,0.09322820112996939,0.0,0.0
Primary nonferrous metals,0.0007045318922231329,0.007166793922242862,0.006675108743796209,0.01422904581611032,0.004782817324543102,0.003839170235731346,0.023038824776727744,0.026462821436011044,0.008833146579121534,0.0062923677280851105,0.02640904450511653,0.029217526287476352,0.0017123466457843906,0.0011741625201174576,0.005615080464352206,0.00018610973317274265,0.0011235691656452402,0.0016840027445377142,0.0017455495745013513,0.020761898702805665,0.009309487340837308,0.06059503550261135,0.04948218074845679,0.006121365531664035,0.007482574362201306,0.0018068965098070372,0.005960957695806639,0.011832600522580256,0.017750459415328945,0.019559497090122897,0.0034335694514903495,0.022532628846944073,0.0027230605016738633,0.013615062456137382,0.008403299255475567,0.007486560680508408,0.0037441858428635738,0.013012843159818984,0.006043539777700134,0.058312253598631084,0.07132094424912104,0.05203330461652747,0.019339006339946483,0.020903364981974,0.02040091600758029,0.050585658824700536,0.0316600212314543,0.0353355633277107,0.028726126776438817,0.15295653855052438,0.08687270742773053,0.048052783607619366,0.018716215721093603,0.041920457281898436,0.05062497562790028,0.020501041873163324,0.01994640614217828,0.01365285688039684,0.0401743511653219,0.032041162275890954,0.03304584641933576,0.032704007388673205,0.0272808365132068,0.024879406784588044,0.005521146448198444,0.006030431143635856,5.3457024664248766e-05,0.0009308426324355275,0.001589697428319482,0.002017485136783819,0.00039014364316102945,0.003602886710385419,0.0007423609376871625,0.0,0.024983245103103572,6.339226284039301e-05,0.0008941869713409132,0.0023756878101475207,0.015172300165118753,0.0,0.0016724291419230358,0.0,0.054233949149741396,0.0,0.0
Metal containers,0.0,0.0,0.0,0.0,0.0,0.0,0.014695179519143514,0.010038882464246527,0.014170385368954243,0.0,0.0,0.0,0.0,0.0007757292813114518,0.0,0.0,0.0,0.0,0.0,0.005380208694364075,0.0,0.0,0.0,0.0013180797184080416,0.0030739154563420665,0.0,0.0,0.0,0.0,0.0,0.001512031538649453,0.004249899768478717,0.0,0.0,0.0,0.004187870520360038,0.003343067751874729,0.0005425835553021097,3.4593816701202826e-06,0.0016026521159961534,0.0006144015144783503,0.004011325082840246,0.06423354145071475,0.09546214154804304,0.07033533462214688,0.0411620267445333,0.011837509002406132,0.021238313971772463,0.026925013169621217,0.0028429169532297374,0.025494896947943168,0.009044561682189083,0.01398342448320587,0.004998726098035955,0.00015198191415221587,0.0,0.0,0.0,0.010773922147116421,2.7920148375645653e-05,0.051035303776336,0.0030338665420901996,0.0011488090679329095,0.00031413050973421494,0.0019421534067942346,0.0,0.0,0.00016430098763149233,0.00016409845622161826,0.0,0.0014908949800509189,0.0,0.0,0.0,0.0,0.0,0.0,0.0,7.700766136686808e-05,0.0,0.0,0.0,0.005178617300999563,0.0,0.0
"Heating, plumbing, structural metal",0.0012797161323584252,0.007023872170168571,0.0,0.011151481468616485,0.004094341984478011,0.003622036837153098,0.002820120321059852,0.0,0.0021689699686121867,0.0016286128237396758,0.0,0.0006430775045233356,0.0,0.0,0.0,0.0,0.0,0.0,0.0,0.0,0.0,0.0,0.0,2.796986139857913e-05,0.0,0.0,0.0,0.0,0.0,0.0,0.0,0.0,0.0,0.0,0.0,0.0,0.0009328743305688442,3.848110321291558e-06,3.4593816701202826e-06,0.0011226372121122055,0.00044951572520999177,0.0009354456521552221,0.0727546223754309,0.07981652082128286,0.029379226465034294,0.03499518863855062,0.009796714065613879,0.017442876248018577,0.011221334903175543,0.0023801902250563355,0.012361902641531974,0.0055392615796923325,0.0,0.003974015194599587,0.00011098679257168397,0.0,0.0,0.0,6.008051098164896e-05,2.0740681650479627e-05,0.004435536544771144,0.0022069365465470303,0.0008379548495510634,0.00026320260786912703,0.0,0.0,0.0,2.5518671914090802e-06,2.9947204301151937e-05,0.0,0.00023712787857997335,0.0,0.0,0.0,0.0,0.0,4.682897589712611e-06,0.0,0.0,0.0,0.0,0.0,0.008091078215937707,0.0,0.0
Screw machine products,0.0001782734779366695,0.00031724006154495716,2.839263608590476e-06,0.0,0.03918572143870483,0.034716168885728045,0.06899059246969821,0.011122787004054198,0.020769034185849928,0.015736207024185957,0.008817075106375263,0.005033410055670152,0.0,0.0,0.0,0.0,0.0,0.0,0.0,0.0,0.0,0.0,0.0,3.065927114844251e-05,0.0,0.0,0.0,0.0,0.0,0.0,0.0,0.0,0.0,0.0,0.0,0.0,0.000766225803125272,4.214597018557421e-06,3.4593816701202826e-06,0.008842989090227725,0.000491806316693807,0.002587091881741786,0.06227322035532628,0.04249032008177431,0.0463198688596693,0.06664233334439393,0.039260971705867995,0.017843131649084017,0.01443694175114497,0.0024372387257900426,0.012581826672712315,0.005670599406317527,0.0,0.004067170731275621,0.00012198548372743643,0.0,0.0,0.0,0.0003418240412164693,1.3561214925313603e-05,0.0044761209431983294,0.0024127740995502,0.0009212998211461961,0.0002690615700305973,0.0004493596729163192,0.0,0.0,0.0,5.3884595494249575e-05,0.0,0.0002710365444633007,0.017596336926406966,0.009121410165913339,0.0,0.0,0.0,0.000171048996171608,0.0,0.0,0.0,0.0,0.0,0.009964543242681624,0.0,0.0
Other fabricated metal products,0.0,0.0,0.0,0.0,0.002493115246599349,0.0022153900376679246,0.02351118729204286,0.0,0.007250650363351615,0.03055235355703846,0.006353771436862333,0.0011918871739994541,0.0,2.7513292705274056e-05,0.0,7.311956965681562e-05,3.683833329984394e-05,8.127763203216907e-05,1.3401532241852985e-05,0.0034381204783125174,0.0,0.0,0.0,0.0001110726226693575,0.0,7.944787633221716e-05,0.0010281062899774435,0.0,0.0,0.0,0.0,0.0,0.0,0.0,0.0029542079299363843,0.001452738944958046,0.0013972563129410935,0.0015194538468642665,0.0004713407525538885,0.001692301562431013,0.000389168476688143,0.002261233515779627,0.00745461996480486,0.0039572557383735175,0.013989199548055055,0.049381159372200285,0.010394878098811608,0.009878049167881727,0.02463507592826849,0.001258236377293429,0.008270229616979222,0.005241976634290709,0.000356131793189529,0.003599995714845313,0.0003749553803097431,0.0002918665446681729,0.00022421475855553453,0.0,0.0004917156253150162,0.00040763416628442653,0.0027770720132102218,0.0005172787201557921,6.30718703963166e-05,0.00013881233428714233,0.0005719199111480074,0.0,0.0,0.0,0.0005810165079379954,0.0,0.00010164840344887602,0.0038253164940902965,0.0016433232247186202,0.0,0.0,0.0,1.1830478121379226e-05,0.0,0.0,0.0,0.0,0.0,0.0009326419783790682,0.0,0.0
Engines & turbines,0.0,0.0,0.0,0.0,0.0,0.0,0.0,0.0,0.0,0.0,0.00019056788951733026,8.717240660280298e-05,0.0,0.0,0.0,0.0,0.0,0.0,0.00010832905228831163,0.003821980232053548,0.0,0.0,0.0,1.586751752419393e-05,0.0,0.0,0.0,0.0,0.0,0.0,0.0,0.0,0.0,0.0,0.0,0.0,0.0032031366022894025,0.006510086446882151,0.006614337753269981,0.02009870592504768,0.032066722198806644,0.03314340691369998,0.032270568666682736,0.023955152384164822,0.07265059875973202,0.0417974582738826,0.11666744026220396,0.06352815606148686,0.04346909431551259,0.035576078929770126,0.047023016000152046,0.028259818168103544,0.01645924880129165,0.012232253520929954,0.009353886887460392,0.005868325570673353,0.0065283501059033786,0.00842570477881887,0.0386201550603662,0.02387332229822707,0.013623675247025818,0.016234318310771746,0.009600439701039335,0.0043752926664272,0.0012318725172878072,0.0,0.0,1.9629747626223693e-07,0.00010262519841296115,0.0,0.000304945210346628,0.0,0.0,0.0,0.0,0.0001098203990051879,0.0,0.0,0.00012536130920187826,0.0,0.0,0.0,0.009967815670675936,0.0,0.0
Farm machinery,0.0,0.0,0.0,0.005761922956684845,0.0,0.0,0.0,0.008121740815678784,0.0,0.0,0.0,0.0,0.0,0.0006749927810360568,0.0030117786213220287,0.007901985400600144,0.004787308859284265,0.0,0.0,0.011076383580583011,0.009687855985205178,0.009605898576788853,0.0012297453703703704,0.008361912794275214,0.0070762076488681495,0.01706761795730393,0.0022785614747084567,0.003003941928333068,0.0,0.0031302002074261423,0.0,0.0032636132724436382,0.0,0.0,0.004117912179119328,0.003265808297829295,0.0019565341323884494,0.00019625362638586944,1.7296908350601413e-06,0.003846849669993119,0.0028985686297895875,0.0057777525574293125,0.016567750644842467,0.00823578600679486,0.013290188373974344,0.021586422006171814,0.0345550153695965,0.036207865971619985,0.03794369359109582,0.05678544375810168,0.019168687162138313,0.008355925510154278,0.0007611156842102692,0.0071841549884557,0.0004199500259469123,0.0001407674927824374,3.482947705717041e-05,0.00040061649008920735,0.00018620313003977546,5.9828889376383544e-05,1.5219149410194547e-05,0.008077781536550485,0.0016849199663016006,0.003678977548006308,3.5948773833305537e-06,0.0,0.0,6.085221764129345e-06,0.00012615514464958054,0.0,0.000304945210346628,0.0,0.00010095842195655756,0.0,0.0,0.0,9.168620544068901e-05,0.0,0.0,0.0,0.0,0.0,0.003265883138323895,0.0,0.0
Construction & mining machinery,4.953739867193904e-05,0.00028449518573278793,0.0,0.0,0.004923641825920053,0.003310497613106046,0.028329529379054114,0.017717313286128168,0.0008846252137844267,0.00042301631785446125,0.0052790266433575305,0.005572807422107762,0.0,0.0001779192928274389,0.003619576331557257,0.00033220798699570565,0.00015991185591523164,0.0,0.002350852114091711,0.007512683751788735,0.00782231646591546,0.0,0.0,0.0034731037509735663,0.005889410109292619,5.643838209392475e-06,0.0033740930082338575,0.00361137544929208,0.0029779772070045955,0.005089821968183911,2.1848663257165426e-06,0.003796932395035844,0.0,0.0,0.006437932079077706,0.003850831431589514,0.0017608449768380886,0.0032159207685079445,0.002604049552183043,0.01916290569739731,0.0025355347882880723,0.01911817051592235,0.08558397415808885,0.05615635103955717,0.07463430944315849,0.06405581179281282,0.06361650423655853,0.09603334191023478,0.06327083165427963,0.021466083081633235,0.031036439511388535,0.024533551046487377,0.01828094352941751,0.02143788365525558,0.0016198072429380905,0.001106768268940815,0.0013039285473278172,0.020682783187376243,0.015472512314569168,0.027442314979159603,0.02678654847024297,0.011813285650616708,0.007911014601137996,0.003546474865277672,0.001986211555189937,0.00014827329890531384,0.0,0.000511158628186865,0.0006991246146971304,0.0,0.000304945210346628,0.03145061984460246,0.012179317484416,0.0,0.010798223570957258,0.0,6.654643943275815e-06,0.00010127265975762077,0.0015428395411059732,0.0,0.0,0.0,0.015064622271817686,0.0,0.0
Materials handling equipment,8.164497188523286e-05,0.000469407425613273,0.0,2.778839139949286e-06,0.0001043144454644079,9.44058254688036e-05,0.008107769538422994,0.004739471242585147,0.0014121239523743995,0.0006874015165134995,0.00016810870113094306,0.00014900399733269813,0.0,0.00034885108274560183,0.0,0.0,0.0,0.0,0.0,0.0027931316403939158,0.0,0.0,0.0,0.0,0.0,9.33404011553371e-06,0.0,0.0,0.0,0.0058824477717810885,3.6414438761942377e-06,0.0,0.0,0.0,0.0,4.20157129632632e-05,0.0,0.001504427892276366,0.0,0.002261158260079236,0.0,0.0008872977141766445,0.015042306486994672,0.007702252256296276,0.018775686977635007,0.016408401632544714,0.01752867668747389,0.027910507974930034,0.028922941071347227,0.01838229468086118,0.017327841567813983,0.014992035425716478,0.006682478462331369,0.010556851193811492,0.0,0.0,0.01072312524897634,0.00312710515034601,0.00674790852463479,0.0038218694533633806,0.032376626599437484,0.004706520396711611,0.0,6.48992731732094e-05,0.004088964019039474,0.0002448460396396959,0.0,4.0044685157496336e-05,0.0009645750038427153,0.0,6.797252016886671e-05,8.83177082357601e-05,2.4656512293020656e-05,0.0,0.01781780252568473,0.0,1.7252780593678039e-06,7.03282359427922e-06,0.0008202211373494321,0.0,0.0,0.0,0.002082900418379919,0.0,0.0
Metalworking machinery,0.0,0.0,0.0,0.0003028934662544722,0.0,0.0,0.00012527078349236612,0.000784496219389706,0.0005930265322036342,0.00043359172580082275,0.0,0.0,0.0003341164186896372,2.6290479696150766e-05,0.0001780119507323241,3.6489342083073696e-05,9.71192423359522e-05,0.00022129616449545854,0.00022112528199057425,0.0005851665386342854,0.000254943578558031,0.00037211293178735026,9.645061728395061e-05,0.00027512661741102356,0.00019058534250124203,0.00027047009265011634,0.0003564273370760348,0.000328849002931527,0.000302252404904982,0.00040571693675652145,0.0002313877480187424,0.0005441437105605097,0.000535211780117413,0.0004384278579916831,0.0006526595259967836,0.0005781727457770783,4.485660095263983e-05,0.0002809120534542837,0.0002274543448104086,0.00036209761397863706,0.0002494669722359891,0.00044837767242550397,0.00588192753658125,0.0020757797480335564,0.00392702906786916,0.007437701164681289,0.004722426434807607,0.008278933541720272,0.004727047189877321,0.0014452286852539133,0.0511554156971456,0.0030873263434395425,0.00022862781785006802,0.0021980048878710093,0.00016298060530796834,0.00035902167883961094,0.000289520028037729,0.00046823647090044296,1.8736448012318363e-05,0.00041640907005962945,0.00017840225141950276,0.0006318317931314694,0.00035815812117908355,0.0009468984231730066,0.00018693362393318877,0.0005316378151539213,0.0006085876654083705,5.888924287867108e-07,0.00034755054787595377,0.00307536340163505,0.00017544048870069364,5.64995439892068e-06,5.9642104060144564e-05,0.0,0.0,8.124923828839105e-05,2.8343853832471065e-05,0.0004979239104749688,7.790309928973864e-05,0.0,0.0,0.0,0.0,0.0,0.0
Special industry machinery,0.0,0.0,0.0,0.0,0.0,0.0,0.0039273918317338395,0.004915866842211235,0.0,0.0,0.0021396008398842556,0.001611675889516939,0.014492299660663012,0.0002556552626931339,0.0,0.0,0.0,1.7447792207263488e-06,0.0,0.002058171963472314,0.0,0.0020103763587472428,0.004507559317129629,0.0005064158558992741,0.0,0.0018010356008972834,3.08817909379958e-06,0.0,0.002724434900410747,0.0,0.0,0.004344406748048139,0.0,6.822339406625708e-05,0.006813519164792836,0.004095161936321533,0.0008001809990655172,0.0039646530910221025,6.053917922710495e-06,0.008992404834285825,0.009668864668681726,0.005303151454497619,0.008878817828990188,0.0029555974231345876,0.007966258966248868,0.010497063410425722,0.0070791478071561085,0.013372977677819815,0.03066565281023948,0.0016480677989737609,0.013094982745466442,0.06524827730029772,0.0005456779327746282,0.0547442484607212,0.00026296870672389987,0.01107607708117958,3.047579242502411e-05,0.00012503317206605835,9.430162677274284e-05,9.572622300221367e-06,0.004010245869586263,0.0017710979017098835,0.008724191215890508,0.011384414169133815,7.942170963172153e-06,9.754822296402227e-07,8.635365522686339e-05,0.0,0.00022939151049725906,9.946658553522119e-05,0.00017513011189626958,0.006297022860607596,0.00030737341338258863,0.0,0.0,1.160703404119872e-05,0.0004926901200966057,0.004886405833305202,6.268065460093914e-06,0.0,0.0,0.0,0.004404688080344652,0.0,0.0
General industrial machinery,0.0,0.0,0.0,0.0,0.0,0.0,0.003347479765713081,0.013852276808794714,0.018252766911085336,0.0,0.00434875812141292,0.0014422544348237836,0.0,0.0003208428419175874,0.0,0.0,0.0,0.0,0.0,0.0,0.0,0.0,0.0,0.0057071964301850745,0.0,0.0,0.003635044141659922,0.004792164874326009,0.00341803339431116,0.004991303506719854,0.0,0.0050400946901649046,0.0,0.0,0.008549839790557864,0.008219095502172258,0.0011736881544082154,0.005867635266575094,0.0036064053911003947,0.026689420934572595,0.0012706184452553045,0.0019972796415042102,0.029040329773642216,0.005480263740097241,0.028362686940608735,0.0798503500680227,0.053644608213787866,0.054678699741739965,0.0650409922710968,0.007682531432139224,0.041742124140327824,0.12639136010081065,0.10663240506205438,0.10929799384893991,0.08310211084880899,0.03882535338775052,0.05251849771758083,0.05650478698430196,0.00033470109403823257,0.004139361426320723,0.039540195675986003,0.05006864234919715,0.040161013474854595,0.014965141428586237,0.0021614409271773984,0.0,0.0,0.0002736386819095583,0.0001394480363546837,0.0,0.0008199379230872312,0.0024604064577194583,0.0006400697312823336,0.0,0.0010102566293506091,0.008408403314076074,0.0,0.0,0.0015410486652602323,0.0,0.0,0.0,0.04095280013482403,0.0,0.0
Machine shop products,0.0,0.0,0.0,0.0,0.0,0.0,0.0,0.0,0.0,0.0,0.0012678267712743405,0.004500963313014826,0.0,0.0,0.0,0.0,0.0,0.0,0.0,0.0,0.0,0.001414581441989389,0.0031723210841049384,3.684491357312828e-05,0.0,0.0,0.0,0.0,0.0,0.0,0.0,0.0,0.0,0.0,0.0,0.0,0.00025350234442756813,0.0002510433876271159,3.718835295379304e-05,0.017122775051501317,0.013265940820732083,0.0031489611222596517,0.010156449629968903,0.0033922999280498957,0.005893909626719057,0.012054949065932243,0.00986558902312851,0.01395938360668236,0.01627893666551031,0.0018984473299716977,0.006885522753991893,0.01857986537872771,0.017737708201534443,0.0114162110196479,0.003668563440950527,0.002074060489987105,0.001242976962477769,0.00571707800028579,3.267264901321632e-05,1.0370340825239813e-05,0.0,0.002979274843250229,0.001106010298735409,0.0013403502667855885,0.0,0.0,0.0,0.0,0.0001030835739889992,0.0,0.0007287647367876668,0.0032936260485497606,0.0,0.0,0.0,0.0,0.0,0.0,0.0,0.0,0.004169989891538726,0.0,0.009737109497076903,0.0,0.0
Office & computing machines,0.00010541986538364804,0.0006050097348589621,0.0,0.0010059397686616417,0.00014082450137695068,0.0001227275731094447,0.0032649843717059133,0.0026842304074680325,0.003767848132785521,0.0023371651561458983,0.02021673340267375,0.029379852313725092,0.0011172017749934743,0.00013116125252620066,0.0005894392033457068,0.00012087975099334838,0.000320660946678187,0.0007323710778998849,0.0007292667128274999,0.0022611404789012446,0.0008437418433230074,0.0012323220468282378,0.00031647858796296296,0.0009165508427534392,0.0006305467602752957,0.0009062701740082148,0.0011801991103470727,0.0010896317998689716,0.0010012631319510767,0.0013416423206650534,0.0009581159044535067,0.001867657754838903,0.0017708990344961427,0.0014517303621075634,0.002159933601128978,0.00391294161596999,0.0006626624555075238,0.003514057696733724,0.0008224679920710972,0.0050370604888775455,0.009596638040529593,0.00511270916410021,0.0009700359183279898,0.0007041106466916418,0.0010401016988327747,0.007474201148090387,0.0012869136083440513,0.004597219177951645,0.005625267918569108,0.001232881488078448,0.0069126738689524285,0.00401911497828045,0.022699615778250557,0.010096197064948506,0.10393163213577584,0.023455867776706597,0.025588781425439886,0.048896901218690676,0.0017071846226099996,0.002413098538180803,0.005313596914909313,0.0049588951356111495,0.011262833999342251,0.002977254156820981,0.0030768806329325043,0.0023635934424182594,0.0,0.005399947274497876,0.001258801193039577,0.001317899058546776,0.0003949544836296022,0.0018522929447829957,7.396953687906197e-05,0.0,0.022974383672250482,0.0,0.0005274421495781572,0.002264569197357909,0.0018634063174936333,0.0,0.0,0.0,0.007312240353291326,0.0,0.0
Service industry machines,0.0,0.0,0.0,0.0,0.0,0.0,0.0,0.0,0.0,0.0,0.001127428909545507,0.006287708039048026,0.0,0.0,0.0,0.0,0.0,0.0,0.0,0.0,0.0,0.0,0.0,3.8189618448059965e-05,0.0,0.0,0.0,0.0,0.0,0.0005525990065756595,0.0,0.0,0.0,0.0,0.0,0.0,0.0,0.00041339699451589304,0.0,0.00016233818678744843,0.006953713660383742,0.0,4.821252079164959e-06,0.0,0.0,8.627268805786907e-05,0.0,3.1766301671860458e-06,0.0007843370862373662,0.0,0.005044677159667562,0.0005289009774906489,0.050392404475829204,0.006944745259198294,0.0075621001100869,0.19345908993170194,0.1428552769923005,0.011111366280850021,0.0012983893932503262,0.006244540613844405,0.002252856866859076,0.004455935549577317,0.0015677864927084414,0.00029565224445573173,0.0,0.0635087705607267,0.0073112761425411,7.06670914544053e-06,0.0006722841781891251,0.0,0.0006376691446892084,0.005498000362191813,0.0012714763636509031,0.0,0.0,0.0,7.665163949476958e-05,0.0,0.0,0.0,0.003971894403922291,0.0,0.010799012381231316,0.0,0.0
Electric industrial equipment,0.0,0.0,0.0,0.0,0.0,0.0,0.0,0.0,0.0,0.0,0.0,0.0,0.0,0.0,0.0,0.0,0.0,0.0,0.0,0.0,0.0,0.0,0.0,3.173503504838786e-05,0.0,0.0,0.0,0.0,0.0,0.0,0.0,0.0,0.0,0.0,0.0,0.0,2.6806733637035755e-07,0.00018745794565148873,0.0,8.695727086624518e-05,0.0026899667234817795,3.0522353539991164e-05,1.9285008316659835e-06,0.0,1.6830124576582116e-05,4.6454524338852576e-05,8.609369689329023e-05,6.3532603343720915e-06,0.00028441709679642393,0.0,0.004528805975417381,0.00025113922253331144,0.015458757837708446,0.0026549327952669535,0.001443828184446051,0.1010762255973417,0.11066630966452683,0.004644089248167881,0.0004997676525599795,0.0030417007358953395,0.0009427417551314956,0.002878145958513889,0.0032008974226130677,0.00019379644072555584,0.0,0.014172781314442795,0.018557811716134975,0.0,0.0003367023259097202,0.0,0.0001822687783980227,0.01191188806905077,2.4489914236986733e-05,0.0,0.0,0.0,1.7252780593678039e-06,0.0,0.0,0.0,0.0,0.0,0.0008671934184928178,0.0,0.0
Household appliances,0.00033468322744714365,0.001781224935723735,0.00014764170764670475,0.000728055854666713,0.00037553200367186846,0.00033042038914081256,0.0005322480605943946,0.0022229327044984938,0.006454487670945632,0.003458158398460221,0.000493934538617038,0.0014557212684019574,0.0008144087705559906,0.0001833928367730384,0.00043404755574511444,8.918051559299478e-05,0.00023693746190581443,0.0005392821774728356,0.0005360612896741194,0.002203454690305654,0.0006211720525183771,0.0009064643403279978,0.00023208429783950617,0.0006702009096659538,0.00046386534208776875,0.0006787800800296259,0.0008693224149045817,0.0008033798180425647,0.0007373126846924561,0.0009869758593944518,0.0005709783997872564,0.0013493265232797336,0.0013039153849885984,0.0010688331737046942,0.0015910115237506497,0.0015335735231591066,0.00010928211746031575,0.002204234240705531,0.0005535010672192452,0.0011167144258612538,0.0006552665804065314,0.005424381084050823,0.026833160571800498,0.007144350377770111,0.005625188637646296,0.01417692537412483,0.0021605774716003095,0.0009396472034536324,0.0012241031517152045,0.0009064372894355685,0.000746655661414736,0.0004721062416527268,0.016649771982833374,0.00590373213684362,0.04184802008560981,0.004442570414418207,0.003306623478115116,0.032515003980647925,0.01924674523896791,0.005690923957481602,0.008915885029472305,0.00292557809029288,0.0017975483062950231,0.0,0.004160276354108799,0.004385768104462441,0.0010444680203630142,0.00014997127186434903,0.0034286493087645384,0.0007861711433491448,0.0002735971530997991,0.001455011940732573,0.0004419846426579987,0.0,0.0640608864106458,2.8124736330596902e-05,5.8905922312700733e-05,0.0011604158930560713,0.0038047157342770057,0.0,0.0,0.0,0.008239973689678926,0.0,0.0
Electric lighting & wiring,0.0018243217313381993,0.00938362201472672,0.0007367889064292285,0.0024898398693945605,0.0018411499624467996,0.0017276266060791059,0.01540586206159045,0.008347457553358218,0.03059492683821843,0.015884262735435018,0.0014805186374110969,0.0011897151040674906,0.0027460193161054553,0.0008288634180174043,0.0014476994004308347,0.00029712749981931436,0.0007895124614034735,0.0017981403852268961,0.003235353242054008,0.00892325558650067,0.0020739457779522367,0.0030252298090763796,0.0007731119791666666,0.0025463331511706463,0.0015479406123151726,0.0023667218460386983,0.0028977413830152724,0.002677648746667848,0.0024588191506457625,0.0032940991024072537,0.001945675483677384,0.004641250256563551,0.004346890010188734,0.003564540124081959,0.00530747652272856,0.005458389144966541,0.0004709049542239281,0.002497606841866854,0.002065250857061809,0.004268444364038134,0.011511118861746354,0.018398960692367346,0.007511510739339007,0.021830636380076106,0.019718734958076158,0.006667883332780304,0.017066765287620324,0.008977156852467765,0.007306657696139754,0.004617759198278403,0.0036056680667591614,0.0014331796621600635,0.004008314627050872,0.0063397000484874564,0.002300726213580584,0.0039066207859346155,0.0031890739930471655,0.030628023761406088,0.39105862634583055,0.03278862453383324,0.05336341088194548,0.00434138247660164,0.0039014456973721556,2.749205321920676e-05,0.016727716880833576,0.009436815089539514,0.0,0.00246058886494714,0.017404826205881734,0.0026215886048742347,0.0010789473663791,0.0052925204416836985,0.0019618587078554816,0.0,0.3339003889552755,0.0,0.0002856567529724692,0.00391587617729467,0.008083118129752537,0.0,0.0,0.0,0.18906452737140586,0.0,0.0
"Radio, TV, communication equipment",2.2933980866638444e-07,8.667761244397737e-07,0.0,0.0,0.0,0.0,0.0,0.0,0.0,0.0,1.6760588348050154e-07,2.8960932426180395e-07,0.0,0.0,0.0,0.0,0.0,0.0,0.017778249313171474,4.7478015305013016e-07,0.0,0.0,0.0,0.0,0.0,0.0,0.0,0.0,0.0,0.0,0.0,0.0,0.0,0.0,0.0,0.0,3.842298487975124e-06,2.0156768349622447e-06,0.0,0.0001467235684894849,0.0002299847896423214,9.887522977743615e-05,0.00018706458067160043,0.00023085594973496455,0.0002507688561910735,0.0001559544745661479,0.00013999583755691541,0.00019250378813147437,0.00016586130490797618,3.8032333822471406e-05,4.887200692896454e-05,2.0410608191753225e-05,5.422582859264434e-05,7.499020702420693e-05,5.599333679292164e-05,1.9371673318684045e-06,4.353684632146301e-06,2.1689427807377467e-05,0.0006274387383959835,0.25003529904473204,0.006967833904967404,8.949458826224778e-06,2.7030801598421403e-05,4.506893970361764e-07,0.0054173966148795315,0.0,0.0,0.0,0.0003132233102926606,0.0,0.0004037226283545816,0.00012429899677625497,4.964622069810916e-05,0.8427451165378128,4.74704097516305e-05,0.0,0.0,0.0,0.0,0.0,0.0,0.0,0.006181616481256351,0.0,0.0
Electronic components,2.4998039144635904e-05,0.00016276129447813527,0.021912016899296997,0.0002389801660356386,0.001872444296086122,0.001029023497609959,0.003723903193182825,0.0005123595870718272,0.0008813488241037436,0.0004547425416935458,5.838271607904137e-05,6.805819120152392e-06,0.0002714695901853302,2.1020737918738486e-05,0.00014063927599294114,2.8740640096320592e-05,7.702560599058279e-05,0.00017462332034102874,0.0008398293538227871,0.00041139700261793775,0.00020031281172416723,0.000294100387646403,7.535204475308642e-05,0.00017104646009131084,0.00015053011797555726,0.00017669555009405675,0.0003265749391693056,0.00025898988831913006,0.00021565667457407807,0.00032063281094665494,0.0001366061659840867,0.0003484684665180923,0.0004214982291009655,0.0003458767420103266,0.0005135075893219976,0.0005000783227692739,0.00024099253539695142,0.00020449957707435135,0.00018075269226378477,0.0005758563541266205,0.0008671947130108193,0.00035724050410891064,0.00010799604657329508,0.00011606924139452384,0.00020532751983430182,0.00017420446627069714,0.00025304060478201825,0.00021474019930177668,9.052289528428277e-05,0.0002915812259722808,0.00017919735873953664,6.833116655499993e-05,0.00017831015708392057,0.00035911459388610897,0.0002829663270070862,0.00023698013693190147,0.00026775160487699755,0.0003317206605834201,0.0015828427403464323,0.013447938894760984,0.13747795865548962,0.0003275501930398269,0.00027030801598421403,0.0024161458575109418,0.03921417652436386,0.0004301876632713382,0.0,8.087456022004162e-05,0.0002722241615470359,0.00025444322815151377,0.0006315392028018335,0.0004609173325435292,0.00018209167524507822,0.0,0.001923846242479716,0.0,1.4541629357528634e-05,0.0003741462152156545,0.00030086714208450786,0.0,0.0,0.0,0.02781236552366211,0.0,0.0
Misc electrical machinery,1.3225262299761502e-05,7.040148299616384e-05,5.678527217180952e-06,0.0008364305811247351,1.5647166819661188e-05,1.2587443395840479e-05,0.00155335771530534,0.0019386108498380236,0.0016709587371483614,0.001195021097938853,0.0018364576652958554,0.00031234365621635553,0.0009292612894805534,7.12725296746147e-05,0.0004910900592946989,0.00010087401131845855,0.0002679151512715923,0.0005291042986852653,0.0004098635277300038,0.0015306912134336196,0.0007021065219018791,0.01461596081423004,0.03524817949459876,0.002616257804667094,0.002487946284651807,0.0007074334124773107,0.0009830703448595328,0.0009081684899611601,0.005933472830173283,0.0011177367264285625,0.0005842956802487668,0.0013147711078424556,0.0014752438018533793,0.0008081034583972156,0.0018003551452967876,0.0014545657150868835,0.00018326870229853445,0.0009546978463775722,0.0006287426185443614,0.013495876125463997,0.001162753678212315,0.00486681076656676,0.0019092158233493237,0.0007278375081921799,0.0012179400151919925,0.000977204101270863,0.0032925224255364385,0.005700780498032077,0.005938885949328203,0.0010363810966623457,0.004509800194945005,0.014458697359488492,0.004936993006822195,0.014916530310249858,0.007199143301947068,0.002549957931182776,0.0028538402763719005,0.003007175373058158,0.006630379896193884,0.02710886863570189,0.003110202283633369,0.15402197629109368,0.02575584878969586,0.0001753181754470726,0.0011231901777917672,0.0017061184196407494,0.0,9.61857633684961e-06,0.0004491571338977193,0.0007625328893768226,0.00046703949645708756,0.002840737598573119,2.1157953116308267e-05,0.0,0.0025577919872537633,0.0,0.033466697327322464,0.0012870067177530972,9.312554397853815e-05,0.0,0.002976025253979583,0.0,0.005602396726263035,0.0,0.0
Motor vehicles & equipment,0.0,0.0,0.0,0.0,0.0,0.0,0.0,0.0,0.0,0.0,0.0,0.0,0.0,0.0,0.0,0.0,0.0,0.0,0.0,0.0,0.0,0.0,0.0,0.001314314544758233,0.0,0.010232061602928198,0.0007141414154411528,0.0009430980472673585,0.0006715332356910964,0.000981602125132776,0.0,0.0009904497990998106,0.0,0.0,0.00218209939635151,0.0,2.7074800973406113e-05,0.0008735210429331836,0.0,0.0011447130517748436,1.4255255556342235e-05,6.018492247322201e-06,0.000707759805221416,0.00021418302003188376,0.0014159744810431087,3.318180309918041e-05,5.390214066362519e-05,0.0022859030683070785,0.0008900444671822383,0.0,7.873823338555398e-05,1.9523190444285697e-05,3.6639073373408335e-05,0.0004508727975120019,9.99881014159315e-07,0.007171393462576833,0.0008184927108435046,2.0413579112825852e-05,6.193867111510203e-07,0.0,0.0,0.029575276583025025,0.14281724024525946,3.1548257792532348e-06,0.0,0.0,0.0,3.9259495252447387e-07,5.566716717884195e-05,0.0,0.00019033857531304798,0.017412564725431547,0.002117128096079098,0.0,0.0,0.014811021860955767,0.01797443975908217,0.0,0.0,0.0,0.0031865017095720457,0.0,0.003671664209618648,0.0,0.0
Aircraft & parts,9.800454490343495e-05,7.800985119957964e-06,0.0035888292012583615,0.0003098405641043454,0.0,0.0,0.00012771509146294887,0.0008552865587133333,0.0006061320909263664,0.0004441671337471843,0.0020681448648937352,0.0028724900826907025,0.00034455755677368835,0.00031973648729028537,0.0001842407298555546,0.0021000391239007587,0.005185832646800758,0.024033606774163482,0.016971923789953318,0.0016365671875637985,0.00026506038723096877,0.003709392917427519,0.0024037302276234567,0.0005411092416725117,0.00047355612221495054,0.0003017282735021362,0.0013672912937797638,0.00036463050065982784,0.003184058392167083,0.00042094251716460286,0.00024345653343698617,0.01984105341559465,0.0005928266459657465,0.013831896499293703,0.0006711310220155604,0.0005927869068077786,0.0006119977289335263,0.00029905314496894394,0.0002594536252590212,0.0004964371748524957,0.0007331953107812023,0.00030178439697287036,0.0007212593110430779,0.0004264422404826428,0.000710792261284318,0.0008959086836778711,0.0011484150524722367,0.001129609687451358,0.0007498799841614135,0.00046906545047714735,0.009559907577604674,0.008965581502664471,0.00217049870664071,0.003761154793294851,0.0008538983860920551,0.0009330689315166147,0.0009882864114972103,0.0007744401575928308,0.00021283675861926934,0.015014658077897213,0.0039996770158291835,0.013950416418319185,0.0016173429623055472,0.1321493422413595,0.0016649298392797203,0.0009930409097737467,0.0069987581521962616,0.0003971097944785053,0.005040399695353406,0.0030179941560393017,0.0015344253268713918,0.06043310171493958,0.04323002976607467,0.0,1.7693516361971368e-05,0.009492768148155754,0.0035168560898741707,0.01526685345846133,0.00019878721887726412,0.0,0.007089701710530572,0.0,0.028807183633933114,0.0,0.0
Transportation & warehousing,0.06396493669533261,0.0518840631074656,0.038635279553894904,0.009914898051339053,0.027601602269882335,0.029228043565141592,0.01064801659685112,0.01732970716589716,0.03422189021473458,0.02742203280491545,0.07378647893168903,0.06611201654248461,0.03527016444792482,0.04575160696553886,0.020276643028996278,0.0295510134386443,0.0513015652942713,0.019487584514560983,0.01928703848473342,0.09197203734810595,0.12757902745094865,0.06356917745092286,0.04455717110339506,0.11649608637093199,0.0560947577401876,0.03287817948881586,0.09127808152020762,0.06423375200525477,0.040016802902289206,0.04178705324116782,0.0720217254784129,0.049958387785868,0.07709475522779098,0.02786264568206735,0.08210087407119161,0.14433310787945328,0.10609890719669655,0.04154621470549862,0.03552525521588271,0.0317420960417481,0.0267789727377741,0.024756637967056492,0.0232471132753176,0.03024854208055077,0.025872389507427134,0.021657762882835052,0.02354250857568085,0.02637556027814574,0.023061145587680475,0.024578395732772144,0.022508274302284224,0.02661099599330887,0.02771232953671113,0.029475343359663744,0.025032021189478452,0.029042658361815073,0.02766548899497367,0.031083501745361015,0.02624209875470753,0.02480824840954869,0.029394941577490202,0.02309049871754255,0.03117327194337948,0.03471299873852038,0.1516126160131723,0.020688027126209842,0.007118008437985739,0.05013476803232784,0.034092294635263934,0.009018126689620562,0.04720691525727793,0.014581342839530293,0.010964984253984733,0.0,0.015922870078235552,0.0052794147912006185,0.03927743383127323,0.5938881949836275,0.020352408548924936,0.0,0.4930249220897636,0.0,0.0,0.0,0.0
Communications except radio & TV,0.0,0.0,0.0031970108232728758,0.0005613255062697558,0.009064925310857048,0.0038486108182782266,0.002870839711449444,0.00789660432668233,0.00736204761249484,0.004653179496399073,0.0030124922810507077,0.0016756795501787975,0.004646306447402767,0.0020110906810759848,0.0010936424818472068,0.001646669614930368,0.00277292181566098,0.004522031545317514,0.0031504768711889393,0.00461462569757074,0.002403753740690007,0.005094978546550361,0.00422875675154321,0.003182916438963308,0.0028891445819171336,0.013089146161082957,0.004374663034624921,0.00603429400975131,0.005071678783130152,0.004419000807851384,0.001611599018349964,0.005911057691306898,0.0027260928630343023,0.004429231979107775,0.005185564649004632,0.0057949715412048556,0.00243682144338534,0.0023838127223658034,0.0025167001650125056,0.004522316520158472,0.0041706126006005265,0.005072299287582475,0.0033922329629004653,0.003053069935244906,0.003492250849640789,0.004089657231973985,0.005775764100275949,0.004785911009882496,0.004551257567422037,0.006915546033386051,0.008642199891938563,0.003851393024009087,0.006265770067831138,0.003929766314678471,0.003709558562531059,0.007618879116238434,0.006876644876475083,0.004507573437850858,0.0019519197968535466,0.008665616337275393,0.00319010281803689,0.006192130561864924,0.009877505417423153,0.0051581401490790385,0.008146075752426646,0.05682476632323189,0.12504831692613885,0.004267114538988506,0.025168333337238013,0.017516078992670416,0.010532947234934524,0.031984986584331965,0.011610884917228255,0.0,0.013415137795810779,0.008593223009962852,0.023555960749431212,0.007176293195602516,0.00611763188905166,0.0,0.0,0.0,0.0,0.0,0.0
Radio & TV broadcasting,0.0,0.0,0.0,0.0,0.0,0.0,0.0,0.0,0.0,0.0,0.0,0.0,0.0,0.0,0.0,0.0,0.0,0.0,0.0,0.0,0.0,0.0,0.0,0.0,0.0,0.0,0.0,0.0,0.0,0.0,0.0,0.0,0.0,0.0,0.0,0.0,0.0,0.0,0.0,0.0,0.0,0.0,0.0,0.0,0.0,0.0,0.0,0.0,0.0,0.0,0.0,0.0,0.0,0.0,0.0,0.0,0.0,0.0,0.0,0.0,0.0,0.0,0.0,0.0,0.0,0.0,0.011505596539274465,0.0,0.0,0.0,0.0,0.0,0.08901034257391664,0.0,0.0,0.0,0.0,0.0,0.0,0.0,0.0,0.0,0.0,0.0,0.0
"Electric, gas, water & sanitary services",0.0035942134814195767,0.0013424435998406674,0.0,0.0018243078953767064,0.06469060335475256,0.09778870088143572,0.03700132298168908,0.012359296947485754,0.0625167914971135,0.07620638966148119,0.0021511097772165836,0.0009858301397871806,0.01086922474549726,0.0056869539302869644,0.001991570167032908,0.010235190011556837,0.011861106087702024,0.006140895865614778,0.005493511424806237,0.009302604928787725,0.008172358045999105,0.010312844109535134,0.006721402391975309,0.017816263828944932,0.005817052284342994,0.009149964161627371,0.02503844139601136,0.010593879148843363,0.006126231595284862,0.007336938511941333,0.009936563966851624,0.019755289372461165,0.00949280723885304,0.006793251913031567,0.0652363982060483,0.04162980777354627,0.020362216159134777,0.01705262602378059,0.007256917898494823,0.009710138840878424,0.01173207532286966,0.01375311456973799,0.005724754718800473,0.007100102987404243,0.008973261420081032,0.007004678634236984,0.013968889481146978,0.009602317669369979,0.010675861456752834,0.014335020489919846,0.01307054674200196,0.007519090574292395,0.01139182069326012,0.008768730667315029,0.0099558152579843,0.007806138624985713,0.010385714689985002,0.013190999652969155,0.004105914508220113,0.01406617075165028,0.008261038850683657,0.008250506091896623,0.010758259036171718,0.00820975805641099,0.010873500862979576,0.012784670101664758,0.013302574983757288,0.2055587911922893,0.031950101845959936,0.010400566149462555,0.012403433046796053,0.06503603035393396,0.002739538433421836,0.0,0.0409238086977011,0.027082781813206214,0.0205611245066629,0.017742407363647617,0.057361753339088016,0.0,0.0,0.0,0.0,0.0,0.0
Wholesale trade,0.04998751626974826,0.07836657772901573,0.01929137658856799,0.03732258848865886,0.044886505883334725,0.03831617769693842,0.024816447748334053,0.049451113758334546,0.08463569823140485,0.06445711143307353,0.11886681885653344,0.19580790503131038,0.04072043852779953,0.02745552934789071,0.026719167625297628,0.04345641136759941,0.0748981922425168,0.07427990417090927,0.07992785508476469,0.05735201814799657,0.03717117842610784,0.06070894762458707,0.04078052662037037,0.07534327626047256,0.025709639677413312,0.03512073689424793,0.04225709863000655,0.029138066316746338,0.04228619389283612,0.036125824196492386,0.014389529621169149,0.06597253302436074,0.06279565523264276,0.05611294832421661,0.06855880462329231,0.0544327262215041,0.029096475468532557,0.050411894399057106,0.03999304664284306,0.046842508806106284,0.038837968588069205,0.03953762503417644,0.025208398621121904,0.03168882670028613,0.03701449298127705,0.04984902279589873,0.04551511730453362,0.04371869033891467,0.036835226137872795,0.039715264594115764,0.05781015397397294,0.051602454597489494,0.05187311156109321,0.055627362948409996,0.04880219253908785,0.05913719858483469,0.052009116615619716,0.04734546920611591,0.0066220955989322395,0.045401352132899905,0.047253767902052934,0.060907331933637975,0.05797881686181404,0.08542321762483984,0.06582655218236227,0.05253166903058527,0.05399981906853191,0.01082521692343358,0.09123675536505693,0.04353502385803661,0.05598794061964091,0.06840310580966968,0.024656678891076693,0.0,0.12124287889910078,0.02947159870376215,0.1078375192276078,0.03328213437756698,0.021023091553154984,0.0,0.015360987090644262,0.0,0.0,0.0,0.0
Retail trade,0.015098815643360085,0.02601917462880794,0.008094740548091447,0.010705477786654625,0.026422849036134524,0.029781891074558572,0.02545685643662673,0.04529537269082783,0.07384654701291553,0.03163104516756734,0.014547296788062304,0.012360670764155923,0.011547898720960586,0.00624365410998807,0.0061897672960902605,0.008033572448884278,0.01471607691843993,0.01127941606892227,0.012161890509481584,0.02615065343992464,0.018208232249553345,0.02017003973116739,0.012579270351080247,0.010117021597036055,0.016735331227634487,0.016724646250733156,0.019366228445474983,0.0178089625836286,0.016805400242967637,0.017902595692772864,0.014824630143747557,0.021333181233994702,0.018975001212944546,0.014974241702263589,0.028314340530649136,0.028517708481282687,0.009848079092016616,0.010362044878495,0.009758050845991788,0.013810322231878159,0.013331039821106047,0.009969202515385845,0.031751801942964585,0.008915528525458922,0.010971558211473881,0.01136476756146929,0.015460182039507275,0.012933332062681267,0.009734423345796292,0.017770607978549763,0.015210054600892186,0.006894348480075253,0.016037655197008296,0.014949600525769848,0.011781597989839208,0.01808603993276738,0.018459622840300317,0.0196633800804295,0.005717016767262811,0.016566220609058095,0.01454992959029627,0.015737623345916274,0.016576639080231926,0.010961667514713882,0.043553695136841514,0.03488129356747508,0.02295773605388468,0.017191144078617923,0.06506651487983887,0.5095913543484494,0.09808698480651226,0.0366622567285753,0.009831284482673886,0.0,0.0028115429048352065,0.022535056590987316,0.015811434009223337,0.015044616232882108,0.00929106388770492,0.0,0.0,0.0,0.0,0.0,0.0
Finance & insurance,0.016271124298659755,0.1904915814850456,0.016430818502913086,0.0034666018270867343,0.3727572394225152,0.06639876391305853,0.0552810801396922,0.46155417288741607,0.08360363548198968,0.04816040778773041,0.00634851978584661,0.003410439402507003,0.01006525711302532,0.005035573086165169,0.0029534247958517643,0.005613441490185282,0.010460412187460232,0.024512112475447684,0.018136740300641038,0.0158771230981494,0.008963492484222837,0.016980500315847247,0.01427318431712963,0.01166692843588232,0.015579544184465938,0.07501985111554804,0.01338262410298048,0.013556927936915516,0.01475957611390003,0.014957789317374537,0.015639689324493434,0.02057088044284222,0.012434197758478482,0.020240135769842828,0.019345813496998997,0.01491831825715169,0.0077772589185556035,0.01044267195189349,0.00855851025187758,0.010286264412561906,0.008939470759382215,0.008755616542943661,0.02113058361256418,0.005973397699392207,0.00778617663327944,0.009403722998307728,0.014241394747835305,0.01204705224603636,0.009456430454471657,0.013279623226346265,0.019820313921191175,0.008444667284901031,0.013415274585428886,0.01531616756259004,0.017467921317363234,0.022992884784390048,0.021415774705527656,0.019729724212546186,0.0036004949519208808,0.02376483257882456,0.011424508157252707,0.01623879304018486,0.02435925737377742,0.019499978141564244,0.02810943308365656,0.07845901121219274,0.09853774477149178,0.02383620624504717,0.1809790026297516,0.07422491426816961,0.021822437930652666,0.17390024381040062,0.05295419169871875,0.0,0.11181741326832477,0.15085349646275636,0.26258436301624943,0.04842099044661243,0.0344448105790618,0.0,0.0,0.0,0.0,0.0,0.0
Real estate & rental,0.0008720263991524824,0.008607086915686953,0.0007538244880807714,0.0007766855396158255,0.0024044479679546024,0.0021870682900272834,0.004477361125114959,0.006872465401221655,0.0037907828605503024,0.0036908173732801744,0.005895536951426641,0.005789145587331329,0.0031323414252153485,0.0013746165098273114,0.00047863250104823794,0.0014109681890424055,0.002200253179817952,0.001196191554076306,0.000951508789171562,0.0025533676631035998,0.0015235913861444234,0.001890941224796943,0.0014030550733024692,0.0028453955153554538,0.0018438324321984568,0.008208962675561355,0.002980864870290044,0.0030908398513875127,0.002033334360269879,0.0020572445998448784,0.002031301435394751,0.003703674406385841,0.002075651351220222,0.0014961548977786147,0.005178176050597122,0.004073240694775483,0.0025660298995158525,0.0021663028675385143,0.0028072882253026093,0.0020080937566294824,0.002331684633832378,0.0025587189897186956,0.002219704457247547,0.0037340949869630515,0.0024375630428416432,0.0023094534957029565,0.003355408256310668,0.0024587117494019994,0.0025142004141860473,0.0033056436814031397,0.0038934698853408415,0.0018192063823084398,0.0020508110669542425,0.002183565779686224,0.0017887871343310146,0.003894997781943405,0.003567844556043894,0.0028362116479882416,0.0016655308662850935,0.003541072532556887,0.0026743427546914085,0.0025049535254603153,0.0029103163054300376,0.0020051171274139486,0.002358991979661354,0.011159516707084148,0.0002179401774773219,0.00014840089205425113,0.017216230121651858,0.0025138884702025866,0.02636363855038203,0.1146024855636231,0.015717360400408432,0.0,0.026418577674321056,0.0077825163246237426,0.008217745865063046,0.0025233771056273843,0.0022547126897880677,0.0,0.10726431329759893,0.0,0.0,0.0,0.0
Hotels & personal services,0.0006485729789085351,0.007471224958837765,0.0,0.004148806835944284,0.005398272552783109,0.003014692693303795,0.004529913746482488,0.01580249263229235,0.012519084969889979,0.00905254920208547,0.0801717602746457,0.010148924354768525,0.04772644218219786,0.02334644091830462,0.047247584463064485,0.01228436947332636,0.0176581201733411,0.0239905688867189,0.015315717763730986,0.016184068467096312,0.009930659393355684,0.02298608546170654,0.10612581983024691,0.014936981750741202,0.010867886886630148,0.031244505397897106,0.014517272571694008,0.01324256192115973,0.21611713071708757,0.02582706248399075,0.014616651677790063,0.027144319651748024,0.015475656202998398,0.04707890167739642,0.021637510436395252,0.016991702353382286,0.005958243329725147,0.007765303385017731,0.007915065261235206,0.016323737342736563,0.016236260903488595,0.012636254365556342,0.008091989489670468,0.012318729984468525,0.009754740204586995,0.011723131034940439,0.019887643982350045,0.013698899932973104,0.015458974439838484,0.01727935700000951,0.014061562438061519,0.02477404125605108,0.013399641914122897,0.034992945796985205,0.014668254477717151,0.032809803099855164,0.03546729185577984,0.024071437320105336,0.010838260941737234,0.01881738228666015,0.009794790907911041,0.051494291140214754,0.050986849515022366,0.04379484077819637,0.01850935483237212,0.08328179535553401,0.42527119159820054,0.0034385428916856044,0.17929946358852866,0.06838931991813728,0.01964017861874718,0.07486932993622392,0.016288125340380655,0.0,0.04013666299418315,0.07674838762672315,0.026302110483356365,0.01614736297246509,0.021546027300111393,0.0,0.0,0.0,9.490041183506308e-05,0.0,0.0
Business services,0.0,0.0,0.0,0.0,0.0,0.0,0.0,0.0,0.0,0.0,0.0,0.0,0.0,0.0,0.0,0.0,0.0,0.0,0.0,0.0,0.0,0.0,0.0,0.0,0.0,0.0,0.0006425985997681292,0.0,0.0,0.0,0.0,0.0,0.0,0.0,0.0,0.0,0.0,0.0,0.0,0.0,0.0,0.0,0.0,0.0,0.0,0.0,0.0,0.0,0.0,0.0,0.0,0.0,0.0,0.0,0.0,0.0,0.0,0.0,0.0,0.0,0.0,0.0,0.0,0.0,0.0,0.0,0.0,0.0,0.0,0.0,0.0,0.0,0.0,0.0,0.0,0.0,0.0006154313306059152,0.0,0.0,0.0,0.0,0.0,0.0,0.0,0.0
Eating & drinking places,0.004323972752596012,0.024287548549093815,0.0,0.001183785473618396,0.006827380455645498,0.00683498176394138,0.005129991353260554,0.01055704453814816,0.09986435746721972,0.0016074620078469527,0.020958277699819314,0.01901140409116612,0.002182197859566693,0.005555763563165309,0.0008746517210936294,0.0006496229974712463,0.0012943650745808803,0.0011460291514804233,0.0023005963681847624,0.01685991801496317,0.0056735063037834845,0.0038101878859636102,0.002459490740740741,0.002280081585934172,0.001516930115908191,0.002571853657880079,0.003101303854948228,0.0016425411338134301,0.0018693020633930705,0.002558793130934618,0.0014214116067590191,0.0025858275335052224,0.002595701324535442,0.002003335013356448,0.0037423250934041983,0.009694212381208564,0.0006128019309426374,0.0014608159753017286,0.0012566203916711926,0.0031272311405024893,0.0017985380760251787,0.0015179497232353351,0.0007945423426463853,0.0013671802356526235,0.0018350445830000034,0.0017702491953412748,0.002191271746144874,0.00226049002696959,0.001478735295869703,0.004028258024030096,0.001433578869916293,0.0010045568901332457,0.0015261395362470352,0.002063395137374141,0.0011718605485947172,0.001935230164536536,0.001763242276019252,0.0027481780880641805,0.00029986059153598767,0.0023038111002532755,0.0015772957347065515,0.002000204047661238,0.001975501083484631,0.002066861574807905,0.03467234155682435,0.017148977597075114,0.0,0.002923654611449757,0.049755548305298915,0.0036482590625148154,0.004367312015050792,0.03977359740625462,0.0031725267810540025,0.0,0.03434958849627983,0.007719124061783349,0.007045049721281329,0.03597148612001935,0.0016341742092387704,0.0,0.0,0.0,0.0,0.0,0.0
Automobile repair & services,0.0,0.0,0.0,0.0,0.0,0.0,0.0,0.0,0.0,0.0,0.0,0.0,0.0,0.0,0.0,0.0,0.0,0.0,0.0,0.0,0.0,0.0,0.0,0.0,0.0,0.0,0.0,0.0,0.0,0.0,0.0,0.0,0.0,0.0,0.0,0.0,0.0,0.0,0.0,0.0,0.0,0.0,0.0,0.0,0.0,0.0,0.0,0.0,0.0,0.0,0.0,0.0,0.0,0.0,0.0,0.0,0.0,0.0,0.0,0.0,0.0,0.0,0.0,0.0,4.1299289008495194e-05,0.0,0.0,0.0,0.0,0.0,0.00814141636264612,0.0,0.0011685187650219385,0.0,0.0,0.5307936845234933,0.0031466607119926787,0.0,0.0,0.0,0.0,0.0,0.0,0.0,0.0
Amusements,0.0060714656480309725,0.0,0.0007609226471022476,0.0008280940637048873,0.0024148794125010433,0.0018440604574906302,0.0010247761166668195,0.003539516966181366,0.0028832229190010944,0.00297168963292759,0.0030368510027832074,0.001639333579983941,0.025037849125554686,0.0018395765992487154,0.0017450416459450484,0.0022875577119801835,0.0028809251110173406,0.003312608748817367,0.0025105537066404593,0.002787671668633839,0.0019039833922468825,0.0032130122162121115,0.0028030960648148147,0.0031858747896881577,0.0026048816981864673,0.004371586834575195,0.0031391340488472726,0.0037119044191001637,0.0034713230745147933,0.002273985215065801,0.0015794502709858492,0.0036374778876565976,0.0027897724516035127,0.003505307409853891,0.004220121123756561,0.004105665864562349,0.0021441812678477,0.0019172751567463604,0.0018153105313956184,0.002659869461791029,0.0025113008538422904,0.0033071614899035495,0.002232239712653376,0.002016783227545732,0.0022277474897869193,0.002440521617944719,0.003868975874300208,0.0029116992112427297,0.002916005265512412,0.005064639120692442,0.006301773782340371,0.0023543192840313615,0.0033546735580692673,0.002319572863233233,0.002944649586699183,0.0041900929388313584,0.00500891416928432,0.002737971298507767,0.0018357847885127302,0.007685220270027721,0.0023069693980953235,0.0035726239634289313,0.004430798895341241,0.0035248417742199355,0.0018954200008109376,0.006808865962888754,0.011127285287804397,0.0019058521970300585,0.005056748424232096,0.007926650232325525,0.015755812911380205,0.006575654822280685,0.0035157187764838847,0.15725488346218722,0.002636333937933734,0.0021830152485177593,0.0334164177953066,0.00017300746041926882,7.163503382964472e-05,0.0,0.0,0.0,0.0,0.0,0.0
"Medical, educational services & nonprofit orgs",0.00020709384722574514,0.0002194869763998049,0.0009497336770735142,0.001272708326096773,0.0029312359175498624,0.0022877678371940073,0.0013193152271220412,0.0006463970328403347,0.002866840970597679,0.0039446271639928514,0.0,0.0,0.030498564343513442,0.0006617456401038879,0.0031497952534736097,0.0008823658280551758,0.0018301953771240648,0.002908983155756005,0.002698175158026401,0.001054486719924339,0.0008073213321004316,0.0012737446366375903,0.001681857638888889,0.002370714694504568,0.0017165601865281358,0.014275654609257544,0.002814103199224867,0.012401696724544659,0.004521296304777003,0.0031015402913638717,0.0025829281620113756,0.0021724115391773065,0.0054931226044345255,0.0030478404651460432,0.005588243262213969,0.0026570371523941877,0.0010366163897441727,0.0008592280617398149,0.0011078669798560206,0.0018137186805755226,0.001551922154900458,0.0020931456251579855,0.0016315117035894222,0.0023188197617823106,0.001189328803411803,0.001786840096890865,0.00181919724739735,0.0013284667359172043,0.001745631832288524,0.00474770300550518,0.006961545875881393,0.0016062261229162322,0.004696640685492637,0.0028761771948725328,0.002644685282451388,0.007088740989750448,0.014058047677200407,0.0037025129115887886,0.0021838026968407096,0.007263227170292962,0.001024756060286433,0.002940792170297462,0.005687731169667837,0.0031444599231214027,0.006198822635856059,0.02777002811339786,0.0027386444943376673,0.029731412052154668,0.016583875549197602,0.06213195537363248,0.017003062099958246,0.0015174588051416963,0.07627791954346802,0.0,0.0008216696378827679,0.0010182940249220877,0.002864947451727336,0.006848563616109104,0.0026719867618457483,0.0,0.0,0.0,0.0,0.0,0.0
Federal government enterprises,0.0,0.0,0.0,0.0008197575462850394,0.0,0.0,0.00033731449994041997,0.0021196484389279556,0.001592325384811968,0.0011844456899924914,0.0,0.0,0.000908379013312451,7.106872750642749e-05,0.00048092731440942815,9.890161444910322e-05,0.0002620545073375262,0.0005975868830987744,0.0005952513904089701,0.001580068349350833,0.0006879429897597663,0.0010051881793736214,0.0002561969521604938,0.0007430839138872513,0.0005142573987491141,0.0007304429067156031,0.000962739832492019,0.0008902777410970096,0.000816830879371315,0.0010944505446279674,0.00062466368664772,0.0014688133212375503,0.0014449201882489934,0.0011851831480812567,0.0017634121532592339,0.0015618884601560884,0.00012098772448182138,0.0007588107066889686,0.0006149050918638802,0.0007530015065414482,0.0007940177344882625,0.0003413344888838448,0.0003693079092640359,0.00039758524676577225,0.0007012551906909215,0.0005972724557852474,0.0008676747365158555,0.0007363428727537254,0.0004531984951006673,0.0010078568462954921,0.0006244756440923246,0.0002049934996649998,0.000689791621376701,0.0011076193310780378,0.0005149387222920473,0.0011293685544792797,0.0009164506150667964,0.0014812603343744258,0.0,0.00110962646830066,0.0004823624854731105,0.0011231570826912096,0.0009235523879460645,0.0,0.05205741938800974,0.0016631972015365797,0.0,0.3067540661549977,0.013944701774229249,0.0008712954174854289,0.013124205580869802,0.0,1.9658570612002958e-05,0.0,0.0,0.0,5.9398858901091535e-05,0.0012560622939382688,3.4026641069081245e-05,0.0,0.0,0.0,0.0,0.0,0.0
State & local government enterprises,0.0,7.059409991270602e-05,0.0004627999682002476,0.0,0.0,0.0,0.0,0.0,0.0,0.0,0.0,0.0,0.0,0.045119878473349403,3.933965762040312e-06,0.0037513579600231784,0.09039038586479661,0.000110938878784517,0.007280382390386634,0.0036864304983577354,0.0,0.0013593513222435855,0.0,0.0,0.0,0.0,0.002957960875344364,0.0,0.001935914163647612,0.009497179685134997,0.0,0.14688091579344853,0.005032203677647858,0.0,0.0,0.002639682836170231,0.0,0.02556812767810154,0.0,0.0,0.0,0.00016249929067769942,0.0,0.0,0.0,0.0,0.0,0.0,0.0,0.0,0.0,0.0,0.0002476801360042404,0.0006176212081621018,0.0,0.0,0.0,0.0,0.00037581288699088157,0.0,1.2682624508495456e-06,8.949458826224778e-07,0.0,0.03637829606056905,0.053623197492949234,0.04017328466327329,0.003857129933466565,0.0,0.0,0.0005582877511215886,0.0,0.0,0.0,0.0,0.0,0.001878107392743193,0.0,0.0,0.0,0.0,0.02322929193244145,0.0,0.0,0.0,0.0
Gross imports of goods & services,0.001378102910276304,0.002642896711875141,0.016138374351228266,0.0018076348605370106,0.0073124426270549945,0.0066147015045141715,0.006067994536971686,0.017402238251269728,0.010903824857313229,0.02645967068179655,0.012617706120179118,0.0,0.002015139650221874,0.0035406550679164903,0.0021774500492893127,0.003188097768331562,0.005315604048197936,0.007660162372062246,0.007578566482767863,0.010796263290283435,0.007296242414922697,0.01027349264921625,0.006905261381172839,0.006676190763060849,0.005210409448381414,0.024515096615998024,0.015049983465374435,0.004351711676099067,0.010057594487182584,0.009367314440477833,0.004982951800184194,0.009035616641388479,0.005694774634903692,0.00804189868350004,0.011722011373515815,0.012775060203493059,0.003363440869438876,0.0037744464951411194,0.004083800061576994,0.0038721561203380944,0.007200329581508463,0.015047950187519022,0.005064243183954873,0.007590671880591042,0.005592089392645684,0.012117994491820685,0.01286314695670011,0.009450474747378486,0.008573394211440459,0.02269579520855981,0.030056284261313192,0.012139874785355833,0.011673697297746208,0.004146818715133629,0.004894417564309847,0.017333127563114527,0.01750181222122813,0.003266172658052136,0.002737224723254146,0.022340905011666634,0.005551607501518744,0.015113846065728406,0.011850753934107916,0.016227071740287532,0.014605485197674364,0.03585970224380423,0.10542958887435955,0.011504995083729708,0.09665460188196788,0.04421654924784536,0.004857164206633047,0.05366772737126356,0.04413449061228284,0.0,0.015001944129053918,0.04927185950488857,0.09229103863464452,0.019624390957476735,0.000590989029094569,0.0,0.0,0.0,0.0,0.0,0.0
"Business travel, entertainment, gifts",0.0,0.0,0.0,0.0,0.0,0.0,0.0,0.0,0.0,0.0,0.0,0.0,0.0,0.0,0.0,0.0,0.0,0.0,0.0,0.0,0.0,0.0,0.0,0.0,0.0,0.0,0.0,0.0,0.0,0.0,0.0,0.0,0.0,0.0,0.0,0.0,0.0,0.0,0.0,0.0,0.0,0.0,0.0,0.0,0.0,0.0,0.0,0.0,0.0,0.0,0.0,0.0,0.0,0.0,0.0,0.0,0.0,0.0,0.0,0.0,0.0,0.0,0.0,0.0,0.0,0.0,0.0,0.0,0.0,0.0,0.0,0.0,0.0,0.0,0.0,0.0,0.0,0.0,0.0,0.0,0.0,0.0,0.0,0.0,0.0
Office supplies,0.0,0.0,0.0,0.0,0.0,0.0,0.0,0.0,0.0,0.0,0.0017480176274459775,0.0,0.0,0.0037446319236764374,0.0,0.0,0.010501436694998693,0.0,0.0,0.0,0.0,0.0,0.0,0.03870114418248398,0.0004231640655536052,1.3024242021674943e-06,0.002357824738115979,3.4077616884096062e-06,0.0,0.0,0.0,0.0017202768263473802,0.0,0.0,0.008426696483766018,0.0,0.062463978451675235,0.11840213998912268,0.0,0.0027516726486807802,7.602802963382525e-06,0.005930364325129269,0.01229901405394981,0.003539149962742415,0.0011152762552748415,0.00044297707137405846,0.00327380640447268,0.0034186893859256226,0.0012994415613388978,0.0,0.00096929480409113,0.00039667573311798665,5.178322370108378e-05,0.0008081242806645902,0.00046194502854160355,4.3909126189017165e-05,4.353684632146301e-06,1.0206789556412926e-05,1.502012774541224e-05,5.584029675129131e-06,0.0,1.0739350591469733e-05,2.25256679986845e-05,0.000804931263106611,0.0,0.0,0.0,0.0,0.0,0.0,0.0,0.0,0.0,0.0,0.0,0.0,0.0,0.0,0.0,0.0,0.0,0.0,0.0,0.0,0.0
"Scrap, used & secondhand goods",0.0,0.0,0.0,0.0,0.0,0.0,0.0,0.0,0.0,0.0,0.0,0.0,0.0,0.0,0.0,0.0,0.0,0.0,0.0,0.0,0.0,0.0,0.0,0.0,0.0,0.0,0.0,0.0,0.0,0.0,0.0,0.0,0.0,0.0,0.0,0.0,0.0,0.0,0.0,0.0,0.0,0.0,0.0,0.0,0.0,0.0,0.0,0.0,0.0,0.0,0.0,0.0,0.0,0.0,0.0,0.0,0.0,0.0,0.0,0.0,0.0,0.0,0.0,0.0,0.0,0.0,0.0,0.0,0.0,0.0,0.0,0.0,0.0,0.0,0.0,0.0,0.0,0.0,0.0,0.0,0.0,0.0,0.0,0.0,0.0
Government industry,0.0,0.0,0.0,0.0,0.0,0.0,0.0,0.0,0.0,0.0,0.0,0.0,0.0,0.0,0.0,0.0,0.0,0.0,0.0,0.0,0.0,0.0,0.0,0.0,0.0,0.0,0.0,0.0,0.0,0.0,0.0,0.0,0.0,0.0,0.0,0.0,0.0,0.0,0.0,0.0,0.0,0.0,0.0,0.0,0.0,0.0,0.0,0.0,0.0,0.0,0.0,0.0,0.0,0.0,0.0,0.0,0.0,0.0,0.0,0.0,0.0,0.0,0.0,0.0,0.0,0.0,0.0,0.0,0.0,0.0,0.0,0.0,0.0,0.0,0.0,0.0,0.0,0.0,0.0,0.0,0.0,0.0,0.0,0.0,0.0
