table_id,document_id,file,chars,lines,preview
T00001,[2001] Cronin - Productive and Unproductive Capital A mapping of the New Zealand system of national accounts to classical economic categories 1972-95,[2025.10.02] table_selection_integrity.json,26555,789,"{   ""groups"": [     {       ""page"": ""001"";       ""candidates"": [         {           ""file"": ""..\\Projects\\Shaikh Tonak\\[2001] Cronin - Productive a"
T00002,[2001] Cronin - Productive and Unproductive Capital A mapping of the New Zealand system of national accounts to classical economic categories 1972-95,[2025.10.02] page_001_table_01_pdfplumber_strategy_2.csv,742,26,ISSN: 09;53-8259 (;Print) 1465-3982 (Onl;ine) Journal homepage: www.tandfo ;;; Produc;tive;and Unpr;oductive Capita of the;New;Zealand;system of natio
T00003,[2001] Cronin - Productive and Unproductive Capital A mapping of the New Zealand system of national accounts to classical economic categories 1972-95,[2025.10.02] page_002_table_01_pdfplumber_strategy_2.csv,2815,48,"""Review of Political Economy; Volume 13; Number 3; 2001"" """" Productive and Unproductive Capital: a mapping of the New Zealand system of national accou"
T00004,[2001] Cronin - Productive and Unproductive Capital A mapping of the New Zealand system of national accounts to classical economic categories 1972-95,[2025.10.02] page_003_table_01_pymupdf_text_analysis.csv,249,4,"""‘New Zealand;’"";The Economist;""remarked in April 1995; ‘now probably boasts"" cally conceived national accounts data.;1;The most comprehensive of thes"
T00005,[2001] Cronin - Productive and Unproductive Capital A mapping of the New Zealand system of national accounts to classical economic categories 1972-95,[2025.10.02] page_004_table_01_pdfplumber_strategy_2.csv,3675,50,"Productive and Unproductive Capital 311 """" ""production price (see Marx; 1867; pp.251–252). Constant capital is similarly"" de(cid:142)ned as the money "
T00006,[2001] Cronin - Productive and Unproductive Capital A mapping of the New Zealand system of national accounts to classical economic categories 1972-95,[2025.10.02] page_005_table_01_pymupdf_text_analysis.csv,182,3,"only with production of outputs.;5;""First; the relationship between the neoclassical"" non-market production and non-market consumption (Fraad;et al.;"""
T00007,[2001] Cronin - Productive and Unproductive Capital A mapping of the New Zealand system of national accounts to classical economic categories 1972-95,[2025.10.02] page_006_table_01_pdfplumber_strategy_2.csv,1811,27,;;;Producti;ve and Unprod;uctive Capital 313 ;;;;; Fig. 1. Rel;ationship bet;ween conven;tional natio;nal accounts an;d classical categories ;as;sumin
T00008,[2001] Cronin - Productive and Unproductive Capital A mapping of the New Zealand system of national accounts to classical economic categories 1972-95,[2025.10.02] page_007_table_01_pdfplumber_strategy_2.csv,1673,24,"314 Bruce;Cronin;; ;;; ;Fig. 2. De;rivation of classica;l production and trade categories ;;; paid for acc;ess to la;""nd; interest a roy"";""alty paid f"
T00009,[2001] Cronin - Productive and Unproductive Capital A mapping of the New Zealand system of national accounts to classical economic categories 1972-95,[2025.10.02] page_008_table_01_pdfplumber_strategy_2.csv,1530,23,";;Productive and Unproductive Capital 315 ;; ;;Fig. 3. Value and secondary/(cid:142)ctitious categories ;; ;Similar;""ly; of(cid:142)cial national acco"
T00010,[2001] Cronin - Productive and Unproductive Capital A mapping of the New Zealand system of national accounts to classical economic categories 1972-95,[2025.10.02] page_009_table_01_pdfplumber_strategy_2.csv,3491,50,"316 Bruce Cronin """" relatively large andhighly mechanised holdings.6 There is insuf(cid:142)cientdata in the national accounts and from other sources "
T00011,[2001] Cronin - Productive and Unproductive Capital A mapping of the New Zealand system of national accounts to classical economic categories 1972-95,[2025.10.02] page_010_table_01_pymupdf_text_analysis.csv,170,3,"covered by these studies with annual data from the NZSNA.;7;""However; as only"" 7;The main of; cial national accounting in New Zealand is the System o"
T00012,[2001] Cronin - Productive and Unproductive Capital A mapping of the New Zealand system of national accounts to classical economic categories 1972-95,[2025.10.02] page_011_table_01_pymupdf_text_analysis.csv,904,27,Gross;Total;Constant;Variable;Surplus; output;value;capital;capital;value; 1972;12469;10423;5094;1739;3589 1973;14633;12267;5957;1936;4374 1974;17168;
T00013,[2001] Cronin - Productive and Unproductive Capital A mapping of the New Zealand system of national accounts to classical economic categories 1972-95,[2025.10.02] page_012_table_01_pdfplumber_strategy_2.csv,973,16,;;Product;ive and Un;produc;tive Capita;l 319 ;;;;;; ;Fig. 5. Estimat;es of rate of sur;plus-value;post-197;0; ;;;;;; tive sales and m;onetary transa;
T00014,[2001] Cronin - Productive and Unproductive Capital A mapping of the New Zealand system of national accounts to classical economic categories 1972-95,[2025.10.02] page_013_table_01_pdfplumber_strategy_2.csv,980,17,320 Bruc;e Cron;in;;;;; ;;;;;;; ;F;ig. 7. Estimates of;rate of surplu;s-va;lue pre-1970;; ;;;;;;; for the U;nited S;tates and those i;n this study;(se
T00015,[2001] Cronin - Productive and Unproductive Capital A mapping of the New Zealand system of national accounts to classical economic categories 1972-95,[2025.10.02] page_014_table_01_pdfplumber_strategy_2.csv,1889,29,;;Productive;and Unproductive Capital 321 ;;; ;Fig. 9. Rate of sur;plus-value and;pro(cid:142)t/wage ratio ;;; the rate of surpl;us-value and is sub;j
T00016,[2001] Cronin - Productive and Unproductive Capital A mapping of the New Zealand system of national accounts to classical economic categories 1972-95,[2025.10.02] page_015_table_01_pymupdf_text_analysis.csv,498,27,1972;34%;206%;293% 1973;36%;226%;308% 1974;34%;216%;319% 1975;29%;169%;306% 1976;30%;185%;326% 1977;33%;223%;353% 1978;31%;204%;346% 1979;32%;208%;334
T00017,[2001] Cronin - Productive and Unproductive Capital A mapping of the New Zealand system of national accounts to classical economic categories 1972-95,[2025.10.02] page_016_table_01_pdfplumber_strategy_2.csv,539,12,;Productive and Unproductive Capi;tal 323 ;; Fig. 10. Accum;ulation of surplus-value; ;; Fig. 11. Rate of surplus-val;ue and value composition of capi
T00018,[2001] Cronin - Productive and Unproductive Capital A mapping of the New Zealand system of national accounts to classical economic categories 1972-95,[2025.10.02] page_017_table_01_pdfplumber_strategy_2.csv,410,9,"324 Bruce Cr;onin; ;; ;Fig. 12. Accumulation rate and rate of surplus-value; ;; late 1980s and;""early 1990s; because of the growth of classically"";unp"
T00019,[2001] Cronin - Productive and Unproductive Capital A mapping of the New Zealand system of national accounts to classical economic categories 1972-95,[2025.10.02] page_018_table_01_pdfplumber_strategy_2.csv,1871,29,;Productive;and;Unproductive C;apital 325 ;;;; Fig. 14. Classical and;conventional measur;es of v;alue added and s;urplus ;;;; While neoclassical out;
T00020,[2001] Cronin - Productive and Unproductive Capital A mapping of the New Zealand system of national accounts to classical economic categories 1972-95,[2025.10.02] page_019_table_01_pdfplumber_strategy_2.csv,3257,54,"326 Bruce Cronin """" ""mid-1970s until the late-1980s. The derived classical economic categories; by"" ""contrast; reveal growing unproductive activity th"
T00021,[2001] Cronin - Productive and Unproductive Capital A mapping of the New Zealand system of national accounts to classical economic categories 1972-95,[2025.10.02] page_020_table_01_pymupdf_text_analysis.csv,1569,18,"""waiting to be cleaned: a Marxist-feminist analysis of the household;"";""Rethinking Marxism;"";""2;""; ""1950–86; in: P. Dunne (Ed.)"";Quantitative Marxism;"
T00022,[2001] Cronin - Productive and Unproductive Capital A mapping of the New Zealand system of national accounts to classical economic categories 1972-95,[2025.10.02] page_001_table_01_pdfplumber_strategy_2.csv,742,26,ISSN: 09;53-8259 (;Print) 1465-3982 (Onl;ine) Journal homepage: www.tandfo ;;; Produc;tive;and Unpr;oductive Capita of the;New;Zealand;system of natio
T00023,[2001] Cronin - Productive and Unproductive Capital A mapping of the New Zealand system of national accounts to classical economic categories 1972-95,[2025.10.02] page_001_table_01_pymupdf_text_analysis.csv,142,3,"""classical economic categories; 1972"";‐;95 ""New Zealand system of national accounts to classical economic categories; 1972"";‐;""95; Review of"" "
T00024,[2001] Cronin - Productive and Unproductive Capital A mapping of the New Zealand system of national accounts to classical economic categories 1972-95,[2025.10.02] page_002_table_01_pdfplumber_strategy_2.csv,2815,48,"""Review of Political Economy; Volume 13; Number 3; 2001"" """" Productive and Unproductive Capital: a mapping of the New Zealand system of national accou"
T00025,[2001] Cronin - Productive and Unproductive Capital A mapping of the New Zealand system of national accounts to classical economic categories 1972-95,[2025.10.02] page_003_table_01_pdfplumber_strategy_2.csv,3567,50,"310 Bruce Cro;nin;;;; ;;;;; ""‘New Zealand;’"";The Economist re;marked i;n April 19;""95; ‘now prob"";ably boasts the best framewo;rk for monetary;and (ci"
T00026,[2001] Cronin - Productive and Unproductive Capital A mapping of the New Zealand system of national accounts to classical economic categories 1972-95,[2025.10.02] page_003_table_01_pymupdf_text_analysis.csv,249,4,"""‘New Zealand;’"";The Economist;""remarked in April 1995; ‘now probably boasts"" cally conceived national accounts data.;1;The most comprehensive of thes"
T00027,[2001] Cronin - Productive and Unproductive Capital A mapping of the New Zealand system of national accounts to classical economic categories 1972-95,[2025.10.02] page_004_table_01_pdfplumber_strategy_2.csv,3675,50,"Productive and Unproductive Capital 311 """" ""production price (see Marx; 1867; pp.251–252). Constant capital is similarly"" de(cid:142)ned as the money "
T00028,[2001] Cronin - Productive and Unproductive Capital A mapping of the New Zealand system of national accounts to classical economic categories 1972-95,[2025.10.02] page_005_table_01_pdfplumber_strategy_2.csv,3426,51,"312 Bruce Cronin """" ""rather than unproductive activities. Unproductive activity; variously de(cid:142)ned to"" ""comprise activities such as government "
T00029,[2001] Cronin - Productive and Unproductive Capital A mapping of the New Zealand system of national accounts to classical economic categories 1972-95,[2025.10.02] page_005_table_01_pymupdf_text_analysis.csv,182,3,"only with production of outputs.;5;""First; the relationship between the neoclassical"" non-market production and non-market consumption (Fraad;et al.;"""
T00030,[2001] Cronin - Productive and Unproductive Capital A mapping of the New Zealand system of national accounts to classical economic categories 1972-95,[2025.10.02] page_006_table_01_pdfplumber_strategy_2.csv,1811,27,;;;Producti;ve and Unprod;uctive Capital 313 ;;;;; Fig. 1. Rel;ationship bet;ween conven;tional natio;nal accounts an;d classical categories ;as;sumin
T00031,[2001] Cronin - Productive and Unproductive Capital A mapping of the New Zealand system of national accounts to classical economic categories 1972-95,[2025.10.02] page_006_table_01_pymupdf_text_analysis.csv,160,3,"represents the;sale;""of produced goods and services; summarised in Fig. 2"" ""classical framework; but rather a later"";re;distribution of already produc"
T00032,[2001] Cronin - Productive and Unproductive Capital A mapping of the New Zealand system of national accounts to classical economic categories 1972-95,[2025.10.02] page_007_table_01_pdfplumber_strategy_2.csv,1673,24,"314 Bruce;Cronin;; ;;; ;Fig. 2. De;rivation of classica;l production and trade categories ;;; paid for acc;ess to la;""nd; interest a roy"";""alty paid f"
T00033,[2001] Cronin - Productive and Unproductive Capital A mapping of the New Zealand system of national accounts to classical economic categories 1972-95,[2025.10.02] page_008_table_01_pdfplumber_strategy_2.csv,1530,23,";;Productive and Unproductive Capital 315 ;; ;;Fig. 3. Value and secondary/(cid:142)ctitious categories ;; ;Similar;""ly; of(cid:142)cial national acco"
T00034,[2001] Cronin - Productive and Unproductive Capital A mapping of the New Zealand system of national accounts to classical economic categories 1972-95,[2025.10.02] page_009_table_01_pdfplumber_strategy_2.csv,3491,50,"316 Bruce Cronin """" relatively large andhighly mechanised holdings.6 There is insuf(cid:142)cientdata in the national accounts and from other sources "
T00035,[2001] Cronin - Productive and Unproductive Capital A mapping of the New Zealand system of national accounts to classical economic categories 1972-95,[2025.10.02] page_010_table_01_pdfplumber_strategy_2.csv,1501,21,"4. Empirical Estimates of Classical Economic Categories """" ""The classicaleconomic categoriesof totalvalue; constantcapital; variablecapital"" ""and surp"
T00036,[2001] Cronin - Productive and Unproductive Capital A mapping of the New Zealand system of national accounts to classical economic categories 1972-95,[2025.10.02] page_010_table_01_pymupdf_text_analysis.csv,170,3,"covered by these studies with annual data from the NZSNA.;7;""However; as only"" 7;The main of; cial national accounting in New Zealand is the System o"
T00037,[2001] Cronin - Productive and Unproductive Capital A mapping of the New Zealand system of national accounts to classical economic categories 1972-95,[2025.10.02] page_011_table_01_pdfplumber_strategy_2.csv,2329,47,;Gross;Total;Constant V;ariable S;urplus ;output;value;capital;capital;value ;;;;; 1972;12469;10423;5094;1739;3589 1973;14633;12267;5957;1936;4374 197
T00038,[2001] Cronin - Productive and Unproductive Capital A mapping of the New Zealand system of national accounts to classical economic categories 1972-95,[2025.10.02] page_011_table_01_pymupdf_text_analysis.csv,904,27,Gross;Total;Constant;Variable;Surplus; output;value;capital;capital;value; 1972;12469;10423;5094;1739;3589 1973;14633;12267;5957;1936;4374 1974;17168;
T00039,[2001] Cronin - Productive and Unproductive Capital A mapping of the New Zealand system of national accounts to classical economic categories 1972-95,[2025.10.02] page_012_table_01_pdfplumber_strategy_2.csv,973,16,;;Product;ive and Un;produc;tive Capita;l 319 ;;;;;; ;Fig. 5. Estimat;es of rate of sur;plus-value;post-197;0; ;;;;;; tive sales and m;onetary transa;
T00040,[2001] Cronin - Productive and Unproductive Capital A mapping of the New Zealand system of national accounts to classical economic categories 1972-95,[2025.10.02] page_013_table_01_pdfplumber_strategy_2.csv,980,17,320 Bruc;e Cron;in;;;;; ;;;;;;; ;F;ig. 7. Estimates of;rate of surplu;s-va;lue pre-1970;; ;;;;;;; for the U;nited S;tates and those i;n this study;(se
T00041,[2001] Cronin - Productive and Unproductive Capital A mapping of the New Zealand system of national accounts to classical economic categories 1972-95,[2025.10.02] page_014_table_01_pdfplumber_strategy_2.csv,1889,29,;;Productive;and Unproductive Capital 321 ;;; ;Fig. 9. Rate of sur;plus-value and;pro(cid:142)t/wage ratio ;;; the rate of surpl;us-value and is sub;j
T00042,[2001] Cronin - Productive and Unproductive Capital A mapping of the New Zealand system of national accounts to classical economic categories 1972-95,[2025.10.02] page_014_table_01_pymupdf_text_analysis.csv,135,3,"Fig. 9.;Rate of surplus-value and pro; t/wage ratio ""discussion see Easton; 1997b; Hall; 1996; Rankin; 1995; Fa¨re"";et al;"".; 1996)."" "
T00043,[2001] Cronin - Productive and Unproductive Capital A mapping of the New Zealand system of national accounts to classical economic categories 1972-95,[2025.10.02] page_015_table_01_pdfplumber_strategy_2.csv,1979,51,322 Bru;ce Croni;n;;;;; ;;;;;;; ;;Table 2. R;ate of;surpl;us-value a;nd value; ;;;composit;ion o;f capital;; ;;;;;;; ;;;S/TV;;s/v;c/v; ;;;;;;; ;;1972;
T00044,[2001] Cronin - Productive and Unproductive Capital A mapping of the New Zealand system of national accounts to classical economic categories 1972-95,[2025.10.02] page_015_table_01_pymupdf_text_analysis.csv,498,27,1972;34%;206%;293% 1973;36%;226%;308% 1974;34%;216%;319% 1975;29%;169%;306% 1976;30%;185%;326% 1977;33%;223%;353% 1978;31%;204%;346% 1979;32%;208%;334
T00045,[2001] Cronin - Productive and Unproductive Capital A mapping of the New Zealand system of national accounts to classical economic categories 1972-95,[2025.10.02] page_016_table_01_pdfplumber_strategy_2.csv,539,12,;Productive and Unproductive Capi;tal 323 ;; Fig. 10. Accum;ulation of surplus-value; ;; Fig. 11. Rate of surplus-val;ue and value composition of capi
T00046,[2001] Cronin - Productive and Unproductive Capital A mapping of the New Zealand system of national accounts to classical economic categories 1972-95,[2025.10.02] page_017_table_01_pdfplumber_strategy_2.csv,410,9,"324 Bruce Cr;onin; ;; ;Fig. 12. Accumulation rate and rate of surplus-value; ;; late 1980s and;""early 1990s; because of the growth of classically"";unp"
T00047,[2001] Cronin - Productive and Unproductive Capital A mapping of the New Zealand system of national accounts to classical economic categories 1972-95,[2025.10.02] page_018_table_01_pdfplumber_strategy_2.csv,1871,29,;Productive;and;Unproductive C;apital 325 ;;;; Fig. 14. Classical and;conventional measur;es of v;alue added and s;urplus ;;;; While neoclassical out;
T00048,[2001] Cronin - Productive and Unproductive Capital A mapping of the New Zealand system of national accounts to classical economic categories 1972-95,[2025.10.02] page_019_table_01_pdfplumber_strategy_2.csv,3257,54,"326 Bruce Cronin """" ""mid-1970s until the late-1980s. The derived classical economic categories; by"" ""contrast; reveal growing unproductive activity th"
T00049,[2001] Cronin - Productive and Unproductive Capital A mapping of the New Zealand system of national accounts to classical economic categories 1972-95,[2025.10.02] page_019_table_01_pymupdf_text_analysis.csv,680,9,"""Aglietta; M. (1979)"";A Theory of Capitalist Regulation: the US experience;""(London; New Left""; ""data;"";Capital and Class;""; 55; pp. 103–129.""; ""Croni"
T00050,[2001] Cronin - Productive and Unproductive Capital A mapping of the New Zealand system of national accounts to classical economic categories 1972-95,[2025.10.02] page_020_table_01_pdfplumber_strategy_2.csv,2931,45,"""Freeman; A. (1991) National accounts in value terms: the social wage and pro(cid:142)t rate in Britain"" ""1950–86; in: P. Dunne (Ed.) Quantitative Mar"
T00051,[2001] Cronin - Productive and Unproductive Capital A mapping of the New Zealand system of national accounts to classical economic categories 1972-95,[2025.10.02] page_020_table_01_pymupdf_text_analysis.csv,1569,18,"""waiting to be cleaned: a Marxist-feminist analysis of the household;"";""Rethinking Marxism;"";""2;""; ""1950–86; in: P. Dunne (Ed.)"";Quantitative Marxism;"
T00052,[2002] Matthews - An Econometric Model of the Circuit of Capital,[2025.10.02] table_selection_integrity.json,74159,2649,"{   ""groups"": [     {       ""page"": ""001"";       ""candidates"": [         {           ""file"": ""..\\Projects\\Shaikh Tonak\\[2002] Matthews - An Econome"
T00053,[2002] Matthews - An Econometric Model of the Circuit of Capital,[2025.10.02] page_001_table_01_pdfplumber_strategy_2.csv,17751,51,(cid:77)(cid:101)(cid:116)(cid:114)(cid:111)(cid:101)(cid:99)(cid:111)(cid:110)(cid:111)(cid:109)(cid:105)(cid:99)(cid:97) (cid:53)(cid:49);(cid:58)(c
T00054,[2002] Matthews - An Econometric Model of the Circuit of Capital,[2025.10.02] page_002_table_03_pymupdf_text_analysis.csv,225,4,"productive workers in the form of labor income.;6;The conversion of other; 5;""In this simple case; then; the calculation of"";v;is consistent with its "
T00055,[2002] Matthews - An Econometric Model of the Circuit of Capital,[2025.10.02] page_003_table_01_pdfplumber_strategy_2.csv,23030,70,";;;;;""1467999x;"" (cid:65);(cid:110) (cid:69)(cid:99)(cid:111)(cid:110)(cid:111)(cid:109)(cid:101)(cid:116)(cid:114)(cid:105)(cid:99) (cid:77);(cid:111"
T00056,[2002] Matthews - An Econometric Model of the Circuit of Capital,[2025.10.02] page_004_table_01_pdfplumber_strategy_2.csv,16012,92,";;;;;;""1467999x;"" (cid:52);(cid:80)(cid:101)(cid:116)(cid:101);(cid:114) (cid:72)(cid:97)(cid:110)(cid:115) (cid:77)(cid:97)(cid:116)(cid:116);(cid:10"
T00057,[2002] Matthews - An Econometric Model of the Circuit of Capital,[2025.10.02] page_005_table_01_pdfplumber_strategy_2.csv,20312,93,";;;;;;""1467999x;"" (cid:65);(cid:110) (cid:69)(cid:99)(cid:111)(cid:110)(cid:111)(cid:109)(cid:101)(cid:116)(cid:114)(cid:105);(cid:99) (cid:77)(cid:11"
T00058,[2002] Matthews - An Econometric Model of the Circuit of Capital,[2025.10.02] page_007_table_02_pymupdf_text_analysis.csv,21,3,1;2;1;2 C;0;) ¯ows.; 
T00059,[2002] Matthews - An Econometric Model of the Circuit of Capital,[2025.10.02] page_008_table_01_pymupdf_text_analysis.csv,87,3,"which the composition of costs;k;""; recommittal rate"";p;and new borrow- ings;B;0;and;B "
T00060,[2002] Matthews - An Econometric Model of the Circuit of Capital,[2025.10.02] page_009_table_02_pymupdf_text_analysis.csv,690,9,"""other series plotted there; indicate."";17;""Even without this correction; how-"";; 14;N;t;is itself the product of the number of productive (as de®ned "
T00061,[2002] Matthews - An Econometric Model of the Circuit of Capital,[2025.10.02] page_010_table_01_pymupdf_text_analysis.csv,237,4,almost compel) the primitive series;ù;t;to be tested for the presence of a regression.;19;How should this result be understood? The value of labor; he
T00062,[2002] Matthews - An Econometric Model of the Circuit of Capital,[2025.10.02] page_011_table_04_pymupdf_text_analysis.csv,86,4,"j;;1; ""where; once more;"";p;;0 proves reasonable: H;0;Test statistic;Critical value "
T00063,[2002] Matthews - An Econometric Model of the Circuit of Capital,[2025.10.02] page_012_table_01_pdfplumber_strategy_2.csv,17609,85,";;;;;;""1467999x;"" (cid:49)(cid:50);(cid:80)(cid:101);(cid:116)(cid:101)(cid:114) (cid:72)(cid:97)(cid:110)(cid:115) (cid:77)(cid:97)(cid:116)(cid:116)"
T00064,[2002] Matthews - An Econometric Model of the Circuit of Capital,[2025.10.02] page_013_table_02_pymupdf_text_analysis.csv,157,3,"suppose that the coef®cients will decrease in;t;ÿ;j;""; the speci®cation of a"" constant rate of decrease;ë;a;2;""(0; 1) is a natural ®rst working hypoth"
T00065,[2002] Matthews - An Econometric Model of the Circuit of Capital,[2025.10.02] page_014_table_01_pdfplumber_strategy_2.csv,15374,98,";;;;;;""1467999x;"" (cid:49)(cid:52);(cid:80)(cid:101)(cid:116)(cid:101);(cid:114) (cid:72);(cid:97)(cid:110)(cid:115) (cid:77)(cid:97)(cid:116)(cid:116"
T00066,[2002] Matthews - An Econometric Model of the Circuit of Capital,[2025.10.02] page_015_table_01_pymupdf_text_analysis.csv,293,5,"The estimates of;q;associated with (3.2.5) and (3.2.6) are not far; ""apart; but there is a substantial difference between the estimates of"";ë;a;. Ther"
T00067,[2002] Matthews - An Econometric Model of the Circuit of Capital,[2025.10.02] page_016_table_03_pymupdf_text_analysis.csv,27,3,where;W;0;;P;N t;;1;e;2; 
T00068,[2002] Matthews - An Econometric Model of the Circuit of Capital,[2025.10.02] page_017_table_01_pdfplumber_strategy_2.csv,13067,68,";;;;;;""1467999x;"" (cid:65);(cid:110) (cid:69)(cid:99)(cid:111)(cid:110)(cid:111)(cid:109)(cid:101)(cid:116);(cid:114)(cid:105)(cid:99) (cid:77)(cid:11"
T00069,[2002] Matthews - An Econometric Model of the Circuit of Capital,[2025.10.02] page_018_table_01_pymupdf_text_analysis.csv,99,4,"(;P;t;) speci®cation. ""The other series;"";q;2; t;""in ®gure 4; is based on the national accounts"";; "
T00070,[2002] Matthews - An Econometric Model of the Circuit of Capital,[2025.10.02] page_019_table_01_pdfplumber_strategy_2.csv,12521,63,";;;;;;""1467999x;"" (cid:65)(cid:110);(cid:69)(cid:99)(cid:111)(cid:110)(cid:111)(cid:109)(cid:101)(cid:116)(cid:114)(cid:105)(cid:99);(cid:77)(cid:111)"
T00071,[2002] Matthews - An Econometric Model of the Circuit of Capital,[2025.10.02] page_020_table_01_pymupdf_text_analysis.csv,171,4,"(3;:;3;:;2); and;c;t;ÿ;j;""is similarly de®ned; where both distributions incorporate the"" relevant;a priori;restrictions.;26;""It will also be supposed;"
T00072,[2002] Matthews - An Econometric Model of the Circuit of Capital,[2025.10.02] page_021_table_03_pymupdf_text_analysis.csv,92,3,where CB;2;t;;C;t;ÿ;B;2; more) a natural ®rst choice: the proportion of;S;j;ÿ;(1;ÿ;p;);S;2 
T00073,[2002] Matthews - An Econometric Model of the Circuit of Capital,[2025.10.02] page_022_table_07_pymupdf_text_analysis.csv,97,3,"t;;e;t ""is 1.027; which casts some doubt on; but does not overturn; the chacterization of"";B;2; "
T00074,[2002] Matthews - An Econometric Model of the Circuit of Capital,[2025.10.02] page_023_table_01_pymupdf_text_analysis.csv,83,3,t;ÿ;1;;(1;ÿ;ë;bc;)[;W;t;;(1;ÿ;p;);S;2 SIB;1;t;;2;ë;bc;SIB;1;bc;SIB;1;t;];;v;2; 
T00075,[2002] Matthews - An Econometric Model of the Circuit of Capital,[2025.10.02] page_024_table_03_pymupdf_text_analysis.csv,70,6,^;b;0;;^;c;0 ^;b;1;;^;c;1 ^;b;2;;^;c;2 ^;b;3;;^;c;3 ^;b;4;;^;c;4 
T00076,[2002] Matthews - An Econometric Model of the Circuit of Capital,[2025.10.02] page_025_table_01_pymupdf_text_analysis.csv,425,8,labor power each period constitutes the bulk of;S;1; It is the estimated recommittal rate;^;p;that will most surprise readers: The estimated covarianc
T00077,[2002] Matthews - An Econometric Model of the Circuit of Capital,[2025.10.02] page_026_table_01_pdfplumber_strategy_2.csv,402,46,"""1467999x;"" ""2000; 1"" ""; Downloaded"" from https://onlinelibrary.wiley.com/doi/10.1111/1467-999X.00079 by The New School Assistant Director For Acquisi"
T00078,[2002] Matthews - An Econometric Model of the Circuit of Capital,[2025.10.02] page_027_table_01_pdfplumber_strategy_2.csv,9952,62,";;;;;;""1467999x;"" ;(cid:65)(cid:110) (cid:69)(cid:99)(cid:111)(cid:110)(cid:111)(cid:109)(cid:101)(cid:116)(cid:114)(cid:105)(cid:99);(cid:77)(cid:111"
T00079,[2002] Matthews - An Econometric Model of the Circuit of Capital,[2025.10.02] page_028_table_03_pymupdf_text_analysis.csv,25,3,1;;g;ÿ;ë;a (4;:;1;:;3); 
T00080,[2002] Matthews - An Econometric Model of the Circuit of Capital,[2025.10.02] page_029_table_01_pymupdf_text_analysis.csv,48,3,t;(relative to;C;t;) has 32;The values of;B;1;2 
T00081,[2002] Matthews - An Econometric Model of the Circuit of Capital,[2025.10.02] page_030_table_02_pymupdf_text_analysis.csv,34,3,g;[1;ÿ;a;;(;g;)] F;0;;1;(1;ÿ;B; 
T00082,[2002] Matthews - An Econometric Model of the Circuit of Capital,[2025.10.02] page_031_table_01_pymupdf_text_analysis.csv,130,3,"B;0;;0;:;075;ÿ;0;:;945;B;(4;:;3;:;2) 34;""It is not dif®cult to show; on the basis of (3.2.2); that"";^;Y;0;;(;k;;q;);a;;(;g;). "
T00083,[2002] Matthews - An Econometric Model of the Circuit of Capital,[2025.10.02] page_032_table_02_pymupdf_text_analysis.csv,97,5,"W;t;;0;:;241;C;t I;t;;0;:;759;C;t t;;0;:;351;S;t; ""which; for speci®ed credit"";B;1;t;and;B;2; "
T00084,[2002] Matthews - An Econometric Model of the Circuit of Capital,[2025.10.02] page_033_table_01_pymupdf_text_analysis.csv,75,3,remains constant but;B;1 t;is reduced by the labor time equivalent of 500; 
T00085,[2002] Matthews - An Econometric Model of the Circuit of Capital,[2025.10.02] page_034_table_01_pdfplumber_strategy_2.csv,402,46,"""1467999x;"" ""2000; 1"" ""; Downloaded"" from https://onlinelibrary.wiley.com/doi/10.1111/1467-999X.00079 by The New School Assistant Director For Acquisi"
T00086,[2002] Matthews - An Econometric Model of the Circuit of Capital,[2025.10.02] page_035_table_01_pdfplumber_strategy_2.csv,402,46,"""1467999x;"" ""2000; 1"" ""; Downloaded"" from https://onlinelibrary.wiley.com/doi/10.1111/1467-999X.00079 by The New School Assistant Director For Acquisi"
T00087,[2002] Matthews - An Econometric Model of the Circuit of Capital,[2025.10.02] page_036_table_01_pdfplumber_strategy_2.csv,18466,79,";;;;;""1467999x;"" (cid:51)(cid:54);(cid:80);(cid:101)(cid:116)(cid:101)(cid:114) (cid:72)(cid:97)(cid:110)(cid:115) (cid:77)(cid:97)(cid:116)(cid:116)("
T00088,[2002] Matthews - An Econometric Model of the Circuit of Capital,[2025.10.02] page_037_table_01_pymupdf_text_analysis.csv,145,3,t;9;: the current dollar value of capital expenditures ®nanced with new C;t;: the labor time equivalent of expenditures on constant and variable 
T00089,[2002] Matthews - An Econometric Model of the Circuit of Capital,[2025.10.02] page_038_table_01_pymupdf_text_analysis.csv,125,3,"Y;t;:;""the labor value of the net product ¯ow; calculated as the product of"";m;t; and;Y;9;t;and (therefore) identical to;N;t "
T00090,[2002] Matthews - An Econometric Model of the Circuit of Capital,[2025.10.02] page_039_table_01_pdfplumber_strategy_2.csv,21739,75,";;;;;;;""1467999x;"" ;(cid:65)(cid:110) (cid:69)(cid:99)(cid:111)(cid:110)(cid:111)(cid:109);(cid:101)(cid:116)(cid:114)(cid:105)(cid:99) (cid:77)(cid:1"
T00091,[2002] Matthews - An Econometric Model of the Circuit of Capital,[2025.10.02] page_001_table_01_pdfplumber_strategy_2.csv,17751,51,(cid:77)(cid:101)(cid:116)(cid:114)(cid:111)(cid:101)(cid:99)(cid:111)(cid:110)(cid:111)(cid:109)(cid:105)(cid:99)(cid:97) (cid:53)(cid:49);(cid:58)(c
T00092,[2002] Matthews - An Econometric Model of the Circuit of Capital,[2025.10.02] page_001_table_01_pymupdf_text_analysis.csv,214,4,Metroeconomica;51:1 (2000);1±39 The circuit of value outlined in the second volume of Marx's;Capital;provides a coherent This paper builds on Foley's 
T00093,[2002] Matthews - An Econometric Model of the Circuit of Capital,[2025.10.02] page_002_table_01_pdfplumber_strategy_2.csv,24792,81,";;;;;;""1467999x;"" (cid:50);(cid:80)(cid:101)(cid:116)(cid:101)(cid:114);(cid:72)(cid:97)(cid:110)(cid:115) (cid:77)(cid:97)(cid:116)(cid:116);(cid:104"
T00094,[2002] Matthews - An Econometric Model of the Circuit of Capital,[2025.10.02] page_002_table_01_pymupdf_text_analysis.csv,283,5,"""not labor values; constitute the"";de facto;metric of capitalist economies; the ``value of money'';3;as the ratio of total productive labor time to; """
T00095,[2002] Matthews - An Econometric Model of the Circuit of Capital,[2025.10.02] page_002_table_02_pymupdf_text_analysis.csv,153,3,"conversion factor of sorts: the product of;m;""and nominal net product is;"" ""from their respective de®nitions; its labor value; and the product of"";m;a"
T00096,[2002] Matthews - An Econometric Model of the Circuit of Capital,[2025.10.02] page_002_table_03_pymupdf_text_analysis.csv,225,4,"productive workers in the form of labor income.;6;The conversion of other; 5;""In this simple case; then; the calculation of"";v;is consistent with its "
T00097,[2002] Matthews - An Econometric Model of the Circuit of Capital,[2025.10.02] page_003_table_01_pdfplumber_strategy_2.csv,23030,70,";;;;;""1467999x;"" (cid:65);(cid:110) (cid:69)(cid:99)(cid:111)(cid:110)(cid:111)(cid:109)(cid:101)(cid:116)(cid:114)(cid:105)(cid:99) (cid:77);(cid:111"
T00098,[2002] Matthews - An Econometric Model of the Circuit of Capital,[2025.10.02] page_003_table_01_pymupdf_text_analysis.csv,531,8,"drawn particular attention to its apparent;operationalism;"": in principle; the"" ""speci®cation; estimation and stimulation of distinctly"";classical;eco"
T00099,[2002] Matthews - An Econometric Model of the Circuit of Capital,[2025.10.02] page_004_table_01_pdfplumber_strategy_2.csv,16012,92,";;;;;;""1467999x;"" (cid:52);(cid:80)(cid:101)(cid:116)(cid:101);(cid:114) (cid:72)(cid:97)(cid:110)(cid:115) (cid:77)(cid:97)(cid:116)(cid:116);(cid:10"
T00100,[2002] Matthews - An Econometric Model of the Circuit of Capital,[2025.10.02] page_004_table_01_pymupdf_text_analysis.csv,147,3,"""important implications. In section 3.1; I construct a candidate"";m;series model is then evaluated on the basis of its;ex post;static forecasts of "
T00101,[2002] Matthews - An Econometric Model of the Circuit of Capital,[2025.10.02] page_005_table_01_pdfplumber_strategy_2.csv,20312,93,";;;;;;""1467999x;"" (cid:65);(cid:110) (cid:69)(cid:99)(cid:111)(cid:110)(cid:111)(cid:109)(cid:101)(cid:116)(cid:114)(cid:105);(cid:99) (cid:77)(cid:11"
T00102,[2002] Matthews - An Econometric Model of the Circuit of Capital,[2025.10.02] page_005_table_01_pymupdf_text_analysis.csv,147,4,"proportion of surplus value;S;2; j;in period;j;that will (over time) be ""recommitted to production;"";k;j;is the ratio of variable to total capital "
T00103,[2002] Matthews - An Econometric Model of the Circuit of Capital,[2025.10.02] page_005_table_02_pymupdf_text_analysis.csv,219,4,"stimuli that new capitalist borrowing;B;1;and/or new state and household borrowing;B;2;""(see below) provide; effective demand would be insuf®-"" cient "
T00104,[2002] Matthews - An Econometric Model of the Circuit of Capital,[2025.10.02] page_006_table_01_pdfplumber_strategy_2.csv,10973,98,";;;;;;""1467999x;"" (cid:54);(cid:80);(cid:101)(cid:116)(cid:101)(cid:114) (cid:72)(cid:97);(cid:110)(cid:115) (cid:77)(cid:97)(cid:116)(cid:116)(cid:10"
T00105,[2002] Matthews - An Econometric Model of the Circuit of Capital,[2025.10.02] page_006_table_02_pymupdf_text_analysis.csv,75,3,"where;B;2 t;""is the value of capital expenditures ®nanced with new debt;""; "
T00106,[2002] Matthews - An Econometric Model of the Circuit of Capital,[2025.10.02] page_006_table_04_pymupdf_text_analysis.csv,148,3,where;g;is the rate of growth of value through the circuit and the choice; of baseline;t;;0 is arbitrary but unimportant. Given the transformation 
T00107,[2002] Matthews - An Econometric Model of the Circuit of Capital,[2025.10.02] page_007_table_01_pdfplumber_strategy_2.csv,8407,104,";;;;;;""1467999x;"" ;(cid:65)(cid:110) (cid:69)(cid:99)(cid:111)(cid:110)(cid:111)(cid:109)(cid:101);(cid:116)(cid:114)(cid:105)(cid:99) (cid:77)(cid:11"
T00108,[2002] Matthews - An Econometric Model of the Circuit of Capital,[2025.10.02] page_007_table_02_pymupdf_text_analysis.csv,21,3,1;2;1;2 C;0;) ¯ows.; 
T00109,[2002] Matthews - An Econometric Model of the Circuit of Capital,[2025.10.02] page_008_table_01_pdfplumber_strategy_2.csv,15745,84,";;;;;;""1467999x;"" (cid:56);;(cid:80)(cid:101)(cid:116)(cid:101)(cid:114) (cid:72)(cid:97)(cid:110)(cid:115);(cid:77)(cid:97)(cid:116)(cid:116)(cid:104"
T00110,[2002] Matthews - An Econometric Model of the Circuit of Capital,[2025.10.02] page_008_table_01_pymupdf_text_analysis.csv,87,3,"which the composition of costs;k;""; recommittal rate"";p;and new borrow- ings;B;0;and;B "
T00111,[2002] Matthews - An Econometric Model of the Circuit of Capital,[2025.10.02] page_008_table_02_pymupdf_text_analysis.csv,88,3,"equal to one and;B;0;""is equal to zero; a situation in which re-spending is"" B;(2;:;18) "
T00112,[2002] Matthews - An Econometric Model of the Circuit of Capital,[2025.10.02] page_008_table_03_pymupdf_text_analysis.csv,145,4,which implies that the accumulation mode;g;;is an increasing function of the rate of new business borrowing;B;2; 0;and underscores the funda-;; 
T00113,[2002] Matthews - An Econometric Model of the Circuit of Capital,[2025.10.02] page_009_table_01_pdfplumber_strategy_2.csv,24001,98,";;;;;;""1467999x;"" (cid:65)(cid:110);(cid:69)(cid:99)(cid:111)(cid:110)(cid:111)(cid:109)(cid:101)(cid:116)(cid:114)(cid:105)(cid:99) (cid:77)(cid:111)"
T00114,[2002] Matthews - An Econometric Model of the Circuit of Capital,[2025.10.02] page_009_table_01_pymupdf_text_analysis.csv,151,3,"the prior construction of a value of money series;m;t;. Recall that for the ""paths considered in Lipietz (1982) and Ehrbar (1990);"";m;is the ratio of;"
T00115,[2002] Matthews - An Econometric Model of the Circuit of Capital,[2025.10.02] page_009_table_02_pymupdf_text_analysis.csv,690,9,"""other series plotted there; indicate."";17;""Even without this correction; how-"";; 14;N;t;is itself the product of the number of productive (as de®ned "
T00116,[2002] Matthews - An Econometric Model of the Circuit of Capital,[2025.10.02] page_010_table_01_pdfplumber_strategy_2.csv,12439,60,";;;;;;""1467999x;"" (cid:49)(cid:48);(cid:80)(cid:101)(cid:116)(cid:101)(cid:114);(cid:72)(cid:97)(cid:110);(cid:115) (cid:77)(cid:97)(cid:116)(cid:116)"
T00117,[2002] Matthews - An Econometric Model of the Circuit of Capital,[2025.10.02] page_010_table_01_pymupdf_text_analysis.csv,237,4,almost compel) the primitive series;ù;t;to be tested for the presence of a regression.;19;How should this result be understood? The value of labor; he
T00118,[2002] Matthews - An Econometric Model of the Circuit of Capital,[2025.10.02] page_011_table_01_pdfplumber_strategy_2.csv,14616,98,";;;;;;;""1467999x;"" (cid:65)(cid:110);(cid:69)(cid:99)(cid:111)(cid:110)(cid:111)(cid:109)(cid:101)(cid:116)(cid:114);(cid:105)(cid:99) (cid:77)(cid:11"
T00119,[2002] Matthews - An Econometric Model of the Circuit of Capital,[2025.10.02] page_011_table_01_pymupdf_text_analysis.csv,146,5,"j;;1; with;p;""chosen so that the errors are uncorrelated. In this particular case;""; p;;0 proves reasonable.; H;0;Test statistic;Critical value "
T00120,[2002] Matthews - An Econometric Model of the Circuit of Capital,[2025.10.02] page_011_table_02_pymupdf_text_analysis.csv,44,3,"â;1;;""0;"";z;test;ÿ;11.2 N;^;â;1; ÿ;2;:;18 "
T00121,[2002] Matthews - An Econometric Model of the Circuit of Capital,[2025.10.02] page_011_table_03_pymupdf_text_analysis.csv,68,3,"â;1;;""0;"";ô;test;t; ÿ;1;:;10;ÿ;2.57 â;0;;â;1;;0;F;;2;:;79;3.78 "
T00122,[2002] Matthews - An Econometric Model of the Circuit of Capital,[2025.10.02] page_011_table_04_pymupdf_text_analysis.csv,86,4,"j;;1; ""where; once more;"";p;;0 proves reasonable: H;0;Test statistic;Critical value "
T00123,[2002] Matthews - An Econometric Model of the Circuit of Capital,[2025.10.02] page_012_table_01_pdfplumber_strategy_2.csv,17609,85,";;;;;;""1467999x;"" (cid:49)(cid:50);(cid:80)(cid:101);(cid:116)(cid:101)(cid:114) (cid:72)(cid:97)(cid:110)(cid:115) (cid:77)(cid:97)(cid:116)(cid:116)"
T00124,[2002] Matthews - An Econometric Model of the Circuit of Capital,[2025.10.02] page_012_table_01_pymupdf_text_analysis.csv,417,8,"X;t;X;t j;ÿ1;j;ÿ1 ""where; as before;"";q;j;is the ``point of production'' mark-up. Shaikh and Tonak's (1995) ``total value'' series is an obvious mea"
T00125,[2002] Matthews - An Econometric Model of the Circuit of Capital,[2025.10.02] page_013_table_01_pdfplumber_strategy_2.csv,19600,96,";;;;;;;""1467999x;"" (cid:65)(cid:110) (cid:69)(cid:99);(cid:111)(cid:110)(cid:111)(cid:109)(cid:101)(cid:116)(cid:114)(cid:105)(cid:99) (cid:77)(cid:11"
T00126,[2002] Matthews - An Econometric Model of the Circuit of Capital,[2025.10.02] page_013_table_02_pymupdf_text_analysis.csv,157,3,"suppose that the coef®cients will decrease in;t;ÿ;j;""; the speci®cation of a"" constant rate of decrease;ë;a;2;""(0; 1) is a natural ®rst working hypoth"
T00127,[2002] Matthews - An Econometric Model of the Circuit of Capital,[2025.10.02] page_013_table_03_pymupdf_text_analysis.csv,199,4,a;. The interpretation of;ë;a;in this context is; straightforward: a fraction 1;ÿ;ë;a;of the labor value of capital expendi-; tures;C;j;in period;j;wi
T00128,[2002] Matthews - An Econometric Model of the Circuit of Capital,[2025.10.02] page_013_table_04_pymupdf_text_analysis.csv,97,3,"""period; a fraction (1"";ÿ;ë;a;);ë;a;""will materialize in the subsequent period;"" (1;ÿ;ë;a;);ë;2; "
T00129,[2002] Matthews - An Econometric Model of the Circuit of Capital,[2025.10.02] page_014_table_01_pdfplumber_strategy_2.csv,15374,98,";;;;;;""1467999x;"" (cid:49)(cid:52);(cid:80)(cid:101)(cid:116)(cid:101);(cid:114) (cid:72);(cid:97)(cid:110)(cid:115) (cid:77)(cid:97)(cid:116)(cid:116"
T00130,[2002] Matthews - An Econometric Model of the Circuit of Capital,[2025.10.02] page_014_table_02_pymupdf_text_analysis.csv,58,3,"a;a;t ""or; in terms of the polynomial lag operator"";L;"";"" "
T00131,[2002] Matthews - An Econometric Model of the Circuit of Capital,[2025.10.02] page_014_table_03_pymupdf_text_analysis.csv,76,3,where;u;1 t;is a random error term that is almost certain to be autocorre-; 
T00132,[2002] Matthews - An Econometric Model of the Circuit of Capital,[2025.10.02] page_014_table_04_pymupdf_text_analysis.csv,155,4,"Because the values of;W;t;and;I;t;""are determined within the circuit; the"" uncertain structure of the covariance matrix;E;(;v;1;v;T 1;);;Ù;1;complica"
T00133,[2002] Matthews - An Econometric Model of the Circuit of Capital,[2025.10.02] page_014_table_05_pymupdf_text_analysis.csv,40,3,23;Neither the behavior of;B;1 t;or;B;2 
T00134,[2002] Matthews - An Econometric Model of the Circuit of Capital,[2025.10.02] page_015_table_01_pdfplumber_strategy_2.csv,22039,77,";;;;;;""1467999x;"" (cid:65)(cid:110);(cid:69)(cid:99)(cid:111)(cid:110);(cid:111)(cid:109)(cid:101)(cid:116)(cid:114)(cid:105)(cid:99) (cid:77)(cid:111"
T00135,[2002] Matthews - An Econometric Model of the Circuit of Capital,[2025.10.02] page_015_table_01_pymupdf_text_analysis.csv,293,5,"The estimates of;q;associated with (3.2.5) and (3.2.6) are not far; ""apart; but there is a substantial difference between the estimates of"";ë;a;. Ther"
T00136,[2002] Matthews - An Econometric Model of the Circuit of Capital,[2025.10.02] page_015_table_02_pymupdf_text_analysis.csv,151,3,"The;J;""statistics (Hansen (1982); White (1993)) of the overidenti®ca-""; ""tion restrictions; distributed"";÷;2;""with 5 degrees of freedom in the limit;"""
T00137,[2002] Matthews - An Econometric Model of the Circuit of Capital,[2025.10.02] page_016_table_01_pdfplumber_strategy_2.csv,13106,91,";""1467999x;"" (cid:49)(cid:54) (cid:80)(cid:101)(cid:116)(cid:101)(cid:114) (cid:72)(cid:97)(cid:110)(cid:115) (cid:77)(cid:97)(cid:116)(cid:116)(cid:1"
T00138,[2002] Matthews - An Econometric Model of the Circuit of Capital,[2025.10.02] page_016_table_01_pymupdf_text_analysis.csv,174,6,"^;ë;a; ^;q;0.540 (42.26);0.541 (40.11) where the numbers in parentheses are asymptotic;t;statistics. The;J ÷;2;""with 5 degrees of freedom; are""; J;3.7"
T00139,[2002] Matthews - An Econometric Model of the Circuit of Capital,[2025.10.02] page_016_table_02_pymupdf_text_analysis.csv,86,5,^;ë;a; ^;q;0.636 (1.89);0.652 (1.89) with;J;statistics; J;2.95 (12.59);32.59 (12.59); 
T00140,[2002] Matthews - An Econometric Model of the Circuit of Capital,[2025.10.02] page_016_table_03_pymupdf_text_analysis.csv,27,3,where;W;0;;P;N t;;1;e;2; 
T00141,[2002] Matthews - An Econometric Model of the Circuit of Capital,[2025.10.02] page_017_table_01_pdfplumber_strategy_2.csv,13067,68,";;;;;;""1467999x;"" (cid:65);(cid:110) (cid:69)(cid:99)(cid:111)(cid:110)(cid:111)(cid:109)(cid:101)(cid:116);(cid:114)(cid:105)(cid:99) (cid:77)(cid:11"
T00142,[2002] Matthews - An Econometric Model of the Circuit of Capital,[2025.10.02] page_017_table_01_pymupdf_text_analysis.csv,231,5,"composition of costs;k;t;""; captured in ®gure 3; is also"";prima facie pertinent questions are (1) does the behavior of;k;t;``offset'' the behavior; of"
T00143,[2002] Matthews - An Econometric Model of the Circuit of Capital,[2025.10.02] page_018_table_01_pdfplumber_strategy_2.csv,12026,93,";;;;;;;""1467999x;"" (cid:49)(cid:56);(cid:80)(cid:101);(cid:116)(cid:101)(cid:114) (cid:72)(cid:97)(cid:110)(cid:115) (cid:77)(cid:97);(cid:116)(cid:11"
T00144,[2002] Matthews - An Econometric Model of the Circuit of Capital,[2025.10.02] page_018_table_01_pymupdf_text_analysis.csv,99,4,"(;P;t;) speci®cation. ""The other series;"";q;2; t;""in ®gure 4; is based on the national accounts"";; "
T00145,[2002] Matthews - An Econometric Model of the Circuit of Capital,[2025.10.02] page_018_table_02_pymupdf_text_analysis.csv,156,4,"t;""; where"";S;t is measured as the difference between;P;t;and the increase (or decrease) ""in the stock of inventories; measured at market prices; and"""
T00146,[2002] Matthews - An Econometric Model of the Circuit of Capital,[2025.10.02] page_018_table_03_pymupdf_text_analysis.csv,240,6,t;is;Y;t;less the labor value equivalent of variable capital expenditures;W;t;and the; rise/fall in the stock of inventories. It mirrors the behavior 
T00147,[2002] Matthews - An Econometric Model of the Circuit of Capital,[2025.10.02] page_018_table_04_pymupdf_text_analysis.csv,90,3,t;(de®ned above); even if the series based on an estimated constant;q;seems to understate 
T00148,[2002] Matthews - An Econometric Model of the Circuit of Capital,[2025.10.02] page_019_table_01_pdfplumber_strategy_2.csv,12521,63,";;;;;;""1467999x;"" (cid:65)(cid:110);(cid:69)(cid:99)(cid:111)(cid:110)(cid:111)(cid:109)(cid:101)(cid:116)(cid:114)(cid:105)(cid:99);(cid:77)(cid:111)"
T00149,[2002] Matthews - An Econometric Model of the Circuit of Capital,[2025.10.02] page_019_table_01_pymupdf_text_analysis.csv,228,4,"""subsamples; for example; offers little support for the notion that"";ë;a;has decrease in;k;""seems to be concentrated in the mid-1970s; an observation"""
T00150,[2002] Matthews - An Econometric Model of the Circuit of Capital,[2025.10.02] page_020_table_01_pdfplumber_strategy_2.csv,16512,83,";;;;;;""1467999x;"" (cid:50)(cid:48);(cid:80)(cid:101)(cid:116)(cid:101)(cid:114);(cid:72)(cid:97)(cid:110)(cid:115);(cid:77)(cid:97)(cid:116)(cid:116)("
T00151,[2002] Matthews - An Econometric Model of the Circuit of Capital,[2025.10.02] page_020_table_01_pymupdf_text_analysis.csv,171,4,"(3;:;3;:;2); and;c;t;ÿ;j;""is similarly de®ned; where both distributions incorporate the"" relevant;a priori;restrictions.;26;""It will also be supposed;"
T00152,[2002] Matthews - An Econometric Model of the Circuit of Capital,[2025.10.02] page_020_table_02_pymupdf_text_analysis.csv,304,5,"""tion; which ®nds"";some;support in recent studies of the differences in; tractable and facilitates estimation.;27;""Under these conditions; the Koyck"";"
T00153,[2002] Matthews - An Econometric Model of the Circuit of Capital,[2025.10.02] page_021_table_01_pdfplumber_strategy_2.csv,10817,98,";;;;;;;;;""1467999x;"" ;(cid:65);(cid:110) (cid:69);(cid:99)(cid:111)(cid:110)(cid:111)(cid:109)(cid:101)(cid:116)(cid:114)(cid:105)(cid:99) (cid:77)(ci"
T00154,[2002] Matthews - An Econometric Model of the Circuit of Capital,[2025.10.02] page_021_table_01_pymupdf_text_analysis.csv,25,3,t;ÿ;1;ÿ;ë;2 (3;:;3;:;6); 
T00155,[2002] Matthews - An Econometric Model of the Circuit of Capital,[2025.10.02] page_021_table_02_pymupdf_text_analysis.csv,85,4,where;v;1 t;is either an MA(1) or MA(2) process in the primitive error; sequence;u;2 
T00156,[2002] Matthews - An Econometric Model of the Circuit of Capital,[2025.10.02] page_021_table_03_pymupdf_text_analysis.csv,92,3,where CB;2;t;;C;t;ÿ;B;2; more) a natural ®rst choice: the proportion of;S;j;ÿ;(1;ÿ;p;);S;2 
T00157,[2002] Matthews - An Econometric Model of the Circuit of Capital,[2025.10.02] page_022_table_01_pdfplumber_strategy_2.csv,22986,95,";;;;;;""1467999x;"" (cid:50)(cid:50);(cid:80)(cid:101);(cid:116)(cid:101)(cid:114) (cid:72)(cid:97)(cid:110)(cid:115) (cid:77);(cid:97)(cid:116)(cid:116"
T00158,[2002] Matthews - An Econometric Model of the Circuit of Capital,[2025.10.02] page_022_table_01_pymupdf_text_analysis.csv,233,6,¯uctuations in the ¯ow of capital expenditures;C;t;will be correlated with debt-®nanced state and household expenditures;B;1; t;but the series will be
T00159,[2002] Matthews - An Econometric Model of the Circuit of Capital,[2025.10.02] page_022_table_02_pymupdf_text_analysis.csv,71,3,"""terms; there is ``feedback'' from"";C;t;to;B;2 value/sales;S;t;and;B;2 "
T00160,[2002] Matthews - An Econometric Model of the Circuit of Capital,[2025.10.02] page_022_table_03_pymupdf_text_analysis.csv,80,3,"""similar theme; variations in"";B;1 t;re¯ect unpredictable (on the basis of the; "
T00161,[2002] Matthews - An Econometric Model of the Circuit of Capital,[2025.10.02] page_022_table_04_pymupdf_text_analysis.csv,238,5,"t;in an unrestricted linear version of the effective; demand equation and for;B;2 t;""in a similar version of the recommittal mechanism. In the ®rst;"";"
T00162,[2002] Matthews - An Econometric Model of the Circuit of Capital,[2025.10.02] page_022_table_05_pymupdf_text_analysis.csv,171,3,"t;is the predicted value of the regression of;B;1;t;on a reduced (;B;1; ""is now excluded; of course) instrument set. The"";t;statistic for H;0;:;â;6;;"
T00163,[2002] Matthews - An Econometric Model of the Circuit of Capital,[2025.10.02] page_022_table_06_pymupdf_text_analysis.csv,95,3,"lends considerable support to the characterization of;B;1 t;""above. In the second case; the"";t "
T00164,[2002] Matthews - An Econometric Model of the Circuit of Capital,[2025.10.02] page_022_table_07_pymupdf_text_analysis.csv,97,3,"t;;e;t ""is 1.027; which casts some doubt on; but does not overturn; the chacterization of"";B;2; "
T00165,[2002] Matthews - An Econometric Model of the Circuit of Capital,[2025.10.02] page_023_table_01_pdfplumber_strategy_2.csv,12615,84,";;;;;;""1467999x;"" (cid:65);(cid:110) (cid:69)(cid:99)(cid:111)(cid:110)(cid:111)(cid:109)(cid:101)(cid:116)(cid:114)(cid:105)(cid:99) (cid:77);(cid:11"
T00166,[2002] Matthews - An Econometric Model of the Circuit of Capital,[2025.10.02] page_023_table_01_pymupdf_text_analysis.csv,83,3,t;ÿ;1;;(1;ÿ;ë;bc;)[;W;t;;(1;ÿ;p;);S;2 SIB;1;t;;2;ë;bc;SIB;1;bc;SIB;1;t;];;v;2; 
T00167,[2002] Matthews - An Econometric Model of the Circuit of Capital,[2025.10.02] page_023_table_02_pymupdf_text_analysis.csv,261,11,"ë;bc;0.805 (8.07);0.674 (9.56) ^;p;0.038 (5.27);0.041 (7.22) b;ë;d; ^;ó;2; ^;ó;3; ^;ó;23; ÿ;0.008;ÿ;0.005 The;J;""statistics on the overidenti®cation r"
T00168,[2002] Matthews - An Econometric Model of the Circuit of Capital,[2025.10.02] page_023_table_03_pymupdf_text_analysis.csv,159,3,"Notes:;With;M;equations;f;i;(;Y;"";"";X;"";"";â;);;E;i;"";"";i;;""1;"";. . .;"";"";M;""; the GMM estimator minimizes"" E;9;(;X;I;)[(;X;I;);9;Ù;(;X;I;)];ÿ;1;(;X;"
T00169,[2002] Matthews - An Econometric Model of the Circuit of Capital,[2025.10.02] page_024_table_01_pdfplumber_strategy_2.csv,17559,80,";;;;;""1467999x;"" (cid:50)(cid:52);(cid:80)(cid:101)(cid:116)(cid:101)(cid:114);(cid:72)(cid:97)(cid:110)(cid:115) (cid:77)(cid:97)(cid:116)(cid:116)(c"
T00170,[2002] Matthews - An Econometric Model of the Circuit of Capital,[2025.10.02] page_024_table_01_pymupdf_text_analysis.csv,149,3,"Which of the alternative;ë;bc;estimates is better? There is in fact no conclusive evidence for either: the;t;""statistics seem to favor the Pascal;""; "
T00171,[2002] Matthews - An Econometric Model of the Circuit of Capital,[2025.10.02] page_024_table_02_pymupdf_text_analysis.csv,106,3,but the estimated;standard errors;are smaller;for;the Koyck.;For; The;model;therefore;predicts;that;or;62 
T00172,[2002] Matthews - An Econometric Model of the Circuit of Capital,[2025.10.02] page_024_table_03_pymupdf_text_analysis.csv,70,6,^;b;0;;^;c;0 ^;b;1;;^;c;1 ^;b;2;;^;c;2 ^;b;3;;^;c;3 ^;b;4;;^;c;4 
T00173,[2002] Matthews - An Econometric Model of the Circuit of Capital,[2025.10.02] page_025_table_01_pdfplumber_strategy_2.csv,20868,73,";;;;;;""1467999x;"" (cid:65)(cid:110);(cid:69)(cid:99)(cid:111)(cid:110)(cid:111)(cid:109)(cid:101)(cid:116)(cid:114)(cid:105)(cid:99) (cid:77)(cid:111)"
T00174,[2002] Matthews - An Econometric Model of the Circuit of Capital,[2025.10.02] page_025_table_01_pymupdf_text_analysis.csv,425,8,labor power each period constitutes the bulk of;S;1; It is the estimated recommittal rate;^;p;that will most surprise readers: The estimated covarianc
T00175,[2002] Matthews - An Econometric Model of the Circuit of Capital,[2025.10.02] page_026_table_01_pdfplumber_strategy_2.csv,402,46,"""1467999x;"" ""2000; 1"" ""; Downloaded"" from https://onlinelibrary.wiley.com/doi/10.1111/1467-999X.00079 by The New School Assistant Director For Acquisi"
T00176,[2002] Matthews - An Econometric Model of the Circuit of Capital,[2025.10.02] page_027_table_01_pdfplumber_strategy_2.csv,9952,62,";;;;;;""1467999x;"" ;(cid:65)(cid:110) (cid:69)(cid:99)(cid:111)(cid:110)(cid:111)(cid:109)(cid:101)(cid:116)(cid:114)(cid:105)(cid:99);(cid:77)(cid:111"
T00177,[2002] Matthews - An Econometric Model of the Circuit of Capital,[2025.10.02] page_028_table_01_pdfplumber_strategy_2.csv,11780,89,";;;;;;;;""1467999x;"" (cid:50)(cid:56);;(cid:80)(cid:101)(cid:116)(cid:101)(cid:114) (cid:72)(cid:97);(cid:110)(cid:115);(cid:77)(cid:97)(cid:116)(cid:1"
T00178,[2002] Matthews - An Econometric Model of the Circuit of Capital,[2025.10.02] page_028_table_02_pymupdf_text_analysis.csv,64,3,f;3;(;g;);;(1;;pq;);d;;(;g;) a;;(;g;);;(1;ÿ;ë;a;)(1;;g;); 
T00179,[2002] Matthews - An Econometric Model of the Circuit of Capital,[2025.10.02] page_028_table_03_pymupdf_text_analysis.csv,25,3,1;;g;ÿ;ë;a (4;:;1;:;3); 
T00180,[2002] Matthews - An Econometric Model of the Circuit of Capital,[2025.10.02] page_029_table_01_pdfplumber_strategy_2.csv,11207,70,";;;;;;;""1467999x;"" (cid:65);(cid:110) (cid:69)(cid:99)(cid:111)(cid:110)(cid:111)(cid:109)(cid:101)(cid:116);(cid:114)(cid:105)(cid:99) (cid:77)(cid:1"
T00181,[2002] Matthews - An Econometric Model of the Circuit of Capital,[2025.10.02] page_029_table_01_pymupdf_text_analysis.csv,48,3,t;(relative to;C;t;) has 32;The values of;B;1;2 
T00182,[2002] Matthews - An Econometric Model of the Circuit of Capital,[2025.10.02] page_030_table_01_pdfplumber_strategy_2.csv,14603,85,";;;;;;;""1467999x;"" (cid:51)(cid:48);;(cid:80)(cid:101)(cid:116)(cid:101)(cid:114) (cid:72)(cid:97);(cid:110)(cid:115) (cid:77)(cid:97)(cid:116)(cid:11"
T00183,[2002] Matthews - An Econometric Model of the Circuit of Capital,[2025.10.02] page_030_table_01_pymupdf_text_analysis.csv,21,3,(4;:;2;:;1) K;0;;1; 
T00184,[2002] Matthews - An Econometric Model of the Circuit of Capital,[2025.10.02] page_030_table_02_pymupdf_text_analysis.csv,34,3,g;[1;ÿ;a;;(;g;)] F;0;;1;(1;ÿ;B; 
T00185,[2002] Matthews - An Econometric Model of the Circuit of Capital,[2025.10.02] page_030_table_03_pymupdf_text_analysis.csv,22,3,d;;(;g;) (4;:;2;:;2) 
T00186,[2002] Matthews - An Econometric Model of the Circuit of Capital,[2025.10.02] page_031_table_01_pdfplumber_strategy_2.csv,16187,83,";;;;;;;""1467999x;"" (cid:65);(cid:110) (cid:69)(cid:99)(cid:111)(cid:110)(cid:111);(cid:109)(cid:101)(cid:116)(cid:114)(cid:105)(cid:99);(cid:77)(cid:1"
T00187,[2002] Matthews - An Econometric Model of the Circuit of Capital,[2025.10.02] page_031_table_01_pymupdf_text_analysis.csv,130,3,"B;0;;0;:;075;ÿ;0;:;945;B;(4;:;3;:;2) 34;""It is not dif®cult to show; on the basis of (3.2.2); that"";^;Y;0;;(;k;;q;);a;;(;g;). "
T00188,[2002] Matthews - An Econometric Model of the Circuit of Capital,[2025.10.02] page_032_table_01_pdfplumber_strategy_2.csv,10457,114,";;;;;;;;""1467999x;"" (cid:51)(cid:50);;(cid:80)(cid:101)(cid:116)(cid:101)(cid:114);(cid:72)(cid:97)(cid:110)(cid:115) (cid:77);(cid:97)(cid:116)(cid:1"
T00189,[2002] Matthews - An Econometric Model of the Circuit of Capital,[2025.10.02] page_032_table_01_pymupdf_text_analysis.csv,38,3,;B;1;t;ÿ;ë;bc;B;1 t;ÿ;1;(4;:;4;:;1); 
T00190,[2002] Matthews - An Econometric Model of the Circuit of Capital,[2025.10.02] page_032_table_02_pymupdf_text_analysis.csv,97,5,"W;t;;0;:;241;C;t I;t;;0;:;759;C;t t;;0;:;351;S;t; ""which; for speci®ed credit"";B;1;t;and;B;2; "
T00191,[2002] Matthews - An Econometric Model of the Circuit of Capital,[2025.10.02] page_033_table_01_pdfplumber_strategy_2.csv,23046,86,";;;;;""1467999x;"" (cid:65)(cid:110);(cid:69)(cid:99)(cid:111)(cid:110)(cid:111)(cid:109)(cid:101)(cid:116)(cid:114)(cid:105)(cid:99) (cid:77)(cid:111);"
T00192,[2002] Matthews - An Econometric Model of the Circuit of Capital,[2025.10.02] page_033_table_01_pymupdf_text_analysis.csv,75,3,remains constant but;B;1 t;is reduced by the labor time equivalent of 500; 
T00193,[2002] Matthews - An Econometric Model of the Circuit of Capital,[2025.10.02] page_033_table_02_pymupdf_text_analysis.csv,304,5,"course: the simulations assume (for example) that the mark-up;q;and; recommittal rate;p;""remain constant; a restriction that is more reasonable""; ""in "
T00194,[2002] Matthews - An Econometric Model of the Circuit of Capital,[2025.10.02] page_033_table_03_pymupdf_text_analysis.csv,380,6,"The predicted paths for realized value or sales ¯ows;S;t;underscore the ""potential for ``coordination failures''. In particular; while"";P;t;is less in"
T00195,[2002] Matthews - An Econometric Model of the Circuit of Capital,[2025.10.02] page_033_table_04_pymupdf_text_analysis.csv,150,3,offsets the effect of the subsequent increase in new capitalist borrowing;B;2 on;S;. This behavior is similar to that exhibited in (modi®ed) Hicksian 
T00196,[2002] Matthews - An Econometric Model of the Circuit of Capital,[2025.10.02] page_034_table_01_pdfplumber_strategy_2.csv,402,46,"""1467999x;"" ""2000; 1"" ""; Downloaded"" from https://onlinelibrary.wiley.com/doi/10.1111/1467-999X.00079 by The New School Assistant Director For Acquisi"
T00197,[2002] Matthews - An Econometric Model of the Circuit of Capital,[2025.10.02] page_035_table_01_pdfplumber_strategy_2.csv,402,46,"""1467999x;"" ""2000; 1"" ""; Downloaded"" from https://onlinelibrary.wiley.com/doi/10.1111/1467-999X.00079 by The New School Assistant Director For Acquisi"
T00198,[2002] Matthews - An Econometric Model of the Circuit of Capital,[2025.10.02] page_036_table_01_pdfplumber_strategy_2.csv,18466,79,";;;;;""1467999x;"" (cid:51)(cid:54);(cid:80);(cid:101)(cid:116)(cid:101)(cid:114) (cid:72)(cid:97)(cid:110)(cid:115) (cid:77)(cid:97)(cid:116)(cid:116)("
T00199,[2002] Matthews - An Econometric Model of the Circuit of Capital,[2025.10.02] page_036_table_01_pymupdf_text_analysis.csv,210,4,"t;9;: the current dollar value of state and household expenditure ®nanced based on the;Economic Report of the President 1990;""(ERP90); Table"" ""C-80; a"
T00200,[2002] Matthews - An Econometric Model of the Circuit of Capital,[2025.10.02] page_037_table_01_pdfplumber_strategy_2.csv,18054,114,";;;;;;""1467999x;"" ;(cid:65)(cid:110);(cid:69)(cid:99)(cid:111)(cid:110)(cid:111)(cid:109)(cid:101)(cid:116)(cid:114)(cid:105)(cid:99) (cid:77)(cid:111"
T00201,[2002] Matthews - An Econometric Model of the Circuit of Capital,[2025.10.02] page_037_table_01_pymupdf_text_analysis.csv,145,3,t;9;: the current dollar value of capital expenditures ®nanced with new C;t;: the labor time equivalent of expenditures on constant and variable 
T00202,[2002] Matthews - An Econometric Model of the Circuit of Capital,[2025.10.02] page_037_table_02_pymupdf_text_analysis.csv,166,4,"m;t;"": the labor value of the means of circulation; de®ned as the ratio of"";N;t to;Y;9;t; M;t;"": the labor time equivalent of the stock of commercial "
T00203,[2002] Matthews - An Econometric Model of the Circuit of Capital,[2025.10.02] page_037_table_03_pymupdf_text_analysis.csv,223,4,"M;9;t;: the current dollar value of the (end of period) stock of commercial ""of domestic business; farm and nonfarm; drawn from"";ERP90;""; Table""; N;t;"
T00204,[2002] Matthews - An Econometric Model of the Circuit of Capital,[2025.10.02] page_037_table_04_pymupdf_text_analysis.csv,86,3,"t;"": the ¯ow of replacement value; calculated as the difference between"";S;t and;S;2; "
T00205,[2002] Matthews - An Econometric Model of the Circuit of Capital,[2025.10.02] page_038_table_01_pdfplumber_strategy_2.csv,22906,88,";;""1467999x;"" (cid:51)(cid:56);(cid:80)(cid:101)(cid:116)(cid:101)(cid:114) (cid:72)(cid:97)(cid:110)(cid:115) (cid:77)(cid:97)(cid:116)(cid:116)(cid:"
T00206,[2002] Matthews - An Econometric Model of the Circuit of Capital,[2025.10.02] page_038_table_01_pymupdf_text_analysis.csv,125,3,"Y;t;:;""the labor value of the net product ¯ow; calculated as the product of"";m;t; and;Y;9;t;and (therefore) identical to;N;t "
T00207,[2002] Matthews - An Econometric Model of the Circuit of Capital,[2025.10.02] page_038_table_02_pymupdf_text_analysis.csv,1077,15,"""matrix estimation'';"";Econometrica;""; 59; pp. 817±858."" ""identi®ability test statistics'';"";Journal of the American Statistical Association;""; 55;"" """
T00208,[2002] Matthews - An Econometric Model of the Circuit of Capital,[2025.10.02] page_039_table_01_pdfplumber_strategy_2.csv,21739,75,";;;;;;;""1467999x;"" ;(cid:65)(cid:110) (cid:69)(cid:99)(cid:111)(cid:110)(cid:111)(cid:109);(cid:101)(cid:116)(cid:114)(cid:105)(cid:99) (cid:77)(cid:1"
T00209,[2002] Matthews - An Econometric Model of the Circuit of Capital,[2025.10.02] page_039_table_01_pymupdf_text_analysis.csv,1180,15,"Marx K. (1867):;Capital: A Critique of Political Economy;""; vol. I; reprinted by Random"" Marx K. (1885):;Capital: A Critique of Political Economy;""; v"
T00210,"[2005] Mohun - On measuring the wealth of nations the US economy, 1964-2001",[2025.10.02] table_selection_integrity.json,29473,1046,"{   ""groups"": [     {       ""page"": ""001"";       ""candidates"": [         {           ""file"": ""..\\Projects\\Shaikh Tonak\\[2005] Mohun - On measuring "
T00211,"[2005] Mohun - On measuring the wealth of nations the US economy, 1964-2001",[2025.10.02] page_001_table_01_pdfplumber_strategy_2.csv,2766,52,"""CambridgeJournalofEconomics2005;29;799–815""; doi:10.1093/cje/bei043; ""AdvanceAccesspublication6June;2005""; ; ;Downl On measuring the wealth of nation"
T00212,"[2005] Mohun - On measuring the wealth of nations the US economy, 1964-2001",[2025.10.02] page_002_table_01_pdfplumber_strategy_2.csv,3544,56,"800 S.Mohun; ; ""regardedasproductive.Toavoidtheformer;thepapertakestheSTdiscussionofthe""; ""conceptsforgranted;andtoavoidthelatter;thepaperfollowstheST"
T00213,"[2005] Mohun - On measuring the wealth of nations the US economy, 1964-2001",[2025.10.02] page_003_table_01_pdfplumber_strategy_2.csv,2995,56,2.1 Numbers of productive workers; ThefirstdecisionistoallocateeachmajorSICcategorytoapositioninthecircuitof; capitalaccordingtowhetheritembracesthepr
T00214,"[2005] Mohun - On measuring the wealth of nations the US economy, 1964-2001",[2025.10.02] page_004_table_01_pymupdf_text_analysis.csv,176,3,"superscript;i;""denote the SIC division; subscript"";p;""denote ‘productive’; subscript"";pn; ""denote ‘production’; subscripts"";BLS;and;NIPA;""denote the d"
T00215,"[2005] Mohun - On measuring the wealth of nations the US economy, 1964-2001",[2025.10.02] page_005_table_01_pdfplumber_strategy_2.csv,2299,55,"On measuring thewealth of nations 803; ; ""2. ForeachSICdivisioni;taketheweeklywage(w)paidtoBLSproductionworkers;""; andmultiplyfirstby52(toconverttoana"
T00216,"[2005] Mohun - On measuring the wealth of nations the US economy, 1964-2001",[2025.10.02] page_007_table_03_pymupdf_text_analysis.csv,668,16,"division;j;""; for the ﬁrst ﬁve years for which it exists; to the mean of the BLS ratio for all""; method;ST method;SM method; equations;equations;equat"
T00217,"[2005] Mohun - On measuring the wealth of nations the US economy, 1964-2001",[2025.10.02] page_009_table_01_pymupdf_text_analysis.csv,840,18,"s;s;s;;;j to the;same;benchmark quantities of productive labour given in Table 2.;1; ""closer to the benchmark estimates for two reasons. First; contri"
T00218,"[2005] Mohun - On measuring the wealth of nations the US economy, 1964-2001",[2025.10.02] page_010_table_01_pdfplumber_strategy_2.csv,3299,54,"808 S.Mohun; ; mightbemostappropriatetoeachdivision.TheSTmethodisdependentuponsuch; ""dataandprocedures; whereastheSMmethodisnot. Second;theSMmethodtak"
T00219,"[2005] Mohun - On measuring the wealth of nations the US economy, 1964-2001",[2025.10.02] page_011_table_01_pymupdf_text_analysis.csv,118,3,"Farms;.;The BLS Mining ratio is used. ""Agricultural Services; Forestry and Fishing"";.;BLS data exist from 1982 and so "
T00220,"[2005] Mohun - On measuring the wealth of nations the US economy, 1964-2001",[2025.10.02] page_012_table_01_pdfplumber_strategy_2.csv,3230,54,"810 S.Mohun; ; ""1964;19.1%in1989and27.5%in2001);theneteffectontotalvariablecapitalis""; small because the weight of the sector in the total is so small"
T00221,"[2005] Mohun - On measuring the wealth of nations the US economy, 1964-2001",[2025.10.02] page_013_table_01_pdfplumber_strategy_2.csv,1028,53,;1.25;; ;;; ;1.20;; ;;;Dow ;1.15;;nl ;;;oade ;1.10;;d ;;;from ;1.05;;https:// ;1.00;;ac ;;;adem ;0.95;;ic ;;;.oup ;0.90;;.co ;;; ;;4691 7691 0791 3791
T00222,"[2005] Mohun - On measuring the wealth of nations the US economy, 1964-2001",[2025.10.02] page_014_table_01_pymupdf_text_analysis.csv,130,3,1964;1967;1970;1973;1976;1979;1982;1985;1988;1991;1994;1997;2000 1964;1967;1970;1973;1976;1979;1982;1985;1988;1991;1994;1997;2000 
T00223,"[2005] Mohun - On measuring the wealth of nations the US economy, 1964-2001",[2025.10.02] page_015_table_01_pdfplumber_strategy_2.csv,2949,54,"5. Conclusion; ; ""In the presentation of their methodology in their 1994 book; ST have performed""; a signal service to those interested in quantifying"
T00224,"[2005] Mohun - On measuring the wealth of nations the US economy, 1964-2001",[2025.10.02] page_016_table_01_pdfplumber_strategy_2.csv,3093,58,"""TherearefourgapsintheServicesdivisions;andtheseareresolvedasfollows."";D ;ow ""1. ForHotelsandOtherLodgingPlaces(SIC70);therearenodataonproductionworke"
T00225,"[2005] Mohun - On measuring the wealth of nations the US economy, 1964-2001",[2025.10.02] page_017_table_01_pdfplumber_strategy_2.csv,2162,53,"A.2.3 Wages of productive workers in services: benchmark estimates 1988–2001; ""Ideally;wagespaidtoaproductionworkerinservicesubdivisionjarecalculatedb"
T00226,"[2005] Mohun - On measuring the wealth of nations the US economy, 1964-2001",[2025.10.02] page_001_table_01_pdfplumber_strategy_2.csv,2766,52,"""CambridgeJournalofEconomics2005;29;799–815""; doi:10.1093/cje/bei043; ""AdvanceAccesspublication6June;2005""; ; ;Downl On measuring the wealth of nation"
T00227,"[2005] Mohun - On measuring the wealth of nations the US economy, 1964-2001",[2025.10.02] page_002_table_01_pdfplumber_strategy_2.csv,3544,56,"800 S.Mohun; ; ""regardedasproductive.Toavoidtheformer;thepapertakestheSTdiscussionofthe""; ""conceptsforgranted;andtoavoidthelatter;thepaperfollowstheST"
T00228,"[2005] Mohun - On measuring the wealth of nations the US economy, 1964-2001",[2025.10.02] page_003_table_01_pdfplumber_strategy_2.csv,2995,56,2.1 Numbers of productive workers; ThefirstdecisionistoallocateeachmajorSICcategorytoapositioninthecircuitof; capitalaccordingtowhetheritembracesthepr
T00229,"[2005] Mohun - On measuring the wealth of nations the US economy, 1964-2001",[2025.10.02] page_004_table_01_pdfplumber_strategy_2.csv,2939,66,"Construction workers. This group includes the following employees in the construction; ""division: Working supervisors; qualified craft workers; mechan"
T00230,"[2005] Mohun - On measuring the wealth of nations the US economy, 1964-2001",[2025.10.02] page_004_table_01_pymupdf_text_analysis.csv,176,3,"superscript;i;""denote the SIC division; subscript"";p;""denote ‘productive’; subscript"";pn; ""denote ‘production’; subscripts"";BLS;and;NIPA;""denote the d"
T00231,"[2005] Mohun - On measuring the wealth of nations the US economy, 1964-2001",[2025.10.02] page_004_table_02_pymupdf_text_analysis.csv,198,4,"i;pn;i;Þ;NIPA if;i;""is a productive sector; and is zero otherwise. Total productive labour (L"";p;) is the sum ""as productive; and total unproductive l"
T00232,"[2005] Mohun - On measuring the wealth of nations the US economy, 1964-2001",[2025.10.02] page_004_table_03_pymupdf_text_analysis.csv,166,3,"1. For each SIC division;i;""; determine average employee compensation ("";ec;) by the NIPA ratio of total employee compensation (;EC;) to total fte emp"
T00233,"[2005] Mohun - On measuring the wealth of nations the US economy, 1964-2001",[2025.10.02] page_005_table_01_pdfplumber_strategy_2.csv,2299,55,"On measuring thewealth of nations 803; ; ""2. ForeachSICdivisioni;taketheweeklywage(w)paidtoBLSproductionworkers;""; andmultiplyfirstby52(toconverttoana"
T00234,"[2005] Mohun - On measuring the wealth of nations the US economy, 1964-2001",[2025.10.02] page_006_table_01_pdfplumber_strategy_2.csv,2557,69,"804 S.Mohun; ; ""whose resolution is discussed in the Appendix. With these approximations; there is""; sufficient information to use equations (1)–(7) t"
T00235,"[2005] Mohun - On measuring the wealth of nations the US economy, 1964-2001",[2025.10.02] page_006_table_02_pymupdf_text_analysis.csv,96,3,"s;s;;;j; GNP by all Services.;1;""So; using subscript"";ST;""as a label; the ST approximation for"" "
T00236,"[2005] Mohun - On measuring the wealth of nations the US economy, 1964-2001",[2025.10.02] page_006_table_03_pymupdf_text_analysis.csv,119,6,"s;s;s; p;Þ;ST;¼ +;j;GDP; s;;;j; and there are no ST estimates for Services divisions taken individually.;2;""However;""; "
T00237,"[2005] Mohun - On measuring the wealth of nations the US economy, 1964-2001",[2025.10.02] page_006_table_04_pymupdf_text_analysis.csv,28,4,s;;;j;pn;s ;;;; s;;;j;; 
T00238,"[2005] Mohun - On measuring the wealth of nations the US economy, 1964-2001",[2025.10.02] page_007_table_01_pdfplumber_strategy_2.csv,2267,57,"""Sincetheright-handsidesofequations(10)and(12)areidentical;thedisaggregated""; approximationsofequation(11)willbeusedinthecomparisonsbelow.Howgoodthe; "
T00239,"[2005] Mohun - On measuring the wealth of nations the US economy, 1964-2001",[2025.10.02] page_007_table_01_pymupdf_text_analysis.csv,257,4,"An alternative approximation (labelled by subscript;SM;) weights the BLS ratio of production workers to all employees for;all;""Services in the aggrega"
T00240,"[2005] Mohun - On measuring the wealth of nations the US economy, 1964-2001",[2025.10.02] page_007_table_02_pymupdf_text_analysis.csv,67,3,s;;;j;s;;;j;s;;;j;pn;s;;;j;Þ;NIPA ð;L;p;Þ;SM;¼;+;ð;L;p;Þ;SM;ð;14;Þ 
T00241,"[2005] Mohun - On measuring the wealth of nations the US economy, 1964-2001",[2025.10.02] page_007_table_03_pymupdf_text_analysis.csv,668,16,"division;j;""; for the ﬁrst ﬁve years for which it exists; to the mean of the BLS ratio for all""; method;ST method;SM method; equations;equations;equat"
T00242,"[2005] Mohun - On measuring the wealth of nations the US economy, 1964-2001",[2025.10.02] page_008_table_01_pdfplumber_strategy_2.csv,2134,65,"806 S.Mohun; ; ""deviationof0.23).TheSMapproximation;relativetothebenchmark;deliverscloser""; ""means with lower standard deviations; and so must be judg"
T00243,"[2005] Mohun - On measuring the wealth of nations the US economy, 1964-2001",[2025.10.02] page_008_table_02_pymupdf_text_analysis.csv,46,3,ð;L;s;;;j p;Þ;B;is given by equation (8) and; 
T00244,"[2005] Mohun - On measuring the wealth of nations the US economy, 1964-2001",[2025.10.02] page_008_table_03_pymupdf_text_analysis.csv,92,3,"s;s;;;j they simply applied the NIPA;ec;""for the whole Services sector (Shaikh and Tonak;""; "
T00245,"[2005] Mohun - On measuring the wealth of nations the US economy, 1964-2001",[2025.10.02] page_008_table_04_pymupdf_text_analysis.csv,104,4,s;s;;;j p;Þ;ST; aggregation. But casual inspection of the differences in NIPA;ec;in Services divisions; 
T00246,"[2005] Mohun - On measuring the wealth of nations the US economy, 1964-2001",[2025.10.02] page_009_table_01_pdfplumber_strategy_2.csv,2597,54,"s;j; ""whereðL Þ isgivenbyequation(13);and p SM""; ; ðWsÞ (cid:2)ðWsÞ ¼+ðWs;jÞ ð22Þ; p B p SM p SM; j;Dow The outcome for 1988 is shown in Table 3. In o"
T00247,"[2005] Mohun - On measuring the wealth of nations the US economy, 1964-2001",[2025.10.02] page_009_table_01_pymupdf_text_analysis.csv,840,18,"s;s;s;;;j to the;same;benchmark quantities of productive labour given in Table 2.;1; ""closer to the benchmark estimates for two reasons. First; contri"
T00248,"[2005] Mohun - On measuring the wealth of nations the US economy, 1964-2001",[2025.10.02] page_010_table_01_pdfplumber_strategy_2.csv,3299,54,"808 S.Mohun; ; mightbemostappropriatetoeachdivision.TheSTmethodisdependentuponsuch; ""dataandprocedures; whereastheSMmethodisnot. Second;theSMmethodtak"
T00249,"[2005] Mohun - On measuring the wealth of nations the US economy, 1964-2001",[2025.10.02] page_011_table_01_pdfplumber_strategy_2.csv,2968,65,"On measuring thewealth of nations 809; ; ""employment in Agriculture; Forestry and Fishing. Presumably the rationale is that""; ""bothareextractiveindust"
T00250,"[2005] Mohun - On measuring the wealth of nations the US economy, 1964-2001",[2025.10.02] page_011_table_01_pymupdf_text_analysis.csv,118,3,"Farms;.;The BLS Mining ratio is used. ""Agricultural Services; Forestry and Fishing"";.;BLS data exist from 1982 and so "
T00251,"[2005] Mohun - On measuring the wealth of nations the US economy, 1964-2001",[2025.10.02] page_011_table_02_pymupdf_text_analysis.csv,34,3,ags;ags;pn;ags;Þ;NIPA p;Þ;SM;¼;a; 
T00252,"[2005] Mohun - On measuring the wealth of nations the US economy, 1964-2001",[2025.10.02] page_011_table_03_pymupdf_text_analysis.csv,259,4,STused the NIPA-derived average employee compensation for the whole sector (;ec;ag;) workers by;ec;ag;. The difﬁculty with this is that it does not di
T00253,"[2005] Mohun - On measuring the wealth of nations the US economy, 1964-2001",[2025.10.02] page_011_table_04_pymupdf_text_analysis.csv,102,5,"f;api;f; api;api;p; ;;; ""Agricultural Services; Forestry and Fishing"";.;The BLS wage is that for; "
T00254,"[2005] Mohun - On measuring the wealth of nations the US economy, 1964-2001",[2025.10.02] page_011_table_05_pymupdf_text_analysis.csv,22,3,ags;ags;s;ags ;;; 
T00255,"[2005] Mohun - On measuring the wealth of nations the US economy, 1964-2001",[2025.10.02] page_012_table_01_pdfplumber_strategy_2.csv,3230,54,"810 S.Mohun; ; ""1964;19.1%in1989and27.5%in2001);theneteffectontotalvariablecapitalis""; small because the weight of the sector in the total is so small"
T00256,"[2005] Mohun - On measuring the wealth of nations the US economy, 1964-2001",[2025.10.02] page_013_table_01_pdfplumber_strategy_2.csv,1028,53,;1.25;; ;;; ;1.20;; ;;;Dow ;1.15;;nl ;;;oade ;1.10;;d ;;;from ;1.05;;https:// ;1.00;;ac ;;;adem ;0.95;;ic ;;;.oup ;0.90;;.co ;;; ;;4691 7691 0791 3791
T00257,"[2005] Mohun - On measuring the wealth of nations the US economy, 1964-2001",[2025.10.02] page_013_table_01_pymupdf_text_analysis.csv,130,3,1964;1967;1970;1973;1976;1979;1982;1985;1988;1991;1994;1997;2000 1964;1967;1970;1973;1976;1979;1982;1985;1988;1991;1994;1997;2000 
T00258,"[2005] Mohun - On measuring the wealth of nations the US economy, 1964-2001",[2025.10.02] page_014_table_01_pdfplumber_strategy_2.csv,562,50,0.44;; ;; 0.42;; ;; ;;D 0.40;;ow ;;nlo 0.38;;a ;;ded 0.36;;fr ;;om 0.34;;ht ;;tps 0.32;;:// ;;aca 0.30;;de ;;mi 0.28;;c.o ;;up. 0.26;;co 4691 7691 079
T00259,"[2005] Mohun - On measuring the wealth of nations the US economy, 1964-2001",[2025.10.02] page_014_table_01_pymupdf_text_analysis.csv,130,3,1964;1967;1970;1973;1976;1979;1982;1985;1988;1991;1994;1997;2000 1964;1967;1970;1973;1976;1979;1982;1985;1988;1991;1994;1997;2000 
T00260,"[2005] Mohun - On measuring the wealth of nations the US economy, 1964-2001",[2025.10.02] page_015_table_01_pdfplumber_strategy_2.csv,2949,54,"5. Conclusion; ; ""In the presentation of their methodology in their 1994 book; ST have performed""; a signal service to those interested in quantifying"
T00261,"[2005] Mohun - On measuring the wealth of nations the US economy, 1964-2001",[2025.10.02] page_015_table_01_pymupdf_text_analysis.csv,205,4,"""Shaikh; A. M. and Tonak; E. A. 1994."";Measuring the Wealth of Nations;""; Cambridge;"" <http://www.bea.gov/bea/dn/nipaweb/SelectTable.asp?Selected;¼;N>"
T00262,"[2005] Mohun - On measuring the wealth of nations the US economy, 1964-2001",[2025.10.02] page_016_table_01_pdfplumber_strategy_2.csv,3093,58,"""TherearefourgapsintheServicesdivisions;andtheseareresolvedasfollows."";D ;ow ""1. ForHotelsandOtherLodgingPlaces(SIC70);therearenodataonproductionworke"
T00263,"[2005] Mohun - On measuring the wealth of nations the US economy, 1964-2001",[2025.10.02] page_016_table_01_pymupdf_text_analysis.csv,25,4,L;s;;;ag pn;ð;t;Þ t;þ;4; 
T00264,"[2005] Mohun - On measuring the wealth of nations the US economy, 1964-2001",[2025.10.02] page_017_table_01_pdfplumber_strategy_2.csv,2162,53,"A.2.3 Wages of productive workers in services: benchmark estimates 1988–2001; ""Ideally;wagespaidtoaproductionworkerinservicesubdivisionjarecalculatedb"
T00265,"[2005] Mohun - On measuring the wealth of nations the US economy, 1964-2001",[2025.10.02] page_017_table_01_pymupdf_text_analysis.csv,138,5,s;;;j s;;;j wage for all Services multiplied by the NIPA ratio of;ec;in Education (resp. Membership Organizations) to;ec;in all Services. 
T00266,"[2011] Paitardis & Tsoulfidis - the Growth of Unproductive Activities, the Rate of Profit, and the Phase-Change of the U.S. Economy",[2025.10.02] table_selection_integrity.json,37281,1170,"{   ""groups"": [     {       ""page"": ""001"";       ""candidates"": [         {           ""file"": ""..\\Projects\\Shaikh Tonak\\[2011] Paitardis & Tsoulfidi"
T00267,"[2011] Paitardis & Tsoulfidis - the Growth of Unproductive Activities, the Rate of Profit, and the Phase-Change of the U.S. Economy",[2025.10.02] page_001_table_01_pymupdf_text_analysis.csv,199,4,"423899;RRP;XXX10.1177/0486613411423899Paitaridis and; Dimitris Paitaridis;1;and Lefteris Tsoulfidis;1 ""the 1970s (e.g.; Shaikh 1978) and culminated in"
T00268,"[2011] Paitardis & Tsoulfidis - the Growth of Unproductive Activities, the Rate of Profit, and the Phase-Change of the U.S. Economy",[2025.10.02] page_002_table_01_pdfplumber_strategy_2.csv,4517,52,"214;;;Review;of Radical Political Econ;omics 44(2) ;;;;; ""distribution; so"";cial main;""tenance; and person"";al consumption;""; as well as the class"";if"
T00269,"[2011] Paitardis & Tsoulfidis - the Growth of Unproductive Activities, the Rate of Profit, and the Phase-Change of the U.S. Economy",[2025.10.02] page_003_table_01_pdfplumber_strategy_2.csv,4815,52,Paitaridis and Tsoulfidi;s;;;;215 ;;;;; classical economists;and Marx paid s;o much attenti;on to the di;stinction of labor;activity. The discussion i
T00270,"[2011] Paitardis & Tsoulfidis - the Growth of Unproductive Activities, the Rate of Profit, and the Phase-Change of the U.S. Economy",[2025.10.02] page_004_table_01_pdfplumber_strategy_2.csv,4578,51,"216;;;;Review of R;adical Political Eco;nomics 44(2) ;;;;;; invested produ;ctiv;ely and thus the;lower the capital;accumulation. O;""f course; there m"""
T00271,"[2011] Paitardis & Tsoulfidis - the Growth of Unproductive Activities, the Rate of Profit, and the Phase-Change of the U.S. Economy",[2025.10.02] page_005_table_01_pdfplumber_strategy_2.csv,3860,51,Paitaridis and Tsou;lfidis;;;;;217 ;;;;;; line drawn betwe;en productive an;d unproductive l;abor was r;endered synony;mous t;o marketed versus non-ma
T00272,"[2011] Paitardis & Tsoulfidis - the Growth of Unproductive Activities, the Rate of Profit, and the Phase-Change of the U.S. Economy",[2025.10.02] page_006_table_01_pdfplumber_strategy_2.csv,3012,48,21;8;;;R;eview;of Radical Pol;itical Econ;omics 44(2) ;;;;;;;; ;0.67;;;;;;; ;;;;;;;; ;;;;share of unpro;ductive;to total wages;; ;;;;;;;; ;0.62;;;;;;;
T00273,"[2011] Paitardis & Tsoulfidis - the Growth of Unproductive Activities, the Rate of Profit, and the Phase-Change of the U.S. Economy",[2025.10.02] page_007_table_01_pdfplumber_strategy_1.csv,61,8,"; surplus value; ;seitiv ""itca evitcud""; ;orpnu net profits; "
T00274,"[2011] Paitardis & Tsoulfidis - the Growth of Unproductive Activities, the Rate of Profit, and the Phase-Change of the U.S. Economy",[2025.10.02] page_008_table_01_pdfplumber_strategy_4.csv,57,7,"""productivity; PT"" ""productivity; ST"" """" """" real wage """" "
T00275,"[2011] Paitardis & Tsoulfidis - the Growth of Unproductive Activities, the Rate of Profit, and the Phase-Change of the U.S. Economy",[2025.10.02] page_009_table_01_pymupdf_text_analysis.csv,412,5,somewhat lower than those of ST’s estimates.;4;An examination of the graph (and especially of our pronounced in our data (productivity PT) rather than
T00276,"[2011] Paitardis & Tsoulfidis - the Growth of Unproductive Activities, the Rate of Profit, and the Phase-Change of the U.S. Economy",[2025.10.02] page_010_table_01_pdfplumber_strategy_1.csv,94,6,"""rate of surplus value; PT""; ; ; ""rate of surplus value; ST"";""rate of surplus value; Mohun"" ; "
T00277,"[2011] Paitardis & Tsoulfidis - the Growth of Unproductive Activities, the Rate of Profit, and the Phase-Change of the U.S. Economy",[2025.10.02] page_011_table_01_pymupdf_text_analysis.csv,201,3,computer related industries.;8;Our estimates show that the rate of surplus value increases rapidly in the mid-1960s and later.;9;In the same figure we
T00278,"[2011] Paitardis & Tsoulfidis - the Growth of Unproductive Activities, the Rate of Profit, and the Phase-Change of the U.S. Economy",[2025.10.02] page_012_table_01_pdfplumber_strategy_2.csv,3412,53,"224;;;;;Review of R;adical;Political Eco;nomics 44(2) ;;;;;;;; 0.55;;;;;;;; ;;;;;;;; ;;;;;;;general rate of p;""rofit; PT"" ;;;;;;;; 0.5;;;;;;;; ;;;;;;;"
T00279,"[2011] Paitardis & Tsoulfidis - the Growth of Unproductive Activities, the Rate of Profit, and the Phase-Change of the U.S. Economy",[2025.10.02] page_013_table_01_pdfplumber_strategy_2.csv,1997,53,Paitaridis and Tsou;lfidis;;;;;;;;22 ;;;;;;;;; 0.12;;;;;;;;; ;;;;;;;;; 0.105;;;;;;;;; ;;;;;;;;; 0.09;;;;;;;;; ;;;;;;;;; ;;;;net rate of profit;;;;; 0.
T00280,"[2011] Paitardis & Tsoulfidis - the Growth of Unproductive Activities, the Rate of Profit, and the Phase-Change of the U.S. Economy",[2025.10.02] page_014_table_01_pdfplumber_strategy_2.csv,4431,52,"226;;;Review o;f Radical Politi;cal Econ;omics 44(2) ;;;;;; ""Clearly; the ne"";t rate of profit;never returns to;the level of the;""mid-1960s; a"";nd so "
T00281,"[2011] Paitardis & Tsoulfidis - the Growth of Unproductive Activities, the Rate of Profit, and the Phase-Change of the U.S. Economy",[2025.10.02] page_015_table_01_pdfplumber_strategy_2.csv,3588,58,"Paitaridis and Tso;ulfidis;;;;;227 ;;;;;; By taking dif;ferences we write;"";"";;;; ;;;;;; ;;Δπ =;rΔC + CΔr;;; ;;;;;; And dividing;through by ΔC a;nd we"
T00282,"[2011] Paitardis & Tsoulfidis - the Growth of Unproductive Activities, the Rate of Profit, and the Phase-Change of the U.S. Economy",[2025.10.02] page_016_table_01_pdfplumber_strategy_2.csv,3377,52,22;8;;;;;Review of;Radical Political E;conomics 44(2) ;;;;;;;; ;20.7;;;;;;; ;;;;;;;; ;20.4;;;;;;; ;;;;;;;; ;;;n;atura;l logarithm of;net profits (2005
T00283,"[2011] Paitardis & Tsoulfidis - the Growth of Unproductive Activities, the Rate of Profit, and the Phase-Change of the U.S. Economy",[2025.10.02] page_017_table_01_pdfplumber_strategy_2.csv,4657,52,"Paitaridis and Ts;oulfidis;;;;;229 ;;;;;; 1980s. More sp;""ecifically; the rat"";e of unemploym;ent was kept at to;lerant lev;els and;the business bankr"
T00284,"[2011] Paitardis & Tsoulfidis - the Growth of Unproductive Activities, the Rate of Profit, and the Phase-Change of the U.S. Economy",[2025.10.02] page_018_table_01_pdfplumber_strategy_2.csv,3260,53,230;;;;Review o;f Radical Political;Economics 44(2) ;;;;;; Table A. Classifica;tion of S;ectors;;;; ;;;;;; Productive Activitie;s;;;;Unproductive Acti
T00285,"[2011] Paitardis & Tsoulfidis - the Growth of Unproductive Activities, the Rate of Profit, and the Phase-Change of the U.S. Economy",[2025.10.02] page_019_table_01_pymupdf_text_analysis.csv,218,3,"(;L;j;);NIPA;employed in the productive sectors (;j;""= 1;2; ...;"";n;) according to NIPA tables. In this total industry;j;""we take the share of product"
T00286,"[2011] Paitardis & Tsoulfidis - the Growth of Unproductive Activities, the Rate of Profit, and the Phase-Change of the U.S. Economy",[2025.10.02] page_020_table_01_pdfplumber_strategy_2.csv,3841,52,"232;;;Revie;w of Radical Political;Econo;mics 44(2) ;;;;;; ""Brenner; R. 2006"";. The economics;of global tu;rbulence: The advanc;ed capitalist economi;"
T00287,"[2011] Paitardis & Tsoulfidis - the Growth of Unproductive Activities, the Rate of Profit, and the Phase-Change of the U.S. Economy",[2025.10.02] page_021_table_01_pdfplumber_strategy_2.csv,1509,22,"Paitaridis a;nd;Tsoulfidis;;;;;233 ;;;;;;; ""Smith; A. ["";17;76]1937. The wealth;of natio;""ns; ed. E. Cannan."";New York: Random;House.; ""Studenski;"";P."
T00288,"[2011] Paitardis & Tsoulfidis - the Growth of Unproductive Activities, the Rate of Profit, and the Phase-Change of the U.S. Economy",[2025.10.02] page_001_table_01_pdfplumber_strategy_2.csv,2577,53,";;;;Review of Radical Political Economics ;;;;44(2) 213 –233 The Growth of;;;;© 2012 Union for Radical ;;;;Political Economics Unproductive Ac;tivit;"""
T00289,"[2011] Paitardis & Tsoulfidis - the Growth of Unproductive Activities, the Rate of Profit, and the Phase-Change of the U.S. Economy",[2025.10.02] page_001_table_01_pymupdf_text_analysis.csv,199,4,"423899;RRP;XXX10.1177/0486613411423899Paitaridis and; Dimitris Paitaridis;1;and Lefteris Tsoulfidis;1 ""the 1970s (e.g.; Shaikh 1978) and culminated in"
T00290,"[2011] Paitardis & Tsoulfidis - the Growth of Unproductive Activities, the Rate of Profit, and the Phase-Change of the U.S. Economy",[2025.10.02] page_002_table_01_pdfplumber_strategy_2.csv,4517,52,"214;;;Review;of Radical Political Econ;omics 44(2) ;;;;; ""distribution; so"";cial main;""tenance; and person"";al consumption;""; as well as the class"";if"
T00291,"[2011] Paitardis & Tsoulfidis - the Growth of Unproductive Activities, the Rate of Profit, and the Phase-Change of the U.S. Economy",[2025.10.02] page_003_table_01_pdfplumber_strategy_2.csv,4815,52,Paitaridis and Tsoulfidi;s;;;;215 ;;;;; classical economists;and Marx paid s;o much attenti;on to the di;stinction of labor;activity. The discussion i
T00292,"[2011] Paitardis & Tsoulfidis - the Growth of Unproductive Activities, the Rate of Profit, and the Phase-Change of the U.S. Economy",[2025.10.02] page_004_table_01_pdfplumber_strategy_2.csv,4578,51,"216;;;;Review of R;adical Political Eco;nomics 44(2) ;;;;;; invested produ;ctiv;ely and thus the;lower the capital;accumulation. O;""f course; there m"""
T00293,"[2011] Paitardis & Tsoulfidis - the Growth of Unproductive Activities, the Rate of Profit, and the Phase-Change of the U.S. Economy",[2025.10.02] page_005_table_01_pdfplumber_strategy_2.csv,3860,51,Paitaridis and Tsou;lfidis;;;;;217 ;;;;;; line drawn betwe;en productive an;d unproductive l;abor was r;endered synony;mous t;o marketed versus non-ma
T00294,"[2011] Paitardis & Tsoulfidis - the Growth of Unproductive Activities, the Rate of Profit, and the Phase-Change of the U.S. Economy",[2025.10.02] page_005_table_01_pymupdf_text_analysis.csv,181,3,"""third year will be still less than that of the second. (Smith;"";Wealth of Nations;""; p. 325)"" ""vant class; including men servants; lackeys; etc. . . "
T00295,"[2011] Paitardis & Tsoulfidis - the Growth of Unproductive Activities, the Rate of Profit, and the Phase-Change of the U.S. Economy",[2025.10.02] page_006_table_01_pdfplumber_strategy_1.csv,88,6,"share of unproductive to total wages """" """" share of unproductive to total employment """" "
T00296,"[2011] Paitardis & Tsoulfidis - the Growth of Unproductive Activities, the Rate of Profit, and the Phase-Change of the U.S. Economy",[2025.10.02] page_006_table_01_pdfplumber_strategy_2.csv,3012,48,21;8;;;R;eview;of Radical Pol;itical Econ;omics 44(2) ;;;;;;;; ;0.67;;;;;;; ;;;;;;;; ;;;;share of unpro;ductive;to total wages;; ;;;;;;;; ;0.62;;;;;;;
T00297,"[2011] Paitardis & Tsoulfidis - the Growth of Unproductive Activities, the Rate of Profit, and the Phase-Change of the U.S. Economy",[2025.10.02] page_007_table_01_pdfplumber_strategy_1.csv,61,8,"; surplus value; ;seitiv ""itca evitcud""; ;orpnu net profits; "
T00298,"[2011] Paitardis & Tsoulfidis - the Growth of Unproductive Activities, the Rate of Profit, and the Phase-Change of the U.S. Economy",[2025.10.02] page_007_table_01_pdfplumber_strategy_2.csv,3182,54,Paitaridis and T;soulfidis;;;;;219 ;;;;;; 9000;;;;;; ;;;;;; 7500;;;;;; ;;;;;surplus value; ;;;;;; 6000;;;;;; ;;;;;; ;;;;;;seiti 4500;;;;;;vit ;;;;;;ca
T00299,"[2011] Paitardis & Tsoulfidis - the Growth of Unproductive Activities, the Rate of Profit, and the Phase-Change of the U.S. Economy",[2025.10.02] page_007_table_01_pdfplumber_strategy_4.csv,57,8,""""" surplus value seitiv ""itca evitcud"" orpnu net profits "
T00300,"[2011] Paitardis & Tsoulfidis - the Growth of Unproductive Activities, the Rate of Profit, and the Phase-Change of the U.S. Economy",[2025.10.02] page_007_table_01_pymupdf_text_analysis.csv,308,4,"""vices; and government) plus the gross output of trade and real estate sectors net of imputations."";2; ductive workers. The difference is the total su"
T00301,"[2011] Paitardis & Tsoulfidis - the Growth of Unproductive Activities, the Rate of Profit, and the Phase-Change of the U.S. Economy",[2025.10.02] page_008_table_01_pdfplumber_strategy_2.csv,2803,57,"220;;;;Review o;f Radical Pol;itical Eco;nomics 44(2) ;;;;;;; 178990;;;;;;; ;;;;;;""productivity;"";PT ;;;;;;; 153075;;;;;;; ;;;;;;; ;;;""productivity;"";"
T00302,"[2011] Paitardis & Tsoulfidis - the Growth of Unproductive Activities, the Rate of Profit, and the Phase-Change of the U.S. Economy",[2025.10.02] page_008_table_01_pdfplumber_strategy_4.csv,57,7,"""productivity; PT"" ""productivity; ST"" """" """" real wage """" "
T00303,"[2011] Paitardis & Tsoulfidis - the Growth of Unproductive Activities, the Rate of Profit, and the Phase-Change of the U.S. Economy",[2025.10.02] page_008_table_02_pymupdf_text_analysis.csv,40,4,MVA P;L;/;/; GDP;P;1;1; CPI;P;CPI;P;CPI 
T00304,"[2011] Paitardis & Tsoulfidis - the Growth of Unproductive Activities, the Rate of Profit, and the Phase-Change of the U.S. Economy",[2025.10.02] page_009_table_01_pdfplumber_strategy_2.csv,4720,51,Paitaridis and Tsoulfidis;;;;;;221 ;;;;;; allowed the separation;of Drinking an;d Eating Plac;es togethe;r with Com;puter;and Related Activities that 
T00305,"[2011] Paitardis & Tsoulfidis - the Growth of Unproductive Activities, the Rate of Profit, and the Phase-Change of the U.S. Economy",[2025.10.02] page_009_table_01_pymupdf_text_analysis.csv,412,5,somewhat lower than those of ST’s estimates.;4;An examination of the graph (and especially of our pronounced in our data (productivity PT) rather than
T00306,"[2011] Paitardis & Tsoulfidis - the Growth of Unproductive Activities, the Rate of Profit, and the Phase-Change of the U.S. Economy",[2025.10.02] page_010_table_01_pdfplumber_strategy_1.csv,94,6,"""rate of surplus value; PT""; ; ; ""rate of surplus value; ST"";""rate of surplus value; Mohun"" ; "
T00307,"[2011] Paitardis & Tsoulfidis - the Growth of Unproductive Activities, the Rate of Profit, and the Phase-Change of the U.S. Economy",[2025.10.02] page_010_table_01_pdfplumber_strategy_2.csv,1788,52,"22;2;;;;;;Review of;Radical;Political E;conomics;44(2) ;;;;;;;;;;; ;3.6;;;;;;;;;; ;;;;;;;;;;; ;;;;;;;;rate of surp;""lus value; PT"";; ;;;;;;;;;;; ;3.25"
T00308,"[2011] Paitardis & Tsoulfidis - the Growth of Unproductive Activities, the Rate of Profit, and the Phase-Change of the U.S. Economy",[2025.10.02] page_010_table_01_pdfplumber_strategy_4.csv,97,7,"""rate of surplus value; PT"" """" """" """" ""rate of surplus value; ST rate of surplus value; Mohun"" """" "
T00309,"[2011] Paitardis & Tsoulfidis - the Growth of Unproductive Activities, the Rate of Profit, and the Phase-Change of the U.S. Economy",[2025.10.02] page_010_table_02_pdfplumber_strategy_1.csv,78,6,"; ""value composition of capital; ST""; ;""value composition of capital; PT"" ; ; "
T00310,"[2011] Paitardis & Tsoulfidis - the Growth of Unproductive Activities, the Rate of Profit, and the Phase-Change of the U.S. Economy",[2025.10.02] page_010_table_02_pdfplumber_strategy_4.csv,78,6,"; ""value composition of capital; ST""; ""value composition of capital; PT""; ; ; "
T00311,"[2011] Paitardis & Tsoulfidis - the Growth of Unproductive Activities, the Rate of Profit, and the Phase-Change of the U.S. Economy",[2025.10.02] page_011_table_01_pdfplumber_strategy_2.csv,4741,52,Paitaridis and Tsou;lfidis;;;;;;223 ;;;;;;; speculate that the;y form the onset;of the fourth;stage that is;alr;eady in process;. Focus;ing on the com
T00312,"[2011] Paitardis & Tsoulfidis - the Growth of Unproductive Activities, the Rate of Profit, and the Phase-Change of the U.S. Economy",[2025.10.02] page_011_table_01_pymupdf_text_analysis.csv,201,3,computer related industries.;8;Our estimates show that the rate of surplus value increases rapidly in the mid-1960s and later.;9;In the same figure we
T00313,"[2011] Paitardis & Tsoulfidis - the Growth of Unproductive Activities, the Rate of Profit, and the Phase-Change of the U.S. Economy",[2025.10.02] page_011_table_02_pymupdf_text_analysis.csv,198,3,profit (;R;) spanning the period 1948 to 1989 to our estimates for the 1964 to 2007 period. net fixed capital stock as is used in similar studies.;12;
T00314,"[2011] Paitardis & Tsoulfidis - the Growth of Unproductive Activities, the Rate of Profit, and the Phase-Change of the U.S. Economy",[2025.10.02] page_012_table_01_pdfplumber_strategy_1.csv,68,7,"""general rate of profit; PT""; ; ""general rate of profit; ST""; ; ; ; "
T00315,"[2011] Paitardis & Tsoulfidis - the Growth of Unproductive Activities, the Rate of Profit, and the Phase-Change of the U.S. Economy",[2025.10.02] page_012_table_01_pdfplumber_strategy_2.csv,3412,53,"224;;;;;Review of R;adical;Political Eco;nomics 44(2) ;;;;;;;; 0.55;;;;;;;; ;;;;;;;; ;;;;;;;general rate of p;""rofit; PT"" ;;;;;;;; 0.5;;;;;;;; ;;;;;;;"
T00316,"[2011] Paitardis & Tsoulfidis - the Growth of Unproductive Activities, the Rate of Profit, and the Phase-Change of the U.S. Economy",[2025.10.02] page_013_table_01_pdfplumber_strategy_1.csv,30,7,; ; net rate of profit; ; ; ; 
T00317,"[2011] Paitardis & Tsoulfidis - the Growth of Unproductive Activities, the Rate of Profit, and the Phase-Change of the U.S. Economy",[2025.10.02] page_013_table_01_pdfplumber_strategy_2.csv,1997,53,Paitaridis and Tsou;lfidis;;;;;;;;22 ;;;;;;;;; 0.12;;;;;;;;; ;;;;;;;;; 0.105;;;;;;;;; ;;;;;;;;; 0.09;;;;;;;;; ;;;;;;;;; ;;;;net rate of profit;;;;; 0.
T00318,"[2011] Paitardis & Tsoulfidis - the Growth of Unproductive Activities, the Rate of Profit, and the Phase-Change of the U.S. Economy",[2025.10.02] page_013_table_01_pymupdf_text_analysis.csv,130,3,"Lévy 2004).;14;""We cannot say the same thing though for the general rate of profit; whose rising"" Table 1.;Annual Growth Rates;15 "
T00319,"[2011] Paitardis & Tsoulfidis - the Growth of Unproductive Activities, the Rate of Profit, and the Phase-Change of the U.S. Economy",[2025.10.02] page_013_table_02_pymupdf_text_analysis.csv,367,11,Variables/;1948-;1965-;1982-;1982-;1948-;1964-;1964-; Periods;Authors;1965;1982;1989;2007;1989;1989;2007 RSV;ST;1.25;0.26;1.52;-;0.89;0.56;- RSV;PT;-;
T00320,"[2011] Paitardis & Tsoulfidis - the Growth of Unproductive Activities, the Rate of Profit, and the Phase-Change of the U.S. Economy",[2025.10.02] page_013_table_03_pymupdf_text_analysis.csv,79,5,R;PT;-;3.37;1.08;- -;2.20;-;0.51;-;0.22 R;SM;3.57;1.22;-; -;2.50;-;0.65;-;0.25 
T00321,"[2011] Paitardis & Tsoulfidis - the Growth of Unproductive Activities, the Rate of Profit, and the Phase-Change of the U.S. Economy",[2025.10.02] page_014_table_01_pdfplumber_strategy_2.csv,4431,52,"226;;;Review o;f Radical Politi;cal Econ;omics 44(2) ;;;;;; ""Clearly; the ne"";t rate of profit;never returns to;the level of the;""mid-1960s; a"";nd so "
T00322,"[2011] Paitardis & Tsoulfidis - the Growth of Unproductive Activities, the Rate of Profit, and the Phase-Change of the U.S. Economy",[2025.10.02] page_014_table_01_pymupdf_text_analysis.csv,224,3,"the net profit rate (;r;""); the mass of real net profits ("";π;""); and the manifestation of crisis. In the formal"" with the simplified formula of the r"
T00323,"[2011] Paitardis & Tsoulfidis - the Growth of Unproductive Activities, the Rate of Profit, and the Phase-Change of the U.S. Economy",[2025.10.02] page_015_table_01_pdfplumber_strategy_2.csv,3588,58,"Paitaridis and Tso;ulfidis;;;;;227 ;;;;;; By taking dif;ferences we write;"";"";;;; ;;;;;; ;;Δπ =;rΔC + CΔr;;; ;;;;;; And dividing;through by ΔC a;nd we"
T00324,"[2011] Paitardis & Tsoulfidis - the Growth of Unproductive Activities, the Rate of Profit, and the Phase-Change of the U.S. Economy",[2025.10.02] page_015_table_01_pymupdf_text_analysis.csv,618,11,"And dividing through by Δ;C;and we get;;; ∆;=;+;;; Factoring out;""r;"";we have;;; C;C;r;;; ;;;;; The term Δ;π;/Δ;C;indicates the way in which profi"
T00325,"[2011] Paitardis & Tsoulfidis - the Growth of Unproductive Activities, the Rate of Profit, and the Phase-Change of the U.S. Economy",[2025.10.02] page_016_table_01_pdfplumber_strategy_1.csv,57,7,;; natural logarithm of net profits (2005);; ;; ;; ;; ;; 
T00326,"[2011] Paitardis & Tsoulfidis - the Growth of Unproductive Activities, the Rate of Profit, and the Phase-Change of the U.S. Economy",[2025.10.02] page_016_table_01_pdfplumber_strategy_2.csv,3377,52,22;8;;;;;Review of;Radical Political E;conomics 44(2) ;;;;;;;; ;20.7;;;;;;; ;;;;;;;; ;20.4;;;;;;; ;;;;;;;; ;;;n;atura;l logarithm of;net profits (2005
T00327,"[2011] Paitardis & Tsoulfidis - the Growth of Unproductive Activities, the Rate of Profit, and the Phase-Change of the U.S. Economy",[2025.10.02] page_017_table_01_pdfplumber_strategy_2.csv,4657,52,"Paitaridis and Ts;oulfidis;;;;;229 ;;;;;; 1980s. More sp;""ecifically; the rat"";e of unemploym;ent was kept at to;lerant lev;els and;the business bankr"
T00328,"[2011] Paitardis & Tsoulfidis - the Growth of Unproductive Activities, the Rate of Profit, and the Phase-Change of the U.S. Economy",[2025.10.02] page_018_table_01_pdfplumber_strategy_2.csv,3260,53,230;;;;Review o;f Radical Political;Economics 44(2) ;;;;;; Table A. Classifica;tion of S;ectors;;;; ;;;;;; Productive Activitie;s;;;;Unproductive Acti
T00329,"[2011] Paitardis & Tsoulfidis - the Growth of Unproductive Activities, the Rate of Profit, and the Phase-Change of the U.S. Economy",[2025.10.02] page_019_table_01_pdfplumber_strategy_2.csv,3203,62,Paitaridis and Tsoulfidis;;;;;;231 ;;;;;; and the subindustry S;oftware;Rep;roducing (NAICS c;ode 33461;1). In order to est;imate the share in the val
T00330,"[2011] Paitardis & Tsoulfidis - the Growth of Unproductive Activities, the Rate of Profit, and the Phase-Change of the U.S. Economy",[2025.10.02] page_019_table_01_pymupdf_text_analysis.csv,218,3,"(;L;j;);NIPA;employed in the productive sectors (;j;""= 1;2; ...;"";n;) according to NIPA tables. In this total industry;j;""we take the share of product"
T00331,"[2011] Paitardis & Tsoulfidis - the Growth of Unproductive Activities, the Rate of Profit, and the Phase-Change of the U.S. Economy",[2025.10.02] page_019_table_02_pymupdf_text_analysis.csv,196,3,"""Subsequently; we multiply the average weekly wage of productive workers ("";w;j;) in each pro- ductive sector by;x;j;in order to estimate in the wage "
T00332,"[2011] Paitardis & Tsoulfidis - the Growth of Unproductive Activities, the Rate of Profit, and the Phase-Change of the U.S. Economy",[2025.10.02] page_020_table_01_pdfplumber_strategy_2.csv,3841,52,"232;;;Revie;w of Radical Political;Econo;mics 44(2) ;;;;;; ""Brenner; R. 2006"";. The economics;of global tu;rbulence: The advanc;ed capitalist economi;"
T00333,"[2011] Paitardis & Tsoulfidis - the Growth of Unproductive Activities, the Rate of Profit, and the Phase-Change of the U.S. Economy",[2025.10.02] page_020_table_01_pymupdf_text_analysis.csv,1567,18,"""accounts to classical economic categories; 1972-1995."";Review of Political Economy;13 (3): 310-27. ""Duménil; G.; and D. Lévy. 1993."";The economics of"
T00334,"[2011] Paitardis & Tsoulfidis - the Growth of Unproductive Activities, the Rate of Profit, and the Phase-Change of the U.S. Economy",[2025.10.02] page_021_table_01_pdfplumber_strategy_2.csv,1509,22,"Paitaridis a;nd;Tsoulfidis;;;;;233 ;;;;;;; ""Smith; A. ["";17;76]1937. The wealth;of natio;""ns; ed. E. Cannan."";New York: Random;House.; ""Studenski;"";P."
T00335,"[2011] Paitardis & Tsoulfidis - the Growth of Unproductive Activities, the Rate of Profit, and the Phase-Change of the U.S. Economy",[2025.10.02] page_021_table_01_pymupdf_text_analysis.csv,344,5,"""Smith; A. [1776]1937."";The wealth of nations;""; ed. E. Cannan. New York: Random House."" ""Studenski; P. 1958."";The income of nations;. New York: New Y"
T00336,[2013] Mohun - Unproductive Labor in the US Economy 1964-2010,[2025.10.02] table_selection_integrity.json,42452,1555,"{   ""groups"": [     {       ""page"": ""001"";       ""candidates"": [         {           ""file"": ""..\\Projects\\Shaikh Tonak\\[2013] Mohun - Unproductive "
T00337,[2013] Mohun - Unproductive Labor in the US Economy 1964-2010,[2025.10.02] page_001_table_01_pdfplumber_strategy_2.csv,2880,54,";;;; ;;;;Review of Radical Political Economics ;;;;""2014; Vol. 46(3) 355 –379"" Unproductive Labo;r in the;U.S;.;© 2013 Union for Radical ;;;;Political"
T00338,[2013] Mohun - Unproductive Labor in the US Economy 1964-2010,[2025.10.02] page_002_table_01_pymupdf_text_analysis.csv,255,4,356;Review of Radical Political Economics 46(3); ing quantities of productive and unproductive labor and the wages they are paid.;3;It must be empha- 
T00339,[2013] Mohun - Unproductive Labor in the US Economy 1964-2010,[2025.10.02] page_003_table_01_pdfplumber_strategy_2.csv,4566,55,Mohun;;;;;;357 ;;;;;; unproductive l;abor.;The followin;g section considers t;he empirical dat;a in more de;tail and argues that the only w;ay to;make
T00340,[2013] Mohun - Unproductive Labor in the US Economy 1964-2010,[2025.10.02] page_004_table_01_pymupdf_text_analysis.csv,193,3,"Distinguishing productive and unproductive components by the subscripts;p;and;u;respec- ""tively; denote the number of workers by"";L;""; the hours they "
T00341,[2013] Mohun - Unproductive Labor in the US Economy 1964-2010,[2025.10.02] page_005_table_01_pdfplumber_strategy_2.csv,4310,58,"Mohun;;;;;;359 ;;;;;; ;;λ =w λ;;;; ;;lp p;m;;;(5) (If it were assu;med that all exc;hanges were equiv;""alent;"";and that all the;wage was sp;""ent; then"
T00342,[2013] Mohun - Unproductive Labor in the US Economy 1964-2010,[2025.10.02] page_006_table_01_pymupdf_text_analysis.csv,250,4,"360;Review of Radical Political Economics 46(3); class.;9;""The latter average 81.3 percent of the employed population over the years 1964 to 2010;"" ""t"
T00343,[2013] Mohun - Unproductive Labor in the US Economy 1964-2010,[2025.10.02] page_007_table_01_pdfplumber_strategy_2.csv,3111,51,Mohun;;;;;;361 ;;;;;; 70;;;;;; ;;;;;; 65;;;;;; ;;;;;; 60;;;;;; ;;;;;; 55 %;;;;;; ;;;;;; 50;;;;;; ;;;;;; 45;;;;;; ;;;;;; 40;;;;;; 4691 6691;8691 0791 2
T00344,[2013] Mohun - Unproductive Labor in the US Economy 1964-2010,[2025.10.02] page_008_table_02_pymupdf_text_analysis.csv,205,3,defined as the ratio of aggregate profits (;Π;) to the fixed capital stock (;K;). Since profits are what; is left of surplus-value in money terms (;MS
T00345,[2013] Mohun - Unproductive Labor in the US Economy 1964-2010,[2025.10.02] page_009_table_01_pdfplumber_strategy_2.csv,4027,54,"Mohun;;;;;;363 ;;;;;; productive an;d unproductive;labor) argue pre;cisely t;""his. For them;"";the managerial;revolution of the early year;s of the 20t"
T00346,[2013] Mohun - Unproductive Labor in the US Economy 1964-2010,[2025.10.02] page_010_table_01_pdfplumber_strategy_1.csv,33,12,""""" """" """" """" """" """" """" """" """" """" """" "
T00347,[2013] Mohun - Unproductive Labor in the US Economy 1964-2010,[2025.10.02] page_012_table_01_pdfplumber_strategy_1.csv,70,15,;;;; ;;;; ;;;; ;;;; ;;;; ;;;; ;;;; ;;;; ;;;; ;;;; ;;;; ;;;; ;;;; ;;;; 
T00348,[2013] Mohun - Unproductive Labor in the US Economy 1964-2010,[2025.10.02] page_013_table_01_pdfplumber_strategy_2.csv,3087,57,Mohun;;;;;;367 ;;;;;; 60;;;;;; ;;;;;; 57;;;;;; ;;;;;; 54;;;;;; ;;;;;; 51;;;;;; ;;;;;; 48;;;;;; %;;;;;; ;;;;;; 45;;;;;; ;;;;;; 42;;;;;; ;;;;;; 39;;;;;;
T00349,[2013] Mohun - Unproductive Labor in the US Economy 1964-2010,[2025.10.02] page_014_table_01_pdfplumber_strategy_1.csv,21,8,""""" """" """" """" """" """" """" "
T00350,[2013] Mohun - Unproductive Labor in the US Economy 1964-2010,[2025.10.02] page_015_table_01_pymupdf_text_analysis.csv,22,3,Y;Y;p y;w Y;W;p y;w H 
T00351,[2013] Mohun - Unproductive Labor in the US Economy 1964-2010,[2025.10.02] page_016_table_01_pymupdf_text_analysis.csv,153,3,"370;Review of Radical Political Economics 46(3); ""struggle; is sufficient to understand the historical evolution of the U.S. economy."";15;Class strugg"
T00352,[2013] Mohun - Unproductive Labor in the US Economy 1964-2010,[2025.10.02] page_017_table_01_pdfplumber_strategy_2.csv,3211,53,Mohun;371 ; Appendix; ; Data Sources; ; http://www.ers.usda.gov/data-products/international-macroeconomic-data-set.aspx/;(accessed July 2012); http://
T00353,[2013] Mohun - Unproductive Labor in the US Economy 1964-2010,[2025.10.02] page_018_table_01_pdfplumber_strategy_2.csv,4392,52,"372;;;Re;view of Radical Politi;cal Economics 46(3) ;;;;; ""In 2007; for e"";mployment in each;""sector; the NIPA"";figur;e is less than 2 perc;ent higher"
T00354,[2013] Mohun - Unproductive Labor in the US Economy 1964-2010,[2025.10.02] page_019_table_01_pdfplumber_strategy_2.csv,3174,55,"Mo;hun;;;;;;;;373 ;;;;;;;;; Ta;ble 1. Wages i;n QCE;W Missing Fro;m CES.;;;;; ;;;;;;;;; ;;;;(Q;CEW −CES;"") i"";;Relat;ive ;;;;;;;;Mean Ea;rnings ;;;;∑("
T00355,[2013] Mohun - Unproductive Labor in the US Economy 1964-2010,[2025.10.02] page_020_table_01_pymupdf_text_analysis.csv,226,4,"374;Review of Radical Political Economics 46(3); health and life insurance” are excluded from value added in money terms;Y;. ""sales; and force account"
T00356,[2013] Mohun - Unproductive Labor in the US Economy 1964-2010,[2025.10.02] page_021_table_01_pdfplumber_strategy_2.csv,4392,53,"Mohun;;;;375 ;;;; percent of employm;ent in nonfarm pri;vate industri;""es in 1973; a pr"";oportion that had halved by ""2007; the numbers o"";f superviso"
T00357,[2013] Mohun - Unproductive Labor in the US Economy 1964-2010,[2025.10.02] page_022_table_01_pdfplumber_strategy_2.csv,1356,47,"376;;;;Review of;Radical Political ;;;;; Table 2. Prod;uctive and Unp;rod;""uctive Components; SIC"";1973 and SIC;1987. ;;;;; SIC;P;rod;uctive;SIC;Unpro"
T00358,[2013] Mohun - Unproductive Labor in the US Economy 1964-2010,[2025.10.02] page_023_table_01_pdfplumber_strategy_2.csv,2131,58,"Mohun;;;;;; ;;;;;; Table 3. Pr;oductive and Unprod;""uctive Components;"";NAICS 19;98 et seq.;; ;;;;;; NAICS;Produc;tive;NAICS;;Unprodu;ctive ;;;;;; 11;"
T00359,[2013] Mohun - Unproductive Labor in the US Economy 1964-2010,[2025.10.02] page_024_table_01_pdfplumber_strategy_2.csv,3345,52,"378;;;Review of Radical Political Economics 46(3) ;;; Declaration of C;onflicting;Interests; ;;; The author(s) declar;ed no potenti;al conflicts of;""i"
T00360,[2013] Mohun - Unproductive Labor in the US Economy 1964-2010,[2025.10.02] page_025_table_01_pdfplumber_strategy_2.csv,479,10,Mohun;379 ; Author Biography; ; Simon Mohun is Emeritus Professor of Political Economy at Queen Mary University of;London. He has published widely on 
T00361,[2013] Mohun - Unproductive Labor in the US Economy 1964-2010,[2025.10.02] page_001_table_01_pdfplumber_strategy_2.csv,2880,54,";;;; ;;;;Review of Radical Political Economics ;;;;""2014; Vol. 46(3) 355 –379"" Unproductive Labo;r in the;U.S;.;© 2013 Union for Radical ;;;;Political"
T00362,[2013] Mohun - Unproductive Labor in the US Economy 1964-2010,[2025.10.02] page_002_table_01_pdfplumber_strategy_2.csv,4285,54,"356;;;R;eview of Radical;Political;Economics 46(3) ;;;;;; arithmetic is n;""ot sufficient; first; be"";cause a rising;prop;ortion of unpro;ductive;labor"
T00363,[2013] Mohun - Unproductive Labor in the US Economy 1964-2010,[2025.10.02] page_002_table_01_pymupdf_text_analysis.csv,255,4,356;Review of Radical Political Economics 46(3); ing quantities of productive and unproductive labor and the wages they are paid.;3;It must be empha- 
T00364,[2013] Mohun - Unproductive Labor in the US Economy 1964-2010,[2025.10.02] page_003_table_01_pdfplumber_strategy_2.csv,4566,55,Mohun;;;;;;357 ;;;;;; unproductive l;abor.;The followin;g section considers t;he empirical dat;a in more de;tail and argues that the only w;ay to;make
T00365,[2013] Mohun - Unproductive Labor in the US Economy 1964-2010,[2025.10.02] page_003_table_01_pymupdf_text_analysis.csv,198,3,"""means of production); and in the flows that transform a stock of commodity capital ("";C';: outputs) into a stock of money capital (;M';). Hence any l"
T00366,[2013] Mohun - Unproductive Labor in the US Economy 1964-2010,[2025.10.02] page_004_table_01_pdfplumber_strategy_2.csv,3361,61,"358;;;Review;of Radic;al Political Ec;onomics 46(3) ;;;;;; ""Finally; there"";are a number;of private sect;or activities in;volving;wage-labor;which are"
T00367,[2013] Mohun - Unproductive Labor in the US Economy 1964-2010,[2025.10.02] page_004_table_01_pymupdf_text_analysis.csv,193,3,"Distinguishing productive and unproductive components by the subscripts;p;and;u;respec- ""tively; denote the number of workers by"";L;""; the hours they "
T00368,[2013] Mohun - Unproductive Labor in the US Economy 1964-2010,[2025.10.02] page_004_table_02_pymupdf_text_analysis.csv,199,3,"by;W;. If aggregate value added in price terms is denoted by;Y;""; profits by"";Π;""; surplus value in"" money terms by;MSV;""; and the value of money by"";"
T00369,[2013] Mohun - Unproductive Labor in the US Economy 1964-2010,[2025.10.02] page_004_table_03_pymupdf_text_analysis.csv,377,6,Y;W;MSV; In the first chapter of;Capital I;Marx specified his labor theory of value in terms of a typical or; The only individual transaction to which
T00370,[2013] Mohun - Unproductive Labor in the US Economy 1964-2010,[2025.10.02] page_005_table_01_pdfplumber_strategy_2.csv,4310,58,"Mohun;;;;;;359 ;;;;;; ;;λ =w λ;;;; ;;lp p;m;;;(5) (If it were assu;med that all exc;hanges were equiv;""alent;"";and that all the;wage was sp;""ent; then"
T00371,[2013] Mohun - Unproductive Labor in the US Economy 1964-2010,[2025.10.02] page_006_table_01_pdfplumber_strategy_2.csv,4700,55,"360;;;Review of Radical P;olitical Econ;omics 46(3) ;;;;; completely aut;""arkic; then; whatev"";er its share;""in world GDP; again there"";would be no;di"
T00372,[2013] Mohun - Unproductive Labor in the US Economy 1964-2010,[2025.10.02] page_006_table_01_pymupdf_text_analysis.csv,250,4,"360;Review of Radical Political Economics 46(3); class.;9;""The latter average 81.3 percent of the employed population over the years 1964 to 2010;"" ""t"
T00373,[2013] Mohun - Unproductive Labor in the US Economy 1964-2010,[2025.10.02] page_007_table_01_pdfplumber_strategy_2.csv,3111,51,Mohun;;;;;;361 ;;;;;; 70;;;;;; ;;;;;; 65;;;;;; ;;;;;; 60;;;;;; ;;;;;; 55 %;;;;;; ;;;;;; 50;;;;;; ;;;;;; 45;;;;;; ;;;;;; 40;;;;;; 4691 6691;8691 0791 2
T00374,[2013] Mohun - Unproductive Labor in the US Economy 1964-2010,[2025.10.02] page_008_table_01_pdfplumber_strategy_2.csv,3626,77,362;;;;;Review of R;adical Political Eco;nomics 46(3) ;;;;;;; while prior to;1994 such;technological ad;va;nces w;ere not strong e;nough to outweig;h 
T00375,[2013] Mohun - Unproductive Labor in the US Economy 1964-2010,[2025.10.02] page_008_table_01_pymupdf_text_analysis.csv,153,3,"362;Review of Radical Political Economics 46(3); unproductive labor occurs through its effects on the rate of profit for the economy as a whole (;r;"")"
T00376,[2013] Mohun - Unproductive Labor in the US Economy 1964-2010,[2025.10.02] page_008_table_02_pymupdf_text_analysis.csv,205,3,defined as the ratio of aggregate profits (;Π;) to the fixed capital stock (;K;). Since profits are what; is left of surplus-value in money terms (;MS
T00377,[2013] Mohun - Unproductive Labor in the US Economy 1964-2010,[2025.10.02] page_008_table_03_pymupdf_text_analysis.csv,226,6,"""and;"";ceteris paribus;""; the rate of profit is inversely related to the wages of unproductive labor."";11 Dividing the right hand side of equation (7)"
T00378,[2013] Mohun - Unproductive Labor in the US Economy 1964-2010,[2025.10.02] page_008_table_04_pymupdf_text_analysis.csv,29,4,W;W;w H; Y;W;p y;w H p;p;p;p 
T00379,[2013] Mohun - Unproductive Labor in the US Economy 1964-2010,[2025.10.02] page_008_table_05_pymupdf_text_analysis.csv,116,3,"p;y;p;p;=;=;= where;p;y;is the money value added deflator and;y;""is real (constant price) money value added; then""; "
T00380,[2013] Mohun - Unproductive Labor in the US Economy 1964-2010,[2025.10.02] page_008_table_06_pymupdf_text_analysis.csv,110,3,"e;p;y ""real wage (of productive labor). If this difference is large enough; the rise in"";e;can compensate for "
T00381,[2013] Mohun - Unproductive Labor in the US Economy 1964-2010,[2025.10.02] page_009_table_01_pdfplumber_strategy_2.csv,4027,54,"Mohun;;;;;;363 ;;;;;; productive an;d unproductive;labor) argue pre;cisely t;""his. For them;"";the managerial;revolution of the early year;s of the 20t"
T00382,[2013] Mohun - Unproductive Labor in the US Economy 1964-2010,[2025.10.02] page_010_table_01_pdfplumber_strategy_1.csv,33,12,""""" """" """" """" """" """" """" """" """" """" """" "
T00383,[2013] Mohun - Unproductive Labor in the US Economy 1964-2010,[2025.10.02] page_010_table_01_pdfplumber_strategy_2.csv,1502,66,364;;;;;Review of Radical P;olitical Econ;omics 46(3) ;;;;;;; ;48;;;;;; ;;;;;;; ;45;;;;;; ;;;;;;; ;42;;;;;; ;;;;;;; ;39;;;;;; ;;;;;;; ;36;;;;;; ;;;;;;
T00384,[2013] Mohun - Unproductive Labor in the US Economy 1964-2010,[2025.10.02] page_010_table_01_pymupdf_text_analysis.csv,240,3,1964;1966;1968;1970;1972;1974;1976;1978;1980;1982;1984;1986;1988;1990;1992;1994;1996;1998;2000;2002;2004;2006;2008;2010 1964;1966;1968;1970;1972;1974;
T00385,[2013] Mohun - Unproductive Labor in the US Economy 1964-2010,[2025.10.02] page_010_table_02_pdfplumber_strategy_1.csv,44,12,;;; ;;; ;;; ;;; ;;; ;;; ;;; ;;; ;;; ;;; ;;; 
T00386,[2013] Mohun - Unproductive Labor in the US Economy 1964-2010,[2025.10.02] page_011_table_01_pdfplumber_strategy_2.csv,3075,74,Mohun;;;;;;365 ;;;;;; third (32 perc;ent) of tot;al wages in 1964;; there was then a;gentle but fluctu;ating in;crease to 35.1 percent in 19;79. There
T00387,[2013] Mohun - Unproductive Labor in the US Economy 1964-2010,[2025.10.02] page_011_table_02_pymupdf_text_analysis.csv,40,6,;;; ;;; ;;; W;wc;s;Π Y;Y;Y;Y 
T00388,[2013] Mohun - Unproductive Labor in the US Economy 1964-2010,[2025.10.02] page_012_table_01_pdfplumber_strategy_1.csv,70,15,;;;; ;;;; ;;;; ;;;; ;;;; ;;;; ;;;; ;;;; ;;;; ;;;; ;;;; ;;;; ;;;; ;;;; 
T00389,[2013] Mohun - Unproductive Labor in the US Economy 1964-2010,[2025.10.02] page_012_table_01_pdfplumber_strategy_2.csv,2783,61,366;;;;Review of Rad;ical Political Ec;onomics 46(3) ;;;;;; 38;;;;;; ;;;;;; 36;;;;;; ;;;;;; 34 d;;;;;; e;;;;;; 32 dd;;;;;; a;;;;;; 30 e;;;;;; ul;;;;;;
T00390,[2013] Mohun - Unproductive Labor in the US Economy 1964-2010,[2025.10.02] page_012_table_01_pymupdf_text_analysis.csv,143,3,"366;Review of Radical Political Economics 46(3); ""Comparing 2000 with 1964; some 13.5 percentage points"";less;of value added was available for "
T00391,[2013] Mohun - Unproductive Labor in the US Economy 1964-2010,[2025.10.02] page_013_table_01_pdfplumber_strategy_1.csv,27,10,""""" """" """" """" """" """" """" """" """" "
T00392,[2013] Mohun - Unproductive Labor in the US Economy 1964-2010,[2025.10.02] page_013_table_01_pdfplumber_strategy_2.csv,3087,57,Mohun;;;;;;367 ;;;;;; 60;;;;;; ;;;;;; 57;;;;;; ;;;;;; 54;;;;;; ;;;;;; 51;;;;;; ;;;;;; 48;;;;;; %;;;;;; ;;;;;; 45;;;;;; ;;;;;; 42;;;;;; ;;;;;; 39;;;;;;
T00393,[2013] Mohun - Unproductive Labor in the US Economy 1964-2010,[2025.10.02] page_014_table_01_pdfplumber_strategy_1.csv,21,8,""""" """" """" """" """" """" """" "
T00394,[2013] Mohun - Unproductive Labor in the US Economy 1964-2010,[2025.10.02] page_014_table_01_pdfplumber_strategy_2.csv,2595,57,"368;;;Review of R;adical Political Ec;onomics 46(3) ;;;;; 37;;;;; ;;;;; 35;;;;; dedda;;;;; ""33 e"";;;;; ulav;;;;; 31 ye;;;;; nom;;;;; e;;;;; 29 ta;;;;;"
T00395,[2013] Mohun - Unproductive Labor in the US Economy 1964-2010,[2025.10.02] page_014_table_01_pymupdf_text_analysis.csv,73,3,−;; Since (analogous to equation (10)) the;MSV;share can be written as 
T00396,[2013] Mohun - Unproductive Labor in the US Economy 1964-2010,[2025.10.02] page_015_table_01_pdfplumber_strategy_2.csv,3933,55,"Mohun;;;;;;369 ;MSV;Y−W p;y−w H y;−wp;; ;Y;""= p = y Y"";""p p = Hp p y y"";""py wp"";; ;;;;py;;(17) ;;;;;; then (as before) pr;ovided the;difference betw;e"
T00397,[2013] Mohun - Unproductive Labor in the US Economy 1964-2010,[2025.10.02] page_015_table_01_pymupdf_text_analysis.csv,22,3,Y;Y;p y;w Y;W;p y;w H 
T00398,[2013] Mohun - Unproductive Labor in the US Economy 1964-2010,[2025.10.02] page_015_table_02_pymupdf_text_analysis.csv,223,6,"p;−;− ""labor income share of managers-plus-capitalists. But;"";in class terms;""; whether capitalists and their"" have developed since 1979. This in turn"
T00399,[2013] Mohun - Unproductive Labor in the US Economy 1964-2010,[2025.10.02] page_016_table_01_pdfplumber_strategy_2.csv,4606,51,370;;;R;eview of Radical Political E;conomics 46(3) ;;;;; 6. Conclusion;;;;; ;;;;; So was the rise in the wages;of unpro;ductive la;bor a bu;rden? The
T00400,[2013] Mohun - Unproductive Labor in the US Economy 1964-2010,[2025.10.02] page_016_table_01_pymupdf_text_analysis.csv,153,3,"370;Review of Radical Political Economics 46(3); ""struggle; is sufficient to understand the historical evolution of the U.S. economy."";15;Class strugg"
T00401,[2013] Mohun - Unproductive Labor in the US Economy 1964-2010,[2025.10.02] page_017_table_01_pdfplumber_strategy_2.csv,3211,53,Mohun;371 ; Appendix; ; Data Sources; ; http://www.ers.usda.gov/data-products/international-macroeconomic-data-set.aspx/;(accessed July 2012); http://
T00402,[2013] Mohun - Unproductive Labor in the US Economy 1964-2010,[2025.10.02] page_018_table_01_pdfplumber_strategy_2.csv,4392,52,"372;;;Re;view of Radical Politi;cal Economics 46(3) ;;;;; ""In 2007; for e"";mployment in each;""sector; the NIPA"";figur;e is less than 2 perc;ent higher"
T00403,[2013] Mohun - Unproductive Labor in the US Economy 1964-2010,[2025.10.02] page_019_table_01_pdfplumber_strategy_2.csv,3174,55,"Mo;hun;;;;;;;;373 ;;;;;;;;; Ta;ble 1. Wages i;n QCE;W Missing Fro;m CES.;;;;; ;;;;;;;;; ;;;;(Q;CEW −CES;"") i"";;Relat;ive ;;;;;;;;Mean Ea;rnings ;;;;∑("
T00404,[2013] Mohun - Unproductive Labor in the US Economy 1964-2010,[2025.10.02] page_019_table_01_pymupdf_text_analysis.csv,346,11,NAICS Sector;i;(%);(% total);(all = 100) Financial activities;30.1;7.3;165.5; Manufacturing;17.9;12.3;119.7; Professional and technical services;12.7;
T00405,[2013] Mohun - Unproductive Labor in the US Economy 1964-2010,[2025.10.02] page_020_table_01_pdfplumber_strategy_2.csv,4853,53,374;;;;;Review of Radi;cal Political Eco;nomics 46(3) ;;;;;;; The income o;f;the sel;f-employed is sp;lit into wag;e and profit com;ponents by se;ctor
T00406,[2013] Mohun - Unproductive Labor in the US Economy 1964-2010,[2025.10.02] page_020_table_01_pymupdf_text_analysis.csv,226,4,"374;Review of Radical Political Economics 46(3); health and life insurance” are excluded from value added in money terms;Y;. ""sales; and force account"
T00407,[2013] Mohun - Unproductive Labor in the US Economy 1964-2010,[2025.10.02] page_021_table_01_pdfplumber_strategy_2.csv,4392,53,"Mohun;;;;375 ;;;; percent of employm;ent in nonfarm pri;vate industri;""es in 1973; a pr"";oportion that had halved by ""2007; the numbers o"";f superviso"
T00408,[2013] Mohun - Unproductive Labor in the US Economy 1964-2010,[2025.10.02] page_021_table_01_pymupdf_text_analysis.csv,200,3,"""ings for all employees; and consequently to discontinue"";inter alia;production/non-supervisory the workers they supervise are classified with the wor"
T00409,[2013] Mohun - Unproductive Labor in the US Economy 1964-2010,[2025.10.02] page_022_table_01_pdfplumber_strategy_2.csv,1356,47,"376;;;;Review of;Radical Political ;;;;; Table 2. Prod;uctive and Unp;rod;""uctive Components; SIC"";1973 and SIC;1987. ;;;;; SIC;P;rod;uctive;SIC;Unpro"
T00410,[2013] Mohun - Unproductive Labor in the US Economy 1964-2010,[2025.10.02] page_022_table_01_pymupdf_text_analysis.csv,120,6,"10-14;Mining 15-17;Construction 20-39;Manufacturing ""40-42; 44-49"";""Transport.; public utilities"" 50-51;Wholesale trade "
T00411,[2013] Mohun - Unproductive Labor in the US Economy 1964-2010,[2025.10.02] page_022_table_02_pymupdf_text_analysis.csv,862,29,"""60-65; 67"";""Finance; insurance; real estate""; Services:;Services:; 70;Hotels and other lodging places; 72;Personal services; Business services:;Busin"
T00412,[2013] Mohun - Unproductive Labor in the US Economy 1964-2010,[2025.10.02] page_023_table_01_pdfplumber_strategy_2.csv,2131,58,"Mohun;;;;;; ;;;;;; Table 3. Pr;oductive and Unprod;""uctive Components;"";NAICS 19;98 et seq.;; ;;;;;; NAICS;Produc;tive;NAICS;;Unprodu;ctive ;;;;;; 11;"
T00413,[2013] Mohun - Unproductive Labor in the US Economy 1964-2010,[2025.10.02] page_023_table_01_pymupdf_text_analysis.csv,1758,51,"11;""Agric.; forestry; fish. and hunt."" 21;""Mining; quarrying; oil & gas extraction"" 22;Utilities 23;Construction 31-33;Manufacturing 42;Wholesale trad"
T00414,[2013] Mohun - Unproductive Labor in the US Economy 1964-2010,[2025.10.02] page_024_table_01_pdfplumber_strategy_2.csv,3345,52,"378;;;Review of Radical Political Economics 46(3) ;;; Declaration of C;onflicting;Interests; ;;; The author(s) declar;ed no potenti;al conflicts of;""i"
T00415,[2013] Mohun - Unproductive Labor in the US Economy 1964-2010,[2025.10.02] page_024_table_01_pymupdf_text_analysis.csv,1412,16,"378;Review of Radical Political Economics 46(3); Bureau of Labor Statistics. 2009.;Handbook of methods;"". Washington; DC: U.S. Government Printing"" ""D"
T00416,[2013] Mohun - Unproductive Labor in the US Economy 1964-2010,[2025.10.02] page_025_table_01_pdfplumber_strategy_2.csv,479,10,Mohun;379 ; Author Biography; ; Simon Mohun is Emeritus Professor of Political Economy at Queen Mary University of;London. He has published widely on 
T00417,"[2019] Tsoulfidis & Paitaridis - Capital intensity, unproductive activities and the Great Recession in the US economy",[2025.10.02] table_selection_integrity.json,55073,1799,"{   ""groups"": [     {       ""page"": ""001"";       ""candidates"": [         {           ""file"": ""..\\Projects\\Shaikh Tonak\\[2019] Tsoulfidis & Paitarid"
T00418,"[2019] Tsoulfidis & Paitaridis - Capital intensity, unproductive activities and the Great Recession in the US economy",[2025.10.02] page_001_table_01_pdfplumber_strategy_2.csv,3568,58,";Cambridge Journal Of Econom;""ics 2019; 43; 62"";3–647;;;; ;doi:10.1093/cje/bey051;;;;;; ;Advance Access publication;8 December 201;8;;;; ;;;;;;; ;;;;;"
T00419,"[2019] Tsoulfidis & Paitaridis - Capital intensity, unproductive activities and the Great Recession in the US economy",[2025.10.02] page_002_table_01_pdfplumber_strategy_2.csv,4279,52,624 L. Tsoulfid;is and;D. Paitaridis;;;; ;;;;;; of the recessionary;phase;although the US e;conomy seems to;have reco;vered some-; what since 2007; ho
T00420,"[2019] Tsoulfidis & Paitaridis - Capital intensity, unproductive activities and the Great Recession in the US economy",[2025.10.02] page_003_table_01_pdfplumber_strategy_2.csv,4505,53,";;The Gr;eat Rece;ssion in the US ec;onomy 625; ;;;;;; ""Tonak; 1994;"";Duménil a;""nd Lévy; 2004;"";""Mohun;"";""2014). Hence; we w"";ill treat as pro-; duct"
T00421,"[2019] Tsoulfidis & Paitaridis - Capital intensity, unproductive activities and the Great Recession in the US economy",[2025.10.02] page_004_table_01_pdfplumber_strategy_2.csv,3002,61,626 L. Tsoulfidi;s and D.;Paitaridis;;;; ;;;;;; Table 1. Classification;of sectors;;;;; ;;;;;; Production activities;;Non-produ;ction activities;;; ;;
T00422,"[2019] Tsoulfidis & Paitaridis - Capital intensity, unproductive activities and the Great Recession in the US economy",[2025.10.02] page_005_table_01_pdfplumber_strategy_2.csv,4252,54,";T;he Great Reces;sion in the;US;econ;omy 627; ;;;;;;; distinction between;productive a;nd unproductive;""labour; start"";in;g with;the concept; of surp"
T00423,"[2019] Tsoulfidis & Paitaridis - Capital intensity, unproductive activities and the Great Recession in the US economy",[2025.10.02] page_006_table_01_pdfplumber_strategy_2.csv,4187,52,628 L. Ts;oulfidis a;nd D. Paita;ridis;;;; ;;;;;;; such as direct;labour co;sts and the c;ost of;raw materials that;went dir;ectly to the pro-; ductio
T00424,"[2019] Tsoulfidis & Paitaridis - Capital intensity, unproductive activities and the Great Recession in the US economy",[2025.10.02] page_007_table_02_pymupdf_text_analysis.csv,380,5,"where;p;k;K;""is the (gross) capital stock in current prices; hence we have a product of the""; ""price index;"";p;k;""; multiplied by the quantity of capi"
T00425,"[2019] Tsoulfidis & Paitaridis - Capital intensity, unproductive activities and the Great Recession in the US economy",[2025.10.02] page_008_table_03_pymupdf_text_analysis.csv,26,4,p;p wl;l;y k;k;.; y;y;p;p 
T00426,"[2019] Tsoulfidis & Paitaridis - Capital intensity, unproductive activities and the Great Recession in the US economy",[2025.10.02] page_009_table_01_pdfplumber_strategy_2.csv,2910,50,;;;;The;Great;Recessio;n in the US e;conom;y 631; ;;;;;;;;;; ;3.4;;;;;;;;; ;;;;;;;;;; ;;;;;;;;;;D ;3;;;;;;;;;ow ;;;;;;;;;;nloaded ;;;;;;;;;;fr ;2.6;;;
T00427,"[2019] Tsoulfidis & Paitaridis - Capital intensity, unproductive activities and the Great Recession in the US economy",[2025.10.02] page_010_table_01_pymupdf_text_analysis.csv,183,3,"output ratio displays long fluctuations around a rising trend (see;Figure 1;). From the ""the definition of the adjusted for capacity utilisation;"";u;"""
T00428,"[2019] Tsoulfidis & Paitaridis - Capital intensity, unproductive activities and the Great Recession in the US economy",[2025.10.02] page_011_table_03_pymupdf_text_analysis.csv,237,6,(1) = (2) + (3);(2);(3);(4);(5) =( 6) −;(6);(7); 1964–1982;2.00;0.10;2.42;−0.84;0.33;1.45;1.12 1983–2007;1.76;−1.34;1.53;0.31;1.26;2.11;0.85 2008–2016
T00429,"[2019] Tsoulfidis & Paitaridis - Capital intensity, unproductive activities and the Great Recession in the US economy",[2025.10.02] page_012_table_01_pdfplumber_strategy_2.csv,3104,52,634 L. Tsoul;fidis and D.;Paitaridis;;;; ;;;;;; 4;;;;;; ;;;;;; 3.6;;;;;; ;;;;;;Downlo 3.2;;;;;;ad ;;;;;;ed 2.8;;;;;;from ;;;;;;https://a 2.4;;;;;;ca ;
T00430,"[2019] Tsoulfidis & Paitaridis - Capital intensity, unproductive activities and the Great Recession in the US economy",[2025.10.02] page_013_table_01_pymupdf_text_analysis.csv,41,4,r;=;=;; p y;p wl;p y;−; p K;s;p wl;p K;e 
T00431,"[2019] Tsoulfidis & Paitaridis - Capital intensity, unproductive activities and the Great Recession in the US economy",[2025.10.02] page_014_table_01_pymupdf_text_analysis.csv,62,6,∂;r;y;ψ;ψ;ψ ∂;;;ψ;ψ; = −;= −−;= −;−;e; −;k;y;ψ;; (;);;;; 
T00432,"[2019] Tsoulfidis & Paitaridis - Capital intensity, unproductive activities and the Great Recession in the US economy",[2025.10.02] page_015_table_01_pdfplumber_strategy_2.csv,4043,52,;;The Great Recession in the US economy 637; ;;; Great Recession;2008–16 in;creased to 369% making even more inelastic the rate; of profit with res;pe
T00433,"[2019] Tsoulfidis & Paitaridis - Capital intensity, unproductive activities and the Great Recession in the US economy",[2025.10.02] page_016_table_01_pdfplumber_strategy_2.csv,4426,56,"638 L. Tso;ulfidis and;D. Paitaridis;;;; ;;;;;; 5. The rate of;""profit; unp"";roductive activities;and the Grea;t Reces;sion; ;;;;;; The concept of;unp"
T00434,"[2019] Tsoulfidis & Paitaridis - Capital intensity, unproductive activities and the Great Recession in the US economy",[2025.10.02] page_017_table_01_pdfplumber_strategy_2.csv,3326,58,";;;Th;e Great;Recessio;n in the US;econ;omy 639; ;;;;;;;;; e;conomy’s grow;th potential.;Until;very rec;""ently; at le"";""ast; the idea"";that;services a"
T00435,"[2019] Tsoulfidis & Paitaridis - Capital intensity, unproductive activities and the Great Recession in the US economy",[2025.10.02] page_018_table_01_pymupdf_text_analysis.csv,191,3,"""Thus; the gross or general rate of profit;"";R;""; is equal to the net rate of profit;"";r;""; plus the""; ""ratio of unproductive expenditures;"";s;u;""; to"
T00436,"[2019] Tsoulfidis & Paitaridis - Capital intensity, unproductive activities and the Great Recession in the US economy",[2025.10.02] page_019_table_01_pdfplumber_strategy_2.csv,3286,61,;;;The;Great Reces;sion in;the US econ;omy 641; ;;;;;;;; ;0.4;;;;;;; ;;;;;;;; ;0.35;;;;;;; ;;;;;;;; ;;;;;;;;D ;;;G;ross rate of profit;;;;o ;0.3;;;;;;
T00437,"[2019] Tsoulfidis & Paitaridis - Capital intensity, unproductive activities and the Great Recession in the US economy",[2025.10.02] page_020_table_01_pdfplumber_strategy_2.csv,2941,58,642 L. Tso;ulfidis and;D. Paitari;dis;;;;; ;;;;;;;; 2500000;;;;;;;; ;;;;;;;; ;;;;;Real net;profits;; ;;;;;;;; 2000000;;;;;;;;D ;;;;;;;;ownload 1500000
T00438,"[2019] Tsoulfidis & Paitaridis - Capital intensity, unproductive activities and the Great Recession in the US economy",[2025.10.02] page_021_table_01_pdfplumber_strategy_2.csv,3980,53,";T;he Great Recessi;on in the US econ;omy 643; ;;;;; mass of real pr;ofits identify the ye;ar 2007 as the tip;""ping point; that is; t"";he year when; p"
T00439,"[2019] Tsoulfidis & Paitaridis - Capital intensity, unproductive activities and the Great Recession in the US economy",[2025.10.02] page_022_table_01_pdfplumber_strategy_2.csv,3708,52,"644 L. Tso;ulfidis and;D. Paitaridis; ;;; ""Marx; K. [1869]"";1969. Theories;""of Surplus-Value; Part II; London; Lawrence & Wishart""; ""Μarx; K. [1894]"";"
T00440,"[2019] Tsoulfidis & Paitaridis - Capital intensity, unproductive activities and the Great Recession in the US economy",[2025.10.02] page_023_table_01_pymupdf_text_analysis.csv,43,5,Y;Y;−;; t;n;−;∑;1 j;j;1;1; n;n;∑;∑; 
T00441,"[2019] Tsoulfidis & Paitaridis - Capital intensity, unproductive activities and the Great Recession in the US economy",[2025.10.02] page_024_table_01_pymupdf_text_analysis.csv,185,3,"of productive employees starting with the total number of workers (;L;j;);NIPA;employed in the production sectors (;j;""= 1; 2; . . . ;"";n;) according "
T00442,"[2019] Tsoulfidis & Paitaridis - Capital intensity, unproductive activities and the Great Recession in the US economy",[2025.10.02] page_025_table_01_pymupdf_text_analysis.csv,154,4,the US corporate sector and applying this ratio to estimate the fixed capital of the;ΒΕΑ; Perpetual Inventory Model (G;ΡΙΜ;). stock (;GC;) is as follo
T00443,"[2019] Tsoulfidis & Paitaridis - Capital intensity, unproductive activities and the Great Recession in the US economy",[2025.10.02] page_001_table_01_pdfplumber_strategy_2.csv,3568,58,";Cambridge Journal Of Econom;""ics 2019; 43; 62"";3–647;;;; ;doi:10.1093/cje/bey051;;;;;; ;Advance Access publication;8 December 201;8;;;; ;;;;;;; ;;;;;"
T00444,"[2019] Tsoulfidis & Paitaridis - Capital intensity, unproductive activities and the Great Recession in the US economy",[2025.10.02] page_001_table_01_pymupdf_text_analysis.csv,145,3,"Cambridge Journal Of Economics;""2019;"";""43;"";623–647 depression’) that ended in the early to mid-1980s (;""Tsoulfidis; 2002"";). The rising phase; "
T00445,"[2019] Tsoulfidis & Paitaridis - Capital intensity, unproductive activities and the Great Recession in the US economy",[2025.10.02] page_002_table_01_pdfplumber_strategy_2.csv,4279,52,624 L. Tsoulfid;is and;D. Paitaridis;;;; ;;;;;; of the recessionary;phase;although the US e;conomy seems to;have reco;vered some-; what since 2007; ho
T00446,"[2019] Tsoulfidis & Paitaridis - Capital intensity, unproductive activities and the Great Recession in the US economy",[2025.10.02] page_002_table_01_pymupdf_text_analysis.csv,461,6,"""tion. Furthermore; the fall in the rate of profit affecting; and"";being affected by;""; the ex-""; challenged by;Zarembka (2015);""; who takes issue wit"
T00447,"[2019] Tsoulfidis & Paitaridis - Capital intensity, unproductive activities and the Great Recession in the US economy",[2025.10.02] page_003_table_01_pdfplumber_strategy_2.csv,4505,53,";;The Gr;eat Rece;ssion in the US ec;onomy 625; ;;;;;; ""Tonak; 1994;"";Duménil a;""nd Lévy; 2004;"";""Mohun;"";""2014). Hence; we w"";ill treat as pro-; duct"
T00448,"[2019] Tsoulfidis & Paitaridis - Capital intensity, unproductive activities and the Great Recession in the US economy",[2025.10.02] page_003_table_01_pymupdf_text_analysis.csv,129,3,"In a previous effort (;""Paitaridis and Tsoulfidis; 2012"";""); our estimations of the"" classification system as given in;Table 1;. "
T00449,"[2019] Tsoulfidis & Paitaridis - Capital intensity, unproductive activities and the Great Recession in the US economy",[2025.10.02] page_004_table_01_pdfplumber_strategy_2.csv,3002,61,626 L. Tsoulfidi;s and D.;Paitaridis;;;; ;;;;;; Table 1. Classification;of sectors;;;;; ;;;;;; Production activities;;Non-produ;ction activities;;; ;;
T00450,"[2019] Tsoulfidis & Paitaridis - Capital intensity, unproductive activities and the Great Recession in the US economy",[2025.10.02] page_004_table_01_pymupdf_text_analysis.csv,281,4,"tors of the economy without the need to adopt any;ad hoc;assumptions for its possible; ""reclassification; as was done in the former system."";1;This is"
T00451,"[2019] Tsoulfidis & Paitaridis - Capital intensity, unproductive activities and the Great Recession in the US economy",[2025.10.02] page_005_table_01_pdfplumber_strategy_2.csv,4252,54,";T;he Great Reces;sion in the;US;econ;omy 627; ;;;;;;; distinction between;productive a;nd unproductive;""labour; start"";in;g with;the concept; of surp"
T00452,"[2019] Tsoulfidis & Paitaridis - Capital intensity, unproductive activities and the Great Recession in the US economy",[2025.10.02] page_005_table_01_pymupdf_text_analysis.csv,259,4,It is important to stress that;Table 1;distinguishes between production and the non- costs in business engaged in production activities (see;Table 1;)
T00453,"[2019] Tsoulfidis & Paitaridis - Capital intensity, unproductive activities and the Great Recession in the US economy",[2025.10.02] page_006_table_01_pdfplumber_strategy_2.csv,4187,52,628 L. Ts;oulfidis a;nd D. Paita;ridis;;;; ;;;;;;; such as direct;labour co;sts and the c;ost of;raw materials that;went dir;ectly to the pro-; ductio
T00454,"[2019] Tsoulfidis & Paitaridis - Capital intensity, unproductive activities and the Great Recession in the US economy",[2025.10.02] page_007_table_01_pdfplumber_strategy_2.csv,4181,65,;Th;e Great Reces;sion in the U;S econ;omy 629; ;;;;;; activities gives rise to;substantial dif;ferences in the t;wo accountin;g system;s.4 As a con-;
T00455,"[2019] Tsoulfidis & Paitaridis - Capital intensity, unproductive activities and the Great Recession in the US economy",[2025.10.02] page_007_table_01_pymupdf_text_analysis.csv,183,3,activities gives rise to substantial differences in the two accounting systems.;4;As a con- be slippery issues that cloud the;a priori;and uncontrover
T00456,"[2019] Tsoulfidis & Paitaridis - Capital intensity, unproductive activities and the Great Recession in the US economy",[2025.10.02] page_007_table_02_pymupdf_text_analysis.csv,380,5,"where;p;k;K;""is the (gross) capital stock in current prices; hence we have a product of the""; ""price index;"";p;k;""; multiplied by the quantity of capi"
T00457,"[2019] Tsoulfidis & Paitaridis - Capital intensity, unproductive activities and the Great Recession in the US economy",[2025.10.02] page_007_table_03_pymupdf_text_analysis.csv,204,3,"""duction activities;"";l;p;"". We use the real product wage; that is; the money wage divided""; ""classical and Marxian categories; see the pioneering stu"
T00458,"[2019] Tsoulfidis & Paitaridis - Capital intensity, unproductive activities and the Great Recession in the US economy",[2025.10.02] page_007_table_04_pymupdf_text_analysis.csv,157,3,"the classical by now work of;Shaikh and Tonak (1994);. For updated estimates of these variables for the US ""economy; see"";Paitaridis and Tsoulfidis (2"
T00459,"[2019] Tsoulfidis & Paitaridis - Capital intensity, unproductive activities and the Great Recession in the US economy",[2025.10.02] page_008_table_01_pdfplumber_strategy_2.csv,3671,79,"630 L. Ts;oulfidis;and D. Paita;ridis;;;; ;;;;;;; workers’ stand;ard of liv;""ing; which is"";not what busi;ness are really i;ntereste;""d in. Clearly;"";"
T00460,"[2019] Tsoulfidis & Paitaridis - Capital intensity, unproductive activities and the Great Recession in the US economy",[2025.10.02] page_008_table_02_pymupdf_text_analysis.csv,178,3,"each other and in the long run their ratio is expected to be not far from one.;5;The idea ""of industries; but rather to rapidly diffuse throughout the"
T00461,"[2019] Tsoulfidis & Paitaridis - Capital intensity, unproductive activities and the Great Recession in the US economy",[2025.10.02] page_008_table_03_pymupdf_text_analysis.csv,26,4,p;p wl;l;y k;k;.; y;y;p;p 
T00462,"[2019] Tsoulfidis & Paitaridis - Capital intensity, unproductive activities and the Great Recession in the US economy",[2025.10.02] page_008_table_04_pymupdf_text_analysis.csv,110,3,"VCC;OCC;≈ larity ascertained in a number of studies (;""Tsoulfidis; 2010"";""; and the literature cited there)."" "
T00463,"[2019] Tsoulfidis & Paitaridis - Capital intensity, unproductive activities and the Great Recession in the US economy",[2025.10.02] page_009_table_01_pdfplumber_strategy_2.csv,2910,50,;;;;The;Great;Recessio;n in the US e;conom;y 631; ;;;;;;;;;; ;3.4;;;;;;;;; ;;;;;;;;;; ;;;;;;;;;;D ;3;;;;;;;;;ow ;;;;;;;;;;nloaded ;;;;;;;;;;fr ;2.6;;;
T00464,"[2019] Tsoulfidis & Paitaridis - Capital intensity, unproductive activities and the Great Recession in the US economy",[2025.10.02] page_009_table_01_pymupdf_text_analysis.csv,524,7,"stock data as well as the estimating method are discussed in;Appendix A2;.; falling rate of profit.;7;""Meanwhile; the MCC grows; albeit with long fluc"
T00465,"[2019] Tsoulfidis & Paitaridis - Capital intensity, unproductive activities and the Great Recession in the US economy",[2025.10.02] page_010_table_01_pdfplumber_strategy_2.csv,4027,69,632 L. Tsoul;fidis and;D. Paitaridis;;;;; ;;;;;;; stock showed tha;t both the;distributional a;nd the tech;nical fact;ors a;re major determi-; nants o
T00466,"[2019] Tsoulfidis & Paitaridis - Capital intensity, unproductive activities and the Great Recession in the US economy",[2025.10.02] page_010_table_01_pymupdf_text_analysis.csv,183,3,"output ratio displays long fluctuations around a rising trend (see;Figure 1;). From the ""the definition of the adjusted for capacity utilisation;"";u;"""
T00467,"[2019] Tsoulfidis & Paitaridis - Capital intensity, unproductive activities and the Great Recession in the US economy",[2025.10.02] page_010_table_02_pymupdf_text_analysis.csv,150,7,";;;; +;e;MCC;1; y;y;p;; 1 +;e;"". By taking growth rates in equation (5); we can attribute the growth rate of the"";; K;K;;; v;p;y;;p wl "
T00468,"[2019] Tsoulfidis & Paitaridis - Capital intensity, unproductive activities and the Great Recession in the US economy",[2025.10.02] page_010_table_03_pymupdf_text_analysis.csv,52,6,p;;;; k;+;+;u; y;y;p;; ;;;; ;;;; 
T00469,"[2019] Tsoulfidis & Paitaridis - Capital intensity, unproductive activities and the Great Recession in the US economy",[2025.10.02] page_010_table_04_pymupdf_text_analysis.csv,446,6,";;; by;Shaikh (2016;""; appendix 6.5) for the US corporate sector. The capacity utilisation estimates for the""; reported by Federal Reserve Bank ("
T00470,"[2019] Tsoulfidis & Paitaridis - Capital intensity, unproductive activities and the Great Recession in the US economy",[2025.10.02] page_011_table_01_pdfplumber_strategy_2.csv,3285,54,;;T;he Great;Recession in;the US e;cono;my 633; ;;;;;;;; where a hat;over a va;riable or a te;rm indic;ates its annual;average g;rowt;h rate.9 It is; 
T00471,"[2019] Tsoulfidis & Paitaridis - Capital intensity, unproductive activities and the Great Recession in the US economy",[2025.10.02] page_011_table_01_pymupdf_text_analysis.csv,255,6,"where a hat over a variable or a term indicates its annual average growth rate.;9;It is y;;"";"" y;;""; minus the growth rate of the"" ""real wag"
T00472,"[2019] Tsoulfidis & Paitaridis - Capital intensity, unproductive activities and the Great Recession in the US economy",[2025.10.02] page_011_table_02_pymupdf_text_analysis.csv,132,3,Adjusted value;Relative;Technical;Demand;Distributional;Productivity;Real composition;price;change;factor;factor effect;effect;wage 
T00473,"[2019] Tsoulfidis & Paitaridis - Capital intensity, unproductive activities and the Great Recession in the US economy",[2025.10.02] page_011_table_03_pymupdf_text_analysis.csv,237,6,(1) = (2) + (3);(2);(3);(4);(5) =( 6) −;(6);(7); 1964–1982;2.00;0.10;2.42;−0.84;0.33;1.45;1.12 1983–2007;1.76;−1.34;1.53;0.31;1.26;2.11;0.85 2008–2016
T00474,"[2019] Tsoulfidis & Paitaridis - Capital intensity, unproductive activities and the Great Recession in the US economy",[2025.10.02] page_012_table_01_pdfplumber_strategy_2.csv,3104,52,634 L. Tsoul;fidis and D.;Paitaridis;;;; ;;;;;; 4;;;;;; ;;;;;; 3.6;;;;;; ;;;;;;Downlo 3.2;;;;;;ad ;;;;;;ed 2.8;;;;;;from ;;;;;;https://a 2.4;;;;;;ca ;
T00475,"[2019] Tsoulfidis & Paitaridis - Capital intensity, unproductive activities and the Great Recession in the US economy",[2025.10.02] page_013_table_01_pdfplumber_strategy_2.csv,3243,65,;;;The G;reat Rece;ssion in t;he US;ec;onomy 635; ;;;;;;;;; The exami;nation of th;e wh;ole 1964;–2016 peri;od compl;etes th;e p;icture in which; what
T00476,"[2019] Tsoulfidis & Paitaridis - Capital intensity, unproductive activities and the Great Recession in the US economy",[2025.10.02] page_013_table_01_pymupdf_text_analysis.csv,41,4,r;=;=;; p y;p wl;p y;−; p K;s;p wl;p K;e 
T00477,"[2019] Tsoulfidis & Paitaridis - Capital intensity, unproductive activities and the Great Recession in the US economy",[2025.10.02] page_013_table_02_pymupdf_text_analysis.csv,27,4,s;e;; y;y;p;y k;y;p;k 
T00478,"[2019] Tsoulfidis & Paitaridis - Capital intensity, unproductive activities and the Great Recession in the US economy",[2025.10.02] page_013_table_03_pymupdf_text_analysis.csv,195,5,";=;1;1 ;;; ""The expectation is that in the long run; both"";e;and MCC will be rising but that the; increase in;e;although it may be highe"
T00479,"[2019] Tsoulfidis & Paitaridis - Capital intensity, unproductive activities and the Great Recession in the US economy",[2025.10.02] page_013_table_04_pymupdf_text_analysis.csv,266,4,"(;""Tsoulfidis; 2017"";""). While; on the other hand; the MCC; because of mechanisation;"" ""increases without limits and; therefore; supersedes; in genera"
T00480,"[2019] Tsoulfidis & Paitaridis - Capital intensity, unproductive activities and the Great Recession in the US economy",[2025.10.02] page_013_table_06_pymupdf_text_analysis.csv,278,7,lower the wage share or what is the same thing the elasticity of the rate of profit w.r.t.;e;.; rate of profit w.r.t.;e;becomes absolutely inelastic.;
T00481,"[2019] Tsoulfidis & Paitaridis - Capital intensity, unproductive activities and the Great Recession in the US economy",[2025.10.02] page_014_table_01_pdfplumber_strategy_2.csv,3887,82,"636 L. Ts;oul;fidis and D;. Pa;itaridis;;;; ;;;;;;;; ;;;;;;;; ;;;;""   "";""   "";;; ;""∂ ∂"";""rψ =−    p y  ψr p"";""  y   K  ""; "
T00482,"[2019] Tsoulfidis & Paitaridis - Capital intensity, unproductive activities and the Great Recession in the US economy",[2025.10.02] page_014_table_01_pymupdf_text_analysis.csv,62,6,∂;r;y;ψ;ψ;ψ ∂;;;ψ;ψ; = −;= −−;= −;−;e; −;k;y;ψ;; (;);;;; 
T00483,"[2019] Tsoulfidis & Paitaridis - Capital intensity, unproductive activities and the Great Recession in the US economy",[2025.10.02] page_014_table_02_pymupdf_text_analysis.csv,29,4,;;1;; −;);1;ψ; p;;;K y;/ 
T00484,"[2019] Tsoulfidis & Paitaridis - Capital intensity, unproductive activities and the Great Recession in the US economy",[2025.10.02] page_014_table_03_pymupdf_text_analysis.csv,196,3,"""Thus; the elasticity of"";r;w.r.t.;K;/;y;""is unitary negative; meaning that if the capital inten-"" that is the prices;p;y;and;p;k;""; are expected in t"
T00485,"[2019] Tsoulfidis & Paitaridis - Capital intensity, unproductive activities and the Great Recession in the US economy",[2025.10.02] page_015_table_01_pdfplumber_strategy_2.csv,4043,52,;;The Great Recession in the US economy 637; ;;; Great Recession;2008–16 in;creased to 369% making even more inelastic the rate; of profit with res;pe
T00486,"[2019] Tsoulfidis & Paitaridis - Capital intensity, unproductive activities and the Great Recession in the US economy",[2025.10.02] page_015_table_01_pymupdf_text_analysis.csv,147,3,"""dropped to 2.35; a level that remains approximately constant since the year 2007."";10; ""teenth century; see"";Mejorado and Roman (2014;""; ch. 7)."" "
T00487,"[2019] Tsoulfidis & Paitaridis - Capital intensity, unproductive activities and the Great Recession in the US economy",[2025.10.02] page_016_table_01_pdfplumber_strategy_2.csv,4426,56,"638 L. Tso;ulfidis and;D. Paitaridis;;;; ;;;;;; 5. The rate of;""profit; unp"";roductive activities;and the Grea;t Reces;sion; ;;;;;; The concept of;unp"
T00488,"[2019] Tsoulfidis & Paitaridis - Capital intensity, unproductive activities and the Great Recession in the US economy",[2025.10.02] page_016_table_01_pymupdf_text_analysis.csv,347,5,"1994;""; among others)."";Mohun (2014);""takes issue with this analysis by arguing; from a"" ""Starting with the growth of unproductive labour;"";Mohun (201"
T00489,"[2019] Tsoulfidis & Paitaridis - Capital intensity, unproductive activities and the Great Recession in the US economy",[2025.10.02] page_017_table_01_pdfplumber_strategy_2.csv,3326,58,";;;Th;e Great;Recessio;n in the US;econ;omy 639; ;;;;;;;;; e;conomy’s grow;th potential.;Until;very rec;""ently; at le"";""ast; the idea"";that;services a"
T00490,"[2019] Tsoulfidis & Paitaridis - Capital intensity, unproductive activities and the Great Recession in the US economy",[2025.10.02] page_018_table_01_pdfplumber_strategy_2.csv,4123,65,640 L. Tsoulfidis and D. Pait;aridis;;; ;;;; creation of surplus value; this type;of labour acti;vity merely contributed;to the redis-; tribution of s
T00491,"[2019] Tsoulfidis & Paitaridis - Capital intensity, unproductive activities and the Great Recession in the US economy",[2025.10.02] page_018_table_01_pymupdf_text_analysis.csv,191,3,"""Thus; the gross or general rate of profit;"";R;""; is equal to the net rate of profit;"";r;""; plus the""; ""ratio of unproductive expenditures;"";s;u;""; to"
T00492,"[2019] Tsoulfidis & Paitaridis - Capital intensity, unproductive activities and the Great Recession in the US economy",[2025.10.02] page_018_table_02_pymupdf_text_analysis.csv,360,6,K;K;K;K where;s;is the surplus value (or gross profits) measured by subtracting from the cur-; rent net Marxian value-added the variable capital (or p
T00493,"[2019] Tsoulfidis & Paitaridis - Capital intensity, unproductive activities and the Great Recession in the US economy",[2025.10.02] page_018_table_03_pymupdf_text_analysis.csv,285,4,expenditures will take another dip. A closer look at;Figure 4;reveals that the falling; does not lead to a crisis and may be fully consistent with a g
T00494,"[2019] Tsoulfidis & Paitaridis - Capital intensity, unproductive activities and the Great Recession in the US economy",[2025.10.02] page_019_table_01_pdfplumber_strategy_1.csv,92,8,""""" Gross rate of profit """" Rate of unproduc(cid:16)ve expenditures """" """" Net rate of profit "
T00495,"[2019] Tsoulfidis & Paitaridis - Capital intensity, unproductive activities and the Great Recession in the US economy",[2025.10.02] page_019_table_01_pdfplumber_strategy_2.csv,3286,61,;;;The;Great Reces;sion in;the US econ;omy 641; ;;;;;;;; ;0.4;;;;;;; ;;;;;;;; ;0.35;;;;;;; ;;;;;;;; ;;;;;;;;D ;;;G;ross rate of profit;;;;o ;0.3;;;;;;
T00496,"[2019] Tsoulfidis & Paitaridis - Capital intensity, unproductive activities and the Great Recession in the US economy",[2025.10.02] page_019_table_01_pymupdf_text_analysis.csv,362,5,"In;Figure 5;""; we display the evolution of real net profits along with real net private"" non-residential investment.;13;We observe that the real net p"
T00497,"[2019] Tsoulfidis & Paitaridis - Capital intensity, unproductive activities and the Great Recession in the US economy",[2025.10.02] page_020_table_01_pdfplumber_strategy_1.csv,78,7,"Real net profits """" """" ""Real net private non-residen(cid:16)al investment"" """" "
T00498,"[2019] Tsoulfidis & Paitaridis - Capital intensity, unproductive activities and the Great Recession in the US economy",[2025.10.02] page_020_table_01_pdfplumber_strategy_2.csv,2941,58,642 L. Tso;ulfidis and;D. Paitari;dis;;;;; ;;;;;;;; 2500000;;;;;;;; ;;;;;;;; ;;;;;Real net;profits;; ;;;;;;;; 2000000;;;;;;;;D ;;;;;;;;ownload 1500000
T00499,"[2019] Tsoulfidis & Paitaridis - Capital intensity, unproductive activities and the Great Recession in the US economy",[2025.10.02] page_021_table_01_pdfplumber_strategy_2.csv,3980,53,";T;he Great Recessi;on in the US econ;omy 643; ;;;;; mass of real pr;ofits identify the ye;ar 2007 as the tip;""ping point; that is; t"";he year when; p"
T00500,"[2019] Tsoulfidis & Paitaridis - Capital intensity, unproductive activities and the Great Recession in the US economy",[2025.10.02] page_021_table_01_pymupdf_text_analysis.csv,464,6,"BEA. 1993.;""Fixed Reproducible Tangible Wealth in the United States; 1925–89"";""; Washington; DC"" ""Duménil; G. and Lévy; D. 2004."";Capital Resurgent: R"
T00501,"[2019] Tsoulfidis & Paitaridis - Capital intensity, unproductive activities and the Great Recession in the US economy",[2025.10.02] page_022_table_01_pdfplumber_strategy_2.csv,3708,52,"644 L. Tso;ulfidis and;D. Paitaridis; ;;; ""Marx; K. [1869]"";1969. Theories;""of Surplus-Value; Part II; London; Lawrence & Wishart""; ""Μarx; K. [1894]"";"
T00502,"[2019] Tsoulfidis & Paitaridis - Capital intensity, unproductive activities and the Great Recession in the US economy",[2025.10.02] page_022_table_01_pymupdf_text_analysis.csv,1165,14,"""Marx; K. [1869] 1969."";""Theories of Surplus-Value; Part II"";""; London; Lawrence & Wishart""; Μ;""arx; K. [1894] 1968."";Capital;""; vol. III; New York; I"
T00503,"[2019] Tsoulfidis & Paitaridis - Capital intensity, unproductive activities and the Great Recession in the US economy",[2025.10.02] page_023_table_01_pdfplumber_strategy_2.csv,3644,64,;;;The Great R;ecessio;n in the US econo;my 645; ;;;;;;; Appendix;;;;;;; ;;;;;;; A1. Data a;nd their sou;rce;;;;; ;;;;;;; ;;;;;;; Despite the;advantag
T00504,"[2019] Tsoulfidis & Paitaridis - Capital intensity, unproductive activities and the Great Recession in the US economy",[2025.10.02] page_023_table_01_pymupdf_text_analysis.csv,43,5,Y;Y;−;; t;n;−;∑;1 j;j;1;1; n;n;∑;∑; 
T00505,"[2019] Tsoulfidis & Paitaridis - Capital intensity, unproductive activities and the Great Recession in the US economy",[2025.10.02] page_023_table_03_pymupdf_text_analysis.csv,191,3,"where;Χ;is the last available data of NAICS industry at time;t;"";"";Y;is the SIC proxy in-; dustry to;X;"";"";Z;""is the resulting estimated data of NAICS"
T00506,"[2019] Tsoulfidis & Paitaridis - Capital intensity, unproductive activities and the Great Recession in the US economy",[2025.10.02] page_023_table_04_pymupdf_text_analysis.csv,177,3,"2012;""); we find relatively small deviations"";15;thereby lending support to our proposed; (MVA).;16;In national account terms (see;Table 1;""); the MVA"
T00507,"[2019] Tsoulfidis & Paitaridis - Capital intensity, unproductive activities and the Great Recession in the US economy",[2025.10.02] page_024_table_01_pdfplumber_strategy_2.csv,3510,65,"646 L. Tsoul;fidis and D;. Paitaridis;;;; ;;;;;; surplus value. Fo;r the estimat;ion of variable c;""apital; we need"";""two variables;"";the number; of p"
T00508,"[2019] Tsoulfidis & Paitaridis - Capital intensity, unproductive activities and the Great Recession in the US economy",[2025.10.02] page_024_table_01_pymupdf_text_analysis.csv,185,3,"of productive employees starting with the total number of workers (;L;j;);NIPA;employed in the production sectors (;j;""= 1; 2; . . . ;"";n;) according "
T00509,"[2019] Tsoulfidis & Paitaridis - Capital intensity, unproductive activities and the Great Recession in the US economy",[2025.10.02] page_024_table_02_pymupdf_text_analysis.csv,225,6,"p;j;p;j;j;NIPA x;j;=;(;(A1.3); ""Subsequently; we multiply the average weekly wage of productive workers ("";w;j;) in each;; productive sector by;x;j;in"
T00510,"[2019] Tsoulfidis & Paitaridis - Capital intensity, unproductive activities and the Great Recession in the US economy",[2025.10.02] page_024_table_03_pymupdf_text_analysis.csv,186,3,"""fixed capital investment was finite and for this reason;"";Shaikh (2016);""; in his estimations"" ""of the 1930s and the effects of WWII. For this reason"
T00511,"[2019] Tsoulfidis & Paitaridis - Capital intensity, unproductive activities and the Great Recession in the US economy",[2025.10.02] page_025_table_01_pdfplumber_strategy_2.csv,2760,61,;T;he Great Re;cessio;n in the U;S eco;nomy 647; ;;;;;;; the US corporate;sector and apply;ing this ratio t;o estim;ate the fixe;d cap;ital of the ΒΕΑ
T00512,"[2019] Tsoulfidis & Paitaridis - Capital intensity, unproductive activities and the Great Recession in the US economy",[2025.10.02] page_025_table_01_pymupdf_text_analysis.csv,154,4,the US corporate sector and applying this ratio to estimate the fixed capital of the;ΒΕΑ; Perpetual Inventory Model (G;ΡΙΜ;). stock (;GC;) is as follo
T00513,"[2019] Tsoulfidis & Paitaridis - Capital intensity, unproductive activities and the Great Recession in the US economy",[2025.10.02] page_025_table_02_pymupdf_text_analysis.csv,93,3,"(;);(;); where;IG;""is the gross investment in current prices;"";δ;is the rate of depreciation "
T00514,"[2019] Tsoulfidis & Paitaridis - Capital intensity, unproductive activities and the Great Recession in the US economy",[2025.10.02] page_025_table_03_pymupdf_text_analysis.csv,183,3,"where (1 +;g;1;) is the average growth rate of the gross investment in the period under ""examination. In particular; for the estimation of"";g;I;""; we "
T00515,"[2019] Tsoulfidis & Paitaridis - Capital intensity, unproductive activities and the Great Recession in the US economy",[2025.10.02] page_025_table_04_pymupdf_text_analysis.csv,269,5,"eter;δ;""represents the average depreciation; while"";′ g;pk;is the average growth rate of prices; slowdown in the growth of investment;IG;which is also"
T00516,1984_Tonak_State_Revenues,chunk_03_table_descriptions.md,4806,136,# [1984] Tonak - State Revenues - Chunk 03 - Table Descriptions  **Extraction Date:** October 23; 2025 **Chunk Coverage:** Pages 8-17 (Chapter II: Pla
T00517,1984_Tonak_State_Revenues,chunk_04_table_descriptions.md,7362,184,# [1984] Tonak - State Revenues - Chunk 04 - Table Descriptions  **Extraction Date:** October 23; 2025 **Chunk Coverage:** Pages 18-27 (Chapter II con
T00518,1984_Tonak_State_Revenues,chunk_05_table_descriptions.md,9060,247,# [1984] Tonak - State Revenues - Chunk 05 - Table Descriptions  **Extraction Date:** October 23; 2025 **Chunk Coverage:** Pages 28-37 (Chapter III: P
T00519,1984_Tonak_State_Revenues,chunk_06_table_descriptions.md,11116,306,# [1984] Tonak - State Revenues - Chunk 06 - Table Descriptions  **Extraction Date:** October 23; 2025 **Chunk Coverage:** Pages 38-47 (Chapter III: M
T00520,1984_Tonak_State_Revenues,chunk_07_table_descriptions.md,10165,223,# [1984] Tonak - State Revenues - Chunk 07 - Table Descriptions  **Extraction Date:** October 23; 2025 **Chunk Coverage:** Pages 48-57 (Chapter III co
T00521,1984_Tonak_State_Revenues,table_catalog.md,8608,214,# List of Tables - 1984 Tonak Dissertation  **Extraction Date**: October 23; 2025 **Source**: Chunk_02; pages 1-2 (List of Tables section) **Significa
T00522,1984_Tonak_State_Revenues,table_notes.md,2452,59,"# Table Notes - Chunk_09 (Pages 68-77)  **Source**: Tonak; E. A. (1984). Chapter IV: ""State in Distribution Process"" **Extraction Date**: October 23; "
T00523,1984_Tonak_State_Revenues,table_notes.md,4017,110,"# Table Notes - Chunk_10 (Pages 78-87)  **Source**: Tonak; E. A. (1984). Chapter IV: ""State in Distribution Process"" **Extraction Date**: October 23; "
T00524,1984_Tonak_State_Revenues,tables_I_through_IV.md,13939,338,"# Table Descriptions - Chunk_11: Tables I through IV  **Source**: Tonak; E. A. (1984). Chapter IV: ""State in Distribution Process"" **Extraction Date**"
T00525,1984_Tonak_State_Revenues,tables_V_through_VIII.md,12059,302,"# Table Descriptions - Chunk_12: Tables V through VIII  **Source**: Tonak; E. A. (1984). Chapter IV: ""State in Distribution Process"" **Extraction Date"
T00526,1984_Tonak_State_Revenues,tables_IX_through_XI.md,15782,428,"# Table Descriptions - Chunk_13: Tables IX; X; and XI  **Source**: Tonak; E. A. (1984). Chapter IV: ""State in Distribution Process"" **Extraction Date*"
T00527,1985_Semmler_Nonlinear_Cycles,bifurcation_parameters.csv,1374,18,Parameter;Symbol;Value_or_Range;Description;Variation_Type Maximum output-capital ratio;σ;0.4;Determines potential output given capital stock;Fixed Mi
T00528,1985_Semmler_Nonlinear_Cycles,example_1_parameters.csv,1259,20,Parameter;Symbol;Value;Description Maximum output-capital ratio;σ;0.4;Determines potential output given capital stock Minimum wage parameter;w₀;0.05;B
T00529,1985_Semmler_Nonlinear_Cycles,example_2_parameters.csv,863,12,Parameter;Symbol;Value;Description;Change_from_Example_1 Maximum output-capital ratio;σ;0.4;Determines potential output given capital stock;No change 
T00530,1985_Semmler_Nonlinear_Cycles,example_3_parameters.csv,1209,16,Parameter;Symbol;Value;Description;Change_from_Example_2 Maximum output-capital ratio;σ;0.4;Determines potential output given capital stock;No change 
T00531,1985_Semmler_Nonlinear_Cycles,Table_I_Bivariate_VAR.csv,830,18,Independent Variable;Dependent: Downturns Coefficient;Dependent: Downturns Significance;Dependent: Upturns Coefficient 1;Dependent: Upturns Significan
T00532,1994_Measuring_Wealth,table_3.1_sectoral_structure.csv,558,8,"Category;Sector_Name;Subcategories;Notes Primary sectors;Production;""goods/services; private/public"";Creates or transforms use values Primary sectors;"
T00533,1994_Measuring_Wealth,table_3.1_context.md,5167,119,# Table 3.1: Sectoral Structure of Reproduction - Context  **Location**: Page 60 (book page 40) **Type**: Classificatory table - hierarchical sectoral
T00534,1994_Measuring_Wealth,table_3.2_production_trade_sectors.csv,227,6,"Category;Production;Trade Row_1;Goods;Wholesale/retail Row_2;Productive services;""Building; equipment; and car rentals"" Row_3;Government production;Go"
T00535,1994_Measuring_Wealth,table_3.3_value_use_product.csv,217,7,Value_of_product;Use_of_product;Amount Production costs;Inputs used;400 Worker wages;Workers' consumption;200 Profits;Capitalist consumption ($700);14
T00536,1994_Measuring_Wealth,table_3.4_marxian_io_revenue.csv,202,7,Marxian_name;IO_name;Amount Constant capital C*;Intermediate input M;400 Variable capital V*;Wages W;200 Surplus value S*;Profits P;1400 Total value T
T00537,1994_Measuring_Wealth,table_3.5_marxian_io_use.csv,319,8,Marxian_name;IO_name;Amount Production input U*;Intermediate demand M;400 Necessary product NP*;Workers' consumption CONW;200 Surplus product SP*;Capi
T00538,1994_Measuring_Wealth,table_3.6_marxian_io_production_trade.csv,1804,21,Section;Marxian_Category;Marxian_Formula;Marxian_Value;IO_Category;IO_Formula;IO_Value;Relationship Revenue_Side;Total value TV*;GOp + GOt;2000;Gross 
T00539,1994_Measuring_Wealth,table_3.7_marxian_io_private_royalties.csv,1581,19,Section;Marxian_Category;Marxian_Formula;IO_Category;IO_Formula;Relationship Revenue_Side;Total value TV*;GOp + GOt;Gross output GO;GOp + GOt + GOry;<
T00540,1994_Measuring_Wealth,all_tables_summary.csv,669,6,Table_Number;Title;Key_Content;NSW_Relevance 3.8;Public secondary flows - General government;TV* = GOp+GOt (excludes WG); S* = P+IBT+(Wt+Mt); Governme
T00541,1994_Measuring_Wealth,table_3.12_marxian_io_overall_summary.csv,2551,27,Section;Category_Type;Marxian_Category;Marxian_Formula;IO_Category;IO_Formula;Relationship Revenue_Side;Total;Total value TV*;GOp + GOtt;Gross output 
T00542,1994_Measuring_Wealth,table_4.1_labor_money_value_measures.csv,1357,22,Section;Category;Money_Value_Measure;Labor_Value_Measure Revenue_Side;Constant capital;C* = Mp = (Mp)p + (Mt)p;C = λ* · (Mp)p Revenue_Side;Value added
T00543,1994_Measuring_Wealth,table_4.2_labor_value_numerical_example.csv,1087,21,Side;Category;Formula;Calculation;Result_Hours Value_Side;Constant capital C;C = λ* · (Mp)p;2 · 200;400 Value_Side;Value added VA;VA = Hp;;1600 Value_
T00544,1994_Measuring_Wealth,table_4.3_inconsistent_symmetric_mapping.csv,1435,20,Category;Money_Value_Measure_Inconsistent;Money_Value_Dollars;Labor_Value_Measure;Labor_Value_Hours Production input U;U*' = C*' = (Mp)p;200;U = C = λ
T00545,1994_Measuring_Wealth,table_4.4_rates_of_exploitation.csv,1214,17,"Worker_Type;Value_of_Labor_Power;Rate_of_Exploitation;Formula_Expanded Productive labor;Vp = λ* · (CONWp)p = V;ep = (Hp - V) / V = S / V;""ep = surplus"
T00546,1994_Measuring_Wealth,table_5.4_continuation_summary.md,3677,145,# Table 5.4 (Continuation): Annual Marxian Measures 1962-1989  **Source**: Pages 102-105 (book pages); PDF pages 1-4 **Coverage**: 28 years of annual 
T00547,1994_Measuring_Wealth,table_5.5_employment_summary.md,3272,106,# Table 5.5: Total Labor and Productive Employment; 1948-1989 (thousands)  **Source**: Page 110 (book page); PDF page 9 **Data Source**: Appendix F **
T00548,1994_Measuring_Wealth,table_5.6_wages_summary.md,5159,170,# Table 5.6: Total Wages and Variable Capital; 1948-1989  **Source**: Pages 115-117 (book pages); PDF pages 4-6 **Coverage**: Annual data for 42 years
T00549,1994_Measuring_Wealth,table_5.7_surplus_value_summary.md,5631,206,# Table 5.7: Marxian Variables and Their Orthodox Counterparts; 1948-1989  **Source**: Pages 120-121 (book pages); PDF pages 9-10 **Coverage**: Annual
T00550,1994_Measuring_Wealth,tables_5.8_and_5.9_summary.md,5477,148,# Tables 5.8-5.9: Profit Rates and Compositions of Capital Summary  **Source**: Pages 125-129 (book pages); PDF pages 4-8  ---  ## Table 5.8: Aggregat
T00551,1994_Measuring_Wealth,table_5.10_summary.md,5271,153,# Table 5.10: Marxian and Conventional Productivity Measures; 1948-1989  **Source**: Page 133 (book page); PDF page 2 **Coverage**: Annual data for 42
T00552,1994_Measuring_Wealth,table_5.11_summary.md,6687,220,# Table 5.11: Government Absorption of Surplus Value; 1948-1989  **Source**: Page 135 (book page); PDF page 4 **Coverage**: Annual data for 42 years (
T00553,1994_Measuring_Wealth,table_5.12_price_value_deviations.md,6879,172,# Table 5.12: Labor Value and Money Rates of Surplus Value  **Source**: Page 144 (book page); PDF page 3 **Coverage**: 5 IO table years (1958; 1963; 1
T00554,1994_Measuring_Wealth,table_5.13_approximation_summary.md,8360,263,# Table 5.13: Approximation to the Rate of Surplus Value; 1948-1989  **Source**: Pages 147-149 (book pages); PDF pages 6-8 **Coverage**: Annual data f
T00555,1994_Measuring_Wealth,table_5.14_comparison_summary.md,8539,276,# Table 5.14: Comparison of Key Marxian and Orthodox Measures  **Source**: Page 151 (book page); PDF page 10 **Purpose**: Summary of relative levels a
T00556,1994_Measuring_Wealth,table_6.1_wolff_puerto_rico.md,6944,184,# Table 6.1: Wolff's estimates of the money and value rates of surplus value in Puerto Rico  **Location**: Page 158; Chapter 6 **Source**: Wolff (1975
T00557,1994_Measuring_Wealth,table_6.2_sectoral_estimates.csv,1379,88,Year;Shaikh;Varga;Gillman;Mandel;Perlo 1899;1.46;1.28;1.44;1.46; 1900;1.46;;; 1901;1.46;;; 1902;1.46;;; 1903;1.46;;; 1904;1.47;1.24;1.47;1.46; 1905;1.
T00558,1994_Measuring_Wealth,table_6.4_basic_mapping.md,3140,92,# Table 6.4: Our basic mapping between Marxian and IO-NIPA categories  **Location**: Page 174; Chapter 6 **Type**: Definitional table showing fundamen
T00559,1994_Measuring_Wealth,table_6.5_mage_comparison.md,5089,155,# Table 6.5: Comparison between our mapping and Mage's  **Location**: Page 176; Chapter 6 **Type**: Comparative table showing methodological differenc
T00560,1994_Measuring_Wealth,table_6.6_greece_comparison.md,6309,174,# Table 6.6: Rates of surplus value in Greece; selected years  **Location**: Page 190; Chapter 6 **Type**: Comparison table **Sources**: Papadimitriou
T00561,1994_Measuring_Wealth,table_6.7_money_labor_value.md,5302,147,# Table 6.7: Money and labor value measures - Revenue side  **Location**: Page 192; Chapter 6 **Type**: Comparison table (reproduction of Table 4.1) *
T00562,1994_Measuring_Wealth,table_6.8_japan_estimates.csv,137,6,Study;1951;1975;1980 Okishio (1959);0.929;; Okishio (corrected);1.128;; Izumi (1980/1983);0.43;2.05; Okishio and Nakatani (1985);;;1.344 
T00563,1994_Measuring_Wealth,table_6.9_izumi_khanjian.csv,267,7,Country_Study;1958_1960;1963_1965;1967;1970_1972;1975_1977 Izumi: South Korea;;;; 0.92;1.38 Izumi: Japan;1.24;1.57;;1.70;2.05 Izumi: United States;1.7
T00564,1994_Measuring_Wealth,table_6.10_wolff_comparison.csv,218,6,Study;1947;1958;1963;1967;1972;1977 Wolff (1987): S/V;2.11;2.60;2.72;2.72;2.37;2.27 Wolff (1977): S/V;2.25;2.67;2.80;3.07;; Khanjian (1988): S/V;;2.64
T00565,1994_Measuring_Wealth,table_6.11_surplus_comparison.csv,864,25,Year;S* (Real);Stanfield Econ Surplus;Phillips Econ Surplus;Stanfield Ratio;Phillips Ratio 1948;635.62;544.09;528.23;0.86;0.83 1949;632.69;525.49;568.
T00566,1994_Measuring_Wealth,table_A.1_sector_mapping.md,5389,127,# Table A.1: Mapping between sectors of the original 1972 85-order table and the final 82×88 IO tables  | Original IO Sector | Sector Name | Final Tab
T00567,1994_Measuring_Wealth,table_B.3_ground_rent_proportion_calculation.md,7467,185,# Table B.3: Calculation of Proportion of Ground Rent in Real Estate (g); Benchmark Years  **Source**: Measuring the Wealth of Nations (1994); pages 2
T00568,2001_Cronin_New_Zealand,tables.csv,1678,53,"table_number;page;title;data Table 1;11;NZSNA in classical categories ($m);""Year;Gross output;Total value;Constant capital;Variable capital;Surplus va"
T00569,2011_Paitaridis_Tsoulfidis,tables_1_and_A.md,21863,704,"# Table Descriptions - 2011 Paitaridis & Tsoulfidis  **Source**: Paitaridis; D.; & Tsoulfidis; L. (2011). ""The Growth of Unproductive Activities; the "
T00570,2017_Moos_NSW_21st_Century,table_descriptions.md,19239,582,"# Table Descriptions - 2017 Moos NSW in 21st Century  **Source**: Moos; Katherine A. (2017). ""Neoliberal Redistributive Policy: The U.S. Net Social Wa"
T00571,2022_Karabacak_Tonak_NSW_Turkey,table_descriptions.md,17842,469,# Table Descriptions - 2022 Karabacak & Tonak NSW Turkey Study  **Source**: Karabacak; Z.; & Tonak; E. A. (2022). The Net Social Wage in Turkey; 1980–
T00572,2024_Savran_Tonak_Tracks_Marx_Capital,table_001_list_of_figures.csv,2139,36,Chapter;Figure_Number;Figure_Title;Page_Number 5;1;Classification of human economic activities;92 5;2;Classification of labour under capitalism;103 5;
T00573,2024_Savran_Tonak_Tracks_Marx_Capital,table_002_list_of_tables.csv,847,17,Chapter;Table_Number;Table_Title;Page_Number 8;1;The transfer of public land to capitalist firms;169 8;2;Capitalist development of the land;169 8;3;Pr
T00574,2024_Savran_Tonak_Tracks_Marx_Capital,table_003_toc_part_iii.csv,2615,25,Chapter_Number;Chapter_Title;Authors;Section_Number;Section_Title;Page_Number 10;The Net Social Wage in Turkey 1980–2019;Yakup Karabacak and E. Ahmet 
T00575,2024_Savran_Tonak_Tracks_Marx_Capital,table_004_toc_part_iv.csv,7039,65,Chapter_Number;Chapter_Title;Authors;Section_Number;Section_Title;Page_Number 13;Lean Production and Flexibility: The Highest Stage of Taylorism;Sungu
T00576,2024_Savran_Tonak_Tracks_Marx_Capital,table_01_list_of_tables_page_xxxiv.csv,172,4,Chapter;Table_Number;Table_Title;Page_Number Chapter 14;Table 1;Comparative rates of surplus-value;329 Chapter 17;Table 1;The Wolfstetter condition fo
T00577,2024_Savran_Tonak_Tracks_Marx_Capital,references.csv,1736,19,Author;Year;Title;Publisher;Volume;Pages_Cited;Type Harvey D.;2010;A Companion to Marx's Capital;Verso;;;Book Lenin V.I.;1976a;Conspectus of Hegel's B
T00578,2024_Savran_Tonak_Tracks_Marx_Capital,table_01_transfer_public_land_to_capitalist_firms.csv,185,5,Category;The State;Capitalist Developer;Society Wealth;Land ($500);Money ($100);$600 Wealth II;Money ($100);Land ($500);$600 Change in wealth;$100 - $
T00579,2024_Savran_Tonak_Tracks_Marx_Capital,table_02_capitalist_development_land.csv,175,3,Component;Land;Other Material;Total Material (C);Labor (V);Surplus Value (S);Profit-on-alienation (π);Total Profit;Market Value Value;$100;$500;$600;$
T00580,2024_Savran_Tonak_Tracks_Marx_Capital,table_03_profiting_from_lending_to_workers.csv,833,26,"Stage;Production Sector;Banking Sector I - No Loans;""S = Capitalists' income = Profit_p = $400 V = Workers' income I = Wages = $300 Aggregate profit ="
T00581,2024_Savran_Tonak_Tracks_Marx_Capital,table_04_market_price.csv,352,14,Year;House price index;Market price MP (TL);Potential market revenue (billion TL) 2010;48.1;135.78;0.97 2011;51.2;144.73;1.42 2012;56.4;159.51;2.51 20
T00582,2024_Savran_Tonak_Tracks_Marx_Capital,table_05_public_prices.csv,382,14,Year;Area sold (million metres square);Total revenue (billion TL in current prices);Public price per square metre PP (TL) 2010;7.13;0.13;19.07 2011;8.
T00583,2024_Savran_Tonak_Tracks_Marx_Capital,table_06_profit_upon_alienation_real_estate.csv,279,14,Year;Potential profit upon alienation (billion TL);Potential profit upon alienation (billion $) 2010;0.83;0.55 2011;1.20;0.72 2012;1.95;1.09 2013;1.19
T00584,2024_Savran_Tonak_Tracks_Marx_Capital,table_07_interest_income_loans_worker_households.csv,453,14,Year;Interest income on consumer loans (including mortgages in billion TL);Interest income on credit cards (in billion TL);Interest income on loans to
T00585,2024_Savran_Tonak_Tracks_Marx_Capital,table_08_profit_upon_alienation_finance.csv,366,13,Year;Interest income to interest expense ratio;Profit upon alienation (billion TL);Profit upon alienation (billion $) 2010;1.87;6.45;4.30 2011;1.72;6.
T00586,2024_Savran_Tonak_Tracks_Marx_Capital,table_09_relative_size_of_poa.csv,370,13,Year;Total corporate sector profits (billion $);Total potential POA (billion $);POA as a share of total profits (%) 2010;76.49;4.85;6.34 2011;43.47;6.
T00587,2024_Savran_Tonak_Tracks_Marx_Capital,table_01_state_taxes_expenditures_classification.csv,1568,29,Category;Subcategory;Item;Labour_Share;Tax_Category;Tax_Item;Tax_Labour_Share B1;Public_Expenditure;General public services;0;T1;Social security premi
T00588,2024_Savran_Tonak_Tracks_Marx_Capital,table_02_benefits_taxes_workers_turkey_1980_2019.csv,948,41,Year;Labour_Benefit_Ratio_Pct_GDP;Labour_Tax_Ratio_Pct_GDP;Net_Social_Wage_Ratio_Pct_GDP 1980;5.77;6.19;-0.42 1981;5.19;5.85;-0.66 1982;5.00;5.35;-0.3
T00589,2024_Savran_Tonak_Tracks_Marx_Capital,table_02_continuation_labour_ratios.csv,114,4,Years;Labour benefit ratio;Labour tax ratio;Net social wage ratio 2019;14.84;14.99;-0.15 Average;9.95;11.08;-1.13 
T00590,2024_Savran_Tonak_Tracks_Marx_Capital,table_01_US_conventional_top10_sectors.csv,507,22,Year;Rank;Sector;CB_Value 1995;1;Health;38.91 1995;2;Finance;23.73 1995;3;Trade;21.32 1995;4;Public Administration;14.23 1995;5;Motor Vehicles;13.52 1
T00591,2024_Savran_Tonak_Tracks_Marx_Capital,table_02_US_marxian_top10_sectors.csv,478,22,Year;Rank;Sector;CB_Value 1995;1;Health;66.21 1995;2;Trade;15.92 1995;3;Motor Vehicles;15.46 1995;4;Construction;12.93 1995;5;Food;9.64 1995;6;Hotels-
T00592,2024_Savran_Tonak_Tracks_Marx_Capital,table_03_Germany_conventional_top10_sectors.csv,500,22,Year;Rank;Sector;CB_Value 1995;1;Motor Vehicles;17.6 1995;2;Food;11.54 1995;3;Trade;7.87 1995;4;Construction;7.52 1995;5;Machine;6.54 1995;6;Health;5.
T00593,2024_Savran_Tonak_Tracks_Marx_Capital,table_04_Germany_marxian_top10_sectors.csv,552,24,Year;Rank;Sector;CB_Value 1995;1;Motor Vehicles;21.52 1995;2;Food;13.85 1995;3;Construction;8.22 1995;4;Machine;7.69 1995;5;Transportation;7.69 1995;6
T00594,2024_Savran_Tonak_Tracks_Marx_Capital,table_05_Spain_conventional_top10_sectors.csv,521,22,Year;Rank;Sector;CB_Value 1995;1;Construction;30.56 1995;2;Food;21.09 1995;3;Motor Vehicles;18.06 1995;4;Trade;16.64 1995;5;Hotels-Restaurant;15.33 19
T00595,2024_Savran_Tonak_Tracks_Marx_Capital,table_06_spain_central_sectors_ranking.csv,391,12,Sector_1995;Value_1995;Sector_2005;Value_2005 Construction;62.88;Construction;155.63 Food;23.50;Food;23.90 Motor Vehicles;21.21;Transportation;23.78 T
T00596,2024_Savran_Tonak_Tracks_Marx_Capital,table_14-1_comparative_rates_surplus_value.csv,965,24,Region;Country;Study;Year_Start;Rate_Start;Year_End;Rate_End North;USA;Shaikh and Tonak (1994);1948;170%;1989;244% North;USA;Mohun (2005);1980;200%;20
T00597,2024_Savran_Tonak_Tracks_Marx_Capital,table_1_comparative_rates_surplus_value.csv,1656,23,Region;Country;Study;Year_Start;Rate_Start;Year_End;Rate_End;Additional_Notes North;USA;Shaikh and Tonak (1994);1948;170%;1989;244%; North;USA;Mohun (
T00598,2024_Savran_Tonak_Tracks_Marx_Capital,table_01.md,1550,30,# Table 1: The Wolfstetter Condition for Negative Values  **Location:** Page 402  **Table Type:** Production processes comparison table  ## Table Cont
T00599,TM_[2017] Moos - Neoliberal Distributive Policy US Net Social Wage in the 21st Century,[2025.10.02] table_selection_integrity.json,35352,1111,"{   ""groups"": [     {       ""page"": ""001"";       ""candidates"": [         {           ""file"": ""D:\\Arcanum\\Projects\\Shaikh Tonak\\TonakMoos\\[2017] M"
T00600,TM_[2017] Moos - Neoliberal Distributive Policy US Net Social Wage in the 21st Century,[2025.10.02] page_001_table_01_pdfplumber_strategy_2.csv,1760,36,"""Moos; Katherine A."";;;;; ;;;;; Working Paper;;;;; ;;;;; Neoliberal redistributive policy: T;he U.;S. net s;ocia;l wag;e in ;;;;; the 21st century;;;;"
T00601,TM_[2017] Moos - Neoliberal Distributive Policy US Net Social Wage in the 21st Century,[2025.10.02] page_002_table_01_pdfplumber_strategy_2.csv,60,10,"by """" therine A. Mo """" king Paper 201 """" OF MASS """" AMHERST "
T00602,TM_[2017] Moos - Neoliberal Distributive Policy US Net Social Wage in the 21st Century,[2025.10.02] page_003_table_01_pdfplumber_strategy_2.csv,1163,28,"KatherineA.Moos1 ""AssistantProfessorofEconomics;UniversityofMassachusettsAmherst"" """" ""September18;2017"" """" Abstract """" ""Inthispaper;Iexaminethetrendso"
T00603,TM_[2017] Moos - Neoliberal Distributive Policy US Net Social Wage in the 21st Century,[2025.10.02] page_004_table_01_pymupdf_text_analysis.csv,173,3,"""workers; favoring corporations over households."";1;But how does the political economy minus labor taxes.;2;""Shaikh and Tonak found that between 1952 "
T00604,TM_[2017] Moos - Neoliberal Distributive Policy US Net Social Wage in the 21st Century,[2025.10.02] page_005_table_01_pymupdf_text_analysis.csv,275,4,"""(Blyth 2002; 173)."";3;""According to Reagan and his supporters; social programs created in"" ""ments; which cannot operate at a deﬁcit."";4;""By Reagan’s "
T00605,TM_[2017] Moos - Neoliberal Distributive Policy US Net Social Wage in the 21st Century,[2025.10.02] page_006_table_01_pymupdf_text_analysis.csv,69,3,TotalLaborBenefits;=;E;1 +;E;2;⇤;LS TotalLaborTaxes;=;T;1 +;T;2;⇤;LS 
T00606,TM_[2017] Moos - Neoliberal Distributive Policy US Net Social Wage in the 21st Century,[2025.10.02] page_007_table_01_pymupdf_text_analysis.csv,155,3,"1999.;7;""As illustrated by Figure 1; the NSW follows the same pattern in both sets of data."" 7;""See “A Guide to the NIPAs."""""";http://www.ciser.cornell"
T00607,TM_[2017] Moos - Neoliberal Distributive Policy US Net Social Wage in the 21st Century,[2025.10.02] page_008_table_01_pdfplumber_strategy_2.csv,395,18,;Authors;Min;Median;Mean;Max ;;;;; ;ShaikhandTonak;-0.021;-0.002;-0.000;0.029 ;;;;; ;Moos;-0.012;0.01;0.011;0.037 ;;;;; Com;parisonofSummary;Statistic
T00608,TM_[2017] Moos - Neoliberal Distributive Policy US Net Social Wage in the 21st Century,[2025.10.02] page_009_table_01_pymupdf_text_analysis.csv,172,3,Figure 3 compares the share of the major components of labor beneﬁts.;8;The share that component of the net social wage in terms of GDP.;9;The growing
T00609,TM_[2017] Moos - Neoliberal Distributive Policy US Net Social Wage in the 21st Century,[2025.10.02] page_010_table_01_pdfplumber_strategy_2.csv,1331,21,"""ing to the net social wage data; we will analyze the programs designed to support these"" twogroups.10 """" 4.1.1 SupportforSeniors """" In order to under"
T00610,TM_[2017] Moos - Neoliberal Distributive Policy US Net Social Wage in the 21st Century,[2025.10.02] page_012_table_01_pdfplumber_strategy_2.csv,1386,23,"tocloseto800billionin2010.; ""The growth of old-age spending is not surprising. As life expectancy increases;"";the ""olderpopulationgrows;andsowillspend"
T00611,TM_[2017] Moos - Neoliberal Distributive Policy US Net Social Wage in the 21st Century,[2025.10.02] page_013_table_01_pdfplumber_strategy_2.csv,1467,21,ofincomesupportforlow-incomehouseholdshaveincreasedasashareofGDPsteadily sincethemid-1960sand1970swhentheprogramswereexpandedandcreated. Medicare and 
T00612,TM_[2017] Moos - Neoliberal Distributive Policy US Net Social Wage in the 21st Century,[2025.10.02] page_014_table_01_pdfplumber_strategy_2.csv,1364,22,"federalfundstostateswhichprovidehealthinsurancecoverageforlow-incomechildren. """" Figure6: MajorLow-IncomePrograms/GDP """" 4.1.3 TaxExpendituresandRefun"
T00613,TM_[2017] Moos - Neoliberal Distributive Policy US Net Social Wage in the 21st Century,[2025.10.02] page_016_table_01_pdfplumber_strategy_2.csv,3270,41,"WhiletheEconomicGrowthandTaxReliefandReconciliationActof2001(EGTRRA) ""isoftenassociatedwithitsreductionsincapitalgains;estate;andgifttaxesforthewealth"
T00614,TM_[2017] Moos - Neoliberal Distributive Policy US Net Social Wage in the 21st Century,[2025.10.02] page_017_table_01_pdfplumber_strategy_2.csv,1348,22,"""credits; on the other hand; are paid to tax filers that have no tax liability as a tax refund."" This type of tax spending tends to quell critics of t"
T00615,TM_[2017] Moos - Neoliberal Distributive Policy US Net Social Wage in the 21st Century,[2025.10.02] page_018_table_01_pdfplumber_strategy_2.csv,3475,42,"""ance for elderly and low-income populations; Medicare and Medicaid; respectively; are"" ""large components of the spending on income support. In fact; "
T00616,TM_[2017] Moos - Neoliberal Distributive Policy US Net Social Wage in the 21st Century,[2025.10.02] page_019_table_01_pdfplumber_strategy_2.csv,3262,42,"ousreformssuchas: increasedspendingonprimarycare(andtheeliminationofco-pays ""for preventive services; including immunization) for Medicare and Medicai"
T00617,TM_[2017] Moos - Neoliberal Distributive Policy US Net Social Wage in the 21st Century,[2025.10.02] page_020_table_01_pdfplumber_strategy_2.csv,1312,20,benefitsandtaxationdeviatefromoneanotherinthe21stcentury. OneplausibleexplanationisthattheGreatRecessionwasunlikeotherperiodsofeco- nomic crisis in th
T00618,TM_[2017] Moos - Neoliberal Distributive Policy US Net Social Wage in the 21st Century,[2025.10.02] page_021_table_01_pdfplumber_strategy_2.csv,1392,22,"""relationshipisnotconsistentthroughouttheperiodofstudy. In1983and2010;theunem-"" ""ploymentlevelreachedahighof9.6percent;however;thesameunemploymentrate"
T00619,TM_[2017] Moos - Neoliberal Distributive Policy US Net Social Wage in the 21st Century,[2025.10.02] page_022_table_01_pdfplumber_strategy_2.csv,1401,20,"4.2.2 JoblessRecoveryandtheNetSocialWage """" TheeffectivenessandresponsivenessoftheU.S.safetynethasbeentestedduetotheGreat ""Recession. Automaticstabili"
T00620,TM_[2017] Moos - Neoliberal Distributive Policy US Net Social Wage in the 21st Century,[2025.10.02] page_023_table_01_pymupdf_text_analysis.csv,296,7,Variable;1983;2010 Ofﬁcial Unemployment Rate;9.6;9.6 Unemployment Intensity Measure;18.95;31.46 NSW/GDP;2.1;8.6 do not have meaningful access to the m
T00621,TM_[2017] Moos - Neoliberal Distributive Policy US Net Social Wage in the 21st Century,[2025.10.02] page_024_table_01_pdfplumber_strategy_2.csv,3291,43,"""10percentofearnerstookin50percentofallincome;whereasthetop1percentofincome"" earners gained 12.6 percent of all income (6). During Bill Clinton and Ge"
T00622,TM_[2017] Moos - Neoliberal Distributive Policy US Net Social Wage in the 21st Century,[2025.10.02] page_025_table_01_pdfplumber_strategy_2.csv,1502,22,ofthelaborsharedoesnotchangeourobservationsaboutthenetsocialwagedatainthis time period. While there are slight variations between the NSW/GDP series e
T00623,TM_[2017] Moos - Neoliberal Distributive Policy US Net Social Wage in the 21st Century,[2025.10.02] page_027_table_01_pymupdf_text_analysis.csv,273,4,"""2004; 245; Pierson 1996; 147)."";19;Another argument is that instead of cutting programs out- neoliberal ﬁscal policy appears;more;redistributive to w"
T00624,TM_[2017] Moos - Neoliberal Distributive Policy US Net Social Wage in the 21st Century,[2025.10.02] page_028_table_01_pdfplumber_strategy_2.csv,3223,42,need to think about the specific role that fiscal policy plays by redistributing resources betweenandamongclasses. We can understand the positive net 
T00625,TM_[2017] Moos - Neoliberal Distributive Policy US Net Social Wage in the 21st Century,[2025.10.02] page_029_table_01_pymupdf_text_analysis.csv,190,3,"working in low-wage jobs.;22;""They write; “In general; national social safety nets provide"" ""dency"""" on the state."";24;""The implicit claim is that as "
T00626,TM_[2017] Moos - Neoliberal Distributive Policy US Net Social Wage in the 21st Century,[2025.10.02] page_030_table_01_pdfplumber_strategy_2.csv,3257,41,"""of state redistribution; especially tax expenditures. Just as workers in low-wage jobs re-"" ""quire subsidies to make ends meet; the middle class is a"
T00627,TM_[2017] Moos - Neoliberal Distributive Policy US Net Social Wage in the 21st Century,[2025.10.02] page_031_table_01_pdfplumber_strategy_2.csv,2978,41,"""hand; the net social wage data demonstrates that this aspect of the neoliberal SSA is not"" ""less expensive for the state; but actually requires great"
T00628,TM_[2017] Moos - Neoliberal Distributive Policy US Net Social Wage in the 21st Century,[2025.10.02] page_032_table_01_pymupdf_text_analysis.csv,391,6,"Run of History’.’ In:;Journal of Economic Literature;""49.1 (2011); pp. 3–71."" Baumol’s cost disease? Evidence from the 50 states”. In:;Journal of Heal"
T00629,TM_[2017] Moos - Neoliberal Distributive Policy US Net Social Wage in the 21st Century,[2025.10.02] page_033_table_01_pdfplumber_strategy_2.csv,1732,40,"""OECD Publishing; 2005. Chap. 3: Increasing Financial Incentives to"";Work: The Role of In-WorkBenefits.; ; ""Esping-Andersen; Gøsta. The Three Worlds o"
T00630,TM_[2017] Moos - Neoliberal Distributive Policy US Net Social Wage in the 21st Century,[2025.10.02] page_034_table_01_pdfplumber_strategy_2.csv,1849,40,"TaxCuts.”CenteronBudgetandPolicyPriorities. Jan. 2013;.;; ;;; ""Hungerfold;ThomasL.andRebeccaThiess. “TheEarne"";dIncomeTa;cCreditandT;he ""Child Tax Cre"
T00631,TM_[2017] Moos - Neoliberal Distributive Policy US Net Social Wage in the 21st Century,[2025.10.02] page_035_table_01_pdfplumber_strategy_2.csv,1646,36,"""Shaikh;Anwar. “Wages;UnemploymentandSocialStructure: ANewPhillipsCurve”."" Global LocalEconomicReview17.2(2013). """" ""Shaikh; Anwar. “Who Pays for the "
T00632,TM_[2017] Moos - Neoliberal Distributive Policy US Net Social Wage in the 21st Century,[2025.10.02] page_001_table_01_pdfplumber_strategy_2.csv,1760,36,"""Moos; Katherine A."";;;;; ;;;;; Working Paper;;;;; ;;;;; Neoliberal redistributive policy: T;he U.;S. net s;ocia;l wag;e in ;;;;; the 21st century;;;;"
T00633,TM_[2017] Moos - Neoliberal Distributive Policy US Net Social Wage in the 21st Century,[2025.10.02] page_002_table_01_pdfplumber_strategy_2.csv,60,10,"by """" therine A. Mo """" king Paper 201 """" OF MASS """" AMHERST "
T00634,TM_[2017] Moos - Neoliberal Distributive Policy US Net Social Wage in the 21st Century,[2025.10.02] page_003_table_01_pdfplumber_strategy_2.csv,1163,28,"KatherineA.Moos1 ""AssistantProfessorofEconomics;UniversityofMassachusettsAmherst"" """" ""September18;2017"" """" Abstract """" ""Inthispaper;Iexaminethetrendso"
T00635,TM_[2017] Moos - Neoliberal Distributive Policy US Net Social Wage in the 21st Century,[2025.10.02] page_004_table_01_pdfplumber_strategy_2.csv,3339,44,"1 Introduction """" The United States is not known for an unwavering commitment to redistributive social ""spending. Considered the prototypical liberal "
T00636,TM_[2017] Moos - Neoliberal Distributive Policy US Net Social Wage in the 21st Century,[2025.10.02] page_004_table_01_pymupdf_text_analysis.csv,173,3,"""workers; favoring corporations over households."";1;But how does the political economy minus labor taxes.;2;""Shaikh and Tonak found that between 1952 "
T00637,TM_[2017] Moos - Neoliberal Distributive Policy US Net Social Wage in the 21st Century,[2025.10.02] page_005_table_01_pdfplumber_strategy_2.csv,3837,46,"""(Blyth 2002; 173).3 According to Reagan and his supporters; social programs created in"" the1930sundertheNewDealorinthe1960sand1970saspartoftheGreatSo"
T00638,TM_[2017] Moos - Neoliberal Distributive Policy US Net Social Wage in the 21st Century,[2025.10.02] page_005_table_01_pymupdf_text_analysis.csv,275,4,"""(Blyth 2002; 173)."";3;""According to Reagan and his supporters; social programs created in"" ""ments; which cannot operate at a deﬁcit."";4;""By Reagan’s "
T00639,TM_[2017] Moos - Neoliberal Distributive Policy US Net Social Wage in the 21st Century,[2025.10.02] page_006_table_01_pdfplumber_strategy_2.csv,2611,46,"derstand how the deviation in the net social wage data is affected by social spending on ""incomesupport;whichiscloselytiedtotaxpolicyandhealthcareinfl"
T00640,TM_[2017] Moos - Neoliberal Distributive Policy US Net Social Wage in the 21st Century,[2025.10.02] page_006_table_01_pymupdf_text_analysis.csv,69,3,TotalLaborBenefits;=;E;1 +;E;2;⇤;LS TotalLaborTaxes;=;T;1 +;T;2;⇤;LS 
T00641,TM_[2017] Moos - Neoliberal Distributive Policy US Net Social Wage in the 21st Century,[2025.10.02] page_007_table_01_pdfplumber_strategy_2.csv,2783,39,"""consideredtobenefitbothlaborandcapital;suchaseducation;health;recreation;natural"" ""resources; energy; and transportation. Shaikh and Tonak (2000) mul"
T00642,TM_[2017] Moos - Neoliberal Distributive Policy US Net Social Wage in the 21st Century,[2025.10.02] page_007_table_01_pymupdf_text_analysis.csv,155,3,"1999.;7;""As illustrated by Figure 1; the NSW follows the same pattern in both sets of data."" 7;""See “A Guide to the NIPAs."""""";http://www.ciser.cornell"
T00643,TM_[2017] Moos - Neoliberal Distributive Policy US Net Social Wage in the 21st Century,[2025.10.02] page_008_table_01_pdfplumber_strategy_1.csv,99,4,Authors;Min;Median;Mean;Max ShaikhandTonak;-0.021;-0.002;-0.000;0.029 Moos;-0.012;0.01;0.011;0.037 
T00644,TM_[2017] Moos - Neoliberal Distributive Policy US Net Social Wage in the 21st Century,[2025.10.02] page_008_table_01_pdfplumber_strategy_2.csv,395,18,;Authors;Min;Median;Mean;Max ;;;;; ;ShaikhandTonak;-0.021;-0.002;-0.000;0.029 ;;;;; ;Moos;-0.012;0.01;0.011;0.037 ;;;;; Com;parisonofSummary;Statistic
T00645,TM_[2017] Moos - Neoliberal Distributive Policy US Net Social Wage in the 21st Century,[2025.10.02] page_008_table_01_pymupdf_text_analysis.csv,281,9,Authors;Min;Median;Mean;Max Shaikh and Tonak;-0.021;-0.002;-0.000;0.029 Moos;-0.012;0.01;0.011;0.037 Variable;Min;Median;Mean;Max NSW;-13.18;54.87;212
T00646,TM_[2017] Moos - Neoliberal Distributive Policy US Net Social Wage in the 21st Century,[2025.10.02] page_008_table_02_pdfplumber_strategy_1.csv,176,6,Variable;Min;Median;Mean;Max NSW;-13.18;54.87;212.60;1288.00 RealNSW(2010dollars);-76.48;119.40;255.10;1288.00 NSW/GDP;-0.012;0.013;0.020;0.086 NSW/EC
T00647,TM_[2017] Moos - Neoliberal Distributive Policy US Net Social Wage in the 21st Century,[2025.10.02] page_009_table_01_pdfplumber_strategy_2.csv,2984,43,"4 The Net Social Wage in the 21st Century """" TherevisedandextendeddataoffersnewcomplexitytoourunderstandingoftheU.S.net ""socialwage. InFigure1;weseeth"
T00648,TM_[2017] Moos - Neoliberal Distributive Policy US Net Social Wage in the 21st Century,[2025.10.02] page_009_table_01_pymupdf_text_analysis.csv,172,3,Figure 3 compares the share of the major components of labor beneﬁts.;8;The share that component of the net social wage in terms of GDP.;9;The growing
T00649,TM_[2017] Moos - Neoliberal Distributive Policy US Net Social Wage in the 21st Century,[2025.10.02] page_010_table_01_pdfplumber_strategy_2.csv,1331,21,"""ing to the net social wage data; we will analyze the programs designed to support these"" twogroups.10 """" 4.1.1 SupportforSeniors """" In order to under"
T00650,TM_[2017] Moos - Neoliberal Distributive Policy US Net Social Wage in the 21st Century,[2025.10.02] page_012_table_01_pdfplumber_strategy_2.csv,1386,23,"tocloseto800billionin2010.; ""The growth of old-age spending is not surprising. As life expectancy increases;"";the ""olderpopulationgrows;andsowillspend"
T00651,TM_[2017] Moos - Neoliberal Distributive Policy US Net Social Wage in the 21st Century,[2025.10.02] page_013_table_01_pdfplumber_strategy_2.csv,1467,21,ofincomesupportforlow-incomehouseholdshaveincreasedasashareofGDPsteadily sincethemid-1960sand1970swhentheprogramswereexpandedandcreated. Medicare and 
T00652,TM_[2017] Moos - Neoliberal Distributive Policy US Net Social Wage in the 21st Century,[2025.10.02] page_014_table_01_pdfplumber_strategy_2.csv,1364,22,"federalfundstostateswhichprovidehealthinsurancecoverageforlow-incomechildren. """" Figure6: MajorLow-IncomePrograms/GDP """" 4.1.3 TaxExpendituresandRefun"
T00653,TM_[2017] Moos - Neoliberal Distributive Policy US Net Social Wage in the 21st Century,[2025.10.02] page_016_table_01_pdfplumber_strategy_2.csv,3270,41,"WhiletheEconomicGrowthandTaxReliefandReconciliationActof2001(EGTRRA) ""isoftenassociatedwithitsreductionsincapitalgains;estate;andgifttaxesforthewealth"
T00654,TM_[2017] Moos - Neoliberal Distributive Policy US Net Social Wage in the 21st Century,[2025.10.02] page_017_table_01_pdfplumber_strategy_2.csv,1348,22,"""credits; on the other hand; are paid to tax filers that have no tax liability as a tax refund."" This type of tax spending tends to quell critics of t"
T00655,TM_[2017] Moos - Neoliberal Distributive Policy US Net Social Wage in the 21st Century,[2025.10.02] page_018_table_01_pdfplumber_strategy_2.csv,3475,42,"""ance for elderly and low-income populations; Medicare and Medicaid; respectively; are"" ""large components of the spending on income support. In fact; "
T00656,TM_[2017] Moos - Neoliberal Distributive Policy US Net Social Wage in the 21st Century,[2025.10.02] page_019_table_01_pdfplumber_strategy_2.csv,3262,42,"ousreformssuchas: increasedspendingonprimarycare(andtheeliminationofco-pays ""for preventive services; including immunization) for Medicare and Medicai"
T00657,TM_[2017] Moos - Neoliberal Distributive Policy US Net Social Wage in the 21st Century,[2025.10.02] page_020_table_01_pdfplumber_strategy_2.csv,1312,20,benefitsandtaxationdeviatefromoneanotherinthe21stcentury. OneplausibleexplanationisthattheGreatRecessionwasunlikeotherperiodsofeco- nomic crisis in th
T00658,TM_[2017] Moos - Neoliberal Distributive Policy US Net Social Wage in the 21st Century,[2025.10.02] page_021_table_01_pdfplumber_strategy_2.csv,1392,22,"""relationshipisnotconsistentthroughouttheperiodofstudy. In1983and2010;theunem-"" ""ploymentlevelreachedahighof9.6percent;however;thesameunemploymentrate"
T00659,TM_[2017] Moos - Neoliberal Distributive Policy US Net Social Wage in the 21st Century,[2025.10.02] page_022_table_01_pdfplumber_strategy_2.csv,1401,20,"4.2.2 JoblessRecoveryandtheNetSocialWage """" TheeffectivenessandresponsivenessoftheU.S.safetynethasbeentestedduetotheGreat ""Recession. Automaticstabili"
T00660,TM_[2017] Moos - Neoliberal Distributive Policy US Net Social Wage in the 21st Century,[2025.10.02] page_023_table_01_pdfplumber_strategy_1.csv,109,5,Variable;1983;2010 OfficialUnemploymentRate;9.6;9.6 UnemploymentIntensityMeasure;18.95;31.46 NSW/GDP;2.1;8.6 
T00661,TM_[2017] Moos - Neoliberal Distributive Policy US Net Social Wage in the 21st Century,[2025.10.02] page_023_table_01_pdfplumber_strategy_2.csv,2544,44,"""Furthermore;householdsurveyconductedbytheBureauofLaborStatistics(BLS)found"" thatapproximately1millionpeoplehadbecomediscouragedfromlookingforajobeven"
T00662,TM_[2017] Moos - Neoliberal Distributive Policy US Net Social Wage in the 21st Century,[2025.10.02] page_023_table_01_pymupdf_text_analysis.csv,296,7,Variable;1983;2010 Ofﬁcial Unemployment Rate;9.6;9.6 Unemployment Intensity Measure;18.95;31.46 NSW/GDP;2.1;8.6 do not have meaningful access to the m
T00663,TM_[2017] Moos - Neoliberal Distributive Policy US Net Social Wage in the 21st Century,[2025.10.02] page_024_table_01_pdfplumber_strategy_2.csv,3291,43,"""10percentofearnerstookin50percentofallincome;whereasthetop1percentofincome"" earners gained 12.6 percent of all income (6). During Bill Clinton and Ge"
T00664,TM_[2017] Moos - Neoliberal Distributive Policy US Net Social Wage in the 21st Century,[2025.10.02] page_025_table_01_pdfplumber_strategy_2.csv,1502,22,ofthelaborsharedoesnotchangeourobservationsaboutthenetsocialwagedatainthis time period. While there are slight variations between the NSW/GDP series e
T00665,TM_[2017] Moos - Neoliberal Distributive Policy US Net Social Wage in the 21st Century,[2025.10.02] page_027_table_01_pdfplumber_strategy_2.csv,3367,43,"""port spending and a reduction in taxes. This does not appear to be a statistical artifact;"" ""causedbyanover-estimatedlaborshare;norexplainedsolelybyd"
T00666,TM_[2017] Moos - Neoliberal Distributive Policy US Net Social Wage in the 21st Century,[2025.10.02] page_027_table_01_pymupdf_text_analysis.csv,273,4,"""2004; 245; Pierson 1996; 147)."";19;Another argument is that instead of cutting programs out- neoliberal ﬁscal policy appears;more;redistributive to w"
T00667,TM_[2017] Moos - Neoliberal Distributive Policy US Net Social Wage in the 21st Century,[2025.10.02] page_028_table_01_pdfplumber_strategy_2.csv,3223,42,need to think about the specific role that fiscal policy plays by redistributing resources betweenandamongclasses. We can understand the positive net 
T00668,TM_[2017] Moos - Neoliberal Distributive Policy US Net Social Wage in the 21st Century,[2025.10.02] page_029_table_01_pdfplumber_strategy_2.csv,3495,44,Neoliberal fiscal policy is used to incentivize low-wage jobs through the increasing of in-work benefits (tax expenditures) and the decreasing of cash
T00669,TM_[2017] Moos - Neoliberal Distributive Policy US Net Social Wage in the 21st Century,[2025.10.02] page_029_table_01_pymupdf_text_analysis.csv,190,3,"working in low-wage jobs.;22;""They write; “In general; national social safety nets provide"" ""dency"""" on the state."";24;""The implicit claim is that as "
T00670,TM_[2017] Moos - Neoliberal Distributive Policy US Net Social Wage in the 21st Century,[2025.10.02] page_030_table_01_pdfplumber_strategy_2.csv,3257,41,"""of state redistribution; especially tax expenditures. Just as workers in low-wage jobs re-"" ""quire subsidies to make ends meet; the middle class is a"
T00671,TM_[2017] Moos - Neoliberal Distributive Policy US Net Social Wage in the 21st Century,[2025.10.02] page_031_table_01_pdfplumber_strategy_2.csv,2978,41,"""hand; the net social wage data demonstrates that this aspect of the neoliberal SSA is not"" ""less expensive for the state; but actually requires great"
T00672,TM_[2017] Moos - Neoliberal Distributive Policy US Net Social Wage in the 21st Century,[2025.10.02] page_032_table_01_pdfplumber_strategy_2.csv,2160,41,"""thecostsofMedicareandMedicaid(withoutincreasingtheactual“wage"""");neoliberaltax"" ""cuts and the growth of refundable tax credits; and the “intensity"""" "
T00673,TM_[2017] Moos - Neoliberal Distributive Policy US Net Social Wage in the 21st Century,[2025.10.02] page_032_table_01_pymupdf_text_analysis.csv,391,6,"Run of History’.’ In:;Journal of Economic Literature;""49.1 (2011); pp. 3–71."" Baumol’s cost disease? Evidence from the 50 states”. In:;Journal of Heal"
T00674,TM_[2017] Moos - Neoliberal Distributive Policy US Net Social Wage in the 21st Century,[2025.10.02] page_033_table_01_pdfplumber_strategy_2.csv,1732,40,"""OECD Publishing; 2005. Chap. 3: Increasing Financial Incentives to"";Work: The Role of In-WorkBenefits.; ; ""Esping-Andersen; Gøsta. The Three Worlds o"
T00675,TM_[2017] Moos - Neoliberal Distributive Policy US Net Social Wage in the 21st Century,[2025.10.02] page_033_table_01_pymupdf_text_analysis.csv,433,6,"""Esping-Andersen; Gøsta."";The Three Worlds of Welfare Capitalism.;Princeton University the Working Population: The Recent British Experience”. In:;Soc"
T00676,TM_[2017] Moos - Neoliberal Distributive Policy US Net Social Wage in the 21st Century,[2025.10.02] page_034_table_01_pdfplumber_strategy_2.csv,1849,40,"TaxCuts.”CenteronBudgetandPolicyPriorities. Jan. 2013;.;; ;;; ""Hungerfold;ThomasL.andRebeccaThiess. “TheEarne"";dIncomeTa;cCreditandT;he ""Child Tax Cre"
T00677,TM_[2017] Moos - Neoliberal Distributive Policy US Net Social Wage in the 21st Century,[2025.10.02] page_034_table_01_pymupdf_text_analysis.csv,515,8,"come.” In:;Economic Trends;(2012). ""Kotz; David M."";The Rise and the Fall of Neoliberal Capitalism.;""Harvard University Press;"" the Net Social Wage”. "
T00678,TM_[2017] Moos - Neoliberal Distributive Policy US Net Social Wage in the 21st Century,[2025.10.02] page_035_table_01_pdfplumber_strategy_2.csv,1646,36,"""Shaikh;Anwar. “Wages;UnemploymentandSocialStructure: ANewPhillipsCurve”."" Global LocalEconomicReview17.2(2013). """" ""Shaikh; Anwar. “Who Pays for the "
T00679,TM_[2017] Moos - Neoliberal Distributive Policy US Net Social Wage in the 21st Century,[2025.10.02] page_035_table_01_pymupdf_text_analysis.csv,515,8,"In:;Global Local Economic Review;17.2 (2013). Study.” In:;Social Research;70.2 (2003). In:;Political Economy and Contemporary Capitalism.;""Ed. by Heat"
T00680,TM_[2022] Karabacak & Tonak - The Net Social Wage in Turkey 1980-2019,[2025.10.02] table_selection_integrity.json,36853,1283,"{   ""groups"": [     {       ""page"": ""001"";       ""candidates"": [         {           ""file"": ""D:\\Arcanum\\Projects\\Shaikh Tonak\\TonakMoos\\[2022] K"
T00681,TM_[2022] Karabacak & Tonak - The Net Social Wage in Turkey 1980-2019,[2025.10.02] page_001_table_01_pdfplumber_strategy_2.csv,2926,54,";;;;;; Article;;;;;; ;;;;;; ;;;;;Rev;iew of Radical Political Economics ;;;;;;""2022; Vol. 54(4) 479 –500"" The Net So;cial;Wage in;Tu;""rkey;"";;© 2022 U"
T00682,TM_[2022] Karabacak & Tonak - The Net Social Wage in Turkey 1980-2019,[2025.10.02] page_002_table_01_pdfplumber_strategy_2.csv,2999,37,480;;;R;eview of Radical;Political Econo;mics 54(4) ;;;;;; Figure 1. Social wa;ge and economic c;risis in Eng;lish-language B;ooks.;; ;;;;;; circuits 
T00683,TM_[2022] Karabacak & Tonak - The Net Social Wage in Turkey 1980-2019,[2025.10.02] page_003_table_03_pymupdf_text_analysis.csv,392,5,"""social assistance programs; are the result; in the"";sphere of distribution;""; of the class struggle"" the;social wage;""; class struggle has become dom"
T00684,TM_[2022] Karabacak & Tonak - The Net Social Wage in Turkey 1980-2019,[2025.10.02] page_004_table_03_pymupdf_text_analysis.csv,205,3,"ference (;s;"") is; by definition; obtained by subtracting the sum of"";M;P;and;M;S;from the sales revenue (;M;′) of these sectors. The sum of;M;P;and;M"
T00685,TM_[2022] Karabacak & Tonak - The Net Social Wage in Turkey 1980-2019,[2025.10.02] page_005_table_01_pymupdf_text_analysis.csv,200,3,"capitalism develops. This distinction between;productive and unproductive activities;""; to which"" ""Marx; the very existence and the relative increase "
T00686,TM_[2022] Karabacak & Tonak - The Net Social Wage in Turkey 1980-2019,[2025.10.02] page_006_table_01_pymupdf_text_analysis.csv,117,3,posttax and expenditure wage) and the;nominal variable capital;(;v;) to the;effective variable capi- tal;(;v;eff;).; 
T00687,TM_[2022] Karabacak & Tonak - The Net Social Wage in Turkey 1980-2019,[2025.10.02] page_007_table_01_pdfplumber_strategy_2.csv,4200,53,"Karabacak a;nd Tonak;;;;485 ;;;;; ""capital (v);"";in other words;""; as (s/v). This kind o"";f calculation as;sumes a high;level of abstraction in which "
T00688,TM_[2022] Karabacak & Tonak - The Net Social Wage in Turkey 1980-2019,[2025.10.02] page_008_table_01_pymupdf_text_analysis.csv,324,5,"486;Review of Radical Political Economics 54(4); ""overestimates some of the key categories; such as GDP."";9;This situation may have caused a slight 10"
T00689,TM_[2022] Karabacak & Tonak - The Net Social Wage in Turkey 1980-2019,[2025.10.02] page_009_table_01_pdfplumber_strategy_2.csv,5035,64,"Karabacak and Tonak;;;;;;;;487 ;;;;;;;; ""Then; for the 2004–2"";019;""period; we re"";classified;those items for whi;ch;we foun;d the;functional classifi"
T00690,TM_[2022] Karabacak & Tonak - The Net Social Wage in Turkey 1980-2019,[2025.10.02] page_010_table_01_pdfplumber_strategy_2.csv,2116,53,a;ble;1. State;Taxes and Expendit;ures U;sed for Ca;lculating the N;et Social;Wage in;Turkey.; ;;;;;;;;;; u;blic;Expenditu;re (B);Lab;or Share;Tax;Cat
T00691,TM_[2022] Karabacak & Tonak - The Net Social Wage in Turkey 1980-2019,[2025.10.02] page_011_table_01_pdfplumber_strategy_2.csv,4292,58,"Karabacak and;Tonak;;;;;489 ;;;;;; In the seco;""nd group; w"";e classify the tax an;d nontax inco;me items (T ) p;aid by all se;ctions of ;;;;2;; the p"
T00692,TM_[2022] Karabacak & Tonak - The Net Social Wage in Turkey 1980-2019,[2025.10.02] page_012_table_01_pymupdf_text_analysis.csv,292,5,"490;Review of Radical Political Economics 54(4); ""expenditure benefiting the working class is 9.95 percent; and the taxes it paid 11.08 percent."";20; "
T00693,TM_[2022] Karabacak & Tonak - The Net Social Wage in Turkey 1980-2019,[2025.10.02] page_013_table_01_pdfplumber_strategy_2.csv,1877,57,"Karabacak a;nd Tonak;;;;;491 ;;;;;; Table 2. Be;nefits Received and Ta;xes Paid by W;orkers (as a;""percentage of GDP); 1980"";–2019.; ;;;;;; Years;Labo"
T00694,TM_[2022] Karabacak & Tonak - The Net Social Wage in Turkey 1980-2019,[2025.10.02] page_014_table_01_pdfplumber_strategy_2.csv,998,15,"492;;;;;;;Review of Radical P;olitical Econ;omics 54(4) ;;;;;;;;; Figure;7.;Benefit r;""atio; tax"";""ratio; and"";net soci;al wage ratio;(as a percentage"
T00695,TM_[2022] Karabacak & Tonak - The Net Social Wage in Turkey 1980-2019,[2025.10.02] page_015_table_01_pdfplumber_strategy_2.csv,2429,29,"Karabacak a;nd Tonak;;;;;;;493 ;;;;;;;; Figure 10.;The net s;ocial wage a;nd the ra;te of;unemployme;""nt; 2002–"";2019.; Source: Unem;ployment r;ates f"
T00696,TM_[2022] Karabacak & Tonak - The Net Social Wage in Turkey 1980-2019,[2025.10.02] page_016_table_01_pdfplumber_strategy_2.csv,4985,53,"494;;;Review;of Radical Political E;conomics 54(4) ;;;;; regarded as normal as;a result of the de;cline in em;ployme;""nt. However; 2002"";on there is a"
T00697,TM_[2022] Karabacak & Tonak - The Net Social Wage in Turkey 1980-2019,[2025.10.02] page_017_table_01_pdfplumber_strategy_2.csv,4551,53,"Karabacak a;nd Tonak;;;;;495 ;;;;;; benefits fro;m. So much so that;""; in 2019; when t"";he initial;budget appropri;ations relat;ed to guaran- tee paym"
T00698,TM_[2022] Karabacak & Tonak - The Net Social Wage in Turkey 1980-2019,[2025.10.02] page_018_table_01_pdfplumber_strategy_2.csv,5108,53,"496;;;Review;of Radical Politica;l Economics 54(4) ;;;;; neoliberal model li;mits the welfar;e state in fa;vor of the marke;t. On the one ha;""nd; fisc"
T00699,TM_[2022] Karabacak & Tonak - The Net Social Wage in Turkey 1980-2019,[2025.10.02] page_019_table_01_pdfplumber_strategy_2.csv,3485,56,Karabacak and Tonak;;;;;497 ;;;;; contributes to demolishi;ng the myth that th;e AKP is p;ro-poor and pro-la;bor and;that its fiscal policies have bee
T00700,TM_[2022] Karabacak & Tonak - The Net Social Wage in Turkey 1980-2019,[2025.10.02] page_020_table_01_pymupdf_text_analysis.csv,1328,17,498;Review of Radical Political Economics 54(4); In;Türkiye’de 1980 Sonrası Maliye Politikaları;[Post-1980 Fiscal Policies in Turkey]. XVI. Türkiye Ba
T00701,TM_[2022] Karabacak & Tonak - The Net Social Wage in Turkey 1980-2019,[2025.10.02] page_021_table_01_pymupdf_text_analysis.csv,1142,13,———. 2020b.;Genel Yönetim Bütçe Gelirleri Ekod4;[General Administration Budget Revenues ECode 4]. ———. 2020c.;Merkezi Yönetim Bütçe İstatistikleri;[Ce
T00702,TM_[2022] Karabacak & Tonak - The Net Social Wage in Turkey 1980-2019,[2025.10.02] page_022_table_01_pdfplumber_strategy_2.csv,1931,29,500;;;;Re;view of;Radical;Political;Economics 54(4) ;;;;;;;; ———. 2;006. Nation;al account data;1980–1997. St;atistical I;ndicator;s 1923–;2005. N;o. 
T00703,TM_[2022] Karabacak & Tonak - The Net Social Wage in Turkey 1980-2019,[2025.10.02] page_001_table_01_pdfplumber_strategy_2.csv,2926,54,";;;;;; Article;;;;;; ;;;;;; ;;;;;Rev;iew of Radical Political Economics ;;;;;;""2022; Vol. 54(4) 479 –500"" The Net So;cial;Wage in;Tu;""rkey;"";;© 2022 U"
T00704,TM_[2022] Karabacak & Tonak - The Net Social Wage in Turkey 1980-2019,[2025.10.02] page_001_table_01_pymupdf_text_analysis.csv,345,5,"Yakup Karabacak;1;and E. Ahmet Tonak;2 ""article; that of"";social wage;""; which used to denote government expenditure; in monetary form or""; ""was later"
T00705,TM_[2022] Karabacak & Tonak - The Net Social Wage in Turkey 1980-2019,[2025.10.02] page_001_table_02_pymupdf_text_analysis.csv,196,3,"""literature; we redefine"";social wage;in the form of the;net social wage;in the framework of the 1099509;RRP;XXX10.1177/04866134221099509Review of Rad"
T00706,TM_[2022] Karabacak & Tonak - The Net Social Wage in Turkey 1980-2019,[2025.10.02] page_002_table_01_pdfplumber_strategy_2.csv,2999,37,480;;;R;eview of Radical;Political Econo;mics 54(4) ;;;;;; Figure 1. Social wa;ge and economic c;risis in Eng;lish-language B;ooks.;; ;;;;;; circuits 
T00707,TM_[2022] Karabacak & Tonak - The Net Social Wage in Turkey 1980-2019,[2025.10.02] page_002_table_01_pymupdf_text_analysis.csv,238,4,"480;Review of Radical Political Economics 54(4); ""N-Gram; the frequency at which the concept"";social wage;was used in English-language books between 1"
T00708,TM_[2022] Karabacak & Tonak - The Net Social Wage in Turkey 1980-2019,[2025.10.02] page_002_table_02_pymupdf_text_analysis.csv,191,3,"immediately indicate the following tendencies:;social wage;""; having enjoyed more frequent use"" 1975–1985 is one in which not only social wage but;eco"
T00709,TM_[2022] Karabacak & Tonak - The Net Social Wage in Turkey 1980-2019,[2025.10.02] page_003_table_01_pdfplumber_strategy_2.csv,4023,50,Karabacak and Tona;k;;;;481 ;;;;; contributions to th;e theory of th;e capitalist state in;the aftermat;h of the;Poulantzas-Miliband debate and the co
T00710,TM_[2022] Karabacak & Tonak - The Net Social Wage in Turkey 1980-2019,[2025.10.02] page_003_table_01_pymupdf_text_analysis.csv,204,3,relationship between a gradual rise in the;social wage;as well as that in real wages and the crisis eration taxes as well. In their;Politics and Socie
T00711,TM_[2022] Karabacak & Tonak - The Net Social Wage in Turkey 1980-2019,[2025.10.02] page_003_table_02_pymupdf_text_analysis.csv,196,3,increase in the;social wage;(or the;citizen wage;) to rising unemployment and the decline in wage revenue.;2;They also point out that the very increas
T00712,TM_[2022] Karabacak & Tonak - The Net Social Wage in Turkey 1980-2019,[2025.10.02] page_003_table_03_pymupdf_text_analysis.csv,392,5,"""social assistance programs; are the result; in the"";sphere of distribution;""; of the class struggle"" the;social wage;""; class struggle has become dom"
T00713,TM_[2022] Karabacak & Tonak - The Net Social Wage in Turkey 1980-2019,[2025.10.02] page_004_table_01_pdfplumber_strategy_2.csv,3857,48,482;;;;Review of;Radical Polit;ical Eco;nomics 54(4) ;;;;;;; Figure 2. Ca;pitalist produc;tion—the “mix;ed economy.;”;;; ;;;;;;; 3. Circuit;s of Capit
T00714,TM_[2022] Karabacak & Tonak - The Net Social Wage in Turkey 1980-2019,[2025.10.02] page_004_table_01_pymupdf_text_analysis.csv,153,3,"482;Review of Radical Political Economics 54(4); categories of the Marxist labor theory of value.;5;""In real life; capitalist economies do not exist i"
T00715,TM_[2022] Karabacak & Tonak - The Net Social Wage in Turkey 1980-2019,[2025.10.02] page_004_table_02_pymupdf_text_analysis.csv,200,3,"have been sold.;6;Marx defines this difference in the quantity of money appropriated as the;money form of surplus value;(;s;""). Expressing this quanti"
T00716,TM_[2022] Karabacak & Tonak - The Net Social Wage in Turkey 1980-2019,[2025.10.02] page_004_table_03_pymupdf_text_analysis.csv,205,3,"ference (;s;"") is; by definition; obtained by subtracting the sum of"";M;P;and;M;S;from the sales revenue (;M;′) of these sectors. The sum of;M;P;and;M"
T00717,TM_[2022] Karabacak & Tonak - The Net Social Wage in Turkey 1980-2019,[2025.10.02] page_004_table_04_pymupdf_text_analysis.csv,207,3,"stant capital (;c;""); is the fund that is invested in order to replenish the means of production con-"" ""exclusively of the activity of production; tha"
T00718,TM_[2022] Karabacak & Tonak - The Net Social Wage in Turkey 1980-2019,[2025.10.02] page_005_table_01_pdfplumber_strategy_2.csv,2509,36,Karabacak and Tona;k;;;;;483 ;;;;;; Figure 3. Capitalist;product;ion and the state;—the “mixed;economy.”;; ;;;;;; Figure 4. Capitalist;product;ive and
T00719,TM_[2022] Karabacak & Tonak - The Net Social Wage in Turkey 1980-2019,[2025.10.02] page_005_table_01_pymupdf_text_analysis.csv,200,3,"capitalism develops. This distinction between;productive and unproductive activities;""; to which"" ""Marx; the very existence and the relative increase "
T00720,TM_[2022] Karabacak & Tonak - The Net Social Wage in Turkey 1980-2019,[2025.10.02] page_005_table_02_pymupdf_text_analysis.csv,203,3,transfer/spending activity) and the;nominal surplus value of productive companies;to the;effective; surplus value of these same companies;(;s;peff;). 
T00721,TM_[2022] Karabacak & Tonak - The Net Social Wage in Turkey 1980-2019,[2025.10.02] page_006_table_01_pdfplumber_strategy_2.csv,2293,33,484;;;Review of Ra;dical Political;Economi;cs 54(4) ;;;;;; Figure 5. State i;ntervention in profits.;;;;; ;;;;;; Figure 6. State i;ntervention in labo
T00722,TM_[2022] Karabacak & Tonak - The Net Social Wage in Turkey 1980-2019,[2025.10.02] page_006_table_01_pymupdf_text_analysis.csv,117,3,posttax and expenditure wage) and the;nominal variable capital;(;v;) to the;effective variable capi- tal;(;v;eff;).; 
T00723,TM_[2022] Karabacak & Tonak - The Net Social Wage in Turkey 1980-2019,[2025.10.02] page_006_table_02_pymupdf_text_analysis.csv,589,7,"labor is to show clearly how taxes and expenditures or transfers have an impact on;surplus value; and;variable capital;"". For even among Marxist write"
T00724,TM_[2022] Karabacak & Tonak - The Net Social Wage in Turkey 1980-2019,[2025.10.02] page_007_table_01_pdfplumber_strategy_2.csv,4200,53,"Karabacak a;nd Tonak;;;;485 ;;;;; ""capital (v);"";in other words;""; as (s/v). This kind o"";f calculation as;sumes a high;level of abstraction in which "
T00725,TM_[2022] Karabacak & Tonak - The Net Social Wage in Turkey 1980-2019,[2025.10.02] page_007_table_01_pymupdf_text_analysis.csv,196,3,"we investigate the conversion of the;nominal wages and salaries;of the working population into ""tive labor; it will vary solely in connection with the"
T00726,TM_[2022] Karabacak & Tonak - The Net Social Wage in Turkey 1980-2019,[2025.10.02] page_007_table_02_pymupdf_text_analysis.csv,210,4,in cash (;B;) and the amount of taxes (;T;) collected by the state out of wages and salaries. This; ±;NSW;=;B;–;T the;working class;or the;working pop
T00727,TM_[2022] Karabacak & Tonak - The Net Social Wage in Turkey 1980-2019,[2025.10.02] page_008_table_01_pdfplumber_strategy_2.csv,5113,55,486;;;R;eview of Radical;Political Eco;nomics 54(4) ;;;;;; magnitude of transf;ers between;the state;and those secti;ons of the popu;lation that d;o n
T00728,TM_[2022] Karabacak & Tonak - The Net Social Wage in Turkey 1980-2019,[2025.10.02] page_008_table_01_pymupdf_text_analysis.csv,324,5,"486;Review of Radical Political Economics 54(4); ""overestimates some of the key categories; such as GDP."";9;This situation may have caused a slight 10"
T00729,TM_[2022] Karabacak & Tonak - The Net Social Wage in Turkey 1980-2019,[2025.10.02] page_009_table_01_pdfplumber_strategy_2.csv,5035,64,"Karabacak and Tonak;;;;;;;;487 ;;;;;;;; ""Then; for the 2004–2"";019;""period; we re"";classified;those items for whi;ch;we foun;d the;functional classifi"
T00730,TM_[2022] Karabacak & Tonak - The Net Social Wage in Turkey 1980-2019,[2025.10.02] page_009_table_01_pymupdf_text_analysis.csv,499,6,"class. The first group (B;1;) comprises items of public expenditure that do not contribute in any In the second group (B;2;""); we brought together pub"
T00731,TM_[2022] Karabacak & Tonak - The Net Social Wage in Turkey 1980-2019,[2025.10.02] page_010_table_01_pdfplumber_strategy_2.csv,2116,53,a;ble;1. State;Taxes and Expendit;ures U;sed for Ca;lculating the N;et Social;Wage in;Turkey.; ;;;;;;;;;; u;blic;Expenditu;re (B);Lab;or Share;Tax;Cat
T00732,TM_[2022] Karabacak & Tonak - The Net Social Wage in Turkey 1980-2019,[2025.10.02] page_010_table_01_pymupdf_text_analysis.csv,784,19,Public Expenditure (B);Labor Share;Tax Category (T);Labor Share B;1;T;1 General public services;0;Social security premia;100 Defense;0;Unemployment i
T00733,TM_[2022] Karabacak & Tonak - The Net Social Wage in Turkey 1980-2019,[2025.10.02] page_010_table_02_pymupdf_text_analysis.csv,341,13,Fees;Ls; Fines;Ls; Property and enterprise revenues;Ls; T;3; Corporate income tax;0; Motor vehicle tax;0; Inheritance and gift taxes;0; Real estate ta
T00734,TM_[2022] Karabacak & Tonak - The Net Social Wage in Turkey 1980-2019,[2025.10.02] page_011_table_01_pdfplumber_strategy_2.csv,4292,58,"Karabacak and;Tonak;;;;;489 ;;;;;; In the seco;""nd group; w"";e classify the tax an;d nontax inco;me items (T ) p;aid by all se;ctions of ;;;;2;; the p"
T00735,TM_[2022] Karabacak & Tonak - The Net Social Wage in Turkey 1980-2019,[2025.10.02] page_011_table_01_pymupdf_text_analysis.csv,406,5,"""tax; entertainment tax; fire insurance tax; local administration tax revenues;"";17;other taxes not ""elsewhere classified; fees and fines; and propert"
T00736,TM_[2022] Karabacak & Tonak - The Net Social Wage in Turkey 1980-2019,[2025.10.02] page_012_table_01_pdfplumber_strategy_2.csv,4988,54,490;;;;Review of Rad;ical Political Econ;omics 54(4) ;;;;;; 5. Empirical;findings;;;;; ;;;;;; We present the r;esults reache;d in this stud;y in table
T00737,TM_[2022] Karabacak & Tonak - The Net Social Wage in Turkey 1980-2019,[2025.10.02] page_012_table_01_pymupdf_text_analysis.csv,292,5,"490;Review of Radical Political Economics 54(4); ""expenditure benefiting the working class is 9.95 percent; and the taxes it paid 11.08 percent."";20; "
T00738,TM_[2022] Karabacak & Tonak - The Net Social Wage in Turkey 1980-2019,[2025.10.02] page_013_table_01_pdfplumber_strategy_2.csv,1877,57,"Karabacak a;nd Tonak;;;;;491 ;;;;;; Table 2. Be;nefits Received and Ta;xes Paid by W;orkers (as a;""percentage of GDP); 1980"";–2019.; ;;;;;; Years;Labo"
T00739,TM_[2022] Karabacak & Tonak - The Net Social Wage in Turkey 1980-2019,[2025.10.02] page_013_table_01_pymupdf_text_analysis.csv,971,43,Years;Labor Benefit Ratio;Labor Tax Ratio;Net Social Wage Ratio 1980;5.77;6.19;−0.42 1981;5.19;5.85;−0.66 1982;5.00;5.35;−0.34 1983;4.93;6.17;−1.24 19
T00740,TM_[2022] Karabacak & Tonak - The Net Social Wage in Turkey 1980-2019,[2025.10.02] page_014_table_01_pdfplumber_strategy_2.csv,998,15,"492;;;;;;;Review of Radical P;olitical Econ;omics 54(4) ;;;;;;;;; Figure;7.;Benefit r;""atio; tax"";""ratio; and"";net soci;al wage ratio;(as a percentage"
T00741,TM_[2022] Karabacak & Tonak - The Net Social Wage in Turkey 1980-2019,[2025.10.02] page_015_table_01_pdfplumber_strategy_2.csv,2429,29,"Karabacak a;nd Tonak;;;;;;;493 ;;;;;;;; Figure 10.;The net s;ocial wage a;nd the ra;te of;unemployme;""nt; 2002–"";2019.; Source: Unem;ployment r;ates f"
T00742,TM_[2022] Karabacak & Tonak - The Net Social Wage in Turkey 1980-2019,[2025.10.02] page_016_table_01_pdfplumber_strategy_2.csv,4985,53,"494;;;Review;of Radical Political E;conomics 54(4) ;;;;; regarded as normal as;a result of the de;cline in em;ployme;""nt. However; 2002"";on there is a"
T00743,TM_[2022] Karabacak & Tonak - The Net Social Wage in Turkey 1980-2019,[2025.10.02] page_016_table_01_pymupdf_text_analysis.csv,197,3,"""In figure 11; using the surplus value ("";s;) and variable capital (;v;) data calculated by of the value added (;s;+;v;"") in favor of the working clas"
T00744,TM_[2022] Karabacak & Tonak - The Net Social Wage in Turkey 1980-2019,[2025.10.02] page_017_table_01_pdfplumber_strategy_2.csv,4551,53,"Karabacak a;nd Tonak;;;;;495 ;;;;;; benefits fro;m. So much so that;""; in 2019; when t"";he initial;budget appropri;ations relat;ed to guaran- tee paym"
T00745,TM_[2022] Karabacak & Tonak - The Net Social Wage in Turkey 1980-2019,[2025.10.02] page_018_table_01_pdfplumber_strategy_2.csv,5108,53,"496;;;Review;of Radical Politica;l Economics 54(4) ;;;;; neoliberal model li;mits the welfar;e state in fa;vor of the marke;t. On the one ha;""nd; fisc"
T00746,TM_[2022] Karabacak & Tonak - The Net Social Wage in Turkey 1980-2019,[2025.10.02] page_019_table_01_pdfplumber_strategy_2.csv,3485,56,Karabacak and Tonak;;;;;497 ;;;;; contributes to demolishi;ng the myth that th;e AKP is p;ro-poor and pro-la;bor and;that its fiscal policies have bee
T00747,TM_[2022] Karabacak & Tonak - The Net Social Wage in Turkey 1980-2019,[2025.10.02] page_020_table_01_pdfplumber_strategy_2.csv,4347,57,"498;;;Review of Radical Political Economics 54(4) ;;; References;;; ;;; ""Akram-Lodhi; A"";. Haroon. 1996.;The public;finances of the United Kingdom: A "
T00748,TM_[2022] Karabacak & Tonak - The Net Social Wage in Turkey 1980-2019,[2025.10.02] page_020_table_01_pymupdf_text_analysis.csv,1328,17,498;Review of Radical Political Economics 54(4); In;Türkiye’de 1980 Sonrası Maliye Politikaları;[Post-1980 Fiscal Policies in Turkey]. XVI. Türkiye Ba
T00749,TM_[2022] Karabacak & Tonak - The Net Social Wage in Turkey 1980-2019,[2025.10.02] page_021_table_01_pdfplumber_strategy_2.csv,4664,57,Karabacak an;d Tonak;;;499 ;;;; ———. 2020;b. Genel Yönetim Bü;tçe Gelirleri Ekod4 [Gen;eral Ad;ministration Budget Revenues ECode 4]. Accessed;at: ttp
T00750,TM_[2022] Karabacak & Tonak - The Net Social Wage in Turkey 1980-2019,[2025.10.02] page_021_table_01_pymupdf_text_analysis.csv,1142,13,———. 2020b.;Genel Yönetim Bütçe Gelirleri Ekod4;[General Administration Budget Revenues ECode 4]. ———. 2020c.;Merkezi Yönetim Bütçe İstatistikleri;[Ce
T00751,TM_[2022] Karabacak & Tonak - The Net Social Wage in Turkey 1980-2019,[2025.10.02] page_021_table_02_pymupdf_text_analysis.csv,852,11,"capitalist state]. In;Kapital’in İzinde;""[In the Tracks of Das Kapital]; eds. Nail Satlıgan; Sungur Savran;"" to 1991–92.;Australian Journal of Social "
T00752,TM_[2022] Karabacak & Tonak - The Net Social Wage in Turkey 1980-2019,[2025.10.02] page_022_table_01_pdfplumber_strategy_2.csv,1931,29,500;;;;Re;view of;Radical;Political;Economics 54(4) ;;;;;;;; ———. 2;006. Nation;al account data;1980–1997. St;atistical I;ndicator;s 1923–;2005. N;o. 
T00753,TM_[2022] Karabacak & Tonak - The Net Social Wage in Turkey 1980-2019,[2025.10.02] page_022_table_01_pymupdf_text_analysis.csv,851,10,500;Review of Radical Political Economics 54(4);; ———. 2006. National account data 1980–1997.;Statistical Indicators 1923–2005;. No. 3047. Ankara:; ——
