2.094015414571874,0.7455024138967687,0.537832727719191,1.059043747596288,0.2250827253675285,0.25901763336261013,0.4395643774269278,0.37650158224384156,0.36747100753597367,0.3236436412698918,0.42545192739128607,0.42859023023617243,0.41210475909743327,1.1587823867806095,0.6167070449317652,0.5384455559187784,0.44382534002274787,0.514650569076348,0.5049309860358681,0.42625686459068024,0.42519035910029074,0.45350726976119543,0.4262465201347897,0.3558197546806579,0.3827746441380125,0.42743984553829095,0.41283483863749315,0.41702267943405463,0.47193979221847193,0.4610916622429799,0.37465267492663945,0.40842695154961484,0.8775032644196136,0.6354340330919948,0.40434635814200237,0.40946161402376946,0.3786220714335361,0.3034279830126287,0.3970280867277716,0.39417001872813684,0.39321076554160395,0.38983343140387294,0.40375281128616997,0.38231037815284313,0.4116584905193278,0.40864776683249676,0.40419286404080684,0.4046380303536538,0.41205397380090414,0.3966534002188766,0.4207207231642052,0.4115051727445378,0.40230202068117,0.41574062408479073,0.41062767117283094,0.4278081666855309,0.42682283702153134,0.393813166991306,0.39188499449955416,0.4061442923344378,0.405430600117814,0.4158661284200955,0.38889673881955317,0.39658512191228934,0.40394987389254833,0.44399229586600963,0.4791588609116594,0.43160726244160286,0.5011747826443179,0.4923379686531081,0.5647977259833157,0.4686272844064725,0.45582070724650087,0.4223965635171744,0.4404965861364654,0.4678798365984605,0.5041869600592948,0.5625774084851465,0.43656988882799885,0.0,0.6511587550068495,0.40475046893191047,0.3251206135889731,0.0,0.0
1.3229447045653844,1.812847340315435,0.7198753749857869,1.5541642331824839,0.28155033494326825,0.32336209240478997,0.5504107873916043,0.4712517675857778,0.4582784717057424,0.40207354393569766,0.5423810772224923,0.533698795606033,0.5101727188121483,1.0037810032068717,1.2542700251432752,0.87390775270341,0.5651897438693011,0.7702248868089212,0.7578816680179591,0.5962079352889307,0.569285099226459,0.5916997976273849,0.5389015992616233,0.4481957600819693,0.4799565557072803,0.5330733695652699,0.5032143398841333,0.5117939258709552,0.561997750197207,0.5458881064654758,0.468260650148232,0.5149223189231618,0.7780660599099087,0.66940595311157,0.507292897305032,0.5103432913591317,0.4729182173937798,0.3796710531753908,0.49453864229814315,0.4913189986046844,0.48997256156299124,0.48618496117130805,0.5016935963440966,0.47640730076469895,0.5116540549714167,0.5078717942442165,0.5023678147585969,0.5021191745258596,0.5115305242450667,0.4926946928063963,0.5180452559299419,0.5118176935985153,0.49758939904216837,0.5190505972905866,0.5096932800910698,0.5305761908516254,0.5288026069256007,0.489539398244171,0.4918941555302941,0.5055848314197958,0.5067132071993291,0.515968072853526,0.4833255047582357,0.4985357936238223,0.5038047453485266,0.5578087846619793,0.5886828789567269,0.5491358928341772,0.6221597348656778,0.6213191793510886,0.7114859063807172,0.5928876498023247,0.576187065616684,0.5225922689673849,0.5514832639408046,0.5697253750550696,0.6130238669831709,0.8877048943835616,0.5461634576021025,0.0,0.6953115573784181,0.5063524616907449,0.41865958893247535,0.0,0.0
0.05985990046935164,0.058858649553624305,1.0599161560962842,0.059365000214521964,0.03120391117122062,0.03489865587745205,0.06527848106598313,0.0474148379465491,0.050015082071702376,0.043962994133539476,0.08122356919634556,0.07284577284613654,0.05666301271714434,0.06394528333308123,0.06136883989074933,0.05604507140790757,0.048650660928207405,0.08016536708293126,0.05802273394875267,0.28956607436236165,0.2009160970898982,0.10999153603447019,0.08763349100320797,0.07955760865178275,0.07468437837955576,0.06930558726950989,0.05747028685952892,0.05929027159260571,0.06186770727118731,0.05922430973943669,0.04841538434960777,0.05504792238061741,0.0596127375004773,0.06417950716722515,0.06994075587452567,0.058595227420508524,0.05292400835385114,0.04186065961984545,0.05548959839254308,0.055815097528875285,0.05673713655866174,0.05739370380739813,0.05556795711286168,0.05345037816566919,0.05683545908308685,0.056212835075029687,0.05554501647958156,0.05730908152091244,0.0569650132006197,0.05355975936775478,0.056859977012132114,0.059249021709615546,0.055440497703365524,0.05946248551461511,0.05777215711328388,0.061662500282698936,0.05965451694921491,0.05373033112844825,0.05447781566632302,0.057110745545165514,0.06623555834635265,0.056081098524162536,0.05543464183194003,0.06284797522298892,0.0549698977333168,0.06261479975654367,0.061976367245481445,0.06121787715850632,0.06412971193678828,0.06289135386084346,0.06591571153632018,0.06257023915314545,0.06468052843226653,0.058142014072674005,0.05939841934270505,0.05939724748189347,0.0643470764612802,0.05475720290474071,0.06755707191016332,0.0,0.06083318265655516,0.07040520285524138,0.04509436223749467,0.0,0.0
0.17199465079670923,0.17057300504873402,0.09810513826483655,1.161788307833792,0.03365542565938793,0.03884365673988315,0.06645783755387687,0.05568980062399885,0.05522713685496739,0.048415153474677904,0.06576459026027685,0.06529860471729348,0.061608411422029524,0.12052505161623008,0.1243981840285396,0.09270848377144324,0.0650083561353758,0.08507230518952366,0.08321132295983337,0.07418655264588095,0.07026478323972399,0.0706922208719723,0.0653191333029195,0.05421803776005313,0.05810007481106643,0.06381977610501478,0.06033466921852864,0.06138176842944798,0.06737376464846184,0.06568901811233906,0.05556473605451583,0.06109311331740893,0.09484421061778693,0.08022863355997278,0.06130187552652453,0.061393403229498246,0.0570910010084126,0.0457887354082446,0.059823068509258504,0.05940691670753613,0.059175486984027775,0.058771764360415125,0.060675449886253764,0.05951430166237842,0.061945487915477625,0.06140612725472164,0.060626584355609164,0.060713201498818335,0.06192845560942122,0.05946330363162736,0.06274001968962425,0.061971371306422364,0.06006641974685901,0.06257176350421134,0.06180457050161275,0.06409269672479241,0.06393669313755894,0.05903769079162547,0.059211901392904574,0.06105219710855415,0.06146341440959928,0.06206443299215614,0.058256010710436255,0.05980970526557556,0.06044705742948762,0.06652243447920667,0.07112241672874751,0.06554236002053211,0.07940514104030426,0.07302683570251207,0.08281878851634994,0.07049723356675071,0.0684293380323186,0.0629587901544491,0.0666682840634979,0.07020598318122165,0.07306855552108416,0.09396180813731154,0.06632524664472435,0.0,0.08269945455937922,0.06078089253454682,0.04962982816485397,0.0,0.0
0.09482184113044351,0.09551794021994131,0.06573553064565688,0.09583818056488197,1.14408205141769,0.0975870791611984,0.11869964609736966,0.07997243044620929,0.09850243943367752,0.08821535467314183,0.12111280097051973,0.11604729225380515,0.12192199885968127,0.09307211094447963,0.09472907507131646,0.09229003083997825,0.07986120248631355,0.09303622300923792,0.09205613826649586,0.07890428941745668,0.09554827631207923,0.10666243499348504,0.12946869559998947,0.07829048925964338,0.08480026846735157,0.08986809334114218,0.10998011283413049,0.10269312050283169,0.10187781888081464,0.11061036428637276,0.08327526728000625,0.09307355496245126,0.0902379114807804,0.09248900836511828,0.09341319762844372,0.10147392754028087,0.24691253854532283,0.0944816600550901,0.20027143839254188,0.1672457493949694,0.160585731369478,0.1572150762416095,0.1492780521076351,0.14327546545904277,0.16304247223133328,0.1464194623747708,0.14107835386419668,0.13839613510630064,0.14724584485509756,0.13540102735986992,0.11269169160958814,0.13434382700353767,0.12731686350033686,0.13254714887296998,0.12692361248254466,0.113211854121267,0.11432903956940905,0.11864360220196404,0.13638368664138095,0.12900161666021134,0.1451439401847592,0.11347327428896183,0.09566936786546444,0.09763606908924027,0.0923288266950079,0.09906778857415725,0.09648871221271953,0.10329872572307769,0.10016887566086766,0.09679456908209771,0.10494765327655785,0.1011782059542183,0.09609237069578641,0.1217361807406612,0.11390891888308649,0.09237182963378911,0.10137548981866279,0.08870657288548611,0.11001308908082277,0.0,0.09249851819713226,0.08903399476320982,0.10998132051090379,0.0,0.0
0.09506573383153838,0.0964525450557268,0.06614273120029708,0.09652220299250887,0.1267045248500889,1.4444977769230882,0.11400190439435093,0.08086066361354231,0.09138524137649803,0.08259488439122276,0.1157315489097604,0.11843700708464124,0.14665250063298274,0.09067008558376315,0.09663633947614471,0.09422713129593899,0.08181435561956989,0.09546876571237398,0.09415279279696509,0.08009073581616392,0.08782920671873548,0.10383236094623795,0.11243745511723052,0.0797134543693361,0.08563329869045114,0.09284486245431495,0.11580504391212339,0.10663925297512596,0.10203417119317221,0.10689333598000882,0.0832306721563099,0.09584776148753214,0.09036041019598894,0.0938594794767375,0.09558380938959252,0.09977706932765255,0.11856625000071935,0.33824941757696936,0.11835470459548407,0.14444274029514223,0.14050191766030978,0.14069620255831022,0.13633649574047538,0.11269181778550628,0.12242936819692016,0.12411613924492335,0.13147264752419258,0.13605469576991147,0.13351620973759762,0.15500936146841984,0.12248786950585334,0.14123830250182356,0.15011584495493038,0.13368468538494196,0.14235419028274393,0.1304121785155009,0.13663270462713098,0.16012234421961632,0.11652897995092826,0.14231960818047482,0.12315046869485853,0.13289169148823107,0.11205165422162433,0.11209799127035762,0.09373658875683717,0.10693411442653386,0.10064087033969164,0.10358895379500883,0.10195388993144552,0.09918719649314095,0.10704504735335654,0.10565659481310455,0.09940321601180194,0.1346159504431392,0.1108205677737949,0.09559622384768236,0.10420104296171304,0.08848949778045381,0.11138266216921938,0.0,0.09345389208586502,0.09321816636461167,0.10777797998892867,0.0,0.0
0.23049402445699274,0.23038727713985255,0.15974717922389584,0.23128919538633375,0.13831117911003055,0.16468064284440892,1.9639551603059509,0.18969485408404685,0.23362127679580105,0.20750276097686074,0.25621286036412777,0.2522903356117076,0.24959270377305326,0.2234930673779681,0.23400421084247938,0.23609102899809026,0.2023163099955863,0.23604680304581596,0.23342752104493342,0.1928340041910751,0.21632867728447286,0.24081347916939067,0.2576533294921153,0.21801044273449846,0.22667673294603943,0.2321848848475594,0.24980186049053937,0.2587977833786882,0.24462941286069328,0.25276722621598435,0.1996284374196779,0.23303789155260513,0.22660760643308556,0.23151294158998104,0.24708676143171465,0.27823356777368036,0.34274344073093466,0.19399018126861362,0.31194848512040896,0.2832472367416111,0.27881945611309716,0.2734450143827012,0.27433793042764765,0.25996289001310124,0.2870871938672265,0.2682593947062787,0.26243492960163906,0.2597048645120816,0.2719595763817969,0.25767604040849734,0.24077275518526264,0.2612088476015536,0.25112860463803094,0.26223529110902316,0.256028744653651,0.247468041971976,0.24988525963852953,0.24129721463811155,0.2588891471021222,0.2561348577129158,0.2690730368749481,0.23888900345194078,0.22936025920642422,0.2206032205613446,0.22533556596440332,0.24113411543761254,0.23760191764791688,0.4022284119352745,0.25619415153762676,0.24446323244701204,0.25054216100384474,0.25051191436016723,0.24506207517703138,0.2524846688876811,0.2614907646847572,0.2285011458594495,0.252522620615973,0.25236877659339435,0.3370657365901049,0.0,0.2253289849969225,0.22750469628715847,0.20756965605254082,0.0,0.0
0.592158876041359,0.6196640565457061,0.41097026257783764,0.6081264954227806,0.30675408607054155,0.3583086639655642,0.6116853847124927,1.5190608672598465,0.5383967705898263,0.47492666892443147,0.5714052082166695,0.5983081527650989,0.535281505617422,0.5515761801471681,0.5875985048756329,0.5645450986789368,0.4759402078309511,0.5615173976928405,0.5531206050780829,0.4819846314246637,0.5147585327478955,0.5421416774126346,0.5420631930800661,0.46705158129908125,0.5067427853089663,0.5291838421292137,0.616827480356696,0.6005908091909631,0.5767220686918069,0.5974605681093439,1.2232316146289708,0.5330075530235993,0.5384521523624166,0.5424975958081133,0.5506110818751638,0.5787979842396046,0.530575508367109,0.4171410155264734,0.5447451703593995,0.5342314592968431,0.533871789574201,0.5247623649047306,0.5388353697940528,0.5065968959277257,0.5507954873619663,0.5365415956558053,0.5340058308503033,0.5318760847693881,0.5443617066045994,0.5367430798161805,0.5261916719746935,0.5390788041647736,0.5242385928894204,0.5409184300622483,0.5383942101957574,0.5417613045351698,0.5458476050805603,0.5174287866847523,0.5189108131650492,0.5359706934805347,0.5367930619037803,0.5183868446492862,0.5093920480609455,0.49374153613423793,0.6010885259743229,0.5641345533358048,0.5603170330967908,0.7811296162681747,0.6070560804039652,0.5825675668136063,0.6158051373677654,0.5973261768976057,0.5576009189790667,0.5460094592355622,0.5696277684489529,0.5395618451698913,0.5958475338304998,0.5534872388670059,0.6456810957928081,0.0,0.5677640534808209,0.5093451452914433,0.4292660623534325,0.0,0.0
0.08729993562364964,0.09110301301666633,0.058993509065609,0.08942358656619888,0.043727103975003824,0.05318512840630037,0.0897677274658664,0.06922457213285035,1.1149584608644507,0.10544521684261533,0.12264182339114749,0.11864861822224239,0.08397270255208991,0.0813121197540479,0.08634531896762226,0.08050477306503119,0.06782762498068078,0.08092681366663831,0.07971305579428813,0.06934715310324502,0.07464331731940899,0.08191640574504842,0.08553535097120722,0.0742174225521978,0.07742251452453948,0.08095758692319029,0.08354033486169238,0.08248018760496734,0.08544977663559662,0.08662432430921524,0.07530426751739316,0.07885830639569638,0.08013444186645081,0.08118770011858821,0.11933449930552356,0.25043962663376146,0.08926083693780937,0.06324205232751151,0.08797970920171443,0.086081139111535,0.08514657765653423,0.08409168587939964,0.08670691771458712,0.08133907467043895,0.08893350331644226,0.08558251348562056,0.08566490136134751,0.0839384252362355,0.09262055907920934,0.08797745574286711,0.08175172368130347,0.08524500618843535,0.08320211879774407,0.08562493763586704,0.08640265115213233,0.08526585315510302,0.08783260412984911,0.08207047035132611,0.08213310501119814,0.08471934851542107,0.08579294672833801,0.08094177501171579,0.08308204263738632,0.07476514944567451,0.08062853820358133,0.08991988272627072,0.08674775756409601,0.09215870489330172,0.08970440532113778,0.08818099177026362,0.09965803938824815,0.08803035316185427,0.08415161279658041,0.08507999034880896,0.08902938958209775,0.08416159498124845,0.09124094588235952,0.07966659904943886,0.10485016810032131,0.0,0.08084467383897828,0.0784695758951137,0.06597744925117048,0.0,0.0
0.05728536795099506,0.06251991325441351,0.038398390135540514,0.06016128009289826,0.02705455026508026,0.037784640839684684,0.056813993031429075,0.04125341085470585,0.049181161650172375,1.1855787562107987,0.05299260794993556,0.057264168291278714,0.05095639214757596,0.05264025997349108,0.060075219704204014,0.06506578225355589,0.05756923632918173,0.06176020488275145,0.06155640423570228,0.04503135409429211,0.04647332852651155,0.05438641437971924,0.05259701296718377,0.05094160409180218,0.051900795921872064,0.054301716816267644,0.12839509780913336,0.09757376459614493,0.07075760974984739,0.0884019395239257,0.0451813797287994,0.07151812172954225,0.06172498269107092,0.059395340669749976,0.05754329734082902,0.06386778996460822,0.04902030482331871,0.041102184021505964,0.05113536569138441,0.04953669196447683,0.05013734341461776,0.04994289019486961,0.05004030347965451,0.0478719938849237,0.05108438894614895,0.05038533044232757,0.049299177896789344,0.049580727532589394,0.050515952338801906,0.04842631584696527,0.049800350259556064,0.0517612247910735,0.05051753581924637,0.052822310583291884,0.053844960739416636,0.05291551137981026,0.05408513557796499,0.053661021336316284,0.05038055367864185,0.050574551018240835,0.050889392735170916,0.05014964473289931,0.05815032561186977,0.051245453035704026,0.04725266076116054,0.051796663342976154,0.05160903311272692,0.05171063556940122,0.05352416836977466,0.05267502113624582,0.05579928868833216,0.05634419084126855,0.05327631606286456,0.053200046806562526,0.05415976882280994,0.049618156923013065,0.055399459006494706,0.04959524300094337,0.055764470270623374,0.0,0.05017317764834865,0.05365544907680335,0.04078256383882287,0.0,0.0
0.0,0.0,0.0,0.0,0.0,0.0,0.0,0.0,0.0,0.0,1.0,0.0,0.0,0.0,0.0,0.0,0.0,0.0,0.0,0.0,0.0,0.0,0.0,0.0,0.0,0.0,0.0,0.0,0.0,0.0,0.0,0.0,0.0,0.0,0.0,0.0,0.0,0.0,0.0,0.0,0.0,0.0,0.0,0.0,0.0,0.0,0.0,0.0,0.0,0.0,0.0,0.0,0.0,0.0,0.0,0.0,0.0,0.0,0.0,0.0,0.0,0.0,0.0,0.0,0.0,0.0,0.0,0.0,0.0,0.0,0.0,0.0,0.0,0.0,0.0,0.0,0.0,0.0,0.0,0.0,0.0,0.0,0.0,0.0,0.0
1.1798644540615506,1.1883624536729664,0.8035790183949107,1.1874955854595537,0.6181342086990376,0.6989822515135635,1.1654676629224912,1.0110368067235502,0.9797111750695476,0.8797227811732216,1.0901383083509495,2.093360391259158,1.0589679165376438,1.0925446189191346,1.142535506460074,1.0711429636720042,0.9015976325629782,1.0950064045536108,1.0682145313360736,0.9287172638501019,1.0004473801041167,1.0630042797505879,1.0671502738390966,0.8802297895279863,0.9696833759682882,1.0769233879594602,1.0239023286407123,1.0503399981111807,1.0909539030288846,1.0760112737259424,1.0080712975857435,0.9989851883209182,1.0352457048072725,1.0640632046907212,1.0534468089104476,1.081810760220839,1.032169848617284,0.8046916856706884,1.0624582506528615,1.0433077689016645,1.0361392543436565,1.0224773083258805,1.055081044619339,0.994255044946889,1.0791309184386895,1.0588336310139723,1.060235673422067,1.0475762069512005,1.0755744647910985,1.0488618642922027,1.0575557481904163,1.0660198740734592,1.030577945715469,1.0712147652903334,1.057929388127442,1.0797966437728592,1.0862310415455358,1.0113888768233117,1.0230727933598154,1.0604749524825847,1.0481204506415849,1.0313348117158894,0.9901932150600586,0.973218535335329,1.1830491150682063,1.3588423715370415,1.2726509523968212,1.4040424918568857,1.281481777688754,1.2937713120639929,1.548756352251171,1.1925467943061951,1.1641117807884662,1.08973760612095,1.1818435068547652,1.2542892512442096,1.3406344101326924,1.0911454761427404,1.7219939448074018,0.0,1.1302442511365027,1.0119826172783044,0.8310783712821053,0.0,0.0
0.020686494597182643,0.02069554392181305,0.014617813948605483,0.02080657090832668,0.01130763266000465,0.013255681197846765,0.022574678629855714,0.017707829464350917,0.018947839300390186,0.016848634401425647,0.022748742399316617,0.022324793973876322,1.113632646237573,0.019831041861822617,0.021011354908606568,0.020469378135650813,0.017898269631648814,0.020844008677348973,0.020900910421207997,0.017425231057835222,0.01894266892814684,0.020920364252679968,0.02277686965792228,0.017322101579060504,0.019403346233286933,0.02224233835468502,0.021154050411106056,0.022360990710645273,0.02220740379603745,0.02160230797818244,0.018240712039093665,0.021081616919900355,0.019491284739315443,0.020804490397014604,0.021149432996691506,0.020798028930220737,0.021519911354138704,0.01776587307818634,0.022800504083003076,0.024048486667106364,0.023695025440910733,0.022585687260924275,0.030485361829984327,0.02751762319037433,0.0253069505378231,0.024724890418126914,0.026102979967802017,0.02774060396899868,0.030873151832481155,0.023490802282240413,0.03436185237207075,0.027545474590559657,0.03055088233104724,0.02676568006264253,0.02317917126359282,0.08856326152816825,0.04934320883489575,0.023813195707783143,0.024082926921073607,0.19731724295485434,0.02472946542863349,0.09407143388858623,0.02696376479826229,0.020372652792067673,0.022402465985349954,0.027406060234566453,0.02576033619627874,0.02133936710176694,0.02365768829791043,0.02240089719019327,0.022754630777479162,0.02508902234341887,0.023477704420591546,0.32026032348950595,0.023475626379156046,0.02089798895235789,0.02702498685069353,0.02000741188941503,0.02216473581571978,0.0,0.02266412277800984,0.02085281585268498,0.02780390297620919,0.0,0.0
0.7757633966388411,0.4799653782826806,0.3760588626176963,0.5610156311206679,0.21319762665070974,0.2523670233465544,0.42887895306441376,0.3431577416705299,0.36002989141520003,0.3222149259116382,0.4160060184800161,0.42806671009320907,0.41603426010525163,1.8355215103598306,0.480729067809102,0.4383390320115392,0.3818689651731117,0.4465780643803225,0.4349640021654557,0.36999514146742135,0.38962196014215045,0.4398305567287752,0.4176201253298832,0.3566870742207625,0.38250759995128486,0.4275795227625945,0.4294351325489461,0.4301769643680572,0.5091308465368392,0.503737385618447,0.3505540454255081,0.401038167118948,1.0226273129053256,0.6884890031410178,0.40220473989449157,0.4083536850327883,0.37429939484621844,0.3007277809047295,0.39452113021292196,0.39225643438663826,0.39142635031114253,0.38829361306308047,0.40409907273393897,0.38042546156009505,0.4114418146403587,0.40909240631637256,0.40238395049186904,0.40557417311558275,0.41315498280483426,0.3946297607979432,0.42921680932887035,0.41125216773005585,0.4076501893609142,0.41518428639015775,0.4122956106176639,0.43279629191726177,0.4301502207050897,0.3954053564542179,0.38835031197492936,0.4056814980003696,0.4036508892059726,0.4235253490849128,0.3903860479900337,0.3942801343256866,0.3955789145271616,0.43600937600314443,0.4623049430010045,0.42172847930026836,0.4990906370346385,0.46836510528567143,0.4690849395171507,0.45614574609295744,0.44858771911234546,0.4253640929418507,0.4300614756427031,0.44227152430182864,0.5089500309183976,0.5635213293189811,0.43048858598778594,0.0,0.8354349921331052,0.40480203630573036,0.3177456234919619,0.0,0.0
0.014583113671520409,0.0145172191535168,0.010273529945999943,0.014607788235941338,0.007671285138283019,0.009184488633761478,0.015745747672688784,0.012445530844681947,0.013218203776090258,0.011938182426498184,0.015169050883604495,0.01522592229489878,0.01607901987431214,0.014093370790487256,1.5938946237065927,0.01422464778605869,0.012272006336252956,0.015027949123266679,0.01459546595282651,0.012567672922297324,0.01380469291103991,0.014869362566361951,0.015185062399183859,0.012098802732099566,0.013414147110448547,0.015922129944069417,0.014589263866632472,0.014460034462736585,0.015468842630550747,0.015321403381784976,0.012610573939967349,0.014047795510918127,0.01377907725094605,0.01477224671388007,0.014746800436883895,0.0148561657130961,0.013872955633540601,0.01130264581659733,0.01449157104975912,0.014728159132282946,0.014651742513591583,0.014600081707748125,0.01534930026258244,0.014216109298257902,0.015579868395138311,0.015526925258422518,0.015315371885102347,0.01539721541881577,0.015761738738472846,0.014948528034623206,0.01695876872166528,0.015471064966140943,0.0158000516254187,0.015501120387444603,0.015480016190191011,0.016684097211382334,0.016507682167105204,0.014930794462189801,0.014322086799829159,0.015334977695385136,0.015097321896813476,0.016014844573739185,0.01441248836879134,0.014235056017023196,0.013945892172686478,0.016187289293237348,0.01788357071037383,0.015030590161531451,0.01783340678351182,0.017338577400135852,0.015889341216991124,0.016635234864192005,0.01653206470443982,0.015964418296000225,0.01567999157179628,0.016776340160836727,0.017838856865269825,0.013884017998074602,0.015461318438970707,0.0,0.04831197677908455,0.014709352799362703,0.014273944387049018,0.0,0.0
0.1751627038996544,0.17678006041886146,0.12905738862176855,0.18304847243584033,0.08812787900141715,0.11022185261832473,0.18812532005091664,0.1423575069147933,0.15822620231630918,0.13484360012145102,0.17991299337314706,0.17748917215721682,0.18763954687219986,0.16982506055396188,0.17880106795376063,2.0448466620433696,0.6247832607799118,1.376466778411587,1.4101819258735164,0.15151296394832248,0.16154005232107885,0.38401015663233057,0.21622582655533948,0.1775911480936033,0.18197539139327995,0.18236536884484994,0.16858449927478117,0.17764090657055148,0.18119222036899976,0.17538249844039722,0.14487330096036913,0.30773153687358545,0.16733494046239392,0.31873043538442597,0.1768339157689745,0.18199772695190056,0.1697307711914765,0.14762028771500632,0.17583890107616756,0.17738539646436743,0.17739316003062902,0.17785745545295173,0.18173158356573968,0.17382884379290056,0.18452094473157368,0.18898657515039885,0.18045306725088034,0.18294375775227484,0.18337212307893008,0.17480003262818333,0.18063658132399843,0.18390649507426318,0.17820771629608215,0.19583298213189576,0.18238408681009544,0.19581538303299603,0.18651590932741274,0.1864970750662705,0.21083286221889488,0.18653159440401082,0.18462103485853873,0.21533067689754878,0.17079324427407103,0.24140749017773463,0.16542542501006907,0.18332028795940145,0.19091001799118126,0.17156434998074951,0.19122197091488902,0.18922367618202907,0.18631781760408977,0.30798405130603806,0.18851738536521484,0.19203873703135713,0.20945840550101213,0.1810482531053511,0.20213689457104334,0.1613909520169476,0.17930252638885785,0.0,0.18795303903471058,0.19064229005041164,0.26523024394823297,0.0,0.0
0.07573569865319718,0.07708690452421935,0.06835835492201903,0.09228587612119304,0.036449195021378694,0.04364700730668543,0.07804816311331479,0.05877159438023414,0.06866865779203911,0.05611590843894532,0.07430644085988201,0.07341779818076083,0.07877374563082004,0.07109118537179308,0.07598184187737483,0.13737596492523138,1.2054710675891696,0.13336857295062907,0.23734302484256078,0.06660779389320319,0.06877528850922092,0.1157430722095726,0.11367588724928278,0.06720583797775849,0.07138957204271548,0.0759223940181965,0.06849961661932004,0.07388731493176941,0.07524926701006338,0.07194484388921399,0.059870022839942236,0.2181247084243711,0.0703190903379889,0.1259131767027216,0.0705768505082842,0.07458467079546213,0.06636755185006403,0.054436425123006,0.07182348540051303,0.06930545016055784,0.07102419474523498,0.07178541280652977,0.07378398096547292,0.07441094801899802,0.07619330599871661,0.07651707514526013,0.07265053367944352,0.07288589466905336,0.07262305374043027,0.06849421733424939,0.0743770049501643,0.07496696049446824,0.07173788849741455,0.08036307321687888,0.0753476770339932,0.07784667383145046,0.07439944364807571,0.08161111093923933,0.09085240534890007,0.07685572153006184,0.07490456110565259,0.07935956840261699,0.06938519098274364,0.08988191456527707,0.07132071380570718,0.07673745840404982,0.07998348225741264,0.07138956095059262,0.07884933169318738,0.08038923985511293,0.07654510087149065,0.09242648200779269,0.07863249672801649,0.07940411080376285,0.09516510022595724,0.07523364785576478,0.08208103825176351,0.06858622603052587,0.07505670088177027,0.0,0.07375366161652942,0.0767088350806281,0.06400000260554513,0.0,0.0
0.030930585370361578,0.030654635373120197,0.021641472295033246,0.030957189624048954,0.016124717076703668,0.019217971443464318,0.03333599841305715,0.025838700814541725,0.027884941471914906,0.024176053775638372,0.03266190393772778,0.03258268191241529,0.036543313946425605,0.03080347794569397,0.03098063998454957,0.035520354017809334,0.03335534405429471,1.4233911700340296,0.05205692346193742,0.03012790356409625,0.03080358389277777,0.034137295810148606,0.035922074822835826,0.027921753478800465,0.031466879657498094,0.030915191961320674,0.03024693526682009,0.03152109608816373,0.032692799894307824,0.03213479251924601,0.026467899409558467,0.03735982359318027,0.029280819077460312,0.048311462157330516,0.03467224259750675,0.03039922677279351,0.03214149397115259,0.025757123925301367,0.03258855554838153,0.03440018642605915,0.034536892857705184,0.034216975784241016,0.03540462744506704,0.03295546451266037,0.03585767577856812,0.03532596053365804,0.03599565540542306,0.03543073558723415,0.03611303472448579,0.03594951728911623,0.03616290030957789,0.03516648319477846,0.03500163827886956,0.035294242999125515,0.03556406282315829,0.036989334872446517,0.03761506506183294,0.03442100123592004,0.03358614741609514,0.037517789542373295,0.03547279186867535,0.04035100974964255,0.03231740478335046,0.033771679906371706,0.02953314786072866,0.031884576730126075,0.03272107734985446,0.03128907332274826,0.03624619134475554,0.032986810712705976,0.03517306421922148,0.06482595408639466,0.032909426804003716,0.03742135063213541,0.03476737788045634,0.03118639326181821,0.041878228540876125,0.028406492880716932,0.03345147556932505,0.0,0.03626984237266527,0.030707452403810665,0.03597479976576463,0.0,0.0
0.03880584389608097,0.03918093142691201,0.026074245634032055,0.038877029535841455,0.01782088121186307,0.02124079944105082,0.03591008731635707,0.028410919228885785,0.030476666838318168,0.02682760959835896,0.03506051364876969,0.03524326841253462,0.03440445405878372,0.038196699349401925,0.03799078612088437,0.044373535465064555,0.040234099909721856,0.07264072184462103,1.1301032871372372,0.03022152007142438,0.03204497253330167,0.0382274323128325,0.03709402835425166,0.033804659860858025,0.0348702758580433,0.0361845649172469,0.03821934286972768,0.03678426894882045,0.038214056797158356,0.0369909539481286,0.02929938037514648,0.03608058471916885,0.03828074577260067,0.03936977120724357,0.034213898674869576,0.03531329933633794,0.032047760548052286,0.026155355298356844,0.033425844131484805,0.033810837225310364,0.034057840873175226,0.03295487065266501,0.03477933808969882,0.03244591557046159,0.03496526482989595,0.03438774285707894,0.035297823043002705,0.03364862322977778,0.034563378746608156,0.03312846898063292,0.034306886532270056,0.03470221861866122,0.03336612723533805,0.035068371590913604,0.034350828796517796,0.03524496663130718,0.035076492474844935,0.03421033734931547,0.04993373501543577,0.03426689009411734,0.03496182851067865,0.035128540236563484,0.03311217061112146,0.034935230748938215,0.03416140484731761,0.03969342917003418,0.04334834702224287,0.034375759087810646,0.040090153818108445,0.042804442031738506,0.03828096426899451,0.07040882301620388,0.03962002437236171,0.03677795361664407,0.04599009427063168,0.03983161170146186,0.043829223259196644,0.03502306833676972,0.035761382079322376,0.0,0.040375272235598086,0.0353853498527539,0.03101006277585216,0.0,0.0
0.3693767052537847,0.3734741417712794,0.26299476856951426,0.3740978471374995,0.20080104987306155,0.22225595945391893,0.42126172053643535,0.30374864363145593,0.3196976895635185,0.27975724136195984,0.537385065588274,0.4757600425387243,0.3613734142211641,0.3561088985180684,0.3914915441745444,0.35339602991982344,0.3059984491047854,0.3638583652199148,0.3623527152956588,2.030978251098038,1.395788611599186,0.7412066359917451,0.582421543553467,0.5313502636540864,0.4937980207118145,0.451245117281652,0.34713821526887734,0.368425867354969,0.3900639653872889,0.3668133133196359,0.30940122731757413,0.34636452760860403,0.3429355959701467,0.39490834685893694,0.456309475922681,0.3755711206742482,0.3388272028239238,0.2670195853321385,0.3552514791555561,0.35773460680721386,0.36416041763442114,0.3691424898915389,0.35486141691150547,0.3421422358691149,0.3631677046881762,0.358765089550046,0.35485443001413747,0.3672805130756032,0.364047372328502,0.34150951213540526,0.3621090071948252,0.3803300729851932,0.353499740061736,0.3813670462772168,0.369119515162114,0.39548280553016407,0.38100009007184676,0.34147542345671333,0.34828041396035625,0.365363858419479,0.4309283888272615,0.3566288680173244,0.3531175763855272,0.4007591663774127,0.3519835714320641,0.40312847769113547,0.3961900625498316,0.3944708795054263,0.4095745762216451,0.4026608068289143,0.4236166123933091,0.3962531549265347,0.41664185524309383,0.37085954650317343,0.37981930752735776,0.3796954862540428,0.40945559184022084,0.34395697151118904,0.437905642062928,0.0,0.3575115381681021,0.4599746411937332,0.28774236797391445,0.0,0.0
0.027942777137170523,0.03160567703550175,0.017131226856756363,0.02960097421655583,0.01043185479622744,0.012153463640368891,0.020822924017594953,0.01637855273454297,0.017849867655532165,0.0153118183094274,0.021917780059685144,0.021788143075112513,0.021525958249130204,0.02688387845348966,0.03171647148997512,0.022607055034097098,0.017812307470099487,0.022118911258346002,0.02175287543480593,0.024685885109626732,1.083770264948472,0.022571188025126324,0.02232710111098831,0.018336482183978816,0.02021188420111288,0.02001389050969294,0.019163423439298572,0.01977350750836428,0.02105527614649829,0.02037598395318807,0.016743504406142206,0.018944478216211418,0.026525336610320593,0.023974869502288835,0.0341790843717015,0.02339867565198779,0.01878883162205,0.014583984864150981,0.02029651511588291,0.02140552225005606,0.02021374498265792,0.02061776677002356,0.019603757853738194,0.0190689281525482,0.020073691055684104,0.019859763290832645,0.019590474086440796,0.019894126197667426,0.020315995967157746,0.019079735139424802,0.020911915467014472,0.030005530517779717,0.019374496801318752,0.030463153965004396,0.020740935843298215,0.02098434156212745,0.021411219550543724,0.019029309843654627,0.019412169281666898,0.020064935310528824,0.020303275014978386,0.020450285969756423,0.018918244610211944,0.019508506705638744,0.020134286252981946,0.020414511202957838,0.020792889006385634,0.020279854342664265,0.025386489315557446,0.021250807657963545,0.02286046338223064,0.02173542814133916,0.02076247500074672,0.020946031581883958,0.02135143089787962,0.019993688419639558,0.02172613684240409,0.022644104538437758,0.02123808310060834,0.0,0.022622723742973007,0.01952181155686986,0.015874728148850704,0.0,0.0
0.010676909918542667,0.010695125040460622,0.007849112494513545,0.010818695860525826,0.005752616687939581,0.006582924407827296,0.011671530702218673,0.0089771170935315,0.009487363786835666,0.008340451447238415,0.02135802627229031,0.011960513117082117,0.01627299605234193,0.010271151445423836,0.010817460386932928,0.010452675797630422,0.012720117286654774,0.010883071087663988,0.015447807484404467,0.014834168428593046,0.023700650294824058,1.039243788231079,0.06692298873913993,0.009544363995639456,0.010092275682299045,0.01087165089132379,0.009963429618632728,0.010255781428081881,0.011111945566137702,0.01046091447939564,0.009141751326281408,0.010667244494321087,0.009901035404284306,0.011437154720282965,0.016592955840550302,0.010550092471175821,0.010560190004201239,0.008456158723705198,0.010869889347913752,0.013134856942226394,0.011423400761268576,0.013192279234176114,0.011675915095613044,0.010754478587767173,0.012028350662565171,0.011694908665401358,0.011474142474755904,0.01257866768925045,0.012865698958135661,0.010967223987466808,0.014604774767684903,0.014099806992909098,0.013237338247256404,0.01226648410729096,0.011797468073484576,0.06564763740194618,0.02844291577709709,0.011571659841062756,0.011847629639804706,0.016976528889632157,0.024642193047446855,0.01535746391961899,0.010924238646716362,0.01110089867579425,0.010685683608634082,0.016001153945301053,0.014599050546498031,0.011065621089682856,0.012458364523362946,0.011634594292744221,0.011925187738570478,0.015362278380765813,0.011915020584427812,0.019057748080814545,0.012012579950669146,0.010873095442484439,0.012025377577923234,0.009984170765848403,0.011681992066935465,0.0,0.011401406945003766,0.010604902072828406,0.012554162961689411,0.0,0.0
0.00799680435784716,0.008023181523699867,0.0057589434728778435,0.008051381479432913,0.004216886653279986,0.004841143238787717,0.008434353589836014,0.006733974824609252,0.006950760013181235,0.006136898069430268,0.014972696657801363,0.011009507951103299,0.010172956609988026,0.007550301109924686,0.007989921204836698,0.007511614366037298,0.006476554263783117,0.007888858517893517,0.011563784468116104,0.007638139743694994,0.009818635563568868,0.021730702661533076,1.0461790081046405,0.006774087237053883,0.007240769607145715,0.008795302034461626,0.007240081848483633,0.007454361194024558,0.007972721326514373,0.007621776473553436,0.006822908346711044,0.007507314869442893,0.007245545347921049,0.007715390200768117,0.007675143995859376,0.007701536784490585,0.00743278886319479,0.005862469122144806,0.007733959513754681,0.01078630348786926,0.007997092079780626,0.00955246545733548,0.008194333577279611,0.008531194981149539,0.008281878627686076,0.008975115837068193,0.008040532800826512,0.008068616906539062,0.008766453036177778,0.0077720259889143386,0.008675342036468074,0.009579948938212927,0.007959592511880229,0.009069899170523782,0.007857784458570103,0.009058939403420825,0.008357959269167695,0.007562358745610121,0.008286410057280686,0.013808480304938685,0.01618687486436639,0.015724181744383232,0.007504591455137819,0.00890031129134253,0.008050423048956437,0.008896354851990062,0.008659958790139545,0.00877069346669923,0.009258588296774074,0.008716811339895702,0.009510136067328983,0.0095657478912329,0.008701616144763532,0.01073799412504385,0.0086214094704148,0.008359307863116944,0.009229857729274043,0.007477592674342835,0.009901532288587776,0.0,0.008014518218209515,0.008292000939957248,0.006805903397444414,0.0,0.0
0.8532221552191974,0.8490789233508557,0.6454427493122848,0.8634154365085889,0.4253081946429256,0.5081554135563965,0.8796032766231693,0.6994088087633189,0.7769059353038859,0.6594107316504986,0.8886004627916902,0.8817941210363897,0.8462932265541723,0.8520652366056998,0.9802048602504173,0.8631303895776241,0.7677774380868159,0.8956863152791569,0.9013892205887701,0.7469739922694024,0.789550293767013,0.8910655137287112,0.8993261263546837,2.157719351543585,1.8174667089826364,1.4764743733676093,0.82968852831073,0.9526186529444112,1.0241624151275786,0.9103493662247533,0.7238633028678103,0.8587117552808998,0.8183796594032383,0.917235981493576,1.0211186552444422,0.9292074759435291,0.7762445904724745,0.6271217133092585,0.8424445909718464,0.8159315097431695,0.8294789306021666,0.8135818361621197,0.8377340634298177,0.7865848959690594,0.8427767798091049,0.8367953929687576,0.8179936949961042,0.8227254105817039,0.8475073798322398,0.797745339120968,0.8848531885956183,0.8650864484087912,0.8453464396394622,0.8983145778005723,0.8921026235231647,0.9088657878140741,0.915927985168927,0.826862640616145,0.8266543081333753,0.8358970259034917,0.8271508059929429,0.854575263773794,0.9338976500156986,0.9050308718062784,0.7965683028753826,0.9552190464747223,0.9633197474076158,0.8564049929651659,0.9905769295768219,1.0020608140311764,0.9220307794279082,0.9737768477874581,1.1740290614165623,0.870269891868615,0.8991636073392714,0.9008396300829513,0.9861749148457878,0.8147319740440973,0.8971985207362569,0.0,0.8417440752998676,1.5363796574891004,0.698140259857106,0.0,0.0
0.17325911988088574,0.16592880148324143,0.13029036448860504,0.176285678535269,0.08312499346471683,0.09972085020148302,0.1745353024461367,0.133616975841904,0.1536999970624515,0.12878663984700434,0.17597622852318467,0.17958445791851096,0.17771074569122575,0.18992081914063644,0.21033992671952867,0.1861552319379125,0.16003506751412674,0.19981066130153502,0.1983914217245087,0.15361636604016513,0.16216964243211762,0.21305282614932353,0.22477128185570924,0.19880359819327803,1.2453847262425064,0.19972307108332166,0.1713644994128267,0.18351698781828593,0.24716314224405542,0.19557584206518144,0.140258699807986,0.18189829045710673,0.1746658145559108,0.20525933852223285,0.36961709977866275,0.19231212573445272,0.15504689223736162,0.12625492691021573,0.184160394051008,0.17008960243692717,0.17985053449157581,0.16961036091374612,0.17663262728657506,0.16078440405679612,0.17012230665671244,0.17091471528304042,0.1651438094570803,0.1647529843835927,0.17213346038279154,0.15885021799242036,0.1766219006948206,0.1880357971865451,0.17598840552071354,0.1916248186829499,0.21968996164539997,0.19870485077111225,0.20239257358601942,0.18012841872751809,0.170477577082126,0.17358768586407114,0.16949809566331953,0.18694793431322024,0.1832839227889908,0.23208378769424473,0.15502192007480647,0.17525454859138928,0.18129772205109207,0.16593450450228317,0.19454620378444518,0.18121640373387432,0.17852259758871908,0.19322411124821726,0.18891463515731474,0.181209535010173,0.1833382572227773,0.17080584019627384,0.1902737501424863,0.15859366397387137,0.17589235153085525,0.0,0.1727844138368946,0.20368973854986047,0.15890039013211107,0.0,0.0
0.9187784168404253,0.9280966596746594,0.7010930709754487,0.9272635230315359,0.45884919874062735,0.5429078054173693,0.9216984175404966,0.7755274010472955,0.7811185540093238,0.6825072963936802,0.9301545442266868,0.8981625325926755,0.8777742276334203,0.8845934899416822,0.9964886530841435,0.8672728842938048,0.7358494665952765,0.9006661705587415,0.8742812386685481,0.7673624185543079,0.8203635604098345,0.881755216453073,0.8792212987781184,0.7436802378721246,0.8169764125221699,2.2406205023370047,0.8347137371848312,0.8584023510240547,1.0639476264333314,0.8905400960158044,0.7892085168565321,0.8393054306008816,0.8481125434919099,0.9190299972770364,0.8660585374141805,0.8767289905163699,0.8167679949682628,0.653761902191473,0.861239467433143,0.8497351175644702,0.8439880403781772,0.8428450185564683,0.8728727458466633,0.8308748922847471,0.8886472201630644,0.8761842943631788,0.8638128194525362,0.8629394627655576,0.8835630943080771,0.8466796381554069,0.9143310721574822,0.8814252838040357,0.8494966938939529,0.9526370516401262,0.8754449454588653,0.91103186318881,0.8919177094221659,0.846717544127861,0.8582331750828558,0.8685308385200267,0.860104493497986,0.8617304403342686,0.8784118843010709,0.8255190548596232,0.8616940866656895,1.099370273153876,1.068674636745975,0.9185059422209905,1.0769702588687338,1.1377907575862067,1.0033704294811174,0.9844769461068241,1.5350328324156362,0.9019195321866244,0.9553329787928916,1.0097930812697684,1.0804729506620125,0.8722257653522135,0.9477518330225394,0.0,0.8868390119095285,1.6237992164404393,0.7264303298339521,0.0,0.0
0.8782887876704625,0.9505373470419929,0.5908451789354938,0.9191210975986377,0.4245678031819476,0.5681388500778833,0.8977587249557427,0.6455237795694546,0.7367962236925621,0.7042774923643583,0.8117637613338974,0.8981573517893201,0.7930696803307734,0.8078454795050911,0.9285363580296119,1.0453293366018246,0.9382197111346662,0.9867253982396895,0.9837412282586625,0.7049928791604722,0.7251975950662496,0.8554151255183792,0.8213795237971226,0.7553225523312623,0.7831376263748054,0.8380367282465221,2.2438849132051293,1.660391955920677,1.1578851636870622,1.489572947372492,0.7138711884663886,1.1423357780079366,0.9562522331472232,0.9279894250768631,0.89318152118184,0.8732927742575117,0.7489476931346364,0.636708923592538,0.789264732154489,0.765065798135508,0.7764727156978615,0.7738529316740318,0.7738119601129109,0.7421196875318501,0.789955523505146,0.7814013476951426,0.7632205616752203,0.7693483704244379,0.7813255918093631,0.7454408759008712,0.7747834333633143,0.8062354387041148,0.7869011163183234,0.8230236306775206,0.8435484793820985,0.8275458440284054,0.8473819322338817,0.8451071766203819,0.7852396709480122,0.7865164490929608,0.7917155849959812,0.7824536505844668,0.9311274783017843,0.8073351977391753,0.7386643053549442,0.8077608245942275,0.8040603437162803,0.8096681457616922,0.8334791652551525,0.8193822733079736,0.8687157818022726,0.8870964245869636,0.8270835759746671,0.8340267470803029,0.846757512187269,0.7739057913440173,0.8682535587840781,0.7647960095549093,0.8759533964302325,0.0,0.7802368295237606,0.8254628784851586,0.6345086137385444,0.0,0.0
0.22470672448683962,0.22913379666870717,0.16347359460717106,0.2327214154100134,0.11471881145885592,0.13942652841556805,0.24443221504152496,0.18251235312308828,0.21410377391977883,0.177326070817914,0.23570912712964615,0.2621811846714201,0.24638284862476223,0.2139743848802355,0.2867601136688612,0.46345232040561873,0.5106684641743213,0.41043526618324044,0.42187248473661726,0.2112972105565352,0.21504269855305166,0.28813431560350544,0.2545471244757327,0.21847947639108267,0.23251935869678625,0.22904038899026727,0.26229932559816205,1.3040794295234355,0.2469042609161206,0.44857696774870065,0.18898810814566908,0.5617928425743847,0.2176651619086915,0.2892189021139688,0.22630759224934904,0.2604547383225391,0.21026434931394786,0.19697924723434265,0.2312186713828127,0.22220645748165474,0.23312391856504375,0.22359461513664483,0.23244359634858291,0.2285902558924513,0.23733958294030166,0.24011940897217443,0.2278825840932958,0.23174766173155964,0.2313110217314711,0.21959960733460038,0.2382007287184469,0.24220900046031,0.24682950109330662,0.2551706563204733,0.28063282637574616,0.2637295421596984,0.25722240902375826,0.26575792184132885,0.24920904278168285,0.24079597000576922,0.24604689630960397,0.24331167300561668,0.22361523375425316,0.28461137071337916,0.2177502700316378,0.23628797577712893,0.23546159917952053,0.22983879522992506,0.23971617073938659,0.2363515543550102,0.24560780280405603,0.26316363161549755,0.23509229879761534,0.2497161711701636,0.26846437773514503,0.2252723281166554,0.24547115225198682,0.20771620194302676,0.24946420776753786,0.0,0.22237180457141698,0.23719934617290608,0.2013892410835292,0.0,0.0
0.0876130734104954,0.08444478738349168,0.05803734594308822,0.08534443362097477,0.0419321002556572,0.05152448727602995,0.08590001856356534,0.06612678540707478,0.07471563024562093,0.06472481546090968,0.08436540857474646,0.08873906169912661,0.08328933747655105,0.08639259538098232,0.08982131707410769,0.09423991281000105,0.0810285111026894,0.09240455005339027,0.09204701580680556,0.07171890874294069,0.0763340531402172,0.08452398831409673,0.08368390204779531,0.07297095985467776,0.07979993581373439,0.08273282244589897,0.110376037945247,0.11884427296187944,1.2101722882576957,0.1197679841493341,0.0728705076454485,0.09255962734256555,0.13419982782720635,0.10839788615900059,0.08609389780749463,0.0985672425692343,0.07980385037904988,0.06347351390586262,0.08624585464149766,0.08050313201317909,0.08144835476111081,0.0796647680267062,0.08246476786777279,0.0780078077416721,0.08402460366471862,0.08302576807804904,0.08118153033485151,0.08155022635327293,0.08297768456674352,0.08049602486194547,0.08134964193283153,0.08349892312413391,0.0803747872236158,0.08387495570613467,0.08392620674360723,0.084484245506462,0.08426862305948257,0.08071792499827442,0.08139831638376774,0.08270602806306611,0.08268683522321309,0.08450446444309914,0.08029936156949265,0.08360067627615442,0.0769090891977111,0.08396142052357174,0.08496832996562895,0.08223135262888004,0.09215588373628807,0.08895175532911194,0.08992363311859154,0.13227943182300034,0.08662466504054148,0.0997248540612634,0.0889168164660735,0.08206194209153653,0.18307152190736092,0.07590732140783021,0.0882019400843528,0.0,0.09325863196904832,0.08072540309818318,0.06500410245599368,0.0,0.0
0.19405278684029592,0.19530384568375228,0.13495289135220148,0.19526955486901662,0.10204888109923183,0.1166293701280311,0.1964958419882794,0.16584970938952212,0.16388977939121316,0.14670552031840398,0.191703659164785,0.32075501645509263,0.18137793719173162,0.18166601591988027,0.18992945338355272,0.18216368563440472,0.15581291832396105,0.18535772266777725,0.18177307330126394,0.16699001895987053,0.1762057122661953,0.21789835283392786,0.21449086094449896,0.14965180043418838,0.16359970603598678,0.17937486227608038,0.18000490663142377,0.19135720768862743,0.18870188749579941,1.1900649195935458,0.16690489680901105,0.1729578003652923,0.17347464836997642,0.17898491761985588,0.177127939151602,0.1840793374485886,0.17431587533685447,0.137155979423071,0.20454985197339454,0.1815251989507159,0.18496795219773116,0.17624851356628152,0.182225275598317,0.1752712987724874,0.18619008495025446,0.18495424663535415,0.1803201093510911,0.1783817821119992,0.1840609330758698,0.17622066053043536,0.1811080319005695,0.1910902043869266,0.18135542745297092,0.19208945682389908,0.18927626651739737,0.18620654560828667,0.18566659791883477,0.17310468830961828,0.1824345147559335,0.18282915349274625,0.19378997819365126,0.17672753906621483,0.16770412292196302,0.17773579824652308,0.19680449401310135,0.21891068251139129,0.20742237623177945,0.22508255694043308,0.210665172208812,0.21039412470856855,0.24654449071774562,0.19928796303067325,0.19281058655643887,0.18666891907216804,0.21408187536760195,0.20352169787039726,0.21805321014358434,0.18058369115587433,0.2698281397940721,0.0,0.18809551292949026,0.17180890957308786,0.14286704598528835,0.0,0.0
0.6916265100572793,0.7308682978404757,0.48176374013979656,0.7141938742038303,0.3532974837791781,0.4052983761030477,0.6910961017237781,0.5245551081502258,0.6199320876233969,0.5262160136232867,0.6598245736533854,0.6978169469181744,0.6103621840422778,0.6411869751653572,0.6859963488838726,0.652693881252358,0.5495403785704063,0.6464938523658936,0.6371841326085944,0.5609173911660673,0.595287087783493,0.6222587831449896,0.618912470704863,0.5369328629820801,0.5839630507106081,0.606733963414323,0.7205887835830088,0.6997399348315735,0.6669363209775843,0.6946622655248516,1.6347291621178042,0.6131523382160153,0.6235784674349336,0.6242987513071491,0.6169618613478998,0.6598869966141079,0.6019830582078702,0.4696539043949289,0.6196519050935614,0.6082800063597816,0.6079819095235047,0.5973642595453165,0.6145589807009063,0.5778369492172462,0.6277537258562829,0.6120304752776452,0.6087624221945924,0.606951809327759,0.6199935569658068,0.613405443677456,0.6000002781965246,0.6142983028222607,0.5968424506071468,0.615986640879397,0.612747733538171,0.6177916914020273,0.6203206471363008,0.5890573215197912,0.591693170929936,0.6099245212898476,0.6126028243465111,0.5911645091983021,0.5839686433535745,0.5656702520314921,0.7146629768313748,0.6426893375732046,0.6384391694530247,0.6892007737812472,0.6870626174701668,0.667370894066157,0.7044598508350817,0.6808917181696978,0.6367028472562684,0.6228412890407362,0.6443336630042628,0.6136544158471494,0.6746161061673039,0.6428089579641975,0.7045564250134336,0.0,0.6628597924609343,0.5843313095128583,0.49321363465612167,0.0,0.0
0.2493008861788544,0.25374577274504895,0.1811712743762962,0.254238544436209,0.12684025305298813,0.1538583092104601,0.28795851886598456,0.2015027131749796,0.2632946310629274,0.2020632363495751,0.2599870533724588,0.25931746544122597,0.29437082184007085,0.23831557900593123,0.25619793434027205,0.25213466979721444,0.23390676673515098,0.2574772453455152,0.29504119899613696,0.22092859762478673,0.23146312496661275,0.3187437060829096,0.2672430151069958,0.2275336434823726,0.2502419155312071,0.2442465190092047,0.24099914379463666,0.2719235001485614,0.26533520861752513,0.25539010505494153,0.20594333757378366,1.2951858517229213,0.24560987913129825,0.3760838629258163,0.2476606092105054,0.27173817776712944,0.23299860174957832,0.1841390317894336,0.26224216428751096,0.24036107764857137,0.25063777422086386,0.24610753131011648,0.26219517853648483,0.28738956730960086,0.28151972286260063,0.28222554361292645,0.25499861662532636,0.2648964999284335,0.2562192481520767,0.23782804693303036,0.27178287336403034,0.27174144102783493,0.2543085286912441,0.3035964677405882,0.2794085293899191,0.2783889042027279,0.2643514421696693,0.327954325973251,0.3064686997655286,0.2730486947522871,0.2608348411199179,0.26811240334938385,0.24360481283907773,0.2884081013073561,0.2506993988222063,0.2513421147906616,0.25116934059754104,0.24747675077276485,0.2655255261860715,0.2588963868028663,0.259190070271224,0.2772493067788322,0.2565901128279663,0.2825033960525817,0.343618905926066,0.240111428598037,0.26645253019622483,0.23328454252379313,0.2588933931903612,0.0,0.24683598580064045,0.2539030243572945,0.20876123311830636,0.0,0.0
0.008108384123965568,0.008169034127318271,0.005786284818492099,0.008181647475345749,0.004157179061313505,0.004902402533884261,0.008629224081744394,0.006645649687061384,0.007287257880570734,0.006274309841262255,0.008420515364817197,0.008393676890649265,0.00909730950923056,0.0077281751850025275,0.008392289747644027,0.008437675021534597,0.007617448701460645,0.017682013331340566,0.011092685156233104,0.006933753622849303,0.007455313837132009,0.011313067580292276,0.012065596506958823,0.006705507333269721,0.007442211895796939,0.008102929625989042,0.007589836221797662,0.007766938966386892,0.00836025397798399,0.008004798149772827,0.0067794420316824216,0.010705974431094478,1.2614855482272882,0.5537589637419955,0.007836141840838516,0.008331378700172379,0.007599001711446271,0.00611974348808224,0.008680956711616394,0.008334141255781932,0.008636219360731985,0.008264537313814931,0.008959880862517868,0.010186093769451275,0.008945930281125943,0.009603395541204117,0.008726755192251774,0.011242893823233466,0.009092556361816004,0.010617625337672376,0.008870129370158405,0.008922877985912545,0.008471966228277405,0.0102959972649479,0.00882789041747796,0.00926215704854185,0.008689379873761184,0.008408085477480348,0.008987161465406452,0.008763921643052607,0.009335699880563129,0.01134496481926137,0.008518530582149658,0.027256920233843875,0.007998757122338366,0.008631643242222655,0.011352119234523894,0.008088934824905754,0.009376303181975512,0.008832478370945727,0.008815693406899298,0.010969835154614548,0.009220637852019745,0.009059181238858726,0.009036810795963173,0.013537662659168398,0.009300592183186865,0.0077268434016737955,0.008420559236352657,0.0,0.010579876849254821,0.01064992781132419,0.007873267428539525,0.0,0.0
0.00906999736704953,0.00917062022763352,0.006376402314173843,0.009144407141337135,0.0044838645244451095,0.005317727249149756,0.009266966017960298,0.007301769179918416,0.007802548909737258,0.006776477581719454,0.009024399696244778,0.009045202070716555,0.009794607804964207,0.00854455380166151,0.009158387141225455,0.008680191890530464,0.00813214700106972,0.01164143013547046,0.013586682011382734,0.007612961925401821,0.00814028892597756,0.00966806689326876,0.009303784643617067,0.0074074972492611515,0.008295958527702204,0.009024994007931627,0.008217726701491523,0.008403490264399224,0.009157257960685387,0.008690134831060837,0.007403141711355079,0.01087605501347144,0.012667368852958034,1.184820706857837,0.008564400171026412,0.008742845244860506,0.00819392455971588,0.006631276940215607,0.008620608680088824,0.008643009522957684,0.00922514259042669,0.00870533792382195,0.009091126866536969,0.008521865915534397,0.00905935364807079,0.009583629933117687,0.009075569124878441,0.00884543327388769,0.009048810097971106,0.012178063986371761,0.009259313298633325,0.009279821153289666,0.008813760719412787,0.011684623744485012,0.009054748834779223,0.009413240381145974,0.009248528398544785,0.008797471857403347,0.00875745237950264,0.009282867153514611,0.008844018794035706,0.011188221115627337,0.009654283327161568,0.020904673283457492,0.008313498686804121,0.009506488349159802,0.014265157616229242,0.008808684768743663,0.010688882396561104,0.009909474643789313,0.009769661693032507,0.012311529782364829,0.01022625909319558,0.009627872629865308,0.009608212483230585,0.018789376264756203,0.010492490151394694,0.008603344701298353,0.009112371562575283,0.0,0.013727302136080085,0.010420912868203135,0.00864424915250742,0.0,0.0
0.07392774698356652,0.06933314006620517,0.04883885889607306,0.07075622649760714,0.03571512150040718,0.04173015599477697,0.07176466610550751,0.056912775078009285,0.06039719788363641,0.05297353521398318,0.07546840431783625,0.08599322802827217,0.0771359972679684,0.08534102732121532,0.06914864751877975,0.07231491952979219,0.060088904397056005,0.07193040660309297,0.07178329170071784,0.06108080434121256,0.06477840334929127,0.09808017302973293,0.14870858741638643,0.0559463613666853,0.06430653642542308,0.06603255281810351,0.06801682608809852,0.06901145665252861,0.11274565712347792,0.07040405671535704,0.058207024940492146,0.07821520005967898,0.07421186654575483,0.07322515579668032,1.1878870882487633,0.06985391441762127,0.06344034228819996,0.051482319930730595,0.06633021280073113,0.07385290331633106,0.06929938388780894,0.06604299854754993,0.07100667095921165,0.0652309437764724,0.07024947591904794,0.0706861319630382,0.07066113753403337,0.06929011610410257,0.07070646583159913,0.06595976821519746,0.08067494027197494,0.07718665551028638,0.07710066636836237,0.074922759865978,0.13505891338207676,0.1137459727000187,0.15519856989358546,0.07611022591998684,0.09389604234638717,0.07637647919698205,0.08033547592619489,0.08318230369112471,0.09242937629524614,0.07384776799911046,0.06900757806304848,0.07656799670056126,0.0748071350306057,0.07238127568148872,0.08001841004386734,0.07324160482696024,0.07843782236448099,0.08180973971906118,0.07136692513296788,0.08363061044034961,0.10835153605450794,0.07011036953601758,0.08083902252848993,0.06679517724708184,0.07972254682037272,0.0,0.07561822046614922,0.06563944017322987,0.05978536445005696,0.0,0.0
0.26979118187713996,0.2729588491110408,0.18550512198941435,0.2723695128343117,0.1448988651329579,0.18201450858617682,0.29785166439932803,0.22697944822106897,0.4355704834983463,0.219851243536234,0.4398734200342229,0.39184753559042534,0.2938188073275757,0.2550472527200806,0.2663581875373005,0.25291229585994385,0.21615235211153017,0.2573663945417477,0.253129628327505,0.23057384543774842,0.24966816017848817,0.27208036488622267,0.2843345292857233,0.2254651674184898,0.24063467915165057,0.256769086374768,0.25652867983453614,0.2581447962862099,0.2713963421910221,0.2843717220759093,0.23364298709482906,0.25188864089940954,0.26619421795566534,0.26922801648684963,0.3519422918754986,1.5924285615331202,0.30291132527249276,0.21616954338880986,0.2985571915611313,0.297815768666423,0.2973995407239686,0.2919199480275447,0.30593379600869564,0.2812631067564318,0.3087767122456972,0.2953809780620026,0.30230795743153466,0.2902261626584408,0.3123175857487091,0.3283720654225203,0.27989778827316814,0.2964707003896195,0.2932340719464289,0.29750429841060033,0.2970450574789882,0.29295481871704826,0.3024014598747293,0.2873742196469264,0.2800022115032509,0.29756055133236575,0.3003981640783486,0.2780861666578635,0.30278465832303514,0.24708870296454077,0.2641292142996207,0.2949588993362536,0.28339671990621285,0.3053837013935641,0.29518393265204074,0.28601112240739174,0.323373463878092,0.29734424115053126,0.2727684878481151,0.29321135773106477,0.303198784820369,0.2748496368247286,0.2974715118197998,0.25607044490940356,0.3455886916677371,0.0,0.2625006142859539,0.2484285849574865,0.22301434879257503,0.0,0.0
0.8503598521163168,0.8506675493819271,0.5908357460160586,0.8566324803105854,0.5173006563435417,0.6896343677844057,1.0864650183402937,0.7242118109299658,0.892336342944845,0.7886635597324009,1.114617220708452,1.0553981206823557,1.115753559772929,0.8410041141629834,0.8447981984997219,0.8121153994652134,0.7001636012084039,0.8237861036477582,0.8148008999198562,0.7095761684034053,0.8753828596401253,0.971804520559803,1.2060602892076104,0.699765864100797,0.7611014567804791,0.8044749437523803,0.8876906394620366,0.8638828720489916,0.8978382075688592,0.9586501429810065,0.749458285536171,0.8121850430643938,0.7997529599150819,0.82353132366,0.8331685057973737,0.8837840951941052,2.421392403298402,0.7765455201600415,1.9365867056141928,1.5874151884068883,1.5195730047062257,1.4852295869845402,1.4025316538130328,1.354733963032861,1.5493724179684227,1.3775149868994467,1.317434031741791,1.2915298038341945,1.3816067920842003,1.2553883473533445,1.0316270870140882,1.2434103152716802,1.1557260583955176,1.2275807652124497,1.1642571208484258,1.0292249336996362,1.0361520328934963,1.0478460719379372,1.2781785181331695,1.1910221152247034,1.36452684593321,1.0354548176698983,0.8479519475557243,0.88075097086721,0.83719872336435,0.8943240566070291,0.8705633540670259,0.9389577406195617,0.9046279440224406,0.8720585897616291,0.9456609033593402,0.9098219681644989,0.8654132402006731,1.1144910996969117,1.041692129868295,0.8332745146836762,0.913585346630863,0.7920187391197915,0.998705945650129,0.0,0.8358216458863881,0.7975892362190086,1.0255876737477672,0.0,0.0
0.5042282116203171,0.5078063199133802,0.3524091511716034,0.5102884952434569,0.2787812491803293,0.34786685268660456,0.6145047820213422,0.4359369714553214,0.4745757444381765,0.42822028157034714,0.6290192870633832,0.6440593049379304,0.8353961439958546,0.4818437051622758,0.5113310127069688,0.4893543918195347,0.42318756713037337,0.5009457128583489,0.493187656895657,0.4272678293476871,0.46770096070157524,0.5575150258440251,0.6047962686976196,0.42248092945572024,0.4554274832310214,0.49564211795440205,0.54008635679194,0.523434654283862,0.526277107710911,0.5311033057213896,0.4450328227955134,0.4932871656379168,0.4711836919341421,0.4946040601452126,0.5054650068390462,0.5180003955522428,0.5912566332094414,2.1281602698803264,0.61050333526393,0.800702870058732,0.7773789352043631,0.7766858668429965,0.7550971502132675,0.6057712141471933,0.6555827219991219,0.6759077337585512,0.7284625123212103,0.7599367044408399,0.7371137231573424,0.88773579573852,0.6829624349669475,0.7927445064750039,0.8561183743249174,0.7425163678193288,0.7742113436422684,0.7302720131080742,0.7694637909444852,0.9050206054407834,0.6304498856132678,0.8038353963988287,0.6694869728842597,0.7431777073297466,0.6123092906169114,0.6214310619685965,0.506955957674242,0.5845425988741106,0.5445440487290679,0.5563611886694857,0.5486531639409723,0.5333220728081637,0.5746436641659358,0.569068681182938,0.5355859944440567,0.7528088966652199,0.5985936625777646,0.5159967767378681,0.5600454547788167,0.4728379152426212,0.602136298905747,0.0,0.5021077484059006,0.49991763762094854,0.5997973237876157,0.0,0.0
0.0640018237677747,0.056008376800228035,0.03860463065380475,0.05795491845658039,0.026090772068799003,0.03131018301313987,0.05260006428916079,0.04143771270305976,0.044176171287608895,0.03956844941613946,0.05046862651575082,0.06174746851020382,0.04948996562615273,0.0944932566447947,0.05877111992667323,0.05360154891687911,0.04666079924712846,0.05325608803692547,0.05249815675537496,0.04366249257175292,0.04600258994729367,0.053488722892624546,0.052287075472096024,0.04274746720481322,0.05221901848975562,0.04934119383388211,0.06678818468346573,0.06328948091225926,0.08863530248976043,0.13566607301534986,0.052172584742689744,0.052154549155729264,0.07057176221117371,0.05972153735175459,0.05039254604065701,0.05039698667928607,0.046420405747383583,0.037720993931492676,1.052688986792546,0.04884541491336979,0.05481855733764662,0.04876989127605472,0.048886696792473434,0.04642646831616529,0.04969263529417099,0.04916698440589488,0.04903687182684747,0.04823659843007345,0.04940550958801667,0.04727004047129391,0.04912639786838329,0.05048443970590063,0.048716588647420206,0.05113825326657526,0.05074303919068987,0.05093713344149206,0.0510286708440409,0.048286751068545006,0.048237811216410284,0.04938604615008577,0.04962567234515935,0.053631669413836354,0.04807420121864045,0.047811266572424294,0.04877745270879202,0.05255556365411218,0.052542138155004255,0.05288153446437926,0.055440033529063217,0.05354259839384324,0.05753711182692694,0.05479797033908758,0.051355527688760116,0.05151097346609562,0.053227432557640265,0.05070849278305222,0.05899424411918022,0.05292616474977718,0.057741753514411576,0.0,0.06305645814123394,0.04764350971024033,0.0467949448008371,0.0,0.0
0.20211338169699852,0.20331046318615587,0.14010539227724497,0.20345453477541475,0.1099103166014639,0.12494003483257608,0.2145816333258956,0.17569434826487984,0.17751151029278575,0.1571709565926046,0.35439326926233217,0.33420039874959173,0.19816049578636538,0.18866024255631703,0.1969095780728143,0.18600568999625927,0.15751241922911813,0.18995582431833358,0.18595033678290976,0.1630943401731717,0.177067918519473,0.19532684870880906,0.21737323626273014,0.15514914605030386,0.17010970584231105,0.18673175648600104,0.18047190726314905,0.18450558305727607,0.1911319889727182,0.19023286806244494,0.17555592033703443,0.17618797779778828,0.1794875499398403,0.18549769134534744,0.18603878340569083,0.19183422289667829,0.19188640579148225,0.14686849434617996,0.20232938413450616,1.2254606456868202,0.20431390102683547,0.20426733653552473,0.2022410961689042,0.19077430204302775,0.23565687830864246,0.22260095970835347,0.2056399217986904,0.2182120490446198,0.23748818213665607,0.1964606302656291,0.19038899434634665,0.23772231829876916,0.1947300500246048,0.2240128691079345,0.19583830968200724,0.19620909716901544,0.1960226327231001,0.18437445358545929,0.18957772739859857,0.1975808564814483,0.27773117401532876,0.1901804556723782,0.1753118005240515,0.1733866550838797,0.2034058519382629,0.22858761593286595,0.21596016682739386,0.23661765606878218,0.222704094536989,0.2192256130110047,0.257132213953543,0.20807504929792447,0.2012499290493765,0.20382352584858635,0.20889874878669948,0.21157973639478117,0.22733730586242268,0.1876606090488297,0.28194849913664854,0.0,0.19537136563407956,0.17698329515000422,0.17721008136539776,0.0,0.0
0.12213952097273995,0.11968895229599467,0.08363284663301475,0.12101762641385784,0.06561602322399544,0.07967112600043491,0.16357471673996815,0.10321734959953317,0.11570742398987778,0.10141080668571646,0.1425595213927542,0.13973298492036093,0.18495925196192445,0.1205633284907828,0.11995749998449416,0.11469332778036609,0.09961686436996699,0.11751616697951917,0.11660468270304086,0.10651502718664776,0.1180058843799395,0.13699446727097656,0.15051062444773647,0.10332431949184803,0.11189021052551869,0.11742100941910923,0.11745857829887336,0.11946723739677258,0.12997569780126914,0.12355315993590966,0.10513723380850018,0.11968018590990709,0.11499855973391947,0.11991915087920772,0.13031524458221608,0.12529366128987832,0.14287497181566694,0.12519702341041916,0.16209436034728858,0.1790621101836004,1.1936597232176944,0.17773417333781533,0.20350578251921805,0.19596438209843153,0.17745230640763635,0.18422075562996384,0.21453259623916315,0.174502935802362,0.1783088921766762,0.1541040615776804,0.17614621171279116,0.2197584227122352,0.18017523231998578,0.2389090033414208,0.19814156823253926,0.20181289762357893,0.19894321282188357,0.191614086198307,0.21279260390838423,0.21936545548143296,0.15875767466118107,0.18494846639711818,0.1350132799414258,0.14112034868352086,0.11974963058245165,0.13106482312095818,0.12794832805832615,0.12920534975830877,0.13147194575683163,0.1246094162340891,0.1315375469120852,0.1367009985011354,0.12720941186094797,0.19199691265738147,0.1578198438518357,0.11930834055484993,0.13425988237266928,0.11317245649985998,0.13580399092441905,0.0,0.12138191659791957,0.11822811678572316,0.1643276910004793,0.0,0.0
0.22855566083008078,0.2284726253713361,0.15868158734108764,0.23976235458076006,0.12217290463734996,0.14840533902364494,0.27595032868884467,0.19881338616740715,0.21719123319421377,0.18735454225237166,0.2832019863522907,0.2583440178980168,0.2914364755594027,0.21867020645533355,0.23183638749998323,0.21870727103580975,0.18906064942291723,0.22499749540886108,0.22375336023018844,0.20938818520216115,0.23206545414245433,0.3468241349170451,0.3236702641015637,0.20976110696734304,0.22186330149799052,0.22846486997045828,0.2253137665717462,0.22777928690348387,0.24786155801756318,0.23300815787246967,0.21494569344761982,0.23431592952492428,0.2139534162161434,0.23933766441669027,0.2357796550039122,0.25839741381980325,0.26971929203267886,0.2064494204666418,0.26941089367433657,0.31391565319877307,0.30646703148219095,1.322168164279231,0.2750326468551058,0.25970801072580957,0.2976357826803844,0.30278796175310835,0.3119945295202957,0.29075139260148597,0.30428558716604914,0.30101290913114803,0.2613044937454719,0.31093950641615886,0.2671574069407323,0.31590621463289303,0.28367218716989884,0.2903559016488671,0.28237124662098656,0.2570738934669946,0.33195748332270447,0.29962206772298283,0.29901715473065255,0.2825164018028442,0.2419654933586389,0.246133656153179,0.22388090900446875,0.23964252753336532,0.23361225468058383,0.26702426723816214,0.24506490039848222,0.2337901108273576,0.24519988635620737,0.25286060105110286,0.23575440331680603,0.2895566170256564,0.3010775483638466,0.22192979086585585,0.244097429464231,0.2138029262710698,0.2654927936234766,0.0,0.22410329078261493,0.23029709010290605,0.2352141769302859,0.0,0.0
0.04945575940670215,0.050349312980192226,0.03686134266786984,0.05007244852988642,0.029882752587520326,0.035317287279541906,0.06397042372323457,0.04677594609450743,0.05310440204110701,0.04589878376801667,0.053962800922326845,0.05222387238100349,0.05984150699801174,0.04707077884812703,0.050471580942805086,0.04681816992336914,0.03985962350800577,0.0475278621290637,0.04665079107640719,0.04161818917311264,0.044821100898585466,0.048162582986129354,0.04973269942625318,0.03952831861253219,0.04302305033867753,0.04688203044458154,0.04674945215842687,0.04734778113999398,0.05103016962045451,0.048439876919569747,0.046299564386808094,0.04499709392206344,0.045275221268112,0.04704494153236206,0.047101072676091385,0.05006992416563323,0.05004408374829737,0.03890572943502164,0.0511859268776926,0.061067162475177045,0.05369523213610322,0.05306582628283465,1.2529702694611242,0.14679309224953555,0.12393213775103791,0.09395324370734061,0.06235223974574657,0.060803001462280376,0.09058718949380534,0.06648527545957271,0.053099276440499624,0.061814002911334404,0.09322826692718131,0.05613181523740759,0.0526250599268136,0.05336974960224171,0.05332294425337356,0.05463430760098914,0.06071805338125215,0.0600226726887843,0.12134146641458084,0.053444396843088354,0.047303779631381326,0.04459539862633475,0.05616399636353175,0.05030259145396056,0.05069693319964523,0.052494987656410516,0.05350852701206487,0.05163159619935069,0.05275666985100214,0.051365353320952566,0.06000106938940531,0.07054985501861392,0.0550100153531989,0.04849123936087347,0.05216964771165416,0.048375251584653715,0.0527248008889706,0.0,0.050665725784696754,0.044807762071343876,0.04705688155753974,0.0,0.0
0.04953062155006573,0.05820090914395765,0.0320153300819278,0.05363289951287815,0.019704189827135427,0.02357804527221798,0.04304445759030769,0.030707071530260574,0.03576069222503292,0.029877720008850087,0.03778724975842515,0.03643853079462533,0.038229933718968205,0.04253819780668131,0.04919016351702593,0.039832379952741234,0.03132895377062203,0.03859568860838634,0.037882249893610304,0.03188151719853846,0.033287720460570706,0.03597222401804152,0.03728906818437571,0.028511853401077772,0.03079706147207964,0.0344489763162243,0.03302663114472103,0.03347622075614097,0.038311886124286675,0.035165954026543926,0.030882319737204504,0.03270132118329004,0.03743404849472517,0.03693095484167919,0.034050222838873045,0.034787677571039774,0.03720748708824982,0.027093943638441493,0.03712499601094208,0.039794109630421605,0.037793455438369004,0.03769210362897546,0.06923957000499009,1.0976919564098997,0.07706525271838434,0.049431085134416464,0.040621783256408736,0.042853721326274324,0.04324940933878882,0.03758169777438254,0.03573712946425353,0.037477852370670424,0.03652002780396005,0.03783682793600079,0.036202677441068906,0.0362026488800926,0.035827765575604215,0.03589376993679426,0.03812741098501947,0.037018728513961395,0.04809964702544612,0.03592848437445866,0.0333144617806768,0.03276318081133198,0.03345493845835617,0.03669913902344303,0.03805618250239824,0.03643171697804025,0.040446299598468426,0.038919345049422634,0.04075409622306156,0.037756088224105096,0.0478472198628308,0.04028882191533901,0.03814972647158536,0.036563974243113175,0.03867696236315974,0.03957327949406642,0.03698903177782899,0.0,0.03713867189140282,0.03275295231366572,0.0366428990231152,0.0,0.0
0.07216362125550739,0.07365331604500852,0.05024729065668187,0.07323925969250496,0.07868192012997445,0.10131909075010692,0.24626139240851927,0.07094064963936526,0.19775322811620766,0.13656733437911836,0.08870844678794189,0.08506979300139442,0.08014600687208329,0.06856747476647969,0.07264795611160996,0.07082226463849012,0.06054117229947892,0.07102995606045749,0.07010237060252797,0.059530044075841664,0.06548891898570582,0.07281960341353295,0.07728575950650063,0.062207952994169625,0.06593974595704137,0.06942907120173508,0.07828970243019731,0.07651245335991368,0.07467284682172003,0.07670719561452127,0.0700767524986004,0.06961542542737999,0.06818689662628988,0.06981653950358989,0.07627252362428634,0.09746168191080967,0.09043768593455528,0.06782590527067567,0.08593432183415399,0.08897113022572353,0.0816548256796051,0.08635262982780074,0.14772179545033706,0.1053260003794429,1.2022345362536437,0.17630897192169706,0.08622450734183394,0.09799000960441043,0.10222284536376862,0.08877878974425543,0.07454971938706706,0.0813847857556894,0.08202142975869366,0.08009013295134905,0.07856042427475275,0.077123750847033,0.0788034564460826,0.07880477816213365,0.07831967747927115,0.08033106436711883,0.09524927053186354,0.07579440015274526,0.07067623569967561,0.06698785133107485,0.07010123913359721,0.07468052165375835,0.07322351983459693,0.09337735921046844,0.0782094173379729,0.0745995819010636,0.07981671492764406,0.07595929160072747,0.07528397238323893,0.08091141563079468,0.07882642671823817,0.0704283598702764,0.07702453660764297,0.07046347841600435,0.08982760137706759,0.0,0.06941939639008994,0.06750921270044147,0.07216002501191138,0.0,0.0
0.016649481285289747,0.016930428395406965,0.011655606098615868,0.016872576810283417,0.009590422773904884,0.011712570402106354,0.03760113003750204,0.014243704487444286,0.053121740955781115,0.02948750235073423,0.027134893246997898,0.020244851454581225,0.01857805839934642,0.015789934716779367,0.016696394656341026,0.016418350998864732,0.014068649507080876,0.0164608449639939,0.01626555647996952,0.015126640991585656,0.01591968309101601,0.01816212168008131,0.01765822687204189,0.014407949865233943,0.015341089412621271,0.016110576183500293,0.01848166916104858,0.01776234073260368,0.017187085724674554,0.017787434593070153,0.014722712546848577,0.016163566992796516,0.015723911828700733,0.01620571848842671,0.017868404507093736,0.023306571838774298,0.01850839644641776,0.013718527119954504,0.018453909632720353,0.020148777685883995,0.01819414133292876,0.019905524248251986,0.023011721144852098,0.019752854825133573,0.03246564685337515,1.0832918013994786,0.024761159524771013,0.029580119981049084,0.03535318738121509,0.019216470422541446,0.01735034292886762,0.02027323301364715,0.018548573340672673,0.018148419937041048,0.017469876766846453,0.017527819810990636,0.01754043740152631,0.017366596590489412,0.017912338664194557,0.019737954901289434,0.02679730058210729,0.017192960014970265,0.016063820874673847,0.015317591783863322,0.017288362819923846,0.01722765571942892,0.016894478596289036,0.019444657380729934,0.018169958231577583,0.017237584056827345,0.018730139797388416,0.01742184297862128,0.016888517945046276,0.01941811469695165,0.01805081116312676,0.01627468590535871,0.01777639570644475,0.01613707179236885,0.019992637109952447,0.0,0.016429477282568095,0.015619886028708797,0.0173587224332554,0.0,0.0
0.08509399465626231,0.08541966807835487,0.059689341674190356,0.08612391079625,0.048254079018204846,0.059980735733287396,0.12114200514726775,0.07380528229400654,0.0870319361470044,0.07414181589912114,0.09942733243060022,0.09625010022972585,0.1569279015967613,0.08264976987402196,0.08598964199846186,0.08344422357170522,0.07193197948576623,0.08436333687838651,0.08391778562388391,0.07268148745800396,0.08115339035979835,0.09576093228550983,0.1045305967352629,0.07340819882615822,0.07985207413036018,0.08387330332971424,0.08638296759944633,0.08855341516958973,0.09001121341757495,0.0901728728286773,0.07596913802253161,0.0842230442996809,0.08102646017965977,0.0847043226254094,0.08895548431687327,0.09184943599588402,0.11044616226654443,0.09213254857325236,0.1276441926893945,0.11986393576289496,0.12928486573330542,0.15719278883142523,0.15833537380377274,0.14033855507437096,0.155626166092767,0.1484719364392181,1.2430726984366005,0.16143066682303886,0.1551591949753638,0.1545657749788695,0.13124814486240938,0.11903326147625107,0.13334168020570614,0.12291555582307007,0.1158952750429624,0.12086723841844425,0.11813580931851676,0.13192414496627156,0.13298221164584392,0.18255864061695498,0.12041418591865177,0.13500082635977473,0.09854027427030648,0.08628724164722518,0.08650716735949975,0.09073743749327888,0.08905604159167402,0.09292122741913811,0.09274604825423753,0.0887265744034875,0.09443793966188743,0.0937413517382546,0.0917301130509385,0.16810102623986864,0.10860376073919997,0.08392109427732344,0.09315424990445283,0.08069525081341729,0.09552277125972765,0.0,0.08501497787400013,0.08234049936696691,0.10097310166783191,0.0,0.0
0.04802540967132188,0.04948537869027071,0.03391129983772916,0.04919257890969707,0.02479696510872706,0.03097388023293049,0.052841599450631584,0.042069636394501196,0.04433562404367219,0.038845167193304775,0.05130519265801845,0.05171660046463286,0.05576248124770442,0.045748793302393696,0.05047440292184125,0.0664466663005571,0.04979491388791184,0.06042173206900963,0.060537369216860204,0.04434687486240412,0.052808811943499394,0.05736910270150813,0.052064997335658815,0.04860876859468388,0.05585021321793494,0.05758671449763984,0.07019603196474951,0.06379931477189892,0.058362535456853895,0.0595952037048466,0.04287538535328907,0.05468719430847864,0.04728945634115524,0.05048480002343604,0.05062897211667009,0.05096525818149596,0.050593287138197836,0.039833006936647285,0.05149127529264701,0.057026490542775,0.05092349617262133,0.05513945109797191,0.05577920293208816,0.054810714035930505,0.05806626784984988,0.06120904375209534,0.07134637800753063,1.1486404614178058,0.06692561300928135,0.06607508331806772,0.06579122898512543,0.056515557277908274,0.05219906741499191,0.05237404509044338,0.05072559629340816,0.05223716991643559,0.051952548979835755,0.05014451224962688,0.0503208253985262,0.054063410626129856,0.051920378632180325,0.05397431888506086,0.052007005174392225,0.04776519894478077,0.04434821612993424,0.049391181465911385,0.049105458226198315,0.04860826577509709,0.05195793403000742,0.05007612896359568,0.05151328192190979,0.05262426429620438,0.05374369650929547,0.055028568655553535,0.05199665433513916,0.04681551331207406,0.05174906416747349,0.04391522094312226,0.05099369812350514,0.0,0.04579577110559175,0.053990785002075665,0.06636170778319303,0.0,0.0
0.09036398196833269,0.09223238989207719,0.06359789815673542,0.09183574947278657,0.05377839408726285,0.06894543729677582,0.1313557296104094,0.09980710858979931,0.1123327942420886,0.08870277939677369,0.11212531256160815,0.10373596545585932,0.13329259069615715,0.08609209995739876,0.09088792393911878,0.08871219685616512,0.07533305117690281,0.08890477313825655,0.08869868999327409,0.0788662949009133,0.08559173714516499,0.09407221710602948,0.10119294322085202,0.07651543381281631,0.08331891977311953,0.08721954044851368,0.09210567901520077,0.09214997185259324,0.09263928074411673,0.09354295405443819,0.0946993662580276,0.08717564759460303,0.08397704235439057,0.08728503162819494,0.09277449275208488,0.09619953350977561,0.10369228070915422,0.08433366967853707,0.11491201402524727,0.12731042298027714,0.10355391302466783,0.12051943820959571,0.19687077410521195,0.21189148791240975,0.24819546607708648,0.24942896976024337,0.19143828770002028,0.23134410077451822,1.2564673260828316,0.13253708042038376,0.12040072472597396,0.13739260441662088,0.12512056048210707,0.1243975898001057,0.10412782209242263,0.1052019611694973,0.10286874852161317,0.13370518663971842,0.11514405292829664,0.14838535158578947,0.1429883715939503,0.11583843108610227,0.08828269860439054,0.0864632539211058,0.09083864179255484,0.09320194807546754,0.09153221165644736,0.10140751806776037,0.09733863839908134,0.09262839190437852,0.09880073666761441,0.0960118388968156,0.09418891868891534,0.12904174895293008,0.10434382666596055,0.0873783842278676,0.09618476201535275,0.0851422114254104,0.10228178508833383,0.0,0.08845986725922272,0.08485451535233075,0.10391471516526245,0.0,0.0
0.0571421653484691,0.0571874319770424,0.03977511355413656,0.05737026929610226,0.03194589964488066,0.03906302877100894,0.06867574528460833,0.0489981343790178,0.05746695937538909,0.049253005427842986,0.06598854737190539,0.06409467472878945,0.23556432977776676,0.055164831467977536,0.05703770302378192,0.0545676570164257,0.047562372324382714,0.05557612793750302,0.05534710657467037,0.04901121471269343,0.05509137886431399,0.06014585124918403,0.06560390139191107,0.04834391374837213,0.05249642071240845,0.05527772407696092,0.05648151956350221,0.05706966883267892,0.05868335800901792,0.05939605282800341,0.04998864791675941,0.059596680855264574,0.053247975779378336,0.05605926122123442,0.058193559413214586,0.059274616215143294,0.08166605854497758,0.058762938217758486,0.08447031165301488,0.08188985172676107,0.07961605849376306,0.07698886667924568,0.14937099397706768,0.10291528547040601,0.09151852621623761,0.10645693635591653,0.08893340476774284,0.08129699110154952,0.09024860206078672,1.2352054543159634,0.07395539597193354,0.07333199270104353,0.07486090024129388,0.0718686904752055,0.07076918217652435,0.07814822575189545,0.07148525727247204,0.08337627329536616,0.08521575585223945,0.1310184498972229,0.08245577037026582,0.09351942280382962,0.05884795143101978,0.0599726225721983,0.05899227147709524,0.060060231326684865,0.058924315739394766,0.06012055331764677,0.06275612249426167,0.0590516628331989,0.06208140420815187,0.06224181581821669,0.05981228492398434,0.12703875317469562,0.10068222392182334,0.05558006171874062,0.061977855709480285,0.05468882626543417,0.06315787440152598,0.0,0.05723726543635774,0.05457326317951359,0.08959221289795229,0.0,0.0
0.0686207678019533,0.06960782370428854,0.052560080676260945,0.06934473273869622,0.03435627028117735,0.04073442153870131,0.06943045904468663,0.05847946801178728,0.058712906428035436,0.051386955760981956,0.07048950465331548,0.06786850889906139,0.07105329470174454,0.06583708455216054,0.07429401457665684,0.06491529728894288,0.05527612402151894,0.06729083792652572,0.06549994957282003,0.05648049422588058,0.06051066738948078,0.06590815909974963,0.07098698734596932,0.05434099295694185,0.05901321980514259,0.06963156143725432,0.06373460785375769,0.06475041357872807,0.08008815323567492,0.06669945339057634,0.05941677421459322,0.06271245982782593,0.06304977336661616,0.0675515324813278,0.06445889529550111,0.06516822999235103,0.0619641128903992,0.050004967494223576,0.06467940727898179,0.06553020735387845,0.06508724355252808,0.06393594773164958,0.06632332796093146,0.0630733915175233,0.06813077905716501,0.06889889866579278,0.06566922928077638,0.06923732110674635,0.06768626456851587,0.06593943026930056,1.3134228544600857,0.06815977388924951,0.06749478574262664,0.07408685698279555,0.06660194483830661,0.07711049764277902,0.08155987711166758,0.06614987659288916,0.06533391771125177,0.07025795251848774,0.06532889455454184,0.09883266259729954,0.06890774648626032,0.06681929015112724,0.06389744995101976,0.07370786494468447,0.07754156268764531,0.0697131825198636,0.08143010850890657,0.0785514266174265,0.07488254286782539,0.0751684948300808,0.11809853850337457,0.0752215307841454,0.07184795265092966,0.07392317272925332,0.07752765856310907,0.0631102623568456,0.07016501228148009,0.0,0.06627792914263636,0.07130480224806783,0.06495389290759865,0.0,0.0
0.028702721436583922,0.028935180626419543,0.020742088704403812,0.028936457900196187,0.015111182631467044,0.017773477098028935,0.03094467002646608,0.025076067374508813,0.025847026505647557,0.022454724475306952,0.038656768483957105,0.035163890516728205,0.03819772486273685,0.027253985793458998,0.029334547769466462,0.02716831608261562,0.02318175027925507,0.027932885306646532,0.02740466168376477,0.02375288313603543,0.02580409435464491,0.028705674087862183,0.048082468756714423,0.022991590361266384,0.025066029321349038,0.02786651553395332,0.026676448103794034,0.027098657650374013,0.03058227980318652,0.027873382662276246,0.02518094765517987,0.026167149316198037,0.026161034438842785,0.02757901415240873,0.027877756928678166,0.02790919814335811,0.027795150103886224,0.02276566135137409,0.029065493483423625,0.04476490728316522,0.03226319837676966,0.031525186903819856,0.031639368570755964,0.030729998145748064,0.034173860214565456,0.03565932477932805,0.03601472434796687,0.04161179577808054,0.049681684848312126,0.030884037603886038,0.029668418825524873,1.1127740787895435,0.02977420505245879,0.08208165597925246,0.030884679714282517,0.0316353953847529,0.02979960771502783,0.02909581212023543,0.031840536114169524,0.03410338178178185,0.035948909345494356,0.03313046847374438,0.027097324232619513,0.026588372545907353,0.027920701980836633,0.030924180247871767,0.031101405870070382,0.030528670985658042,0.03350631368555846,0.03136544365237628,0.033625663403432045,0.04167480738927174,0.03668089701294086,0.037525584967683406,0.031550767077882694,0.029857271501263414,0.032038046887046076,0.026577132926608682,0.033120584122615045,0.0,0.029620402181570662,0.026491775909296314,0.03268767973070363,0.0,0.0
0.11738570660319948,0.11840446705185911,0.08383759488650333,0.11852552335879392,0.06696724140597289,0.08700430708359931,0.14915632963009068,0.11197148589426169,0.12190824040375237,0.11380343842457451,0.14950130282271756,0.14519226929390766,0.19718775886459286,0.1119797764330774,0.11804280769233137,0.11443843692075452,0.09784646372944028,0.11624554537181288,0.1147096520884246,0.09899739748577188,0.1085188986999739,0.11992770952131016,0.12997027223509272,0.09776772866560017,0.10620376003172674,0.11572167791020836,0.11912955465471518,0.11966704242780456,0.12157680961633625,0.12047716133521788,0.11074288505508863,0.11275876740822206,0.11009213701836393,0.11469919698011585,0.11755228547862953,0.12278719146168605,0.13249187823262226,0.10833575334466093,0.13529392998633952,0.1612264284019552,0.13997607732160433,0.14147226975249078,0.1922797662198437,0.15401909341467818,0.1825005157822728,0.24767871312447282,0.21411703396732507,0.2373045307504542,0.2657358554824845,0.14935084979660365,0.21808076384992994,0.31517345700938776,1.2941315842637646,0.22465041030983948,0.21127803317664895,0.2065952235365392,0.22393662133520223,0.18752528454160866,0.13778806092148554,0.17274140916609756,0.2091688163172613,0.2203992886741608,0.15239234127065443,0.12313384315784649,0.1209542592378054,0.13252375057556068,0.12807087276285306,0.13144682421751774,0.1294644125921269,0.1246777089644962,0.1333597141957057,0.13849358095426298,0.12783504682874927,0.21618600140938818,0.13574209191402287,0.11921498285995646,0.13249113004266405,0.11118852242960199,0.13797966700667288,0.0,0.1192077318877327,0.11338114246550991,0.1260972812181611,0.0,0.0
0.02861409602249251,0.028735951960733433,0.020049711851363245,0.02879415683185294,0.01512527361482823,0.01752104016679993,0.03016678410373602,0.024426357545851585,0.024976831181801884,0.02211900900354109,0.037307807693102435,0.03984807723664474,0.03276267659335382,0.02708113348825456,0.028343593278797746,0.02686988999280645,0.022878143888677833,0.027860610998880483,0.02717267752899531,0.023523345853968522,0.02559291649917365,0.030070155989413802,0.03193697828231773,0.02239981771665264,0.024762424579957174,0.027349849349957715,0.026291427249422454,0.026860675841756346,0.028593434372539778,0.027793235199763837,0.024622184889493096,0.0265932739415102,0.02593518092441479,0.027291317786161496,0.027930805119024904,0.02746903295686839,0.027040659414567653,0.022181150361263443,0.03188936466139961,0.041298893933211754,0.03278259087970889,0.03179645282889729,0.030116900779143297,0.03327432523511906,0.030604571971586166,0.030091665433479308,0.0340381725015826,0.0325042342374727,0.031986064661384546,0.028711324290010914,0.0291533397232097,0.13594198488951525,0.029823244016621526,1.0520882699433574,0.029705084236732328,0.0312336703598357,0.03134315574770969,0.0325341949362305,0.028313281783044233,0.03677776001091632,0.039210569132692476,0.030961757151680543,0.02625925271382778,0.029286262721881225,0.02819765153784188,0.031496988236858946,0.031126827344776883,0.03148986175983999,0.032724551203001044,0.03121508855347828,0.03495612089706384,0.05862082660170763,0.030231876483194534,0.06445094102782203,0.03039287962652245,0.030089607580636103,0.03282369607763981,0.026542732962208673,0.03571123710821208,0.0,0.03564711858314862,0.026444638301549344,0.024107666291146482,0.0,0.0
0.061045163103298446,0.061036882908531154,0.04246380811911027,0.06125485099201924,0.03313649596938316,0.03910138502396407,0.07216339027209971,0.05199858514177777,0.0560360925351499,0.048552714501126526,0.09057792327425325,0.0847273584835037,0.09312984646440982,0.058292858847996426,0.060789506137756986,0.057969388418894575,0.04954581506957998,0.05920244813442091,0.05833667186810409,0.05338017054978226,0.05999659173323018,0.06248397899860867,0.06460692353215852,0.05149489259114081,0.05580060907144388,0.059311948489904294,0.05679304380791546,0.05865280144817138,0.060553984175652276,0.05959781368933208,0.05259054305432375,0.05875253015917021,0.05751279453501085,0.06077450753640025,0.06565817844890139,0.06931200904238537,0.060548038446064566,0.061403627444724336,0.06264317553110504,0.06842067063551449,0.07117455255393397,0.06689152254505734,0.07106094548726258,0.06313522740128207,0.06905447515615806,0.07347566386570537,0.06920650233779405,0.0689575125739412,0.07253744324284604,0.06651691345147141,0.08091406114215567,0.084706967675929,0.1068098004259326,0.08255880802402024,1.152083073512783,0.10093044539924602,0.0905721964749742,0.139833410169995,0.07472090124076972,0.07833479297400558,0.07291067318660314,0.07681427160236973,0.069190531120004,0.062425653249032514,0.06202157364105972,0.07013146295921155,0.06683472017102109,0.06838693167211904,0.06748570191306161,0.06541892726164311,0.07212395117318111,0.0689042429478178,0.06387780079405025,0.09783312154700212,0.0801355263438894,0.06272851690137676,0.06823557614592939,0.0575755716248269,0.07648422144843302,0.0,0.06097240436947579,0.058076440107794135,0.05549411788197352,0.0,0.0
0.08868230293127828,0.08864963054040721,0.06348595872802036,0.08957756767285872,0.048504748535417586,0.05529554321840696,0.09416279483578571,0.07618394908039136,0.07920225007719184,0.07001610818733693,0.09406337819435473,0.0954659682163957,0.19351052122126994,0.08460781533243793,0.09009712628427442,0.0848406264063673,0.07399997874039622,0.08774922963606371,0.08603305124451979,0.07396927239122429,0.08047790885383337,0.08849035035154922,0.09354104578901482,0.07337830839871462,0.07954951834596705,0.09119914241606912,0.08398811767080419,0.0863343411365836,0.09274244219953366,0.0880607891465675,0.07751743716330928,0.08410854225033387,0.08183528643203586,0.08680204209031342,0.08693109674805469,0.0871411631874152,0.08943234619291983,0.07612065357707475,0.09133960510962855,0.09337306015576304,0.09113703762092637,0.09039351595819387,0.09951450672478526,0.0894533212003752,0.09788960197960245,0.09723840904733348,0.09765343124496347,0.11729757087976019,0.10663788073925856,0.09416001183062289,0.13685019915555066,0.10481373007559014,0.12305392231228975,0.09882267401600754,0.09910472706019785,1.2425206857794737,0.184799568510765,0.10298776857804184,0.10287730136113891,0.20317166018814922,0.09725904225528645,0.1317645499692769,0.0985301707028344,0.08758536739138205,0.08931265899218516,0.19474924904459298,0.1657766388095107,0.0919714789347391,0.10402012227166242,0.10141924579540293,0.09828709398649417,0.10447370515371127,0.1078769320435021,0.24253780358883165,0.10092391862300569,0.09270292559173084,0.1027407901285864,0.08337806714849039,0.09567201745446836,0.0,0.09531481850177169,0.08652324695956547,0.1489543051101253,0.0,0.0
0.07109257198334407,0.07126619841827499,0.05087449454860904,0.07170114215813066,0.03861488032776602,0.045097244694671926,0.07670381430990471,0.0647078761369535,0.06457139725130727,0.05746431093170752,0.07707200037514807,0.07666707251281697,0.1280838477664745,0.06786380010537808,0.07236980663549888,0.06836517344218977,0.059026686901925196,0.07085111931835367,0.06951940879291392,0.05972351976226775,0.06505250747891418,0.07166309867581579,0.07549517503780091,0.05831757778264608,0.0635485565833162,0.07208761027772263,0.0680999246909969,0.06951601772277004,0.07492380937218804,0.0709113534377345,0.064651702898805,0.06784643070329344,0.06590497761188911,0.07163782149164923,0.06968102583744461,0.07128050053192748,0.07073084043219098,0.059333894151583376,0.07288148556420977,0.07843214276852123,0.07538985424019043,0.0745498825688795,0.0827275543713996,0.07322817946501343,0.08062245052159062,0.08485404518482491,0.08204084457029513,0.09609458175602392,0.09059516709830276,0.07584997641024396,0.23003303218840676,0.09261830557757074,0.15828087205620528,0.08669641184589769,0.09117380182798188,0.5052878749216096,1.255020720594622,0.10957578045445046,0.08080808140144247,0.1430767822662304,0.08108755580700241,0.16412735146828078,0.07844017031968457,0.07316609142217766,0.07301168494742984,0.11721446772249225,0.10328730605136945,0.07441832125061526,0.08238617573001303,0.07955597789889396,0.0798291981695644,0.1420027517737056,0.08603198767445742,0.18141455854694324,0.08067631859866325,0.07398515794206002,0.0842480403205969,0.06726268327213926,0.0768500991532687,0.0,0.08257818888447531,0.0696713377704694,0.09209157929842864,0.0,0.0
0.04383185702682507,0.043715109908455084,0.029507775061381424,0.04362163776747979,0.023283135961338405,0.026726391174269365,0.04597945138155264,0.0350166981950437,0.03837830306170243,0.034302868871438075,0.04577777077531552,0.045478940913522246,0.0521821351267106,0.041195847279293096,0.04266652223607644,0.040072363979918486,0.03419551667072503,0.040717904605287965,0.04011406486403706,0.03624336760229223,0.0395495009722987,0.041451506424493564,0.042563798292519044,0.033868732122668936,0.03695551812936459,0.03978348640838252,0.039099301915899935,0.03975724661597348,0.0413426357745266,0.04095024779154772,0.03590851361547265,0.03838826170064415,0.03919123904481823,0.040329815059264605,0.04039171160624507,0.04214927147468521,0.04134085809662123,0.04573621626963122,0.042563303417814266,0.04484812290144494,0.04585437655826336,0.04403740001285862,0.08712990771064257,0.05866200121543428,0.051865517294617886,0.051132766393522724,0.04868026519368334,0.04601862724758029,0.04966966602445602,0.04994747595780927,0.045804141003024205,0.04741874133317559,0.05302439039197365,0.046179237717706455,0.10696415327300496,0.04799692070836287,0.047761539473859214,1.118257235452201,0.08078886360206775,0.05852007936713669,0.04953364999346132,0.04768957952881189,0.04848827153175079,0.03922950998354368,0.04910222256690119,0.046602145814878405,0.04292341064717384,0.0432794942821978,0.04749283266758321,0.04408296835615663,0.04516823105434363,0.04564054930487979,0.04348117756290253,0.05915542161887373,0.08723657292083063,0.0406804058866428,0.046145712608976854,0.04261716613954814,0.045402385719412304,0.0,0.0443735138490776,0.038370791546606345,0.044857305000705804,0.0,0.0
0.24608585601641123,0.24187630333243734,0.16636635282834356,0.24300115689076965,0.13186448791288927,0.1547587348631666,0.28024917496147195,0.20399604637570204,0.23487949947350936,0.20399727195638528,0.25621496360419443,0.25190969956538395,0.2857427066717771,0.23398303380435276,0.23904430545623545,0.2270363800396196,0.1976084580329665,0.2315168840230015,0.22896509161209957,0.2086388731696185,0.22952448147772808,0.240078510787619,0.2559546821277561,0.1976288758763658,0.21416693454763178,0.22784550752343843,0.22386062592272737,0.22753567256772408,0.23699751546290496,0.23551064911261704,0.20791949907961868,0.21768333192748104,0.22290431866131988,0.22940084596862556,0.23365064482311615,0.24301443144346913,0.25317318001657685,0.20699003637165111,0.2578684936773495,0.270136430842671,0.33324374787703226,0.27043920913859004,0.36457657632869717,0.30196328944127093,0.3248252598052652,0.29594305133424026,0.4377056694470697,0.27145257655738037,0.2918235963390235,0.27228552116601157,0.24956127903770448,0.2956336539182597,0.25986232544232307,0.2688188861975961,0.257543110832127,0.2563004314796484,0.2537146013333049,0.3523448782263557,1.943029944446737,0.30444139520362506,0.3003367350471592,0.29849137479041543,0.22544312944562533,0.2225365748775804,0.2690833652532134,0.24369724797591125,0.24053824322778175,0.2501837858414528,0.2779984842279609,0.2502760484948907,0.2562514220290686,0.26098442065854977,0.24543806979953584,0.3459150068615761,0.7409885864968662,0.2288806645607067,0.25434501637104134,0.2463340125614175,0.26202283510654095,0.0,0.2485693746691907,0.21991914677366897,0.3702761937375699,0.0,0.0
0.07513904812776563,0.07460309880458682,0.0529708150809462,0.0751897240531668,0.042606900989392626,0.04885339705463694,0.08275118887388286,0.06474277535727742,0.06992309525765383,0.06299686502637515,0.08130303580238976,0.08022161671238683,0.6249395149606498,0.0726635159881143,0.07582252901969283,0.07391126603703939,0.0652392607963707,0.07511833658076107,0.07542998144199728,0.06465271678654923,0.07021139404207424,0.07642297063819858,0.0824950395543793,0.0635968994503153,0.0695007885570036,0.07958751472072836,0.07556728785494653,0.07877142143542488,0.0784775585654135,0.07829904204169395,0.06697824436866495,0.08005454303422205,0.07076742398604541,0.07516699303474468,0.07593285328361957,0.07724012570635697,0.07889348945253476,0.0632823542125098,0.08913629221493619,0.08679163569296224,0.08399493741981681,0.0818901614832995,0.12806173725360417,0.0930373053961629,0.09469295996277438,0.09524960832281389,0.10504406420441154,0.10004156865526152,0.1411815363872231,0.09275963131016146,0.11629930761602622,0.1028342450781436,0.09018923825504513,0.08763523763689585,0.08016315045195647,0.14139732614281936,0.09666704503689164,0.08267477053040327,0.08260493499550164,1.731676446318455,0.09784273459320583,0.16559607853097974,0.07856036002332352,0.07292967469942281,0.09432370813650386,0.08230770017965436,0.0809890169553389,0.07774637884026708,0.0850582374325907,0.07955598212026199,0.08136987026456186,0.08214840141297658,0.08190460228783705,0.7253688912757142,0.08300862661101993,0.07410285121772957,0.0872018668705091,0.07618466313715934,0.08003647602200298,0.0,0.08249898549343691,0.07487483270468373,0.10539252903778448,0.0,0.0
0.05671025606055116,0.055931259724983834,0.06583692458553596,0.05655722011759751,0.037553123608301,0.0376121803999691,0.08088709770298252,0.04767032570299258,0.0532001986977481,0.05005682224452304,0.06246193367678303,0.061029455159681105,0.06693433733563253,0.05507777477125707,0.056801771102658265,0.05480975640546713,0.04728245459469039,0.05643232427601079,0.054927635029583366,0.057753232423257195,0.05935685720889012,0.05856897435203537,0.060751222017381756,0.048254304229242,0.0525054465722133,0.05552203825004471,0.05491431108396754,0.056092152980252746,0.05747196245268157,0.057478112582800056,0.049954078810961325,0.05351118976919655,0.053413022965139265,0.05546186674621918,0.055948172782932085,0.05916035343080905,0.060736105898195426,0.04546937741449077,0.06100602284768758,0.07297644349276093,0.059085298962165564,0.05957448156906666,0.0828423810703113,0.06267022098836283,0.07501571184440846,0.07088276700342665,0.06082211591085506,0.06754747162774266,0.07387334600939037,0.06626410981150128,0.05785497477544984,0.06264170153369247,0.07056762788124886,0.06399425204880849,0.058422380261462625,0.05971959780100127,0.058979838142206524,0.05659748426840968,0.05938890568816924,0.06118742909828277,1.1824965817563562,0.06079101990128827,0.05443645094258206,0.05583316497370469,0.0819130290974468,0.0615291843114622,0.05868964080280146,0.06111247866321784,0.06083582912701703,0.061399998427472936,0.06085304886711346,0.061406862535020194,0.059805212893998996,0.06396092590594264,0.06255509450422302,0.05660142718893411,0.06327491023127071,0.060792423946139575,0.06183497251659665,0.0,0.06565593761569541,0.05381972454185754,0.05241326608940945,0.0,0.0
0.04734524474615837,0.04689818773592897,0.032930644830925074,0.047270797826853575,0.025753959296403225,0.03090218841684083,0.05219903825499873,0.04111695044835664,0.04407365233205202,0.03884969023814388,0.05985486992032349,0.05545635747015878,0.11465189091879413,0.04500908754645385,0.047141042838819563,0.04530355625116218,0.0395773381819572,0.04698843839007213,0.05072228082513874,0.03959608231503468,0.04325694573787194,0.048136660392721076,0.06295581441441943,0.03997265979642147,0.04304955836171739,0.04703492276909507,0.045692441135185,0.04691017917466442,0.05617703495509075,0.04763969453429002,0.04168334500388327,0.04738342437765915,0.044590682974616686,0.050707602100703124,0.049158021922794816,0.048514685244387,0.04945192184722029,0.041324036529236365,0.051076043820393935,0.06913632327151485,0.054531010746957924,0.05659888451145676,0.05865395200144094,0.05362195800276016,0.05740089041550197,0.057862780725325996,0.05815105705038949,0.060144853401057866,0.07236768133095269,0.05439677855710324,0.06596519946303793,0.08683951332406463,0.08462754197845457,0.11038047513483439,0.05870437193629632,0.07431329971456414,0.06786491435267757,0.06032825781599092,0.061161623199457366,0.115273371116605,0.05821173059393857,1.1735288285820074,0.0815352122059764,0.04728488878731222,0.04916865214322139,0.05176742325778813,0.05114081693840664,0.049874373738586025,0.05361856843481033,0.05088020629022998,0.05306580771012487,0.07234793089503351,0.05057437615001791,0.12057121045022527,0.05982316771149554,0.048155961608881505,0.09478110221047949,0.04461148123838202,0.0531066579940023,0.0,0.05210075268132778,0.04575449464498017,0.07764912899652296,0.0,0.0
0.04307506236185565,0.04343844530475188,0.032337903471748496,0.043402175345409334,0.021743724558308097,0.025809130577313998,0.0437890067514766,0.036283216715578166,0.03720187918673725,0.03253232406283203,0.04396941069069757,0.042895282867352676,0.046845237549927025,0.04124906846492574,0.04618248773313338,0.04210153801811013,0.03624719288993068,0.04336692172869449,0.042269807384334876,0.03578045955172618,0.038432965925243485,0.04195071028088607,0.04193987503855049,0.03486831984644248,0.03792079308323826,0.05438858996681166,0.04068166938810314,0.045766625346132524,0.04910405525427551,0.0432950981121231,0.036931383577853305,0.04179723412452223,0.03993732084666018,0.04532584893825077,0.04106573305523663,0.041605398830742726,0.038760290823781955,0.03122829270400936,0.04083929033004212,0.04098627903761676,0.04122563111409534,0.04037721855699703,0.04222664159089592,0.039937662084467446,0.04273852819394725,0.04231639129096652,0.041974312292239885,0.045855831309547845,0.043429332529996645,0.04097471445884613,0.04429256480877287,0.04326267067249296,0.04300124034784208,0.04844932653046492,0.042459733623034096,0.049952454274530385,0.044430487689277605,0.04178244154229324,0.04119520434814166,0.05005826407708861,0.041601473314528806,0.05466775793852577,1.165869617918997,0.03907004754048848,0.0401410639054523,0.047242931457225856,0.05834275611833307,0.042875037505220884,0.051221976489992986,0.049476512826398845,0.04726976775001512,0.07343114433758266,0.06799796900089863,0.056056930361579306,0.045139360113224364,0.06730663127993451,0.0609844704587376,0.03978520861463324,0.044238438335482876,0.0,0.04777667827169527,0.05579805858918713,0.034382107518088706,0.0,0.0
0.12153164740674732,0.1218544286948065,0.09117048100537568,0.12297759258973147,0.06279012211852669,0.07404499869567115,0.13337328213968805,0.10211074426153272,0.10971262215431132,0.09486592810753362,0.12878638883505034,0.13164999089696564,0.12997334082174655,0.11692860578748594,0.12908359034857503,0.12121710443799892,0.11370135472856917,0.1691601186005822,0.14845445120061873,0.10625023016679318,0.1134365700768471,0.13126605249890225,0.15364575297666355,0.1004924253314668,0.11043936280490672,0.12861572803141338,0.11601748245775603,0.11823902855985496,0.13213598605290022,0.12188130293207497,0.10459462391273783,0.12404740861962373,0.11397619827308421,0.1309937566300025,0.11991299007942877,0.12546620625674496,0.11503487468092197,0.09443439319641092,0.12032901007564707,0.12080455888376064,0.1278340558963648,0.1232616321748505,0.12486613793408662,0.1169197853811903,0.12552049020187017,0.1717194944413975,0.12705112680678765,0.1226685935774212,0.12485776215004696,0.11909076464059762,0.12819761732462803,0.1262111319845422,0.12057425995192134,0.1299680934950897,0.13296951008950839,0.13133603419630674,0.12859249162339667,0.11992132051732467,0.12104994543317171,0.12948429925106758,0.12554705267862826,0.13296357827288122,0.12015304783316721,1.2077347552223971,0.11964778231240082,0.14083794093233237,0.18221216734171236,0.1265770575128797,0.14225938766665197,0.14131805615808116,0.13563561280481756,0.19677651450315958,0.16039782218869703,0.1324959746289812,0.130311733070229,0.200333486065237,0.1434006474532416,0.11478410797615882,0.13321041429908292,0.0,0.13700305397631532,0.28296990018858753,0.11762822998219478,0.0,0.0
1.2942790911480557,1.2540913080817269,0.8940793540343233,1.2788644560677702,0.8119991315855223,0.8501678737416013,1.3206714294790214,1.0717098974153645,1.1483491889668793,1.1382860221826288,1.3371152403442281,1.3272708035861263,1.2765078499875235,1.270294882103074,1.289408941399691,1.262278382272328,1.0953415761123657,1.2796869092319019,1.2592835768053927,1.1608783315145161,1.2581459808109283,1.2908150131627985,1.299972246318481,1.0908766157469512,1.207569831857737,1.2623367214800008,1.25897435693301,1.2936396056970858,1.3035572047018538,1.328346312008394,1.1528673851393016,1.2150362674359916,1.2359558448865922,1.2694841375113424,1.278164106718398,1.3766422487362304,1.3038167238276712,0.9825164175348106,1.3354429516804978,1.2875845848039458,1.2758711609218933,1.2565335916023337,1.2919899348117934,1.2153922886020943,1.3237714928079238,1.2850567252989753,1.2625254082771333,1.2622152682081127,1.3030146801213387,1.244883844949085,1.262745138562198,1.287697399046101,1.2540292253968486,1.2950657872503506,1.2786762685453632,1.298446348925187,1.2919428053311586,1.2281921284614283,1.25534889922314,1.2744945468666966,1.2894646782157912,1.2399142771594498,1.1875126100770685,1.1594190747157929,2.325363005017963,1.2791313148813732,1.2943019949563368,1.3431966205562875,1.3467954217107423,1.350531639162045,1.3402742677291477,1.3156935898699103,1.3023490501355774,1.2823675859479937,1.3083237349649608,1.2433326376045464,1.344616361304307,1.5100176744197422,1.3537998022897237,0.0,1.6601848402906996,1.2046675630757648,1.0637300462528365,0.0,0.0
0.34641270573170313,0.3445251469642112,0.24815972509684855,0.3527254414995979,0.1760223467793179,0.20722766072550278,0.34806446564285176,0.2796720382404699,0.2953541110150668,0.26114581884398846,0.3437605546157506,0.34113899943554443,0.3412010996810925,0.32877721699745255,0.3483428928395459,0.3251439869824076,0.2782028262094557,0.34000272750237054,0.3291269636971313,0.28597926086187403,0.308757872044211,0.3358372350959871,0.3359524370188786,0.2709298070512738,0.2983051172832851,0.35729795556097227,0.3154566278783461,0.3230239583951099,0.3546923746892493,0.33572499801898453,0.2866403087687815,0.3120990290592905,0.3182733112720772,0.3357903623685366,0.3240101166242587,0.3310411673251764,0.31291243625654175,0.2492067055817415,0.32578322429159373,0.32703820834501296,0.32140641856541746,0.31966251110469385,0.333904097903823,0.31429380604602064,0.34156348929935854,0.33663437861646384,0.34345685019072464,0.3437601847077647,0.3508225374277729,0.3346454193008733,0.34249837122875926,0.3367130731788295,0.32637088383350965,0.3458190925146173,0.3323091481510576,0.3437724538201419,0.3393470542101427,0.32075698641198475,0.32103347906051777,0.3419269807399949,0.32932589916640426,0.3304299882879755,0.3174728726723542,0.3087175989461924,0.3370951155203605,1.4096013711095123,0.46753557841232596,0.3454026107465136,0.4082855631820186,0.4309182942416276,0.37787311092912645,0.369731638399233,0.41968491656220713,0.344886844717654,0.366089935291728,0.3696015132368645,0.3915488875412969,0.3212659930264028,0.358649498618741,0.0,0.3358644806669567,0.3279843414045097,0.2584759463952812,0.0,0.0
0.14028794425144206,0.1427873033192846,0.10978354427136476,0.14202669967366335,0.069332146386735,0.08177497623640777,0.13901521028286468,0.11961449132190617,0.11799263429626311,0.10302592087132058,0.14234124324484376,0.13566436454097472,0.131400526599449,0.13487693996909178,0.1544742681657859,0.1315484162545924,0.11097751363609734,0.13621717601992628,0.13199382143476499,0.11504155365223878,0.12265758267208723,0.13307055358104417,0.13185575046359882,0.10806802700273649,0.11803150116907779,0.13994985448507652,0.12540282086757368,0.12912345153894256,0.16743212726223008,0.1337424854201959,0.12149431160585837,0.12633136923020982,0.12825753505946932,0.1377802922660651,0.12932197249031696,0.1315392808501278,0.12206370110146472,0.09764557282351764,0.12844895524185798,0.1275946069342923,0.12632854186405154,0.12608924223498902,0.13102477139894755,0.12581723006590803,0.1339203297498299,0.13198691718306813,0.13009319821123977,0.1295362524804202,0.13274860965093754,0.12737496170978507,0.13748182007784546,0.1329841722071502,0.12740477716399615,0.1472075290905191,0.13195094839535754,0.13755221686711183,0.13416960622922167,0.12822992275781817,0.13037040750576256,0.12993608274455756,0.1293305653753414,0.12989240867688315,0.13561272168071642,0.12295854553688672,0.1290808782593421,0.14953619391226147,1.1659820605931954,0.1385715281544834,0.16448872083622082,0.16098385794012746,0.15281482741968522,0.14984754242265472,0.2635718828080768,0.13488272574925053,0.14443909141571284,0.15287296682560625,0.1552200962358756,0.1286236357923143,0.14116441703040936,0.0,0.13410237543153808,0.12939035768943963,0.10181608553804852,0.0,0.0
0.8344039954391883,0.8339338602198807,0.5690142736172691,0.8347988292821651,0.45861827341597144,0.5793823117558765,0.9987083604969007,0.6828351202859254,0.8193522141661842,0.7940446619409404,0.8540639579088475,0.857974567485018,0.8401603079707123,0.795908896879646,0.8294631134982128,0.8324016096856537,0.7045271326872713,0.8413030247133991,0.8276393750795359,0.6940945639837756,0.7627026409637998,0.8262612208556344,0.845553141061878,0.7111328759074105,0.7631660861239962,0.8053956409480809,0.8488055237050831,0.848755688521452,0.8466875842761518,0.8531440523749881,0.7234311804330709,0.8002922269281569,0.7882055377896718,0.8150269677349234,0.9275155331544852,0.9144888407847737,0.8543528093166097,0.6902595701782056,0.8664612735091546,0.846087174328624,0.8449727401908586,0.8312392045980894,0.846782130227811,0.7951924143390472,0.8681657917021016,0.841154062785421,0.8390748116941482,0.8330117142820039,0.8595744120418786,0.837514202064155,0.8234343926964484,0.8476399377973086,0.8282817172716685,0.8524953018101964,0.8503218964328041,0.8477617970912912,0.8653462852696071,0.8158754558467407,0.8150095879190059,0.8485935525082313,0.8411015766829021,0.8114014548754824,0.7768226713618764,0.7572062220545398,0.7872517721767303,0.8833050169773414,0.866053386300838,2.407922684490457,0.9725930831104749,0.8759781566710447,0.8894536329474207,0.933694025887069,0.8618329316239376,0.8530597968690464,0.9178212024900648,0.8399249916142518,0.9494441554984986,0.8052063047555581,1.1257839175152144,0.0,0.8054150276881187,0.7757724943605451,0.6546434789684809,0.0,0.0
1.5450268561269178,1.506379997525785,1.035831570304066,1.5136820158675008,0.7615356042436996,0.9114043188254086,1.5870428185616117,1.1858218616789116,1.3169613257575188,1.1432823481752383,1.5703408925197053,1.6322615659942503,1.473633321151768,1.4582929155926605,1.4957289557758369,1.447096045505646,1.246119511954987,1.5182426687721071,1.4870591210284156,1.2711644617438858,1.3971268243549753,1.4940355746698515,1.5076641118139031,1.1984267148607797,1.3318164381230713,1.4116003803807449,1.3488270250711263,1.382546523591867,1.4581259467295358,1.4563746301863671,1.210732053729597,1.3589446246782169,1.4002372505181424,1.4620334699153732,1.431704014518576,1.4368104448304595,1.3735493848511127,1.102751345386619,1.452394111479022,1.4359315550798541,1.4152698947729043,1.4099495556074346,1.4609775910126004,1.3811896746782661,1.49852174475097,1.484083647525551,1.450315878724504,1.4580544995414204,1.5060986081576557,1.4268847449033961,1.520632461022381,1.5029456782764763,1.4312635570415573,1.4867535041688804,1.515205936659728,1.5282213371428557,1.5391879114806906,1.411773847025096,1.4152568255634408,1.4656588365690173,1.4760242871625542,1.4638399953998955,1.3750846878575358,1.3741400049278638,1.4021159264757999,1.4938605574625783,1.5137457948639077,1.4959737034932619,2.5585527720484107,1.5231131475243185,1.6117683833990206,1.5944666075159568,1.4874874561668705,1.4805291902162145,1.6356989488749774,1.4558416671472607,1.575511067544754,1.371736163322427,1.5812261434099337,0.0,1.4808473534385094,1.3538831528027437,1.1248940092906805,0.0,0.0
1.2057805312401284,1.2057823091063034,0.8777333541066924,1.212728158853643,0.622335498274601,0.7438091948604827,1.2389238152592585,1.0257571640059877,1.0345454128628553,0.8976846087615323,1.157430446333293,1.1523332885341444,1.1186672401705633,1.125065628522769,1.17989761196914,1.1191245253334652,0.9526259429168106,1.1602652847222643,1.122326173783763,0.9814207363450745,1.0569968529143958,1.1180166706553527,1.12234742187444,0.9138823199150883,1.0109065407000462,1.1252081026807288,1.0739199616863497,1.0978894525492264,1.1582612840445903,1.1342294981812129,1.031988508996968,1.0496829773897316,1.0836623026029206,1.131973714259909,1.10732193018822,1.1366850111616627,1.0628854318581566,0.8505757431746375,1.1095157204259043,1.0998871202791247,1.09259888039992,1.07735584008405,1.1160670052428734,1.050219946770219,1.1409290793185713,1.122648886454784,1.1170135860594166,1.1056404374244289,1.1310920218301945,1.1032312869502414,1.1178118645087007,1.1273189189780686,1.0805957103796975,1.1226191102552048,1.1116505766668014,1.1324667162725823,1.1370267789334365,1.064094909218991,1.069578556575414,1.1096018662222835,1.1029651026336529,1.0885526178889493,1.0471865432803185,1.0279344407985338,1.1662946658085431,1.2181905913943938,1.3131211216479035,1.1845677152282146,1.3377821488442176,3.0983991177191887,1.4310213556470548,1.272231460862987,1.2221006686780802,1.1336340194746088,1.2664577347407873,1.3268009424085054,1.300132967273533,1.0910510162650655,1.2101695684178695,0.0,1.151882901432386,1.0578399674272445,0.8694755427834039,0.0,0.0
1.5998720890288438,1.6554970816411194,1.1223630273017298,1.640474112136536,0.8614283089229342,0.9424177116780792,1.5742016545683795,1.5472036711094004,1.3180778306449457,1.134987729643082,1.451634588929757,1.461949420136185,1.3989381819341349,1.4644234002083607,1.5640977656426394,1.4370082890818396,1.2015675540059974,1.4795187381251034,1.4371729208755633,1.2423249306582724,1.33487404850028,1.4197478331051405,1.4174991128117864,1.1483994397497026,1.2707963128800472,1.4588816617350298,1.3622710220747654,1.3812544468942023,1.4677094265074684,1.4337260407242702,1.4741293539611937,1.3269921582228312,1.3820969547789488,1.4291724696323986,1.3743658167216755,1.4151848245349223,1.329963513041084,1.055631222707445,1.3832410827032553,1.3673484569966383,1.360661049776764,1.3427039524597424,1.3902173681024153,1.3102444413286312,1.420249846280842,1.4031241630187115,1.4084447003637408,1.3858840487555337,1.4167716373367656,1.385558703911518,1.4140982532883322,1.415805910156431,1.36170597696982,1.4193027464146355,1.405397375947998,1.4399760434006514,1.4583575105832285,1.3411868898313275,1.338931227074185,1.3974170837562414,1.3806431589782928,1.376487926428771,1.3310591779252348,1.2979795063284596,1.4548039237410924,1.5753363915628977,1.7321980989065158,1.5264785851420102,1.7543334051008186,1.8654703827837154,2.6548187359383975,1.6450630814035623,1.590075044229414,1.443336315228033,1.5699232390835274,1.6750571690012726,1.7722518200511261,1.4283746928630805,1.531625485782435,0.0,1.4736309698420293,1.356427774192662,1.0909736610913716,0.0,0.0
0.13499567381635857,0.1352026025031923,0.09550555372317654,0.1355875709663529,0.0717995782414401,0.08482929651508302,0.14290504516135075,0.1159452804374571,0.12183616111381038,0.10757240513107558,0.13789845200123688,0.1378028690072787,0.14145503291149783,0.12958968534352738,0.13795355488850133,0.13323431784154838,0.11315156692845993,0.14364524028359438,0.13660764656407054,0.11758944343082202,0.1303776482366603,0.13861645258691377,0.13941321562532205,0.11009009419889418,0.1226931628582364,0.14160293543201116,0.12901299522656304,0.1303450884053407,0.14090766006712258,0.13638389710429255,0.11645216284632785,0.1282119710174252,0.1273790512580692,0.1406164555211638,0.13522305146980468,0.135884567985273,0.12612811905216073,0.1010642710699176,0.1324785705006056,0.1336634401343112,0.1333897889478986,0.13253161768622349,0.13822620189666296,0.12896886277067593,0.14057895169529835,0.13938436527225062,0.13916346236435304,0.13852022910587017,0.14140615539190124,0.13698933970395483,0.14758155583091334,0.139307152446604,0.13910723994197066,0.14061785070319208,0.13972786059349257,0.14762142991616595,0.14770986160555327,0.13413450243138653,0.13071886391566043,0.1363917492513298,0.13726448534380567,0.14095180011548927,0.13095091606559803,0.12734410761309597,0.12666798471701307,0.1435172901306073,0.15442755261921493,0.1368100560633277,0.16413364964833496,0.154568308980862,0.16037542894943643,1.2283986958694406,0.156208103835235,0.14310350073068331,0.14272289916175332,0.1463926528461686,0.17257930155809303,0.12519362870217762,0.14346443527744593,0.0,0.28405477293286957,0.13156791970442983,0.10528724098119809,0.0,0.0
1.2009454919997484,1.2221436047320182,0.9407558670706371,1.2156787116891126,0.5930069652116791,0.6999690584251097,1.1901315334246054,1.0226332618824905,1.0102856607129775,0.8822524852105885,1.2197750310543918,1.1619864363974843,1.1255904659215328,1.1551620791085844,1.3238296603446242,1.1265910886872645,0.9504985016466179,1.1666366491063882,1.130439864379069,0.9853297958700661,1.0504858474216432,1.139873987654699,1.1293899212008114,0.9257374220842399,1.01096650914298,1.1990515712220875,1.0740151886560252,1.1060369629520501,1.4365374161568212,1.145580043620617,1.039415018500416,1.0822986798817473,1.0985460409400511,1.1805151027496474,1.107803179636322,1.126671314474269,1.0453882958068275,0.8363248962155926,1.1001922857546684,1.0929234297781931,1.0820286449355083,1.0800911828297328,1.1224061407074444,1.07797674835194,1.1472155891201885,1.1306285524456308,1.1142208850650202,1.1095713458715362,1.1371128904829,1.0908920349879023,1.1780451380809924,1.139156081713811,1.0913237450882363,1.2620738929482467,1.1303010649617895,1.1784648671007452,1.1490923015557715,1.098605782965734,1.117124078547862,1.1129432566260664,1.1078316647681574,1.1127184149370761,1.1624948194015703,1.0533564241378066,1.1051324670494227,1.2810641398039808,1.3675237160333873,1.1866445637725378,1.4090045473611152,1.3778986623982505,1.3015296449603995,1.283246744902249,2.266654039737419,1.155365908591581,1.237045482376686,1.3091790046625809,1.3287580528196834,1.1013729583248733,1.2090193355977996,0.0,1.1483997631059242,1.1085251331131138,0.8721160141229002,0.0,0.0
0.008132890122328994,0.008322037916065811,0.005616012467722466,0.008274487578879013,0.004213281516791431,0.005338376739732142,0.008833966125679434,0.006439776040019583,0.007363754343390026,0.006606728696852325,0.00845891896299915,0.008802744729336617,0.0096756574727482,0.007809024290605783,0.008547668661063858,0.0100067505262199,0.008977143073155348,0.009474789119305408,0.009468204004624703,0.006733664496636204,0.0072436908863567784,0.00850667900974266,0.00872565114947596,0.007254290585843158,0.007592414759666209,0.007957427454435007,0.012770480030660445,0.015675532859474678,0.009323382406435654,0.011295548993392334,0.007310185391684068,0.010305360717298491,0.008074688004307185,0.008465391917843259,0.010278740103316673,0.008218996851487338,0.009731077768334586,0.007502492173015546,0.009380755634125377,0.009400199953430376,0.008920192284119312,0.008735772852214104,0.020171447131131056,0.0092317668733589,0.009690401576485803,0.009119709051395735,0.008748095288559838,0.00867104893122808,0.00920931567970705,0.008527856303461066,0.0084778477525849,0.008858115158132809,0.009041963374053842,0.008827402627878908,0.008978756224419904,0.010040837348259835,0.010598350574856216,0.008781181368673101,0.009854432512331725,0.011727366269511836,0.009449703712603078,0.00861177289998623,0.011106190702293836,0.00802035217283545,0.0075724966472914225,0.008202682359881351,0.008102858460153475,0.008072930918897667,0.008325337696145378,0.008224768205791906,0.008480079185873363,0.008718619508970809,0.008264728755986935,1.010887977990594,0.009013977953495109,0.007708461903188409,0.014210413777515831,0.007915375145730954,0.008561884170568466,0.0,0.0077741521875967865,0.007880151716294801,0.007292955610597021,0.0,0.0
0.22003608266946567,0.2128292253144753,0.14790436256535489,0.21502854548145148,0.11571077522306458,0.129816973969443,0.2157541870952618,0.17522272417457238,0.18330052857462856,0.1672281478528991,0.22245767394869617,0.2182092440583845,0.2025708950730992,0.21337384473344417,0.21326303694901075,0.20308036931422796,0.17376219310953156,0.20804361436744115,0.20515869246374993,0.19852612529591498,0.21901687422524718,0.21162378031151108,0.211309872783875,0.1722660890584732,0.18982060752468258,0.2039402599456047,0.19679956235823184,0.20098021964612084,0.21068657024747833,0.2097384044104543,0.18204487924540813,0.19163537670400316,0.20170551302750467,0.20630831727547874,0.20315044898107226,0.21562602875356526,0.19663019124076853,0.1539739334115307,0.20450494625055857,0.2034061655944199,0.1995847643168942,0.19790900466057615,0.20317901813463804,0.1926055885527459,0.20887391360485216,0.20449029991051149,0.20164920211066711,0.20292737967014762,0.20731021174048356,0.19999044632490792,0.20386197754560748,0.20650832864434876,0.19837427367146582,0.20658796764918214,0.20428078655143175,0.20785545857521648,0.20712410372829881,0.1950878514998406,0.19701933873189528,0.20191076252318732,0.20478033808835822,0.19860692573648728,0.19142083889180034,0.18904281277845825,0.2643113554908197,0.22138501335517394,0.2173731138618973,0.2170646867689475,0.25455085886355266,0.2339538676936164,0.2299268516232839,0.24332464367355014,0.22205299911171497,0.2053109290412685,1.2487401622108643,0.20602754800263798,0.22845179814164432,0.2293212994298687,0.2212262139393823,0.0,0.23399391222492846,0.1937990181154245,0.1615865580757612,0.0,0.0
0.18907152757202603,0.1913368093540959,0.14311079048539074,0.19080893204106777,0.0953704875914726,0.11152253336083642,0.1890937795229678,0.16180251882372304,0.16005498671891277,0.1404706566271887,0.19003693842873481,0.18417082372901564,0.17903535414079536,0.1807460265736191,0.2020016718479853,0.17731689130767178,0.150024781959363,0.1840600441886956,0.17848759948178106,0.15531217856000595,0.1666557226020008,0.17982128952975138,0.17905161058244023,0.14588329210228088,0.16005487075643238,0.18734658030890014,0.1699637836562165,0.17413602488363952,0.21384224771017019,0.1808722787429712,0.16354162678879336,0.16983072043809927,0.17249767425333468,0.18420295083546212,0.17489292991860603,0.1781126241149099,0.16579004364214037,0.13244476569350971,0.17413874920193773,0.17311710017638246,0.1715477549405519,0.17090179338116998,0.1777364668968115,0.16943319652341915,0.18153438393617616,0.17911067770783898,0.1768638814354796,0.17617257695887428,0.18057091104421066,0.17327807948245597,0.18633624946843083,0.18029482787788434,0.17393919979789862,0.1939870068376694,0.17922015952595635,0.186658524464189,0.18346997731351308,0.17323386649696237,0.17473043438326838,0.17667031546298942,0.17574219013714706,0.17696891316692118,0.1792296599535661,0.16593768626084152,0.1783378066103369,0.20340767707559418,1.1364566650188184,0.18656000191122016,0.2252570613806799,0.2172713096736274,0.21530379712290662,0.20137437030356856,0.3093219062329754,0.18752041272089343,0.1945225044114323,2.223569225849952,0.23359635331059556,0.1740939106895767,0.1903599243801362,0.0,0.21823500037372323,0.1737282238019527,0.13797205403404625,0.0,0.0
0.07660640246033062,0.06536821759672566,0.04678002299645199,0.06917077935292298,0.03335901009312717,0.03979910737764863,0.06836572306941054,0.05354968288694856,0.05651278655980569,0.049773822513066425,0.064116288145564,0.06402712310303164,0.06408180620943778,0.0668167934929857,0.06674472597070985,0.06303669127919513,0.05353854903888577,0.06592411923475684,0.06345713624836385,0.05428405180233562,0.058923472085462766,0.06298693329199623,0.06320709519725082,0.05121174970962989,0.056883616471197246,0.06241635251830687,0.0597209973826163,0.0618009539396079,0.064164481863316,0.06353015424255154,0.05505431780656326,0.059235755214483536,0.06352693608807145,0.06521677338355586,0.06179235490617249,0.06260412963069435,0.059318527387626864,0.04749292020843666,0.06231611637423457,0.06171083023888207,0.061294018589765936,0.06049287094871622,0.06454123540128161,0.05920759095493053,0.06442217588744803,0.06301777044907521,0.06278541966152665,0.06233379850364283,0.06392639145321459,0.061904029179340125,0.06330328551410465,0.06322408980527275,0.061697346968642604,0.06339479740254167,0.06292908193809663,0.06502044175418398,0.06465185971187477,0.06042222024364325,0.061014311347028824,0.06442543850684564,0.06253022054169506,0.06192450245006232,0.059063445070228496,0.05739539709416773,0.06091221852531913,0.06986895923258843,0.07005265784654177,0.06488688120767486,0.07083324446978902,0.08865992043815348,0.07075247633835949,0.06820278085640143,0.06521269678868055,0.17802677338248793,0.06718098937666055,0.06759121477409154,1.110241079675682,0.059015543105733835,0.06487124588262637,0.0,0.06890314029798968,0.05888515549781928,0.04854855463565021,0.0,0.0
0.25827930985630143,0.2586892639067606,0.18613242297974145,0.26015757196271533,0.13340302663012846,0.1587948152422907,0.27148253116453086,0.21473611675632934,0.22575324565276123,0.20066543379155166,0.2582894272832345,0.2580775566231627,0.2500276364222431,0.24528141180487598,0.268984392482525,0.24760805696864935,0.21216956239203724,0.25865427253700246,0.2505399927200063,0.2128258240346457,0.2310832375104145,0.24871810458218266,0.250708226444029,0.2044879330967084,0.2247855434161572,0.26493619266875656,0.23978355307323232,0.25040878890632384,0.2714404038531557,0.2549068183100862,0.22084085329521883,0.23688381868611377,0.24535526081788483,0.2572274659196335,0.25115089572234517,0.25015102783687115,0.23482792055896173,0.18782870197491555,0.24557247772635812,0.24332358895042314,0.24144842228232222,0.23923486696203544,0.24853484419357422,0.23614517420351994,0.25331865188543484,0.2502001918270955,0.2469483529624108,0.2461442919167317,0.25293724127083983,0.243486223811431,0.25572095980120446,0.25210160911924107,0.24579116693706365,0.2601190056408358,0.25220057696869835,0.2613486763318684,0.26146609345015864,0.24266080800940132,0.2432221736859036,0.24967852147775507,0.24626671047792245,0.24544527681501058,0.2414135193956908,0.23121210925339072,0.24452244619886973,0.2946663111480628,0.2798861743591037,0.31444565461565493,0.3227315919980659,0.33082066101223584,0.29402268668689063,0.2757934125407601,0.3214722115260972,0.254356739359845,0.27225342781931966,0.26818649569824904,0.28272889579154653,1.2399468922939512,0.27419205609051434,0.0,0.2489695555954461,0.2445616411603952,0.19320637131881688,0.0,0.0
0.35543862051628367,0.353854471242605,0.24416553305837077,0.35547586260412856,0.19863076530117021,0.23689862871324563,0.39879952010151887,0.297337905560741,0.3339281307061926,0.3163870609660244,0.36027264858927316,0.36153484465657804,0.3499843016368355,0.33982851193101926,0.35257705298298125,0.3474741748978365,0.2957290068846328,0.35309087870206685,0.3469965456146281,0.29933209603783056,0.3270389917527852,0.3481976414308726,0.3537464531939648,0.29686520629812757,0.321629853740219,0.3417316779080312,0.34821379443997447,0.3515230894518229,0.3552876577447786,0.35709062142819514,0.310850056554293,0.3325239660640929,0.33296277689601106,0.3439438363700946,0.37083028021476533,0.37663731681190454,0.3518934039040211,0.27904518818892654,0.35927416457396066,0.3508067462363146,0.3494080874975878,0.34414683007778524,0.3522182186993414,0.33135981223696925,0.3608735260338009,0.3509197085785253,0.3487562787047074,0.3467802870020461,0.35744790419920675,0.3464098253353189,0.3458176726337789,0.3533958054508109,0.34387681488964617,0.3550200641852046,0.3533783614574153,0.35497549049249566,0.3596785704212895,0.3384247501493742,0.33982277785578263,0.3518855171988403,0.3505525606293966,0.33960870947708616,0.3252708812310621,0.317825290232005,0.3938640333040254,0.36859657135287294,0.3678546010809909,0.7430972330521209,0.41167711145301683,0.38706846559084834,0.40023420454322806,0.38813004748788604,0.3631765745779946,0.3549954540460199,0.3835777374812118,0.356039770843417,0.39430797530758194,0.3522999888348168,1.43027372811579,0.0,0.36432932239498544,0.3272318106660847,0.2761874442090562,0.0,0.0
1.0000000000000002,1.0000000000000002,1.0,1.0,0.9999999999999998,1.0000000000000002,0.9999999999999998,1.0,1.0,1.0000000000000002,1.0,0.9999999999999999,1.0000000000000002,1.0,1.0000000000000002,1.0,1.0,0.9999999999999999,0.9999999999999999,1.0000000000000002,1.0,0.9999999999999998,0.9999999999999998,1.0,0.9999999999999997,1.0000000000000002,0.9999999999999998,1.0,1.0000000000000002,0.9999999999999994,1.0000000000000002,1.0,0.9999999999999997,0.9999999999999998,1.0,1.0,0.9999999999999999,1.0000000000000002,1.0,1.0,1.0,1.0000000000000002,1.0,1.0,1.0,0.9999999999999998,1.0,1.0000000000000002,1.0,1.0,1.0,0.9999999999999998,0.9999999999999999,1.0,1.0,0.9999999999999998,1.0,0.9999999999999998,0.9999999999999999,1.0000000000000002,1.0000000000000002,1.0000000000000002,1.0,1.0,1.0000000000000002,1.0000000000000002,1.0,1.0,1.0,0.9999999999999999,1.0000000000000004,1.0000000000000002,1.0000000000000002,1.0,1.0000000000000002,1.0,1.0,1.0000000000000002,1.0,1.0,1.0,1.0,1.0,0.0,1.0
0.4006692041037637,0.3987711667034914,0.2825908979412715,0.40134237777705134,0.21074666376135628,0.2524665456661509,0.4326184837004115,0.3400007016542332,0.36342024257116873,0.3291894560523421,0.41673887970921414,0.4181386043067023,0.4438519301684457,0.3872059330079611,0.407696816502309,0.3918830141661668,0.3368360256538793,0.41432004424051255,0.40206408178807407,0.3465955505684726,0.38068765241498387,0.4095809851365458,0.41739659528342166,0.3306707595532374,0.36706165427114434,0.4407145982082093,0.4031422348454744,0.3989074253183581,0.427206519322849,0.4232194238500774,0.34540283335054917,0.38766736714445826,0.37950290324849706,0.40760961596799383,0.4049627257095489,0.4096863583584318,0.37635851960711564,0.30441328175414745,0.3953148718216681,0.40250894019981387,0.4012425434807141,0.399824042078031,0.4214388588361783,0.3901707010759378,0.42788592099806744,0.4268651376107784,0.42121943318195665,0.423582684261037,0.43333610305690834,0.41012899732853675,0.47043605538381805,0.4253995845137096,0.43604098601594654,0.42652148529388817,0.42570771054192297,0.4616670940337349,0.45613168230174084,0.4109122581436985,0.39318762560690496,0.4218210441416257,0.4145507758540492,0.44293580987099124,0.39780264076367566,0.3834298411608038,0.38382689853349505,0.44757184297770614,0.4965649476539922,0.4126532658219567,0.4888726102280338,0.4799771371741059,0.4323950595333567,0.45835848146276004,0.45740707082442733,0.4403186918844797,0.4298797255724968,0.4649599863776823,0.493344561667963,0.3827204946724405,0.42517665729378407,0.0,1.3954394769269232,0.4044992773965678,0.3190255252997552,0.0,0.0
0.09098409022220909,0.09090267983685428,0.06640130981870969,0.09140504009160556,0.0469250056214787,0.05546689257158868,0.09420087407259738,0.07597749190338807,0.07921813489795418,0.07042565266427891,0.09189996022604648,0.09101447059528814,0.09077854347499045,0.08708494686632866,0.09346816978247297,0.08698711118735082,0.07411549086033915,0.09111627964005718,0.08813411634314686,0.07593457957712697,0.08221088163335821,0.0890411431814455,0.08976931584778354,0.07235209019345888,0.07998763695914186,0.09609337654080027,0.0845769575372352,0.08588568117282003,0.09652226433094459,0.08984251351413647,0.0777350775124797,0.08370106769086802,0.0842055045786702,0.090424777594852,0.08772177475751702,0.08874657533357584,0.08310520083371972,0.06630473143070718,0.08687965001501677,0.08656949163140726,0.0861120464279687,0.08557344896015737,0.08919664973367478,0.08421784912490436,0.09098984420018451,0.08988485658217357,0.08905106622540729,0.08893360041678158,0.09116850757383023,0.0872291597870326,0.09321496040584928,0.09001306676357153,0.08798705945301995,0.09252020678108498,0.08935963315521724,0.09326311967772913,0.0923800693407109,0.08599208776318523,0.08585081645198255,0.0903945405562848,0.08831895714468255,0.08925767895756379,0.08573003739982946,0.08249591842985142,0.08938702170364694,0.12187812356799682,0.10503059824945973,0.09822427433050067,0.10971780721291582,0.12183412834710712,0.10079131752589202,0.10078323475621097,0.11765101004256628,0.09262961503588249,0.09607807288903293,0.09968877401014573,0.11151480587750391,0.0933349390478016,0.10746421439475386,0.0,0.08963357374456866,1.0880078834399862,0.06895800610475157,0.0,0.0
0.13066632355199623,0.13129831189296853,0.09223681539171814,0.1321251648681471,0.07279100264357635,0.09097351067740034,0.15882475437619376,0.13670413364808,0.13157959396384583,0.11367808538679706,0.1553273761017802,0.15348485754484742,0.16174690032846867,0.12696858054822469,0.13340807769310703,0.12742131185284428,0.1277022848893359,0.12992454283232352,0.1310153974956385,0.11096492162004117,0.1247517919914706,0.1404857841269948,0.1561989841894852,0.14311857124475366,0.14239526509966838,0.14034569283008472,0.1333550051137736,0.13430185464652636,0.13860676772596311,0.1386234318444361,0.13197605475725746,0.128203206749427,0.12231315145537822,0.12911051902706486,0.15880830344734945,0.13866245397292684,0.2076273908729261,0.2006321996456571,0.18782370463079034,0.18756241680398308,0.17583110253017065,0.17686901543248967,0.1755295811315197,0.16087661934465972,0.17521876895679073,0.165667356870768,0.16513924942457378,0.16718629981099295,0.17383455883868626,0.17297128312347052,0.14909168154465557,0.16571310657903007,0.16306535066724737,0.16290545687274152,0.1636869122685221,0.15459976928730404,0.1570834448447851,0.1598019473909378,0.15703344888350487,0.16392033540267414,0.16834945482327315,0.15107153341185744,0.13499902044975795,0.13703549634574233,0.12886079749649038,0.13987748188210974,0.13638145638049268,0.14439136528829347,0.1454760242643853,0.1377084162648932,0.14398042469976788,0.1525499217548343,0.14042702784742828,0.15816589239801968,0.16678831414281406,0.12980116945903744,0.1420495676159892,0.12268134725117381,0.14892734338866365,0.0,0.13005288558057315,0.1406288016680289,1.1317601627357432,0.0,0.0
0.0,0.0,0.0,0.0,0.0,0.0,0.0,0.0,0.0,0.0,0.0,0.0,0.0,0.0,0.0,0.0,0.0,0.0,0.0,0.0,0.0,0.0,0.0,0.0,0.0,0.0,0.0,0.0,0.0,0.0,0.0,0.0,0.0,0.0,0.0,0.0,0.0,0.0,0.0,0.0,0.0,0.0,0.0,0.0,0.0,0.0,0.0,0.0,0.0,0.0,0.0,0.0,0.0,0.0,0.0,0.0,0.0,0.0,0.0,0.0,0.0,0.0,0.0,0.0,0.0,0.0,0.0,0.0,0.0,0.0,0.0,0.0,0.0,0.0,0.0,0.0,0.0,0.0,0.0,0.0,0.0,0.0,0.0,1.0,0.0
0.0,0.0,0.0,0.0,0.0,0.0,0.0,0.0,0.0,0.0,0.0,0.0,0.0,0.0,0.0,0.0,0.0,0.0,0.0,0.0,0.0,0.0,0.0,0.0,0.0,0.0,0.0,0.0,0.0,0.0,0.0,0.0,0.0,0.0,0.0,0.0,0.0,0.0,0.0,0.0,0.0,0.0,0.0,0.0,0.0,0.0,0.0,0.0,0.0,0.0,0.0,0.0,0.0,0.0,0.0,0.0,0.0,0.0,0.0,0.0,0.0,0.0,0.0,0.0,0.0,0.0,0.0,0.0,0.0,0.0,0.0,0.0,0.0,0.0,0.0,0.0,0.0,0.0,0.0,0.0,0.0,0.0,0.0,0.0,1.0
