0.33502586163507114,0.05622775340925975,0.0,0.10266201178267509,0.0,0.0,0.0,0.0,0.0,0.0,0.0,0.0,0.0,0.30353083411521425,0.0,0.004891570194032285,0.013148961209432852,0.0,0.0,0.0,0.0,0.0,0.0,0.0,0.0,0.0,0.0,0.0,0.0004262120404901439,0.0,0.0,0.0,0.0,0.0,0.0,0.0,0.0,0.0,0.0,0.0,0.0,0.0,0.0,0.0,0.0,0.0,0.0,0.0,0.0,0.0,0.0,0.0,0.0,0.0,0.0,0.0,0.0,0.0,0.0,0.0,0.0,0.0,0.0,0.0,0.00011704119850187265,0.0,0.0,0.0,0.0,0.0,0.0,0.0,0.0,0.00901397020462582,0.0,0.007082969576174867,0.0029369541155713367,0.0,0.0,0.0,0.0,0.0,0.0,0.0,0.0
0.2986685772991985,0.07292682769268537,0.0,0.028092952214706524,0.0,0.0,0.0,6.563617866167833e-05,0.0,0.0,0.00209481483069929,0.0003141710792431095,0.00019639291676213546,0.10112754227991805,0.32449213459735393,0.08632806130767977,0.00409632010138958,0.000739711512510121,0.0,1.4973758488249348e-05,0.0,4.609144542772862e-05,0.0,0.0012637556520240607,4.0163868583821995e-05,0.00011682773750105469,0.0022098385857033053,5.044984444631296e-05,0.0018792076330701795,0.008764465622872704,1.6740674398068127e-05,4.638261950481916e-05,0.0,0.0,3.843492966407872e-05,3.769033619779888e-05,2.297772998409941e-05,1.1090470513211523e-05,0.0,4.292490288240723e-05,4.966311851275515e-05,4.225114078080108e-05,6.751282743721307e-05,3.171280880347573e-05,7.091025125865696e-05,0.0,0.00010510457905616089,6.908940168578141e-05,7.508259084993493e-05,5.098659052669149e-05,0.00013153567905294311,4.101890971737972e-05,9.521995810321844e-05,2.5848476232326104e-05,3.629237134354359e-05,0.00012437424209446222,9.366146065047883e-05,4.457718539651407e-05,1.8272683252172166e-05,0.00021772736179755708,6.182227332863485e-05,0.0003609239653512993,7.95671546785487e-05,0.0027047435985446556,0.0003210272873194221,0.00010748642983823291,4.673989249824726e-05,0.0001890070294529252,0.0002923575353663121,0.00017101022818071649,0.0036451569566969683,0.001327409862732009,0.00021406101669675927,0.020607501014433944,3.0980613880864055e-05,0.057306165477935725,0.0016839998100477438,0.050276180813887954,0.0006119470901131317,0.0,0.0,0.0,0.0,0.0,0.0
0.0,0.0,0.013068181818181817,0.005727689286493563,0.0,0.0,0.0,0.0,0.0,0.0,1.3402526108120858e-06,0.0,0.0,0.009062816545066682,0.0,0.0,0.0,0.0036135906996271447,0.0,0.12938076021771847,0.0,0.0,0.0,0.0003282482213049508,0.0,0.0,0.0006356057470584758,0.0,0.0002615392066644065,0.005828795098706604,0.0,0.0,0.0,0.0,0.0,0.00016332479019046185,0.0,0.0,0.0,0.0,0.0,0.0,0.0,0.0,0.0,0.0,0.0,0.0,0.0,0.0,0.0,0.0,0.0,0.0,0.0,1.0364520174538518e-05,0.0,0.0,0.0,1.0886368089877855e-05,0.0,0.0,0.0,0.00023340426992517332,6.688068485821294e-05,0.0,0.0,0.0,1.789944094079462e-05,1.1793808840049415e-05,2.98538653292135e-06,0.0,9.307000725946056e-06,0.011350791258477771,0.0,1.6472022270174112e-05,0.00019725811223986588,0.0,0.0,0.0,0.0,0.0,0.0,0.0,0.0
0.036191485645090136,0.08324343180511502,0.07002840909090909,0.05754963997381628,0.0,0.0,0.0,0.0,0.0,0.0,0.0013134475585958442,0.00027489969433772084,3.2732152793689245e-05,0.0,0.0,0.0,0.0,0.00020991813192854786,0.0,0.0009283730262714595,0.0006626905235255137,0.0007605088495575221,0.0,0.0002461861659787131,0.00010040967145955498,0.00025961719444678817,0.0003843197540353574,0.0002690658370470025,0.0003874654913546762,0.00012763784887678695,7.114786619178953e-05,0.0005194853384539745,0.0,3.850596842510589e-05,0.0017680067645476209,0.0005025378159706518,0.00019301293186643506,0.0005489782904039704,0.0007122718504229113,0.0010838537977807825,0.0006787292863409869,0.0005633485437440144,0.00020253848231163919,0.00028541527923128156,0.00011818375209776161,0.0,0.00010510457905616089,0.00010363410252867211,0.00015016518169986987,0.00025493295263345745,6.576783952647156e-05,0.0001025472742934493,0.00022852789944772424,0.0,0.0002540465994048051,0.0001761968429671548,0.00035123047743929563,0.0001337315561895422,5.253396434999497e-05,0.00017418188943804568,0.00014837345598872362,0.00018046198267564965,0.00019891788669637174,0.00013729662936774902,0.0,0.01580050518622024,0.00018695956999298903,0.003325719433139769,0.0020803128026745743,5.3072139780222366e-05,0.018145179347095964,0.0014885405397110387,0.00015356551197810993,0.0,0.0,0.012864649393005979,0.0027944899233981,0.0,0.0021182783888531484,0.0,0.0,0.0,0.0,0.0,0.0
0.0,0.0,0.0,0.0,0.03369851615587297,0.0,0.000710006656312403,0.0,0.0,0.0,0.0,0.0,0.0,0.0,0.0,0.0,0.0,0.0,0.0,0.0,0.0,0.0,0.0,0.0,0.0,0.0,0.0030449949742801397,0.0,0.0,0.0006807351940095305,0.0,0.0,0.0,0.0,0.0,0.0021232222724760037,0.07957187893493625,0.0005046164083511242,0.0,0.0,0.0,0.0,0.0,0.0,0.0,0.0,0.0,0.0,0.0,0.0,0.0,0.0,0.0,0.0,0.0,0.0,0.0,0.0011144296349128518,0.0,0.0,0.0,0.0,0.0,0.0,0.0,0.0,0.0,0.0,0.0,0.0,0.0,0.0,0.0,0.0,0.0,0.0,0.0,0.0,0.0,0.0,0.0,0.0,0.0,0.0,0.0
0.0,0.0,0.0,0.0,0.0045763417001802795,0.26506147540983604,0.0,4.922713399625874e-05,0.0,0.0,0.0,0.0,0.0,0.0,0.0,0.0,0.0,0.0,0.0,0.0,0.0,0.0,0.0,0.00023797996044608934,0.0,0.0,0.010960503754508367,0.0001849827629698142,0.0,0.003020762423417291,0.0,4.638261950481916e-05,0.0,0.0,0.0,0.003580581938790894,0.001245392965138188,0.1039398896498184,0.0,0.0017813834696199001,0.0,0.0,0.0,0.0,0.0,0.0,0.0,0.0,0.0,0.0,0.0,0.0,0.0,0.0,0.0,0.0,0.0,0.0009806980787233097,0.0,0.0,0.0,0.00012030798845043312,0.0,0.0,0.0,0.0,0.0,0.0,0.0,0.0,0.0,0.0,0.0,0.0,0.0,0.0,0.0,0.0,0.0,0.0,0.0,0.0,0.0,0.0,0.0
0.0,5.1679920412922566e-05,0.0,0.0,0.006101788933573707,0.0004098360655737705,0.2911027290880852,0.0,0.0017954933117874138,0.003186558516801854,0.0,0.0,0.0021275899315898006,0.00041311319301488614,0.0003542035628711324,0.0008560247839556498,0.0004073688498619472,6.997271064284927e-05,0.00048071145295036654,0.002927369784452747,0.0,0.00046091445427728613,0.0014038824611511836,0.008920145413962039,0.00024098321150293193,1.9471289583509113e-05,0.008144622479749305,0.007180694526191879,0.00031965903036760787,4.2545949625595654e-05,0.001481549684229029,0.0009276523900963831,0.0008967460927491672,7.701193685021179e-05,0.0005765239449611808,0.01163375043972059,0.0350640159557357,0.0005877949372002107,2.967799376762131e-05,0.001169703603545597,0.0004966311851275515,0.0002535068446848065,0.0003038077234674588,0.00044397932324866015,0.00047273500839104644,0.0001326435866825839,0.0002452440177977087,0.00010363410252867211,0.0002252477725498048,0.0013256513536939788,0.00013153567905294311,0.0004306985520324871,0.0005141877737573796,0.00031018171478791324,0.0003629237134354359,6.218712104723111e-05,9.366146065047883e-05,0.0004457718539651407,0.0006349757430129828,0.0001850682575279235,0.0001607379106544506,9.023099133782483e-05,0.002267663908338638,0.00015102629230452394,3.0096308186195823e-05,0.0,0.0,0.09282658001833771,0.0,0.0,4.478079799382025e-05,0.0005984853716363971,0.0,0.0,0.0,0.0,0.0007561560969194858,0.04813437042047121,0.021590748615273568,0.0,0.0,0.0,0.0,0.0,0.0
0.0,0.0,0.0,0.0,0.0,0.0,0.0,0.09784713333989695,0.0,0.0,0.0,0.0,0.0,0.0,0.0,0.0,0.0,0.0,0.0,0.0,0.0,0.0,0.0,0.0,0.0,0.0,0.004220126529888252,0.0016816614815437655,0.0,0.000723281143635126,0.6269884782308455,0.0,0.0,0.0,0.0,0.0,0.0,0.0,0.0,0.0,0.0,0.0,0.0,0.0,0.0,0.0,0.0,0.0,0.0,0.0,0.0,0.0,0.0,0.0,0.0,0.0,0.0,0.0,0.0,0.0,0.0,0.0,0.0,0.0,0.0010567148207597645,0.0,0.0,0.14822574677883765,0.0,0.0,0.0,0.0,0.0,0.0,0.0,0.0,0.0,0.0,0.0,0.0,0.0,0.0,0.0,0.0,0.0
1.4803454534150089e-05,0.005691251235473097,0.0,0.00065459306131355,0.008736652336707807,0.0007172131147540982,0.0,9.845426799251748e-05,0.053775024688033045,0.03823870220162224,0.013809962901807733,0.024662429720584095,0.0,8.869096799189646e-05,0.0,0.0,0.0,0.0,0.0,0.0,0.0,0.0,0.0,0.006384427904381293,0.0,0.0,0.009800153727901615,0.0,0.001026783552089892,0.0032334921715452694,0.0036578373559778858,0.0012152246310262618,0.0,0.0,0.018487201168421865,0.11769435650032666,0.0046966480087499195,0.00014972135192835558,0.0,0.00010731225720601807,0.0,0.0006055996845248155,0.0,0.0,0.0,0.0,0.0,0.0,0.0,0.0,0.0,0.0,0.0,0.0,0.0,0.0,0.0,0.0,0.0,0.0,3.7093363997180906e-05,0.00018046198267564965,0.0,0.0017299375300336376,0.0,0.0,0.0,0.0,0.0,0.0,0.0,0.0,0.0,0.0,0.0,0.0,0.0,0.0,0.0,0.0,0.0,0.0,0.0,0.0,0.0
0.0,0.0029457554635365863,0.0,0.0,0.0,0.0,0.0,0.0,0.0,0.07300115874855155,0.0,0.0,0.0,6.768521241486834e-05,0.0,4.076308495026904e-05,0.0,0.0,0.0,0.0,0.0,0.0,0.0,0.0004923723319574262,0.0,0.0,0.021824927570507895,8.408307407718827e-05,0.0,0.0,1.6740674398068127e-05,0.0017068803977773447,0.0012810658467845247,0.0,0.0005765239449611808,0.003329313030805568,0.0014567880809919025,1.1090470513211523e-05,0.0,0.0,0.0,1.408371359360036e-05,0.0,0.0,0.0,0.0,0.0,0.0,0.0,0.0,0.0,0.0006152836457606958,0.0,0.0,0.0,0.0,0.0,0.0,0.0,0.0,0.0,0.0,0.0,0.0,0.0,0.0,0.0,0.0,0.0,0.0,0.0,0.0,0.0,0.0,0.0,0.0,0.0,0.0006763611768684478,0.0002824371185137531,0.0,0.0,0.0,0.0,0.0,0.0
0.0,0.0,0.0,0.0,0.0,0.0,0.0,0.0,0.0,0.0,0.0,0.0,0.0,0.0,0.0,0.0,0.0,0.0,0.0,0.0,0.0,0.0,0.0,0.0,0.0,0.0,0.0,0.0,0.0,0.0,0.0,0.0,0.0,0.0,0.0,0.0,0.0,0.0,0.0,0.0,0.0,0.0,0.0,0.0,0.0,0.0,0.0,0.0,0.0,0.0,0.0,0.0,0.0,0.0,0.0,0.0,0.0,0.0,0.0,0.0,0.0,0.0,0.0,0.0,0.0,0.0,0.0,0.0,0.0,0.0,0.0,0.0,0.0,0.0,0.0,0.0,0.0,0.0,0.0,0.0,0.0,0.0,0.0,0.0,0.0
0.006634908322206069,0.01965774972706542,0.0,0.02983853371154266,0.04507003189571488,0.0173155737704918,0.020057688040825385,0.12055725115683766,0.01741628512433791,0.02636152954808806,0.0004382626037355521,0.0009359680069117637,0.010670681810742693,0.0026840687681758137,0.001562662777372643,0.0035382357736833524,0.0021273706603901687,0.001049590659642739,0.0011116452349477226,0.005802331414196621,0.003976143141153082,0.0034799041297935104,0.0043084668635329434,0.0160185131996816,0.009016788497068037,0.00681495135422819,0.015136285697392539,0.014294122593122007,0.008601733908073813,0.00421204901293397,0.022733835832576516,0.009601202237497565,0.0029464514476044068,0.0021563342318059297,0.016565454685217928,0.014435398763756975,0.02142903098317111,0.004829899908503618,0.003027155364297373,0.0036378855192840125,0.006886619100435381,0.007492535631795392,0.0033756413718606534,0.0034566961595788545,0.00926560616446451,0.003979307600477517,0.008338296605122097,0.005388973331490949,0.00563119431374512,0.004435833375822159,0.0028499397128137673,0.002276549489314574,0.005256141687297658,0.003773877529919611,0.0034477752776366413,0.004021433827720945,0.005432364717727772,0.004680604466633978,0.0024668122390432423,0.006335866228308911,0.0022874241131594893,0.004601780558229066,0.0138049013367282,0.0049426786572389645,0.07563536650615302,0.16902241092062126,0.007618602477214303,0.07200363536924735,0.01716755268899324,0.008777542229206776,0.32201573298702846,0.028481765378388535,0.015328630195633153,0.006423540664309316,0.011153020997111058,0.03126389826879046,0.05185331302305363,0.0325216999210912,0.4012019268487863,0.0,0.0,0.0,0.0,0.0,0.0
0.0,0.0,0.0,5.4549421776129175e-05,0.0,0.0,0.0,1.640904466541958e-05,0.0,0.0,0.00013134475585958443,7.199753899321259e-05,0.09456318942096821,2.333972841892012e-06,0.0,8.152616990053807e-06,0.0,4.998050760203521e-06,0.0,0.0,0.0,0.0,0.0,8.206205532623772e-06,2.0081934291910997e-05,2.596171944467882e-05,2.2172293502039852e-05,1.6816614815437655e-05,1.9373274567733813e-05,4.2545949625595654e-05,4.185168599517032e-06,2.7829571702891493e-05,0.0,0.0,0.0,1.2563445399266297e-05,9.191091993639764e-06,0.0,0.0,2.1462451441203615e-05,0.0,0.0,0.0,3.171280880347573e-05,2.3636750419552322e-05,0.0,0.0,3.454470084289071e-05,2.5027530283311646e-05,5.098659052669149e-05,2.192261317549052e-05,2.050945485868986e-05,1.9043991620643688e-05,0.0,0.0,3.1093560523615555e-05,4.6830730325239416e-05,0.0,4.568170813043042e-06,0.00031570467460645776,1.236445466572697e-05,0.0,3.978357733927435e-05,0.0,1.3376136971642589e-05,1.791440497303882e-05,4.673989249824726e-05,8.042852317145753e-06,3.579888188158924e-05,3.243297431013589e-05,8.95615959876405e-06,2.3018668139861426e-05,0.000991195577313255,0.0,7.745153470216014e-06,4.941606681052233e-05,4.018220804886157e-05,0.0,1.569095102854184e-05,0.0,0.0,0.0,0.0,0.0,0.0
0.1576242231887233,5.813991046453789e-05,0.0659090909090909,0.014182849661793584,0.00013867702121758425,0.00020491803278688525,0.00013312624805857554,0.0006563617866167832,0.0002693239967681121,0.0008690614136732328,0.00037124997319494773,0.000746156313202385,0.002422179306733004,0.24942234172163177,0.0013543077403896239,0.0028371107125387245,0.001878423029918979,0.0005697777866632013,0.0037555582261747386,0.0002994751697649869,0.00033134526176275685,0.007512905604719765,0.0007261461005954399,0.013425352251372489,0.00028114708008675394,0.00109688264653768,0.016045349730976172,0.005801732111325991,0.02154308131932,0.03535568413886998,0.0017912521605932892,0.0005936975296616852,0.5676402767102229,0.0036965729688101653,0.00042278422630486596,0.001193527312930298,0.00029411494379647245,0.00023844511603404774,8.903398130286392e-05,0.0005365612860300903,0.0003641962024268711,0.0005492648301504141,0.0006076154469349176,0.0025370247042780583,0.00047273500839104644,0.0007295397267542115,0.0013313246680447045,0.0008636175210722676,0.0009760736810491541,0.0006118390863202978,0.00168804121451277,0.0004101890971737972,0.0009712435726528279,0.0005686664771111743,0.0009436016549321334,0.0011815552998973911,0.0011473528929683656,0.0008023893371372533,0.00014618146601737733,0.0024167737159528834,0.0004574848226318979,0.006466554379210779,0.0007558879694462126,0.0038717649481705223,0.00563804173354735,0.0011465219182744844,0.00046739892498247256,0.00023324271719722683,0.0024363127947192673,0.0018044527525275605,0.0004269102742077531,0.004066631371375518,0.0017078346332111015,0.5580582285084923,0.00026333521798734444,0.005238103081915367,0.045292654327075875,0.014429038439860221,0.0005178013839418807,0.0,0.0,0.0,0.0,0.0,0.0
1.1842763627320072e-05,1.2919980103230641e-05,0.00014204545454545457,0.0002181976871045167,0.00013867702121758425,0.00010245901639344262,4.4375416019525186e-05,0.00014768140198877623,8.97746655893707e-05,0.00028968713789107763,9.783844058928226e-05,0.000209447386162073,0.0006219109030800956,4.5512470416894234e-05,0.4207104906761121,6.522093592043046e-05,4.5263205540216354e-05,6.497465988264576e-05,0.00012017786323759164,6.738191319712206e-05,0.00033134526176275685,0.00011522861356932153,0.00029045844023817594,0.00013129928852198035,8.032773716764399e-05,0.00027908848403029727,0.00016998758351563885,0.0001513495333389389,0.00025185256938053957,0.00017018379850238262,3.766651739565328e-05,0.00012987133461349361,0.00012810658467845247,0.00023103581055063533,0.0001537397186563149,0.00020101512638826075,6.893318995229823e-05,6.099758782266338e-05,2.967799376762131e-05,0.00017169961152962892,4.966311851275515e-05,0.0001408371359360036,6.751282743721307e-05,0.00012685123521390292,0.00014182050251731391,0.0002652871733651678,0.00038538345653925664,0.00027635760674312566,0.0002252477725498048,0.00020394636210676595,0.00039460703715882934,0.000143566184010829,0.000304703865930299,0.00015509085739395662,0.0002540465994048051,0.00027984204471254,0.0003278151122766759,0.00022288592698257035,3.426128109782281e-05,0.0005660911406736484,0.00011128009199154273,0.0003308469682386911,0.00023870146403564608,0.00023340426992517332,0.00014713750668806847,0.00026871607459558227,0.00014021967749474175,5.2278540061447396e-05,0.00035599999204469294,0.00042457711824177893,0.00010150314211932589,0.0001688035663589838,0.00039089403048973436,0.0,5.421607429151209e-05,0.00046121662356487505,0.00037259865645307996,0.00019727200991996393,0.00017260046131396025,0.0,0.0,0.0,0.0,0.0,0.0
0.0,0.0006201590449550707,0.0,0.0,0.0,0.0006147540983606557,0.005014422010206346,0.0,0.0,0.001448435689455388,0.0,0.0,0.0,4.201151115405622e-05,0.0,0.43255339964128486,0.3456298375050921,0.3275572526714581,0.4675219324600408,0.0,0.0,0.09771386430678466,0.009730357747978894,0.0140161990497214,0.0,0.000791832443062704,0.0,0.0032287900445640296,0.0,0.0,0.0,0.03668865202831195,0.0,0.06056988833269157,0.0,0.006495301271420675,0.0,0.0012421326974796905,0.0,0.0,0.0,0.0,0.0,0.0,0.0,0.0,0.0,0.0,0.0,0.0,0.0,0.0,0.0,0.006953240106495721,0.004972054874065472,0.0,0.0,0.0,0.0005641690954108156,0.0018071371029197239,0.0004822137319633518,0.01864773820981713,0.0,0.025139012837234846,0.00011704119850187265,0.0,0.0,0.0,0.0,0.0,0.0,0.006483591526060968,0.0,0.0,0.0,0.0,0.00033606937640866036,0.0006763611768684478,0.0,0.0,0.0,0.0,0.0,0.0,0.0
0.00038785050879473233,0.003488394627872273,0.07414772727272728,0.023238053676631027,0.0,0.00010245901639344262,0.0,0.0,0.0,0.0,0.00949703000021444,0.0035998769496606293,0.00029458937514320317,0.0001563761804067648,0.0,0.01130767976520463,0.1309011904223057,0.004733154069912733,0.16269078235788967,0.0007412010451683426,0.0,0.036942293510324485,0.03596843684949412,0.008624722014787582,0.0,0.0020185236868237783,0.0,0.0,5.811982370320143e-05,0.0,0.0004352575343497713,0.057885509142014305,0.0,0.0797073546399692,0.0,0.0009171315141464396,0.0,0.000532342584634153,0.0,0.0,0.0,0.0016337107768576416,0.0,0.0,0.0,0.0,0.0,0.0,0.010286314946441086,0.0050476724621424576,0.0,0.0,0.00036183584079223,0.003153514100343784,0.0,0.0,0.0,0.0008469665225337673,0.004499648250847396,0.0005769775087635262,0.0230597079515808,0.013775264677574589,0.001153723742838956,0.008333905402622367,0.0011804440877474583,0.0,0.0,0.0,0.0003122458030783061,0.0,0.0,0.0011662791857529789,0.0004141615323045995,0.0,0.0,0.001334233803884103,7.305856008883922e-05,0.0004790891669484839,0.00026674616748521124,0.0,0.0,0.0,0.0,0.0,0.0
0.0,0.0,0.0,0.0,0.0,0.0,0.0017306412247614822,0.0003609989826392308,0.0018852679773767847,0.0,0.0001219629875838998,0.00028144492515528555,0.0051716801414029,0.00030224948302501553,2.083550369830191e-05,0.001019077123756726,0.015208437061512696,0.3829806375513549,0.011777430597283981,0.0008085829583654648,0.0,0.006360619469026549,0.010650142808733118,0.0007713833200666345,0.0009237689774279057,0.0012072199541775651,0.0002660675220244782,0.00042041537038594136,0.00013561292197413667,4.2545949625595654e-05,7.114786619178953e-05,0.0015584560153619237,0.0,0.00581440123219099,0.0014605273272349912,0.0002512689079853259,0.0006571630775452431,0.00021071893975101893,0.0004154919127466983,0.0007726482518833301,0.0011919148443061236,0.0011548645146752293,0.0007763975155279503,0.0006659689848729903,0.0006145555109083604,0.0001326435866825839,0.0016116035455278,0.0006218046151720327,0.0009510461507658424,0.0033141283842349468,0.0003288391976323578,0.0006768120103367653,0.0011426394972386211,0.00038772714348489154,0.001052478768962764,0.0009224422955339282,0.001521998735570281,0.002139704899032675,0.0004088512877673522,0.0008709094471902283,0.002435797569148213,0.002195620789220404,0.0006365372374283896,0.0014004256195510399,0.0016017924023541998,0.002543845506171512,0.0,0.00040214261585728767,0.0007676871336829692,5.896904420024708e-06,6.866389025719105e-05,0.03271720031612304,0.001479813115425423,0.0,0.004159147413505999,0.0005271047126455716,0.007652884169305907,5.636343140570399e-05,0.005601669517189437,0.0,0.0,0.0,0.0,0.0,0.0
0.0,0.0012403180899101414,0.03196022727272727,0.007145974252672921,0.0,0.0,0.0,0.0,0.0,0.0,5.0929599210859255e-05,0.001459586472316946,0.0017675362508592191,0.0006220037623642212,4.167100739660382e-05,0.0001222892548508071,0.007355270900285158,0.019337458391227417,0.049423146256459556,0.0005091077886004777,0.0,0.003364675516224189,0.01278017137047974,2.461861659787131e-05,2.0081934291910997e-05,0.0001362990270845638,0.0008647194465795542,3.363322963087531e-05,0.0006296314234513488,4.2545949625595654e-05,4.185168599517032e-06,0.0003896140038404809,0.0,0.0035425490951097416,0.0011530478899223616,1.2563445399266297e-05,0.00018382183987279528,0.000371530762192586,0.0008606618192610179,0.0005258300603094885,0.0034433095502176903,0.0005492648301504141,3.375641371860653e-05,3.171280880347573e-05,4.7273500839104645e-05,0.0,0.0,0.0,2.5027530283311646e-05,5.098659052669149e-05,4.384522635098104e-05,2.050945485868986e-05,0.0,0.0,0.0013065253683675693,2.0729040349077037e-05,7.024609548785912e-05,0.0,0.024889678674865013,3.265910426963356e-05,0.003808252037043907,0.0,3.978357733927435e-05,0.003638360678245349,0.0016285446762974852,0.0,0.0,0.0,0.0017780111334522654,0.0013179581378755221,0.0,0.015706404560765445,0.0002559425199635165,0.00090574459451626,0.0,0.0018283944719893262,0.007188962312741779,0.006566339758764515,0.0004707285308562552,0.0,0.0,0.0,0.0,0.0,0.0
0.00016579869078248098,0.00020025969160007495,0.0,0.0,0.003466925530439606,0.010758196721311473,0.016640781007321942,0.0,0.0,0.0017381228273464656,0.11922619175262152,0.05391961147509866,0.0030768223626067887,0.0002310633113473092,0.0003125325554745286,0.004402413174629056,0.0021273706603901687,0.0009346354921580582,0.0035452469655089533,0.474174010047392,0.6235917826375084,0.23953724188790562,0.12354165658130416,0.13350675781025612,0.00016065547433528798,0.0,0.003931886714361734,0.0006894812074329438,0.00025185256938053957,0.0,0.00024692494737150485,0.006660544160892031,0.0,0.015440893338467463,0.024713659774002614,0.01502588069752249,0.006870341265245723,0.00549532813929631,0.002196171538803977,0.004936363831476831,0.004386908801960038,0.017027209734662836,0.0,0.004566644467700505,0.004561892830973598,0.0031171242870407217,0.002417405318291701,0.010432499654552993,0.006056662328561418,0.0015295977158007446,0.0003726844239833388,0.003548135690553346,0.00485621786326414,0.005945149533435004,0.004972054874065472,0.0016894167884497786,0.0,0.003343288904738555,0.0026426868153453997,0.0004136819874153584,0.09439024691815968,0.009023099133782483,0.0008354551241247614,0.05449303219605958,0.00023742643124665593,0.0,0.0,0.0,0.0007020558502333888,8.84535663003706e-06,2.98538653292135e-06,0.002432305933445357,0.0011866425925581223,0.0,0.0,1.6472022270174112e-05,0.0005187157766307584,0.0,0.0,0.0,0.0,0.0,0.0,0.0,0.0
2.3685527254640143e-05,0.007816587962454538,0.0,0.009109753436613572,0.0,0.0,0.0,0.0,0.0,0.0,0.0,0.0,0.011390789172203855,0.0008343952909763943,0.0009792686738201897,0.0,0.0,0.0,0.0,9.732943017362075e-05,0.017561298873426112,0.0004378687315634218,0.00024204870019847995,0.00010668067192410902,0.0,0.0,0.0,0.0,0.0,0.0,0.0,0.0,0.0,0.0,0.005073410715658391,0.00038946680737725515,0.0006112076175770443,0.0011534089333739984,0.0,0.0005687549631918957,0.003062558974953234,0.000704185679680018,0.0,0.0014270763961564078,0.0008272862646843312,0.001392757660167131,0.0014364292471008653,0.0007254387177007048,0.0013765141655821404,0.0003569061336868404,0.0,0.002481644037901473,0.0017901352123405067,0.0025848476232326104,0.0,0.0015961361068789319,0.0,0.0,0.0004157035439869168,0.0007838185024712055,2.472890933145394e-05,0.0,0.0,0.0012219400013729663,0.0,0.0,0.0,0.0,0.0,0.0,0.0,0.0,0.0,0.0,0.0,0.0,0.0,0.0,0.0,0.0,0.0,0.0,0.0,0.0,0.0
0.0,0.0,0.0,0.0,0.0,0.0,0.0,0.0,0.0,0.0,0.001200866339287629,0.0006217969276686542,0.0,0.0,0.0,0.0,0.0,0.0,0.0,0.00011979006790599478,0.0,0.007996865781710915,0.0008229655806748318,0.0,0.0,0.0,0.0,0.0,0.0,0.0,0.0,0.0,0.0,0.0,0.0,0.0,0.0,0.0,0.0,0.0,0.0,0.0,0.0,0.0,0.0,0.0,0.0,0.0,0.0,0.0,0.0,0.0,0.0,0.0,0.0,0.03261714498927272,0.0018029831175217176,0.0,0.0,0.0,0.0155421195148188,0.0,0.0,0.0,0.0,0.0,0.0,0.0,0.0,0.0,0.0,0.0,0.0,0.0,0.0,0.0,0.0,0.0,0.0,0.0,0.0,0.0,0.0,0.0,0.0
0.0,0.0,0.0,0.0,0.0,0.0,0.0,0.0,0.0,0.0,0.003904155855295606,0.002146835708161248,0.0,0.0,0.0,0.0,0.0,0.0,0.0,0.0,0.0,0.0,0.02067095899695019,0.0,0.0,0.0,0.0,0.0,0.0,0.0,0.0,0.0,0.0,0.0,0.0,0.0,0.0007352873594911811,0.0,0.0,0.0,0.0,0.0,0.0,0.0,0.0,0.0009948269001193793,0.0,0.0,0.0,0.0,0.0,0.0,0.0,0.0006720603820404787,0.0,0.0,0.0,0.0,0.00438544398052132,0.002405887347863006,0.004958146320956515,0.0,0.0,0.0,0.0,0.0,0.0,0.0,0.0,0.0,0.0,0.0,0.0,0.0,0.0,0.0,0.0,0.0,0.0,0.0,0.0,0.0,0.0,0.0,0.0
0.002019191198458072,0.0011692581993423732,0.00014204545454545457,0.00196377918394065,0.0,0.00010245901639344262,0.005857554914577324,0.000311771848642972,0.010952509201903224,0.006952491309385862,0.0046882036326206765,0.005746712657821878,0.0011128931949854343,0.011764390109556686,0.01618918637358058,0.001818033588781999,0.004118951704159688,0.004228350943132178,0.014872010575651965,0.0022310900147491527,0.0006626905235255137,0.0022815265486725664,0.0007261461005954399,0.2836228756185427,0.6409350148606313,0.2798673356136377,0.011647844853071602,0.031245270327083165,0.01251513537075604,0.0030633083730428868,0.004034502529934418,0.016957485690961883,0.0003843197540353574,0.014747785906815556,0.00718733184718272,0.031320669380370876,0.0008593671014053179,0.001208861285940056,0.0025523074640154326,0.0034769171334749853,0.006770738490572284,0.0007746042476480197,0.001012692411558196,0.0005074049408556117,0.0005672820100692557,0.0007958615200955034,0.001086080650246996,0.0008290728202293769,0.004204625087596356,0.0010707184010605212,0.00425298695604516,0.001989417121292916,0.0076366406398781185,0.0017835448600305012,0.0006532626841837847,0.0035550304198667115,0.00482356522349966,0.0008915437079302814,0.001372735329319434,0.001121295913257419,0.002176144021167947,0.014737728585178056,0.05374761298535964,0.022846159126793438,0.002424424826110219,0.004317371598502356,0.0008880579574666978,0.0010495922273875207,0.02277405535700435,0.009576572778120124,0.0008806890272117983,0.013320135963599811,0.009069672207434432,0.0061663091994666975,0.002579136105581932,0.0015318980711261925,0.006304953735666824,0.005185435689324766,0.002683152625880655,0.0,0.0,0.0,0.0,0.0,0.0
2.9606909068300177e-05,0.00031653951252915075,0.0,0.06327732926030984,0.0,0.0,0.0,0.0,0.0,0.0,6.165162009735595e-05,6.545230817564781e-06,0.00775752021210435,0.028118537812694015,0.014939056151682468,0.009660851133213761,0.011813696645996468,0.012979937824248541,0.01625405600288427,0.005083591006760654,0.0,0.02984421091445428,0.02125187587742654,0.029222297901673248,0.029239296329022408,0.004374549726428381,0.008395908472772424,0.01720339695619272,0.04019954472804766,0.012848876786929886,0.0043986121980924,0.02743068117515005,0.0006405329233922624,0.024027724297266077,0.09827811515104928,0.008769284888687874,0.001668183196845617,0.0023567249840574485,0.010565365781273187,0.009282510248320563,0.010826559835780623,0.02004112444369331,0.004793410748042128,0.0050423365997526405,0.0,0.0008621833134367954,0.0018918824230108962,0.0019345032472018794,0.006607267994794274,0.017182481007495032,0.00591910555738244,0.012490258008942124,0.008703104170634166,0.02936386899992245,0.034840676489801846,0.0052133536477928745,0.009342730699885263,0.012526189096420455,0.0019940065598932875,0.0013172505388752203,0.00019783127465163153,0.014015880654475456,0.017385423297262892,0.03820965195304456,0.0011269395398608882,0.0,0.0,0.0,0.0072830836361322095,0.0,0.0,0.005555171911086558,0.0018474396441002924,0.011079067880122893,0.0,0.0,0.0023342209948384127,0.0009581783338969678,1.569095102854184e-05,0.0,0.0,0.0,0.0,0.0,0.0
0.0002546194179873815,0.0004715792737679184,0.005965909090909091,0.00534584333406066,0.0002773540424351685,0.0004098360655737705,0.0003550033281562015,0.0003445899379738112,0.0009875213214830777,0.0005793742757821553,0.0003243411318165248,0.0007330658515672554,0.0014074825701286373,0.007669434758457152,0.013105531826231899,0.00041578346649274415,0.000520526863712488,0.0014294425174182068,0.003094579978367985,0.00031444892825323626,0.0006626905235255137,0.0016823377581120945,0.0026141259621435837,0.0017397155729162392,0.0007028677002168848,0.19138330531631106,0.0011899130846094721,0.0008744639704027581,0.006984065481668038,0.013231790333560247,0.00013811056378406201,0.001159565487620479,0.00025621316935690495,0.0010396611474778592,0.0036513183180874784,0.000804060505553043,0.0015441034549314805,0.0004990711730945186,0.0664193500519365,0.0006331423175155067,0.0006456205406658169,0.0009436088107712241,0.0006413718606535241,0.0008562458376938447,0.0009927435176211976,0.001193792280143255,0.0016816732648985743,0.0009327069227580491,0.0009260186204825308,0.0014786111252740532,0.004340677408747123,0.0005947741909020059,0.00144734336316892,0.0016284540026365445,0.001052478768962764,0.009276245556211975,0.0012175989884562247,0.0030312486069629567,0.00048651019158908396,0.00446341091684992,0.000853147371935161,0.0033084696823869105,0.0012730744748567792,0.0014828035971716895,0.00460139111824505,0.0188280396266638,0.0020565552699228795,0.002786848327891003,0.0079811618328232,0.03687629179062451,0.00168077261803472,0.007342955136615795,0.02778139716694898,0.001731783664715089,0.00034078675268950457,0.008664283714111582,0.03224439549520919,0.01583812422500282,0.008080839779699048,0.0,0.0,0.0,0.0,0.0,0.0
0.0026912680343084863,0.19476870005620192,0.033522727272727273,0.05913157320532403,0.030508944667868534,0.07868852459016393,0.024672731306856002,0.018509402382593285,0.03537121824221205,0.047798377752027804,0.004396028563463642,0.007585922517557581,0.012438218061601912,0.004861665429661061,0.00018751953328471717,0.03850481004402413,0.033540035305300316,0.005572826597626925,0.0017425790169450785,0.015812288963591308,0.0,0.0026502581120943954,0.004211647383453551,0.056589993352973524,0.030524540123704712,0.027798511095389847,0.3642020930645066,0.5240057176490374,0.10834503802005134,0.3179033356024507,0.03464064049820247,0.08575218694050965,0.08954650269023828,0.014670773969965346,0.05392420631870245,0.04887180260314589,0.031318645968327494,0.01878725704938032,0.003531681258346936,0.002929624621724293,0.0096346449914745,0.030026477381555963,0.00013502565487442613,0.00025370247042780583,0.0010872905192994067,0.0003979307600477517,0.005500472970605753,0.03703191930357883,0.0002252477725498048,0.006730229949523276,0.002148416091198071,0.006316912096476477,0.010874119215387546,0.010468632874092072,0.017746969586992817,0.0015132199454826237,0.028121853560306265,0.03913876877813935,0.002635834559125835,0.0012737050665157087,0.001236445466572697,0.002165543792107796,0.10315881604073839,0.01031097686551795,0.0025448100588550022,0.00014331523978431055,4.673989249824726e-05,0.004741261440957422,0.0002863910550527139,0.00015331951492064238,0.001841983490812473,0.009422308158583276,0.009618785250265249,0.0006448901512955772,0.0001858836832851843,0.0033108764763049962,0.012935018063728983,0.0022263555405253074,0.03597935070844644,0.0,0.0,0.0,0.0,0.0,0.0
0.0,0.0,0.0,0.0,0.0,0.00020491803278688525,0.0,0.0,0.0,0.0,0.0,0.0,0.0021275899315898006,0.0,0.0,0.19437469427686285,0.16018648440682567,0.026034846409900135,0.007601249849777671,0.0024631832713170173,0.0,0.0,0.0008713753207145278,0.022058280471692695,0.014238091412964896,0.0001233181673622244,0.015158457990894578,0.06181787606154882,0.0013948757688768344,0.14640061266167465,3.766651739565328e-05,0.2670711231087487,0.0,0.0008856372737774354,0.0,0.008254183627317956,0.0,0.009909335403554495,0.0018697136073601425,0.0,0.0017878722664591853,0.0024787335924736633,0.0,0.0,0.0,0.0,0.0,0.0,0.0008509360296325958,0.0,0.0009645949797215829,0.002174002215021125,0.007598552656636831,0.013311965259647942,0.019017202584016842,0.006477825109086574,0.010607160418666727,0.018276646012570768,0.001311065023343353,0.004049728929434562,0.004822137319633518,0.014888113570741096,0.005967536600891153,0.040584883641106614,0.0,0.0,0.0,0.0,0.0,0.0,0.0,0.0,0.0,0.0,0.0,0.0,0.0,0.0,0.0,0.0,0.0,0.0,0.0,0.0,0.0
0.002220518180122513,0.0,0.00028409090909090913,0.0,0.0,0.0,0.0,0.0,0.0,0.00028968713789107763,0.0,0.0,0.000818303819842231,0.004255999477190084,0.0020002083550369827,0.005095385618783629,0.0016747386049880053,0.002444046821739521,0.0,0.0,0.0,0.0,0.0,0.002035138972090695,0.0,0.0,0.00149293442913735,0.008946439081812833,0.09074441807526516,0.0033185840707964606,0.0043567605120972295,0.0004081670516424086,0.04842428900845503,0.0030419715055833656,0.0,0.0010050756319413036,5.974209795865847e-05,1.1090470513211523e-05,0.001543255675916308,0.0014916403751636513,0.0014898935553826543,0.0013942876457664357,0.0,0.0,0.0,0.0,0.0,0.0,0.0,0.0005608524957936064,0.0,0.0,0.0,0.0,0.0,0.0,0.0,0.0,3.654536650434433e-05,0.0,0.00029674691197744725,0.001985081809432146,0.0,0.0006590238209651952,0.0005216693418940609,0.0,0.0,0.0,0.002016670345996194,0.00012973189724054356,0.0001373277805143821,0.027752840887292924,0.006212422984568993,0.004434525534751609,0.0,0.0005600487571859197,0.04958119180429073,0.01059632510427235,0.005068177182219013,0.0,0.0,0.0,0.0,0.0,0.0
0.0,0.0,0.012073863636363636,0.0,0.0,0.0,0.0,0.0005743165632896852,0.0,0.0,0.007538920935817982,0.06943180851272719,0.0010146967366043665,1.166986420946006e-06,0.0,0.0004076308495026904,0.0015163173855972478,0.0,0.0,0.007142482798894938,0.0,0.01726124631268437,0.014619741491988188,0.0007467647034687631,0.0,0.0006750047055616494,0.0031632472062910187,0.0028756411334398394,0.0020051339177604493,0.015656909462219197,0.00011718472078647687,0.002207812688429392,0.0,0.0012321909896033886,0.004842801137673918,0.0037187798381828237,0.0007812428194593799,0.0018132919289100841,0.0271553642973735,0.01490567252591591,0.0034764182958928603,0.015421666384992394,0.0007088846880907373,0.004376367614879651,0.0032855083083177727,0.001260114073484547,0.0019619521423816697,0.001381788033715628,0.00025027530283311644,0.0013256513536939788,0.0020607256384961086,0.004122400426596662,0.005865549419158256,0.015173055548375423,0.0056616099295928,0.0010468165376283903,9.366146065047883e-05,0.000624080595551197,0.004424273432432186,0.0028522284395479974,0.01130111156447445,0.001985081809432146,3.978357733927435e-05,0.00899292922358756,0.0005383895131086142,0.0,0.0,0.0,0.0,0.0,0.0,0.0008747093893147342,0.0009027790704167674,0.0,0.008078195069435301,0.0,0.00039086329647528977,0.00011272686281140798,7.845475514270919e-05,0.0,0.0,0.0,0.0,0.0,0.0
0.005397339523151122,0.056667032732769594,0.06974431818181819,0.03900283656993236,0.01733462765219803,0.025717213114754098,0.034790326159307744,0.010747924255849825,0.0768471137445013,0.03794901506373116,0.026734018827868675,0.07442581962652912,0.006611894864325227,0.0032792318428582767,0.0016460047921658507,0.003603456709603783,0.004367899334630878,0.002808904527234378,0.0021331570724672515,0.02020708707989249,0.006626905235255137,0.004747418879056047,0.004405286343612335,0.01832445695434888,0.00990039360591212,0.003628150292393865,0.02062023295689706,0.013503741696796436,0.00970601055843464,0.022336623553437716,0.09758557623493862,0.005723615246894684,0.006277222649244171,0.003773584905660378,0.007840725651472058,0.01845570129152219,0.007968676758485676,0.00618848254637203,0.0024335954889449472,0.005247569377374283,0.0055622692734285765,0.006957354515238577,0.0054685390224142585,0.004534931658897029,0.0053891790956579295,0.006499535747446611,0.01755246470237887,0.013576067431256045,0.015542096305936531,0.02737979911283333,0.002674558807409843,0.008470404856638912,0.009388687868977338,0.002688241528161915,0.004101037961820426,0.0024460267611910906,0.004964057414475378,0.003744483573307182,0.002425698701725855,0.006510048117746956,0.00530435105159687,0.00890279114533205,0.008036282622533418,0.010077572595592778,0.08726257356875333,0.002382615861414163,0.001963075484926385,0.055097559798606976,0.030679641772521974,0.004637915326349432,0.013341692415625512,0.024913871816710016,0.018376672933380488,0.0003767897513187642,0.0140264729345612,0.0045462781465680545,0.01566375528304713,0.014400856724157368,0.03899201330592647,0.0,0.0,0.0,0.0,0.0,0.0
0.004008775487847845,0.013914818571179401,0.004829545454545454,0.002181976871045167,0.020524199140202468,0.04579918032786885,0.02098957177723541,0.0007219979652784616,0.025226681030613166,0.008111239860950172,0.015394141487787616,0.023785368791030412,0.007921180976072797,0.012805341997040524,0.021585581831440773,0.007190608185227459,0.037681618612230114,0.005038035166285148,0.03494171373632977,0.009747916775850324,0.0006626905235255137,0.09100755899705014,0.0989979183811783,0.03301356485774543,0.0023094224435697645,0.011864505786218222,0.012335185951634837,0.027982847052888258,0.07489707947885892,0.003786589516678013,0.0022516207065401625,0.08257961576638002,0.00012810658467845247,0.11840585290720061,0.08928434160965487,0.010892507161163878,0.0018382183987279528,0.009659799817007236,0.001543255675916308,0.008069881741892559,0.013905673183571441,0.051222466339924506,0.006514987847691061,0.05831985538959186,0.033256907840310115,0.03846664013794933,0.00840836632449287,0.024181290590023493,0.016993693062368607,0.012236781726405957,0.030275128795352404,0.02865170843758973,0.02250999809560084,0.07234988497428076,0.05117224359439646,0.014012831275976075,0.04802491394853302,0.061249052734810336,0.04209340995678511,0.0037122515186483484,0.02333172595422679,0.047010346487006735,0.05044557606619987,0.07253380929498181,0.01575708935259497,0.0014152379928700667,0.0008880579574666978,0.0019865845223350008,0.009337541690781192,0.0011734839795849166,0.006914155210245847,0.02352507883893838,0.015286748692366398,0.005561271810329837,0.027743139730313757,0.0015977861602068887,0.018903902422987146,0.007045428925712998,0.0018515322213679371,0.0,0.0,0.0,0.0,0.0,0.0
0.0,0.0,0.0,0.0,0.0,0.0,0.0,0.0,0.0,0.0,0.0,0.0,0.0,0.0,0.0,0.0,0.0,0.006962284708963503,0.009524095661579137,0.0,0.0,0.0033185840707964606,0.0017427506414290556,0.0,0.0,0.00020769375555743056,0.0,0.0,0.0,0.0,0.0,9.276523900963832e-05,0.11555213937996413,0.30223334616865616,0.0,0.0,0.0,0.0,0.0,0.0,0.0,0.0,0.0,0.0,0.0,0.0,0.0,0.0,0.0,0.0,0.0,0.0,0.0,0.0,0.0,0.0,0.0,0.0,0.0,0.0,0.0,0.0,0.0,0.0029106885425962794,0.0,0.0,0.0,0.0,0.0,0.0,0.0,0.0,0.0,0.0,0.0,0.0,0.0,2.8181715702851994e-05,0.0,0.0,0.0,0.0,0.0,0.0,0.0
0.00046186778146548274,0.0,0.0,0.0018546803403883918,0.0,0.0,0.0,9.845426799251748e-05,0.0,0.0,4.020757832436258e-05,9.163323144590692e-05,0.00026185722234951396,8.168904946622041e-06,0.0,2.4457850970161422e-05,0.0,2.9988304561221117e-05,0.0,0.00023958013581198956,0.0,0.0,0.0,6.564964426099017e-05,4.0163868583821995e-05,0.0001233181673622244,0.0003843197540353574,6.726645926175062e-05,0.00011623964740640286,8.509189925119131e-05,3.766651739565328e-05,9.276523900963832e-05,0.0,0.04193299961494032,0.0,5.025378159706519e-05,7.812428194593799e-05,1.6635705769817282e-05,0.0,4.292490288240723e-05,0.0,0.0,0.0,6.342561760695146e-05,7.091025125865696e-05,0.0,0.00010510457905616089,0.00020726820505734421,5.005506056662329e-05,0.00010197318105338297,0.00017538090540392416,4.101890971737972e-05,0.0001523519329651495,0.0,0.0,0.00012437424209446222,9.366146065047883e-05,0.0,2.5124939471736732e-05,0.0002830455703368242,2.472890933145394e-05,0.0013233878729547643,7.95671546785487e-05,0.0047367337131873416,6.0192616372391646e-05,0.00016122964475734938,0.00014021967749474175,3.2171409268583014e-05,0.0002903687085951127,0.00022997927238096357,6.269311719134836e-05,0.009867335742620597,0.0004932710384751409,0.0,3.872576735108006e-05,0.005699319705480242,0.0003068459523731247,0.0006763611768684478,4.7072853085625516e-05,0.0,0.0,0.0,0.0,0.0,0.0
8.882072720490054e-05,0.0,0.0004261363636363636,0.0007636919048658083,0.000554708084870337,0.001024590163934426,8.875083203905037e-05,0.0006891798759476224,0.0003590986623574828,0.00028968713789107763,0.0021846117556237,0.0036915101811065363,0.0005237144446990279,0.0196637211929402,8.334201479320764e-05,0.005127996086743845,0.005273163445435205,9.996101520407041e-06,0.0,0.003526320123982721,0.0,0.010370575221238939,0.014329283051750014,9.847446639148524e-05,4.0163868583821995e-05,5.8413868750527345e-05,0.0007686395080707148,0.0008576473555873203,0.027006344747420932,0.001446562287270252,0.00010044404638840874,0.008228276700154918,0.00012810658467845247,0.0,0.17730033054039512,0.0013065983215236948,0.0001792262938759754,0.0005545235256605762,2.967799376762131e-05,0.013049170476251796,0.001622328538083335,0.0027181567235648693,0.00013502565487442613,6.342561760695146e-05,4.7273500839104645e-05,0.0,0.00014013943874154787,0.003039933674174382,0.00010011012113324658,0.00010197318105338297,0.00024114874493039572,0.0013536240206735307,0.0010664635307560465,0.007418512678677591,0.06042679828700008,0.004425650114527948,0.04617510010068606,0.0005795034101546829,0.016449983097767993,0.0002395000979773128,0.00799980216872535,0.012000721847930702,0.012133991088478676,0.0010709137090684424,0.0005985821294810057,8.95720248651941e-05,0.00014021967749474175,4.8257113902874514e-05,0.001280804440652415,9.435047072039532e-05,2.089770573044945e-05,0.0012430080795525168,0.001959123652811645,0.0018875717349718859,0.009232222936497487,0.0001317761781613929,0.0034593228202065367,0.0006199977454627439,0.0006433289921702153,0.0,0.0,0.0,0.0,0.0,0.0
0.0,0.0006459990051615321,0.0,0.005182195068732271,0.002357509360698932,0.016290983606557376,0.011670734413135124,0.000623543697285944,0.0014363946494299312,0.0008690614136732328,0.12481504513970791,0.07682137410575783,0.0026513043762888284,0.0006908559612000356,0.0005417230961558496,0.0010598402087069949,0.0008147376997238944,0.000499805076020352,0.0005408003845691623,0.014943810971272847,0.0006626905235255137,0.010716261061946904,0.007503509706152879,0.0037256173118111915,0.0008434412402602619,0.0015577031666807292,0.003303671731803938,0.0006222147481711932,0.0011333365622124279,0.008083730428863173,0.0037750220767643625,0.00409094704032505,0.004611837048424289,0.00046207162110127066,0.03151664232454455,0.21146791296045028,0.011594562549976564,0.0034269553885823605,0.001632289657219172,0.004936363831476831,0.005264290562352046,0.010295194636921861,0.0134350526600054,0.004249516379665748,0.013851135745857661,0.0032497678737233057,0.02018007917878289,0.005285339228962278,0.01036139753729102,0.01473512466221384,0.0010303628192480543,0.006398949915911236,0.019272519520091413,0.014035722594153073,0.0072584742687087185,0.0013059295419918533,0.011684267216147234,0.007176926848838766,0.005605145587603813,0.0013390232750549761,0.009359892181955317,0.0049025505293551494,0.00091502227880331,0.010105031921466327,0.0005450775815944355,3.582880994607764e-05,0.0,0.00015683562018434217,0.00015313966138235397,3.538142652014824e-05,8.95615959876405e-06,0.0059925266057439235,0.0016287251270405599,0.0014455683728479508,0.013313918815301326,3.2944044540348225e-05,0.0004931452805996647,0.00022545372562281595,0.0008473113555412594,0.0,0.0,0.0,0.0,0.0,0.0
0.0001835628362234611,0.0002971595423743047,0.0,5.4549421776129175e-05,0.06295936763278324,0.049692622950819665,0.023740847570445974,0.019247809392537167,0.05871263129544844,0.05243337195828505,0.03308547595050715,0.018653907830059626,0.1368858629832084,0.0005508175906865149,0.00033336805917283055,0.00039947823251263657,0.0005884216720228126,0.00032987135017343227,0.0004206225213315707,0.005091077886004778,0.06428098078197482,0.029291113569321535,0.16183376095270371,0.0006482902370772779,0.006606956382038717,0.000616590836811122,0.009238455625849937,0.0004540486000168167,5.811982370320143e-05,0.0024251191286589523,0.0005440719179372141,0.013951891947049603,0.00025621316935690495,0.0012706969580284944,0.005150280574986548,0.011709131112116187,0.3253278922068731,0.010236504283694235,0.4936043923430776,0.38568025239842896,0.4784048206333703,0.2666469494676356,0.2407169862273832,0.22925189484032601,0.26851348476611436,0.2577928107176018,0.22877763374557686,0.1827760121597347,0.26474121533687056,0.20858614184469487,0.02192261317549052,0.12525124082201897,0.13058465054275378,0.14539767880683432,0.11355882993394789,0.016614325839785248,0.02390708783103472,0.054161280256764595,0.11057714270051987,0.04538526856670077,0.13421615539646625,0.04099494706448508,0.045313494589433484,0.051156724102423286,0.007193017656500801,3.582880994607764e-05,0.0,0.00021313558640436244,9.94413385599701e-05,2.6536069890111183e-05,8.95615959876405e-06,0.0004757191415571361,0.000828323064609199,0.0,0.0,0.0,0.0003251105923953345,0.00022545372562281595,0.0008943842086268849,0.0,0.0,0.0,0.0,0.0,0.0
0.0,0.0,0.0,0.0,0.007488559145749549,0.003381147540983606,0.006478810738850677,0.0,0.009785438549241406,0.003186558516801854,0.03371941543542127,0.00837789544648292,0.07947366698307748,0.0,0.0,0.0,0.0,0.0,0.0,0.0008609911130743374,0.0,0.011269358407079646,0.01520065837246454,0.001747921778448863,0.0023295043778616756,0.003491851265309301,0.016961804529060487,0.0017321113259900786,0.0006490046980190826,0.016678012253233496,0.0019419182301759024,0.0017625395411831279,0.0,0.006738544474393531,0.0034975785994311634,0.004321825217347606,0.03624047573092159,0.5366235062522527,0.12678438937527822,0.1229583843066555,0.08469217143708511,0.1284716354008225,0.08850931677018632,0.015031871372847495,0.011274729950126457,0.04854755272582571,0.05931401744736013,0.06128229929528811,0.062018220042046254,0.09921990516494163,0.03389235996930834,0.09877353459945036,0.1446391163587888,0.07927727660454416,0.12266821514117734,0.044411968947897555,0.07916734961481724,0.23175678687647663,0.02158232300622185,0.0628252302466851,0.04938363193491351,0.08418551491819055,0.07642425206874602,0.0943639733644539,0.0008962011771000534,0.0033320793249852205,0.0,0.0004101854681744334,0.0,0.0,0.0,0.0005371022565967665,0.0,0.0004238884702336096,0.0,0.0,0.0,0.0006199977454627439,0.0,0.0,0.0,0.0,0.0,0.0,0.0
0.0,0.0,0.05553977272727273,0.0,0.0,0.0,0.0,0.0,0.0,0.0,0.0,0.0,0.0,0.04037072824620613,0.00010417751849150954,0.0,0.0,0.0,0.0,0.0,0.0,0.0,0.0,0.0,0.0,0.0,0.015697983799444214,0.0034137728075338443,0.04007361844335739,0.08781484002722942,0.011768694101841892,0.0,0.0,0.0,0.0,0.00018845168098899443,0.0007260962674975413,0.0,0.001958747588663006,0.0,0.0031618852119787446,0.0007182693932736183,0.0,0.0,0.0,0.0,0.0,0.0,0.0,0.0,0.0,0.0,0.0,0.0,0.0,0.0,0.0,0.0,0.0,0.0,0.0,0.0029174687199230026,0.0,0.0,0.0,0.0,0.0,0.0,0.0,0.0,0.0,0.0,0.00041881503266757254,0.0,0.0,0.0,0.0,0.0,0.0,0.0,0.0,0.0,0.0,0.0,0.0
0.0001361917817141808,0.00023255964185815156,0.0,0.0,0.0,0.00010245901639344262,4.4375416019525186e-05,0.0028223556824521676,0.004398958613879164,0.005214368482039397,0.14587979542384147,0.06837802635109927,0.0,0.0,0.0,0.0,0.0,0.0,0.0,0.0030321860938704926,0.0,0.0,0.0,0.0,0.0,0.0,0.0,0.0,0.0,0.0,0.0,0.0,0.0,0.0,0.0,0.00012563445399266295,0.0018566005827152323,0.0,0.0,0.023490653102397355,0.0,0.00047884626218241223,0.039123683499864975,0.0,0.009620157420757796,0.010810452314630589,0.01212206145114389,0.02881028050297085,0.01296426068675543,0.0,0.008352515619861887,0.008121744124041184,0.009103027994667681,0.0,0.0,0.001357752142864546,0.0,0.0,0.0002101358573999799,0.0,0.059201008939500734,0.005143166506256016,0.00019891788669637174,0.0,0.0,0.0,0.0,0.0,0.0,0.0,0.0003881002492797755,0.0,0.0,0.0,0.0,0.0,0.0,8.454514710855598e-05,0.00012552760822833473,0.0,0.0,0.0,0.0,0.0,0.0
0.00038785050879473233,0.0,0.0,0.0,0.0026348634031341006,0.007991803278688524,0.029731528733081873,0.0,0.004847831941826018,0.016222479721900343,0.000750541462054768,0.001551219703762853,0.021799613760597032,0.00272608027932987,0.0,0.0,0.0,0.0,0.0,0.006768138836688705,0.0029821073558648115,0.01133849557522124,0.033209081667231445,0.0,0.0,6.490429861169705e-06,0.00024389522852243835,0.0,0.007458710708577517,0.0005105513955071478,0.0,0.014109592853365986,0.0,0.010935695032730073,0.005803674379275887,0.0006156088245640486,0.011098243582320016,0.0024787201597027755,0.0008013058317257754,0.03627154293563411,0.056284867647789165,0.03568813024618331,0.03983256818795571,0.044207655472045165,0.021722173635568585,0.018503780342220454,0.016116035455278004,0.012539726405969325,0.02405145660226249,0.03191760566970887,0.028477474514962183,0.04007547479387998,0.031803466006474955,0.04781968102980329,0.060027582202221104,0.029549247017609317,0.04174959608495094,0.014487585253867072,0.1117374580870328,0.015251801693918873,0.011634951840449078,0.04851419634263715,0.016430617441120305,0.01478684698290657,0.0009831460674157302,0.0,0.0,0.0,0.0,0.0,0.0,0.004028266924475749,0.005774993950449528,0.00181148918903252,0.024823216872042322,0.0,0.0012785248015546862,0.002874535001690903,0.0007845475514270919,0.0,0.0,0.0,0.0,0.0,0.0
0.0013027039990052079,0.0034108747472528893,0.05909090909090909,0.0166375736417194,0.020524199140202468,0.019262295081967213,0.008741956955846461,0.013324144268320699,0.01975042642966155,0.004924681344148319,0.041948566465807476,0.026194013731894252,0.023207096330725676,0.0027587558991163585,0.006729867694551515,0.0012799608674384476,0.0,0.0009746198982396863,0.0,0.0539205043161859,0.002650762094102055,0.09964970501474926,0.08713753207145278,0.010774747864335011,0.0021688489035263875,0.0030440116048885916,0.0033406255543073377,0.0017657445556209538,0.009444471351770232,0.005488427501701839,0.0021135101427561006,0.019193127951094166,0.0,0.020870234886407393,0.0011530478899223616,0.021948339112518218,0.01951728384849404,0.009748523581112929,0.016233862590888857,0.05882857940033911,0.027132617080801894,0.07661540194918595,0.021874156089657034,0.02048647448704532,0.019311225092774248,0.029048945483485872,0.015590512559997199,0.034544700842890706,0.021598758634497946,0.044052414215061446,0.0224268332785268,0.04561302760572625,0.018415539897162447,0.05260164913278362,0.029832329244392834,0.02161002456391281,0.04022759734938066,0.040966433379396434,0.04267356765004157,0.022806941148294103,0.030824585481657337,0.04084456207892204,0.01599299809038829,0.02379350586943091,0.0055276886035313,1.791440497303882e-05,0.0,0.0002211784387215082,0.0012131843304316351,3.243297431013589e-05,8.95615959876405e-06,0.012944164383982075,0.008883532192915511,0.0001630340270129268,0.015916290381293906,0.00023060831178243753,0.001947010626367565,0.0006481794611655958,0.0019770598295962716,0.0,0.0,0.0,0.0,0.0,0.0
0.0,0.0,0.025426136363636363,0.009764346497927122,0.006379142976008874,0.007274590163934425,0.0037719103616596404,0.007466115322765909,0.030254062303617924,0.01796060254924681,0.0,0.0,0.0014074825701286373,0.0,0.0,0.0,0.0,0.0,0.0,0.0,0.0,0.0,0.0,0.0,0.0,0.0,0.0,0.0,0.0,0.0,0.0,0.0,0.0,0.0,0.0,0.0005151012613699181,0.0001746307478791555,0.0,0.0,9.658103148541626e-05,0.0,0.0033941749760576867,0.20652173913043476,0.10798211397583485,0.059280970052237224,0.028385727550072952,0.0,0.019379577172861685,0.011362498748623487,0.0038239942895018616,0.0,0.006070798638172199,0.005922681394020187,0.0,0.0,0.0,0.0,0.0,0.01184755100362713,0.0010450913366282738,0.040765607032901816,0.0,0.0,0.00013729662936774902,0.0034945157838416263,0.0,0.0,0.003824376276802805,0.0,0.0,0.0,0.003575566451058475,0.004099733819779238,0.0,0.003462083601186558,0.0,0.0,0.0006481794611655958,0.0036873734917073323,0.0,0.0,0.0,0.0,0.0,0.0
0.005163444941511551,0.018217171945555204,0.0,0.010364390137464543,0.0,0.0,0.0,0.0,0.0,0.0,0.0,0.0,0.0,0.0,0.0,0.0,0.0,0.0,0.0,0.0,0.0,0.0,0.0,0.0,0.0,0.0,0.0,0.0,0.0,0.0,0.0,0.0,0.0,0.0,0.0,0.0,0.0,0.0,0.0,0.0,0.0005628486764778916,0.000352092839840009,0.0011814744801512287,0.07668157168680431,0.0,0.0,0.0,0.0,0.0,0.0,0.0,0.0,0.0,0.0004394240959495437,0.0,0.0,0.0,0.0,9.821567248042538e-05,0.0,0.0009767919185924307,0.0,0.0,0.0,0.0,0.0,0.0,0.0,0.00014916200783995516,0.0,0.000716492767901124,0.0,0.008022634625765501,0.0,0.0,0.0,0.0,0.0,0.0005805651880560481,0.0,0.0,0.0,0.0,0.0,0.0
0.0,0.0,0.0,0.0,0.0307862987103037,0.04897540983606557,0.11448857333037497,0.019297036526533425,0.09605889218062665,0.05359212050984936,0.0036843544271224237,0.005511084348389546,0.0,0.0,0.0,0.0,0.0,0.0,0.0,0.00023209325656786488,0.0,0.0,0.0,0.0,0.0,0.0,0.0,0.0,0.0,0.0,0.0,0.0,0.0,0.0,0.0,0.0036685260565857583,0.0,0.0,0.0,0.0,0.0,0.0,0.0,0.0,0.11400004727350084,0.0,0.0,0.0,0.0,0.0,0.0,0.0,0.0,0.0,0.0,0.0,0.0,0.0,0.0,0.0,0.004129727858352808,0.0,0.0,0.0,0.0,0.0,0.0,0.0,0.0,0.0,0.0,0.0,0.0,0.0,0.0,0.0,0.0,0.00011272686281140798,0.0024164064583954434,0.0,0.0,0.0,0.0,0.0,0.0
0.0,0.0,0.0,0.0,0.0036056025516571903,0.005635245901639344,0.006700687818948303,0.0,0.02334141305323638,0.008690614136732328,0.006344755859584414,0.015034395187946302,0.0,2.333972841892012e-06,0.0,0.0017609652698516226,0.0005431584664825962,0.00026489669029078653,0.0,0.0018866935695194176,0.0,0.0,0.0,0.00015591790511985162,0.0,0.00022067461527976995,0.0,0.0,0.0,0.0,2.0925842997585156e-05,0.00018553047801927664,0.0,0.0020023103581055064,0.0,0.0003266495803809237,0.0013556860690618652,0.0007042448775889317,0.0,0.0,0.00046352243945238134,0.0,0.0,0.0,0.0,0.0708979970818411,0.0,0.0011399751278153931,0.0,0.0,0.0,0.0,0.0,0.0,0.0,0.0,0.0,0.0,0.00015531780764346342,0.0,0.002027770565179223,0.0,0.0,0.0003295119104825976,9.028892455858747e-05,0.0,0.0,0.0,0.00015313966138235397,0.0,0.0,0.0,0.0,0.0,0.0,0.0,0.0,0.00019727200991996393,0.0,0.0,0.0,0.0,0.0,0.0,0.0
0.0,0.0,0.0,0.0,0.000554708084870337,0.0007172131147540982,0.00044375416019525185,0.0004922713399625873,0.0001795493311787414,0.0,0.00019433662856775243,0.0004647113880470994,0.015154986743478118,0.00010969672356892457,8.334201479320764e-05,0.0,0.0,0.0,0.0,0.0007861223206330907,0.0,0.00016132005899705015,0.0023236675219054075,0.00022977375491346554,0.003554502369668246,0.00027908848403029727,0.0,0.0007567476666946945,0.00024216593209667263,0.0,2.5111011597102185e-05,0.007449048692473956,0.0,0.0,0.004996540856330233,0.00033921302578019,0.012233343443534526,0.01125128233565309,0.008131770292328238,0.010462945077586761,0.025626169152581656,0.015618838375302799,0.018768566027545234,0.013541369359084137,0.023164015411161275,0.015121368881814565,0.14336264583260344,0.02746303717009811,0.027330063069376315,0.047774435323509924,0.0062917899813657785,0.0058657040895853,0.013749761950104742,0.008736784966526221,0.012811207084270887,0.007110060839733423,0.007703655138501883,0.015914055186555524,0.00474632947475172,0.017450848048074202,0.004933417411625061,0.009925409047160732,0.0,0.0009473467426374683,0.000635366506153023,0.0,0.0,0.0,0.0004534525038334637,0.0,0.0,0.00013043911945921473,0.0007631740595275766,0.0,0.00014715791593410422,0.0,0.0,5.636343140570399e-05,0.00031381902057083677,0.0,0.0,0.0,0.0,0.0,0.0
0.0,0.0,0.0,0.0,0.0,0.0,0.0,0.0,0.0,0.0,0.0,0.0,0.0,0.0007550402143520659,0.0,0.01010924506766672,0.007015796858733535,0.0013894581113365785,0.0002704001922845812,0.003706005225841713,0.0029821073558648115,0.0017745206489675517,0.0,0.005046816402563619,0.005482368061691702,0.005322152486159158,0.01499586117187962,0.007500210207685195,0.0,0.0,0.0,0.005092811621629143,0.0,0.0067000385059684245,0.012721961718810057,0.00036433991657872257,0.001401641529030064,0.0,0.0,0.0,0.0001986524740510206,0.0006055996845248155,0.0,0.0,0.0,0.0,0.0,0.0750656349316015,0.0,0.0,0.0,0.0,0.0,0.00041357561971721766,0.0,0.0005078614885523874,0.0,0.0,0.0,0.0,0.0012117165572412432,0.0,0.0,0.00015102629230452394,0.0,0.0,0.0,0.0,2.3865921254392822e-05,0.0,0.0,0.0,0.0006049550471864937,0.0005977914323807316,0.0,0.0,0.0,0.0,0.0,0.0,0.0,0.0,0.0,0.0,0.0
0.00011546694536637068,0.0006912189355228393,0.02443181818181818,0.00010909884355225835,0.0056857578699209535,0.001331967213114754,0.00248502329709341,0.011912966427094614,0.013466199838405604,0.008980301274623405,0.005539264040486351,0.0029322634062690215,0.008117573892834932,0.0007176966488817937,0.0008750911553286801,0.0003505625305723137,0.0030326347711944956,0.0004698167714591309,6.008893161879582e-05,0.00217868186004028,0.00033134526176275685,0.00016132005899705015,0.0033886818027787195,0.0016084162843942591,0.00044180255442204195,5.8413868750527345e-05,0.011071365222018566,0.0035651223408727827,0.0012689494841865647,8.509189925119131e-05,0.0017954373291928065,0.0012987133461349364,0.00012810658467845247,7.701193685021179e-05,0.0015758321162272274,0.001746318910498015,0.029457449839615443,0.00863393129453517,0.002196171538803977,0.009797609082909449,0.0015064479282202393,0.0042391977916737085,0.03544423440453686,0.10122728570069452,0.09790342023778571,0.10332935402573287,0.05542514802228217,0.08522177697941136,0.13244569025928524,0.02228114006016418,0.004844897511783405,0.030764182288034788,0.009541039801942488,0.01240726859151653,0.00018146185671771796,0.0006115066902977727,0.0005151380335776336,0.023536753889359427,0.005669099978986414,0.011321822813472968,0.030911136664317423,0.002706929740134745,0.007161043921069383,0.001812315507654287,0.005076243980738362,0.0,0.0,0.0010335065227532292,3.977653542398804e-05,2.0639165470086472e-05,8.35908229217978e-05,0.0007059058229557504,0.0026431882061686797,0.0,0.0006815735053790091,0.0003294404454034822,0.00012419955215102666,0.0003663623041370759,0.0004707285308562552,0.0,0.0,0.0,0.0,0.0,0.0
0.00021020905438493126,0.0004328193334582265,0.0,0.0,0.0,0.008913934426229507,0.0015531395606833815,0.012109874963079649,0.002064817308555526,0.0,0.00014340702935689318,0.000510528003770053,0.009754181532519394,0.0004236160708034002,0.0007084071257422648,0.0018506440567422143,0.001290001357896166,0.0005897699897040154,0.0007811561110443457,0.002590460218467137,0.0029821073558648115,0.0016823377581120945,0.0015975214213099676,0.001674065928655249,0.0020282753634830106,0.000616590836811122,0.0013007745521196714,0.0015303119482048266,0.0005715115997481474,0.00034036759700476523,0.00030551730776474326,0.004443454948561675,0.0010248526774276198,0.002040816326530612,0.006918287339534169,0.003103171013618775,0.008294960524259888,0.00393711703219009,0.003798783202255528,0.011471680295323331,0.031089112188984722,0.016984958593882032,0.06390089116932217,0.024292011543462406,0.032027796818493395,0.044236636158641734,0.06008478436043864,0.03447561144120492,0.03243567924717189,0.14092693621577526,0.006006796010084402,0.006604044464498135,0.011597790896972006,0.005660816294879416,0.005589025186905713,0.0051408020065711055,0.007001194183623292,0.0038782151294967236,0.01449252190437905,0.03737290165255067,0.005860751511554583,0.01410611164581328,0.004057924888605983,0.003102903823711128,0.00113697164258962,0.0,0.0,0.0,0.0010123128265404956,0.0,3.881002492797755e-05,0.0034297815528393527,0.005826182454442231,0.00015216509187873168,0.012283813403762596,0.0,0.0,0.0,0.0002824371185137531,0.0,0.0,0.0,0.0,0.0,0.0
0.0,0.0,0.0,5.4549421776129175e-05,0.0,0.0,0.0,0.0,0.0,0.0,2.6805052216241716e-06,6.545230817564781e-06,0.0,0.0,0.0,0.0,0.0,4.998050760203521e-06,0.0,0.0,0.0,0.0,0.0,0.0,0.0,1.9471289583509113e-05,0.0,0.0,0.0,0.0,0.0,9.276523900963831e-06,0.0,0.0,0.0,0.0,0.001971489232635729,0.0,0.0,0.0,0.0,0.0,0.0,0.0,0.0,0.0,0.0,0.0005872599143291419,0.0,0.0,0.2656363038474186,0.0,0.003466006474957151,0.0,0.0,0.0018448845910678563,0.0006556302245533518,0.0,3.426128109782281e-05,0.005965729713253064,6.182227332863485e-05,0.0009624639076034649,0.0,0.0,1.6720171214553236e-05,0.0006449185790293975,4.673989249824726e-05,0.0002774784049415285,0.0002684916141119193,0.0009140201851038296,1.79123191975281e-05,0.007626852043674086,0.005463209426130335,0.0,0.0,0.0,0.000368945728448638,0.0006481794611655958,1.569095102854184e-05,0.0,0.0,0.0,0.0,0.0,0.0
0.0,0.0,0.0,0.0,0.0,0.0,0.0,0.0,0.0,0.0,0.017684633199665473,0.04726311173363529,0.0,0.0003629327769142079,0.0,0.00017935757378118378,0.0,0.0,0.0,0.0005540290640652258,0.0,0.0,0.0,0.0,0.0,0.0,0.00147076213563531,0.0,0.0,0.0,0.0,0.0,0.0,0.0,0.0,0.0,0.00016543965588551577,0.0,0.0,0.0035305732620779942,0.0,0.0004506788349952115,0.0,0.0,0.0,0.0,0.0,0.0009672516236009397,0.0,0.0,0.0,0.11684236432995614,0.0,0.023651355752578384,0.0,0.00023838396401438592,0.0,0.0,0.007592299891277535,0.0,0.03887384546904559,0.0,0.0,0.0004942678657238965,0.00019395398608881753,0.0,0.0,0.0,0.0017004468893754886,0.0,0.0,0.006092274167683325,0.0012006030936470413,0.0,0.06588027541765741,0.0012848177370735805,0.00045661600055524505,0.0006199977454627439,0.0003452009226279205,0.0,0.0,0.0,0.0,0.0,0.0
0.0,0.0,0.0,0.0,0.004021633615309943,0.002868852459016393,0.0013312624805857556,0.01992058022381937,0.004129634617111052,0.005793742757821552,0.011129457680183561,0.009385860992387897,0.0031422866681941673,0.0,0.0,0.0,0.0,0.0,0.0,0.0005465421848211011,0.0,0.0,0.003533911022897807,0.0,0.0,0.0,0.0007686395080707148,0.0,0.0,0.0,0.0,0.0,0.0,0.0,0.0018064416942116998,0.0015955575657068195,0.013552265144621831,0.0043641001469487345,0.0,0.015120297040327947,0.002416938434287417,0.007858712185229001,0.014785309208749662,0.013668220594298038,0.021533079632212165,0.0666534023079984,0.062362050239988795,0.05492607434019622,0.06865051556712384,0.01473512466221384,0.04097336402499178,0.18044218384675337,0.1487335745572272,0.08287021480083749,0.04910357842781449,0.01197102080159199,0.006275317863582082,0.010653947309766862,0.0015257690515563759,0.0026780465501099523,0.016642555980068502,0.043611645813282,0.00732017823042648,0.007180613715933273,0.002207062600321027,0.0,0.0,0.0010214422442775106,0.0,0.0,0.0,0.003575566451058475,0.009283733224131192,0.0,0.0008829474956046255,0.0,0.0,8.454514710855598e-05,0.00392273775713546,0.0,0.0,0.0,0.0,0.0,0.0
0.0,0.0,0.0,0.0,0.0,0.0,0.0,1.640904466541958e-05,0.0,0.0,0.0031536143932408382,0.015309294882284023,6.546430558737849e-05,0.0,0.0,6.522093592043046e-05,0.0,0.0009246393906376511,0.0014421343588510995,4.4921275464748036e-05,0.0,0.0,0.0,0.0,0.0,1.9471289583509113e-05,1.4781529001359901e-05,0.0,2.9059911851600714e-05,0.0,4.185168599517032e-06,9.276523900963831e-06,0.0,0.0014632268001540237,0.0008071335229456532,0.0,4.595545996819882e-06,0.0,0.0,0.0,0.00021520684688860564,0.0,0.0,0.0,0.0,0.0,0.0,0.0,0.0,0.0,4.384522635098104e-05,0.0,0.0,0.020316902318608315,0.0,0.0003316646455852326,0.0,0.0,0.00020328360118041536,5.443184044938927e-05,0.0277829296338885,0.0,0.0,0.0,2.006420545746388e-05,1.791440497303882e-05,0.0,4.021426158572877e-06,0.0001650726220095504,4.717523536019766e-05,8.95615959876405e-06,0.012368697680485537,0.0006235690486383858,0.0,7.745153470216014e-06,6.588808908069645e-05,4.748806405774549e-05,0.0011554503438169317,0.0,0.0,0.0,0.0,0.0,0.0,0.0
6.51351999502604e-05,7.105989056776854e-05,0.0035511363636363635,0.0,0.0006933851060879212,0.001024590163934426,0.005147548258264921,0.0009845426799251747,0.0008977466558937069,0.00028968713789107763,0.0238203096519632,0.04162112276889444,9.819645838106773e-05,2.6840687681758137e-05,0.0,5.7068318930376645e-05,9.052641108043271e-05,9.996101520407041e-06,0.0,0.0007486879244124673,0.0,0.000898783185840708,0.00033886818027787193,0.00011488687745673277,6.024580287573298e-05,6.490429861169704e-05,0.00011086146751019926,0.00011771630370806358,6.780646098706834e-05,8.509189925119131e-05,0.00010044404638840874,0.0019387934953014406,0.0,0.0,0.0013067876085786764,0.003065480677420976,0.0045587816288453235,0.0009870518756758255,5.935598753524262e-05,0.0005902174146330993,0.0012084692171437086,9.858599515520251e-05,3.375641371860653e-05,0.0026004503218850093,7.091025125865696e-05,0.0,0.0023123007392355393,3.454470084289071e-05,5.005506056662329e-05,5.098659052669149e-05,0.008352515619861887,0.007670536117150007,0.020529422967053894,0.023237780132861166,0.07639544167815926,0.019464568887783338,0.002669351628538647,0.01952480720367316,0.0069459037212319455,0.00010886368089877854,0.006837543430147014,0.011038257940327237,0.0038987905792488863,0.002375231688062058,0.000615302300695559,0.002687160745955823,0.00032717924748773075,0.003056283880515386,0.0004415195432062672,0.00021818546354091418,0.0002268893765020226,0.0006598684866760275,9.307000725946056e-05,0.00017027998376905687,0.0078845662326799,0.00047768864583504916,0.0018155052182076544,0.0004509074512456319,0.002149660290910232,0.0,0.0,0.0,0.0,0.0,0.0
5.921381813660036e-06,6.459990051615321e-06,0.00014204545454545457,0.00010909884355225835,0.0,0.0,4.4375416019525186e-05,0.0005579075186242657,8.97746655893707e-05,0.0,0.0014005639782986297,0.003992590798714516,0.04088245883931786,2.6840687681758137e-05,2.083550369830191e-05,4.076308495026904e-05,4.5263205540216354e-05,4.498245684183168e-05,3.004446580939791e-05,5.240815470887271e-05,0.0,9.218289085545724e-05,0.000193638960158784,5.7443438728366386e-05,4.0163868583821995e-05,0.00021418418541860025,0.00014042452551291907,6.726645926175062e-05,0.00020341938296120502,8.509189925119131e-05,2.5111011597102185e-05,8.348871510867448e-05,0.0,7.701193685021179e-05,0.0001537397186563149,0.00012563445399266295,5.5146551961838584e-05,3.881664679624033e-05,2.967799376762131e-05,9.658103148541626e-05,4.966311851275515e-05,0.00011266970874880288,6.751282743721307e-05,9.513842641042717e-05,9.454700167820929e-05,0.0002652871733651678,0.00028027887748309575,0.00024181290590023492,0.00020022024226649317,0.00015295977158007445,0.0022141839307245424,6.152836457606958e-05,0.00020948390782708057,0.0001292423811616305,0.0002540465994048051,0.14577697625488426,0.0002575690167888168,0.00017830874158605628,0.007124062382940623,0.08276905658734132,0.009199154271300867,0.00024061597690086623,0.00019891788669637174,0.0014828035971716895,0.0005718298555377207,0.10891958223607602,0.004814208927319467,3.619283542715589e-05,0.0001113742991871665,0.0003154843864713218,7.463466332303375e-05,0.00016113067697903,0.00028851702250432774,0.0,0.010587624793785288,0.0003788565122140045,0.00040182208048861564,0.00039454401983992786,0.00017260046131396025,0.0,0.0,0.0,0.0,0.0,0.0
0.0,0.0,0.0,0.0,0.0,0.0,0.0,0.0,0.0,0.0,0.0,0.0,0.04114431606166738,0.0,0.0,0.0006685145931844121,0.0,0.0,0.0,0.0,0.0,0.0,0.0,0.0,0.0,0.0,0.0,0.0,0.0,0.0,0.0,0.0,0.0,0.0,0.0,0.0,0.0,0.0,0.0,0.0,0.0,0.00047884626218241223,0.0,0.0,0.0,0.0,0.0,0.003696282990189305,0.0038292121333466816,0.0,0.16772991340567797,0.0,0.0416301656827271,0.0,0.007040720040647456,0.3258708788076656,0.30840377455686413,0.022154861142067495,0.0014161329520433429,0.04750811034422695,0.0005564004599577136,0.043220644850818085,0.06078930617441121,0.006851101805450676,0.001421214553237025,0.007667365328460614,0.017153540546856742,8.042852317145753e-05,0.00011734077950076473,0.0004186802138217542,0.0,0.02493689048484988,0.009167395715056866,0.0,0.0,0.0,0.0008803556490705126,0.00011272686281140798,0.0002353642654281276,0.0,0.0,0.0,0.0,0.0,0.0
0.00033159738156496196,0.0019444570055362116,0.00028409090909090913,0.004745799694523238,0.0002773540424351685,0.0019467213114754095,0.00017750166407810074,9.845426799251748e-05,0.00044887332794685345,0.00028968713789107763,0.000718375399395278,0.0011781415471616606,3.2732152793689245e-05,3.2675619786488165e-05,0.0,1.6305233980107615e-05,0.0,2.9988304561221117e-05,0.0,0.0003369095659856103,0.0,4.609144542772862e-05,0.0,0.0,4.0163868583821995e-05,5.192343888935764e-05,1.4781529001359901e-05,0.0,1.9373274567733813e-05,0.0,1.6740674398068127e-05,1.8553047801927662e-05,0.0,0.0,0.0,5.025378159706519e-05,0.0001746307478791555,0.0,0.0,0.0003755929002210632,0.0004469680666147963,2.816742718720072e-05,0.02211045098568728,0.013668220594298038,0.002009123785661947,0.004310916567183977,7.006971937077394e-05,0.0,0.00020022024226649317,0.009840411971651458,4.384522635098104e-05,0.0006563025554780755,9.521995810321844e-05,0.005479876961253133,0.04739783697466793,0.0015857715867043933,0.0016156601962207598,0.10462265412561851,0.026511379313495294,0.00654270722201659,0.0018052103811961376,0.007398941289701636,0.00043761935073201785,0.0006178348321548706,0.003180176565008025,0.000698661793948514,9.347978499649451e-05,6.0321392378593146e-05,0.0007895642281661627,0.00018870094144079065,0.0002806263340946069,0.0005984853716363971,0.0005537665431937903,0.0,0.004902682146646736,0.0001647202227017411,0.0001315054081599106,0.0005354525983541879,0.002526243115595236,0.0,0.0,0.0,0.0,0.0,0.0
0.0005773347268318535,0.0010529783784132972,0.00014204545454545457,0.008727907484180668,0.03328248509222022,0.0021516393442622948,0.0005325049922343022,0.000311771848642972,0.016249214471676095,0.004345307068366164,0.000498573971222096,0.001132324931438707,0.004124251252004845,0.0001517082347229808,8.334201479320764e-05,5.7068318930376645e-05,2.2631602770108177e-05,6.997271064284927e-05,3.004446580939791e-05,0.0028075797165467526,0.00033134526176275685,0.00023045722713864306,0.00014522922011908797,2.461861659787131e-05,8.032773716764399e-05,0.00018173203611275172,5.173535150475965e-05,1.6816614815437655e-05,4.843318641933453e-05,8.509189925119131e-05,7.533303479130656e-05,0.001975899590905296,0.0,7.701193685021179e-05,0.00011530478899223615,0.0006281722699633148,3.6764367974559056e-05,1.6635705769817282e-05,5.935598753524262e-05,0.0009443478634129591,0.004552452530335888,0.00019717199031040502,0.008337834188495813,0.03348872609647036,0.024534946935495308,0.0,0.00014013943874154787,0.0011054304269725026,0.00010011012113324658,0.0045887931474022335,6.576783952647156e-05,6.152836457606958e-05,3.8087983241287376e-05,0.0,7.258474268708719e-05,6.218712104723111e-05,9.366146065047883e-05,0.00040119466856862663,0.33296711830648773,1.0886368089877855e-05,0.0394302459290033,0.0006015399422521655,0.0003978357733927435,0.00013729662936774902,0.010724317817014445,0.00025080166962254344,0.00014021967749474175,0.0003176926665272573,0.0013882010862971824,0.00023587617680098828,0.000119415461316854,0.0010511858450536716,0.0007073320551719002,0.0,0.44380503899684776,0.00018119224497191523,8.036441609772314e-05,0.003381805884342239,0.006511744676844863,0.0,0.0,0.0,0.0,0.0,0.0
0.0,0.0,0.00014204545454545457,0.003109317041239363,0.0,0.0,0.0,0.0005579075186242657,0.0,0.0,0.0,0.0,0.1262479133252594,7.001918525676036e-06,2.083550369830191e-05,3.261046796021523e-05,0.0,0.0,0.0,1.4973758488249348e-05,0.0,0.0,0.0,4.923723319574262e-05,0.0,1.298085972233941e-05,2.2172293502039852e-05,3.363322963087531e-05,1.9373274567733813e-05,0.0,1.2555505798551093e-05,3.7106095603855324e-05,0.0,0.0,0.0,2.5126890798532594e-05,2.297772998409941e-05,1.1090470513211523e-05,0.0,0.0,0.0006952836591785721,0.0,0.0,0.0,0.0002127307537759709,0.0,0.0,0.0,0.0,0.0,6.576783952647156e-05,0.0,5.713197486193106e-05,0.0,0.0,4.145808069815407e-05,0.0,4.457718539651407e-05,3.654536650434433e-05,0.31170937751747263,0.0,3.007699711260828e-05,0.00011935073201782304,0.0,0.015941011235955056,0.0,0.0,0.0,0.0,0.0,0.0,0.0,0.0,0.0,0.0,0.0,0.0,0.0,0.0,0.0,0.0,0.0,0.0,0.0,0.0
0.0,0.0,0.09119318181818183,0.0018001309186122625,0.002773540424351685,0.0029713114754098355,0.0,0.0,0.0,0.001448435689455388,1.3402526108120857e-05,2.6180923270259125e-05,0.0,0.0,0.0,0.0,0.0,0.0,0.0,0.00014225070563836877,0.0,0.0,0.0,0.0,0.0,0.0,0.0,0.0,0.0,0.0,0.0,0.0,0.0,0.0,0.0,0.0,0.0011580775911986102,0.0,0.0,0.00024681819157384153,0.0,0.0,0.0,0.0,0.0,0.0,0.0,0.0,0.0,0.0,0.0,0.0,0.0,0.0,0.0,0.0,0.0,0.0,0.0005573168391912511,0.0,0.07151600578656479,0.0,0.0,0.0008786984279535938,0.021388443017656498,0.0019526701420612314,0.0008880579574666978,0.0001688998986600608,0.00023468155900152946,0.00036560807404153187,0.00016419625931067425,0.0027468943980234633,0.004230031829942483,0.0,0.0008442217282535454,0.0014165939152349734,0.0007305856008883921,0.0015218126479540077,0.004770049112676719,0.0,0.0,0.0,0.0,0.0,0.0
2.960690906830018e-06,0.0,0.011505681818181818,5.4549421776129175e-05,0.0,0.000512295081967213,0.00031062791213667625,0.0014111778412260838,0.0,0.0,0.005594214397529646,0.008207719445226235,0.009655985074138326,9.802685935946452e-05,0.0,0.0008723300179357573,0.0,4.998050760203521e-06,0.0,0.0006962797697035946,0.0009940357852882705,0.0007835545722713864,0.0,0.0016904783397204968,2.0081934291910997e-05,3.8942579167018226e-05,0.0018033465381659078,0.0013957790296813255,0.0019954472804765825,0.0006381892443839348,0.0005817384353328673,0.0021521535450236087,0.0,0.0,0.0046121915596894466,0.0007538067239559777,0.0026654166781555316,0.00029944270385671117,0.00032645793144383444,0.005612431051874744,0.0008442730147168374,0.0012816179370176326,0.000573859033216311,0.0006025433672660387,0.0006381922613279128,0.0007295397267542115,0.004274252881617209,0.0010017963244438304,0.0039793773150465514,0.0014276245347473616,0.0033541598158500496,0.023934533820091065,0.003466006474957151,0.05676325380618812,0.0008710169122450462,0.002176549236653089,0.002950336010490083,0.0010698524495163376,0.002546755228271496,0.015055847068301072,0.0059473026942146725,0.11068334937439846,0.0038987905792488863,0.0017299375300336376,0.001116907437132156,3.582880994607764e-05,4.673989249824726e-05,0.00024128556951437258,8.353072439037488e-05,6.781440083028412e-05,1.19415461316854e-05,0.0055474990217066035,0.00026059602032648955,0.0,7.745153470216014e-06,4.941606681052233e-05,0.023645402972752808,0.00014090857851425996,0.0007217837473129246,0.0,0.0,0.0,0.0,0.0,0.0
1.1842763627320072e-05,6.459990051615321e-06,0.00014204545454545457,0.000981889591970325,0.0,0.00010245901639344262,4.4375416019525186e-05,8.20452233270979e-05,0.0002693239967681121,0.0,0.00019031587073531616,0.00013090461635129562,0.00032732152793689244,5.83493210473003e-05,4.167100739660382e-05,0.0012228925485080712,0.0018331598243787623,0.00012994931976529153,0.00015022232904698954,0.00014225070563836877,0.0,0.000898783185840708,0.000193638960158784,0.00014771169958722788,0.00014057354004337697,0.01471380449527172,0.00034736593153195767,0.0001513495333389389,0.00024216593209667263,0.0002552756977535739,0.0002427397787719878,0.00031540181263277025,0.00012810658467845247,0.00019252984212552945,0.0003074794373126298,0.0005276647067691845,0.00034466594976149115,0.00010535946987550946,0.00011871197507048525,0.0007511858004421265,0.0002648699654013608,0.00029575798546560756,0.00020253848231163919,0.00022198966162433008,0.00023636750419552322,0.0003979307600477517,0.0004904880355954174,0.00048362581180046984,0.00037541295424967466,0.0004588793147402234,0.00026307135810588623,0.0002050945485868986,0.00038087983241287375,0.000258484762323261,0.00039921608477897955,0.00055968408942508,0.000398061207764535,0.0002674631123790844,0.0002649539071564964,0.006836639160443292,0.0003709336399718091,0.004331087584215592,0.11752068746021642,0.00037070089929292237,0.0002909309791332263,0.0012360939431396785,0.004346810002336995,0.0004946354175044638,0.0008532066848445434,0.0010968242221245956,0.00028958249369337094,0.017969906927851817,0.020238073078569698,0.0,8.519668817237614e-05,0.01663674249287585,0.013654644880604049,0.0019445383834967875,0.00039227377571354597,0.0,0.0,0.0,0.0,0.0,0.0
0.00010658487264588064,0.00020025969160007495,0.010085227272727272,0.0030002181976871043,0.0037442795728747746,0.0043032786885245896,0.0017750166407810074,0.0008860884119326574,0.0030523386300386032,0.012166859791425259,0.0023293590375914053,0.009025873297421834,0.0011783575005728127,0.0001166986420946006,4.167100739660382e-05,0.00016305233980107615,0.0004978952609423799,0.023150971121262704,0.009524095661579137,0.0012503088337688204,0.0016567263088137843,0.004770464601769911,0.004598925303771119,0.0004267226876964361,0.0017672102176881678,0.004763975518098563,0.0002660675220244782,0.00020179937778525185,0.0013561292197413668,0.0033611300204220563,0.00016740674398068125,0.003024146791714209,0.0008967460927491672,0.02502887947631883,0.0029594895841340615,0.00440976933514247,0.0011764597751858898,0.0005545235256605762,8.903398130286392e-05,0.0013950593436782349,0.0002814243382389458,0.00197171990310405,0.0003713205509046719,0.0022833222338502525,0.0014891152764317961,0.0010611486934606713,0.0017517429842693482,0.00031090230758601633,0.0004504955450996096,0.0023963697547545,0.004494135700975556,0.006132327002748268,0.0027232908017520473,0.00796133067955644,0.00029033897074834874,0.0008602551744866971,0.0006087994942281124,0.0003120402977755985,0.00039971494614126615,0.0009362276557294954,0.003845345401041088,0.011730028873917227,0.014202737110120944,0.08955859133658269,0.0013008293204922416,0.0026155031260636677,0.0005141388174807199,0.0006313639068959416,0.0019311507948346193,0.002202493800879228,0.0006388727180451689,0.04200139646586715,0.012071179941552034,0.002007130021448032,0.0003020609853384245,0.005386351282346934,0.0096108535796868,0.0018599932363882314,0.0008943842086268849,0.0,0.0,0.0,0.0,0.0,0.0
0.019484306857848348,0.03165395125291507,0.055255681818181815,0.07091424830896792,0.036610733601442236,0.02991803278688524,0.023385844242289774,0.017688950149322306,0.030882484962743515,0.042584009269988406,0.04451649046812343,0.06114554629769019,0.028215115708160127,0.036793914866006625,0.034774455672465884,0.02639817381379423,0.03589372199339157,0.019187516868421312,0.03346953491166927,0.05276003803334658,0.07024519549370445,0.04733591445427729,0.06191605751077117,0.0781641076982414,0.08388223953731222,0.06448891110058219,0.08412907231123988,0.048280501135121515,0.04226279846951131,0.057692307692307696,0.07415700241484229,0.06936056920750656,0.03702280297207276,0.0300731613400077,0.08978399569528789,0.1789662797125484,0.09534379279602208,0.0330052402473175,0.07125686303605876,0.04709934968772133,0.03688314268213949,0.049053574446510054,0.024709694842019982,0.025845939174832716,0.022714917153189778,0.03548215943759119,0.020390288336895213,0.0353046842614343,0.027530283311642808,0.04466425330138174,0.0307574262852132,0.026867385864883714,0.03721195962673777,0.02791635433091219,0.035385062059955,0.0219831472901962,0.0319619734469759,0.037177372620692734,0.026246425406338793,0.029687125781096904,0.03097295893764606,0.04279956689124158,0.03668045830681095,0.045458913983661704,0.29459604066345635,0.017197828774117265,0.020799252161720027,0.01898515289462255,0.05483593173550991,0.010095500367082297,0.007935157404504949,0.019005746994145582,0.06633564767418051,0.02752376673816011,0.02321222495023739,0.014478907575483044,0.029954009636424077,0.3146770375380453,0.03251165053113869,0.0,0.0,0.0,0.0,0.0,0.0
0.0034432835246433107,0.006001330757950633,0.005823863636363636,0.012055422212524548,0.0012480931909582581,0.001844262295081967,0.0022631462169957844,0.007613796724754685,0.0027830146332704915,0.003186558516801854,0.00446572169922587,0.009490584685468933,0.014336682923635886,0.0021589248787501113,0.0012709657255964163,0.0038806456872656123,0.005476847870366178,0.005632803206749367,0.006489604614829949,0.0030621336108469913,0.00530152418820411,0.00583056784660767,0.005567120104565039,0.003545080790093469,0.006767611856374006,0.020925145872411125,0.005816531662035121,0.005919448415034055,0.006712839637719765,0.00850918992511913,0.002406471944722293,0.007616026122691305,0.0020497053548552396,0.006314978821717366,0.0066108079022215395,0.0067842605156037995,0.003662650159465446,0.002572989159065073,0.0023445615076420835,0.006728478526817333,0.004767659377224494,0.006971438228832178,0.004523359438293276,0.005771731202232582,0.00978561467369466,0.007361719060883406,0.012612549486739308,0.013506978029570266,0.010336370007007708,0.011166063325345435,0.010676312616463884,0.007362894294269659,0.01291182631879642,0.004135756197172176,0.008927923350511725,0.011276597949897908,0.010934975530943403,0.007533544332010877,0.0018341205814367812,0.009394935661564588,0.004129727858352808,0.014527189605389797,0.0120942075111394,0.00955584540399533,0.029330524344569286,0.0753121585066552,0.05749006777284412,0.008654109093248829,0.0608421885845321,0.05304265525812224,0.008753153314525398,0.0339525355062956,0.06343186344768534,0.00541272969682917,0.011702926893496396,0.013638834439704163,0.028255398114358565,0.00918723931912975,0.0143258382890587,0.0,0.0,0.0,0.0,0.0,0.0
0.0,0.0,0.0,0.0,0.0,0.0,0.0,0.0,0.0,0.0,0.0,0.0,0.0,0.0,0.0,0.0,0.0,0.0,0.0,0.0,0.0,0.0,0.0,0.0,0.0,0.0,0.0,0.0,0.0,0.0,0.0,0.0,0.0,0.0,0.0,0.0,0.0,0.0,0.0,0.0,0.0,0.0,0.0,0.0,0.0,0.0,0.0,0.0,0.0,0.0,0.0,0.0,0.0,0.0,0.0,0.0,0.0,0.0,0.0,0.0,0.0,0.0,0.0,0.0,0.0,0.0,0.001963075484926385,0.0,0.0,0.0,0.0,0.0,0.0,0.0,0.0,0.0,0.0,0.0,0.0,0.0,0.0,0.0,0.0,0.0,0.0
0.010572627228289994,0.01600139535785115,0.001278409090909091,0.02138337333624264,0.11399251144085425,0.07940573770491802,0.048768582205458176,0.038610482097732275,0.0952509201903223,0.19843568945538814,0.002066669525872236,0.004267490493052238,0.026152990082157705,0.010318493934004585,0.003479529117616418,0.021791945214413827,0.01701896528312135,0.00825178180509601,0.008562672755678404,0.01709254531433663,0.016567263088137843,0.01166113569321534,0.019121847315679917,0.047546754856022125,0.013956944332878142,0.011695754609827807,0.08748447939454858,0.034995375430925756,0.01073279411052453,0.010040844111640574,0.026709746002117694,0.029434410337758236,0.012938765052523699,0.00843280708509819,0.08586363286955186,0.06286748077792854,0.056208123087103976,0.03428618959159342,0.01382994509571153,0.014519348399974246,0.019799029913751716,0.02618162357050307,0.011848501215230895,0.011353185551644308,0.014016592998794526,0.012203209974797718,0.023858739445748522,0.015268757772557692,0.01899589548503354,0.025085402539132214,0.009141729694179547,0.0117314081791706,0.01942487145305656,0.013363662212112595,0.016912245046091314,0.010250510452618596,0.02006696794436509,0.017474256675433515,0.007162891834851489,0.01344466459099915,0.008123446715382619,0.014918190567853705,0.01308879694462126,0.013070639115809708,0.01938871054039593,0.037136561509109475,0.027389577003972893,0.4577066610902891,0.06523550692211158,0.01974873290266274,0.026931171913483497,0.04945944494318225,0.017785678387282913,0.02795127818677178,0.01161773020532402,0.02427976082623664,0.06312990177276596,0.067974298275279,0.22957430449859564,0.0,0.0,0.0,0.0,0.0,0.0
0.04287672571271232,0.09130549938953095,0.09446022727272728,0.07298712633646084,0.03993898211066426,0.06905737704918033,0.074018193920568,0.01514554822618227,0.07756531106921628,0.0362108922363847,0.1348950850256256,0.17882225116668737,0.03338679584956303,0.05938327101625847,0.007813313886863215,0.05916354149682048,0.06035848458787851,0.05521846479872849,0.06273284461002283,0.06765144084991055,0.09244532803180916,0.09047750737463128,0.07474463862129062,0.07333885884505864,0.044642139930918145,0.05108617343726675,0.046820493111807485,0.04641385689060793,0.04837506659563132,0.05211878829135467,0.012455061752162686,0.05121568845722131,0.0703305149884704,0.06538313438582981,0.07048966100392037,0.048406955123373036,0.06393783145375502,0.05278509440763024,0.04626799228372162,0.06032021977550276,0.05322230867283593,0.058531913695003095,0.04823791520388874,0.07661814606919735,0.07471576807620489,0.061347658840695055,0.06330799145149424,0.059658698355672245,0.07685954550005006,0.04843726100035691,0.05862106763126164,0.07098322326592561,0.05336126452104361,0.06847261353943183,0.0679393191551136,0.04793590580724065,0.05081134240288476,0.05206615254312843,0.07696225777274264,0.034106991225587316,0.07879866958467797,0.06592877767083734,0.07447485677912158,0.0743461248026361,0.06106540930979132,0.011626448827502195,0.0062631455947651325,0.017087039747776152,0.0598756187737292,0.011566778019878463,0.015216515158300121,0.05756968901779342,0.035776110790536636,0.10824010202307113,0.11311796643250487,0.030637961422523844,0.04267350494789098,0.011075414271220833,0.02278326089344275,0.0,0.0,0.0,0.0,0.0,0.0
0.01682560642351499,0.03224181034761207,0.035227272727272725,0.028583897010691684,0.008875329357925392,0.03493852459016393,0.016019525183048593,0.018591447605920384,0.037436035550767584,0.041714947856315174,0.010025089528874402,0.019197161987917502,0.01080161042191745,0.006421926274465871,0.007521616835086988,0.005445948149355943,0.0045715837595618515,0.009506292545907095,0.009403917798341545,0.013034656764021055,0.029158383035122606,0.014357485250737463,0.020138451856513532,0.008050287627503918,0.006566792513454896,0.017913586416828386,0.01328120380772187,0.012242495585638613,0.010936213493485737,0.008466643975493534,0.008479151582621506,0.012245011549272258,0.006533435818601076,0.011590296495956874,0.015373971865631487,0.016948087843610234,0.009903401623146846,0.008523026589403055,0.00952663599940644,0.010022964823042088,0.013094508914529773,0.01763280941918765,0.009080475290305158,0.013097390035835474,0.013709315243340346,0.009948269001193792,0.01513505938408717,0.013990603841370734,0.013264591050155171,0.015448936929587521,0.018239614162008113,0.009147216866975677,0.011635878880213293,0.007806239822162483,0.010270741090222836,0.012271591886653607,0.018685461399770526,0.022377747069050064,0.00525796460581254,0.010276731476844695,0.009446443364615406,0.015459576515880653,0.03142902609802674,0.02265394384567859,0.058340021401819146,0.05281166586051844,0.02757653657396588,0.020879244615310377,0.05909400985264784,0.45882928756549246,0.09982535488782411,0.03910871716962456,0.039098710049699385,0.01864746971190076,0.022112413157466718,0.03236752376089213,0.03803063345424525,0.04035621688648405,0.01911157835276396,0.0,0.0,0.0,0.0,0.0,0.0
0.02983488226812609,0.23315396094290014,0.022727272727272728,0.0585315295657866,0.3554292053806684,0.04528688524590164,0.09926780563567783,0.4450789275048407,0.09713618816769909,0.10312862108922363,0.009502391010657689,0.02005458722501849,0.015842361952145594,0.006459269839936143,0.004729659339514533,0.009717919452144138,0.018920019915810434,0.01465428482891672,0.02526739574570364,0.011649584103857991,0.010934393638170975,0.02064896755162242,0.03316067192719176,0.025193050985154977,0.02200979998393445,0.08082532306114633,0.037899840359486785,0.02273606323047171,0.04953746306969535,0.04569434989788973,0.012157914781596975,0.020760860490357056,0.009479887266205482,0.022834039276087792,0.03020985471596587,0.025315342479521587,0.003221477743770737,0.0069426345412704135,0.015046742840184004,0.02707488249307836,0.016372274736371616,0.023984564249901415,0.006548744261409667,0.004503218850093553,0.011558370955161084,0.026661360923199366,0.021511403846827596,0.04815531297498964,0.02104815296826509,0.04456228012032836,0.0781321933574482,0.01591533697034333,0.02883260331365454,0.025305658231447255,0.02645713870944328,0.028118943233523003,0.026061301425995734,0.035706325502607765,0.0023526079687171664,0.011441572862461623,0.009372256636621043,0.02559552454282964,0.020767027371101213,0.03079563396718611,0.04085406634563937,0.11307572418982104,0.13526524888992755,0.020887287467627517,0.17785481166804892,0.07292112005802552,0.3494842744764378,0.16369342203193454,0.14682258995216202,0.07382543040983132,0.0700394228311634,0.14566209293514965,0.1794683528582335,0.0734415511216323,0.029875570758343663,0.0,0.0,0.0,0.0,0.0,0.0
1.7764145440980106e-05,3.875994030969192e-05,0.009232954545454546,0.012164521056076806,0.0009707391485230896,0.003073770491803278,0.0017750166407810074,0.0026418561911325526,0.0051171559385941295,0.002027809965237543,0.00037259022580575984,0.0008050633905604681,0.008215770351216,0.00313802648592381,0.005958954057714345,0.0028126528615685636,0.007377902503055266,0.005347914313417766,0.008742939550534791,0.0025530258222465135,0.0023194168323392977,0.003249446902654867,0.008713753207145278,0.007418409801491888,0.009799983934452566,0.01829003134877623,0.00592000236504464,0.0065752963928361234,0.016360730372451206,0.013657249829816203,0.0003557393309589477,0.011261700015770091,0.0012810658467845247,0.003504043126684636,0.0037281881774156355,0.004233881099552742,0.004416319702943906,0.001879834751989353,0.005371716871939458,0.007028952846994184,0.0038240601254821466,0.006323587403526561,0.0028017823386443427,0.004090952335648369,0.002883683551185383,0.002652871733651678,0.003853834565392566,0.0042835429045184475,0.002803083391730904,0.006424310406363127,0.01183821111476488,0.0051683826243898445,0.03389830508474576,0.004342544007030785,0.009254554692603617,0.025227242104826755,0.02060552134310534,0.014977934293228728,0.002197290161073703,0.018474166648522715,0.0026954511171284794,0.013715110683349374,0.012929662635264164,0.00974806068511018,0.003695157838416265,0.025653427921391588,0.020425333021734052,0.010049543970273618,0.018410569420992864,0.008863047343297136,0.005902109175585509,0.07507922258284802,0.035813338793440425,0.01956770621992928,0.0027185488680458204,0.01890988156615988,0.030848976997512358,0.014541765302671629,0.0029812806954229495,0.0,0.0,0.0,0.0,0.0,0.0
0.0054772781776355325,0.03197049076544422,0.06874999999999999,0.142319441413921,0.05408403827485785,0.04549180327868852,0.06372309740403816,0.06458599980309147,0.09201903222910496,0.08458864426419466,0.10277995196534642,0.03965755352362501,0.09165002782232988,0.0390788742782189,0.0918845713095114,0.023593673569215715,0.03102792739781831,0.029983306510460914,0.0258382405960822,0.02443717385282293,0.022200132538104708,0.04595317109144543,0.04163237643413855,0.03889741422463667,0.03450076311350309,0.10162066033633407,0.06854194997930586,0.05690742453544102,0.2964401607981789,0.05156569094622193,0.02822059186654334,0.05949962430078201,0.009479887266205482,0.05452445128994994,0.05918979168268123,0.04657269209508016,0.03139677025027344,0.023988687720076524,0.04644606024632735,0.03535938874938295,0.03350605062327214,0.05012393667962368,0.027241425870915475,0.046649541749912794,0.04552438130805777,0.04635893354556308,0.0532179518621028,0.03730827691032196,0.043648012814095506,0.04242084331820732,0.049961635426942895,0.04415685631075927,0.055722719482003434,0.06575852353503761,0.047760760688103365,0.07122498263942871,0.06228487133256842,0.07176926848838765,0.025581756553041034,0.06462148098151495,0.028079676545865948,0.09101299326275265,0.1087285168682368,0.08900940481911168,0.08950307651150347,0.17269486394009423,0.14171535405468566,0.031113774188878347,0.24227489961396872,0.1778830702822553,0.0747809472631469,0.12582004005248254,0.24837127487295943,0.04797547968233726,0.042590598932717855,0.1227330379350673,0.1292515515811699,0.09128057716153759,0.06507037391536301,0.0,0.0,0.0,0.0,0.0,0.0
0.0005121995268815931,0.0008914786271229143,0.005965909090909091,0.015382936940868426,0.0020801553182637636,0.003381147540983606,0.003150654537386288,0.016556726067408357,0.0025136906365023793,0.005214368482039397,0.006927765745287672,0.014707133647068061,0.04795260384275474,0.0021892665256947074,0.002125221377226794,0.004312734387738464,0.0030778979767347122,0.0049280780495606705,0.004056002884268718,0.004072862308803822,0.005964214711729623,0.006521939528023599,0.01002081618821707,0.006047973477543719,0.0056028596674431675,0.02215832754603337,0.01340684680423343,0.008778272933658456,0.0229767036373323,0.011912865895166783,0.0028793959964677172,0.009990816241338046,0.002690238278247502,0.007855217558721601,0.009993081712660466,0.009033117242072466,0.0045587816288453235,0.002767072393046275,0.0044220210713755755,0.010817075526366621,0.00514840995248895,0.009041744127091432,0.006514987847691061,0.00764278692163765,0.008485593400619282,0.013861254808330017,0.02161650842588376,0.01606328589194418,0.015492041245369906,0.014684138071687149,0.03194124739668968,0.007732064481726078,0.01807274804799086,0.0070307855351926995,0.012484575742178995,0.024740109656623443,0.021823120331561568,0.010431061382784292,0.0029236293203475467,0.05308193080624442,0.007925615440730987,0.019429740134744945,0.016510184595798855,0.011958536417930939,0.017198368111289455,0.024721878862793572,0.00967515774713718,0.0051514469091318545,0.048437876012561436,0.040632619906180244,0.009338289074977984,0.014240882689194267,0.04022951063790183,0.0,0.005344155894449048,0.04508392495346654,0.04351002546090819,0.010680870251380904,0.012097723243005757,0.0,0.0,0.0,0.0,0.0,0.0
0.003532104251848211,0.006815289504454163,0.029829545454545456,0.03540257473270784,0.003189571488004437,0.006249999999999999,0.00865320612380741,0.004200715434347413,0.02585510368973876,0.013904982618771725,0.005852883151416378,0.01044618838483339,0.005269876599783969,0.003726187642080597,0.0013334722366913222,0.0014511658242295777,0.0018331598243787623,0.0015643898879437019,0.001892801345992068,0.01283251102442969,0.0043074884029158395,0.004931784660766962,0.008713753207145278,0.002248500315938913,0.003755321712587356,0.0071719249965925234,0.0029045704487672204,0.002791558059362651,0.0022860463989925897,0.0033185840707964606,0.0010169959696826386,0.00329316598484216,0.0011529592621060721,0.002425876010781671,0.010108386501652702,0.009611035730438717,0.0018014540307533938,0.0018132919289100841,0.0020477815699658703,0.0045500397055351655,0.002052742231860546,0.00467579291307532,0.0072238725357817975,0.002346747851457204,0.00418370482426076,0.01054516514126542,0.002977963073257892,0.0034544700842890704,0.004805285814395836,0.004384846785295468,0.003989915597939275,0.006091308093030888,0.003466006474957151,0.0008788481918990874,0.007585105610800611,0.005120072966222028,0.006205071768094222,0.012882806579592565,0.012176459302166228,0.003265910426963356,0.0014219122865586015,0.008120789220404235,0.005330999363462763,0.003981602251664722,0.05278558052434456,0.018326436287418712,0.0031315727973825662,0.005545546672671996,0.057005741742888465,0.009437995524249544,0.00997119101995731,0.0316429958029295,0.04062505816875454,0.0007934322647962437,0.005212488285455377,0.009043140226325587,0.010385274316628494,0.01769811746139105,0.004315011532849006,0.0,0.0,0.0,0.0,0.0,0.0
1.4803454534150089e-05,1.2919980103230641e-05,0.00014204545454545457,0.000327296530656775,0.00013867702121758425,0.00010245901639344262,8.875083203905037e-05,0.00029536280397755247,8.97746655893707e-05,0.00028968713789107763,0.00015412905024338988,0.0003403520025133686,0.0010146967366043665,0.00015054124830203477,0.0002708615480779248,8.967878689059189e-05,6.789480831032453e-05,0.0002049200811683443,0.0004206225213315707,0.0002470670150561142,0.00033134526176275685,0.00016132005899705015,0.00029045844023817594,0.00015591790511985162,0.00012049160575146596,0.000746399434034516,0.0002882398155265181,0.00016816614815437655,0.0007749309827093524,0.00021272974812797826,0.00015066606958261312,0.00018553047801927664,0.00012810658467845247,0.00023103581055063533,0.0005765239449611808,0.00022614201718679333,0.00019760847786325493,7.20880583358749e-05,2.967799376762131e-05,0.0002038932886914343,9.93262370255103e-05,0.00018308827671680467,0.00013502565487442613,0.00015856404401737864,0.0008981965159429882,0.00033160896670645973,0.0008758714921346741,0.00037999170927179775,0.0008509360296325958,0.00025493295263345745,0.0013372794037049215,0.0002050945485868986,0.0003999238240335174,0.0004394240959495437,0.00029033897074834874,0.0010468165376283903,0.0004917226684150139,0.0002674631123790844,0.00013019286817172668,0.001110409545167541,0.00018546681998590455,0.0010526948989412897,0.0007558879694462126,0.00031578224754582273,0.0009095773140716959,0.001683954067465649,0.49441458284645945,0.0002734569787829556,0.0008432625509885465,0.0010349067257143362,0.00019703551117280908,0.00029924268581819853,0.007901643616328202,0.015270853863544143,0.00010843214858302417,0.3259977927490158,0.00585199066311602,0.0028181715702851992,0.0002039823633710439,0.0,0.0,0.0,0.0,0.0,0.0
0.00666155454036754,0.0008010387664002998,0.0017045454545454545,0.008182413266419376,0.0018028012758285951,0.003073770491803278,0.002884402041269137,0.001099405992583112,0.003411437292396086,0.002027809965237543,0.0008095125769304998,0.0017213957050195375,0.004124251252004845,0.0008565680329743685,0.0005417230961558496,0.002559921734876895,0.0009278957135744352,0.0026089824968262374,0.005678404037976204,0.0019765361204489135,0.0023194168323392977,0.003618178466076696,0.005373481144406255,0.0014032611460786648,0.0016668005462286127,0.005250757757686291,0.0020102879441849463,0.0021861599260068953,0.006034775027849082,0.0019145677331518043,0.0004561833773473564,0.004740303713392518,0.0010248526774276198,0.0030034655371582596,0.0037666231070797146,0.00247499874365546,0.002017444692603928,0.001325311226328777,0.0017213236385220359,0.0028437748159594787,0.004304136937772113,0.003563179539180891,0.0017890899270861464,0.001649066057780738,0.001985487035242395,0.0024539063536278024,0.003923904284763339,0.0028326654691170376,0.002728000800880969,0.0037220211084484783,0.003091088457744163,0.0017022847532712584,0.003332698533612645,0.0023263628609093492,0.004282499818538144,0.003979975747022791,0.005151380335776335,0.003744483573307182,0.0008953614793564362,0.003625160573929325,0.0018670326545247723,0.005534167468719923,0.01428230426479949,0.008114230795633967,0.003598180845371856,0.006735816269862596,0.004627249357326478,0.0009651422780574903,0.00944493833642596,0.016284301555898228,0.00108369531145045,0.004764864304951315,0.009051058205982539,0.006025013042722162,0.001169518174002618,0.0060781762176942465,0.04944968639613082,0.0012399954909254878,0.0018201503193108533,0.0,0.0,0.0,0.0,0.0,0.0
0.00017764145440980108,0.00030361953242592006,0.0008522727272727272,0.003109317041239363,0.0024961863819165163,0.002049180327868852,0.0013756378966052808,0.0016244954218765384,0.0013466199838405603,0.007821552723059096,0.00048115068728153877,0.001014510776722541,0.006546430558737848,0.001166986420946006,0.003812897176789249,0.0016060655470406,0.0014484225772869233,0.00366357120722918,0.0024035572647518326,0.0009208861470273349,0.001988071570576541,0.002097160766961652,0.0027593551822626718,0.0015755914622637638,0.0016266366776447906,0.027110525530105855,0.0019807248861822267,0.000924913814849071,0.0029350510970116723,0.002893124574540504,0.0010211811382821556,0.001873857827994694,0.0016653856008198823,0.007508663842895649,0.002575140287493274,0.0021232222724760037,0.0014292148050109833,0.0007652424654115951,0.0004154919127466983,0.001835039598222909,0.001440230436869899,0.0024083150245056617,0.0015865514447745072,0.0025370247042780583,0.0020327605360814997,0.002785515320334262,0.004414392320358757,0.0034199253834461796,0.0034287716488136948,0.0027532758884413404,0.0024772552888304286,0.0015176996595430497,0.002551894877166254,0.0034119988626670453,0.001959788052551354,0.004259817791735331,0.0029971667408153226,0.0013818927472919362,0.001425269293669429,0.004191251714602974,0.0012117165572412432,0.004782242540904716,0.0029042011457670273,0.004160087869842796,0.003447699304440877,0.02429193314344064,0.002523954194905352,0.00665546029243811,0.020029474412749177,0.0430326600051303,0.015670293911304166,0.0057623399243453095,0.027539415148074377,0.0022281317025099993,0.0008442217282535454,0.004134477589813702,0.02479242236614759,0.0067917934843873306,0.002808680234108989,0.0,0.0,0.0,0.0,0.0,0.0
0.0,0.0,0.0005681818181818183,0.0005454942177612917,0.005269726806268201,0.001536885245901639,0.0006656312402928778,0.0011486331265793705,0.002423915970913009,0.002896871378910776,8.979692492440975e-05,0.0001767212320742491,3.2732152793689245e-05,0.00017154700387906287,2.083550369830191e-05,7.337355291048427e-05,4.5263205540216354e-05,6.497465988264576e-05,3.004446580939791e-05,0.0005016209093563531,0.0,0.00016132005899705015,4.8409740039696e-05,0.0018628086559055958,8.032773716764399e-05,0.00017524160625158203,0.002372435404718264,0.0008744639704027581,0.0001452995592580036,4.2545949625595654e-05,0.0005147757377405948,0.00013914785851445747,0.0,3.850596842510589e-05,0.00026904450764855104,0.00033921302578019,0.0019209382266707105,0.00032162364488313414,2.967799376762131e-05,8.584980576481446e-05,9.93262370255103e-05,0.00015492084952960396,0.00020253848231163919,9.513842641042717e-05,4.7273500839104645e-05,0.0,0.00010510457905616089,3.454470084289071e-05,7.508259084993493e-05,0.00015295977158007445,6.576783952647156e-05,6.152836457606958e-05,3.8087983241287376e-05,0.0,7.258474268708719e-05,5.182260087269259e-05,0.00011707682581309853,0.0,3.654536650434433e-05,8.709094471902284e-05,3.7093363997180906e-05,0.0003609239653512993,0.00027848504137492044,0.000988535731447793,0.003531300160513643,0.002776732770821017,0.002570694087403599,0.0004262711728087249,0.003172178700063046,0.0007724944790232366,0.0017583926678906752,0.002846641959962863,0.001009809578765147,0.0011955828647614631,0.0012624600156452101,0.0009883213362104465,0.0017607112981410252,0.0017472663735768235,0.0003608918736564623,0.0,0.0,0.0,0.0,0.0,0.0
4.7371054509280286e-05,0.00010981983087746045,0.0007102272727272727,0.0012000872790748419,0.0002773540424351685,0.0004098360655737705,0.0002662524961171511,0.0010501788585868532,0.0002693239967681121,0.0005793742757821553,0.0005548645808762035,0.001197777239614355,0.0037641975712742626,0.01618143371283732,0.004250442754453588,0.0006522093592043046,0.005408953062055854,0.0005997660912244224,0.00045066698714096864,0.000389317720694483,0.0006626905235255137,0.000898783185840708,0.0012102435009923999,0.000533403359620545,0.00044180255442204195,0.0018173203611275173,0.006895583279134394,0.0006053981333557556,0.007419964159442049,0.0029356705241661,0.00023436944157295374,0.01965695414614236,0.0010248526774276198,0.0007701193685021178,0.0007686985932815744,0.0010302025227398363,0.0003768347717392303,0.0013807635788948345,0.00020774595637334915,0.0007833794776039318,0.0003807505752644561,0.0007605205340544195,0.0005401026194977045,0.0013319379697459806,0.0006618290117474649,0.001260114073484547,0.007322285674245875,0.00587259914329142,0.001326459105015517,0.0008667720389537553,0.0024772552888304286,0.0006563025554780755,0.008912588078461245,0.0006462119058081526,0.0011250635116498513,0.001896707191940549,0.016390755613833796,0.0009806980787233097,0.00022384036983910904,0.0040170698251649276,0.0006429516426178024,0.0020151588065447546,0.0013128580521960535,0.03864900116702135,0.03376136971642589,0.06956163451030974,0.0011684973124561813,0.00035388550195441317,0.0032517317709110224,0.004189750590427554,0.0007224635409669667,0.0011048960707133483,0.002838635221413547,0.00032969103240391864,0.00041049313392144864,0.03529954372498312,0.0028237133474336355,0.10587870589561493,0.0008159294534841756,0.0,0.0,0.0,0.0,0.0,0.0
0.0,0.0,0.0035511363636363635,0.0002181976871045167,0.01469976424906393,0.04149590163934426,0.012291990237408476,0.00014768140198877623,0.01149115719543945,0.01187717265353418,0.0002439259751677996,0.0005039827729524882,0.00301135805701941,0.0007573741871939579,0.001062610688613397,0.002070764715473667,0.0071515864753541845,0.00028988694409180413,0.0007210671794255498,0.0008460173545860882,0.00033134526176275685,0.0004378687315634218,0.0004840974003969599,0.023871851894402545,0.00016065547433528798,0.0005581769680605945,0.0020620232956897063,0.002808374674178088,0.0014820555044316366,0.000723281143635126,1.2555505798551093e-05,0.0018831343518956579,0.001921598770176787,0.00030804774740084714,0.01199169805519256,0.001997587818483341,0.03503644267975478,0.06326004380735853,0.00020774595637334915,0.003584229390681003,0.0033108745675170096,0.004816630049011323,0.0063799621928166345,0.005105762217359593,0.003994610820904342,0.0031834460803820135,0.007917878288897454,0.00739256598037861,0.00790869956952648,0.0026003161168612655,0.00168804121451277,0.004183928791172731,0.003485050466577795,0.00199033266988911,0.0032663134209189233,0.0007877035332649274,0.005174795700938956,0.0053046850621851745,0.002654107242378007,0.001262818698425831,0.0012611743759041508,0.008361405197305102,0.0008354551241247614,0.0021830164069472093,0.00020064205457463882,0.0,0.0,8.042852317145753e-06,0.00013325139367035993,0.0,0.0,1.5345778759907617e-05,1.3960501088919083e-05,0.0,0.0048252306119445755,0.0,0.0,0.0,1.569095102854184e-05,0.0,0.0,0.0,0.0,0.0,0.0
0.0,0.0,0.0,0.0,0.0,0.0,0.0,0.0,0.0,0.0,0.0,0.0,0.0,0.0,0.0,0.0,0.0,0.0,0.0,0.0,0.0,0.0,0.0,0.0,0.0,0.0,0.0,0.0,0.0,0.0,0.0,0.0,0.0,0.0,0.0,0.0,0.0,0.0,0.0,0.0,0.0,0.0,0.0,0.0,0.0,0.0,0.0,0.0,0.0,0.0,0.0,0.0,0.0,0.0,0.0,0.0,0.0,0.0,0.0,0.0,0.0,0.0,0.0,0.0,0.0,0.0,0.0,0.0,0.0,0.0,0.0,0.0,0.0,0.0,0.0,0.0,0.0,0.0,0.0,0.0,0.0,0.0,0.0,0.0,0.0
0.0,0.0,0.0,0.0,0.0,0.0,0.0,0.0,0.0,0.0,0.0,0.0,0.0,0.0,0.0,0.0,0.0,0.0,0.0,0.0,0.0,0.0,0.0,0.0,0.0,0.0,0.0,0.0,0.0,0.0,0.0,0.0,0.0,0.0,0.0,0.0,0.0,0.0,0.0,0.0,0.0,0.0,0.0,0.0,0.0,0.0,0.0,0.0,0.0,0.0,0.0,0.0,0.0,0.0,0.0,0.0,0.0,0.0,0.0,0.0,0.0,0.0,0.0,0.0,0.0,0.0,0.0,0.0,0.0,0.0,0.0,0.0,0.0,0.0,0.0,0.0,0.0,0.0,0.0,0.0,0.0,0.0,0.0,0.0,0.0
0.0,0.0,0.0,0.0,0.0,0.0,0.0,0.0,0.0,0.0,0.0,0.0,0.0,0.0,0.0,0.0,0.0,0.0,0.0,0.0,0.0,0.0,0.0,0.0,0.0,0.0,0.0,0.0,0.0,0.0,0.0,0.0,0.0,0.0,0.0,0.0,0.0,0.0,0.0,0.0,0.0,0.0,0.0,0.0,0.0,0.0,0.0,0.0,0.0,0.0,0.0,0.0,0.0,0.0,0.0,0.0,0.0,0.0,0.0,0.0,0.0,0.0,0.0,0.0,0.0,0.0,0.0,0.0,0.0,0.0,0.0,0.0,0.0,0.0,0.0,0.0,0.0,0.0,0.0,0.0,0.0,0.0,0.0,0.0,0.0
0.0,0.0,0.0,0.0,0.0,0.0,0.0,0.0,0.0,0.0,0.0,0.0,0.0,0.0,0.0,0.0,0.0,0.0,0.0,0.0,0.0,0.0,0.0,0.0,0.0,0.0,0.0,0.0,0.0,0.0,0.0,0.0,0.0,0.0,0.0,0.0,0.0,0.0,0.0,0.0,0.0,0.0,0.0,0.0,0.0,0.0,0.0,0.0,0.0,0.0,0.0,0.0,0.0,0.0,0.0,0.0,0.0,0.0,0.0,0.0,0.0,0.0,0.0,0.0,0.0,0.0,0.0,0.0,0.0,0.0,0.0,0.0,0.0,0.0,0.0,0.0,0.0,0.0,0.0,0.0,0.0,0.0,0.0,0.0,0.0
