TableName,SeriesCode,LineNumber,LineDescription,TimePeriod,METRIC_NAME,CL_UNIT,UNIT_MULT,DataValue,NoteRef
FAAt401,k1ntotl1es00,1,Private nonresidential fixed assets,1925,Current Dollars,Level,6,"126,977",FAAt401
FAAt401,k1ntotl1es00,1,Private nonresidential fixed assets,1926,Current Dollars,Level,6,"131,537",FAAt401
FAAt401,k1ntotl1es00,1,Private nonresidential fixed assets,1927,Current Dollars,Level,6,"134,175",FAAt401
FAAt401,k1ntotl1es00,1,Private nonresidential fixed assets,1928,Current Dollars,Level,6,"137,774",FAAt401
FAAt401,k1ntotl1es00,1,Private nonresidential fixed assets,1929,Current Dollars,Level,6,"137,070",FAAt401
FAAt401,k1ntotl1es00,1,Private nonresidential fixed assets,1930,Current Dollars,Level,6,"130,220",FAAt401
FAAt401,k1ntotl1es00,1,Private nonresidential fixed assets,1931,Current Dollars,Level,6,"116,244",FAAt401
FAAt401,k1ntotl1es00,1,Private nonresidential fixed assets,1932,Current Dollars,Level,6,"107,642",FAAt401
FAAt401,k1ntotl1es00,1,Private nonresidential fixed assets,1933,Current Dollars,Level,6,"109,278",FAAt401
FAAt401,k1ntotl1es00,1,Private nonresidential fixed assets,1934,Current Dollars,Level,6,"110,648",FAAt401
FAAt401,k1ntotl1es00,1,Private nonresidential fixed assets,1935,Current Dollars,Level,6,"110,315",FAAt401
FAAt401,k1ntotl1es00,1,Private nonresidential fixed assets,1936,Current Dollars,Level,6,"121,360",FAAt401
FAAt401,k1ntotl1es00,1,Private nonresidential fixed assets,1937,Current Dollars,Level,6,"126,498",FAAt401
FAAt401,k1ntotl1es00,1,Private nonresidential fixed assets,1938,Current Dollars,Level,6,"125,187",FAAt401
FAAt401,k1ntotl1es00,1,Private nonresidential fixed assets,1939,Current Dollars,Level,6,"125,500",FAAt401
FAAt401,k1ntotl1es00,1,Private nonresidential fixed assets,1940,Current Dollars,Level,6,"133,587",FAAt401
FAAt401,k1ntotl1es00,1,Private nonresidential fixed assets,1941,Current Dollars,Level,6,"150,956",FAAt401
FAAt401,k1ntotl1es00,1,Private nonresidential fixed assets,1942,Current Dollars,Level,6,"160,521",FAAt401
FAAt401,k1ntotl1es00,1,Private nonresidential fixed assets,1943,Current Dollars,Level,6,"163,319",FAAt401
FAAt401,k1ntotl1es00,1,Private nonresidential fixed assets,1944,Current Dollars,Level,6,"165,236",FAAt401
FAAt401,k1ntotl1es00,1,Private nonresidential fixed assets,1945,Current Dollars,Level,6,"180,207",FAAt401
FAAt401,k1ntotl1es00,1,Private nonresidential fixed assets,1946,Current Dollars,Level,6,"221,007",FAAt401
FAAt401,k1ntotl1es00,1,Private nonresidential fixed assets,1947,Current Dollars,Level,6,"265,725",FAAt401
FAAt401,k1ntotl1es00,1,Private nonresidential fixed assets,1948,Current Dollars,Level,6,"291,557",FAAt401
FAAt401,k1ntotl1es00,1,Private nonresidential fixed assets,1949,Current Dollars,Level,6,"296,671",FAAt401
FAAt401,k1ntotl1es00,1,Private nonresidential fixed assets,1950,Current Dollars,Level,6,"335,868",FAAt401
FAAt401,k1ntotl1es00,1,Private nonresidential fixed assets,1951,Current Dollars,Level,6,"366,226",FAAt401
FAAt401,k1ntotl1es00,1,Private nonresidential fixed assets,1952,Current Dollars,Level,6,"386,310",FAAt401
FAAt401,k1ntotl1es00,1,Private nonresidential fixed assets,1953,Current Dollars,Level,6,"403,718",FAAt401
FAAt401,k1ntotl1es00,1,Private nonresidential fixed assets,1954,Current Dollars,Level,6,"414,924",FAAt401
FAAt401,k1ntotl1es00,1,Private nonresidential fixed assets,1955,Current Dollars,Level,6,"457,052",FAAt401
FAAt401,k1ntotl1es00,1,Private nonresidential fixed assets,1956,Current Dollars,Level,6,"505,534",FAAt401
FAAt401,k1ntotl1es00,1,Private nonresidential fixed assets,1957,Current Dollars,Level,6,"540,636",FAAt401
FAAt401,k1ntotl1es00,1,Private nonresidential fixed assets,1958,Current Dollars,Level,6,"551,356",FAAt401
FAAt401,k1ntotl1es00,1,Private nonresidential fixed assets,1959,Current Dollars,Level,6,"573,959",FAAt401
FAAt401,k1ntotl1es00,1,Private nonresidential fixed assets,1960,Current Dollars,Level,6,"586,872",FAAt401
FAAt401,k1ntotl1es00,1,Private nonresidential fixed assets,1961,Current Dollars,Level,6,"604,328",FAAt401
FAAt401,k1ntotl1es00,1,Private nonresidential fixed assets,1962,Current Dollars,Level,6,"626,795",FAAt401
FAAt401,k1ntotl1es00,1,Private nonresidential fixed assets,1963,Current Dollars,Level,6,"650,603",FAAt401
FAAt401,k1ntotl1es00,1,Private nonresidential fixed assets,1964,Current Dollars,Level,6,"689,318",FAAt401
FAAt401,k1ntotl1es00,1,Private nonresidential fixed assets,1965,Current Dollars,Level,6,"738,843",FAAt401
FAAt401,k1ntotl1es00,1,Private nonresidential fixed assets,1966,Current Dollars,Level,6,"804,263",FAAt401
FAAt401,k1ntotl1es00,1,Private nonresidential fixed assets,1967,Current Dollars,Level,6,"871,188",FAAt401
FAAt401,k1ntotl1es00,1,Private nonresidential fixed assets,1968,Current Dollars,Level,6,"957,886",FAAt401
FAAt401,k1ntotl1es00,1,Private nonresidential fixed assets,1969,Current Dollars,Level,6,"1,055,775",FAAt401
FAAt401,k1ntotl1es00,1,Private nonresidential fixed assets,1970,Current Dollars,Level,6,"1,161,635",FAAt401
FAAt401,k1ntotl1es00,1,Private nonresidential fixed assets,1971,Current Dollars,Level,6,"1,275,119",FAAt401
FAAt401,k1ntotl1es00,1,Private nonresidential fixed assets,1972,Current Dollars,Level,6,"1,385,696",FAAt401
FAAt401,k1ntotl1es00,1,Private nonresidential fixed assets,1973,Current Dollars,Level,6,"1,560,649",FAAt401
FAAt401,k1ntotl1es00,1,Private nonresidential fixed assets,1974,Current Dollars,Level,6,"1,893,965",FAAt401
FAAt401,k1ntotl1es00,1,Private nonresidential fixed assets,1975,Current Dollars,Level,6,"2,083,536",FAAt401
FAAt401,k1ntotl1es00,1,Private nonresidential fixed assets,1976,Current Dollars,Level,6,"2,280,237",FAAt401
FAAt401,k1ntotl1es00,1,Private nonresidential fixed assets,1977,Current Dollars,Level,6,"2,532,629",FAAt401
FAAt401,k1ntotl1es00,1,Private nonresidential fixed assets,1978,Current Dollars,Level,6,"2,870,135",FAAt401
FAAt401,k1ntotl1es00,1,Private nonresidential fixed assets,1979,Current Dollars,Level,6,"3,313,954",FAAt401
FAAt401,k1ntotl1es00,1,Private nonresidential fixed assets,1980,Current Dollars,Level,6,"3,800,290",FAAt401
FAAt401,k1ntotl1es00,1,Private nonresidential fixed assets,1981,Current Dollars,Level,6,"4,300,221",FAAt401
FAAt401,k1ntotl1es00,1,Private nonresidential fixed assets,1982,Current Dollars,Level,6,"4,589,165",FAAt401
FAAt401,k1ntotl1es00,1,Private nonresidential fixed assets,1983,Current Dollars,Level,6,"4,744,723",FAAt401
FAAt401,k1ntotl1es00,1,Private nonresidential fixed assets,1984,Current Dollars,Level,6,"5,040,975",FAAt401
FAAt401,k1ntotl1es00,1,Private nonresidential fixed assets,1985,Current Dollars,Level,6,"5,332,407",FAAt401
FAAt401,k1ntotl1es00,1,Private nonresidential fixed assets,1986,Current Dollars,Level,6,"5,603,761",FAAt401
FAAt401,k1ntotl1es00,1,Private nonresidential fixed assets,1987,Current Dollars,Level,6,"5,919,104",FAAt401
FAAt401,k1ntotl1es00,1,Private nonresidential fixed assets,1988,Current Dollars,Level,6,"6,311,228",FAAt401
FAAt401,k1ntotl1es00,1,Private nonresidential fixed assets,1989,Current Dollars,Level,6,"6,699,840",FAAt401
FAAt401,k1ntotl1es00,1,Private nonresidential fixed assets,1990,Current Dollars,Level,6,"7,071,254",FAAt401
FAAt401,k1ntotl1es00,1,Private nonresidential fixed assets,1991,Current Dollars,Level,6,"7,242,497",FAAt401
FAAt401,k1ntotl1es00,1,Private nonresidential fixed assets,1992,Current Dollars,Level,6,"7,487,351",FAAt401
FAAt401,k1ntotl1es00,1,Private nonresidential fixed assets,1993,Current Dollars,Level,6,"7,838,125",FAAt401
FAAt401,k1ntotl1es00,1,Private nonresidential fixed assets,1994,Current Dollars,Level,6,"8,273,204",FAAt401
FAAt401,k1ntotl1es00,1,Private nonresidential fixed assets,1995,Current Dollars,Level,6,"8,723,558",FAAt401
FAAt401,k1ntotl1es00,1,Private nonresidential fixed assets,1996,Current Dollars,Level,6,"9,152,132",FAAt401
FAAt401,k1ntotl1es00,1,Private nonresidential fixed assets,1997,Current Dollars,Level,6,"9,674,473",FAAt401
FAAt401,k1ntotl1es00,1,Private nonresidential fixed assets,1998,Current Dollars,Level,6,"10,226,721",FAAt401
FAAt401,k1ntotl1es00,1,Private nonresidential fixed assets,1999,Current Dollars,Level,6,"10,849,249",FAAt401
FAAt401,k1ntotl1es00,1,Private nonresidential fixed assets,2000,Current Dollars,Level,6,"11,607,864",FAAt401
FAAt401,k1ntotl1es00,1,Private nonresidential fixed assets,2001,Current Dollars,Level,6,"12,189,396",FAAt401
FAAt401,k1ntotl1es00,1,Private nonresidential fixed assets,2002,Current Dollars,Level,6,"12,616,326",FAAt401
FAAt401,k1ntotl1es00,1,Private nonresidential fixed assets,2003,Current Dollars,Level,6,"13,038,217",FAAt401
FAAt401,k1ntotl1es00,1,Private nonresidential fixed assets,2004,Current Dollars,Level,6,"14,152,545",FAAt401
FAAt401,k1ntotl1es00,1,Private nonresidential fixed assets,2005,Current Dollars,Level,6,"15,429,476",FAAt401
FAAt401,k1ntotl1es00,1,Private nonresidential fixed assets,2006,Current Dollars,Level,6,"16,706,002",FAAt401
FAAt401,k1ntotl1es00,1,Private nonresidential fixed assets,2007,Current Dollars,Level,6,"17,647,597",FAAt401
FAAt401,k1ntotl1es00,1,Private nonresidential fixed assets,2008,Current Dollars,Level,6,"18,787,982",FAAt401
FAAt401,k1ntotl1es00,1,Private nonresidential fixed assets,2009,Current Dollars,Level,6,"18,233,843",FAAt401
FAAt401,k1ntotl1es00,1,Private nonresidential fixed assets,2010,Current Dollars,Level,6,"18,681,707",FAAt401
FAAt401,k1ntotl1es00,1,Private nonresidential fixed assets,2011,Current Dollars,Level,6,"19,549,432",FAAt401
FAAt401,k1ntotl1es00,1,Private nonresidential fixed assets,2012,Current Dollars,Level,6,"20,201,795",FAAt401
FAAt401,k1ntotl1es00,1,Private nonresidential fixed assets,2013,Current Dollars,Level,6,"21,039,791",FAAt401
FAAt401,k1ntotl1es00,1,Private nonresidential fixed assets,2014,Current Dollars,Level,6,"22,022,201",FAAt401
FAAt401,k1ntotl1es00,1,Private nonresidential fixed assets,2015,Current Dollars,Level,6,"22,494,315",FAAt401
FAAt401,k1ntotl1es00,1,Private nonresidential fixed assets,2016,Current Dollars,Level,6,"23,161,992",FAAt401
FAAt401,k1ntotl1es00,1,Private nonresidential fixed assets,2017,Current Dollars,Level,6,"24,066,902",FAAt401
FAAt401,k1ntotl1es00,1,Private nonresidential fixed assets,2018,Current Dollars,Level,6,"25,227,313",FAAt401
FAAt401,k1ntotl1es00,1,Private nonresidential fixed assets,2019,Current Dollars,Level,6,"26,423,854",FAAt401
FAAt401,k1ntotl1es00,1,Private nonresidential fixed assets,2020,Current Dollars,Level,6,"27,010,148",FAAt401
FAAt401,k1ntotl1es00,1,Private nonresidential fixed assets,2021,Current Dollars,Level,6,"30,051,849",FAAt401
FAAt401,k1ntotl1es00,1,Private nonresidential fixed assets,2022,Current Dollars,Level,6,"33,673,661",FAAt401
FAAt401,k1ntotl1es00,1,Private nonresidential fixed assets,2023,Current Dollars,Level,6,"34,771,025",FAAt401
FAAt401,k1ntotl1es00,1,Private nonresidential fixed assets,2024,Current Dollars,Level,6,"35,899,940",FAAt401
FAAt401,k1ntotl1eq00,2,Equipment,1925,Current Dollars,Level,6,"31,063",FAAt401
FAAt401,k1ntotl1eq00,2,Equipment,1926,Current Dollars,Level,6,"32,842",FAAt401
FAAt401,k1ntotl1eq00,2,Equipment,1927,Current Dollars,Level,6,"33,538",FAAt401
FAAt401,k1ntotl1eq00,2,Equipment,1928,Current Dollars,Level,6,"34,198",FAAt401
FAAt401,k1ntotl1eq00,2,Equipment,1929,Current Dollars,Level,6,"34,337",FAAt401
FAAt401,k1ntotl1eq00,2,Equipment,1930,Current Dollars,Level,6,"32,658",FAAt401
FAAt401,k1ntotl1eq00,2,Equipment,1931,Current Dollars,Level,6,"29,715",FAAt401
FAAt401,k1ntotl1eq00,2,Equipment,1932,Current Dollars,Level,6,"26,684",FAAt401
FAAt401,k1ntotl1eq00,2,Equipment,1933,Current Dollars,Level,6,"26,385",FAAt401
FAAt401,k1ntotl1eq00,2,Equipment,1934,Current Dollars,Level,6,"26,466",FAAt401
FAAt401,k1ntotl1eq00,2,Equipment,1935,Current Dollars,Level,6,"25,888",FAAt401
FAAt401,k1ntotl1eq00,2,Equipment,1936,Current Dollars,Level,6,"27,844",FAAt401
FAAt401,k1ntotl1eq00,2,Equipment,1937,Current Dollars,Level,6,"29,946",FAAt401
FAAt401,k1ntotl1eq00,2,Equipment,1938,Current Dollars,Level,6,"29,901",FAAt401
FAAt401,k1ntotl1eq00,2,Equipment,1939,Current Dollars,Level,6,"30,508",FAAt401
FAAt401,k1ntotl1eq00,2,Equipment,1940,Current Dollars,Level,6,"32,785",FAAt401
FAAt401,k1ntotl1eq00,2,Equipment,1941,Current Dollars,Level,6,"37,632",FAAt401
FAAt401,k1ntotl1eq00,2,Equipment,1942,Current Dollars,Level,6,"38,527",FAAt401
FAAt401,k1ntotl1eq00,2,Equipment,1943,Current Dollars,Level,6,"38,881",FAAt401
FAAt401,k1ntotl1eq00,2,Equipment,1944,Current Dollars,Level,6,"38,786",FAAt401
FAAt401,k1ntotl1eq00,2,Equipment,1945,Current Dollars,Level,6,"44,211",FAAt401
FAAt401,k1ntotl1eq00,2,Equipment,1946,Current Dollars,Level,6,"53,306",FAAt401
FAAt401,k1ntotl1eq00,2,Equipment,1947,Current Dollars,Level,6,"65,530",FAAt401
FAAt401,k1ntotl1eq00,2,Equipment,1948,Current Dollars,Level,6,"80,310",FAAt401
FAAt401,k1ntotl1eq00,2,Equipment,1949,Current Dollars,Level,6,"84,632",FAAt401
FAAt401,k1ntotl1eq00,2,Equipment,1950,Current Dollars,Level,6,"98,831",FAAt401
FAAt401,k1ntotl1eq00,2,Equipment,1951,Current Dollars,Level,6,"109,053",FAAt401
FAAt401,k1ntotl1eq00,2,Equipment,1952,Current Dollars,Level,6,"114,885",FAAt401
FAAt401,k1ntotl1eq00,2,Equipment,1953,Current Dollars,Level,6,"124,372",FAAt401
FAAt401,k1ntotl1eq00,2,Equipment,1954,Current Dollars,Level,6,"128,161",FAAt401
FAAt401,k1ntotl1eq00,2,Equipment,1955,Current Dollars,Level,6,"141,219",FAAt401
FAAt401,k1ntotl1eq00,2,Equipment,1956,Current Dollars,Level,6,"158,552",FAAt401
FAAt401,k1ntotl1eq00,2,Equipment,1957,Current Dollars,Level,6,"172,922",FAAt401
FAAt401,k1ntotl1eq00,2,Equipment,1958,Current Dollars,Level,6,"178,045",FAAt401
FAAt401,k1ntotl1eq00,2,Equipment,1959,Current Dollars,Level,6,"186,573",FAAt401
FAAt401,k1ntotl1eq00,2,Equipment,1960,Current Dollars,Level,6,"192,704",FAAt401
FAAt401,k1ntotl1eq00,2,Equipment,1961,Current Dollars,Level,6,"196,080",FAAt401
FAAt401,k1ntotl1eq00,2,Equipment,1962,Current Dollars,Level,6,"203,677",FAAt401
FAAt401,k1ntotl1eq00,2,Equipment,1963,Current Dollars,Level,6,"212,255",FAAt401
FAAt401,k1ntotl1eq00,2,Equipment,1964,Current Dollars,Level,6,"224,893",FAAt401
FAAt401,k1ntotl1eq00,2,Equipment,1965,Current Dollars,Level,6,"242,471",FAAt401
FAAt401,k1ntotl1eq00,2,Equipment,1966,Current Dollars,Level,6,"270,042",FAAt401
FAAt401,k1ntotl1eq00,2,Equipment,1967,Current Dollars,Level,6,"296,236",FAAt401
FAAt401,k1ntotl1eq00,2,Equipment,1968,Current Dollars,Level,6,"326,496",FAAt401
FAAt401,k1ntotl1eq00,2,Equipment,1969,Current Dollars,Level,6,"360,105",FAAt401
FAAt401,k1ntotl1eq00,2,Equipment,1970,Current Dollars,Level,6,"394,736",FAAt401
FAAt401,k1ntotl1eq00,2,Equipment,1971,Current Dollars,Level,6,"422,451",FAAt401
FAAt401,k1ntotl1eq00,2,Equipment,1972,Current Dollars,Level,6,"455,129",FAAt401
FAAt401,k1ntotl1eq00,2,Equipment,1973,Current Dollars,Level,6,"507,056",FAAt401
FAAt401,k1ntotl1eq00,2,Equipment,1974,Current Dollars,Level,6,"625,531",FAAt401
FAAt401,k1ntotl1eq00,2,Equipment,1975,Current Dollars,Level,6,"716,189",FAAt401
FAAt401,k1ntotl1eq00,2,Equipment,1976,Current Dollars,Level,6,"792,488",FAAt401
FAAt401,k1ntotl1eq00,2,Equipment,1977,Current Dollars,Level,6,"891,599",FAAt401
FAAt401,k1ntotl1eq00,2,Equipment,1978,Current Dollars,Level,6,"1,017,978",FAAt401
FAAt401,k1ntotl1eq00,2,Equipment,1979,Current Dollars,Level,6,"1,181,910",FAAt401
FAAt401,k1ntotl1eq00,2,Equipment,1980,Current Dollars,Level,6,"1,369,900",FAAt401
FAAt401,k1ntotl1eq00,2,Equipment,1981,Current Dollars,Level,6,"1,528,431",FAAt401
FAAt401,k1ntotl1eq00,2,Equipment,1982,Current Dollars,Level,6,"1,619,948",FAAt401
FAAt401,k1ntotl1eq00,2,Equipment,1983,Current Dollars,Level,6,"1,670,521",FAAt401
FAAt401,k1ntotl1eq00,2,Equipment,1984,Current Dollars,Level,6,"1,758,781",FAAt401
FAAt401,k1ntotl1eq00,2,Equipment,1985,Current Dollars,Level,6,"1,857,973",FAAt401
FAAt401,k1ntotl1eq00,2,Equipment,1986,Current Dollars,Level,6,"1,964,741",FAAt401
FAAt401,k1ntotl1eq00,2,Equipment,1987,Current Dollars,Level,6,"2,055,266",FAAt401
FAAt401,k1ntotl1eq00,2,Equipment,1988,Current Dollars,Level,6,"2,178,045",FAAt401
FAAt401,k1ntotl1eq00,2,Equipment,1989,Current Dollars,Level,6,"2,300,584",FAAt401
FAAt401,k1ntotl1eq00,2,Equipment,1990,Current Dollars,Level,6,"2,423,670",FAAt401
FAAt401,k1ntotl1eq00,2,Equipment,1991,Current Dollars,Level,6,"2,482,217",FAAt401
FAAt401,k1ntotl1eq00,2,Equipment,1992,Current Dollars,Level,6,"2,544,359",FAAt401
FAAt401,k1ntotl1eq00,2,Equipment,1993,Current Dollars,Level,6,"2,642,418",FAAt401
FAAt401,k1ntotl1eq00,2,Equipment,1994,Current Dollars,Level,6,"2,784,959",FAAt401
FAAt401,k1ntotl1eq00,2,Equipment,1995,Current Dollars,Level,6,"2,959,171",FAAt401
FAAt401,k1ntotl1eq00,2,Equipment,1996,Current Dollars,Level,6,"3,104,063",FAAt401
FAAt401,k1ntotl1eq00,2,Equipment,1997,Current Dollars,Level,6,"3,235,244",FAAt401
FAAt401,k1ntotl1eq00,2,Equipment,1998,Current Dollars,Level,6,"3,384,745",FAAt401
FAAt401,k1ntotl1eq00,2,Equipment,1999,Current Dollars,Level,6,"3,578,753",FAAt401
FAAt401,k1ntotl1eq00,2,Equipment,2000,Current Dollars,Level,6,"3,805,231",FAAt401
FAAt401,k1ntotl1eq00,2,Equipment,2001,Current Dollars,Level,6,"3,913,409",FAAt401
FAAt401,k1ntotl1eq00,2,Equipment,2002,Current Dollars,Level,6,"3,959,383",FAAt401
FAAt401,k1ntotl1eq00,2,Equipment,2003,Current Dollars,Level,6,"4,000,509",FAAt401
FAAt401,k1ntotl1eq00,2,Equipment,2004,Current Dollars,Level,6,"4,226,163",FAAt401
FAAt401,k1ntotl1eq00,2,Equipment,2005,Current Dollars,Level,6,"4,423,211",FAAt401
FAAt401,k1ntotl1eq00,2,Equipment,2006,Current Dollars,Level,6,"4,729,718",FAAt401
FAAt401,k1ntotl1eq00,2,Equipment,2007,Current Dollars,Level,6,"4,952,753",FAAt401
FAAt401,k1ntotl1eq00,2,Equipment,2008,Current Dollars,Level,6,"5,201,064",FAAt401
FAAt401,k1ntotl1eq00,2,Equipment,2009,Current Dollars,Level,6,"5,120,766",FAAt401
FAAt401,k1ntotl1eq00,2,Equipment,2010,Current Dollars,Level,6,"5,225,904",FAAt401
FAAt401,k1ntotl1eq00,2,Equipment,2011,Current Dollars,Level,6,"5,461,372",FAAt401
FAAt401,k1ntotl1eq00,2,Equipment,2012,Current Dollars,Level,6,"5,697,251",FAAt401
FAAt401,k1ntotl1eq00,2,Equipment,2013,Current Dollars,Level,6,"5,903,898",FAAt401
FAAt401,k1ntotl1eq00,2,Equipment,2014,Current Dollars,Level,6,"6,158,718",FAAt401
FAAt401,k1ntotl1eq00,2,Equipment,2015,Current Dollars,Level,6,"6,346,445",FAAt401
FAAt401,k1ntotl1eq00,2,Equipment,2016,Current Dollars,Level,6,"6,523,027",FAAt401
FAAt401,k1ntotl1eq00,2,Equipment,2017,Current Dollars,Level,6,"6,767,013",FAAt401
FAAt401,k1ntotl1eq00,2,Equipment,2018,Current Dollars,Level,6,"7,086,497",FAAt401
FAAt401,k1ntotl1eq00,2,Equipment,2019,Current Dollars,Level,6,"7,315,350",FAAt401
FAAt401,k1ntotl1eq00,2,Equipment,2020,Current Dollars,Level,6,"7,441,999",FAAt401
FAAt401,k1ntotl1eq00,2,Equipment,2021,Current Dollars,Level,6,"8,021,200",FAAt401
FAAt401,k1ntotl1eq00,2,Equipment,2022,Current Dollars,Level,6,"8,609,497",FAAt401
FAAt401,k1ntotl1eq00,2,Equipment,2023,Current Dollars,Level,6,"8,957,699",FAAt401
FAAt401,k1ntotl1eq00,2,Equipment,2024,Current Dollars,Level,6,"9,281,887",FAAt401
FAAt401,k1ntotl1st00,3,Structures,1925,Current Dollars,Level,6,"93,999",FAAt401
FAAt401,k1ntotl1st00,3,Structures,1926,Current Dollars,Level,6,"96,690",FAAt401
FAAt401,k1ntotl1st00,3,Structures,1927,Current Dollars,Level,6,"98,545",FAAt401
FAAt401,k1ntotl1st00,3,Structures,1928,Current Dollars,Level,6,"101,325",FAAt401
FAAt401,k1ntotl1st00,3,Structures,1929,Current Dollars,Level,6,"100,283",FAAt401
FAAt401,k1ntotl1st00,3,Structures,1930,Current Dollars,Level,6,"95,051",FAAt401
FAAt401,k1ntotl1st00,3,Structures,1931,Current Dollars,Level,6,"84,045",FAAt401
FAAt401,k1ntotl1st00,3,Structures,1932,Current Dollars,Level,6,"78,572",FAAt401
FAAt401,k1ntotl1st00,3,Structures,1933,Current Dollars,Level,6,"80,518",FAAt401
FAAt401,k1ntotl1st00,3,Structures,1934,Current Dollars,Level,6,"81,600",FAAt401
FAAt401,k1ntotl1st00,3,Structures,1935,Current Dollars,Level,6,"81,628",FAAt401
FAAt401,k1ntotl1st00,3,Structures,1936,Current Dollars,Level,6,"90,383",FAAt401
FAAt401,k1ntotl1st00,3,Structures,1937,Current Dollars,Level,6,"93,105",FAAt401
FAAt401,k1ntotl1st00,3,Structures,1938,Current Dollars,Level,6,"91,575",FAAt401
FAAt401,k1ntotl1st00,3,Structures,1939,Current Dollars,Level,6,"91,022",FAAt401
FAAt401,k1ntotl1st00,3,Structures,1940,Current Dollars,Level,6,"96,467",FAAt401
FAAt401,k1ntotl1st00,3,Structures,1941,Current Dollars,Level,6,"108,184",FAAt401
FAAt401,k1ntotl1st00,3,Structures,1942,Current Dollars,Level,6,"115,951",FAAt401
FAAt401,k1ntotl1st00,3,Structures,1943,Current Dollars,Level,6,"117,605",FAAt401
FAAt401,k1ntotl1st00,3,Structures,1944,Current Dollars,Level,6,"118,953",FAAt401
FAAt401,k1ntotl1st00,3,Structures,1945,Current Dollars,Level,6,"127,947",FAAt401
FAAt401,k1ntotl1st00,3,Structures,1946,Current Dollars,Level,6,"158,579",FAAt401
FAAt401,k1ntotl1st00,3,Structures,1947,Current Dollars,Level,6,"189,599",FAAt401
FAAt401,k1ntotl1st00,3,Structures,1948,Current Dollars,Level,6,"199,905",FAAt401
FAAt401,k1ntotl1st00,3,Structures,1949,Current Dollars,Level,6,"200,385",FAAt401
FAAt401,k1ntotl1st00,3,Structures,1950,Current Dollars,Level,6,"224,221",FAAt401
FAAt401,k1ntotl1st00,3,Structures,1951,Current Dollars,Level,6,"243,567",FAAt401
FAAt401,k1ntotl1st00,3,Structures,1952,Current Dollars,Level,6,"256,794",FAAt401
FAAt401,k1ntotl1st00,3,Structures,1953,Current Dollars,Level,6,"263,117",FAAt401
FAAt401,k1ntotl1st00,3,Structures,1954,Current Dollars,Level,6,"269,081",FAAt401
FAAt401,k1ntotl1st00,3,Structures,1955,Current Dollars,Level,6,"296,271",FAAt401
FAAt401,k1ntotl1st00,3,Structures,1956,Current Dollars,Level,6,"324,881",FAAt401
FAAt401,k1ntotl1st00,3,Structures,1957,Current Dollars,Level,6,"343,295",FAAt401
FAAt401,k1ntotl1st00,3,Structures,1958,Current Dollars,Level,6,"346,913",FAAt401
FAAt401,k1ntotl1st00,3,Structures,1959,Current Dollars,Level,6,"358,411",FAAt401
FAAt401,k1ntotl1st00,3,Structures,1960,Current Dollars,Level,6,"363,018",FAAt401
FAAt401,k1ntotl1st00,3,Structures,1961,Current Dollars,Level,6,"374,581",FAAt401
FAAt401,k1ntotl1st00,3,Structures,1962,Current Dollars,Level,6,"387,229",FAAt401
FAAt401,k1ntotl1st00,3,Structures,1963,Current Dollars,Level,6,"399,455",FAAt401
FAAt401,k1ntotl1st00,3,Structures,1964,Current Dollars,Level,6,"422,524",FAAt401
FAAt401,k1ntotl1st00,3,Structures,1965,Current Dollars,Level,6,"450,562",FAAt401
FAAt401,k1ntotl1st00,3,Structures,1966,Current Dollars,Level,6,"483,731",FAAt401
FAAt401,k1ntotl1st00,3,Structures,1967,Current Dollars,Level,6,"518,613",FAAt401
FAAt401,k1ntotl1st00,3,Structures,1968,Current Dollars,Level,6,"568,550",FAAt401
FAAt401,k1ntotl1st00,3,Structures,1969,Current Dollars,Level,6,"625,160",FAAt401
FAAt401,k1ntotl1st00,3,Structures,1970,Current Dollars,Level,6,"689,368",FAAt401
FAAt401,k1ntotl1st00,3,Structures,1971,Current Dollars,Level,6,"770,161",FAAt401
FAAt401,k1ntotl1st00,3,Structures,1972,Current Dollars,Level,6,"841,899",FAAt401
FAAt401,k1ntotl1st00,3,Structures,1973,Current Dollars,Level,6,"955,145",FAAt401
FAAt401,k1ntotl1st00,3,Structures,1974,Current Dollars,Level,6,"1,156,507",FAAt401
FAAt401,k1ntotl1st00,3,Structures,1975,Current Dollars,Level,6,"1,245,870",FAAt401
FAAt401,k1ntotl1st00,3,Structures,1976,Current Dollars,Level,6,"1,354,813",FAAt401
FAAt401,k1ntotl1st00,3,Structures,1977,Current Dollars,Level,6,"1,495,197",FAAt401
FAAt401,k1ntotl1st00,3,Structures,1978,Current Dollars,Level,6,"1,688,997",FAAt401
FAAt401,k1ntotl1st00,3,Structures,1979,Current Dollars,Level,6,"1,945,202",FAAt401
FAAt401,k1ntotl1st00,3,Structures,1980,Current Dollars,Level,6,"2,216,547",FAAt401
FAAt401,k1ntotl1st00,3,Structures,1981,Current Dollars,Level,6,"2,526,869",FAAt401
FAAt401,k1ntotl1st00,3,Structures,1982,Current Dollars,Level,6,"2,695,152",FAAt401
FAAt401,k1ntotl1st00,3,Structures,1983,Current Dollars,Level,6,"2,770,143",FAAt401
FAAt401,k1ntotl1st00,3,Structures,1984,Current Dollars,Level,6,"2,943,739",FAAt401
FAAt401,k1ntotl1st00,3,Structures,1985,Current Dollars,Level,6,"3,101,817",FAAt401
FAAt401,k1ntotl1st00,3,Structures,1986,Current Dollars,Level,6,"3,232,612",FAAt401
FAAt401,k1ntotl1st00,3,Structures,1987,Current Dollars,Level,6,"3,415,114",FAAt401
FAAt401,k1ntotl1st00,3,Structures,1988,Current Dollars,Level,6,"3,641,727",FAAt401
FAAt401,k1ntotl1st00,3,Structures,1989,Current Dollars,Level,6,"3,858,711",FAAt401
FAAt401,k1ntotl1st00,3,Structures,1990,Current Dollars,Level,6,"4,055,325",FAAt401
FAAt401,k1ntotl1st00,3,Structures,1991,Current Dollars,Level,6,"4,116,647",FAAt401
FAAt401,k1ntotl1st00,3,Structures,1992,Current Dollars,Level,6,"4,251,264",FAAt401
FAAt401,k1ntotl1st00,3,Structures,1993,Current Dollars,Level,6,"4,459,065",FAAt401
FAAt401,k1ntotl1st00,3,Structures,1994,Current Dollars,Level,6,"4,697,080",FAAt401
FAAt401,k1ntotl1st00,3,Structures,1995,Current Dollars,Level,6,"4,913,397",FAAt401
FAAt401,k1ntotl1st00,3,Structures,1996,Current Dollars,Level,6,"5,135,950",FAAt401
FAAt401,k1ntotl1st00,3,Structures,1997,Current Dollars,Level,6,"5,445,420",FAAt401
FAAt401,k1ntotl1st00,3,Structures,1998,Current Dollars,Level,6,"5,759,325",FAAt401
FAAt401,k1ntotl1st00,3,Structures,1999,Current Dollars,Level,6,"6,063,720",FAAt401
FAAt401,k1ntotl1st00,3,Structures,2000,Current Dollars,Level,6,"6,467,525",FAAt401
FAAt401,k1ntotl1st00,3,Structures,2001,Current Dollars,Level,6,"6,880,747",FAAt401
FAAt401,k1ntotl1st00,3,Structures,2002,Current Dollars,Level,6,"7,212,921",FAAt401
FAAt401,k1ntotl1st00,3,Structures,2003,Current Dollars,Level,6,"7,516,088",FAAt401
FAAt401,k1ntotl1st00,3,Structures,2004,Current Dollars,Level,6,"8,335,744",FAAt401
FAAt401,k1ntotl1st00,3,Structures,2005,Current Dollars,Level,6,"9,310,841",FAAt401
FAAt401,k1ntotl1st00,3,Structures,2006,Current Dollars,Level,6,"10,179,066",FAAt401
FAAt401,k1ntotl1st00,3,Structures,2007,Current Dollars,Level,6,"10,770,495",FAAt401
FAAt401,k1ntotl1st00,3,Structures,2008,Current Dollars,Level,6,"11,558,829",FAAt401
FAAt401,k1ntotl1st00,3,Structures,2009,Current Dollars,Level,6,"11,028,619",FAAt401
FAAt401,k1ntotl1st00,3,Structures,2010,Current Dollars,Level,6,"11,283,534",FAAt401
FAAt401,k1ntotl1st00,3,Structures,2011,Current Dollars,Level,6,"11,799,149",FAAt401
FAAt401,k1ntotl1st00,3,Structures,2012,Current Dollars,Level,6,"12,111,943",FAAt401
FAAt401,k1ntotl1st00,3,Structures,2013,Current Dollars,Level,6,"12,599,743",FAAt401
FAAt401,k1ntotl1st00,3,Structures,2014,Current Dollars,Level,6,"13,199,137",FAAt401
FAAt401,k1ntotl1st00,3,Structures,2015,Current Dollars,Level,6,"13,386,252",FAAt401
FAAt401,k1ntotl1st00,3,Structures,2016,Current Dollars,Level,6,"13,703,387",FAAt401
FAAt401,k1ntotl1st00,3,Structures,2017,Current Dollars,Level,6,"14,142,872",FAAt401
FAAt401,k1ntotl1st00,3,Structures,2018,Current Dollars,Level,6,"14,773,946",FAAt401
FAAt401,k1ntotl1st00,3,Structures,2019,Current Dollars,Level,6,"15,513,594",FAAt401
FAAt401,k1ntotl1st00,3,Structures,2020,Current Dollars,Level,6,"15,623,610",FAAt401
FAAt401,k1ntotl1st00,3,Structures,2021,Current Dollars,Level,6,"17,788,942",FAAt401
FAAt401,k1ntotl1st00,3,Structures,2022,Current Dollars,Level,6,"20,414,893",FAAt401
FAAt401,k1ntotl1st00,3,Structures,2023,Current Dollars,Level,6,"20,784,011",FAAt401
FAAt401,k1ntotl1st00,3,Structures,2024,Current Dollars,Level,6,"21,194,240",FAAt401
FAAt401,k1ntotl1ip00,4,Intellectual property products,1925,Current Dollars,Level,6,"1,915",FAAt401
FAAt401,k1ntotl1ip00,4,Intellectual property products,1926,Current Dollars,Level,6,"2,005",FAAt401
FAAt401,k1ntotl1ip00,4,Intellectual property products,1927,Current Dollars,Level,6,"2,093",FAAt401
FAAt401,k1ntotl1ip00,4,Intellectual property products,1928,Current Dollars,Level,6,"2,250",FAAt401
FAAt401,k1ntotl1ip00,4,Intellectual property products,1929,Current Dollars,Level,6,"2,451",FAAt401
FAAt401,k1ntotl1ip00,4,Intellectual property products,1930,Current Dollars,Level,6,"2,510",FAAt401
FAAt401,k1ntotl1ip00,4,Intellectual property products,1931,Current Dollars,Level,6,"2,484",FAAt401
FAAt401,k1ntotl1ip00,4,Intellectual property products,1932,Current Dollars,Level,6,"2,386",FAAt401
FAAt401,k1ntotl1ip00,4,Intellectual property products,1933,Current Dollars,Level,6,"2,374",FAAt401
FAAt401,k1ntotl1ip00,4,Intellectual property products,1934,Current Dollars,Level,6,"2,582",FAAt401
FAAt401,k1ntotl1ip00,4,Intellectual property products,1935,Current Dollars,Level,6,"2,799",FAAt401
FAAt401,k1ntotl1ip00,4,Intellectual property products,1936,Current Dollars,Level,6,"3,134",FAAt401
FAAt401,k1ntotl1ip00,4,Intellectual property products,1937,Current Dollars,Level,6,"3,447",FAAt401
FAAt401,k1ntotl1ip00,4,Intellectual property products,1938,Current Dollars,Level,6,"3,710",FAAt401
FAAt401,k1ntotl1ip00,4,Intellectual property products,1939,Current Dollars,Level,6,"3,970",FAAt401
FAAt401,k1ntotl1ip00,4,Intellectual property products,1940,Current Dollars,Level,6,"4,336",FAAt401
FAAt401,k1ntotl1ip00,4,Intellectual property products,1941,Current Dollars,Level,6,"5,140",FAAt401
FAAt401,k1ntotl1ip00,4,Intellectual property products,1942,Current Dollars,Level,6,"6,043",FAAt401
FAAt401,k1ntotl1ip00,4,Intellectual property products,1943,Current Dollars,Level,6,"6,834",FAAt401
FAAt401,k1ntotl1ip00,4,Intellectual property products,1944,Current Dollars,Level,6,"7,498",FAAt401
FAAt401,k1ntotl1ip00,4,Intellectual property products,1945,Current Dollars,Level,6,"8,050",FAAt401
FAAt401,k1ntotl1ip00,4,Intellectual property products,1946,Current Dollars,Level,6,"9,122",FAAt401
FAAt401,k1ntotl1ip00,4,Intellectual property products,1947,Current Dollars,Level,6,"10,596",FAAt401
FAAt401,k1ntotl1ip00,4,Intellectual property products,1948,Current Dollars,Level,6,"11,341",FAAt401
FAAt401,k1ntotl1ip00,4,Intellectual property products,1949,Current Dollars,Level,6,"11,655",FAAt401
FAAt401,k1ntotl1ip00,4,Intellectual property products,1950,Current Dollars,Level,6,"12,817",FAAt401
FAAt401,k1ntotl1ip00,4,Intellectual property products,1951,Current Dollars,Level,6,"13,607",FAAt401
FAAt401,k1ntotl1ip00,4,Intellectual property products,1952,Current Dollars,Level,6,"14,631",FAAt401
FAAt401,k1ntotl1ip00,4,Intellectual property products,1953,Current Dollars,Level,6,"16,229",FAAt401
FAAt401,k1ntotl1ip00,4,Intellectual property products,1954,Current Dollars,Level,6,"17,682",FAAt401
FAAt401,k1ntotl1ip00,4,Intellectual property products,1955,Current Dollars,Level,6,"19,561",FAAt401
FAAt401,k1ntotl1ip00,4,Intellectual property products,1956,Current Dollars,Level,6,"22,101",FAAt401
FAAt401,k1ntotl1ip00,4,Intellectual property products,1957,Current Dollars,Level,6,"24,419",FAAt401
FAAt401,k1ntotl1ip00,4,Intellectual property products,1958,Current Dollars,Level,6,"26,398",FAAt401
FAAt401,k1ntotl1ip00,4,Intellectual property products,1959,Current Dollars,Level,6,"28,975",FAAt401
FAAt401,k1ntotl1ip00,4,Intellectual property products,1960,Current Dollars,Level,6,"31,150",FAAt401
FAAt401,k1ntotl1ip00,4,Intellectual property products,1961,Current Dollars,Level,6,"33,666",FAAt401
FAAt401,k1ntotl1ip00,4,Intellectual property products,1962,Current Dollars,Level,6,"35,890",FAAt401
FAAt401,k1ntotl1ip00,4,Intellectual property products,1963,Current Dollars,Level,6,"38,893",FAAt401
FAAt401,k1ntotl1ip00,4,Intellectual property products,1964,Current Dollars,Level,6,"41,901",FAAt401
FAAt401,k1ntotl1ip00,4,Intellectual property products,1965,Current Dollars,Level,6,"45,810",FAAt401
FAAt401,k1ntotl1ip00,4,Intellectual property products,1966,Current Dollars,Level,6,"50,490",FAAt401
FAAt401,k1ntotl1ip00,4,Intellectual property products,1967,Current Dollars,Level,6,"56,339",FAAt401
FAAt401,k1ntotl1ip00,4,Intellectual property products,1968,Current Dollars,Level,6,"62,839",FAAt401
FAAt401,k1ntotl1ip00,4,Intellectual property products,1969,Current Dollars,Level,6,"70,510",FAAt401
FAAt401,k1ntotl1ip00,4,Intellectual property products,1970,Current Dollars,Level,6,"77,531",FAAt401
FAAt401,k1ntotl1ip00,4,Intellectual property products,1971,Current Dollars,Level,6,"82,507",FAAt401
FAAt401,k1ntotl1ip00,4,Intellectual property products,1972,Current Dollars,Level,6,"88,668",FAAt401
FAAt401,k1ntotl1ip00,4,Intellectual property products,1973,Current Dollars,Level,6,"98,449",FAAt401
FAAt401,k1ntotl1ip00,4,Intellectual property products,1974,Current Dollars,Level,6,"111,927",FAAt401
FAAt401,k1ntotl1ip00,4,Intellectual property products,1975,Current Dollars,Level,6,"121,477",FAAt401
FAAt401,k1ntotl1ip00,4,Intellectual property products,1976,Current Dollars,Level,6,"132,936",FAAt401
FAAt401,k1ntotl1ip00,4,Intellectual property products,1977,Current Dollars,Level,6,"145,834",FAAt401
FAAt401,k1ntotl1ip00,4,Intellectual property products,1978,Current Dollars,Level,6,"163,161",FAAt401
FAAt401,k1ntotl1ip00,4,Intellectual property products,1979,Current Dollars,Level,6,"186,843",FAAt401
FAAt401,k1ntotl1ip00,4,Intellectual property products,1980,Current Dollars,Level,6,"213,843",FAAt401
FAAt401,k1ntotl1ip00,4,Intellectual property products,1981,Current Dollars,Level,6,"244,921",FAAt401
FAAt401,k1ntotl1ip00,4,Intellectual property products,1982,Current Dollars,Level,6,"274,065",FAAt401
FAAt401,k1ntotl1ip00,4,Intellectual property products,1983,Current Dollars,Level,6,"304,060",FAAt401
FAAt401,k1ntotl1ip00,4,Intellectual property products,1984,Current Dollars,Level,6,"338,455",FAAt401
FAAt401,k1ntotl1ip00,4,Intellectual property products,1985,Current Dollars,Level,6,"372,617",FAAt401
FAAt401,k1ntotl1ip00,4,Intellectual property products,1986,Current Dollars,Level,6,"406,407",FAAt401
FAAt401,k1ntotl1ip00,4,Intellectual property products,1987,Current Dollars,Level,6,"448,725",FAAt401
FAAt401,k1ntotl1ip00,4,Intellectual property products,1988,Current Dollars,Level,6,"491,455",FAAt401
FAAt401,k1ntotl1ip00,4,Intellectual property products,1989,Current Dollars,Level,6,"540,545",FAAt401
FAAt401,k1ntotl1ip00,4,Intellectual property products,1990,Current Dollars,Level,6,"592,259",FAAt401
FAAt401,k1ntotl1ip00,4,Intellectual property products,1991,Current Dollars,Level,6,"643,633",FAAt401
FAAt401,k1ntotl1ip00,4,Intellectual property products,1992,Current Dollars,Level,6,"691,729",FAAt401
FAAt401,k1ntotl1ip00,4,Intellectual property products,1993,Current Dollars,Level,6,"736,643",FAAt401
FAAt401,k1ntotl1ip00,4,Intellectual property products,1994,Current Dollars,Level,6,"791,165",FAAt401
FAAt401,k1ntotl1ip00,4,Intellectual property products,1995,Current Dollars,Level,6,"850,989",FAAt401
FAAt401,k1ntotl1ip00,4,Intellectual property products,1996,Current Dollars,Level,6,"912,118",FAAt401
FAAt401,k1ntotl1ip00,4,Intellectual property products,1997,Current Dollars,Level,6,"993,809",FAAt401
FAAt401,k1ntotl1ip00,4,Intellectual property products,1998,Current Dollars,Level,6,"1,082,651",FAAt401
FAAt401,k1ntotl1ip00,4,Intellectual property products,1999,Current Dollars,Level,6,"1,206,775",FAAt401
FAAt401,k1ntotl1ip00,4,Intellectual property products,2000,Current Dollars,Level,6,"1,335,108",FAAt401
FAAt401,k1ntotl1ip00,4,Intellectual property products,2001,Current Dollars,Level,6,"1,395,240",FAAt401
FAAt401,k1ntotl1ip00,4,Intellectual property products,2002,Current Dollars,Level,6,"1,444,022",FAAt401
FAAt401,k1ntotl1ip00,4,Intellectual property products,2003,Current Dollars,Level,6,"1,521,620",FAAt401
FAAt401,k1ntotl1ip00,4,Intellectual property products,2004,Current Dollars,Level,6,"1,590,638",FAAt401
FAAt401,k1ntotl1ip00,4,Intellectual property products,2005,Current Dollars,Level,6,"1,695,424",FAAt401
FAAt401,k1ntotl1ip00,4,Intellectual property products,2006,Current Dollars,Level,6,"1,797,218",FAAt401
FAAt401,k1ntotl1ip00,4,Intellectual property products,2007,Current Dollars,Level,6,"1,924,349",FAAt401
FAAt401,k1ntotl1ip00,4,Intellectual property products,2008,Current Dollars,Level,6,"2,028,089",FAAt401
FAAt401,k1ntotl1ip00,4,Intellectual property products,2009,Current Dollars,Level,6,"2,084,458",FAAt401
FAAt401,k1ntotl1ip00,4,Intellectual property products,2010,Current Dollars,Level,6,"2,172,268",FAAt401
FAAt401,k1ntotl1ip00,4,Intellectual property products,2011,Current Dollars,Level,6,"2,288,911",FAAt401
FAAt401,k1ntotl1ip00,4,Intellectual property products,2012,Current Dollars,Level,6,"2,392,601",FAAt401
FAAt401,k1ntotl1ip00,4,Intellectual property products,2013,Current Dollars,Level,6,"2,536,150",FAAt401
FAAt401,k1ntotl1ip00,4,Intellectual property products,2014,Current Dollars,Level,6,"2,664,346",FAAt401
FAAt401,k1ntotl1ip00,4,Intellectual property products,2015,Current Dollars,Level,6,"2,761,618",FAAt401
FAAt401,k1ntotl1ip00,4,Intellectual property products,2016,Current Dollars,Level,6,"2,935,578",FAAt401
FAAt401,k1ntotl1ip00,4,Intellectual property products,2017,Current Dollars,Level,6,"3,157,018",FAAt401
FAAt401,k1ntotl1ip00,4,Intellectual property products,2018,Current Dollars,Level,6,"3,366,870",FAAt401
FAAt401,k1ntotl1ip00,4,Intellectual property products,2019,Current Dollars,Level,6,"3,594,909",FAAt401
FAAt401,k1ntotl1ip00,4,Intellectual property products,2020,Current Dollars,Level,6,"3,944,540",FAAt401
FAAt401,k1ntotl1ip00,4,Intellectual property products,2021,Current Dollars,Level,6,"4,241,707",FAAt401
FAAt401,k1ntotl1ip00,4,Intellectual property products,2022,Current Dollars,Level,6,"4,649,271",FAAt401
FAAt401,k1ntotl1ip00,4,Intellectual property products,2023,Current Dollars,Level,6,"5,029,315",FAAt401
FAAt401,k1ntotl1ip00,4,Intellectual property products,2024,Current Dollars,Level,6,"5,423,814",FAAt401
FAAt401,k1n110c1es00,5,Farms,1925,Current Dollars,Level,6,"10,088",FAAt401
FAAt401,k1n110c1es00,5,Farms,1926,Current Dollars,Level,6,"10,224",FAAt401
FAAt401,k1n110c1es00,5,Farms,1927,Current Dollars,Level,6,"10,302",FAAt401
FAAt401,k1n110c1es00,5,Farms,1928,Current Dollars,Level,6,"10,409",FAAt401
FAAt401,k1n110c1es00,5,Farms,1929,Current Dollars,Level,6,"10,227",FAAt401
FAAt401,k1n110c1es00,5,Farms,1930,Current Dollars,Level,6,"9,320",FAAt401
FAAt401,k1n110c1es00,5,Farms,1931,Current Dollars,Level,6,"8,069",FAAt401
FAAt401,k1n110c1es00,5,Farms,1932,Current Dollars,Level,6,"7,099",FAAt401
FAAt401,k1n110c1es00,5,Farms,1933,Current Dollars,Level,6,"7,514",FAAt401
FAAt401,k1n110c1es00,5,Farms,1934,Current Dollars,Level,6,"7,541",FAAt401
FAAt401,k1n110c1es00,5,Farms,1935,Current Dollars,Level,6,"7,480",FAAt401
FAAt401,k1n110c1es00,5,Farms,1936,Current Dollars,Level,6,"7,769",FAAt401
FAAt401,k1n110c1es00,5,Farms,1937,Current Dollars,Level,6,"8,137",FAAt401
FAAt401,k1n110c1es00,5,Farms,1938,Current Dollars,Level,6,"7,947",FAAt401
FAAt401,k1n110c1es00,5,Farms,1939,Current Dollars,Level,6,"7,428",FAAt401
FAAt401,k1n110c1es00,5,Farms,1940,Current Dollars,Level,6,"7,706",FAAt401
FAAt401,k1n110c1es00,5,Farms,1941,Current Dollars,Level,6,"9,248",FAAt401
FAAt401,k1n110c1es00,5,Farms,1942,Current Dollars,Level,6,"10,488",FAAt401
FAAt401,k1n110c1es00,5,Farms,1943,Current Dollars,Level,6,"11,456",FAAt401
FAAt401,k1n110c1es00,5,Farms,1944,Current Dollars,Level,6,"11,993",FAAt401
FAAt401,k1n110c1es00,5,Farms,1945,Current Dollars,Level,6,"13,179",FAAt401
FAAt401,k1n110c1es00,5,Farms,1946,Current Dollars,Level,6,"16,108",FAAt401
FAAt401,k1n110c1es00,5,Farms,1947,Current Dollars,Level,6,"19,859",FAAt401
FAAt401,k1n110c1es00,5,Farms,1948,Current Dollars,Level,6,"22,551",FAAt401
FAAt401,k1n110c1es00,5,Farms,1949,Current Dollars,Level,6,"23,583",FAAt401
FAAt401,k1n110c1es00,5,Farms,1950,Current Dollars,Level,6,"27,394",FAAt401
FAAt401,k1n110c1es00,5,Farms,1951,Current Dollars,Level,6,"29,857",FAAt401
FAAt401,k1n110c1es00,5,Farms,1952,Current Dollars,Level,6,"31,328",FAAt401
FAAt401,k1n110c1es00,5,Farms,1953,Current Dollars,Level,6,"31,749",FAAt401
FAAt401,k1n110c1es00,5,Farms,1954,Current Dollars,Level,6,"31,689",FAAt401
FAAt401,k1n110c1es00,5,Farms,1955,Current Dollars,Level,6,"33,947",FAAt401
FAAt401,k1n110c1es00,5,Farms,1956,Current Dollars,Level,6,"35,332",FAAt401
FAAt401,k1n110c1es00,5,Farms,1957,Current Dollars,Level,6,"36,447",FAAt401
FAAt401,k1n110c1es00,5,Farms,1958,Current Dollars,Level,6,"36,087",FAAt401
FAAt401,k1n110c1es00,5,Farms,1959,Current Dollars,Level,6,"36,891",FAAt401
FAAt401,k1n110c1es00,5,Farms,1960,Current Dollars,Level,6,"37,255",FAAt401
FAAt401,k1n110c1es00,5,Farms,1961,Current Dollars,Level,6,"37,957",FAAt401
FAAt401,k1n110c1es00,5,Farms,1962,Current Dollars,Level,6,"39,181",FAAt401
FAAt401,k1n110c1es00,5,Farms,1963,Current Dollars,Level,6,"40,808",FAAt401
FAAt401,k1n110c1es00,5,Farms,1964,Current Dollars,Level,6,"43,026",FAAt401
FAAt401,k1n110c1es00,5,Farms,1965,Current Dollars,Level,6,"45,678",FAAt401
FAAt401,k1n110c1es00,5,Farms,1966,Current Dollars,Level,6,"49,058",FAAt401
FAAt401,k1n110c1es00,5,Farms,1967,Current Dollars,Level,6,"52,276",FAAt401
FAAt401,k1n110c1es00,5,Farms,1968,Current Dollars,Level,6,"56,068",FAAt401
FAAt401,k1n110c1es00,5,Farms,1969,Current Dollars,Level,6,"60,175",FAAt401
FAAt401,k1n110c1es00,5,Farms,1970,Current Dollars,Level,6,"65,057",FAAt401
FAAt401,k1n110c1es00,5,Farms,1971,Current Dollars,Level,6,"70,712",FAAt401
FAAt401,k1n110c1es00,5,Farms,1972,Current Dollars,Level,6,"75,482",FAAt401
FAAt401,k1n110c1es00,5,Farms,1973,Current Dollars,Level,6,"84,697",FAAt401
FAAt401,k1n110c1es00,5,Farms,1974,Current Dollars,Level,6,"102,984",FAAt401
FAAt401,k1n110c1es00,5,Farms,1975,Current Dollars,Level,6,"113,813",FAAt401
FAAt401,k1n110c1es00,5,Farms,1976,Current Dollars,Level,6,"125,599",FAAt401
FAAt401,k1n110c1es00,5,Farms,1977,Current Dollars,Level,6,"140,684",FAAt401
FAAt401,k1n110c1es00,5,Farms,1978,Current Dollars,Level,6,"159,062",FAAt401
FAAt401,k1n110c1es00,5,Farms,1979,Current Dollars,Level,6,"185,895",FAAt401
FAAt401,k1n110c1es00,5,Farms,1980,Current Dollars,Level,6,"207,967",FAAt401
FAAt401,k1n110c1es00,5,Farms,1981,Current Dollars,Level,6,"227,529",FAAt401
FAAt401,k1n110c1es00,5,Farms,1982,Current Dollars,Level,6,"235,095",FAAt401
FAAt401,k1n110c1es00,5,Farms,1983,Current Dollars,Level,6,"235,752",FAAt401
FAAt401,k1n110c1es00,5,Farms,1984,Current Dollars,Level,6,"237,513",FAAt401
FAAt401,k1n110c1es00,5,Farms,1985,Current Dollars,Level,6,"235,091",FAAt401
FAAt401,k1n110c1es00,5,Farms,1986,Current Dollars,Level,6,"235,487",FAAt401
FAAt401,k1n110c1es00,5,Farms,1987,Current Dollars,Level,6,"234,913",FAAt401
FAAt401,k1n110c1es00,5,Farms,1988,Current Dollars,Level,6,"238,517",FAAt401
FAAt401,k1n110c1es00,5,Farms,1989,Current Dollars,Level,6,"243,495",FAAt401
FAAt401,k1n110c1es00,5,Farms,1990,Current Dollars,Level,6,"248,444",FAAt401
FAAt401,k1n110c1es00,5,Farms,1991,Current Dollars,Level,6,"248,140",FAAt401
FAAt401,k1n110c1es00,5,Farms,1992,Current Dollars,Level,6,"247,586",FAAt401
FAAt401,k1n110c1es00,5,Farms,1993,Current Dollars,Level,6,"252,674",FAAt401
FAAt401,k1n110c1es00,5,Farms,1994,Current Dollars,Level,6,"261,617",FAAt401
FAAt401,k1n110c1es00,5,Farms,1995,Current Dollars,Level,6,"268,914",FAAt401
FAAt401,k1n110c1es00,5,Farms,1996,Current Dollars,Level,6,"275,957",FAAt401
FAAt401,k1n110c1es00,5,Farms,1997,Current Dollars,Level,6,"286,345",FAAt401
FAAt401,k1n110c1es00,5,Farms,1998,Current Dollars,Level,6,"297,043",FAAt401
FAAt401,k1n110c1es00,5,Farms,1999,Current Dollars,Level,6,"302,866",FAAt401
FAAt401,k1n110c1es00,5,Farms,2000,Current Dollars,Level,6,"311,046",FAAt401
FAAt401,k1n110c1es00,5,Farms,2001,Current Dollars,Level,6,"319,935",FAAt401
FAAt401,k1n110c1es00,5,Farms,2002,Current Dollars,Level,6,"328,265",FAAt401
FAAt401,k1n110c1es00,5,Farms,2003,Current Dollars,Level,6,"340,237",FAAt401
FAAt401,k1n110c1es00,5,Farms,2004,Current Dollars,Level,6,"366,930",FAAt401
FAAt401,k1n110c1es00,5,Farms,2005,Current Dollars,Level,6,"394,433",FAAt401
FAAt401,k1n110c1es00,5,Farms,2006,Current Dollars,Level,6,"416,344",FAAt401
FAAt401,k1n110c1es00,5,Farms,2007,Current Dollars,Level,6,"430,378",FAAt401
FAAt401,k1n110c1es00,5,Farms,2008,Current Dollars,Level,6,"446,488",FAAt401
FAAt401,k1n110c1es00,5,Farms,2009,Current Dollars,Level,6,"433,718",FAAt401
FAAt401,k1n110c1es00,5,Farms,2010,Current Dollars,Level,6,"438,239",FAAt401
FAAt401,k1n110c1es00,5,Farms,2011,Current Dollars,Level,6,"455,835",FAAt401
FAAt401,k1n110c1es00,5,Farms,2012,Current Dollars,Level,6,"482,392",FAAt401
FAAt401,k1n110c1es00,5,Farms,2013,Current Dollars,Level,6,"523,235",FAAt401
FAAt401,k1n110c1es00,5,Farms,2014,Current Dollars,Level,6,"563,371",FAAt401
FAAt401,k1n110c1es00,5,Farms,2015,Current Dollars,Level,6,"575,861",FAAt401
FAAt401,k1n110c1es00,5,Farms,2016,Current Dollars,Level,6,"587,963",FAAt401
FAAt401,k1n110c1es00,5,Farms,2017,Current Dollars,Level,6,"598,011",FAAt401
FAAt401,k1n110c1es00,5,Farms,2018,Current Dollars,Level,6,"615,484",FAAt401
FAAt401,k1n110c1es00,5,Farms,2019,Current Dollars,Level,6,"630,191",FAAt401
FAAt401,k1n110c1es00,5,Farms,2020,Current Dollars,Level,6,"644,526",FAAt401
FAAt401,k1n110c1es00,5,Farms,2021,Current Dollars,Level,6,"718,468",FAAt401
FAAt401,k1n110c1es00,5,Farms,2022,Current Dollars,Level,6,"790,460",FAAt401
FAAt401,k1n110c1es00,5,Farms,2023,Current Dollars,Level,6,"808,573",FAAt401
FAAt401,k1n110c1es00,5,Farms,2024,Current Dollars,Level,6,"828,559",FAAt401
FAAt401,k1n110c1eq00,6,Equipment,1925,Current Dollars,Level,6,"2,684",FAAt401
FAAt401,k1n110c1eq00,6,Equipment,1926,Current Dollars,Level,6,"2,909",FAAt401
FAAt401,k1n110c1eq00,6,Equipment,1927,Current Dollars,Level,6,"3,064",FAAt401
FAAt401,k1n110c1eq00,6,Equipment,1928,Current Dollars,Level,6,"3,182",FAAt401
FAAt401,k1n110c1eq00,6,Equipment,1929,Current Dollars,Level,6,"3,318",FAAt401
FAAt401,k1n110c1eq00,6,Equipment,1930,Current Dollars,Level,6,"3,315",FAAt401
FAAt401,k1n110c1eq00,6,Equipment,1931,Current Dollars,Level,6,"3,023",FAAt401
FAAt401,k1n110c1eq00,6,Equipment,1932,Current Dollars,Level,6,"2,880",FAAt401
FAAt401,k1n110c1eq00,6,Equipment,1933,Current Dollars,Level,6,"2,650",FAAt401
FAAt401,k1n110c1eq00,6,Equipment,1934,Current Dollars,Level,6,"2,385",FAAt401
FAAt401,k1n110c1eq00,6,Equipment,1935,Current Dollars,Level,6,"2,390",FAAt401
FAAt401,k1n110c1eq00,6,Equipment,1936,Current Dollars,Level,6,"2,603",FAAt401
FAAt401,k1n110c1eq00,6,Equipment,1937,Current Dollars,Level,6,"2,909",FAAt401
FAAt401,k1n110c1eq00,6,Equipment,1938,Current Dollars,Level,6,"2,963",FAAt401
FAAt401,k1n110c1eq00,6,Equipment,1939,Current Dollars,Level,6,"3,020",FAAt401
FAAt401,k1n110c1eq00,6,Equipment,1940,Current Dollars,Level,6,"3,157",FAAt401
FAAt401,k1n110c1eq00,6,Equipment,1941,Current Dollars,Level,6,"3,722",FAAt401
FAAt401,k1n110c1eq00,6,Equipment,1942,Current Dollars,Level,6,"3,833",FAAt401
FAAt401,k1n110c1eq00,6,Equipment,1943,Current Dollars,Level,6,"3,782",FAAt401
FAAt401,k1n110c1eq00,6,Equipment,1944,Current Dollars,Level,6,"3,942",FAAt401
FAAt401,k1n110c1eq00,6,Equipment,1945,Current Dollars,Level,6,"4,312",FAAt401
FAAt401,k1n110c1eq00,6,Equipment,1946,Current Dollars,Level,6,"4,848",FAAt401
FAAt401,k1n110c1eq00,6,Equipment,1947,Current Dollars,Level,6,"6,161",FAAt401
FAAt401,k1n110c1eq00,6,Equipment,1948,Current Dollars,Level,6,"8,285",FAAt401
FAAt401,k1n110c1eq00,6,Equipment,1949,Current Dollars,Level,6,"9,472",FAAt401
FAAt401,k1n110c1eq00,6,Equipment,1950,Current Dollars,Level,6,"11,326",FAAt401
FAAt401,k1n110c1eq00,6,Equipment,1951,Current Dollars,Level,6,"12,483",FAAt401
FAAt401,k1n110c1eq00,6,Equipment,1952,Current Dollars,Level,6,"13,286",FAAt401
FAAt401,k1n110c1eq00,6,Equipment,1953,Current Dollars,Level,6,"13,907",FAAt401
FAAt401,k1n110c1eq00,6,Equipment,1954,Current Dollars,Level,6,"13,824",FAAt401
FAAt401,k1n110c1eq00,6,Equipment,1955,Current Dollars,Level,6,"14,620",FAAt401
FAAt401,k1n110c1eq00,6,Equipment,1956,Current Dollars,Level,6,"14,812",FAAt401
FAAt401,k1n110c1eq00,6,Equipment,1957,Current Dollars,Level,6,"15,450",FAAt401
FAAt401,k1n110c1eq00,6,Equipment,1958,Current Dollars,Level,6,"16,016",FAAt401
FAAt401,k1n110c1eq00,6,Equipment,1959,Current Dollars,Level,6,"16,520",FAAt401
FAAt401,k1n110c1eq00,6,Equipment,1960,Current Dollars,Level,6,"16,675",FAAt401
FAAt401,k1n110c1eq00,6,Equipment,1961,Current Dollars,Level,6,"16,713",FAAt401
FAAt401,k1n110c1eq00,6,Equipment,1962,Current Dollars,Level,6,"17,077",FAAt401
FAAt401,k1n110c1eq00,6,Equipment,1963,Current Dollars,Level,6,"17,789",FAAt401
FAAt401,k1n110c1eq00,6,Equipment,1964,Current Dollars,Level,6,"18,602",FAAt401
FAAt401,k1n110c1eq00,6,Equipment,1965,Current Dollars,Level,6,"20,060",FAAt401
FAAt401,k1n110c1eq00,6,Equipment,1966,Current Dollars,Level,6,"21,924",FAAt401
FAAt401,k1n110c1eq00,6,Equipment,1967,Current Dollars,Level,6,"23,697",FAAt401
FAAt401,k1n110c1eq00,6,Equipment,1968,Current Dollars,Level,6,"25,090",FAAt401
FAAt401,k1n110c1eq00,6,Equipment,1969,Current Dollars,Level,6,"26,751",FAAt401
FAAt401,k1n110c1eq00,6,Equipment,1970,Current Dollars,Level,6,"28,826",FAAt401
FAAt401,k1n110c1eq00,6,Equipment,1971,Current Dollars,Level,6,"30,608",FAAt401
FAAt401,k1n110c1eq00,6,Equipment,1972,Current Dollars,Level,6,"32,371",FAAt401
FAAt401,k1n110c1eq00,6,Equipment,1973,Current Dollars,Level,6,"37,214",FAAt401
FAAt401,k1n110c1eq00,6,Equipment,1974,Current Dollars,Level,6,"47,172",FAAt401
FAAt401,k1n110c1eq00,6,Equipment,1975,Current Dollars,Level,6,"54,057",FAAt401
FAAt401,k1n110c1eq00,6,Equipment,1976,Current Dollars,Level,6,"60,596",FAAt401
FAAt401,k1n110c1eq00,6,Equipment,1977,Current Dollars,Level,6,"67,754",FAAt401
FAAt401,k1n110c1eq00,6,Equipment,1978,Current Dollars,Level,6,"76,196",FAAt401
FAAt401,k1n110c1eq00,6,Equipment,1979,Current Dollars,Level,6,"89,637",FAAt401
FAAt401,k1n110c1eq00,6,Equipment,1980,Current Dollars,Level,6,"99,354",FAAt401
FAAt401,k1n110c1eq00,6,Equipment,1981,Current Dollars,Level,6,"109,757",FAAt401
FAAt401,k1n110c1eq00,6,Equipment,1982,Current Dollars,Level,6,"111,913",FAAt401
FAAt401,k1n110c1eq00,6,Equipment,1983,Current Dollars,Level,6,"109,260",FAAt401
FAAt401,k1n110c1eq00,6,Equipment,1984,Current Dollars,Level,6,"106,585",FAAt401
FAAt401,k1n110c1eq00,6,Equipment,1985,Current Dollars,Level,6,"102,215",FAAt401
FAAt401,k1n110c1eq00,6,Equipment,1986,Current Dollars,Level,6,"99,660",FAAt401
FAAt401,k1n110c1eq00,6,Equipment,1987,Current Dollars,Level,6,"96,075",FAAt401
FAAt401,k1n110c1eq00,6,Equipment,1988,Current Dollars,Level,6,"96,571",FAAt401
FAAt401,k1n110c1eq00,6,Equipment,1989,Current Dollars,Level,6,"98,649",FAAt401
FAAt401,k1n110c1eq00,6,Equipment,1990,Current Dollars,Level,6,"101,722",FAAt401
FAAt401,k1n110c1eq00,6,Equipment,1991,Current Dollars,Level,6,"102,678",FAAt401
FAAt401,k1n110c1eq00,6,Equipment,1992,Current Dollars,Level,6,"101,307",FAAt401
FAAt401,k1n110c1eq00,6,Equipment,1993,Current Dollars,Level,6,"102,506",FAAt401
FAAt401,k1n110c1eq00,6,Equipment,1994,Current Dollars,Level,6,"105,725",FAAt401
FAAt401,k1n110c1eq00,6,Equipment,1995,Current Dollars,Level,6,"110,585",FAAt401
FAAt401,k1n110c1eq00,6,Equipment,1996,Current Dollars,Level,6,"114,273",FAAt401
FAAt401,k1n110c1eq00,6,Equipment,1997,Current Dollars,Level,6,"120,190",FAAt401
FAAt401,k1n110c1eq00,6,Equipment,1998,Current Dollars,Level,6,"125,845",FAAt401
FAAt401,k1n110c1eq00,6,Equipment,1999,Current Dollars,Level,6,"126,080",FAAt401
FAAt401,k1n110c1eq00,6,Equipment,2000,Current Dollars,Level,6,"126,791",FAAt401
FAAt401,k1n110c1eq00,6,Equipment,2001,Current Dollars,Level,6,"128,977",FAAt401
FAAt401,k1n110c1eq00,6,Equipment,2002,Current Dollars,Level,6,"133,036",FAAt401
FAAt401,k1n110c1eq00,6,Equipment,2003,Current Dollars,Level,6,"138,879",FAAt401
FAAt401,k1n110c1eq00,6,Equipment,2004,Current Dollars,Level,6,"149,409",FAAt401
FAAt401,k1n110c1eq00,6,Equipment,2005,Current Dollars,Level,6,"157,361",FAAt401
FAAt401,k1n110c1eq00,6,Equipment,2006,Current Dollars,Level,6,"163,865",FAAt401
FAAt401,k1n110c1eq00,6,Equipment,2007,Current Dollars,Level,6,"171,210",FAAt401
FAAt401,k1n110c1eq00,6,Equipment,2008,Current Dollars,Level,6,"184,471",FAAt401
FAAt401,k1n110c1eq00,6,Equipment,2009,Current Dollars,Level,6,"189,644",FAAt401
FAAt401,k1n110c1eq00,6,Equipment,2010,Current Dollars,Level,6,"196,077",FAAt401
FAAt401,k1n110c1eq00,6,Equipment,2011,Current Dollars,Level,6,"208,802",FAAt401
FAAt401,k1n110c1eq00,6,Equipment,2012,Current Dollars,Level,6,"226,601",FAAt401
FAAt401,k1n110c1eq00,6,Equipment,2013,Current Dollars,Level,6,"249,859",FAAt401
FAAt401,k1n110c1eq00,6,Equipment,2014,Current Dollars,Level,6,"272,803",FAAt401
FAAt401,k1n110c1eq00,6,Equipment,2015,Current Dollars,Level,6,"275,636",FAAt401
FAAt401,k1n110c1eq00,6,Equipment,2016,Current Dollars,Level,6,"270,425",FAAt401
FAAt401,k1n110c1eq00,6,Equipment,2017,Current Dollars,Level,6,"267,876",FAAt401
FAAt401,k1n110c1eq00,6,Equipment,2018,Current Dollars,Level,6,"269,576",FAAt401
FAAt401,k1n110c1eq00,6,Equipment,2019,Current Dollars,Level,6,"270,424",FAAt401
FAAt401,k1n110c1eq00,6,Equipment,2020,Current Dollars,Level,6,"273,209",FAAt401
FAAt401,k1n110c1eq00,6,Equipment,2021,Current Dollars,Level,6,"303,372",FAAt401
FAAt401,k1n110c1eq00,6,Equipment,2022,Current Dollars,Level,6,"334,981",FAAt401
FAAt401,k1n110c1eq00,6,Equipment,2023,Current Dollars,Level,6,"341,341",FAAt401
FAAt401,k1n110c1eq00,6,Equipment,2024,Current Dollars,Level,6,"346,207",FAAt401
FAAt401,k1n110c1st00,7,Structures,1925,Current Dollars,Level,6,"7,404",FAAt401
FAAt401,k1n110c1st00,7,Structures,1926,Current Dollars,Level,6,"7,315",FAAt401
FAAt401,k1n110c1st00,7,Structures,1927,Current Dollars,Level,6,"7,239",FAAt401
FAAt401,k1n110c1st00,7,Structures,1928,Current Dollars,Level,6,"7,227",FAAt401
FAAt401,k1n110c1st00,7,Structures,1929,Current Dollars,Level,6,"6,909",FAAt401
FAAt401,k1n110c1st00,7,Structures,1930,Current Dollars,Level,6,"6,005",FAAt401
FAAt401,k1n110c1st00,7,Structures,1931,Current Dollars,Level,6,"5,046",FAAt401
FAAt401,k1n110c1st00,7,Structures,1932,Current Dollars,Level,6,"4,219",FAAt401
FAAt401,k1n110c1st00,7,Structures,1933,Current Dollars,Level,6,"4,864",FAAt401
FAAt401,k1n110c1st00,7,Structures,1934,Current Dollars,Level,6,"5,157",FAAt401
FAAt401,k1n110c1st00,7,Structures,1935,Current Dollars,Level,6,"5,090",FAAt401
FAAt401,k1n110c1st00,7,Structures,1936,Current Dollars,Level,6,"5,166",FAAt401
FAAt401,k1n110c1st00,7,Structures,1937,Current Dollars,Level,6,"5,228",FAAt401
FAAt401,k1n110c1st00,7,Structures,1938,Current Dollars,Level,6,"4,983",FAAt401
FAAt401,k1n110c1st00,7,Structures,1939,Current Dollars,Level,6,"4,408",FAAt401
FAAt401,k1n110c1st00,7,Structures,1940,Current Dollars,Level,6,"4,549",FAAt401
FAAt401,k1n110c1st00,7,Structures,1941,Current Dollars,Level,6,"5,526",FAAt401
FAAt401,k1n110c1st00,7,Structures,1942,Current Dollars,Level,6,"6,655",FAAt401
FAAt401,k1n110c1st00,7,Structures,1943,Current Dollars,Level,6,"7,674",FAAt401
FAAt401,k1n110c1st00,7,Structures,1944,Current Dollars,Level,6,"8,050",FAAt401
FAAt401,k1n110c1st00,7,Structures,1945,Current Dollars,Level,6,"8,867",FAAt401
FAAt401,k1n110c1st00,7,Structures,1946,Current Dollars,Level,6,"11,260",FAAt401
FAAt401,k1n110c1st00,7,Structures,1947,Current Dollars,Level,6,"13,698",FAAt401
FAAt401,k1n110c1st00,7,Structures,1948,Current Dollars,Level,6,"14,267",FAAt401
FAAt401,k1n110c1st00,7,Structures,1949,Current Dollars,Level,6,"14,111",FAAt401
FAAt401,k1n110c1st00,7,Structures,1950,Current Dollars,Level,6,"16,068",FAAt401
FAAt401,k1n110c1st00,7,Structures,1951,Current Dollars,Level,6,"17,375",FAAt401
FAAt401,k1n110c1st00,7,Structures,1952,Current Dollars,Level,6,"18,042",FAAt401
FAAt401,k1n110c1st00,7,Structures,1953,Current Dollars,Level,6,"17,842",FAAt401
FAAt401,k1n110c1st00,7,Structures,1954,Current Dollars,Level,6,"17,866",FAAt401
FAAt401,k1n110c1st00,7,Structures,1955,Current Dollars,Level,6,"19,327",FAAt401
FAAt401,k1n110c1st00,7,Structures,1956,Current Dollars,Level,6,"20,520",FAAt401
FAAt401,k1n110c1st00,7,Structures,1957,Current Dollars,Level,6,"20,997",FAAt401
FAAt401,k1n110c1st00,7,Structures,1958,Current Dollars,Level,6,"20,071",FAAt401
FAAt401,k1n110c1st00,7,Structures,1959,Current Dollars,Level,6,"20,371",FAAt401
FAAt401,k1n110c1st00,7,Structures,1960,Current Dollars,Level,6,"20,580",FAAt401
FAAt401,k1n110c1st00,7,Structures,1961,Current Dollars,Level,6,"21,245",FAAt401
FAAt401,k1n110c1st00,7,Structures,1962,Current Dollars,Level,6,"22,104",FAAt401
FAAt401,k1n110c1st00,7,Structures,1963,Current Dollars,Level,6,"23,019",FAAt401
FAAt401,k1n110c1st00,7,Structures,1964,Current Dollars,Level,6,"24,424",FAAt401
FAAt401,k1n110c1st00,7,Structures,1965,Current Dollars,Level,6,"25,617",FAAt401
FAAt401,k1n110c1st00,7,Structures,1966,Current Dollars,Level,6,"27,135",FAAt401
FAAt401,k1n110c1st00,7,Structures,1967,Current Dollars,Level,6,"28,579",FAAt401
FAAt401,k1n110c1st00,7,Structures,1968,Current Dollars,Level,6,"30,978",FAAt401
FAAt401,k1n110c1st00,7,Structures,1969,Current Dollars,Level,6,"33,424",FAAt401
FAAt401,k1n110c1st00,7,Structures,1970,Current Dollars,Level,6,"36,231",FAAt401
FAAt401,k1n110c1st00,7,Structures,1971,Current Dollars,Level,6,"40,103",FAAt401
FAAt401,k1n110c1st00,7,Structures,1972,Current Dollars,Level,6,"43,111",FAAt401
FAAt401,k1n110c1st00,7,Structures,1973,Current Dollars,Level,6,"47,483",FAAt401
FAAt401,k1n110c1st00,7,Structures,1974,Current Dollars,Level,6,"55,812",FAAt401
FAAt401,k1n110c1st00,7,Structures,1975,Current Dollars,Level,6,"59,756",FAAt401
FAAt401,k1n110c1st00,7,Structures,1976,Current Dollars,Level,6,"65,003",FAAt401
FAAt401,k1n110c1st00,7,Structures,1977,Current Dollars,Level,6,"72,931",FAAt401
FAAt401,k1n110c1st00,7,Structures,1978,Current Dollars,Level,6,"82,865",FAAt401
FAAt401,k1n110c1st00,7,Structures,1979,Current Dollars,Level,6,"96,255",FAAt401
FAAt401,k1n110c1st00,7,Structures,1980,Current Dollars,Level,6,"108,609",FAAt401
FAAt401,k1n110c1st00,7,Structures,1981,Current Dollars,Level,6,"117,767",FAAt401
FAAt401,k1n110c1st00,7,Structures,1982,Current Dollars,Level,6,"123,179",FAAt401
FAAt401,k1n110c1st00,7,Structures,1983,Current Dollars,Level,6,"126,490",FAAt401
FAAt401,k1n110c1st00,7,Structures,1984,Current Dollars,Level,6,"130,927",FAAt401
FAAt401,k1n110c1st00,7,Structures,1985,Current Dollars,Level,6,"132,875",FAAt401
FAAt401,k1n110c1st00,7,Structures,1986,Current Dollars,Level,6,"135,826",FAAt401
FAAt401,k1n110c1st00,7,Structures,1987,Current Dollars,Level,6,"138,838",FAAt401
FAAt401,k1n110c1st00,7,Structures,1988,Current Dollars,Level,6,"141,932",FAAt401
FAAt401,k1n110c1st00,7,Structures,1989,Current Dollars,Level,6,"144,805",FAAt401
FAAt401,k1n110c1st00,7,Structures,1990,Current Dollars,Level,6,"146,642",FAAt401
FAAt401,k1n110c1st00,7,Structures,1991,Current Dollars,Level,6,"145,342",FAAt401
FAAt401,k1n110c1st00,7,Structures,1992,Current Dollars,Level,6,"146,093",FAAt401
FAAt401,k1n110c1st00,7,Structures,1993,Current Dollars,Level,6,"149,910",FAAt401
FAAt401,k1n110c1st00,7,Structures,1994,Current Dollars,Level,6,"155,600",FAAt401
FAAt401,k1n110c1st00,7,Structures,1995,Current Dollars,Level,6,"158,008",FAAt401
FAAt401,k1n110c1st00,7,Structures,1996,Current Dollars,Level,6,"161,358",FAAt401
FAAt401,k1n110c1st00,7,Structures,1997,Current Dollars,Level,6,"165,798",FAAt401
FAAt401,k1n110c1st00,7,Structures,1998,Current Dollars,Level,6,"170,861",FAAt401
FAAt401,k1n110c1st00,7,Structures,1999,Current Dollars,Level,6,"176,515",FAAt401
FAAt401,k1n110c1st00,7,Structures,2000,Current Dollars,Level,6,"184,028",FAAt401
FAAt401,k1n110c1st00,7,Structures,2001,Current Dollars,Level,6,"190,782",FAAt401
FAAt401,k1n110c1st00,7,Structures,2002,Current Dollars,Level,6,"195,090",FAAt401
FAAt401,k1n110c1st00,7,Structures,2003,Current Dollars,Level,6,"201,254",FAAt401
FAAt401,k1n110c1st00,7,Structures,2004,Current Dollars,Level,6,"217,435",FAAt401
FAAt401,k1n110c1st00,7,Structures,2005,Current Dollars,Level,6,"236,997",FAAt401
FAAt401,k1n110c1st00,7,Structures,2006,Current Dollars,Level,6,"252,413",FAAt401
FAAt401,k1n110c1st00,7,Structures,2007,Current Dollars,Level,6,"259,109",FAAt401
FAAt401,k1n110c1st00,7,Structures,2008,Current Dollars,Level,6,"261,958",FAAt401
FAAt401,k1n110c1st00,7,Structures,2009,Current Dollars,Level,6,"244,016",FAAt401
FAAt401,k1n110c1st00,7,Structures,2010,Current Dollars,Level,6,"242,106",FAAt401
FAAt401,k1n110c1st00,7,Structures,2011,Current Dollars,Level,6,"246,974",FAAt401
FAAt401,k1n110c1st00,7,Structures,2012,Current Dollars,Level,6,"255,724",FAAt401
FAAt401,k1n110c1st00,7,Structures,2013,Current Dollars,Level,6,"273,303",FAAt401
FAAt401,k1n110c1st00,7,Structures,2014,Current Dollars,Level,6,"290,482",FAAt401
FAAt401,k1n110c1st00,7,Structures,2015,Current Dollars,Level,6,"300,147",FAAt401
FAAt401,k1n110c1st00,7,Structures,2016,Current Dollars,Level,6,"317,464",FAAt401
FAAt401,k1n110c1st00,7,Structures,2017,Current Dollars,Level,6,"330,052",FAAt401
FAAt401,k1n110c1st00,7,Structures,2018,Current Dollars,Level,6,"345,823",FAAt401
FAAt401,k1n110c1st00,7,Structures,2019,Current Dollars,Level,6,"359,678",FAAt401
FAAt401,k1n110c1st00,7,Structures,2020,Current Dollars,Level,6,"371,214",FAAt401
FAAt401,k1n110c1st00,7,Structures,2021,Current Dollars,Level,6,"414,972",FAAt401
FAAt401,k1n110c1st00,7,Structures,2022,Current Dollars,Level,6,"455,341",FAAt401
FAAt401,k1n110c1st00,7,Structures,2023,Current Dollars,Level,6,"467,078",FAAt401
FAAt401,k1n110c1st00,7,Structures,2024,Current Dollars,Level,6,"482,177",FAAt401
FAAt401,k1n110c1ip00,8,Intellectual property products,1925,Current Dollars,Level,6,0,FAAt401
FAAt401,k1n110c1ip00,8,Intellectual property products,1926,Current Dollars,Level,6,0,FAAt401
FAAt401,k1n110c1ip00,8,Intellectual property products,1927,Current Dollars,Level,6,0,FAAt401
FAAt401,k1n110c1ip00,8,Intellectual property products,1928,Current Dollars,Level,6,0,FAAt401
FAAt401,k1n110c1ip00,8,Intellectual property products,1929,Current Dollars,Level,6,0,FAAt401
FAAt401,k1n110c1ip00,8,Intellectual property products,1930,Current Dollars,Level,6,0,FAAt401
FAAt401,k1n110c1ip00,8,Intellectual property products,1931,Current Dollars,Level,6,0,FAAt401
FAAt401,k1n110c1ip00,8,Intellectual property products,1932,Current Dollars,Level,6,0,FAAt401
FAAt401,k1n110c1ip00,8,Intellectual property products,1933,Current Dollars,Level,6,0,FAAt401
FAAt401,k1n110c1ip00,8,Intellectual property products,1934,Current Dollars,Level,6,0,FAAt401
FAAt401,k1n110c1ip00,8,Intellectual property products,1935,Current Dollars,Level,6,0,FAAt401
FAAt401,k1n110c1ip00,8,Intellectual property products,1936,Current Dollars,Level,6,0,FAAt401
FAAt401,k1n110c1ip00,8,Intellectual property products,1937,Current Dollars,Level,6,0,FAAt401
FAAt401,k1n110c1ip00,8,Intellectual property products,1938,Current Dollars,Level,6,0,FAAt401
FAAt401,k1n110c1ip00,8,Intellectual property products,1939,Current Dollars,Level,6,0,FAAt401
FAAt401,k1n110c1ip00,8,Intellectual property products,1940,Current Dollars,Level,6,0,FAAt401
FAAt401,k1n110c1ip00,8,Intellectual property products,1941,Current Dollars,Level,6,0,FAAt401
FAAt401,k1n110c1ip00,8,Intellectual property products,1942,Current Dollars,Level,6,0,FAAt401
FAAt401,k1n110c1ip00,8,Intellectual property products,1943,Current Dollars,Level,6,0,FAAt401
FAAt401,k1n110c1ip00,8,Intellectual property products,1944,Current Dollars,Level,6,0,FAAt401
FAAt401,k1n110c1ip00,8,Intellectual property products,1945,Current Dollars,Level,6,0,FAAt401
FAAt401,k1n110c1ip00,8,Intellectual property products,1946,Current Dollars,Level,6,0,FAAt401
FAAt401,k1n110c1ip00,8,Intellectual property products,1947,Current Dollars,Level,6,0,FAAt401
FAAt401,k1n110c1ip00,8,Intellectual property products,1948,Current Dollars,Level,6,0,FAAt401
FAAt401,k1n110c1ip00,8,Intellectual property products,1949,Current Dollars,Level,6,0,FAAt401
FAAt401,k1n110c1ip00,8,Intellectual property products,1950,Current Dollars,Level,6,0,FAAt401
FAAt401,k1n110c1ip00,8,Intellectual property products,1951,Current Dollars,Level,6,0,FAAt401
FAAt401,k1n110c1ip00,8,Intellectual property products,1952,Current Dollars,Level,6,0,FAAt401
FAAt401,k1n110c1ip00,8,Intellectual property products,1953,Current Dollars,Level,6,0,FAAt401
FAAt401,k1n110c1ip00,8,Intellectual property products,1954,Current Dollars,Level,6,0,FAAt401
FAAt401,k1n110c1ip00,8,Intellectual property products,1955,Current Dollars,Level,6,0,FAAt401
FAAt401,k1n110c1ip00,8,Intellectual property products,1956,Current Dollars,Level,6,0,FAAt401
FAAt401,k1n110c1ip00,8,Intellectual property products,1957,Current Dollars,Level,6,0,FAAt401
FAAt401,k1n110c1ip00,8,Intellectual property products,1958,Current Dollars,Level,6,0,FAAt401
FAAt401,k1n110c1ip00,8,Intellectual property products,1959,Current Dollars,Level,6,0,FAAt401
FAAt401,k1n110c1ip00,8,Intellectual property products,1960,Current Dollars,Level,6,0,FAAt401
FAAt401,k1n110c1ip00,8,Intellectual property products,1961,Current Dollars,Level,6,0,FAAt401
FAAt401,k1n110c1ip00,8,Intellectual property products,1962,Current Dollars,Level,6,0,FAAt401
FAAt401,k1n110c1ip00,8,Intellectual property products,1963,Current Dollars,Level,6,0,FAAt401
FAAt401,k1n110c1ip00,8,Intellectual property products,1964,Current Dollars,Level,6,0,FAAt401
FAAt401,k1n110c1ip00,8,Intellectual property products,1965,Current Dollars,Level,6,0,FAAt401
FAAt401,k1n110c1ip00,8,Intellectual property products,1966,Current Dollars,Level,6,0,FAAt401
FAAt401,k1n110c1ip00,8,Intellectual property products,1967,Current Dollars,Level,6,0,FAAt401
FAAt401,k1n110c1ip00,8,Intellectual property products,1968,Current Dollars,Level,6,0,FAAt401
FAAt401,k1n110c1ip00,8,Intellectual property products,1969,Current Dollars,Level,6,0,FAAt401
FAAt401,k1n110c1ip00,8,Intellectual property products,1970,Current Dollars,Level,6,0,FAAt401
FAAt401,k1n110c1ip00,8,Intellectual property products,1971,Current Dollars,Level,6,0,FAAt401
FAAt401,k1n110c1ip00,8,Intellectual property products,1972,Current Dollars,Level,6,0,FAAt401
FAAt401,k1n110c1ip00,8,Intellectual property products,1973,Current Dollars,Level,6,0,FAAt401
FAAt401,k1n110c1ip00,8,Intellectual property products,1974,Current Dollars,Level,6,0,FAAt401
FAAt401,k1n110c1ip00,8,Intellectual property products,1975,Current Dollars,Level,6,0,FAAt401
FAAt401,k1n110c1ip00,8,Intellectual property products,1976,Current Dollars,Level,6,0,FAAt401
FAAt401,k1n110c1ip00,8,Intellectual property products,1977,Current Dollars,Level,6,0,FAAt401
FAAt401,k1n110c1ip00,8,Intellectual property products,1978,Current Dollars,Level,6,1,FAAt401
FAAt401,k1n110c1ip00,8,Intellectual property products,1979,Current Dollars,Level,6,2,FAAt401
FAAt401,k1n110c1ip00,8,Intellectual property products,1980,Current Dollars,Level,6,4,FAAt401
FAAt401,k1n110c1ip00,8,Intellectual property products,1981,Current Dollars,Level,6,4,FAAt401
FAAt401,k1n110c1ip00,8,Intellectual property products,1982,Current Dollars,Level,6,3,FAAt401
FAAt401,k1n110c1ip00,8,Intellectual property products,1983,Current Dollars,Level,6,2,FAAt401
FAAt401,k1n110c1ip00,8,Intellectual property products,1984,Current Dollars,Level,6,1,FAAt401
FAAt401,k1n110c1ip00,8,Intellectual property products,1985,Current Dollars,Level,6,1,FAAt401
FAAt401,k1n110c1ip00,8,Intellectual property products,1986,Current Dollars,Level,6,1,FAAt401
FAAt401,k1n110c1ip00,8,Intellectual property products,1987,Current Dollars,Level,6,0,FAAt401
FAAt401,k1n110c1ip00,8,Intellectual property products,1988,Current Dollars,Level,6,14,FAAt401
FAAt401,k1n110c1ip00,8,Intellectual property products,1989,Current Dollars,Level,6,41,FAAt401
FAAt401,k1n110c1ip00,8,Intellectual property products,1990,Current Dollars,Level,6,79,FAAt401
FAAt401,k1n110c1ip00,8,Intellectual property products,1991,Current Dollars,Level,6,120,FAAt401
FAAt401,k1n110c1ip00,8,Intellectual property products,1992,Current Dollars,Level,6,187,FAAt401
FAAt401,k1n110c1ip00,8,Intellectual property products,1993,Current Dollars,Level,6,258,FAAt401
FAAt401,k1n110c1ip00,8,Intellectual property products,1994,Current Dollars,Level,6,292,FAAt401
FAAt401,k1n110c1ip00,8,Intellectual property products,1995,Current Dollars,Level,6,321,FAAt401
FAAt401,k1n110c1ip00,8,Intellectual property products,1996,Current Dollars,Level,6,326,FAAt401
FAAt401,k1n110c1ip00,8,Intellectual property products,1997,Current Dollars,Level,6,357,FAAt401
FAAt401,k1n110c1ip00,8,Intellectual property products,1998,Current Dollars,Level,6,337,FAAt401
FAAt401,k1n110c1ip00,8,Intellectual property products,1999,Current Dollars,Level,6,271,FAAt401
FAAt401,k1n110c1ip00,8,Intellectual property products,2000,Current Dollars,Level,6,227,FAAt401
FAAt401,k1n110c1ip00,8,Intellectual property products,2001,Current Dollars,Level,6,176,FAAt401
FAAt401,k1n110c1ip00,8,Intellectual property products,2002,Current Dollars,Level,6,139,FAAt401
FAAt401,k1n110c1ip00,8,Intellectual property products,2003,Current Dollars,Level,6,104,FAAt401
FAAt401,k1n110c1ip00,8,Intellectual property products,2004,Current Dollars,Level,6,86,FAAt401
FAAt401,k1n110c1ip00,8,Intellectual property products,2005,Current Dollars,Level,6,75,FAAt401
FAAt401,k1n110c1ip00,8,Intellectual property products,2006,Current Dollars,Level,6,65,FAAt401
FAAt401,k1n110c1ip00,8,Intellectual property products,2007,Current Dollars,Level,6,59,FAAt401
FAAt401,k1n110c1ip00,8,Intellectual property products,2008,Current Dollars,Level,6,59,FAAt401
FAAt401,k1n110c1ip00,8,Intellectual property products,2009,Current Dollars,Level,6,58,FAAt401
FAAt401,k1n110c1ip00,8,Intellectual property products,2010,Current Dollars,Level,6,56,FAAt401
FAAt401,k1n110c1ip00,8,Intellectual property products,2011,Current Dollars,Level,6,59,FAAt401
FAAt401,k1n110c1ip00,8,Intellectual property products,2012,Current Dollars,Level,6,67,FAAt401
FAAt401,k1n110c1ip00,8,Intellectual property products,2013,Current Dollars,Level,6,74,FAAt401
FAAt401,k1n110c1ip00,8,Intellectual property products,2014,Current Dollars,Level,6,85,FAAt401
FAAt401,k1n110c1ip00,8,Intellectual property products,2015,Current Dollars,Level,6,78,FAAt401
FAAt401,k1n110c1ip00,8,Intellectual property products,2016,Current Dollars,Level,6,74,FAAt401
FAAt401,k1n110c1ip00,8,Intellectual property products,2017,Current Dollars,Level,6,83,FAAt401
FAAt401,k1n110c1ip00,8,Intellectual property products,2018,Current Dollars,Level,6,85,FAAt401
FAAt401,k1n110c1ip00,8,Intellectual property products,2019,Current Dollars,Level,6,88,FAAt401
FAAt401,k1n110c1ip00,8,Intellectual property products,2020,Current Dollars,Level,6,103,FAAt401
FAAt401,k1n110c1ip00,8,Intellectual property products,2021,Current Dollars,Level,6,124,FAAt401
FAAt401,k1n110c1ip00,8,Intellectual property products,2022,Current Dollars,Level,6,138,FAAt401
FAAt401,k1n110c1ip00,8,Intellectual property products,2023,Current Dollars,Level,6,154,FAAt401
FAAt401,k1n110c1ip00,8,Intellectual property products,2024,Current Dollars,Level,6,174,FAAt401
FAAt401,k1n31gd1es00,9,Manufacturing,1925,Current Dollars,Level,6,"17,362",FAAt401
FAAt401,k1n31gd1es00,9,Manufacturing,1926,Current Dollars,Level,6,"17,787",FAAt401
FAAt401,k1n31gd1es00,9,Manufacturing,1927,Current Dollars,Level,6,"18,109",FAAt401
FAAt401,k1n31gd1es00,9,Manufacturing,1928,Current Dollars,Level,6,"18,860",FAAt401
FAAt401,k1n31gd1es00,9,Manufacturing,1929,Current Dollars,Level,6,"18,712",FAAt401
FAAt401,k1n31gd1es00,9,Manufacturing,1930,Current Dollars,Level,6,"17,292",FAAt401
FAAt401,k1n31gd1es00,9,Manufacturing,1931,Current Dollars,Level,6,"15,320",FAAt401
FAAt401,k1n31gd1es00,9,Manufacturing,1932,Current Dollars,Level,6,"14,024",FAAt401
FAAt401,k1n31gd1es00,9,Manufacturing,1933,Current Dollars,Level,6,"15,603",FAAt401
FAAt401,k1n31gd1es00,9,Manufacturing,1934,Current Dollars,Level,6,"16,296",FAAt401
FAAt401,k1n31gd1es00,9,Manufacturing,1935,Current Dollars,Level,6,"16,500",FAAt401
FAAt401,k1n31gd1es00,9,Manufacturing,1936,Current Dollars,Level,6,"18,522",FAAt401
FAAt401,k1n31gd1es00,9,Manufacturing,1937,Current Dollars,Level,6,"19,865",FAAt401
FAAt401,k1n31gd1es00,9,Manufacturing,1938,Current Dollars,Level,6,"19,406",FAAt401
FAAt401,k1n31gd1es00,9,Manufacturing,1939,Current Dollars,Level,6,"20,084",FAAt401
FAAt401,k1n31gd1es00,9,Manufacturing,1940,Current Dollars,Level,6,"22,219",FAAt401
FAAt401,k1n31gd1es00,9,Manufacturing,1941,Current Dollars,Level,6,"26,305",FAAt401
FAAt401,k1n31gd1es00,9,Manufacturing,1942,Current Dollars,Level,6,"28,695",FAAt401
FAAt401,k1n31gd1es00,9,Manufacturing,1943,Current Dollars,Level,6,"28,738",FAAt401
FAAt401,k1n31gd1es00,9,Manufacturing,1944,Current Dollars,Level,6,"29,092",FAAt401
FAAt401,k1n31gd1es00,9,Manufacturing,1945,Current Dollars,Level,6,"33,256",FAAt401
FAAt401,k1n31gd1es00,9,Manufacturing,1946,Current Dollars,Level,6,"40,847",FAAt401
FAAt401,k1n31gd1es00,9,Manufacturing,1947,Current Dollars,Level,6,"49,855",FAAt401
FAAt401,k1n31gd1es00,9,Manufacturing,1948,Current Dollars,Level,6,"55,397",FAAt401
FAAt401,k1n31gd1es00,9,Manufacturing,1949,Current Dollars,Level,6,"54,814",FAAt401
FAAt401,k1n31gd1es00,9,Manufacturing,1950,Current Dollars,Level,6,"62,703",FAAt401
FAAt401,k1n31gd1es00,9,Manufacturing,1951,Current Dollars,Level,6,"69,069",FAAt401
FAAt401,k1n31gd1es00,9,Manufacturing,1952,Current Dollars,Level,6,"73,256",FAAt401
FAAt401,k1n31gd1es00,9,Manufacturing,1953,Current Dollars,Level,6,"77,379",FAAt401
FAAt401,k1n31gd1es00,9,Manufacturing,1954,Current Dollars,Level,6,"80,201",FAAt401
FAAt401,k1n31gd1es00,9,Manufacturing,1955,Current Dollars,Level,6,"88,789",FAAt401
FAAt401,k1n31gd1es00,9,Manufacturing,1956,Current Dollars,Level,6,"101,312",FAAt401
FAAt401,k1n31gd1es00,9,Manufacturing,1957,Current Dollars,Level,6,"110,330",FAAt401
FAAt401,k1n31gd1es00,9,Manufacturing,1958,Current Dollars,Level,6,"111,613",FAAt401
FAAt401,k1n31gd1es00,9,Manufacturing,1959,Current Dollars,Level,6,"115,390",FAAt401
FAAt401,k1n31gd1es00,9,Manufacturing,1960,Current Dollars,Level,6,"118,824",FAAt401
FAAt401,k1n31gd1es00,9,Manufacturing,1961,Current Dollars,Level,6,"122,154",FAAt401
FAAt401,k1n31gd1es00,9,Manufacturing,1962,Current Dollars,Level,6,"127,287",FAAt401
FAAt401,k1n31gd1es00,9,Manufacturing,1963,Current Dollars,Level,6,"132,535",FAAt401
FAAt401,k1n31gd1es00,9,Manufacturing,1964,Current Dollars,Level,6,"141,347",FAAt401
FAAt401,k1n31gd1es00,9,Manufacturing,1965,Current Dollars,Level,6,"153,221",FAAt401
FAAt401,k1n31gd1es00,9,Manufacturing,1966,Current Dollars,Level,6,"171,773",FAAt401
FAAt401,k1n31gd1es00,9,Manufacturing,1967,Current Dollars,Level,6,"188,710",FAAt401
FAAt401,k1n31gd1es00,9,Manufacturing,1968,Current Dollars,Level,6,"209,739",FAAt401
FAAt401,k1n31gd1es00,9,Manufacturing,1969,Current Dollars,Level,6,"231,810",FAAt401
FAAt401,k1n31gd1es00,9,Manufacturing,1970,Current Dollars,Level,6,"255,204",FAAt401
FAAt401,k1n31gd1es00,9,Manufacturing,1971,Current Dollars,Level,6,"277,408",FAAt401
FAAt401,k1n31gd1es00,9,Manufacturing,1972,Current Dollars,Level,6,"298,586",FAAt401
FAAt401,k1n31gd1es00,9,Manufacturing,1973,Current Dollars,Level,6,"331,483",FAAt401
FAAt401,k1n31gd1es00,9,Manufacturing,1974,Current Dollars,Level,6,"401,479",FAAt401
FAAt401,k1n31gd1es00,9,Manufacturing,1975,Current Dollars,Level,6,"448,200",FAAt401
FAAt401,k1n31gd1es00,9,Manufacturing,1976,Current Dollars,Level,6,"490,883",FAAt401
FAAt401,k1n31gd1es00,9,Manufacturing,1977,Current Dollars,Level,6,"547,198",FAAt401
FAAt401,k1n31gd1es00,9,Manufacturing,1978,Current Dollars,Level,6,"617,832",FAAt401
FAAt401,k1n31gd1es00,9,Manufacturing,1979,Current Dollars,Level,6,"712,544",FAAt401
FAAt401,k1n31gd1es00,9,Manufacturing,1980,Current Dollars,Level,6,"820,711",FAAt401
FAAt401,k1n31gd1es00,9,Manufacturing,1981,Current Dollars,Level,6,"911,240",FAAt401
FAAt401,k1n31gd1es00,9,Manufacturing,1982,Current Dollars,Level,6,"971,212",FAAt401
FAAt401,k1n31gd1es00,9,Manufacturing,1983,Current Dollars,Level,6,"1,002,516",FAAt401
FAAt401,k1n31gd1es00,9,Manufacturing,1984,Current Dollars,Level,6,"1,052,677",FAAt401
FAAt401,k1n31gd1es00,9,Manufacturing,1985,Current Dollars,Level,6,"1,115,981",FAAt401
FAAt401,k1n31gd1es00,9,Manufacturing,1986,Current Dollars,Level,6,"1,174,676",FAAt401
FAAt401,k1n31gd1es00,9,Manufacturing,1987,Current Dollars,Level,6,"1,232,980",FAAt401
FAAt401,k1n31gd1es00,9,Manufacturing,1988,Current Dollars,Level,6,"1,292,260",FAAt401
FAAt401,k1n31gd1es00,9,Manufacturing,1989,Current Dollars,Level,6,"1,360,646",FAAt401
FAAt401,k1n31gd1es00,9,Manufacturing,1990,Current Dollars,Level,6,"1,437,022",FAAt401
FAAt401,k1n31gd1es00,9,Manufacturing,1991,Current Dollars,Level,6,"1,482,651",FAAt401
FAAt401,k1n31gd1es00,9,Manufacturing,1992,Current Dollars,Level,6,"1,535,428",FAAt401
FAAt401,k1n31gd1es00,9,Manufacturing,1993,Current Dollars,Level,6,"1,586,642",FAAt401
FAAt401,k1n31gd1es00,9,Manufacturing,1994,Current Dollars,Level,6,"1,671,436",FAAt401
FAAt401,k1n31gd1es00,9,Manufacturing,1995,Current Dollars,Level,6,"1,767,955",FAAt401
FAAt401,k1n31gd1es00,9,Manufacturing,1996,Current Dollars,Level,6,"1,863,493",FAAt401
FAAt401,k1n31gd1es00,9,Manufacturing,1997,Current Dollars,Level,6,"1,963,059",FAAt401
FAAt401,k1n31gd1es00,9,Manufacturing,1998,Current Dollars,Level,6,"2,071,540",FAAt401
FAAt401,k1n31gd1es00,9,Manufacturing,1999,Current Dollars,Level,6,"2,168,845",FAAt401
FAAt401,k1n31gd1es00,9,Manufacturing,2000,Current Dollars,Level,6,"2,272,252",FAAt401
FAAt401,k1n31gd1es00,9,Manufacturing,2001,Current Dollars,Level,6,"2,339,038",FAAt401
FAAt401,k1n31gd1es00,9,Manufacturing,2002,Current Dollars,Level,6,"2,369,432",FAAt401
FAAt401,k1n31gd1es00,9,Manufacturing,2003,Current Dollars,Level,6,"2,406,975",FAAt401
FAAt401,k1n31gd1es00,9,Manufacturing,2004,Current Dollars,Level,6,"2,515,035",FAAt401
FAAt401,k1n31gd1es00,9,Manufacturing,2005,Current Dollars,Level,6,"2,648,944",FAAt401
FAAt401,k1n31gd1es00,9,Manufacturing,2006,Current Dollars,Level,6,"2,777,020",FAAt401
FAAt401,k1n31gd1es00,9,Manufacturing,2007,Current Dollars,Level,6,"2,945,690",FAAt401
FAAt401,k1n31gd1es00,9,Manufacturing,2008,Current Dollars,Level,6,"3,133,177",FAAt401
FAAt401,k1n31gd1es00,9,Manufacturing,2009,Current Dollars,Level,6,"3,088,644",FAAt401
FAAt401,k1n31gd1es00,9,Manufacturing,2010,Current Dollars,Level,6,"3,137,263",FAAt401
FAAt401,k1n31gd1es00,9,Manufacturing,2011,Current Dollars,Level,6,"3,263,592",FAAt401
FAAt401,k1n31gd1es00,9,Manufacturing,2012,Current Dollars,Level,6,"3,354,679",FAAt401
FAAt401,k1n31gd1es00,9,Manufacturing,2013,Current Dollars,Level,6,"3,499,153",FAAt401
FAAt401,k1n31gd1es00,9,Manufacturing,2014,Current Dollars,Level,6,"3,613,327",FAAt401
FAAt401,k1n31gd1es00,9,Manufacturing,2015,Current Dollars,Level,6,"3,686,136",FAAt401
FAAt401,k1n31gd1es00,9,Manufacturing,2016,Current Dollars,Level,6,"3,789,196",FAAt401
FAAt401,k1n31gd1es00,9,Manufacturing,2017,Current Dollars,Level,6,"3,955,951",FAAt401
FAAt401,k1n31gd1es00,9,Manufacturing,2018,Current Dollars,Level,6,"4,158,206",FAAt401
FAAt401,k1n31gd1es00,9,Manufacturing,2019,Current Dollars,Level,6,"4,327,353",FAAt401
FAAt401,k1n31gd1es00,9,Manufacturing,2020,Current Dollars,Level,6,"4,532,196",FAAt401
FAAt401,k1n31gd1es00,9,Manufacturing,2021,Current Dollars,Level,6,"4,936,871",FAAt401
FAAt401,k1n31gd1es00,9,Manufacturing,2022,Current Dollars,Level,6,"5,459,692",FAAt401
FAAt401,k1n31gd1es00,9,Manufacturing,2023,Current Dollars,Level,6,"5,615,309",FAAt401
FAAt401,k1n31gd1es00,9,Manufacturing,2024,Current Dollars,Level,6,"5,793,216",FAAt401
FAAt401,k1n31gd1eq00,10,Equipment,1925,Current Dollars,Level,6,"7,647",FAAt401
FAAt401,k1n31gd1eq00,10,Equipment,1926,Current Dollars,Level,6,"7,769",FAAt401
FAAt401,k1n31gd1eq00,10,Equipment,1927,Current Dollars,Level,6,"7,857",FAAt401
FAAt401,k1n31gd1eq00,10,Equipment,1928,Current Dollars,Level,6,"8,053",FAAt401
FAAt401,k1n31gd1eq00,10,Equipment,1929,Current Dollars,Level,6,"7,964",FAAt401
FAAt401,k1n31gd1eq00,10,Equipment,1930,Current Dollars,Level,6,"7,559",FAAt401
FAAt401,k1n31gd1eq00,10,Equipment,1931,Current Dollars,Level,6,"6,857",FAAt401
FAAt401,k1n31gd1eq00,10,Equipment,1932,Current Dollars,Level,6,"6,190",FAAt401
FAAt401,k1n31gd1eq00,10,Equipment,1933,Current Dollars,Level,6,"6,707",FAAt401
FAAt401,k1n31gd1eq00,10,Equipment,1934,Current Dollars,Level,6,"6,970",FAAt401
FAAt401,k1n31gd1eq00,10,Equipment,1935,Current Dollars,Level,6,"6,979",FAAt401
FAAt401,k1n31gd1eq00,10,Equipment,1936,Current Dollars,Level,6,"7,850",FAAt401
FAAt401,k1n31gd1eq00,10,Equipment,1937,Current Dollars,Level,6,"8,665",FAAt401
FAAt401,k1n31gd1eq00,10,Equipment,1938,Current Dollars,Level,6,"8,757",FAAt401
FAAt401,k1n31gd1eq00,10,Equipment,1939,Current Dollars,Level,6,"9,218",FAAt401
FAAt401,k1n31gd1eq00,10,Equipment,1940,Current Dollars,Level,6,"10,184",FAAt401
FAAt401,k1n31gd1eq00,10,Equipment,1941,Current Dollars,Level,6,"11,585",FAAt401
FAAt401,k1n31gd1eq00,10,Equipment,1942,Current Dollars,Level,6,"12,122",FAAt401
FAAt401,k1n31gd1eq00,10,Equipment,1943,Current Dollars,Level,6,"12,484",FAAt401
FAAt401,k1n31gd1eq00,10,Equipment,1944,Current Dollars,Level,6,"13,090",FAAt401
FAAt401,k1n31gd1eq00,10,Equipment,1945,Current Dollars,Level,6,"14,993",FAAt401
FAAt401,k1n31gd1eq00,10,Equipment,1946,Current Dollars,Level,6,"17,665",FAAt401
FAAt401,k1n31gd1eq00,10,Equipment,1947,Current Dollars,Level,6,"21,783",FAAt401
FAAt401,k1n31gd1eq00,10,Equipment,1948,Current Dollars,Level,6,"26,174",FAAt401
FAAt401,k1n31gd1eq00,10,Equipment,1949,Current Dollars,Level,6,"26,615",FAAt401
FAAt401,k1n31gd1eq00,10,Equipment,1950,Current Dollars,Level,6,"31,055",FAAt401
FAAt401,k1n31gd1eq00,10,Equipment,1951,Current Dollars,Level,6,"33,947",FAAt401
FAAt401,k1n31gd1eq00,10,Equipment,1952,Current Dollars,Level,6,"35,812",FAAt401
FAAt401,k1n31gd1eq00,10,Equipment,1953,Current Dollars,Level,6,"38,857",FAAt401
FAAt401,k1n31gd1eq00,10,Equipment,1954,Current Dollars,Level,6,"40,455",FAAt401
FAAt401,k1n31gd1eq00,10,Equipment,1955,Current Dollars,Level,6,"44,629",FAAt401
FAAt401,k1n31gd1eq00,10,Equipment,1956,Current Dollars,Level,6,"51,414",FAAt401
FAAt401,k1n31gd1eq00,10,Equipment,1957,Current Dollars,Level,6,"56,263",FAAt401
FAAt401,k1n31gd1eq00,10,Equipment,1958,Current Dollars,Level,6,"57,116",FAAt401
FAAt401,k1n31gd1eq00,10,Equipment,1959,Current Dollars,Level,6,"59,108",FAAt401
FAAt401,k1n31gd1eq00,10,Equipment,1960,Current Dollars,Level,6,"60,422",FAAt401
FAAt401,k1n31gd1eq00,10,Equipment,1961,Current Dollars,Level,6,"60,703",FAAt401
FAAt401,k1n31gd1eq00,10,Equipment,1962,Current Dollars,Level,6,"62,623",FAAt401
FAAt401,k1n31gd1eq00,10,Equipment,1963,Current Dollars,Level,6,"64,426",FAAt401
FAAt401,k1n31gd1eq00,10,Equipment,1964,Current Dollars,Level,6,"68,308",FAAt401
FAAt401,k1n31gd1eq00,10,Equipment,1965,Current Dollars,Level,6,"74,156",FAAt401
FAAt401,k1n31gd1eq00,10,Equipment,1966,Current Dollars,Level,6,"83,889",FAAt401
FAAt401,k1n31gd1eq00,10,Equipment,1967,Current Dollars,Level,6,"92,343",FAAt401
FAAt401,k1n31gd1eq00,10,Equipment,1968,Current Dollars,Level,6,"101,583",FAAt401
FAAt401,k1n31gd1eq00,10,Equipment,1969,Current Dollars,Level,6,"110,571",FAAt401
FAAt401,k1n31gd1eq00,10,Equipment,1970,Current Dollars,Level,6,"120,333",FAAt401
FAAt401,k1n31gd1eq00,10,Equipment,1971,Current Dollars,Level,6,"126,940",FAAt401
FAAt401,k1n31gd1eq00,10,Equipment,1972,Current Dollars,Level,6,"133,941",FAAt401
FAAt401,k1n31gd1eq00,10,Equipment,1973,Current Dollars,Level,6,"146,169",FAAt401
FAAt401,k1n31gd1eq00,10,Equipment,1974,Current Dollars,Level,6,"182,756",FAAt401
FAAt401,k1n31gd1eq00,10,Equipment,1975,Current Dollars,Level,6,"213,882",FAAt401
FAAt401,k1n31gd1eq00,10,Equipment,1976,Current Dollars,Level,6,"237,947",FAAt401
FAAt401,k1n31gd1eq00,10,Equipment,1977,Current Dollars,Level,6,"268,717",FAAt401
FAAt401,k1n31gd1eq00,10,Equipment,1978,Current Dollars,Level,6,"304,293",FAAt401
FAAt401,k1n31gd1eq00,10,Equipment,1979,Current Dollars,Level,6,"350,685",FAAt401
FAAt401,k1n31gd1eq00,10,Equipment,1980,Current Dollars,Level,6,"407,521",FAAt401
FAAt401,k1n31gd1eq00,10,Equipment,1981,Current Dollars,Level,6,"450,571",FAAt401
FAAt401,k1n31gd1eq00,10,Equipment,1982,Current Dollars,Level,6,"473,980",FAAt401
FAAt401,k1n31gd1eq00,10,Equipment,1983,Current Dollars,Level,6,"478,014",FAAt401
FAAt401,k1n31gd1eq00,10,Equipment,1984,Current Dollars,Level,6,"494,668",FAAt401
FAAt401,k1n31gd1eq00,10,Equipment,1985,Current Dollars,Level,6,"525,213",FAAt401
FAAt401,k1n31gd1eq00,10,Equipment,1986,Current Dollars,Level,6,"552,471",FAAt401
FAAt401,k1n31gd1eq00,10,Equipment,1987,Current Dollars,Level,6,"576,604",FAAt401
FAAt401,k1n31gd1eq00,10,Equipment,1988,Current Dollars,Level,6,"601,639",FAAt401
FAAt401,k1n31gd1eq00,10,Equipment,1989,Current Dollars,Level,6,"632,575",FAAt401
FAAt401,k1n31gd1eq00,10,Equipment,1990,Current Dollars,Level,6,"676,114",FAAt401
FAAt401,k1n31gd1eq00,10,Equipment,1991,Current Dollars,Level,6,"698,745",FAAt401
FAAt401,k1n31gd1eq00,10,Equipment,1992,Current Dollars,Level,6,"718,882",FAAt401
FAAt401,k1n31gd1eq00,10,Equipment,1993,Current Dollars,Level,6,"738,518",FAAt401
FAAt401,k1n31gd1eq00,10,Equipment,1994,Current Dollars,Level,6,"773,280",FAAt401
FAAt401,k1n31gd1eq00,10,Equipment,1995,Current Dollars,Level,6,"821,520",FAAt401
FAAt401,k1n31gd1eq00,10,Equipment,1996,Current Dollars,Level,6,"858,790",FAAt401
FAAt401,k1n31gd1eq00,10,Equipment,1997,Current Dollars,Level,6,"885,737",FAAt401
FAAt401,k1n31gd1eq00,10,Equipment,1998,Current Dollars,Level,6,"919,566",FAAt401
FAAt401,k1n31gd1eq00,10,Equipment,1999,Current Dollars,Level,6,"944,891",FAAt401
FAAt401,k1n31gd1eq00,10,Equipment,2000,Current Dollars,Level,6,"972,617",FAAt401
FAAt401,k1n31gd1eq00,10,Equipment,2001,Current Dollars,Level,6,"984,970",FAAt401
FAAt401,k1n31gd1eq00,10,Equipment,2002,Current Dollars,Level,6,"988,988",FAAt401
FAAt401,k1n31gd1eq00,10,Equipment,2003,Current Dollars,Level,6,"993,491",FAAt401
FAAt401,k1n31gd1eq00,10,Equipment,2004,Current Dollars,Level,6,"1,021,433",FAAt401
FAAt401,k1n31gd1eq00,10,Equipment,2005,Current Dollars,Level,6,"1,050,954",FAAt401
FAAt401,k1n31gd1eq00,10,Equipment,2006,Current Dollars,Level,6,"1,093,100",FAAt401
FAAt401,k1n31gd1eq00,10,Equipment,2007,Current Dollars,Level,6,"1,144,467",FAAt401
FAAt401,k1n31gd1eq00,10,Equipment,2008,Current Dollars,Level,6,"1,208,203",FAAt401
FAAt401,k1n31gd1eq00,10,Equipment,2009,Current Dollars,Level,6,"1,196,486",FAAt401
FAAt401,k1n31gd1eq00,10,Equipment,2010,Current Dollars,Level,6,"1,207,955",FAAt401
FAAt401,k1n31gd1eq00,10,Equipment,2011,Current Dollars,Level,6,"1,254,044",FAAt401
FAAt401,k1n31gd1eq00,10,Equipment,2012,Current Dollars,Level,6,"1,291,557",FAAt401
FAAt401,k1n31gd1eq00,10,Equipment,2013,Current Dollars,Level,6,"1,321,688",FAAt401
FAAt401,k1n31gd1eq00,10,Equipment,2014,Current Dollars,Level,6,"1,353,587",FAAt401
FAAt401,k1n31gd1eq00,10,Equipment,2015,Current Dollars,Level,6,"1,376,056",FAAt401
FAAt401,k1n31gd1eq00,10,Equipment,2016,Current Dollars,Level,6,"1,402,572",FAAt401
FAAt401,k1n31gd1eq00,10,Equipment,2017,Current Dollars,Level,6,"1,436,761",FAAt401
FAAt401,k1n31gd1eq00,10,Equipment,2018,Current Dollars,Level,6,"1,490,573",FAAt401
FAAt401,k1n31gd1eq00,10,Equipment,2019,Current Dollars,Level,6,"1,524,193",FAAt401
FAAt401,k1n31gd1eq00,10,Equipment,2020,Current Dollars,Level,6,"1,544,527",FAAt401
FAAt401,k1n31gd1eq00,10,Equipment,2021,Current Dollars,Level,6,"1,641,581",FAAt401
FAAt401,k1n31gd1eq00,10,Equipment,2022,Current Dollars,Level,6,"1,742,591",FAAt401
FAAt401,k1n31gd1eq00,10,Equipment,2023,Current Dollars,Level,6,"1,785,651",FAAt401
FAAt401,k1n31gd1eq00,10,Equipment,2024,Current Dollars,Level,6,"1,827,622",FAAt401
FAAt401,k1n31gd1st00,11,Structures,1925,Current Dollars,Level,6,"9,332",FAAt401
FAAt401,k1n31gd1st00,11,Structures,1926,Current Dollars,Level,6,"9,613",FAAt401
FAAt401,k1n31gd1st00,11,Structures,1927,Current Dollars,Level,6,"9,831",FAAt401
FAAt401,k1n31gd1st00,11,Structures,1928,Current Dollars,Level,6,"10,347",FAAt401
FAAt401,k1n31gd1st00,11,Structures,1929,Current Dollars,Level,6,"10,245",FAAt401
FAAt401,k1n31gd1st00,11,Structures,1930,Current Dollars,Level,6,"9,208",FAAt401
FAAt401,k1n31gd1st00,11,Structures,1931,Current Dollars,Level,6,"7,940",FAAt401
FAAt401,k1n31gd1st00,11,Structures,1932,Current Dollars,Level,6,"7,335",FAAt401
FAAt401,k1n31gd1st00,11,Structures,1933,Current Dollars,Level,6,"8,362",FAAt401
FAAt401,k1n31gd1st00,11,Structures,1934,Current Dollars,Level,6,"8,709",FAAt401
FAAt401,k1n31gd1st00,11,Structures,1935,Current Dollars,Level,6,"8,827",FAAt401
FAAt401,k1n31gd1st00,11,Structures,1936,Current Dollars,Level,6,"9,883",FAAt401
FAAt401,k1n31gd1st00,11,Structures,1937,Current Dollars,Level,6,"10,366",FAAt401
FAAt401,k1n31gd1st00,11,Structures,1938,Current Dollars,Level,6,"9,768",FAAt401
FAAt401,k1n31gd1st00,11,Structures,1939,Current Dollars,Level,6,"9,895",FAAt401
FAAt401,k1n31gd1st00,11,Structures,1940,Current Dollars,Level,6,"10,909",FAAt401
FAAt401,k1n31gd1st00,11,Structures,1941,Current Dollars,Level,6,"13,156",FAAt401
FAAt401,k1n31gd1st00,11,Structures,1942,Current Dollars,Level,6,"14,524",FAAt401
FAAt401,k1n31gd1st00,11,Structures,1943,Current Dollars,Level,6,"14,013",FAAt401
FAAt401,k1n31gd1st00,11,Structures,1944,Current Dollars,Level,6,"13,723",FAAt401
FAAt401,k1n31gd1st00,11,Structures,1945,Current Dollars,Level,6,"15,977",FAAt401
FAAt401,k1n31gd1st00,11,Structures,1946,Current Dollars,Level,6,"20,486",FAAt401
FAAt401,k1n31gd1st00,11,Structures,1947,Current Dollars,Level,6,"24,826",FAAt401
FAAt401,k1n31gd1st00,11,Structures,1948,Current Dollars,Level,6,"25,607",FAAt401
FAAt401,k1n31gd1st00,11,Structures,1949,Current Dollars,Level,6,"24,511",FAAt401
FAAt401,k1n31gd1st00,11,Structures,1950,Current Dollars,Level,6,"27,396",FAAt401
FAAt401,k1n31gd1st00,11,Structures,1951,Current Dollars,Level,6,"30,378",FAAt401
FAAt401,k1n31gd1st00,11,Structures,1952,Current Dollars,Level,6,"32,038",FAAt401
FAAt401,k1n31gd1st00,11,Structures,1953,Current Dollars,Level,6,"32,164",FAAt401
FAAt401,k1n31gd1st00,11,Structures,1954,Current Dollars,Level,6,"32,520",FAAt401
FAAt401,k1n31gd1st00,11,Structures,1955,Current Dollars,Level,6,"35,837",FAAt401
FAAt401,k1n31gd1st00,11,Structures,1956,Current Dollars,Level,6,"39,877",FAAt401
FAAt401,k1n31gd1st00,11,Structures,1957,Current Dollars,Level,6,"42,678",FAAt401
FAAt401,k1n31gd1st00,11,Structures,1958,Current Dollars,Level,6,"41,718",FAAt401
FAAt401,k1n31gd1st00,11,Structures,1959,Current Dollars,Level,6,"42,060",FAAt401
FAAt401,k1n31gd1st00,11,Structures,1960,Current Dollars,Level,6,"42,737",FAAt401
FAAt401,k1n31gd1st00,11,Structures,1961,Current Dollars,Level,6,"44,455",FAAt401
FAAt401,k1n31gd1st00,11,Structures,1962,Current Dollars,Level,6,"46,293",FAAt401
FAAt401,k1n31gd1st00,11,Structures,1963,Current Dollars,Level,6,"48,192",FAAt401
FAAt401,k1n31gd1st00,11,Structures,1964,Current Dollars,Level,6,"51,538",FAAt401
FAAt401,k1n31gd1st00,11,Structures,1965,Current Dollars,Level,6,"55,706",FAAt401
FAAt401,k1n31gd1st00,11,Structures,1966,Current Dollars,Level,6,"62,029",FAAt401
FAAt401,k1n31gd1st00,11,Structures,1967,Current Dollars,Level,6,"67,657",FAAt401
FAAt401,k1n31gd1st00,11,Structures,1968,Current Dollars,Level,6,"75,784",FAAt401
FAAt401,k1n31gd1st00,11,Structures,1969,Current Dollars,Level,6,"84,587",FAAt401
FAAt401,k1n31gd1st00,11,Structures,1970,Current Dollars,Level,6,"94,217",FAAt401
FAAt401,k1n31gd1st00,11,Structures,1971,Current Dollars,Level,6,"106,498",FAAt401
FAAt401,k1n31gd1st00,11,Structures,1972,Current Dollars,Level,6,"116,681",FAAt401
FAAt401,k1n31gd1st00,11,Structures,1973,Current Dollars,Level,6,"130,124",FAAt401
FAAt401,k1n31gd1st00,11,Structures,1974,Current Dollars,Level,6,"154,567",FAAt401
FAAt401,k1n31gd1st00,11,Structures,1975,Current Dollars,Level,6,"164,376",FAAt401
FAAt401,k1n31gd1st00,11,Structures,1976,Current Dollars,Level,6,"176,615",FAAt401
FAAt401,k1n31gd1st00,11,Structures,1977,Current Dollars,Level,6,"195,208",FAAt401
FAAt401,k1n31gd1st00,11,Structures,1978,Current Dollars,Level,6,"220,853",FAAt401
FAAt401,k1n31gd1st00,11,Structures,1979,Current Dollars,Level,6,"255,909",FAAt401
FAAt401,k1n31gd1st00,11,Structures,1980,Current Dollars,Level,6,"291,190",FAAt401
FAAt401,k1n31gd1st00,11,Structures,1981,Current Dollars,Level,6,"321,089",FAAt401
FAAt401,k1n31gd1st00,11,Structures,1982,Current Dollars,Level,6,"343,077",FAAt401
FAAt401,k1n31gd1st00,11,Structures,1983,Current Dollars,Level,6,"355,963",FAAt401
FAAt401,k1n31gd1st00,11,Structures,1984,Current Dollars,Level,6,"374,264",FAAt401
FAAt401,k1n31gd1st00,11,Structures,1985,Current Dollars,Level,6,"390,906",FAAt401
FAAt401,k1n31gd1st00,11,Structures,1986,Current Dollars,Level,6,"409,017",FAAt401
FAAt401,k1n31gd1st00,11,Structures,1987,Current Dollars,Level,6,"425,042",FAAt401
FAAt401,k1n31gd1st00,11,Structures,1988,Current Dollars,Level,6,"442,033",FAAt401
FAAt401,k1n31gd1st00,11,Structures,1989,Current Dollars,Level,6,"462,272",FAAt401
FAAt401,k1n31gd1st00,11,Structures,1990,Current Dollars,Level,6,"478,313",FAAt401
FAAt401,k1n31gd1st00,11,Structures,1991,Current Dollars,Level,6,"482,607",FAAt401
FAAt401,k1n31gd1st00,11,Structures,1992,Current Dollars,Level,6,"496,710",FAAt401
FAAt401,k1n31gd1st00,11,Structures,1993,Current Dollars,Level,6,"516,069",FAAt401
FAAt401,k1n31gd1st00,11,Structures,1994,Current Dollars,Level,6,"542,868",FAAt401
FAAt401,k1n31gd1st00,11,Structures,1995,Current Dollars,Level,6,"564,265",FAAt401
FAAt401,k1n31gd1st00,11,Structures,1996,Current Dollars,Level,6,"591,827",FAAt401
FAAt401,k1n31gd1st00,11,Structures,1997,Current Dollars,Level,6,"624,211",FAAt401
FAAt401,k1n31gd1st00,11,Structures,1998,Current Dollars,Level,6,"658,287",FAAt401
FAAt401,k1n31gd1st00,11,Structures,1999,Current Dollars,Level,6,"687,308",FAAt401
FAAt401,k1n31gd1st00,11,Structures,2000,Current Dollars,Level,6,"719,000",FAAt401
FAAt401,k1n31gd1st00,11,Structures,2001,Current Dollars,Level,6,"753,362",FAAt401
FAAt401,k1n31gd1st00,11,Structures,2002,Current Dollars,Level,6,"770,802",FAAt401
FAAt401,k1n31gd1st00,11,Structures,2003,Current Dollars,Level,6,"773,503",FAAt401
FAAt401,k1n31gd1st00,11,Structures,2004,Current Dollars,Level,6,"827,684",FAAt401
FAAt401,k1n31gd1st00,11,Structures,2005,Current Dollars,Level,6,"883,832",FAAt401
FAAt401,k1n31gd1st00,11,Structures,2006,Current Dollars,Level,6,"928,090",FAAt401
FAAt401,k1n31gd1st00,11,Structures,2007,Current Dollars,Level,6,"976,535",FAAt401
FAAt401,k1n31gd1st00,11,Structures,2008,Current Dollars,Level,6,"1,049,640",FAAt401
FAAt401,k1n31gd1st00,11,Structures,2009,Current Dollars,Level,6,"989,526",FAAt401
FAAt401,k1n31gd1st00,11,Structures,2010,Current Dollars,Level,6,"984,321",FAAt401
FAAt401,k1n31gd1st00,11,Structures,2011,Current Dollars,Level,6,"1,012,858",FAAt401
FAAt401,k1n31gd1st00,11,Structures,2012,Current Dollars,Level,6,"1,027,894",FAAt401
FAAt401,k1n31gd1st00,11,Structures,2013,Current Dollars,Level,6,"1,074,277",FAAt401
FAAt401,k1n31gd1st00,11,Structures,2014,Current Dollars,Level,6,"1,105,418",FAAt401
FAAt401,k1n31gd1st00,11,Structures,2015,Current Dollars,Level,6,"1,131,943",FAAt401
FAAt401,k1n31gd1st00,11,Structures,2016,Current Dollars,Level,6,"1,143,125",FAAt401
FAAt401,k1n31gd1st00,11,Structures,2017,Current Dollars,Level,6,"1,194,116",FAAt401
FAAt401,k1n31gd1st00,11,Structures,2018,Current Dollars,Level,6,"1,276,972",FAAt401
FAAt401,k1n31gd1st00,11,Structures,2019,Current Dollars,Level,6,"1,340,087",FAAt401
FAAt401,k1n31gd1st00,11,Structures,2020,Current Dollars,Level,6,"1,371,675",FAAt401
FAAt401,k1n31gd1st00,11,Structures,2021,Current Dollars,Level,6,"1,595,248",FAAt401
FAAt401,k1n31gd1st00,11,Structures,2022,Current Dollars,Level,6,"1,902,510",FAAt401
FAAt401,k1n31gd1st00,11,Structures,2023,Current Dollars,Level,6,"1,899,024",FAAt401
FAAt401,k1n31gd1st00,11,Structures,2024,Current Dollars,Level,6,"1,912,741",FAAt401
FAAt401,k1n31gd1ip00,12,Intellectual property products,1925,Current Dollars,Level,6,383,FAAt401
FAAt401,k1n31gd1ip00,12,Intellectual property products,1926,Current Dollars,Level,6,405,FAAt401
FAAt401,k1n31gd1ip00,12,Intellectual property products,1927,Current Dollars,Level,6,421,FAAt401
FAAt401,k1n31gd1ip00,12,Intellectual property products,1928,Current Dollars,Level,6,460,FAAt401
FAAt401,k1n31gd1ip00,12,Intellectual property products,1929,Current Dollars,Level,6,503,FAAt401
FAAt401,k1n31gd1ip00,12,Intellectual property products,1930,Current Dollars,Level,6,524,FAAt401
FAAt401,k1n31gd1ip00,12,Intellectual property products,1931,Current Dollars,Level,6,523,FAAt401
FAAt401,k1n31gd1ip00,12,Intellectual property products,1932,Current Dollars,Level,6,498,FAAt401
FAAt401,k1n31gd1ip00,12,Intellectual property products,1933,Current Dollars,Level,6,534,FAAt401
FAAt401,k1n31gd1ip00,12,Intellectual property products,1934,Current Dollars,Level,6,617,FAAt401
FAAt401,k1n31gd1ip00,12,Intellectual property products,1935,Current Dollars,Level,6,694,FAAt401
FAAt401,k1n31gd1ip00,12,Intellectual property products,1936,Current Dollars,Level,6,789,FAAt401
FAAt401,k1n31gd1ip00,12,Intellectual property products,1937,Current Dollars,Level,6,834,FAAt401
FAAt401,k1n31gd1ip00,12,Intellectual property products,1938,Current Dollars,Level,6,881,FAAt401
FAAt401,k1n31gd1ip00,12,Intellectual property products,1939,Current Dollars,Level,6,971,FAAt401
FAAt401,k1n31gd1ip00,12,Intellectual property products,1940,Current Dollars,Level,6,"1,126",FAAt401
FAAt401,k1n31gd1ip00,12,Intellectual property products,1941,Current Dollars,Level,6,"1,565",FAAt401
FAAt401,k1n31gd1ip00,12,Intellectual property products,1942,Current Dollars,Level,6,"2,048",FAAt401
FAAt401,k1n31gd1ip00,12,Intellectual property products,1943,Current Dollars,Level,6,"2,241",FAAt401
FAAt401,k1n31gd1ip00,12,Intellectual property products,1944,Current Dollars,Level,6,"2,279",FAAt401
FAAt401,k1n31gd1ip00,12,Intellectual property products,1945,Current Dollars,Level,6,"2,286",FAAt401
FAAt401,k1n31gd1ip00,12,Intellectual property products,1946,Current Dollars,Level,6,"2,696",FAAt401
FAAt401,k1n31gd1ip00,12,Intellectual property products,1947,Current Dollars,Level,6,"3,246",FAAt401
FAAt401,k1n31gd1ip00,12,Intellectual property products,1948,Current Dollars,Level,6,"3,616",FAAt401
FAAt401,k1n31gd1ip00,12,Intellectual property products,1949,Current Dollars,Level,6,"3,688",FAAt401
FAAt401,k1n31gd1ip00,12,Intellectual property products,1950,Current Dollars,Level,6,"4,252",FAAt401
FAAt401,k1n31gd1ip00,12,Intellectual property products,1951,Current Dollars,Level,6,"4,744",FAAt401
FAAt401,k1n31gd1ip00,12,Intellectual property products,1952,Current Dollars,Level,6,"5,405",FAAt401
FAAt401,k1n31gd1ip00,12,Intellectual property products,1953,Current Dollars,Level,6,"6,358",FAAt401
FAAt401,k1n31gd1ip00,12,Intellectual property products,1954,Current Dollars,Level,6,"7,227",FAAt401
FAAt401,k1n31gd1ip00,12,Intellectual property products,1955,Current Dollars,Level,6,"8,323",FAAt401
FAAt401,k1n31gd1ip00,12,Intellectual property products,1956,Current Dollars,Level,6,"10,021",FAAt401
FAAt401,k1n31gd1ip00,12,Intellectual property products,1957,Current Dollars,Level,6,"11,389",FAAt401
FAAt401,k1n31gd1ip00,12,Intellectual property products,1958,Current Dollars,Level,6,"12,780",FAAt401
FAAt401,k1n31gd1ip00,12,Intellectual property products,1959,Current Dollars,Level,6,"14,222",FAAt401
FAAt401,k1n31gd1ip00,12,Intellectual property products,1960,Current Dollars,Level,6,"15,665",FAAt401
FAAt401,k1n31gd1ip00,12,Intellectual property products,1961,Current Dollars,Level,6,"16,995",FAAt401
FAAt401,k1n31gd1ip00,12,Intellectual property products,1962,Current Dollars,Level,6,"18,371",FAAt401
FAAt401,k1n31gd1ip00,12,Intellectual property products,1963,Current Dollars,Level,6,"19,918",FAAt401
FAAt401,k1n31gd1ip00,12,Intellectual property products,1964,Current Dollars,Level,6,"21,501",FAAt401
FAAt401,k1n31gd1ip00,12,Intellectual property products,1965,Current Dollars,Level,6,"23,359",FAAt401
FAAt401,k1n31gd1ip00,12,Intellectual property products,1966,Current Dollars,Level,6,"25,855",FAAt401
FAAt401,k1n31gd1ip00,12,Intellectual property products,1967,Current Dollars,Level,6,"28,710",FAAt401
FAAt401,k1n31gd1ip00,12,Intellectual property products,1968,Current Dollars,Level,6,"32,373",FAAt401
FAAt401,k1n31gd1ip00,12,Intellectual property products,1969,Current Dollars,Level,6,"36,651",FAAt401
FAAt401,k1n31gd1ip00,12,Intellectual property products,1970,Current Dollars,Level,6,"40,654",FAAt401
FAAt401,k1n31gd1ip00,12,Intellectual property products,1971,Current Dollars,Level,6,"43,970",FAAt401
FAAt401,k1n31gd1ip00,12,Intellectual property products,1972,Current Dollars,Level,6,"47,965",FAAt401
FAAt401,k1n31gd1ip00,12,Intellectual property products,1973,Current Dollars,Level,6,"55,190",FAAt401
FAAt401,k1n31gd1ip00,12,Intellectual property products,1974,Current Dollars,Level,6,"64,156",FAAt401
FAAt401,k1n31gd1ip00,12,Intellectual property products,1975,Current Dollars,Level,6,"69,943",FAAt401
FAAt401,k1n31gd1ip00,12,Intellectual property products,1976,Current Dollars,Level,6,"76,321",FAAt401
FAAt401,k1n31gd1ip00,12,Intellectual property products,1977,Current Dollars,Level,6,"83,273",FAAt401
FAAt401,k1n31gd1ip00,12,Intellectual property products,1978,Current Dollars,Level,6,"92,687",FAAt401
FAAt401,k1n31gd1ip00,12,Intellectual property products,1979,Current Dollars,Level,6,"105,949",FAAt401
FAAt401,k1n31gd1ip00,12,Intellectual property products,1980,Current Dollars,Level,6,"122,001",FAAt401
FAAt401,k1n31gd1ip00,12,Intellectual property products,1981,Current Dollars,Level,6,"139,581",FAAt401
FAAt401,k1n31gd1ip00,12,Intellectual property products,1982,Current Dollars,Level,6,"154,156",FAAt401
FAAt401,k1n31gd1ip00,12,Intellectual property products,1983,Current Dollars,Level,6,"168,538",FAAt401
FAAt401,k1n31gd1ip00,12,Intellectual property products,1984,Current Dollars,Level,6,"183,745",FAAt401
FAAt401,k1n31gd1ip00,12,Intellectual property products,1985,Current Dollars,Level,6,"199,862",FAAt401
FAAt401,k1n31gd1ip00,12,Intellectual property products,1986,Current Dollars,Level,6,"213,188",FAAt401
FAAt401,k1n31gd1ip00,12,Intellectual property products,1987,Current Dollars,Level,6,"231,334",FAAt401
FAAt401,k1n31gd1ip00,12,Intellectual property products,1988,Current Dollars,Level,6,"248,588",FAAt401
FAAt401,k1n31gd1ip00,12,Intellectual property products,1989,Current Dollars,Level,6,"265,800",FAAt401
FAAt401,k1n31gd1ip00,12,Intellectual property products,1990,Current Dollars,Level,6,"282,595",FAAt401
FAAt401,k1n31gd1ip00,12,Intellectual property products,1991,Current Dollars,Level,6,"301,300",FAAt401
FAAt401,k1n31gd1ip00,12,Intellectual property products,1992,Current Dollars,Level,6,"319,835",FAAt401
FAAt401,k1n31gd1ip00,12,Intellectual property products,1993,Current Dollars,Level,6,"332,055",FAAt401
FAAt401,k1n31gd1ip00,12,Intellectual property products,1994,Current Dollars,Level,6,"355,287",FAAt401
FAAt401,k1n31gd1ip00,12,Intellectual property products,1995,Current Dollars,Level,6,"382,169",FAAt401
FAAt401,k1n31gd1ip00,12,Intellectual property products,1996,Current Dollars,Level,6,"412,876",FAAt401
FAAt401,k1n31gd1ip00,12,Intellectual property products,1997,Current Dollars,Level,6,"453,111",FAAt401
FAAt401,k1n31gd1ip00,12,Intellectual property products,1998,Current Dollars,Level,6,"493,687",FAAt401
FAAt401,k1n31gd1ip00,12,Intellectual property products,1999,Current Dollars,Level,6,"536,646",FAAt401
FAAt401,k1n31gd1ip00,12,Intellectual property products,2000,Current Dollars,Level,6,"580,635",FAAt401
FAAt401,k1n31gd1ip00,12,Intellectual property products,2001,Current Dollars,Level,6,"600,705",FAAt401
FAAt401,k1n31gd1ip00,12,Intellectual property products,2002,Current Dollars,Level,6,"609,642",FAAt401
FAAt401,k1n31gd1ip00,12,Intellectual property products,2003,Current Dollars,Level,6,"639,981",FAAt401
FAAt401,k1n31gd1ip00,12,Intellectual property products,2004,Current Dollars,Level,6,"665,917",FAAt401
FAAt401,k1n31gd1ip00,12,Intellectual property products,2005,Current Dollars,Level,6,"714,159",FAAt401
FAAt401,k1n31gd1ip00,12,Intellectual property products,2006,Current Dollars,Level,6,"755,830",FAAt401
FAAt401,k1n31gd1ip00,12,Intellectual property products,2007,Current Dollars,Level,6,"824,688",FAAt401
FAAt401,k1n31gd1ip00,12,Intellectual property products,2008,Current Dollars,Level,6,"875,334",FAAt401
FAAt401,k1n31gd1ip00,12,Intellectual property products,2009,Current Dollars,Level,6,"902,632",FAAt401
FAAt401,k1n31gd1ip00,12,Intellectual property products,2010,Current Dollars,Level,6,"944,987",FAAt401
FAAt401,k1n31gd1ip00,12,Intellectual property products,2011,Current Dollars,Level,6,"996,690",FAAt401
FAAt401,k1n31gd1ip00,12,Intellectual property products,2012,Current Dollars,Level,6,"1,035,229",FAAt401
FAAt401,k1n31gd1ip00,12,Intellectual property products,2013,Current Dollars,Level,6,"1,103,189",FAAt401
FAAt401,k1n31gd1ip00,12,Intellectual property products,2014,Current Dollars,Level,6,"1,154,321",FAAt401
FAAt401,k1n31gd1ip00,12,Intellectual property products,2015,Current Dollars,Level,6,"1,178,138",FAAt401
FAAt401,k1n31gd1ip00,12,Intellectual property products,2016,Current Dollars,Level,6,"1,243,499",FAAt401
FAAt401,k1n31gd1ip00,12,Intellectual property products,2017,Current Dollars,Level,6,"1,325,074",FAAt401
FAAt401,k1n31gd1ip00,12,Intellectual property products,2018,Current Dollars,Level,6,"1,390,662",FAAt401
FAAt401,k1n31gd1ip00,12,Intellectual property products,2019,Current Dollars,Level,6,"1,463,073",FAAt401
FAAt401,k1n31gd1ip00,12,Intellectual property products,2020,Current Dollars,Level,6,"1,615,993",FAAt401
FAAt401,k1n31gd1ip00,12,Intellectual property products,2021,Current Dollars,Level,6,"1,700,042",FAAt401
FAAt401,k1n31gd1ip00,12,Intellectual property products,2022,Current Dollars,Level,6,"1,814,591",FAAt401
FAAt401,k1n31gd1ip00,12,Intellectual property products,2023,Current Dollars,Level,6,"1,930,634",FAAt401
FAAt401,k1n31gd1ip00,12,Intellectual property products,2024,Current Dollars,Level,6,"2,052,853",FAAt401
FAAt401,k1nnoma1es00,13,Nonfarm nonmanufacturing,1925,Current Dollars,Level,6,"99,527",FAAt401
FAAt401,k1nnoma1es00,13,Nonfarm nonmanufacturing,1926,Current Dollars,Level,6,"103,527",FAAt401
FAAt401,k1nnoma1es00,13,Nonfarm nonmanufacturing,1927,Current Dollars,Level,6,"105,764",FAAt401
FAAt401,k1nnoma1es00,13,Nonfarm nonmanufacturing,1928,Current Dollars,Level,6,"108,504",FAAt401
FAAt401,k1nnoma1es00,13,Nonfarm nonmanufacturing,1929,Current Dollars,Level,6,"108,131",FAAt401
FAAt401,k1nnoma1es00,13,Nonfarm nonmanufacturing,1930,Current Dollars,Level,6,"103,608",FAAt401
FAAt401,k1nnoma1es00,13,Nonfarm nonmanufacturing,1931,Current Dollars,Level,6,"92,855",FAAt401
FAAt401,k1nnoma1es00,13,Nonfarm nonmanufacturing,1932,Current Dollars,Level,6,"86,520",FAAt401
FAAt401,k1nnoma1es00,13,Nonfarm nonmanufacturing,1933,Current Dollars,Level,6,"86,161",FAAt401
FAAt401,k1nnoma1es00,13,Nonfarm nonmanufacturing,1934,Current Dollars,Level,6,"86,811",FAAt401
FAAt401,k1nnoma1es00,13,Nonfarm nonmanufacturing,1935,Current Dollars,Level,6,"86,335",FAAt401
FAAt401,k1nnoma1es00,13,Nonfarm nonmanufacturing,1936,Current Dollars,Level,6,"95,070",FAAt401
FAAt401,k1nnoma1es00,13,Nonfarm nonmanufacturing,1937,Current Dollars,Level,6,"98,496",FAAt401
FAAt401,k1nnoma1es00,13,Nonfarm nonmanufacturing,1938,Current Dollars,Level,6,"97,834",FAAt401
FAAt401,k1nnoma1es00,13,Nonfarm nonmanufacturing,1939,Current Dollars,Level,6,"97,988",FAAt401
FAAt401,k1nnoma1es00,13,Nonfarm nonmanufacturing,1940,Current Dollars,Level,6,"103,663",FAAt401
FAAt401,k1nnoma1es00,13,Nonfarm nonmanufacturing,1941,Current Dollars,Level,6,"115,403",FAAt401
FAAt401,k1nnoma1es00,13,Nonfarm nonmanufacturing,1942,Current Dollars,Level,6,"121,338",FAAt401
FAAt401,k1nnoma1es00,13,Nonfarm nonmanufacturing,1943,Current Dollars,Level,6,"123,126",FAAt401
FAAt401,k1nnoma1es00,13,Nonfarm nonmanufacturing,1944,Current Dollars,Level,6,"124,151",FAAt401
FAAt401,k1nnoma1es00,13,Nonfarm nonmanufacturing,1945,Current Dollars,Level,6,"133,772",FAAt401
FAAt401,k1nnoma1es00,13,Nonfarm nonmanufacturing,1946,Current Dollars,Level,6,"164,052",FAAt401
FAAt401,k1nnoma1es00,13,Nonfarm nonmanufacturing,1947,Current Dollars,Level,6,"196,010",FAAt401
FAAt401,k1nnoma1es00,13,Nonfarm nonmanufacturing,1948,Current Dollars,Level,6,"213,609",FAAt401
FAAt401,k1nnoma1es00,13,Nonfarm nonmanufacturing,1949,Current Dollars,Level,6,"218,274",FAAt401
FAAt401,k1nnoma1es00,13,Nonfarm nonmanufacturing,1950,Current Dollars,Level,6,"245,771",FAAt401
FAAt401,k1nnoma1es00,13,Nonfarm nonmanufacturing,1951,Current Dollars,Level,6,"267,300",FAAt401
FAAt401,k1nnoma1es00,13,Nonfarm nonmanufacturing,1952,Current Dollars,Level,6,"281,726",FAAt401
FAAt401,k1nnoma1es00,13,Nonfarm nonmanufacturing,1953,Current Dollars,Level,6,"294,590",FAAt401
FAAt401,k1nnoma1es00,13,Nonfarm nonmanufacturing,1954,Current Dollars,Level,6,"303,033",FAAt401
FAAt401,k1nnoma1es00,13,Nonfarm nonmanufacturing,1955,Current Dollars,Level,6,"334,315",FAAt401
FAAt401,k1nnoma1es00,13,Nonfarm nonmanufacturing,1956,Current Dollars,Level,6,"368,891",FAAt401
FAAt401,k1nnoma1es00,13,Nonfarm nonmanufacturing,1957,Current Dollars,Level,6,"393,859",FAAt401
FAAt401,k1nnoma1es00,13,Nonfarm nonmanufacturing,1958,Current Dollars,Level,6,"403,656",FAAt401
FAAt401,k1nnoma1es00,13,Nonfarm nonmanufacturing,1959,Current Dollars,Level,6,"421,678",FAAt401
FAAt401,k1nnoma1es00,13,Nonfarm nonmanufacturing,1960,Current Dollars,Level,6,"430,792",FAAt401
FAAt401,k1nnoma1es00,13,Nonfarm nonmanufacturing,1961,Current Dollars,Level,6,"444,217",FAAt401
FAAt401,k1nnoma1es00,13,Nonfarm nonmanufacturing,1962,Current Dollars,Level,6,"460,327",FAAt401
FAAt401,k1nnoma1es00,13,Nonfarm nonmanufacturing,1963,Current Dollars,Level,6,"477,260",FAAt401
FAAt401,k1nnoma1es00,13,Nonfarm nonmanufacturing,1964,Current Dollars,Level,6,"504,945",FAAt401
FAAt401,k1nnoma1es00,13,Nonfarm nonmanufacturing,1965,Current Dollars,Level,6,"539,944",FAAt401
FAAt401,k1nnoma1es00,13,Nonfarm nonmanufacturing,1966,Current Dollars,Level,6,"583,432",FAAt401
FAAt401,k1nnoma1es00,13,Nonfarm nonmanufacturing,1967,Current Dollars,Level,6,"630,202",FAAt401
FAAt401,k1nnoma1es00,13,Nonfarm nonmanufacturing,1968,Current Dollars,Level,6,"692,079",FAAt401
FAAt401,k1nnoma1es00,13,Nonfarm nonmanufacturing,1969,Current Dollars,Level,6,"763,791",FAAt401
FAAt401,k1nnoma1es00,13,Nonfarm nonmanufacturing,1970,Current Dollars,Level,6,"841,374",FAAt401
FAAt401,k1nnoma1es00,13,Nonfarm nonmanufacturing,1971,Current Dollars,Level,6,"926,999",FAAt401
FAAt401,k1nnoma1es00,13,Nonfarm nonmanufacturing,1972,Current Dollars,Level,6,"1,011,628",FAAt401
FAAt401,k1nnoma1es00,13,Nonfarm nonmanufacturing,1973,Current Dollars,Level,6,"1,144,469",FAAt401
FAAt401,k1nnoma1es00,13,Nonfarm nonmanufacturing,1974,Current Dollars,Level,6,"1,389,502",FAAt401
FAAt401,k1nnoma1es00,13,Nonfarm nonmanufacturing,1975,Current Dollars,Level,6,"1,521,523",FAAt401
FAAt401,k1nnoma1es00,13,Nonfarm nonmanufacturing,1976,Current Dollars,Level,6,"1,663,754",FAAt401
FAAt401,k1nnoma1es00,13,Nonfarm nonmanufacturing,1977,Current Dollars,Level,6,"1,844,747",FAAt401
FAAt401,k1nnoma1es00,13,Nonfarm nonmanufacturing,1978,Current Dollars,Level,6,"2,093,241",FAAt401
FAAt401,k1nnoma1es00,13,Nonfarm nonmanufacturing,1979,Current Dollars,Level,6,"2,415,516",FAAt401
FAAt401,k1nnoma1es00,13,Nonfarm nonmanufacturing,1980,Current Dollars,Level,6,"2,771,611",FAAt401
FAAt401,k1nnoma1es00,13,Nonfarm nonmanufacturing,1981,Current Dollars,Level,6,"3,161,452",FAAt401
FAAt401,k1nnoma1es00,13,Nonfarm nonmanufacturing,1982,Current Dollars,Level,6,"3,382,857",FAAt401
FAAt401,k1nnoma1es00,13,Nonfarm nonmanufacturing,1983,Current Dollars,Level,6,"3,506,456",FAAt401
FAAt401,k1nnoma1es00,13,Nonfarm nonmanufacturing,1984,Current Dollars,Level,6,"3,750,785",FAAt401
FAAt401,k1nnoma1es00,13,Nonfarm nonmanufacturing,1985,Current Dollars,Level,6,"3,981,335",FAAt401
FAAt401,k1nnoma1es00,13,Nonfarm nonmanufacturing,1986,Current Dollars,Level,6,"4,193,598",FAAt401
FAAt401,k1nnoma1es00,13,Nonfarm nonmanufacturing,1987,Current Dollars,Level,6,"4,451,210",FAAt401
FAAt401,k1nnoma1es00,13,Nonfarm nonmanufacturing,1988,Current Dollars,Level,6,"4,780,451",FAAt401
FAAt401,k1nnoma1es00,13,Nonfarm nonmanufacturing,1989,Current Dollars,Level,6,"5,095,699",FAAt401
FAAt401,k1nnoma1es00,13,Nonfarm nonmanufacturing,1990,Current Dollars,Level,6,"5,385,788",FAAt401
FAAt401,k1nnoma1es00,13,Nonfarm nonmanufacturing,1991,Current Dollars,Level,6,"5,511,706",FAAt401
FAAt401,k1nnoma1es00,13,Nonfarm nonmanufacturing,1992,Current Dollars,Level,6,"5,704,338",FAAt401
FAAt401,k1nnoma1es00,13,Nonfarm nonmanufacturing,1993,Current Dollars,Level,6,"5,998,809",FAAt401
FAAt401,k1nnoma1es00,13,Nonfarm nonmanufacturing,1994,Current Dollars,Level,6,"6,340,151",FAAt401
FAAt401,k1nnoma1es00,13,Nonfarm nonmanufacturing,1995,Current Dollars,Level,6,"6,686,689",FAAt401
FAAt401,k1nnoma1es00,13,Nonfarm nonmanufacturing,1996,Current Dollars,Level,6,"7,012,681",FAAt401
FAAt401,k1nnoma1es00,13,Nonfarm nonmanufacturing,1997,Current Dollars,Level,6,"7,425,069",FAAt401
FAAt401,k1nnoma1es00,13,Nonfarm nonmanufacturing,1998,Current Dollars,Level,6,"7,858,138",FAAt401
FAAt401,k1nnoma1es00,13,Nonfarm nonmanufacturing,1999,Current Dollars,Level,6,"8,377,538",FAAt401
FAAt401,k1nnoma1es00,13,Nonfarm nonmanufacturing,2000,Current Dollars,Level,6,"9,024,567",FAAt401
FAAt401,k1nnoma1es00,13,Nonfarm nonmanufacturing,2001,Current Dollars,Level,6,"9,530,423",FAAt401
FAAt401,k1nnoma1es00,13,Nonfarm nonmanufacturing,2002,Current Dollars,Level,6,"9,918,629",FAAt401
FAAt401,k1nnoma1es00,13,Nonfarm nonmanufacturing,2003,Current Dollars,Level,6,"10,291,005",FAAt401
FAAt401,k1nnoma1es00,13,Nonfarm nonmanufacturing,2004,Current Dollars,Level,6,"11,270,580",FAAt401
FAAt401,k1nnoma1es00,13,Nonfarm nonmanufacturing,2005,Current Dollars,Level,6,"12,386,099",FAAt401
FAAt401,k1nnoma1es00,13,Nonfarm nonmanufacturing,2006,Current Dollars,Level,6,"13,512,638",FAAt401
FAAt401,k1nnoma1es00,13,Nonfarm nonmanufacturing,2007,Current Dollars,Level,6,"14,271,529",FAAt401
FAAt401,k1nnoma1es00,13,Nonfarm nonmanufacturing,2008,Current Dollars,Level,6,"15,208,316",FAAt401
FAAt401,k1nnoma1es00,13,Nonfarm nonmanufacturing,2009,Current Dollars,Level,6,"14,711,482",FAAt401
FAAt401,k1nnoma1es00,13,Nonfarm nonmanufacturing,2010,Current Dollars,Level,6,"15,106,206",FAAt401
FAAt401,k1nnoma1es00,13,Nonfarm nonmanufacturing,2011,Current Dollars,Level,6,"15,830,005",FAAt401
FAAt401,k1nnoma1es00,13,Nonfarm nonmanufacturing,2012,Current Dollars,Level,6,"16,364,724",FAAt401
FAAt401,k1nnoma1es00,13,Nonfarm nonmanufacturing,2013,Current Dollars,Level,6,"17,017,403",FAAt401
FAAt401,k1nnoma1es00,13,Nonfarm nonmanufacturing,2014,Current Dollars,Level,6,"17,845,504",FAAt401
FAAt401,k1nnoma1es00,13,Nonfarm nonmanufacturing,2015,Current Dollars,Level,6,"18,232,317",FAAt401
FAAt401,k1nnoma1es00,13,Nonfarm nonmanufacturing,2016,Current Dollars,Level,6,"18,784,833",FAAt401
FAAt401,k1nnoma1es00,13,Nonfarm nonmanufacturing,2017,Current Dollars,Level,6,"19,512,941",FAAt401
FAAt401,k1nnoma1es00,13,Nonfarm nonmanufacturing,2018,Current Dollars,Level,6,"20,453,623",FAAt401
FAAt401,k1nnoma1es00,13,Nonfarm nonmanufacturing,2019,Current Dollars,Level,6,"21,466,310",FAAt401
FAAt401,k1nnoma1es00,13,Nonfarm nonmanufacturing,2020,Current Dollars,Level,6,"21,833,427",FAAt401
FAAt401,k1nnoma1es00,13,Nonfarm nonmanufacturing,2021,Current Dollars,Level,6,"24,396,509",FAAt401
FAAt401,k1nnoma1es00,13,Nonfarm nonmanufacturing,2022,Current Dollars,Level,6,"27,423,509",FAAt401
FAAt401,k1nnoma1es00,13,Nonfarm nonmanufacturing,2023,Current Dollars,Level,6,"28,347,143",FAAt401
FAAt401,k1nnoma1es00,13,Nonfarm nonmanufacturing,2024,Current Dollars,Level,6,"29,278,165",FAAt401
FAAt401,k1nnoma1eq00,14,Equipment,1925,Current Dollars,Level,6,"20,732",FAAt401
FAAt401,k1nnoma1eq00,14,Equipment,1926,Current Dollars,Level,6,"22,165",FAAt401
FAAt401,k1nnoma1eq00,14,Equipment,1927,Current Dollars,Level,6,"22,617",FAAt401
FAAt401,k1nnoma1eq00,14,Equipment,1928,Current Dollars,Level,6,"22,963",FAAt401
FAAt401,k1nnoma1eq00,14,Equipment,1929,Current Dollars,Level,6,"23,055",FAAt401
FAAt401,k1nnoma1eq00,14,Equipment,1930,Current Dollars,Level,6,"21,784",FAAt401
FAAt401,k1nnoma1eq00,14,Equipment,1931,Current Dollars,Level,6,"19,835",FAAt401
FAAt401,k1nnoma1eq00,14,Equipment,1932,Current Dollars,Level,6,"17,614",FAAt401
FAAt401,k1nnoma1eq00,14,Equipment,1933,Current Dollars,Level,6,"17,029",FAAt401
FAAt401,k1nnoma1eq00,14,Equipment,1934,Current Dollars,Level,6,"17,112",FAAt401
FAAt401,k1nnoma1eq00,14,Equipment,1935,Current Dollars,Level,6,"16,519",FAAt401
FAAt401,k1nnoma1eq00,14,Equipment,1936,Current Dollars,Level,6,"17,391",FAAt401
FAAt401,k1nnoma1eq00,14,Equipment,1937,Current Dollars,Level,6,"18,371",FAAt401
FAAt401,k1nnoma1eq00,14,Equipment,1938,Current Dollars,Level,6,"18,181",FAAt401
FAAt401,k1nnoma1eq00,14,Equipment,1939,Current Dollars,Level,6,"18,270",FAAt401
FAAt401,k1nnoma1eq00,14,Equipment,1940,Current Dollars,Level,6,"19,444",FAAt401
FAAt401,k1nnoma1eq00,14,Equipment,1941,Current Dollars,Level,6,"22,325",FAAt401
FAAt401,k1nnoma1eq00,14,Equipment,1942,Current Dollars,Level,6,"22,572",FAAt401
FAAt401,k1nnoma1eq00,14,Equipment,1943,Current Dollars,Level,6,"22,615",FAAt401
FAAt401,k1nnoma1eq00,14,Equipment,1944,Current Dollars,Level,6,"21,753",FAAt401
FAAt401,k1nnoma1eq00,14,Equipment,1945,Current Dollars,Level,6,"24,906",FAAt401
FAAt401,k1nnoma1eq00,14,Equipment,1946,Current Dollars,Level,6,"30,793",FAAt401
FAAt401,k1nnoma1eq00,14,Equipment,1947,Current Dollars,Level,6,"37,586",FAAt401
FAAt401,k1nnoma1eq00,14,Equipment,1948,Current Dollars,Level,6,"45,852",FAAt401
FAAt401,k1nnoma1eq00,14,Equipment,1949,Current Dollars,Level,6,"48,545",FAAt401
FAAt401,k1nnoma1eq00,14,Equipment,1950,Current Dollars,Level,6,"56,449",FAAt401
FAAt401,k1nnoma1eq00,14,Equipment,1951,Current Dollars,Level,6,"62,623",FAAt401
FAAt401,k1nnoma1eq00,14,Equipment,1952,Current Dollars,Level,6,"65,787",FAAt401
FAAt401,k1nnoma1eq00,14,Equipment,1953,Current Dollars,Level,6,"71,608",FAAt401
FAAt401,k1nnoma1eq00,14,Equipment,1954,Current Dollars,Level,6,"73,882",FAAt401
FAAt401,k1nnoma1eq00,14,Equipment,1955,Current Dollars,Level,6,"81,971",FAAt401
FAAt401,k1nnoma1eq00,14,Equipment,1956,Current Dollars,Level,6,"92,327",FAAt401
FAAt401,k1nnoma1eq00,14,Equipment,1957,Current Dollars,Level,6,"101,208",FAAt401
FAAt401,k1nnoma1eq00,14,Equipment,1958,Current Dollars,Level,6,"104,914",FAAt401
FAAt401,k1nnoma1eq00,14,Equipment,1959,Current Dollars,Level,6,"110,946",FAAt401
FAAt401,k1nnoma1eq00,14,Equipment,1960,Current Dollars,Level,6,"115,606",FAAt401
FAAt401,k1nnoma1eq00,14,Equipment,1961,Current Dollars,Level,6,"118,665",FAAt401
FAAt401,k1nnoma1eq00,14,Equipment,1962,Current Dollars,Level,6,"123,977",FAAt401
FAAt401,k1nnoma1eq00,14,Equipment,1963,Current Dollars,Level,6,"130,041",FAAt401
FAAt401,k1nnoma1eq00,14,Equipment,1964,Current Dollars,Level,6,"137,983",FAAt401
FAAt401,k1nnoma1eq00,14,Equipment,1965,Current Dollars,Level,6,"148,254",FAAt401
FAAt401,k1nnoma1eq00,14,Equipment,1966,Current Dollars,Level,6,"164,229",FAAt401
FAAt401,k1nnoma1eq00,14,Equipment,1967,Current Dollars,Level,6,"180,196",FAAt401
FAAt401,k1nnoma1eq00,14,Equipment,1968,Current Dollars,Level,6,"199,823",FAAt401
FAAt401,k1nnoma1eq00,14,Equipment,1969,Current Dollars,Level,6,"222,782",FAAt401
FAAt401,k1nnoma1eq00,14,Equipment,1970,Current Dollars,Level,6,"245,577",FAAt401
FAAt401,k1nnoma1eq00,14,Equipment,1971,Current Dollars,Level,6,"264,903",FAAt401
FAAt401,k1nnoma1eq00,14,Equipment,1972,Current Dollars,Level,6,"288,817",FAAt401
FAAt401,k1nnoma1eq00,14,Equipment,1973,Current Dollars,Level,6,"323,672",FAAt401
FAAt401,k1nnoma1eq00,14,Equipment,1974,Current Dollars,Level,6,"395,603",FAAt401
FAAt401,k1nnoma1eq00,14,Equipment,1975,Current Dollars,Level,6,"448,250",FAAt401
FAAt401,k1nnoma1eq00,14,Equipment,1976,Current Dollars,Level,6,"493,944",FAAt401
FAAt401,k1nnoma1eq00,14,Equipment,1977,Current Dollars,Level,6,"555,128",FAAt401
FAAt401,k1nnoma1eq00,14,Equipment,1978,Current Dollars,Level,6,"637,489",FAAt401
FAAt401,k1nnoma1eq00,14,Equipment,1979,Current Dollars,Level,6,"741,587",FAAt401
FAAt401,k1nnoma1eq00,14,Equipment,1980,Current Dollars,Level,6,"863,025",FAAt401
FAAt401,k1nnoma1eq00,14,Equipment,1981,Current Dollars,Level,6,"968,103",FAAt401
FAAt401,k1nnoma1eq00,14,Equipment,1982,Current Dollars,Level,6,"1,034,055",FAAt401
FAAt401,k1nnoma1eq00,14,Equipment,1983,Current Dollars,Level,6,"1,083,247",FAAt401
FAAt401,k1nnoma1eq00,14,Equipment,1984,Current Dollars,Level,6,"1,157,528",FAAt401
FAAt401,k1nnoma1eq00,14,Equipment,1985,Current Dollars,Level,6,"1,230,545",FAAt401
FAAt401,k1nnoma1eq00,14,Equipment,1986,Current Dollars,Level,6,"1,312,610",FAAt401
FAAt401,k1nnoma1eq00,14,Equipment,1987,Current Dollars,Level,6,"1,382,587",FAAt401
FAAt401,k1nnoma1eq00,14,Equipment,1988,Current Dollars,Level,6,"1,479,835",FAAt401
FAAt401,k1nnoma1eq00,14,Equipment,1989,Current Dollars,Level,6,"1,569,360",FAAt401
FAAt401,k1nnoma1eq00,14,Equipment,1990,Current Dollars,Level,6,"1,645,833",FAAt401
FAAt401,k1nnoma1eq00,14,Equipment,1991,Current Dollars,Level,6,"1,680,794",FAAt401
FAAt401,k1nnoma1eq00,14,Equipment,1992,Current Dollars,Level,6,"1,724,170",FAAt401
FAAt401,k1nnoma1eq00,14,Equipment,1993,Current Dollars,Level,6,"1,801,393",FAAt401
FAAt401,k1nnoma1eq00,14,Equipment,1994,Current Dollars,Level,6,"1,905,953",FAAt401
FAAt401,k1nnoma1eq00,14,Equipment,1995,Current Dollars,Level,6,"2,027,066",FAAt401
FAAt401,k1nnoma1eq00,14,Equipment,1996,Current Dollars,Level,6,"2,131,000",FAAt401
FAAt401,k1nnoma1eq00,14,Equipment,1997,Current Dollars,Level,6,"2,229,317",FAAt401
FAAt401,k1nnoma1eq00,14,Equipment,1998,Current Dollars,Level,6,"2,339,334",FAAt401
FAAt401,k1nnoma1eq00,14,Equipment,1999,Current Dollars,Level,6,"2,507,782",FAAt401
FAAt401,k1nnoma1eq00,14,Equipment,2000,Current Dollars,Level,6,"2,705,824",FAAt401
FAAt401,k1nnoma1eq00,14,Equipment,2001,Current Dollars,Level,6,"2,799,461",FAAt401
FAAt401,k1nnoma1eq00,14,Equipment,2002,Current Dollars,Level,6,"2,837,359",FAAt401
FAAt401,k1nnoma1eq00,14,Equipment,2003,Current Dollars,Level,6,"2,868,139",FAAt401
FAAt401,k1nnoma1eq00,14,Equipment,2004,Current Dollars,Level,6,"3,055,320",FAAt401
FAAt401,k1nnoma1eq00,14,Equipment,2005,Current Dollars,Level,6,"3,214,897",FAAt401
FAAt401,k1nnoma1eq00,14,Equipment,2006,Current Dollars,Level,6,"3,472,753",FAAt401
FAAt401,k1nnoma1eq00,14,Equipment,2007,Current Dollars,Level,6,"3,637,076",FAAt401
FAAt401,k1nnoma1eq00,14,Equipment,2008,Current Dollars,Level,6,"3,808,390",FAAt401
FAAt401,k1nnoma1eq00,14,Equipment,2009,Current Dollars,Level,6,"3,734,637",FAAt401
FAAt401,k1nnoma1eq00,14,Equipment,2010,Current Dollars,Level,6,"3,821,873",FAAt401
FAAt401,k1nnoma1eq00,14,Equipment,2011,Current Dollars,Level,6,"3,998,526",FAAt401
FAAt401,k1nnoma1eq00,14,Equipment,2012,Current Dollars,Level,6,"4,179,093",FAAt401
FAAt401,k1nnoma1eq00,14,Equipment,2013,Current Dollars,Level,6,"4,332,352",FAAt401
FAAt401,k1nnoma1eq00,14,Equipment,2014,Current Dollars,Level,6,"4,532,327",FAAt401
FAAt401,k1nnoma1eq00,14,Equipment,2015,Current Dollars,Level,6,"4,694,753",FAAt401
FAAt401,k1nnoma1eq00,14,Equipment,2016,Current Dollars,Level,6,"4,850,030",FAAt401
FAAt401,k1nnoma1eq00,14,Equipment,2017,Current Dollars,Level,6,"5,062,376",FAAt401
FAAt401,k1nnoma1eq00,14,Equipment,2018,Current Dollars,Level,6,"5,326,348",FAAt401
FAAt401,k1nnoma1eq00,14,Equipment,2019,Current Dollars,Level,6,"5,520,733",FAAt401
FAAt401,k1nnoma1eq00,14,Equipment,2020,Current Dollars,Level,6,"5,624,263",FAAt401
FAAt401,k1nnoma1eq00,14,Equipment,2021,Current Dollars,Level,6,"6,076,246",FAAt401
FAAt401,k1nnoma1eq00,14,Equipment,2022,Current Dollars,Level,6,"6,531,925",FAAt401
FAAt401,k1nnoma1eq00,14,Equipment,2023,Current Dollars,Level,6,"6,830,707",FAAt401
FAAt401,k1nnoma1eq00,14,Equipment,2024,Current Dollars,Level,6,"7,108,058",FAAt401
FAAt401,k1nnoma1st00,15,Structures,1925,Current Dollars,Level,6,"77,263",FAAt401
FAAt401,k1nnoma1st00,15,Structures,1926,Current Dollars,Level,6,"79,762",FAAt401
FAAt401,k1nnoma1st00,15,Structures,1927,Current Dollars,Level,6,"81,475",FAAt401
FAAt401,k1nnoma1st00,15,Structures,1928,Current Dollars,Level,6,"83,751",FAAt401
FAAt401,k1nnoma1st00,15,Structures,1929,Current Dollars,Level,6,"83,128",FAAt401
FAAt401,k1nnoma1st00,15,Structures,1930,Current Dollars,Level,6,"79,838",FAAt401
FAAt401,k1nnoma1st00,15,Structures,1931,Current Dollars,Level,6,"71,059",FAAt401
FAAt401,k1nnoma1st00,15,Structures,1932,Current Dollars,Level,6,"67,018",FAAt401
FAAt401,k1nnoma1st00,15,Structures,1933,Current Dollars,Level,6,"67,293",FAAt401
FAAt401,k1nnoma1st00,15,Structures,1934,Current Dollars,Level,6,"67,735",FAAt401
FAAt401,k1nnoma1st00,15,Structures,1935,Current Dollars,Level,6,"67,712",FAAt401
FAAt401,k1nnoma1st00,15,Structures,1936,Current Dollars,Level,6,"75,334",FAAt401
FAAt401,k1nnoma1st00,15,Structures,1937,Current Dollars,Level,6,"77,511",FAAt401
FAAt401,k1nnoma1st00,15,Structures,1938,Current Dollars,Level,6,"76,824",FAAt401
FAAt401,k1nnoma1st00,15,Structures,1939,Current Dollars,Level,6,"76,719",FAAt401
FAAt401,k1nnoma1st00,15,Structures,1940,Current Dollars,Level,6,"81,008",FAAt401
FAAt401,k1nnoma1st00,15,Structures,1941,Current Dollars,Level,6,"89,502",FAAt401
FAAt401,k1nnoma1st00,15,Structures,1942,Current Dollars,Level,6,"94,771",FAAt401
FAAt401,k1nnoma1st00,15,Structures,1943,Current Dollars,Level,6,"95,917",FAAt401
FAAt401,k1nnoma1st00,15,Structures,1944,Current Dollars,Level,6,"97,179",FAAt401
FAAt401,k1nnoma1st00,15,Structures,1945,Current Dollars,Level,6,"103,102",FAAt401
FAAt401,k1nnoma1st00,15,Structures,1946,Current Dollars,Level,6,"126,833",FAAt401
FAAt401,k1nnoma1st00,15,Structures,1947,Current Dollars,Level,6,"151,075",FAAt401
FAAt401,k1nnoma1st00,15,Structures,1948,Current Dollars,Level,6,"160,032",FAAt401
FAAt401,k1nnoma1st00,15,Structures,1949,Current Dollars,Level,6,"161,763",FAAt401
FAAt401,k1nnoma1st00,15,Structures,1950,Current Dollars,Level,6,"180,757",FAAt401
FAAt401,k1nnoma1st00,15,Structures,1951,Current Dollars,Level,6,"195,814",FAAt401
FAAt401,k1nnoma1st00,15,Structures,1952,Current Dollars,Level,6,"206,713",FAAt401
FAAt401,k1nnoma1st00,15,Structures,1953,Current Dollars,Level,6,"213,111",FAAt401
FAAt401,k1nnoma1st00,15,Structures,1954,Current Dollars,Level,6,"218,696",FAAt401
FAAt401,k1nnoma1st00,15,Structures,1955,Current Dollars,Level,6,"241,107",FAAt401
FAAt401,k1nnoma1st00,15,Structures,1956,Current Dollars,Level,6,"264,484",FAAt401
FAAt401,k1nnoma1st00,15,Structures,1957,Current Dollars,Level,6,"279,620",FAAt401
FAAt401,k1nnoma1st00,15,Structures,1958,Current Dollars,Level,6,"285,124",FAAt401
FAAt401,k1nnoma1st00,15,Structures,1959,Current Dollars,Level,6,"295,980",FAAt401
FAAt401,k1nnoma1st00,15,Structures,1960,Current Dollars,Level,6,"299,701",FAAt401
FAAt401,k1nnoma1st00,15,Structures,1961,Current Dollars,Level,6,"308,881",FAAt401
FAAt401,k1nnoma1st00,15,Structures,1962,Current Dollars,Level,6,"318,831",FAAt401
FAAt401,k1nnoma1st00,15,Structures,1963,Current Dollars,Level,6,"328,244",FAAt401
FAAt401,k1nnoma1st00,15,Structures,1964,Current Dollars,Level,6,"346,561",FAAt401
FAAt401,k1nnoma1st00,15,Structures,1965,Current Dollars,Level,6,"369,239",FAAt401
FAAt401,k1nnoma1st00,15,Structures,1966,Current Dollars,Level,6,"394,567",FAAt401
FAAt401,k1nnoma1st00,15,Structures,1967,Current Dollars,Level,6,"422,377",FAAt401
FAAt401,k1nnoma1st00,15,Structures,1968,Current Dollars,Level,6,"461,789",FAAt401
FAAt401,k1nnoma1st00,15,Structures,1969,Current Dollars,Level,6,"507,150",FAAt401
FAAt401,k1nnoma1st00,15,Structures,1970,Current Dollars,Level,6,"558,920",FAAt401
FAAt401,k1nnoma1st00,15,Structures,1971,Current Dollars,Level,6,"623,560",FAAt401
FAAt401,k1nnoma1st00,15,Structures,1972,Current Dollars,Level,6,"682,108",FAAt401
FAAt401,k1nnoma1st00,15,Structures,1973,Current Dollars,Level,6,"777,538",FAAt401
FAAt401,k1nnoma1st00,15,Structures,1974,Current Dollars,Level,6,"946,127",FAAt401
FAAt401,k1nnoma1st00,15,Structures,1975,Current Dollars,Level,6,"1,021,739",FAAt401
FAAt401,k1nnoma1st00,15,Structures,1976,Current Dollars,Level,6,"1,113,195",FAAt401
FAAt401,k1nnoma1st00,15,Structures,1977,Current Dollars,Level,6,"1,227,058",FAAt401
FAAt401,k1nnoma1st00,15,Structures,1978,Current Dollars,Level,6,"1,385,279",FAAt401
FAAt401,k1nnoma1st00,15,Structures,1979,Current Dollars,Level,6,"1,593,038",FAAt401
FAAt401,k1nnoma1st00,15,Structures,1980,Current Dollars,Level,6,"1,816,748",FAAt401
FAAt401,k1nnoma1st00,15,Structures,1981,Current Dollars,Level,6,"2,088,013",FAAt401
FAAt401,k1nnoma1st00,15,Structures,1982,Current Dollars,Level,6,"2,228,896",FAAt401
FAAt401,k1nnoma1st00,15,Structures,1983,Current Dollars,Level,6,"2,287,689",FAAt401
FAAt401,k1nnoma1st00,15,Structures,1984,Current Dollars,Level,6,"2,438,548",FAAt401
FAAt401,k1nnoma1st00,15,Structures,1985,Current Dollars,Level,6,"2,578,036",FAAt401
FAAt401,k1nnoma1st00,15,Structures,1986,Current Dollars,Level,6,"2,687,769",FAAt401
FAAt401,k1nnoma1st00,15,Structures,1987,Current Dollars,Level,6,"2,851,233",FAAt401
FAAt401,k1nnoma1st00,15,Structures,1988,Current Dollars,Level,6,"3,057,762",FAAt401
FAAt401,k1nnoma1st00,15,Structures,1989,Current Dollars,Level,6,"3,251,635",FAAt401
FAAt401,k1nnoma1st00,15,Structures,1990,Current Dollars,Level,6,"3,430,370",FAAt401
FAAt401,k1nnoma1st00,15,Structures,1991,Current Dollars,Level,6,"3,488,699",FAAt401
FAAt401,k1nnoma1st00,15,Structures,1992,Current Dollars,Level,6,"3,608,461",FAAt401
FAAt401,k1nnoma1st00,15,Structures,1993,Current Dollars,Level,6,"3,793,086",FAAt401
FAAt401,k1nnoma1st00,15,Structures,1994,Current Dollars,Level,6,"3,998,612",FAAt401
FAAt401,k1nnoma1st00,15,Structures,1995,Current Dollars,Level,6,"4,191,124",FAAt401
FAAt401,k1nnoma1st00,15,Structures,1996,Current Dollars,Level,6,"4,382,765",FAAt401
FAAt401,k1nnoma1st00,15,Structures,1997,Current Dollars,Level,6,"4,655,411",FAAt401
FAAt401,k1nnoma1st00,15,Structures,1998,Current Dollars,Level,6,"4,930,178",FAAt401
FAAt401,k1nnoma1st00,15,Structures,1999,Current Dollars,Level,6,"5,199,897",FAAt401
FAAt401,k1nnoma1st00,15,Structures,2000,Current Dollars,Level,6,"5,564,497",FAAt401
FAAt401,k1nnoma1st00,15,Structures,2001,Current Dollars,Level,6,"5,936,603",FAAt401
FAAt401,k1nnoma1st00,15,Structures,2002,Current Dollars,Level,6,"6,247,029",FAAt401
FAAt401,k1nnoma1st00,15,Structures,2003,Current Dollars,Level,6,"6,541,331",FAAt401
FAAt401,k1nnoma1st00,15,Structures,2004,Current Dollars,Level,6,"7,290,625",FAAt401
FAAt401,k1nnoma1st00,15,Structures,2005,Current Dollars,Level,6,"8,190,012",FAAt401
FAAt401,k1nnoma1st00,15,Structures,2006,Current Dollars,Level,6,"8,998,562",FAAt401
FAAt401,k1nnoma1st00,15,Structures,2007,Current Dollars,Level,6,"9,534,850",FAAt401
FAAt401,k1nnoma1st00,15,Structures,2008,Current Dollars,Level,6,"10,247,230",FAAt401
FAAt401,k1nnoma1st00,15,Structures,2009,Current Dollars,Level,6,"9,795,077",FAAt401
FAAt401,k1nnoma1st00,15,Structures,2010,Current Dollars,Level,6,"10,057,107",FAAt401
FAAt401,k1nnoma1st00,15,Structures,2011,Current Dollars,Level,6,"10,539,317",FAAt401
FAAt401,k1nnoma1st00,15,Structures,2012,Current Dollars,Level,6,"10,828,326",FAAt401
FAAt401,k1nnoma1st00,15,Structures,2013,Current Dollars,Level,6,"11,252,163",FAAt401
FAAt401,k1nnoma1st00,15,Structures,2014,Current Dollars,Level,6,"11,803,237",FAAt401
FAAt401,k1nnoma1st00,15,Structures,2015,Current Dollars,Level,6,"11,954,162",FAAt401
FAAt401,k1nnoma1st00,15,Structures,2016,Current Dollars,Level,6,"12,242,798",FAAt401
FAAt401,k1nnoma1st00,15,Structures,2017,Current Dollars,Level,6,"12,618,703",FAAt401
FAAt401,k1nnoma1st00,15,Structures,2018,Current Dollars,Level,6,"13,151,152",FAAt401
FAAt401,k1nnoma1st00,15,Structures,2019,Current Dollars,Level,6,"13,813,829",FAAt401
FAAt401,k1nnoma1st00,15,Structures,2020,Current Dollars,Level,6,"13,880,721",FAAt401
FAAt401,k1nnoma1st00,15,Structures,2021,Current Dollars,Level,6,"15,778,722",FAAt401
FAAt401,k1nnoma1st00,15,Structures,2022,Current Dollars,Level,6,"18,057,041",FAAt401
FAAt401,k1nnoma1st00,15,Structures,2023,Current Dollars,Level,6,"18,417,909",FAAt401
FAAt401,k1nnoma1st00,15,Structures,2024,Current Dollars,Level,6,"18,799,321",FAAt401
FAAt401,k1nnoma1ip00,16,Intellectual property products,1925,Current Dollars,Level,6,"1,532",FAAt401
FAAt401,k1nnoma1ip00,16,Intellectual property products,1926,Current Dollars,Level,6,"1,600",FAAt401
FAAt401,k1nnoma1ip00,16,Intellectual property products,1927,Current Dollars,Level,6,"1,672",FAAt401
FAAt401,k1nnoma1ip00,16,Intellectual property products,1928,Current Dollars,Level,6,"1,790",FAAt401
FAAt401,k1nnoma1ip00,16,Intellectual property products,1929,Current Dollars,Level,6,"1,948",FAAt401
FAAt401,k1nnoma1ip00,16,Intellectual property products,1930,Current Dollars,Level,6,"1,986",FAAt401
FAAt401,k1nnoma1ip00,16,Intellectual property products,1931,Current Dollars,Level,6,"1,961",FAAt401
FAAt401,k1nnoma1ip00,16,Intellectual property products,1932,Current Dollars,Level,6,"1,888",FAAt401
FAAt401,k1nnoma1ip00,16,Intellectual property products,1933,Current Dollars,Level,6,"1,840",FAAt401
FAAt401,k1nnoma1ip00,16,Intellectual property products,1934,Current Dollars,Level,6,"1,965",FAAt401
FAAt401,k1nnoma1ip00,16,Intellectual property products,1935,Current Dollars,Level,6,"2,105",FAAt401
FAAt401,k1nnoma1ip00,16,Intellectual property products,1936,Current Dollars,Level,6,"2,345",FAAt401
FAAt401,k1nnoma1ip00,16,Intellectual property products,1937,Current Dollars,Level,6,"2,613",FAAt401
FAAt401,k1nnoma1ip00,16,Intellectual property products,1938,Current Dollars,Level,6,"2,829",FAAt401
FAAt401,k1nnoma1ip00,16,Intellectual property products,1939,Current Dollars,Level,6,"2,999",FAAt401
FAAt401,k1nnoma1ip00,16,Intellectual property products,1940,Current Dollars,Level,6,"3,210",FAAt401
FAAt401,k1nnoma1ip00,16,Intellectual property products,1941,Current Dollars,Level,6,"3,576",FAAt401
FAAt401,k1nnoma1ip00,16,Intellectual property products,1942,Current Dollars,Level,6,"3,995",FAAt401
FAAt401,k1nnoma1ip00,16,Intellectual property products,1943,Current Dollars,Level,6,"4,594",FAAt401
FAAt401,k1nnoma1ip00,16,Intellectual property products,1944,Current Dollars,Level,6,"5,219",FAAt401
FAAt401,k1nnoma1ip00,16,Intellectual property products,1945,Current Dollars,Level,6,"5,764",FAAt401
FAAt401,k1nnoma1ip00,16,Intellectual property products,1946,Current Dollars,Level,6,"6,426",FAAt401
FAAt401,k1nnoma1ip00,16,Intellectual property products,1947,Current Dollars,Level,6,"7,350",FAAt401
FAAt401,k1nnoma1ip00,16,Intellectual property products,1948,Current Dollars,Level,6,"7,725",FAAt401
FAAt401,k1nnoma1ip00,16,Intellectual property products,1949,Current Dollars,Level,6,"7,967",FAAt401
FAAt401,k1nnoma1ip00,16,Intellectual property products,1950,Current Dollars,Level,6,"8,565",FAAt401
FAAt401,k1nnoma1ip00,16,Intellectual property products,1951,Current Dollars,Level,6,"8,863",FAAt401
FAAt401,k1nnoma1ip00,16,Intellectual property products,1952,Current Dollars,Level,6,"9,226",FAAt401
FAAt401,k1nnoma1ip00,16,Intellectual property products,1953,Current Dollars,Level,6,"9,871",FAAt401
FAAt401,k1nnoma1ip00,16,Intellectual property products,1954,Current Dollars,Level,6,"10,455",FAAt401
FAAt401,k1nnoma1ip00,16,Intellectual property products,1955,Current Dollars,Level,6,"11,238",FAAt401
FAAt401,k1nnoma1ip00,16,Intellectual property products,1956,Current Dollars,Level,6,"12,080",FAAt401
FAAt401,k1nnoma1ip00,16,Intellectual property products,1957,Current Dollars,Level,6,"13,031",FAAt401
FAAt401,k1nnoma1ip00,16,Intellectual property products,1958,Current Dollars,Level,6,"13,618",FAAt401
FAAt401,k1nnoma1ip00,16,Intellectual property products,1959,Current Dollars,Level,6,"14,753",FAAt401
FAAt401,k1nnoma1ip00,16,Intellectual property products,1960,Current Dollars,Level,6,"15,485",FAAt401
FAAt401,k1nnoma1ip00,16,Intellectual property products,1961,Current Dollars,Level,6,"16,671",FAAt401
FAAt401,k1nnoma1ip00,16,Intellectual property products,1962,Current Dollars,Level,6,"17,519",FAAt401
FAAt401,k1nnoma1ip00,16,Intellectual property products,1963,Current Dollars,Level,6,"18,975",FAAt401
FAAt401,k1nnoma1ip00,16,Intellectual property products,1964,Current Dollars,Level,6,"20,400",FAAt401
FAAt401,k1nnoma1ip00,16,Intellectual property products,1965,Current Dollars,Level,6,"22,451",FAAt401
FAAt401,k1nnoma1ip00,16,Intellectual property products,1966,Current Dollars,Level,6,"24,635",FAAt401
FAAt401,k1nnoma1ip00,16,Intellectual property products,1967,Current Dollars,Level,6,"27,629",FAAt401
FAAt401,k1nnoma1ip00,16,Intellectual property products,1968,Current Dollars,Level,6,"30,467",FAAt401
FAAt401,k1nnoma1ip00,16,Intellectual property products,1969,Current Dollars,Level,6,"33,859",FAAt401
FAAt401,k1nnoma1ip00,16,Intellectual property products,1970,Current Dollars,Level,6,"36,877",FAAt401
FAAt401,k1nnoma1ip00,16,Intellectual property products,1971,Current Dollars,Level,6,"38,537",FAAt401
FAAt401,k1nnoma1ip00,16,Intellectual property products,1972,Current Dollars,Level,6,"40,703",FAAt401
FAAt401,k1nnoma1ip00,16,Intellectual property products,1973,Current Dollars,Level,6,"43,259",FAAt401
FAAt401,k1nnoma1ip00,16,Intellectual property products,1974,Current Dollars,Level,6,"47,772",FAAt401
FAAt401,k1nnoma1ip00,16,Intellectual property products,1975,Current Dollars,Level,6,"51,534",FAAt401
FAAt401,k1nnoma1ip00,16,Intellectual property products,1976,Current Dollars,Level,6,"56,615",FAAt401
FAAt401,k1nnoma1ip00,16,Intellectual property products,1977,Current Dollars,Level,6,"62,561",FAAt401
FAAt401,k1nnoma1ip00,16,Intellectual property products,1978,Current Dollars,Level,6,"70,473",FAAt401
FAAt401,k1nnoma1ip00,16,Intellectual property products,1979,Current Dollars,Level,6,"80,891",FAAt401
FAAt401,k1nnoma1ip00,16,Intellectual property products,1980,Current Dollars,Level,6,"91,839",FAAt401
FAAt401,k1nnoma1ip00,16,Intellectual property products,1981,Current Dollars,Level,6,"105,336",FAAt401
FAAt401,k1nnoma1ip00,16,Intellectual property products,1982,Current Dollars,Level,6,"119,906",FAAt401
FAAt401,k1nnoma1ip00,16,Intellectual property products,1983,Current Dollars,Level,6,"135,519",FAAt401
FAAt401,k1nnoma1ip00,16,Intellectual property products,1984,Current Dollars,Level,6,"154,709",FAAt401
FAAt401,k1nnoma1ip00,16,Intellectual property products,1985,Current Dollars,Level,6,"172,754",FAAt401
FAAt401,k1nnoma1ip00,16,Intellectual property products,1986,Current Dollars,Level,6,"193,219",FAAt401
FAAt401,k1nnoma1ip00,16,Intellectual property products,1987,Current Dollars,Level,6,"217,390",FAAt401
FAAt401,k1nnoma1ip00,16,Intellectual property products,1988,Current Dollars,Level,6,"242,853",FAAt401
FAAt401,k1nnoma1ip00,16,Intellectual property products,1989,Current Dollars,Level,6,"274,704",FAAt401
FAAt401,k1nnoma1ip00,16,Intellectual property products,1990,Current Dollars,Level,6,"309,585",FAAt401
FAAt401,k1nnoma1ip00,16,Intellectual property products,1991,Current Dollars,Level,6,"342,213",FAAt401
FAAt401,k1nnoma1ip00,16,Intellectual property products,1992,Current Dollars,Level,6,"371,707",FAAt401
FAAt401,k1nnoma1ip00,16,Intellectual property products,1993,Current Dollars,Level,6,"404,329",FAAt401
FAAt401,k1nnoma1ip00,16,Intellectual property products,1994,Current Dollars,Level,6,"435,586",FAAt401
FAAt401,k1nnoma1ip00,16,Intellectual property products,1995,Current Dollars,Level,6,"468,499",FAAt401
FAAt401,k1nnoma1ip00,16,Intellectual property products,1996,Current Dollars,Level,6,"498,916",FAAt401
FAAt401,k1nnoma1ip00,16,Intellectual property products,1997,Current Dollars,Level,6,"540,341",FAAt401
FAAt401,k1nnoma1ip00,16,Intellectual property products,1998,Current Dollars,Level,6,"588,626",FAAt401
FAAt401,k1nnoma1ip00,16,Intellectual property products,1999,Current Dollars,Level,6,"669,858",FAAt401
FAAt401,k1nnoma1ip00,16,Intellectual property products,2000,Current Dollars,Level,6,"754,246",FAAt401
FAAt401,k1nnoma1ip00,16,Intellectual property products,2001,Current Dollars,Level,6,"794,359",FAAt401
FAAt401,k1nnoma1ip00,16,Intellectual property products,2002,Current Dollars,Level,6,"834,241",FAAt401
FAAt401,k1nnoma1ip00,16,Intellectual property products,2003,Current Dollars,Level,6,"881,535",FAAt401
FAAt401,k1nnoma1ip00,16,Intellectual property products,2004,Current Dollars,Level,6,"924,635",FAAt401
FAAt401,k1nnoma1ip00,16,Intellectual property products,2005,Current Dollars,Level,6,"981,191",FAAt401
FAAt401,k1nnoma1ip00,16,Intellectual property products,2006,Current Dollars,Level,6,"1,041,323",FAAt401
FAAt401,k1nnoma1ip00,16,Intellectual property products,2007,Current Dollars,Level,6,"1,099,603",FAAt401
FAAt401,k1nnoma1ip00,16,Intellectual property products,2008,Current Dollars,Level,6,"1,152,696",FAAt401
FAAt401,k1nnoma1ip00,16,Intellectual property products,2009,Current Dollars,Level,6,"1,181,768",FAAt401
FAAt401,k1nnoma1ip00,16,Intellectual property products,2010,Current Dollars,Level,6,"1,227,226",FAAt401
FAAt401,k1nnoma1ip00,16,Intellectual property products,2011,Current Dollars,Level,6,"1,292,162",FAAt401
FAAt401,k1nnoma1ip00,16,Intellectual property products,2012,Current Dollars,Level,6,"1,357,305",FAAt401
FAAt401,k1nnoma1ip00,16,Intellectual property products,2013,Current Dollars,Level,6,"1,432,888",FAAt401
FAAt401,k1nnoma1ip00,16,Intellectual property products,2014,Current Dollars,Level,6,"1,509,939",FAAt401
FAAt401,k1nnoma1ip00,16,Intellectual property products,2015,Current Dollars,Level,6,"1,583,402",FAAt401
FAAt401,k1nnoma1ip00,16,Intellectual property products,2016,Current Dollars,Level,6,"1,692,005",FAAt401
FAAt401,k1nnoma1ip00,16,Intellectual property products,2017,Current Dollars,Level,6,"1,831,862",FAAt401
FAAt401,k1nnoma1ip00,16,Intellectual property products,2018,Current Dollars,Level,6,"1,976,123",FAAt401
FAAt401,k1nnoma1ip00,16,Intellectual property products,2019,Current Dollars,Level,6,"2,131,748",FAAt401
FAAt401,k1nnoma1ip00,16,Intellectual property products,2020,Current Dollars,Level,6,"2,328,443",FAAt401
FAAt401,k1nnoma1ip00,16,Intellectual property products,2021,Current Dollars,Level,6,"2,541,541",FAAt401
FAAt401,k1nnoma1ip00,16,Intellectual property products,2022,Current Dollars,Level,6,"2,834,543",FAAt401
FAAt401,k1nnoma1ip00,16,Intellectual property products,2023,Current Dollars,Level,6,"3,098,527",FAAt401
FAAt401,k1nnoma1ip00,16,Intellectual property products,2024,Current Dollars,Level,6,"3,370,786",FAAt401
FAAt401,k1ntotl2es00,17,Corporate,1925,Current Dollars,Level,6,"98,909",FAAt401
FAAt401,k1ntotl2es00,17,Corporate,1926,Current Dollars,Level,6,"101,792",FAAt401
FAAt401,k1ntotl2es00,17,Corporate,1927,Current Dollars,Level,6,"103,224",FAAt401
FAAt401,k1ntotl2es00,17,Corporate,1928,Current Dollars,Level,6,"105,440",FAAt401
FAAt401,k1ntotl2es00,17,Corporate,1929,Current Dollars,Level,6,"104,475",FAAt401
FAAt401,k1ntotl2es00,17,Corporate,1930,Current Dollars,Level,6,"99,494",FAAt401
FAAt401,k1ntotl2es00,17,Corporate,1931,Current Dollars,Level,6,"89,547",FAAt401
FAAt401,k1ntotl2es00,17,Corporate,1932,Current Dollars,Level,6,"83,674",FAAt401
FAAt401,k1ntotl2es00,17,Corporate,1933,Current Dollars,Level,6,"84,359",FAAt401
FAAt401,k1ntotl2es00,17,Corporate,1934,Current Dollars,Level,6,"85,580",FAAt401
FAAt401,k1ntotl2es00,17,Corporate,1935,Current Dollars,Level,6,"85,121",FAAt401
FAAt401,k1ntotl2es00,17,Corporate,1936,Current Dollars,Level,6,"93,612",FAAt401
FAAt401,k1ntotl2es00,17,Corporate,1937,Current Dollars,Level,6,"96,986",FAAt401
FAAt401,k1ntotl2es00,17,Corporate,1938,Current Dollars,Level,6,"95,835",FAAt401
FAAt401,k1ntotl2es00,17,Corporate,1939,Current Dollars,Level,6,"96,475",FAAt401
FAAt401,k1ntotl2es00,17,Corporate,1940,Current Dollars,Level,6,"102,507",FAAt401
FAAt401,k1ntotl2es00,17,Corporate,1941,Current Dollars,Level,6,"115,163",FAAt401
FAAt401,k1ntotl2es00,17,Corporate,1942,Current Dollars,Level,6,"122,417",FAAt401
FAAt401,k1ntotl2es00,17,Corporate,1943,Current Dollars,Level,6,"123,274",FAAt401
FAAt401,k1ntotl2es00,17,Corporate,1944,Current Dollars,Level,6,"124,632",FAAt401
FAAt401,k1ntotl2es00,17,Corporate,1945,Current Dollars,Level,6,"136,024",FAAt401
FAAt401,k1ntotl2es00,17,Corporate,1946,Current Dollars,Level,6,"164,447",FAAt401
FAAt401,k1ntotl2es00,17,Corporate,1947,Current Dollars,Level,6,"196,149",FAAt401
FAAt401,k1ntotl2es00,17,Corporate,1948,Current Dollars,Level,6,"214,829",FAAt401
FAAt401,k1ntotl2es00,17,Corporate,1949,Current Dollars,Level,6,"218,856",FAAt401
FAAt401,k1ntotl2es00,17,Corporate,1950,Current Dollars,Level,6,"245,544",FAAt401
FAAt401,k1ntotl2es00,17,Corporate,1951,Current Dollars,Level,6,"266,716",FAAt401
FAAt401,k1ntotl2es00,17,Corporate,1952,Current Dollars,Level,6,"282,684",FAAt401
FAAt401,k1ntotl2es00,17,Corporate,1953,Current Dollars,Level,6,"297,560",FAAt401
FAAt401,k1ntotl2es00,17,Corporate,1954,Current Dollars,Level,6,"306,921",FAAt401
FAAt401,k1ntotl2es00,17,Corporate,1955,Current Dollars,Level,6,"338,125",FAAt401
FAAt401,k1ntotl2es00,17,Corporate,1956,Current Dollars,Level,6,"376,104",FAAt401
FAAt401,k1ntotl2es00,17,Corporate,1957,Current Dollars,Level,6,"404,368",FAAt401
FAAt401,k1ntotl2es00,17,Corporate,1958,Current Dollars,Level,6,"413,160",FAAt401
FAAt401,k1ntotl2es00,17,Corporate,1959,Current Dollars,Level,6,"430,489",FAAt401
FAAt401,k1ntotl2es00,17,Corporate,1960,Current Dollars,Level,6,"440,168",FAAt401
FAAt401,k1ntotl2es00,17,Corporate,1961,Current Dollars,Level,6,"452,032",FAAt401
FAAt401,k1ntotl2es00,17,Corporate,1962,Current Dollars,Level,6,"467,107",FAAt401
FAAt401,k1ntotl2es00,17,Corporate,1963,Current Dollars,Level,6,"483,078",FAAt401
FAAt401,k1ntotl2es00,17,Corporate,1964,Current Dollars,Level,6,"510,074",FAAt401
FAAt401,k1ntotl2es00,17,Corporate,1965,Current Dollars,Level,6,"546,258",FAAt401
FAAt401,k1ntotl2es00,17,Corporate,1966,Current Dollars,Level,6,"595,001",FAAt401
FAAt401,k1ntotl2es00,17,Corporate,1967,Current Dollars,Level,6,"646,712",FAAt401
FAAt401,k1ntotl2es00,17,Corporate,1968,Current Dollars,Level,6,"712,870",FAAt401
FAAt401,k1ntotl2es00,17,Corporate,1969,Current Dollars,Level,6,"787,185",FAAt401
FAAt401,k1ntotl2es00,17,Corporate,1970,Current Dollars,Level,6,"866,796",FAAt401
FAAt401,k1ntotl2es00,17,Corporate,1971,Current Dollars,Level,6,"948,423",FAAt401
FAAt401,k1ntotl2es00,17,Corporate,1972,Current Dollars,Level,6,"1,028,451",FAAt401
FAAt401,k1ntotl2es00,17,Corporate,1973,Current Dollars,Level,6,"1,160,069",FAAt401
FAAt401,k1ntotl2es00,17,Corporate,1974,Current Dollars,Level,6,"1,418,437",FAAt401
FAAt401,k1ntotl2es00,17,Corporate,1975,Current Dollars,Level,6,"1,572,675",FAAt401
FAAt401,k1ntotl2es00,17,Corporate,1976,Current Dollars,Level,6,"1,728,471",FAAt401
FAAt401,k1ntotl2es00,17,Corporate,1977,Current Dollars,Level,6,"1,921,639",FAAt401
FAAt401,k1ntotl2es00,17,Corporate,1978,Current Dollars,Level,6,"2,182,074",FAAt401
FAAt401,k1ntotl2es00,17,Corporate,1979,Current Dollars,Level,6,"2,518,157",FAAt401
FAAt401,k1ntotl2es00,17,Corporate,1980,Current Dollars,Level,6,"2,894,310",FAAt401
FAAt401,k1ntotl2es00,17,Corporate,1981,Current Dollars,Level,6,"3,279,289",FAAt401
FAAt401,k1ntotl2es00,17,Corporate,1982,Current Dollars,Level,6,"3,498,045",FAAt401
FAAt401,k1ntotl2es00,17,Corporate,1983,Current Dollars,Level,6,"3,614,216",FAAt401
FAAt401,k1ntotl2es00,17,Corporate,1984,Current Dollars,Level,6,"3,841,669",FAAt401
FAAt401,k1ntotl2es00,17,Corporate,1985,Current Dollars,Level,6,"4,063,767",FAAt401
FAAt401,k1ntotl2es00,17,Corporate,1986,Current Dollars,Level,6,"4,260,320",FAAt401
FAAt401,k1ntotl2es00,17,Corporate,1987,Current Dollars,Level,6,"4,493,503",FAAt401
FAAt401,k1ntotl2es00,17,Corporate,1988,Current Dollars,Level,6,"4,786,865",FAAt401
FAAt401,k1ntotl2es00,17,Corporate,1989,Current Dollars,Level,6,"5,080,725",FAAt401
FAAt401,k1ntotl2es00,17,Corporate,1990,Current Dollars,Level,6,"5,378,504",FAAt401
FAAt401,k1ntotl2es00,17,Corporate,1991,Current Dollars,Level,6,"5,521,766",FAAt401
FAAt401,k1ntotl2es00,17,Corporate,1992,Current Dollars,Level,6,"5,720,704",FAAt401
FAAt401,k1ntotl2es00,17,Corporate,1993,Current Dollars,Level,6,"6,001,115",FAAt401
FAAt401,k1ntotl2es00,17,Corporate,1994,Current Dollars,Level,6,"6,344,659",FAAt401
FAAt401,k1ntotl2es00,17,Corporate,1995,Current Dollars,Level,6,"6,721,231",FAAt401
FAAt401,k1ntotl2es00,17,Corporate,1996,Current Dollars,Level,6,"7,075,904",FAAt401
FAAt401,k1ntotl2es00,17,Corporate,1997,Current Dollars,Level,6,"7,491,651",FAAt401
FAAt401,k1ntotl2es00,17,Corporate,1998,Current Dollars,Level,6,"7,913,606",FAAt401
FAAt401,k1ntotl2es00,17,Corporate,1999,Current Dollars,Level,6,"8,394,135",FAAt401
FAAt401,k1ntotl2es00,17,Corporate,2000,Current Dollars,Level,6,"8,987,066",FAAt401
FAAt401,k1ntotl2es00,17,Corporate,2001,Current Dollars,Level,6,"9,421,455",FAAt401
FAAt401,k1ntotl2es00,17,Corporate,2002,Current Dollars,Level,6,"9,716,502",FAAt401
FAAt401,k1ntotl2es00,17,Corporate,2003,Current Dollars,Level,6,"10,005,338",FAAt401
FAAt401,k1ntotl2es00,17,Corporate,2004,Current Dollars,Level,6,"10,833,005",FAAt401
FAAt401,k1ntotl2es00,17,Corporate,2005,Current Dollars,Level,6,"11,785,172",FAAt401
FAAt401,k1ntotl2es00,17,Corporate,2006,Current Dollars,Level,6,"12,733,925",FAAt401
FAAt401,k1ntotl2es00,17,Corporate,2007,Current Dollars,Level,6,"13,436,717",FAAt401
FAAt401,k1ntotl2es00,17,Corporate,2008,Current Dollars,Level,6,"14,311,245",FAAt401
FAAt401,k1ntotl2es00,17,Corporate,2009,Current Dollars,Level,6,"13,882,078",FAAt401
FAAt401,k1ntotl2es00,17,Corporate,2010,Current Dollars,Level,6,"14,259,265",FAAt401
FAAt401,k1ntotl2es00,17,Corporate,2011,Current Dollars,Level,6,"14,955,447",FAAt401
FAAt401,k1ntotl2es00,17,Corporate,2012,Current Dollars,Level,6,"15,467,104",FAAt401
FAAt401,k1ntotl2es00,17,Corporate,2013,Current Dollars,Level,6,"16,050,786",FAAt401
FAAt401,k1ntotl2es00,17,Corporate,2014,Current Dollars,Level,6,"16,812,243",FAAt401
FAAt401,k1ntotl2es00,17,Corporate,2015,Current Dollars,Level,6,"17,117,650",FAAt401
FAAt401,k1ntotl2es00,17,Corporate,2016,Current Dollars,Level,6,"17,613,081",FAAt401
FAAt401,k1ntotl2es00,17,Corporate,2017,Current Dollars,Level,6,"18,287,253",FAAt401
FAAt401,k1ntotl2es00,17,Corporate,2018,Current Dollars,Level,6,"19,137,774",FAAt401
FAAt401,k1ntotl2es00,17,Corporate,2019,Current Dollars,Level,6,"20,015,099",FAAt401
FAAt401,k1ntotl2es00,17,Corporate,2020,Current Dollars,Level,6,"20,411,960",FAAt401
FAAt401,k1ntotl2es00,17,Corporate,2021,Current Dollars,Level,6,"22,665,128",FAAt401
FAAt401,k1ntotl2es00,17,Corporate,2022,Current Dollars,Level,6,"25,283,077",FAAt401
FAAt401,k1ntotl2es00,17,Corporate,2023,Current Dollars,Level,6,"26,155,177",FAAt401
FAAt401,k1ntotl2es00,17,Corporate,2024,Current Dollars,Level,6,"27,001,547",FAAt401
FAAt401,k1ntotl2eq00,18,Equipment,1925,Current Dollars,Level,6,"23,745",FAAt401
FAAt401,k1ntotl2eq00,18,Equipment,1926,Current Dollars,Level,6,"24,783",FAAt401
FAAt401,k1ntotl2eq00,18,Equipment,1927,Current Dollars,Level,6,"24,993",FAAt401
FAAt401,k1ntotl2eq00,18,Equipment,1928,Current Dollars,Level,6,"25,235",FAAt401
FAAt401,k1ntotl2eq00,18,Equipment,1929,Current Dollars,Level,6,"25,008",FAAt401
FAAt401,k1ntotl2eq00,18,Equipment,1930,Current Dollars,Level,6,"23,637",FAAt401
FAAt401,k1ntotl2eq00,18,Equipment,1931,Current Dollars,Level,6,"21,538",FAAt401
FAAt401,k1ntotl2eq00,18,Equipment,1932,Current Dollars,Level,6,"19,310",FAAt401
FAAt401,k1ntotl2eq00,18,Equipment,1933,Current Dollars,Level,6,"19,391",FAAt401
FAAt401,k1ntotl2eq00,18,Equipment,1934,Current Dollars,Level,6,"19,863",FAAt401
FAAt401,k1ntotl2eq00,18,Equipment,1935,Current Dollars,Level,6,"19,402",FAAt401
FAAt401,k1ntotl2eq00,18,Equipment,1936,Current Dollars,Level,6,"20,789",FAAt401
FAAt401,k1ntotl2eq00,18,Equipment,1937,Current Dollars,Level,6,"22,200",FAAt401
FAAt401,k1ntotl2eq00,18,Equipment,1938,Current Dollars,Level,6,"22,140",FAAt401
FAAt401,k1ntotl2eq00,18,Equipment,1939,Current Dollars,Level,6,"22,549",FAAt401
FAAt401,k1ntotl2eq00,18,Equipment,1940,Current Dollars,Level,6,"24,216",FAAt401
FAAt401,k1ntotl2eq00,18,Equipment,1941,Current Dollars,Level,6,"27,585",FAAt401
FAAt401,k1ntotl2eq00,18,Equipment,1942,Current Dollars,Level,6,"28,539",FAAt401
FAAt401,k1ntotl2eq00,18,Equipment,1943,Current Dollars,Level,6,"28,916",FAAt401
FAAt401,k1ntotl2eq00,18,Equipment,1944,Current Dollars,Level,6,"28,870",FAAt401
FAAt401,k1ntotl2eq00,18,Equipment,1945,Current Dollars,Level,6,"33,052",FAAt401
FAAt401,k1ntotl2eq00,18,Equipment,1946,Current Dollars,Level,6,"39,979",FAAt401
FAAt401,k1ntotl2eq00,18,Equipment,1947,Current Dollars,Level,6,"48,152",FAAt401
FAAt401,k1ntotl2eq00,18,Equipment,1948,Current Dollars,Level,6,"58,231",FAAt401
FAAt401,k1ntotl2eq00,18,Equipment,1949,Current Dollars,Level,6,"60,460",FAAt401
FAAt401,k1ntotl2eq00,18,Equipment,1950,Current Dollars,Level,6,"69,846",FAAt401
FAAt401,k1ntotl2eq00,18,Equipment,1951,Current Dollars,Level,6,"76,933",FAAt401
FAAt401,k1ntotl2eq00,18,Equipment,1952,Current Dollars,Level,6,"81,387",FAAt401
FAAt401,k1ntotl2eq00,18,Equipment,1953,Current Dollars,Level,6,"88,715",FAAt401
FAAt401,k1ntotl2eq00,18,Equipment,1954,Current Dollars,Level,6,"92,018",FAAt401
FAAt401,k1ntotl2eq00,18,Equipment,1955,Current Dollars,Level,6,"101,860",FAAt401
FAAt401,k1ntotl2eq00,18,Equipment,1956,Current Dollars,Level,6,"116,444",FAAt401
FAAt401,k1ntotl2eq00,18,Equipment,1957,Current Dollars,Level,6,"128,271",FAAt401
FAAt401,k1ntotl2eq00,18,Equipment,1958,Current Dollars,Level,6,"132,356",FAAt401
FAAt401,k1ntotl2eq00,18,Equipment,1959,Current Dollars,Level,6,"139,341",FAAt401
FAAt401,k1ntotl2eq00,18,Equipment,1960,Current Dollars,Level,6,"144,908",FAAt401
FAAt401,k1ntotl2eq00,18,Equipment,1961,Current Dollars,Level,6,"148,200",FAAt401
FAAt401,k1ntotl2eq00,18,Equipment,1962,Current Dollars,Level,6,"154,788",FAAt401
FAAt401,k1ntotl2eq00,18,Equipment,1963,Current Dollars,Level,6,"161,834",FAAt401
FAAt401,k1ntotl2eq00,18,Equipment,1964,Current Dollars,Level,6,"172,218",FAAt401
FAAt401,k1ntotl2eq00,18,Equipment,1965,Current Dollars,Level,6,"186,632",FAAt401
FAAt401,k1ntotl2eq00,18,Equipment,1966,Current Dollars,Level,6,"209,304",FAAt401
FAAt401,k1ntotl2eq00,18,Equipment,1967,Current Dollars,Level,6,"231,308",FAAt401
FAAt401,k1ntotl2eq00,18,Equipment,1968,Current Dollars,Level,6,"257,070",FAAt401
FAAt401,k1ntotl2eq00,18,Equipment,1969,Current Dollars,Level,6,"285,071",FAAt401
FAAt401,k1ntotl2eq00,18,Equipment,1970,Current Dollars,Level,6,"313,526",FAAt401
FAAt401,k1ntotl2eq00,18,Equipment,1971,Current Dollars,Level,6,"336,182",FAAt401
FAAt401,k1ntotl2eq00,18,Equipment,1972,Current Dollars,Level,6,"363,165",FAAt401
FAAt401,k1ntotl2eq00,18,Equipment,1973,Current Dollars,Level,6,"404,275",FAAt401
FAAt401,k1ntotl2eq00,18,Equipment,1974,Current Dollars,Level,6,"500,048",FAAt401
FAAt401,k1ntotl2eq00,18,Equipment,1975,Current Dollars,Level,6,"575,890",FAAt401
FAAt401,k1ntotl2eq00,18,Equipment,1976,Current Dollars,Level,6,"638,581",FAAt401
FAAt401,k1ntotl2eq00,18,Equipment,1977,Current Dollars,Level,6,"721,213",FAAt401
FAAt401,k1ntotl2eq00,18,Equipment,1978,Current Dollars,Level,6,"825,037",FAAt401
FAAt401,k1ntotl2eq00,18,Equipment,1979,Current Dollars,Level,6,"958,170",FAAt401
FAAt401,k1ntotl2eq00,18,Equipment,1980,Current Dollars,Level,6,"1,117,119",FAAt401
FAAt401,k1ntotl2eq00,18,Equipment,1981,Current Dollars,Level,6,"1,246,343",FAAt401
FAAt401,k1ntotl2eq00,18,Equipment,1982,Current Dollars,Level,6,"1,324,391",FAAt401
FAAt401,k1ntotl2eq00,18,Equipment,1983,Current Dollars,Level,6,"1,370,076",FAAt401
FAAt401,k1ntotl2eq00,18,Equipment,1984,Current Dollars,Level,6,"1,448,593",FAAt401
FAAt401,k1ntotl2eq00,18,Equipment,1985,Current Dollars,Level,6,"1,537,762",FAAt401
FAAt401,k1ntotl2eq00,18,Equipment,1986,Current Dollars,Level,6,"1,631,137",FAAt401
FAAt401,k1ntotl2eq00,18,Equipment,1987,Current Dollars,Level,6,"1,709,510",FAAt401
FAAt401,k1ntotl2eq00,18,Equipment,1988,Current Dollars,Level,6,"1,812,797",FAAt401
FAAt401,k1ntotl2eq00,18,Equipment,1989,Current Dollars,Level,6,"1,917,496",FAAt401
FAAt401,k1ntotl2eq00,18,Equipment,1990,Current Dollars,Level,6,"2,028,670",FAAt401
FAAt401,k1ntotl2eq00,18,Equipment,1991,Current Dollars,Level,6,"2,082,731",FAAt401
FAAt401,k1ntotl2eq00,18,Equipment,1992,Current Dollars,Level,6,"2,141,414",FAAt401
FAAt401,k1ntotl2eq00,18,Equipment,1993,Current Dollars,Level,6,"2,231,553",FAAt401
FAAt401,k1ntotl2eq00,18,Equipment,1994,Current Dollars,Level,6,"2,359,885",FAAt401
FAAt401,k1ntotl2eq00,18,Equipment,1995,Current Dollars,Level,6,"2,517,884",FAAt401
FAAt401,k1ntotl2eq00,18,Equipment,1996,Current Dollars,Level,6,"2,651,063",FAAt401
FAAt401,k1ntotl2eq00,18,Equipment,1997,Current Dollars,Level,6,"2,768,287",FAAt401
FAAt401,k1ntotl2eq00,18,Equipment,1998,Current Dollars,Level,6,"2,895,813",FAAt401
FAAt401,k1ntotl2eq00,18,Equipment,1999,Current Dollars,Level,6,"3,062,002",FAAt401
FAAt401,k1ntotl2eq00,18,Equipment,2000,Current Dollars,Level,6,"3,253,237",FAAt401
FAAt401,k1ntotl2eq00,18,Equipment,2001,Current Dollars,Level,6,"3,332,799",FAAt401
FAAt401,k1ntotl2eq00,18,Equipment,2002,Current Dollars,Level,6,"3,349,114",FAAt401
FAAt401,k1ntotl2eq00,18,Equipment,2003,Current Dollars,Level,6,"3,363,690",FAAt401
FAAt401,k1ntotl2eq00,18,Equipment,2004,Current Dollars,Level,6,"3,538,203",FAAt401
FAAt401,k1ntotl2eq00,18,Equipment,2005,Current Dollars,Level,6,"3,688,633",FAAt401
FAAt401,k1ntotl2eq00,18,Equipment,2006,Current Dollars,Level,6,"3,934,171",FAAt401
FAAt401,k1ntotl2eq00,18,Equipment,2007,Current Dollars,Level,6,"4,104,775",FAAt401
FAAt401,k1ntotl2eq00,18,Equipment,2008,Current Dollars,Level,6,"4,293,057",FAAt401
FAAt401,k1ntotl2eq00,18,Equipment,2009,Current Dollars,Level,6,"4,204,657",FAAt401
FAAt401,k1ntotl2eq00,18,Equipment,2010,Current Dollars,Level,6,"4,280,696",FAAt401
FAAt401,k1ntotl2eq00,18,Equipment,2011,Current Dollars,Level,6,"4,470,315",FAAt401
FAAt401,k1ntotl2eq00,18,Equipment,2012,Current Dollars,Level,6,"4,661,639",FAAt401
FAAt401,k1ntotl2eq00,18,Equipment,2013,Current Dollars,Level,6,"4,800,948",FAAt401
FAAt401,k1ntotl2eq00,18,Equipment,2014,Current Dollars,Level,6,"5,002,215",FAAt401
FAAt401,k1ntotl2eq00,18,Equipment,2015,Current Dollars,Level,6,"5,146,590",FAAt401
FAAt401,k1ntotl2eq00,18,Equipment,2016,Current Dollars,Level,6,"5,288,975",FAAt401
FAAt401,k1ntotl2eq00,18,Equipment,2017,Current Dollars,Level,6,"5,493,662",FAAt401
FAAt401,k1ntotl2eq00,18,Equipment,2018,Current Dollars,Level,6,"5,762,685",FAAt401
FAAt401,k1ntotl2eq00,18,Equipment,2019,Current Dollars,Level,6,"5,933,924",FAAt401
FAAt401,k1ntotl2eq00,18,Equipment,2020,Current Dollars,Level,6,"6,013,832",FAAt401
FAAt401,k1ntotl2eq00,18,Equipment,2021,Current Dollars,Level,6,"6,483,273",FAAt401
FAAt401,k1ntotl2eq00,18,Equipment,2022,Current Dollars,Level,6,"6,943,310",FAAt401
FAAt401,k1ntotl2eq00,18,Equipment,2023,Current Dollars,Level,6,"7,214,306",FAAt401
FAAt401,k1ntotl2eq00,18,Equipment,2024,Current Dollars,Level,6,"7,468,920",FAAt401
FAAt401,k1ntotl2st00,19,Structures,1925,Current Dollars,Level,6,"73,925",FAAt401
FAAt401,k1ntotl2st00,19,Structures,1926,Current Dollars,Level,6,"75,711",FAAt401
FAAt401,k1ntotl2st00,19,Structures,1927,Current Dollars,Level,6,"76,873",FAAt401
FAAt401,k1ntotl2st00,19,Structures,1928,Current Dollars,Level,6,"78,735",FAAt401
FAAt401,k1ntotl2st00,19,Structures,1929,Current Dollars,Level,6,"77,855",FAAt401
FAAt401,k1ntotl2st00,19,Structures,1930,Current Dollars,Level,6,"74,199",FAAt401
FAAt401,k1ntotl2st00,19,Structures,1931,Current Dollars,Level,6,"66,368",FAAt401
FAAt401,k1ntotl2st00,19,Structures,1932,Current Dollars,Level,6,"62,788",FAAt401
FAAt401,k1ntotl2st00,19,Structures,1933,Current Dollars,Level,6,"63,376",FAAt401
FAAt401,k1ntotl2st00,19,Structures,1934,Current Dollars,Level,6,"63,964",FAAt401
FAAt401,k1ntotl2st00,19,Structures,1935,Current Dollars,Level,6,"63,801",FAAt401
FAAt401,k1ntotl2st00,19,Structures,1936,Current Dollars,Level,6,"70,662",FAAt401
FAAt401,k1ntotl2st00,19,Structures,1937,Current Dollars,Level,6,"72,413",FAAt401
FAAt401,k1ntotl2st00,19,Structures,1938,Current Dollars,Level,6,"71,148",FAAt401
FAAt401,k1ntotl2st00,19,Structures,1939,Current Dollars,Level,6,"71,193",FAAt401
FAAt401,k1ntotl2st00,19,Structures,1940,Current Dollars,Level,6,"75,264",FAAt401
FAAt401,k1ntotl2st00,19,Structures,1941,Current Dollars,Level,6,"83,897",FAAt401
FAAt401,k1ntotl2st00,19,Structures,1942,Current Dollars,Level,6,"89,462",FAAt401
FAAt401,k1ntotl2st00,19,Structures,1943,Current Dollars,Level,6,"89,354",FAAt401
FAAt401,k1ntotl2st00,19,Structures,1944,Current Dollars,Level,6,"90,281",FAAt401
FAAt401,k1ntotl2st00,19,Structures,1945,Current Dollars,Level,6,"97,121",FAAt401
FAAt401,k1ntotl2st00,19,Structures,1946,Current Dollars,Level,6,"117,800",FAAt401
FAAt401,k1ntotl2st00,19,Structures,1947,Current Dollars,Level,6,"140,217",FAAt401
FAAt401,k1ntotl2st00,19,Structures,1948,Current Dollars,Level,6,"148,235",FAAt401
FAAt401,k1ntotl2st00,19,Structures,1949,Current Dollars,Level,6,"149,834",FAAt401
FAAt401,k1ntotl2st00,19,Structures,1950,Current Dollars,Level,6,"166,235",FAAt401
FAAt401,k1ntotl2st00,19,Structures,1951,Current Dollars,Level,6,"179,646",FAAt401
FAAt401,k1ntotl2st00,19,Structures,1952,Current Dollars,Level,6,"190,261",FAAt401
FAAt401,k1ntotl2st00,19,Structures,1953,Current Dollars,Level,6,"196,440",FAAt401
FAAt401,k1ntotl2st00,19,Structures,1954,Current Dollars,Level,6,"201,241",FAAt401
FAAt401,k1ntotl2st00,19,Structures,1955,Current Dollars,Level,6,"221,007",FAAt401
FAAt401,k1ntotl2st00,19,Structures,1956,Current Dollars,Level,6,"242,170",FAAt401
FAAt401,k1ntotl2st00,19,Structures,1957,Current Dollars,Level,6,"256,625",FAAt401
FAAt401,k1ntotl2st00,19,Structures,1958,Current Dollars,Level,6,"259,630",FAAt401
FAAt401,k1ntotl2st00,19,Structures,1959,Current Dollars,Level,6,"267,849",FAAt401
FAAt401,k1ntotl2st00,19,Structures,1960,Current Dollars,Level,6,"270,055",FAAt401
FAAt401,k1ntotl2st00,19,Structures,1961,Current Dollars,Level,6,"276,541",FAAt401
FAAt401,k1ntotl2st00,19,Structures,1962,Current Dollars,Level,6,"283,143",FAAt401
FAAt401,k1ntotl2st00,19,Structures,1963,Current Dollars,Level,6,"289,504",FAAt401
FAAt401,k1ntotl2st00,19,Structures,1964,Current Dollars,Level,6,"303,516",FAAt401
FAAt401,k1ntotl2st00,19,Structures,1965,Current Dollars,Level,6,"321,863",FAAt401
FAAt401,k1ntotl2st00,19,Structures,1966,Current Dollars,Level,6,"343,705",FAAt401
FAAt401,k1ntotl2st00,19,Structures,1967,Current Dollars,Level,6,"368,153",FAAt401
FAAt401,k1ntotl2st00,19,Structures,1968,Current Dollars,Level,6,"402,657",FAAt401
FAAt401,k1ntotl2st00,19,Structures,1969,Current Dollars,Level,6,"442,055",FAAt401
FAAt401,k1ntotl2st00,19,Structures,1970,Current Dollars,Level,6,"486,925",FAAt401
FAAt401,k1ntotl2st00,19,Structures,1971,Current Dollars,Level,6,"541,322",FAAt401
FAAt401,k1ntotl2st00,19,Structures,1972,Current Dollars,Level,6,"588,610",FAAt401
FAAt401,k1ntotl2st00,19,Structures,1973,Current Dollars,Level,6,"670,056",FAAt401
FAAt401,k1ntotl2st00,19,Structures,1974,Current Dollars,Level,6,"820,356",FAAt401
FAAt401,k1ntotl2st00,19,Structures,1975,Current Dollars,Level,6,"890,068",FAAt401
FAAt401,k1ntotl2st00,19,Structures,1976,Current Dollars,Level,6,"972,757",FAAt401
FAAt401,k1ntotl2st00,19,Structures,1977,Current Dollars,Level,6,"1,071,418",FAAt401
FAAt401,k1ntotl2st00,19,Structures,1978,Current Dollars,Level,6,"1,212,686",FAAt401
FAAt401,k1ntotl2st00,19,Structures,1979,Current Dollars,Level,6,"1,394,675",FAAt401
FAAt401,k1ntotl2st00,19,Structures,1980,Current Dollars,Level,6,"1,587,983",FAAt401
FAAt401,k1ntotl2st00,19,Structures,1981,Current Dollars,Level,6,"1,816,077",FAAt401
FAAt401,k1ntotl2st00,19,Structures,1982,Current Dollars,Level,6,"1,930,258",FAAt401
FAAt401,k1ntotl2st00,19,Structures,1983,Current Dollars,Level,6,"1,973,372",FAAt401
FAAt401,k1ntotl2st00,19,Structures,1984,Current Dollars,Level,6,"2,090,914",FAAt401
FAAt401,k1ntotl2st00,19,Structures,1985,Current Dollars,Level,6,"2,192,848",FAAt401
FAAt401,k1ntotl2st00,19,Structures,1986,Current Dollars,Level,6,"2,266,027",FAAt401
FAAt401,k1ntotl2st00,19,Structures,1987,Current Dollars,Level,6,"2,384,398",FAAt401
FAAt401,k1ntotl2st00,19,Structures,1988,Current Dollars,Level,6,"2,540,453",FAAt401
FAAt401,k1ntotl2st00,19,Structures,1989,Current Dollars,Level,6,"2,689,668",FAAt401
FAAt401,k1ntotl2st00,19,Structures,1990,Current Dollars,Level,6,"2,833,665",FAAt401
FAAt401,k1ntotl2st00,19,Structures,1991,Current Dollars,Level,6,"2,880,518",FAAt401
FAAt401,k1ntotl2st00,19,Structures,1992,Current Dollars,Level,6,"2,981,565",FAAt401
FAAt401,k1ntotl2st00,19,Structures,1993,Current Dollars,Level,6,"3,134,051",FAAt401
FAAt401,k1ntotl2st00,19,Structures,1994,Current Dollars,Level,6,"3,302,588",FAAt401
FAAt401,k1ntotl2st00,19,Structures,1995,Current Dollars,Level,6,"3,468,845",FAAt401
FAAt401,k1ntotl2st00,19,Structures,1996,Current Dollars,Level,6,"3,635,838",FAAt401
FAAt401,k1ntotl2st00,19,Structures,1997,Current Dollars,Level,6,"3,862,044",FAAt401
FAAt401,k1ntotl2st00,19,Structures,1998,Current Dollars,Level,6,"4,079,767",FAAt401
FAAt401,k1ntotl2st00,19,Structures,1999,Current Dollars,Level,6,"4,286,208",FAAt401
FAAt401,k1ntotl2st00,19,Structures,2000,Current Dollars,Level,6,"4,576,609",FAAt401
FAAt401,k1ntotl2st00,19,Structures,2001,Current Dollars,Level,6,"4,879,963",FAAt401
FAAt401,k1ntotl2st00,19,Structures,2002,Current Dollars,Level,6,"5,120,266",FAAt401
FAAt401,k1ntotl2st00,19,Structures,2003,Current Dollars,Level,6,"5,329,952",FAAt401
FAAt401,k1ntotl2st00,19,Structures,2004,Current Dollars,Level,6,"5,925,394",FAAt401
FAAt401,k1ntotl2st00,19,Structures,2005,Current Dollars,Level,6,"6,637,266",FAAt401
FAAt401,k1ntotl2st00,19,Structures,2006,Current Dollars,Level,6,"7,252,688",FAAt401
FAAt401,k1ntotl2st00,19,Structures,2007,Current Dollars,Level,6,"7,675,285",FAAt401
FAAt401,k1ntotl2st00,19,Structures,2008,Current Dollars,Level,6,"8,274,559",FAAt401
FAAt401,k1ntotl2st00,19,Structures,2009,Current Dollars,Level,6,"7,889,094",FAAt401
FAAt401,k1ntotl2st00,19,Structures,2010,Current Dollars,Level,6,"8,117,096",FAAt401
FAAt401,k1ntotl2st00,19,Structures,2011,Current Dollars,Level,6,"8,524,812",FAAt401
FAAt401,k1ntotl2st00,19,Structures,2012,Current Dollars,Level,6,"8,759,200",FAAt401
FAAt401,k1ntotl2st00,19,Structures,2013,Current Dollars,Level,6,"9,089,990",FAAt401
FAAt401,k1ntotl2st00,19,Structures,2014,Current Dollars,Level,6,"9,543,551",FAAt401
FAAt401,k1ntotl2st00,19,Structures,2015,Current Dollars,Level,6,"9,629,682",FAAt401
FAAt401,k1ntotl2st00,19,Structures,2016,Current Dollars,Level,6,"9,828,101",FAAt401
FAAt401,k1ntotl2st00,19,Structures,2017,Current Dollars,Level,6,"10,110,045",FAAt401
FAAt401,k1ntotl2st00,19,Structures,2018,Current Dollars,Level,6,"10,510,564",FAAt401
FAAt401,k1ntotl2st00,19,Structures,2019,Current Dollars,Level,6,"11,026,786",FAAt401
FAAt401,k1ntotl2st00,19,Structures,2020,Current Dollars,Level,6,"11,042,251",FAAt401
FAAt401,k1ntotl2st00,19,Structures,2021,Current Dollars,Level,6,"12,567,844",FAAt401
FAAt401,k1ntotl2st00,19,Structures,2022,Current Dollars,Level,6,"14,382,065",FAAt401
FAAt401,k1ntotl2st00,19,Structures,2023,Current Dollars,Level,6,"14,661,557",FAAt401
FAAt401,k1ntotl2st00,19,Structures,2024,Current Dollars,Level,6,"14,919,934",FAAt401
FAAt401,k1ntotl2ip00,20,Intellectual property products,1925,Current Dollars,Level,6,"1,238",FAAt401
FAAt401,k1ntotl2ip00,20,Intellectual property products,1926,Current Dollars,Level,6,"1,298",FAAt401
FAAt401,k1ntotl2ip00,20,Intellectual property products,1927,Current Dollars,Level,6,"1,359",FAAt401
FAAt401,k1ntotl2ip00,20,Intellectual property products,1928,Current Dollars,Level,6,"1,470",FAAt401
FAAt401,k1ntotl2ip00,20,Intellectual property products,1929,Current Dollars,Level,6,"1,611",FAAt401
FAAt401,k1ntotl2ip00,20,Intellectual property products,1930,Current Dollars,Level,6,"1,658",FAAt401
FAAt401,k1ntotl2ip00,20,Intellectual property products,1931,Current Dollars,Level,6,"1,641",FAAt401
FAAt401,k1ntotl2ip00,20,Intellectual property products,1932,Current Dollars,Level,6,"1,576",FAAt401
FAAt401,k1ntotl2ip00,20,Intellectual property products,1933,Current Dollars,Level,6,"1,593",FAAt401
FAAt401,k1ntotl2ip00,20,Intellectual property products,1934,Current Dollars,Level,6,"1,754",FAAt401
FAAt401,k1ntotl2ip00,20,Intellectual property products,1935,Current Dollars,Level,6,"1,918",FAAt401
FAAt401,k1ntotl2ip00,20,Intellectual property products,1936,Current Dollars,Level,6,"2,161",FAAt401
FAAt401,k1ntotl2ip00,20,Intellectual property products,1937,Current Dollars,Level,6,"2,374",FAAt401
FAAt401,k1ntotl2ip00,20,Intellectual property products,1938,Current Dollars,Level,6,"2,548",FAAt401
FAAt401,k1ntotl2ip00,20,Intellectual property products,1939,Current Dollars,Level,6,"2,733",FAAt401
FAAt401,k1ntotl2ip00,20,Intellectual property products,1940,Current Dollars,Level,6,"3,026",FAAt401
FAAt401,k1ntotl2ip00,20,Intellectual property products,1941,Current Dollars,Level,6,"3,682",FAAt401
FAAt401,k1ntotl2ip00,20,Intellectual property products,1942,Current Dollars,Level,6,"4,415",FAAt401
FAAt401,k1ntotl2ip00,20,Intellectual property products,1943,Current Dollars,Level,6,"5,004",FAAt401
FAAt401,k1ntotl2ip00,20,Intellectual property products,1944,Current Dollars,Level,6,"5,481",FAAt401
FAAt401,k1ntotl2ip00,20,Intellectual property products,1945,Current Dollars,Level,6,"5,851",FAAt401
FAAt401,k1ntotl2ip00,20,Intellectual property products,1946,Current Dollars,Level,6,"6,668",FAAt401
FAAt401,k1ntotl2ip00,20,Intellectual property products,1947,Current Dollars,Level,6,"7,780",FAAt401
FAAt401,k1ntotl2ip00,20,Intellectual property products,1948,Current Dollars,Level,6,"8,363",FAAt401
FAAt401,k1ntotl2ip00,20,Intellectual property products,1949,Current Dollars,Level,6,"8,562",FAAt401
FAAt401,k1ntotl2ip00,20,Intellectual property products,1950,Current Dollars,Level,6,"9,463",FAAt401
FAAt401,k1ntotl2ip00,20,Intellectual property products,1951,Current Dollars,Level,6,"10,137",FAAt401
FAAt401,k1ntotl2ip00,20,Intellectual property products,1952,Current Dollars,Level,6,"11,037",FAAt401
FAAt401,k1ntotl2ip00,20,Intellectual property products,1953,Current Dollars,Level,6,"12,404",FAAt401
FAAt401,k1ntotl2ip00,20,Intellectual property products,1954,Current Dollars,Level,6,"13,662",FAAt401
FAAt401,k1ntotl2ip00,20,Intellectual property products,1955,Current Dollars,Level,6,"15,257",FAAt401
FAAt401,k1ntotl2ip00,20,Intellectual property products,1956,Current Dollars,Level,6,"17,490",FAAt401
FAAt401,k1ntotl2ip00,20,Intellectual property products,1957,Current Dollars,Level,6,"19,473",FAAt401
FAAt401,k1ntotl2ip00,20,Intellectual property products,1958,Current Dollars,Level,6,"21,174",FAAt401
FAAt401,k1ntotl2ip00,20,Intellectual property products,1959,Current Dollars,Level,6,"23,298",FAAt401
FAAt401,k1ntotl2ip00,20,Intellectual property products,1960,Current Dollars,Level,6,"25,205",FAAt401
FAAt401,k1ntotl2ip00,20,Intellectual property products,1961,Current Dollars,Level,6,"27,291",FAAt401
FAAt401,k1ntotl2ip00,20,Intellectual property products,1962,Current Dollars,Level,6,"29,176",FAAt401
FAAt401,k1ntotl2ip00,20,Intellectual property products,1963,Current Dollars,Level,6,"31,740",FAAt401
FAAt401,k1ntotl2ip00,20,Intellectual property products,1964,Current Dollars,Level,6,"34,340",FAAt401
FAAt401,k1ntotl2ip00,20,Intellectual property products,1965,Current Dollars,Level,6,"37,763",FAAt401
FAAt401,k1ntotl2ip00,20,Intellectual property products,1966,Current Dollars,Level,6,"41,991",FAAt401
FAAt401,k1ntotl2ip00,20,Intellectual property products,1967,Current Dollars,Level,6,"47,252",FAAt401
FAAt401,k1ntotl2ip00,20,Intellectual property products,1968,Current Dollars,Level,6,"53,143",FAAt401
FAAt401,k1ntotl2ip00,20,Intellectual property products,1969,Current Dollars,Level,6,"60,058",FAAt401
FAAt401,k1ntotl2ip00,20,Intellectual property products,1970,Current Dollars,Level,6,"66,345",FAAt401
FAAt401,k1ntotl2ip00,20,Intellectual property products,1971,Current Dollars,Level,6,"70,919",FAAt401
FAAt401,k1ntotl2ip00,20,Intellectual property products,1972,Current Dollars,Level,6,"76,675",FAAt401
FAAt401,k1ntotl2ip00,20,Intellectual property products,1973,Current Dollars,Level,6,"85,738",FAAt401
FAAt401,k1ntotl2ip00,20,Intellectual property products,1974,Current Dollars,Level,6,"98,032",FAAt401
FAAt401,k1ntotl2ip00,20,Intellectual property products,1975,Current Dollars,Level,6,"106,718",FAAt401
FAAt401,k1ntotl2ip00,20,Intellectual property products,1976,Current Dollars,Level,6,"117,132",FAAt401
FAAt401,k1ntotl2ip00,20,Intellectual property products,1977,Current Dollars,Level,6,"129,009",FAAt401
FAAt401,k1ntotl2ip00,20,Intellectual property products,1978,Current Dollars,Level,6,"144,351",FAAt401
FAAt401,k1ntotl2ip00,20,Intellectual property products,1979,Current Dollars,Level,6,"165,312",FAAt401
FAAt401,k1ntotl2ip00,20,Intellectual property products,1980,Current Dollars,Level,6,"189,208",FAAt401
FAAt401,k1ntotl2ip00,20,Intellectual property products,1981,Current Dollars,Level,6,"216,869",FAAt401
FAAt401,k1ntotl2ip00,20,Intellectual property products,1982,Current Dollars,Level,6,"243,396",FAAt401
FAAt401,k1ntotl2ip00,20,Intellectual property products,1983,Current Dollars,Level,6,"270,769",FAAt401
FAAt401,k1ntotl2ip00,20,Intellectual property products,1984,Current Dollars,Level,6,"302,162",FAAt401
FAAt401,k1ntotl2ip00,20,Intellectual property products,1985,Current Dollars,Level,6,"333,158",FAAt401
FAAt401,k1ntotl2ip00,20,Intellectual property products,1986,Current Dollars,Level,6,"363,156",FAAt401
FAAt401,k1ntotl2ip00,20,Intellectual property products,1987,Current Dollars,Level,6,"399,595",FAAt401
FAAt401,k1ntotl2ip00,20,Intellectual property products,1988,Current Dollars,Level,6,"433,616",FAAt401
FAAt401,k1ntotl2ip00,20,Intellectual property products,1989,Current Dollars,Level,6,"473,560",FAAt401
FAAt401,k1ntotl2ip00,20,Intellectual property products,1990,Current Dollars,Level,6,"516,169",FAAt401
FAAt401,k1ntotl2ip00,20,Intellectual property products,1991,Current Dollars,Level,6,"558,517",FAAt401
FAAt401,k1ntotl2ip00,20,Intellectual property products,1992,Current Dollars,Level,6,"597,726",FAAt401
FAAt401,k1ntotl2ip00,20,Intellectual property products,1993,Current Dollars,Level,6,"635,512",FAAt401
FAAt401,k1ntotl2ip00,20,Intellectual property products,1994,Current Dollars,Level,6,"682,186",FAAt401
FAAt401,k1ntotl2ip00,20,Intellectual property products,1995,Current Dollars,Level,6,"734,502",FAAt401
FAAt401,k1ntotl2ip00,20,Intellectual property products,1996,Current Dollars,Level,6,"789,003",FAAt401
FAAt401,k1ntotl2ip00,20,Intellectual property products,1997,Current Dollars,Level,6,"861,321",FAAt401
FAAt401,k1ntotl2ip00,20,Intellectual property products,1998,Current Dollars,Level,6,"938,027",FAAt401
FAAt401,k1ntotl2ip00,20,Intellectual property products,1999,Current Dollars,Level,6,"1,045,924",FAAt401
FAAt401,k1ntotl2ip00,20,Intellectual property products,2000,Current Dollars,Level,6,"1,157,221",FAAt401
FAAt401,k1ntotl2ip00,20,Intellectual property products,2001,Current Dollars,Level,6,"1,208,692",FAAt401
FAAt401,k1ntotl2ip00,20,Intellectual property products,2002,Current Dollars,Level,6,"1,247,121",FAAt401
FAAt401,k1ntotl2ip00,20,Intellectual property products,2003,Current Dollars,Level,6,"1,311,696",FAAt401
FAAt401,k1ntotl2ip00,20,Intellectual property products,2004,Current Dollars,Level,6,"1,369,408",FAAt401
FAAt401,k1ntotl2ip00,20,Intellectual property products,2005,Current Dollars,Level,6,"1,459,273",FAAt401
FAAt401,k1ntotl2ip00,20,Intellectual property products,2006,Current Dollars,Level,6,"1,547,066",FAAt401
FAAt401,k1ntotl2ip00,20,Intellectual property products,2007,Current Dollars,Level,6,"1,656,656",FAAt401
FAAt401,k1ntotl2ip00,20,Intellectual property products,2008,Current Dollars,Level,6,"1,743,630",FAAt401
FAAt401,k1ntotl2ip00,20,Intellectual property products,2009,Current Dollars,Level,6,"1,788,326",FAAt401
FAAt401,k1ntotl2ip00,20,Intellectual property products,2010,Current Dollars,Level,6,"1,861,472",FAAt401
FAAt401,k1ntotl2ip00,20,Intellectual property products,2011,Current Dollars,Level,6,"1,960,320",FAAt401
FAAt401,k1ntotl2ip00,20,Intellectual property products,2012,Current Dollars,Level,6,"2,046,265",FAAt401
FAAt401,k1ntotl2ip00,20,Intellectual property products,2013,Current Dollars,Level,6,"2,159,848",FAAt401
FAAt401,k1ntotl2ip00,20,Intellectual property products,2014,Current Dollars,Level,6,"2,266,477",FAAt401
FAAt401,k1ntotl2ip00,20,Intellectual property products,2015,Current Dollars,Level,6,"2,341,378",FAAt401
FAAt401,k1ntotl2ip00,20,Intellectual property products,2016,Current Dollars,Level,6,"2,496,005",FAAt401
FAAt401,k1ntotl2ip00,20,Intellectual property products,2017,Current Dollars,Level,6,"2,683,546",FAAt401
FAAt401,k1ntotl2ip00,20,Intellectual property products,2018,Current Dollars,Level,6,"2,864,524",FAAt401
FAAt401,k1ntotl2ip00,20,Intellectual property products,2019,Current Dollars,Level,6,"3,054,390",FAAt401
FAAt401,k1ntotl2ip00,20,Intellectual property products,2020,Current Dollars,Level,6,"3,355,876",FAAt401
FAAt401,k1ntotl2ip00,20,Intellectual property products,2021,Current Dollars,Level,6,"3,614,011",FAAt401
FAAt401,k1ntotl2ip00,20,Intellectual property products,2022,Current Dollars,Level,6,"3,957,702",FAAt401
FAAt401,k1ntotl2ip00,20,Intellectual property products,2023,Current Dollars,Level,6,"4,279,314",FAAt401
FAAt401,k1ntotl2ip00,20,Intellectual property products,2024,Current Dollars,Level,6,"4,612,694",FAAt401
FAAt401,k1n110c2es00,21,Farms,1925,Current Dollars,Level,6,203,FAAt401
FAAt401,k1n110c2es00,21,Farms,1926,Current Dollars,Level,6,206,FAAt401
FAAt401,k1n110c2es00,21,Farms,1927,Current Dollars,Level,6,207,FAAt401
FAAt401,k1n110c2es00,21,Farms,1928,Current Dollars,Level,6,210,FAAt401
FAAt401,k1n110c2es00,21,Farms,1929,Current Dollars,Level,6,206,FAAt401
FAAt401,k1n110c2es00,21,Farms,1930,Current Dollars,Level,6,188,FAAt401
FAAt401,k1n110c2es00,21,Farms,1931,Current Dollars,Level,6,162,FAAt401
FAAt401,k1n110c2es00,21,Farms,1932,Current Dollars,Level,6,143,FAAt401
FAAt401,k1n110c2es00,21,Farms,1933,Current Dollars,Level,6,151,FAAt401
FAAt401,k1n110c2es00,21,Farms,1934,Current Dollars,Level,6,152,FAAt401
FAAt401,k1n110c2es00,21,Farms,1935,Current Dollars,Level,6,151,FAAt401
FAAt401,k1n110c2es00,21,Farms,1936,Current Dollars,Level,6,157,FAAt401
FAAt401,k1n110c2es00,21,Farms,1937,Current Dollars,Level,6,165,FAAt401
FAAt401,k1n110c2es00,21,Farms,1938,Current Dollars,Level,6,162,FAAt401
FAAt401,k1n110c2es00,21,Farms,1939,Current Dollars,Level,6,152,FAAt401
FAAt401,k1n110c2es00,21,Farms,1940,Current Dollars,Level,6,160,FAAt401
FAAt401,k1n110c2es00,21,Farms,1941,Current Dollars,Level,6,193,FAAt401
FAAt401,k1n110c2es00,21,Farms,1942,Current Dollars,Level,6,216,FAAt401
FAAt401,k1n110c2es00,21,Farms,1943,Current Dollars,Level,6,236,FAAt401
FAAt401,k1n110c2es00,21,Farms,1944,Current Dollars,Level,6,246,FAAt401
FAAt401,k1n110c2es00,21,Farms,1945,Current Dollars,Level,6,271,FAAt401
FAAt401,k1n110c2es00,21,Farms,1946,Current Dollars,Level,6,330,FAAt401
FAAt401,k1n110c2es00,21,Farms,1947,Current Dollars,Level,6,406,FAAt401
FAAt401,k1n110c2es00,21,Farms,1948,Current Dollars,Level,6,461,FAAt401
FAAt401,k1n110c2es00,21,Farms,1949,Current Dollars,Level,6,480,FAAt401
FAAt401,k1n110c2es00,21,Farms,1950,Current Dollars,Level,6,558,FAAt401
FAAt401,k1n110c2es00,21,Farms,1951,Current Dollars,Level,6,607,FAAt401
FAAt401,k1n110c2es00,21,Farms,1952,Current Dollars,Level,6,665,FAAt401
FAAt401,k1n110c2es00,21,Farms,1953,Current Dollars,Level,6,700,FAAt401
FAAt401,k1n110c2es00,21,Farms,1954,Current Dollars,Level,6,743,FAAt401
FAAt401,k1n110c2es00,21,Farms,1955,Current Dollars,Level,6,841,FAAt401
FAAt401,k1n110c2es00,21,Farms,1956,Current Dollars,Level,6,934,FAAt401
FAAt401,k1n110c2es00,21,Farms,1957,Current Dollars,Level,6,"1,016",FAAt401
FAAt401,k1n110c2es00,21,Farms,1958,Current Dollars,Level,6,"1,068",FAAt401
FAAt401,k1n110c2es00,21,Farms,1959,Current Dollars,Level,6,"1,175",FAAt401
FAAt401,k1n110c2es00,21,Farms,1960,Current Dollars,Level,6,"1,275",FAAt401
FAAt401,k1n110c2es00,21,Farms,1961,Current Dollars,Level,6,"1,368",FAAt401
FAAt401,k1n110c2es00,21,Farms,1962,Current Dollars,Level,6,"1,480",FAAt401
FAAt401,k1n110c2es00,21,Farms,1963,Current Dollars,Level,6,"1,619",FAAt401
FAAt401,k1n110c2es00,21,Farms,1964,Current Dollars,Level,6,"1,779",FAAt401
FAAt401,k1n110c2es00,21,Farms,1965,Current Dollars,Level,6,"1,959",FAAt401
FAAt401,k1n110c2es00,21,Farms,1966,Current Dollars,Level,6,"2,185",FAAt401
FAAt401,k1n110c2es00,21,Farms,1967,Current Dollars,Level,6,"2,402",FAAt401
FAAt401,k1n110c2es00,21,Farms,1968,Current Dollars,Level,6,"2,675",FAAt401
FAAt401,k1n110c2es00,21,Farms,1969,Current Dollars,Level,6,"2,960",FAAt401
FAAt401,k1n110c2es00,21,Farms,1970,Current Dollars,Level,6,"3,290",FAAt401
FAAt401,k1n110c2es00,21,Farms,1971,Current Dollars,Level,6,"3,634",FAAt401
FAAt401,k1n110c2es00,21,Farms,1972,Current Dollars,Level,6,"3,962",FAAt401
FAAt401,k1n110c2es00,21,Farms,1973,Current Dollars,Level,6,"4,565",FAAt401
FAAt401,k1n110c2es00,21,Farms,1974,Current Dollars,Level,6,"5,843",FAAt401
FAAt401,k1n110c2es00,21,Farms,1975,Current Dollars,Level,6,"6,872",FAAt401
FAAt401,k1n110c2es00,21,Farms,1976,Current Dollars,Level,6,"7,935",FAAt401
FAAt401,k1n110c2es00,21,Farms,1977,Current Dollars,Level,6,"9,204",FAAt401
FAAt401,k1n110c2es00,21,Farms,1978,Current Dollars,Level,6,"10,706",FAAt401
FAAt401,k1n110c2es00,21,Farms,1979,Current Dollars,Level,6,"12,904",FAAt401
FAAt401,k1n110c2es00,21,Farms,1980,Current Dollars,Level,6,"14,754",FAAt401
FAAt401,k1n110c2es00,21,Farms,1981,Current Dollars,Level,6,"16,519",FAAt401
FAAt401,k1n110c2es00,21,Farms,1982,Current Dollars,Level,6,"17,270",FAAt401
FAAt401,k1n110c2es00,21,Farms,1983,Current Dollars,Level,6,"17,389",FAAt401
FAAt401,k1n110c2es00,21,Farms,1984,Current Dollars,Level,6,"17,429",FAAt401
FAAt401,k1n110c2es00,21,Farms,1985,Current Dollars,Level,6,"17,443",FAAt401
FAAt401,k1n110c2es00,21,Farms,1986,Current Dollars,Level,6,"17,646",FAAt401
FAAt401,k1n110c2es00,21,Farms,1987,Current Dollars,Level,6,"17,861",FAAt401
FAAt401,k1n110c2es00,21,Farms,1988,Current Dollars,Level,6,"18,237",FAAt401
FAAt401,k1n110c2es00,21,Farms,1989,Current Dollars,Level,6,"18,784",FAAt401
FAAt401,k1n110c2es00,21,Farms,1990,Current Dollars,Level,6,"19,646",FAAt401
FAAt401,k1n110c2es00,21,Farms,1991,Current Dollars,Level,6,"20,089",FAAt401
FAAt401,k1n110c2es00,21,Farms,1992,Current Dollars,Level,6,"20,313",FAAt401
FAAt401,k1n110c2es00,21,Farms,1993,Current Dollars,Level,6,"21,385",FAAt401
FAAt401,k1n110c2es00,21,Farms,1994,Current Dollars,Level,6,"23,302",FAAt401
FAAt401,k1n110c2es00,21,Farms,1995,Current Dollars,Level,6,"25,604",FAAt401
FAAt401,k1n110c2es00,21,Farms,1996,Current Dollars,Level,6,"27,919",FAAt401
FAAt401,k1n110c2es00,21,Farms,1997,Current Dollars,Level,6,"30,397",FAAt401
FAAt401,k1n110c2es00,21,Farms,1998,Current Dollars,Level,6,"33,559",FAAt401
FAAt401,k1n110c2es00,21,Farms,1999,Current Dollars,Level,6,"36,191",FAAt401
FAAt401,k1n110c2es00,21,Farms,2000,Current Dollars,Level,6,"39,889",FAAt401
FAAt401,k1n110c2es00,21,Farms,2001,Current Dollars,Level,6,"44,528",FAAt401
FAAt401,k1n110c2es00,21,Farms,2002,Current Dollars,Level,6,"50,332",FAAt401
FAAt401,k1n110c2es00,21,Farms,2003,Current Dollars,Level,6,"56,470",FAAt401
FAAt401,k1n110c2es00,21,Farms,2004,Current Dollars,Level,6,"65,096",FAAt401
FAAt401,k1n110c2es00,21,Farms,2005,Current Dollars,Level,6,"73,215",FAAt401
FAAt401,k1n110c2es00,21,Farms,2006,Current Dollars,Level,6,"80,021",FAAt401
FAAt401,k1n110c2es00,21,Farms,2007,Current Dollars,Level,6,"86,098",FAAt401
FAAt401,k1n110c2es00,21,Farms,2008,Current Dollars,Level,6,"94,061",FAAt401
FAAt401,k1n110c2es00,21,Farms,2009,Current Dollars,Level,6,"96,061",FAAt401
FAAt401,k1n110c2es00,21,Farms,2010,Current Dollars,Level,6,"100,299",FAAt401
FAAt401,k1n110c2es00,21,Farms,2011,Current Dollars,Level,6,"107,728",FAAt401
FAAt401,k1n110c2es00,21,Farms,2012,Current Dollars,Level,6,"117,320",FAAt401
FAAt401,k1n110c2es00,21,Farms,2013,Current Dollars,Level,6,"130,323",FAAt401
FAAt401,k1n110c2es00,21,Farms,2014,Current Dollars,Level,6,"144,038",FAAt401
FAAt401,k1n110c2es00,21,Farms,2015,Current Dollars,Level,6,"148,518",FAAt401
FAAt401,k1n110c2es00,21,Farms,2016,Current Dollars,Level,6,"151,700",FAAt401
FAAt401,k1n110c2es00,21,Farms,2017,Current Dollars,Level,6,"155,407",FAAt401
FAAt401,k1n110c2es00,21,Farms,2018,Current Dollars,Level,6,"160,568",FAAt401
FAAt401,k1n110c2es00,21,Farms,2019,Current Dollars,Level,6,"165,471",FAAt401
FAAt401,k1n110c2es00,21,Farms,2020,Current Dollars,Level,6,"170,479",FAAt401
FAAt401,k1n110c2es00,21,Farms,2021,Current Dollars,Level,6,"192,587",FAAt401
FAAt401,k1n110c2es00,21,Farms,2022,Current Dollars,Level,6,"213,899",FAAt401
FAAt401,k1n110c2es00,21,Farms,2023,Current Dollars,Level,6,"220,691",FAAt401
FAAt401,k1n110c2es00,21,Farms,2024,Current Dollars,Level,6,"227,901",FAAt401
FAAt401,k1n110c2eq00,22,Equipment,1925,Current Dollars,Level,6,55,FAAt401
FAAt401,k1n110c2eq00,22,Equipment,1926,Current Dollars,Level,6,60,FAAt401
FAAt401,k1n110c2eq00,22,Equipment,1927,Current Dollars,Level,6,63,FAAt401
FAAt401,k1n110c2eq00,22,Equipment,1928,Current Dollars,Level,6,65,FAAt401
FAAt401,k1n110c2eq00,22,Equipment,1929,Current Dollars,Level,6,68,FAAt401
FAAt401,k1n110c2eq00,22,Equipment,1930,Current Dollars,Level,6,68,FAAt401
FAAt401,k1n110c2eq00,22,Equipment,1931,Current Dollars,Level,6,62,FAAt401
FAAt401,k1n110c2eq00,22,Equipment,1932,Current Dollars,Level,6,58,FAAt401
FAAt401,k1n110c2eq00,22,Equipment,1933,Current Dollars,Level,6,54,FAAt401
FAAt401,k1n110c2eq00,22,Equipment,1934,Current Dollars,Level,6,49,FAAt401
FAAt401,k1n110c2eq00,22,Equipment,1935,Current Dollars,Level,6,49,FAAt401
FAAt401,k1n110c2eq00,22,Equipment,1936,Current Dollars,Level,6,54,FAAt401
FAAt401,k1n110c2eq00,22,Equipment,1937,Current Dollars,Level,6,60,FAAt401
FAAt401,k1n110c2eq00,22,Equipment,1938,Current Dollars,Level,6,63,FAAt401
FAAt401,k1n110c2eq00,22,Equipment,1939,Current Dollars,Level,6,64,FAAt401
FAAt401,k1n110c2eq00,22,Equipment,1940,Current Dollars,Level,6,69,FAAt401
FAAt401,k1n110c2eq00,22,Equipment,1941,Current Dollars,Level,6,82,FAAt401
FAAt401,k1n110c2eq00,22,Equipment,1942,Current Dollars,Level,6,83,FAAt401
FAAt401,k1n110c2eq00,22,Equipment,1943,Current Dollars,Level,6,82,FAAt401
FAAt401,k1n110c2eq00,22,Equipment,1944,Current Dollars,Level,6,85,FAAt401
FAAt401,k1n110c2eq00,22,Equipment,1945,Current Dollars,Level,6,94,FAAt401
FAAt401,k1n110c2eq00,22,Equipment,1946,Current Dollars,Level,6,104,FAAt401
FAAt401,k1n110c2eq00,22,Equipment,1947,Current Dollars,Level,6,132,FAAt401
FAAt401,k1n110c2eq00,22,Equipment,1948,Current Dollars,Level,6,175,FAAt401
FAAt401,k1n110c2eq00,22,Equipment,1949,Current Dollars,Level,6,198,FAAt401
FAAt401,k1n110c2eq00,22,Equipment,1950,Current Dollars,Level,6,237,FAAt401
FAAt401,k1n110c2eq00,22,Equipment,1951,Current Dollars,Level,6,260,FAAt401
FAAt401,k1n110c2eq00,22,Equipment,1952,Current Dollars,Level,6,296,FAAt401
FAAt401,k1n110c2eq00,22,Equipment,1953,Current Dollars,Level,6,329,FAAt401
FAAt401,k1n110c2eq00,22,Equipment,1954,Current Dollars,Level,6,359,FAAt401
FAAt401,k1n110c2eq00,22,Equipment,1955,Current Dollars,Level,6,415,FAAt401
FAAt401,k1n110c2eq00,22,Equipment,1956,Current Dollars,Level,6,464,FAAt401
FAAt401,k1n110c2eq00,22,Equipment,1957,Current Dollars,Level,6,521,FAAt401
FAAt401,k1n110c2eq00,22,Equipment,1958,Current Dollars,Level,6,582,FAAt401
FAAt401,k1n110c2eq00,22,Equipment,1959,Current Dollars,Level,6,660,FAAt401
FAAt401,k1n110c2eq00,22,Equipment,1960,Current Dollars,Level,6,721,FAAt401
FAAt401,k1n110c2eq00,22,Equipment,1961,Current Dollars,Level,6,767,FAAt401
FAAt401,k1n110c2eq00,22,Equipment,1962,Current Dollars,Level,6,821,FAAt401
FAAt401,k1n110c2eq00,22,Equipment,1963,Current Dollars,Level,6,898,FAAt401
FAAt401,k1n110c2eq00,22,Equipment,1964,Current Dollars,Level,6,981,FAAt401
FAAt401,k1n110c2eq00,22,Equipment,1965,Current Dollars,Level,6,"1,093",FAAt401
FAAt401,k1n110c2eq00,22,Equipment,1966,Current Dollars,Level,6,"1,239",FAAt401
FAAt401,k1n110c2eq00,22,Equipment,1967,Current Dollars,Level,6,"1,375",FAAt401
FAAt401,k1n110c2eq00,22,Equipment,1968,Current Dollars,Level,6,"1,522",FAAt401
FAAt401,k1n110c2eq00,22,Equipment,1969,Current Dollars,Level,6,"1,675",FAAt401
FAAt401,k1n110c2eq00,22,Equipment,1970,Current Dollars,Level,6,"1,854",FAAt401
FAAt401,k1n110c2eq00,22,Equipment,1971,Current Dollars,Level,6,"2,004",FAAt401
FAAt401,k1n110c2eq00,22,Equipment,1972,Current Dollars,Level,6,"2,172",FAAt401
FAAt401,k1n110c2eq00,22,Equipment,1973,Current Dollars,Level,6,"2,540",FAAt401
FAAt401,k1n110c2eq00,22,Equipment,1974,Current Dollars,Level,6,"3,357",FAAt401
FAAt401,k1n110c2eq00,22,Equipment,1975,Current Dollars,Level,6,"4,057",FAAt401
FAAt401,k1n110c2eq00,22,Equipment,1976,Current Dollars,Level,6,"4,717",FAAt401
FAAt401,k1n110c2eq00,22,Equipment,1977,Current Dollars,Level,6,"5,431",FAAt401
FAAt401,k1n110c2eq00,22,Equipment,1978,Current Dollars,Level,6,"6,237",FAAt401
FAAt401,k1n110c2eq00,22,Equipment,1979,Current Dollars,Level,6,"7,516",FAAt401
FAAt401,k1n110c2eq00,22,Equipment,1980,Current Dollars,Level,6,"8,510",FAAt401
FAAt401,k1n110c2eq00,22,Equipment,1981,Current Dollars,Level,6,"9,616",FAAt401
FAAt401,k1n110c2eq00,22,Equipment,1982,Current Dollars,Level,6,"9,953",FAAt401
FAAt401,k1n110c2eq00,22,Equipment,1983,Current Dollars,Level,6,"9,791",FAAt401
FAAt401,k1n110c2eq00,22,Equipment,1984,Current Dollars,Level,6,"9,511",FAAt401
FAAt401,k1n110c2eq00,22,Equipment,1985,Current Dollars,Level,6,"9,332",FAAt401
FAAt401,k1n110c2eq00,22,Equipment,1986,Current Dollars,Level,6,"9,297",FAAt401
FAAt401,k1n110c2eq00,22,Equipment,1987,Current Dollars,Level,6,"9,236",FAAt401
FAAt401,k1n110c2eq00,22,Equipment,1988,Current Dollars,Level,6,"9,357",FAAt401
FAAt401,k1n110c2eq00,22,Equipment,1989,Current Dollars,Level,6,"9,664",FAAt401
FAAt401,k1n110c2eq00,22,Equipment,1990,Current Dollars,Level,6,"10,304",FAAt401
FAAt401,k1n110c2eq00,22,Equipment,1991,Current Dollars,Level,6,"10,726",FAAt401
FAAt401,k1n110c2eq00,22,Equipment,1992,Current Dollars,Level,6,"10,825",FAAt401
FAAt401,k1n110c2eq00,22,Equipment,1993,Current Dollars,Level,6,"11,456",FAAt401
FAAt401,k1n110c2eq00,22,Equipment,1994,Current Dollars,Level,6,"12,637",FAAt401
FAAt401,k1n110c2eq00,22,Equipment,1995,Current Dollars,Level,6,"14,258",FAAt401
FAAt401,k1n110c2eq00,22,Equipment,1996,Current Dollars,Level,6,"15,838",FAAt401
FAAt401,k1n110c2eq00,22,Equipment,1997,Current Dollars,Level,6,"17,800",FAAt401
FAAt401,k1n110c2eq00,22,Equipment,1998,Current Dollars,Level,6,"20,205",FAAt401
FAAt401,k1n110c2eq00,22,Equipment,1999,Current Dollars,Level,6,"21,823",FAAt401
FAAt401,k1n110c2eq00,22,Equipment,2000,Current Dollars,Level,6,"24,030",FAAt401
FAAt401,k1n110c2eq00,22,Equipment,2001,Current Dollars,Level,6,"26,987",FAAt401
FAAt401,k1n110c2eq00,22,Equipment,2002,Current Dollars,Level,6,"31,052",FAAt401
FAAt401,k1n110c2eq00,22,Equipment,2003,Current Dollars,Level,6,"35,329",FAAt401
FAAt401,k1n110c2eq00,22,Equipment,2004,Current Dollars,Level,6,"40,779",FAAt401
FAAt401,k1n110c2eq00,22,Equipment,2005,Current Dollars,Level,6,"45,314",FAAt401
FAAt401,k1n110c2eq00,22,Equipment,2006,Current Dollars,Level,6,"49,082",FAAt401
FAAt401,k1n110c2eq00,22,Equipment,2007,Current Dollars,Level,6,"53,004",FAAt401
FAAt401,k1n110c2eq00,22,Equipment,2008,Current Dollars,Level,6,"58,700",FAAt401
FAAt401,k1n110c2eq00,22,Equipment,2009,Current Dollars,Level,6,"61,592",FAAt401
FAAt401,k1n110c2eq00,22,Equipment,2010,Current Dollars,Level,6,"64,635",FAAt401
FAAt401,k1n110c2eq00,22,Equipment,2011,Current Dollars,Level,6,"69,643",FAAt401
FAAt401,k1n110c2eq00,22,Equipment,2012,Current Dollars,Level,6,"76,274",FAAt401
FAAt401,k1n110c2eq00,22,Equipment,2013,Current Dollars,Level,6,"84,881",FAAt401
FAAt401,k1n110c2eq00,22,Equipment,2014,Current Dollars,Level,6,"93,468",FAAt401
FAAt401,k1n110c2eq00,22,Equipment,2015,Current Dollars,Level,6,"94,967",FAAt401
FAAt401,k1n110c2eq00,22,Equipment,2016,Current Dollars,Level,6,"93,588",FAAt401
FAAt401,k1n110c2eq00,22,Equipment,2017,Current Dollars,Level,6,"93,176",FAAt401
FAAt401,k1n110c2eq00,22,Equipment,2018,Current Dollars,Level,6,"94,180",FAAt401
FAAt401,k1n110c2eq00,22,Equipment,2019,Current Dollars,Level,6,"94,895",FAAt401
FAAt401,k1n110c2eq00,22,Equipment,2020,Current Dollars,Level,6,"96,242",FAAt401
FAAt401,k1n110c2eq00,22,Equipment,2021,Current Dollars,Level,6,"107,251",FAAt401
FAAt401,k1n110c2eq00,22,Equipment,2022,Current Dollars,Level,6,"118,800",FAAt401
FAAt401,k1n110c2eq00,22,Equipment,2023,Current Dollars,Level,6,"121,372",FAAt401
FAAt401,k1n110c2eq00,22,Equipment,2024,Current Dollars,Level,6,"123,388",FAAt401
FAAt401,k1n110c2st00,23,Structures,1925,Current Dollars,Level,6,148,FAAt401
FAAt401,k1n110c2st00,23,Structures,1926,Current Dollars,Level,6,146,FAAt401
FAAt401,k1n110c2st00,23,Structures,1927,Current Dollars,Level,6,145,FAAt401
FAAt401,k1n110c2st00,23,Structures,1928,Current Dollars,Level,6,145,FAAt401
FAAt401,k1n110c2st00,23,Structures,1929,Current Dollars,Level,6,138,FAAt401
FAAt401,k1n110c2st00,23,Structures,1930,Current Dollars,Level,6,120,FAAt401
FAAt401,k1n110c2st00,23,Structures,1931,Current Dollars,Level,6,101,FAAt401
FAAt401,k1n110c2st00,23,Structures,1932,Current Dollars,Level,6,84,FAAt401
FAAt401,k1n110c2st00,23,Structures,1933,Current Dollars,Level,6,97,FAAt401
FAAt401,k1n110c2st00,23,Structures,1934,Current Dollars,Level,6,103,FAAt401
FAAt401,k1n110c2st00,23,Structures,1935,Current Dollars,Level,6,102,FAAt401
FAAt401,k1n110c2st00,23,Structures,1936,Current Dollars,Level,6,103,FAAt401
FAAt401,k1n110c2st00,23,Structures,1937,Current Dollars,Level,6,105,FAAt401
FAAt401,k1n110c2st00,23,Structures,1938,Current Dollars,Level,6,100,FAAt401
FAAt401,k1n110c2st00,23,Structures,1939,Current Dollars,Level,6,88,FAAt401
FAAt401,k1n110c2st00,23,Structures,1940,Current Dollars,Level,6,91,FAAt401
FAAt401,k1n110c2st00,23,Structures,1941,Current Dollars,Level,6,111,FAAt401
FAAt401,k1n110c2st00,23,Structures,1942,Current Dollars,Level,6,133,FAAt401
FAAt401,k1n110c2st00,23,Structures,1943,Current Dollars,Level,6,153,FAAt401
FAAt401,k1n110c2st00,23,Structures,1944,Current Dollars,Level,6,161,FAAt401
FAAt401,k1n110c2st00,23,Structures,1945,Current Dollars,Level,6,177,FAAt401
FAAt401,k1n110c2st00,23,Structures,1946,Current Dollars,Level,6,225,FAAt401
FAAt401,k1n110c2st00,23,Structures,1947,Current Dollars,Level,6,274,FAAt401
FAAt401,k1n110c2st00,23,Structures,1948,Current Dollars,Level,6,285,FAAt401
FAAt401,k1n110c2st00,23,Structures,1949,Current Dollars,Level,6,282,FAAt401
FAAt401,k1n110c2st00,23,Structures,1950,Current Dollars,Level,6,321,FAAt401
FAAt401,k1n110c2st00,23,Structures,1951,Current Dollars,Level,6,347,FAAt401
FAAt401,k1n110c2st00,23,Structures,1952,Current Dollars,Level,6,369,FAAt401
FAAt401,k1n110c2st00,23,Structures,1953,Current Dollars,Level,6,371,FAAt401
FAAt401,k1n110c2st00,23,Structures,1954,Current Dollars,Level,6,384,FAAt401
FAAt401,k1n110c2st00,23,Structures,1955,Current Dollars,Level,6,426,FAAt401
FAAt401,k1n110c2st00,23,Structures,1956,Current Dollars,Level,6,470,FAAt401
FAAt401,k1n110c2st00,23,Structures,1957,Current Dollars,Level,6,495,FAAt401
FAAt401,k1n110c2st00,23,Structures,1958,Current Dollars,Level,6,486,FAAt401
FAAt401,k1n110c2st00,23,Structures,1959,Current Dollars,Level,6,515,FAAt401
FAAt401,k1n110c2st00,23,Structures,1960,Current Dollars,Level,6,554,FAAt401
FAAt401,k1n110c2st00,23,Structures,1961,Current Dollars,Level,6,601,FAAt401
FAAt401,k1n110c2st00,23,Structures,1962,Current Dollars,Level,6,659,FAAt401
FAAt401,k1n110c2st00,23,Structures,1963,Current Dollars,Level,6,721,FAAt401
FAAt401,k1n110c2st00,23,Structures,1964,Current Dollars,Level,6,798,FAAt401
FAAt401,k1n110c2st00,23,Structures,1965,Current Dollars,Level,6,866,FAAt401
FAAt401,k1n110c2st00,23,Structures,1966,Current Dollars,Level,6,946,FAAt401
FAAt401,k1n110c2st00,23,Structures,1967,Current Dollars,Level,6,"1,027",FAAt401
FAAt401,k1n110c2st00,23,Structures,1968,Current Dollars,Level,6,"1,153",FAAt401
FAAt401,k1n110c2st00,23,Structures,1969,Current Dollars,Level,6,"1,285",FAAt401
FAAt401,k1n110c2st00,23,Structures,1970,Current Dollars,Level,6,"1,437",FAAt401
FAAt401,k1n110c2st00,23,Structures,1971,Current Dollars,Level,6,"1,631",FAAt401
FAAt401,k1n110c2st00,23,Structures,1972,Current Dollars,Level,6,"1,791",FAAt401
FAAt401,k1n110c2st00,23,Structures,1973,Current Dollars,Level,6,"2,025",FAAt401
FAAt401,k1n110c2st00,23,Structures,1974,Current Dollars,Level,6,"2,485",FAAt401
FAAt401,k1n110c2st00,23,Structures,1975,Current Dollars,Level,6,"2,815",FAAt401
FAAt401,k1n110c2st00,23,Structures,1976,Current Dollars,Level,6,"3,217",FAAt401
FAAt401,k1n110c2st00,23,Structures,1977,Current Dollars,Level,6,"3,773",FAAt401
FAAt401,k1n110c2st00,23,Structures,1978,Current Dollars,Level,6,"4,469",FAAt401
FAAt401,k1n110c2st00,23,Structures,1979,Current Dollars,Level,6,"5,388",FAAt401
FAAt401,k1n110c2st00,23,Structures,1980,Current Dollars,Level,6,"6,244",FAAt401
FAAt401,k1n110c2st00,23,Structures,1981,Current Dollars,Level,6,"6,903",FAAt401
FAAt401,k1n110c2st00,23,Structures,1982,Current Dollars,Level,6,"7,317",FAAt401
FAAt401,k1n110c2st00,23,Structures,1983,Current Dollars,Level,6,"7,598",FAAt401
FAAt401,k1n110c2st00,23,Structures,1984,Current Dollars,Level,6,"7,918",FAAt401
FAAt401,k1n110c2st00,23,Structures,1985,Current Dollars,Level,6,"8,111",FAAt401
FAAt401,k1n110c2st00,23,Structures,1986,Current Dollars,Level,6,"8,349",FAAt401
FAAt401,k1n110c2st00,23,Structures,1987,Current Dollars,Level,6,"8,625",FAAt401
FAAt401,k1n110c2st00,23,Structures,1988,Current Dollars,Level,6,"8,879",FAAt401
FAAt401,k1n110c2st00,23,Structures,1989,Current Dollars,Level,6,"9,116",FAAt401
FAAt401,k1n110c2st00,23,Structures,1990,Current Dollars,Level,6,"9,333",FAAt401
FAAt401,k1n110c2st00,23,Structures,1991,Current Dollars,Level,6,"9,350",FAAt401
FAAt401,k1n110c2st00,23,Structures,1992,Current Dollars,Level,6,"9,467",FAAt401
FAAt401,k1n110c2st00,23,Structures,1993,Current Dollars,Level,6,"9,894",FAAt401
FAAt401,k1n110c2st00,23,Structures,1994,Current Dollars,Level,6,"10,618",FAAt401
FAAt401,k1n110c2st00,23,Structures,1995,Current Dollars,Level,6,"11,284",FAAt401
FAAt401,k1n110c2st00,23,Structures,1996,Current Dollars,Level,6,"12,008",FAAt401
FAAt401,k1n110c2st00,23,Structures,1997,Current Dollars,Level,6,"12,501",FAAt401
FAAt401,k1n110c2st00,23,Structures,1998,Current Dollars,Level,6,"13,271",FAAt401
FAAt401,k1n110c2st00,23,Structures,1999,Current Dollars,Level,6,"14,301",FAAt401
FAAt401,k1n110c2st00,23,Structures,2000,Current Dollars,Level,6,"15,799",FAAt401
FAAt401,k1n110c2st00,23,Structures,2001,Current Dollars,Level,6,"17,492",FAAt401
FAAt401,k1n110c2st00,23,Structures,2002,Current Dollars,Level,6,"19,238",FAAt401
FAAt401,k1n110c2st00,23,Structures,2003,Current Dollars,Level,6,"21,108",FAAt401
FAAt401,k1n110c2st00,23,Structures,2004,Current Dollars,Level,6,"24,289",FAAt401
FAAt401,k1n110c2st00,23,Structures,2005,Current Dollars,Level,6,"27,876",FAAt401
FAAt401,k1n110c2st00,23,Structures,2006,Current Dollars,Level,6,"30,916",FAAt401
FAAt401,k1n110c2st00,23,Structures,2007,Current Dollars,Level,6,"33,073",FAAt401
FAAt401,k1n110c2st00,23,Structures,2008,Current Dollars,Level,6,"35,340",FAAt401
FAAt401,k1n110c2st00,23,Structures,2009,Current Dollars,Level,6,"34,448",FAAt401
FAAt401,k1n110c2st00,23,Structures,2010,Current Dollars,Level,6,"35,644",FAAt401
FAAt401,k1n110c2st00,23,Structures,2011,Current Dollars,Level,6,"38,063",FAAt401
FAAt401,k1n110c2st00,23,Structures,2012,Current Dollars,Level,6,"41,023",FAAt401
FAAt401,k1n110c2st00,23,Structures,2013,Current Dollars,Level,6,"45,416",FAAt401
FAAt401,k1n110c2st00,23,Structures,2014,Current Dollars,Level,6,"50,539",FAAt401
FAAt401,k1n110c2st00,23,Structures,2015,Current Dollars,Level,6,"53,523",FAAt401
FAAt401,k1n110c2st00,23,Structures,2016,Current Dollars,Level,6,"58,086",FAAt401
FAAt401,k1n110c2st00,23,Structures,2017,Current Dollars,Level,6,"62,201",FAAt401
FAAt401,k1n110c2st00,23,Structures,2018,Current Dollars,Level,6,"66,357",FAAt401
FAAt401,k1n110c2st00,23,Structures,2019,Current Dollars,Level,6,"70,544",FAAt401
FAAt401,k1n110c2st00,23,Structures,2020,Current Dollars,Level,6,"74,199",FAAt401
FAAt401,k1n110c2st00,23,Structures,2021,Current Dollars,Level,6,"85,292",FAAt401
FAAt401,k1n110c2st00,23,Structures,2022,Current Dollars,Level,6,"95,049",FAAt401
FAAt401,k1n110c2st00,23,Structures,2023,Current Dollars,Level,6,"99,264",FAAt401
FAAt401,k1n110c2st00,23,Structures,2024,Current Dollars,Level,6,"104,450",FAAt401
FAAt401,k1n110c2ip00,24,Intellectual property products,1925,Current Dollars,Level,6,0,FAAt401
FAAt401,k1n110c2ip00,24,Intellectual property products,1926,Current Dollars,Level,6,0,FAAt401
FAAt401,k1n110c2ip00,24,Intellectual property products,1927,Current Dollars,Level,6,0,FAAt401
FAAt401,k1n110c2ip00,24,Intellectual property products,1928,Current Dollars,Level,6,0,FAAt401
FAAt401,k1n110c2ip00,24,Intellectual property products,1929,Current Dollars,Level,6,0,FAAt401
FAAt401,k1n110c2ip00,24,Intellectual property products,1930,Current Dollars,Level,6,0,FAAt401
FAAt401,k1n110c2ip00,24,Intellectual property products,1931,Current Dollars,Level,6,0,FAAt401
FAAt401,k1n110c2ip00,24,Intellectual property products,1932,Current Dollars,Level,6,0,FAAt401
FAAt401,k1n110c2ip00,24,Intellectual property products,1933,Current Dollars,Level,6,0,FAAt401
FAAt401,k1n110c2ip00,24,Intellectual property products,1934,Current Dollars,Level,6,0,FAAt401
FAAt401,k1n110c2ip00,24,Intellectual property products,1935,Current Dollars,Level,6,0,FAAt401
FAAt401,k1n110c2ip00,24,Intellectual property products,1936,Current Dollars,Level,6,0,FAAt401
FAAt401,k1n110c2ip00,24,Intellectual property products,1937,Current Dollars,Level,6,0,FAAt401
FAAt401,k1n110c2ip00,24,Intellectual property products,1938,Current Dollars,Level,6,0,FAAt401
FAAt401,k1n110c2ip00,24,Intellectual property products,1939,Current Dollars,Level,6,0,FAAt401
FAAt401,k1n110c2ip00,24,Intellectual property products,1940,Current Dollars,Level,6,0,FAAt401
FAAt401,k1n110c2ip00,24,Intellectual property products,1941,Current Dollars,Level,6,0,FAAt401
FAAt401,k1n110c2ip00,24,Intellectual property products,1942,Current Dollars,Level,6,0,FAAt401
FAAt401,k1n110c2ip00,24,Intellectual property products,1943,Current Dollars,Level,6,0,FAAt401
FAAt401,k1n110c2ip00,24,Intellectual property products,1944,Current Dollars,Level,6,0,FAAt401
FAAt401,k1n110c2ip00,24,Intellectual property products,1945,Current Dollars,Level,6,0,FAAt401
FAAt401,k1n110c2ip00,24,Intellectual property products,1946,Current Dollars,Level,6,0,FAAt401
FAAt401,k1n110c2ip00,24,Intellectual property products,1947,Current Dollars,Level,6,0,FAAt401
FAAt401,k1n110c2ip00,24,Intellectual property products,1948,Current Dollars,Level,6,0,FAAt401
FAAt401,k1n110c2ip00,24,Intellectual property products,1949,Current Dollars,Level,6,0,FAAt401
FAAt401,k1n110c2ip00,24,Intellectual property products,1950,Current Dollars,Level,6,0,FAAt401
FAAt401,k1n110c2ip00,24,Intellectual property products,1951,Current Dollars,Level,6,0,FAAt401
FAAt401,k1n110c2ip00,24,Intellectual property products,1952,Current Dollars,Level,6,0,FAAt401
FAAt401,k1n110c2ip00,24,Intellectual property products,1953,Current Dollars,Level,6,0,FAAt401
FAAt401,k1n110c2ip00,24,Intellectual property products,1954,Current Dollars,Level,6,0,FAAt401
FAAt401,k1n110c2ip00,24,Intellectual property products,1955,Current Dollars,Level,6,0,FAAt401
FAAt401,k1n110c2ip00,24,Intellectual property products,1956,Current Dollars,Level,6,0,FAAt401
FAAt401,k1n110c2ip00,24,Intellectual property products,1957,Current Dollars,Level,6,0,FAAt401
FAAt401,k1n110c2ip00,24,Intellectual property products,1958,Current Dollars,Level,6,0,FAAt401
FAAt401,k1n110c2ip00,24,Intellectual property products,1959,Current Dollars,Level,6,0,FAAt401
FAAt401,k1n110c2ip00,24,Intellectual property products,1960,Current Dollars,Level,6,0,FAAt401
FAAt401,k1n110c2ip00,24,Intellectual property products,1961,Current Dollars,Level,6,0,FAAt401
FAAt401,k1n110c2ip00,24,Intellectual property products,1962,Current Dollars,Level,6,0,FAAt401
FAAt401,k1n110c2ip00,24,Intellectual property products,1963,Current Dollars,Level,6,0,FAAt401
FAAt401,k1n110c2ip00,24,Intellectual property products,1964,Current Dollars,Level,6,0,FAAt401
FAAt401,k1n110c2ip00,24,Intellectual property products,1965,Current Dollars,Level,6,0,FAAt401
FAAt401,k1n110c2ip00,24,Intellectual property products,1966,Current Dollars,Level,6,0,FAAt401
FAAt401,k1n110c2ip00,24,Intellectual property products,1967,Current Dollars,Level,6,0,FAAt401
FAAt401,k1n110c2ip00,24,Intellectual property products,1968,Current Dollars,Level,6,0,FAAt401
FAAt401,k1n110c2ip00,24,Intellectual property products,1969,Current Dollars,Level,6,0,FAAt401
FAAt401,k1n110c2ip00,24,Intellectual property products,1970,Current Dollars,Level,6,0,FAAt401
FAAt401,k1n110c2ip00,24,Intellectual property products,1971,Current Dollars,Level,6,0,FAAt401
FAAt401,k1n110c2ip00,24,Intellectual property products,1972,Current Dollars,Level,6,0,FAAt401
FAAt401,k1n110c2ip00,24,Intellectual property products,1973,Current Dollars,Level,6,0,FAAt401
FAAt401,k1n110c2ip00,24,Intellectual property products,1974,Current Dollars,Level,6,0,FAAt401
FAAt401,k1n110c2ip00,24,Intellectual property products,1975,Current Dollars,Level,6,0,FAAt401
FAAt401,k1n110c2ip00,24,Intellectual property products,1976,Current Dollars,Level,6,0,FAAt401
FAAt401,k1n110c2ip00,24,Intellectual property products,1977,Current Dollars,Level,6,0,FAAt401
FAAt401,k1n110c2ip00,24,Intellectual property products,1978,Current Dollars,Level,6,0,FAAt401
FAAt401,k1n110c2ip00,24,Intellectual property products,1979,Current Dollars,Level,6,0,FAAt401
FAAt401,k1n110c2ip00,24,Intellectual property products,1980,Current Dollars,Level,6,0,FAAt401
FAAt401,k1n110c2ip00,24,Intellectual property products,1981,Current Dollars,Level,6,0,FAAt401
FAAt401,k1n110c2ip00,24,Intellectual property products,1982,Current Dollars,Level,6,0,FAAt401
FAAt401,k1n110c2ip00,24,Intellectual property products,1983,Current Dollars,Level,6,0,FAAt401
FAAt401,k1n110c2ip00,24,Intellectual property products,1984,Current Dollars,Level,6,0,FAAt401
FAAt401,k1n110c2ip00,24,Intellectual property products,1985,Current Dollars,Level,6,0,FAAt401
FAAt401,k1n110c2ip00,24,Intellectual property products,1986,Current Dollars,Level,6,0,FAAt401
FAAt401,k1n110c2ip00,24,Intellectual property products,1987,Current Dollars,Level,6,0,FAAt401
FAAt401,k1n110c2ip00,24,Intellectual property products,1988,Current Dollars,Level,6,1,FAAt401
FAAt401,k1n110c2ip00,24,Intellectual property products,1989,Current Dollars,Level,6,4,FAAt401
FAAt401,k1n110c2ip00,24,Intellectual property products,1990,Current Dollars,Level,6,9,FAAt401
FAAt401,k1n110c2ip00,24,Intellectual property products,1991,Current Dollars,Level,6,14,FAAt401
FAAt401,k1n110c2ip00,24,Intellectual property products,1992,Current Dollars,Level,6,21,FAAt401
FAAt401,k1n110c2ip00,24,Intellectual property products,1993,Current Dollars,Level,6,34,FAAt401
FAAt401,k1n110c2ip00,24,Intellectual property products,1994,Current Dollars,Level,6,47,FAAt401
FAAt401,k1n110c2ip00,24,Intellectual property products,1995,Current Dollars,Level,6,61,FAAt401
FAAt401,k1n110c2ip00,24,Intellectual property products,1996,Current Dollars,Level,6,74,FAAt401
FAAt401,k1n110c2ip00,24,Intellectual property products,1997,Current Dollars,Level,6,96,FAAt401
FAAt401,k1n110c2ip00,24,Intellectual property products,1998,Current Dollars,Level,6,84,FAAt401
FAAt401,k1n110c2ip00,24,Intellectual property products,1999,Current Dollars,Level,6,68,FAAt401
FAAt401,k1n110c2ip00,24,Intellectual property products,2000,Current Dollars,Level,6,60,FAAt401
FAAt401,k1n110c2ip00,24,Intellectual property products,2001,Current Dollars,Level,6,49,FAAt401
FAAt401,k1n110c2ip00,24,Intellectual property products,2002,Current Dollars,Level,6,42,FAAt401
FAAt401,k1n110c2ip00,24,Intellectual property products,2003,Current Dollars,Level,6,33,FAAt401
FAAt401,k1n110c2ip00,24,Intellectual property products,2004,Current Dollars,Level,6,28,FAAt401
FAAt401,k1n110c2ip00,24,Intellectual property products,2005,Current Dollars,Level,6,25,FAAt401
FAAt401,k1n110c2ip00,24,Intellectual property products,2006,Current Dollars,Level,6,23,FAAt401
FAAt401,k1n110c2ip00,24,Intellectual property products,2007,Current Dollars,Level,6,21,FAAt401
FAAt401,k1n110c2ip00,24,Intellectual property products,2008,Current Dollars,Level,6,21,FAAt401
FAAt401,k1n110c2ip00,24,Intellectual property products,2009,Current Dollars,Level,6,21,FAAt401
FAAt401,k1n110c2ip00,24,Intellectual property products,2010,Current Dollars,Level,6,20,FAAt401
FAAt401,k1n110c2ip00,24,Intellectual property products,2011,Current Dollars,Level,6,21,FAAt401
FAAt401,k1n110c2ip00,24,Intellectual property products,2012,Current Dollars,Level,6,24,FAAt401
FAAt401,k1n110c2ip00,24,Intellectual property products,2013,Current Dollars,Level,6,26,FAAt401
FAAt401,k1n110c2ip00,24,Intellectual property products,2014,Current Dollars,Level,6,30,FAAt401
FAAt401,k1n110c2ip00,24,Intellectual property products,2015,Current Dollars,Level,6,28,FAAt401
FAAt401,k1n110c2ip00,24,Intellectual property products,2016,Current Dollars,Level,6,26,FAAt401
FAAt401,k1n110c2ip00,24,Intellectual property products,2017,Current Dollars,Level,6,30,FAAt401
FAAt401,k1n110c2ip00,24,Intellectual property products,2018,Current Dollars,Level,6,31,FAAt401
FAAt401,k1n110c2ip00,24,Intellectual property products,2019,Current Dollars,Level,6,32,FAAt401
FAAt401,k1n110c2ip00,24,Intellectual property products,2020,Current Dollars,Level,6,37,FAAt401
FAAt401,k1n110c2ip00,24,Intellectual property products,2021,Current Dollars,Level,6,45,FAAt401
FAAt401,k1n110c2ip00,24,Intellectual property products,2022,Current Dollars,Level,6,50,FAAt401
FAAt401,k1n110c2ip00,24,Intellectual property products,2023,Current Dollars,Level,6,56,FAAt401
FAAt401,k1n110c2ip00,24,Intellectual property products,2024,Current Dollars,Level,6,63,FAAt401
FAAt401,k1n31gd2es00,25,Manufacturing,1925,Current Dollars,Level,6,"16,383",FAAt401
FAAt401,k1n31gd2es00,25,Manufacturing,1926,Current Dollars,Level,6,"16,778",FAAt401
FAAt401,k1n31gd2es00,25,Manufacturing,1927,Current Dollars,Level,6,"17,084",FAAt401
FAAt401,k1n31gd2es00,25,Manufacturing,1928,Current Dollars,Level,6,"17,798",FAAt401
FAAt401,k1n31gd2es00,25,Manufacturing,1929,Current Dollars,Level,6,"17,668",FAAt401
FAAt401,k1n31gd2es00,25,Manufacturing,1930,Current Dollars,Level,6,"16,334",FAAt401
FAAt401,k1n31gd2es00,25,Manufacturing,1931,Current Dollars,Level,6,"14,484",FAAt401
FAAt401,k1n31gd2es00,25,Manufacturing,1932,Current Dollars,Level,6,"13,260",FAAt401
FAAt401,k1n31gd2es00,25,Manufacturing,1933,Current Dollars,Level,6,"14,758",FAAt401
FAAt401,k1n31gd2es00,25,Manufacturing,1934,Current Dollars,Level,6,"15,422",FAAt401
FAAt401,k1n31gd2es00,25,Manufacturing,1935,Current Dollars,Level,6,"15,618",FAAt401
FAAt401,k1n31gd2es00,25,Manufacturing,1936,Current Dollars,Level,6,"17,539",FAAt401
FAAt401,k1n31gd2es00,25,Manufacturing,1937,Current Dollars,Level,6,"18,816",FAAt401
FAAt401,k1n31gd2es00,25,Manufacturing,1938,Current Dollars,Level,6,"18,384",FAAt401
FAAt401,k1n31gd2es00,25,Manufacturing,1939,Current Dollars,Level,6,"19,033",FAAt401
FAAt401,k1n31gd2es00,25,Manufacturing,1940,Current Dollars,Level,6,"21,049",FAAt401
FAAt401,k1n31gd2es00,25,Manufacturing,1941,Current Dollars,Level,6,"24,917",FAAt401
FAAt401,k1n31gd2es00,25,Manufacturing,1942,Current Dollars,Level,6,"27,198",FAAt401
FAAt401,k1n31gd2es00,25,Manufacturing,1943,Current Dollars,Level,6,"27,239",FAAt401
FAAt401,k1n31gd2es00,25,Manufacturing,1944,Current Dollars,Level,6,"27,573",FAAt401
FAAt401,k1n31gd2es00,25,Manufacturing,1945,Current Dollars,Level,6,"31,524",FAAt401
FAAt401,k1n31gd2es00,25,Manufacturing,1946,Current Dollars,Level,6,"38,725",FAAt401
FAAt401,k1n31gd2es00,25,Manufacturing,1947,Current Dollars,Level,6,"47,208",FAAt401
FAAt401,k1n31gd2es00,25,Manufacturing,1948,Current Dollars,Level,6,"52,462",FAAt401
FAAt401,k1n31gd2es00,25,Manufacturing,1949,Current Dollars,Level,6,"51,954",FAAt401
FAAt401,k1n31gd2es00,25,Manufacturing,1950,Current Dollars,Level,6,"59,472",FAAt401
FAAt401,k1n31gd2es00,25,Manufacturing,1951,Current Dollars,Level,6,"65,599",FAAt401
FAAt401,k1n31gd2es00,25,Manufacturing,1952,Current Dollars,Level,6,"69,724",FAAt401
FAAt401,k1n31gd2es00,25,Manufacturing,1953,Current Dollars,Level,6,"73,753",FAAt401
FAAt401,k1n31gd2es00,25,Manufacturing,1954,Current Dollars,Level,6,"76,562",FAAt401
FAAt401,k1n31gd2es00,25,Manufacturing,1955,Current Dollars,Level,6,"84,811",FAAt401
FAAt401,k1n31gd2es00,25,Manufacturing,1956,Current Dollars,Level,6,"96,897",FAAt401
FAAt401,k1n31gd2es00,25,Manufacturing,1957,Current Dollars,Level,6,"105,654",FAAt401
FAAt401,k1n31gd2es00,25,Manufacturing,1958,Current Dollars,Level,6,"106,912",FAAt401
FAAt401,k1n31gd2es00,25,Manufacturing,1959,Current Dollars,Level,6,"110,556",FAAt401
FAAt401,k1n31gd2es00,25,Manufacturing,1960,Current Dollars,Level,6,"113,931",FAAt401
FAAt401,k1n31gd2es00,25,Manufacturing,1961,Current Dollars,Level,6,"117,244",FAAt401
FAAt401,k1n31gd2es00,25,Manufacturing,1962,Current Dollars,Level,6,"122,288",FAAt401
FAAt401,k1n31gd2es00,25,Manufacturing,1963,Current Dollars,Level,6,"127,458",FAAt401
FAAt401,k1n31gd2es00,25,Manufacturing,1964,Current Dollars,Level,6,"136,145",FAAt401
FAAt401,k1n31gd2es00,25,Manufacturing,1965,Current Dollars,Level,6,"147,868",FAAt401
FAAt401,k1n31gd2es00,25,Manufacturing,1966,Current Dollars,Level,6,"166,159",FAAt401
FAAt401,k1n31gd2es00,25,Manufacturing,1967,Current Dollars,Level,6,"182,957",FAAt401
FAAt401,k1n31gd2es00,25,Manufacturing,1968,Current Dollars,Level,6,"203,696",FAAt401
FAAt401,k1n31gd2es00,25,Manufacturing,1969,Current Dollars,Level,6,"225,445",FAAt401
FAAt401,k1n31gd2es00,25,Manufacturing,1970,Current Dollars,Level,6,"248,490",FAAt401
FAAt401,k1n31gd2es00,25,Manufacturing,1971,Current Dollars,Level,6,"270,303",FAAt401
FAAt401,k1n31gd2es00,25,Manufacturing,1972,Current Dollars,Level,6,"291,126",FAAt401
FAAt401,k1n31gd2es00,25,Manufacturing,1973,Current Dollars,Level,6,"323,423",FAAt401
FAAt401,k1n31gd2es00,25,Manufacturing,1974,Current Dollars,Level,6,"392,027",FAAt401
FAAt401,k1n31gd2es00,25,Manufacturing,1975,Current Dollars,Level,6,"437,892",FAAt401
FAAt401,k1n31gd2es00,25,Manufacturing,1976,Current Dollars,Level,6,"479,864",FAAt401
FAAt401,k1n31gd2es00,25,Manufacturing,1977,Current Dollars,Level,6,"535,165",FAAt401
FAAt401,k1n31gd2es00,25,Manufacturing,1978,Current Dollars,Level,6,"603,895",FAAt401
FAAt401,k1n31gd2es00,25,Manufacturing,1979,Current Dollars,Level,6,"696,284",FAAt401
FAAt401,k1n31gd2es00,25,Manufacturing,1980,Current Dollars,Level,6,"802,074",FAAt401
FAAt401,k1n31gd2es00,25,Manufacturing,1981,Current Dollars,Level,6,"890,724",FAAt401
FAAt401,k1n31gd2es00,25,Manufacturing,1982,Current Dollars,Level,6,"949,562",FAAt401
FAAt401,k1n31gd2es00,25,Manufacturing,1983,Current Dollars,Level,6,"980,253",FAAt401
FAAt401,k1n31gd2es00,25,Manufacturing,1984,Current Dollars,Level,6,"1,029,417",FAAt401
FAAt401,k1n31gd2es00,25,Manufacturing,1985,Current Dollars,Level,6,"1,091,502",FAAt401
FAAt401,k1n31gd2es00,25,Manufacturing,1986,Current Dollars,Level,6,"1,149,025",FAAt401
FAAt401,k1n31gd2es00,25,Manufacturing,1987,Current Dollars,Level,6,"1,206,034",FAAt401
FAAt401,k1n31gd2es00,25,Manufacturing,1988,Current Dollars,Level,6,"1,261,856",FAAt401
FAAt401,k1n31gd2es00,25,Manufacturing,1989,Current Dollars,Level,6,"1,327,003",FAAt401
FAAt401,k1n31gd2es00,25,Manufacturing,1990,Current Dollars,Level,6,"1,400,364",FAAt401
FAAt401,k1n31gd2es00,25,Manufacturing,1991,Current Dollars,Level,6,"1,443,752",FAAt401
FAAt401,k1n31gd2es00,25,Manufacturing,1992,Current Dollars,Level,6,"1,494,142",FAAt401
FAAt401,k1n31gd2es00,25,Manufacturing,1993,Current Dollars,Level,6,"1,543,044",FAAt401
FAAt401,k1n31gd2es00,25,Manufacturing,1994,Current Dollars,Level,6,"1,624,270",FAAt401
FAAt401,k1n31gd2es00,25,Manufacturing,1995,Current Dollars,Level,6,"1,716,689",FAAt401
FAAt401,k1n31gd2es00,25,Manufacturing,1996,Current Dollars,Level,6,"1,807,803",FAAt401
FAAt401,k1n31gd2es00,25,Manufacturing,1997,Current Dollars,Level,6,"1,902,390",FAAt401
FAAt401,k1n31gd2es00,25,Manufacturing,1998,Current Dollars,Level,6,"2,004,263",FAAt401
FAAt401,k1n31gd2es00,25,Manufacturing,1999,Current Dollars,Level,6,"2,094,016",FAAt401
FAAt401,k1n31gd2es00,25,Manufacturing,2000,Current Dollars,Level,6,"2,188,421",FAAt401
FAAt401,k1n31gd2es00,25,Manufacturing,2001,Current Dollars,Level,6,"2,246,930",FAAt401
FAAt401,k1n31gd2es00,25,Manufacturing,2002,Current Dollars,Level,6,"2,270,142",FAAt401
FAAt401,k1n31gd2es00,25,Manufacturing,2003,Current Dollars,Level,6,"2,301,215",FAAt401
FAAt401,k1n31gd2es00,25,Manufacturing,2004,Current Dollars,Level,6,"2,400,864",FAAt401
FAAt401,k1n31gd2es00,25,Manufacturing,2005,Current Dollars,Level,6,"2,524,875",FAAt401
FAAt401,k1n31gd2es00,25,Manufacturing,2006,Current Dollars,Level,6,"2,643,642",FAAt401
FAAt401,k1n31gd2es00,25,Manufacturing,2007,Current Dollars,Level,6,"2,801,166",FAAt401
FAAt401,k1n31gd2es00,25,Manufacturing,2008,Current Dollars,Level,6,"2,976,271",FAAt401
FAAt401,k1n31gd2es00,25,Manufacturing,2009,Current Dollars,Level,6,"2,929,961",FAAt401
FAAt401,k1n31gd2es00,25,Manufacturing,2010,Current Dollars,Level,6,"2,972,354",FAAt401
FAAt401,k1n31gd2es00,25,Manufacturing,2011,Current Dollars,Level,6,"3,087,942",FAAt401
FAAt401,k1n31gd2es00,25,Manufacturing,2012,Current Dollars,Level,6,"3,167,725",FAAt401
FAAt401,k1n31gd2es00,25,Manufacturing,2013,Current Dollars,Level,6,"3,287,044",FAAt401
FAAt401,k1n31gd2es00,25,Manufacturing,2014,Current Dollars,Level,6,"3,385,276",FAAt401
FAAt401,k1n31gd2es00,25,Manufacturing,2015,Current Dollars,Level,6,"3,447,848",FAAt401
FAAt401,k1n31gd2es00,25,Manufacturing,2016,Current Dollars,Level,6,"3,533,967",FAAt401
FAAt401,k1n31gd2es00,25,Manufacturing,2017,Current Dollars,Level,6,"3,678,405",FAAt401
FAAt401,k1n31gd2es00,25,Manufacturing,2018,Current Dollars,Level,6,"3,861,874",FAAt401
FAAt401,k1n31gd2es00,25,Manufacturing,2019,Current Dollars,Level,6,"4,008,133",FAAt401
FAAt401,k1n31gd2es00,25,Manufacturing,2020,Current Dollars,Level,6,"4,196,567",FAAt401
FAAt401,k1n31gd2es00,25,Manufacturing,2021,Current Dollars,Level,6,"4,571,446",FAAt401
FAAt401,k1n31gd2es00,25,Manufacturing,2022,Current Dollars,Level,6,"5,053,063",FAAt401
FAAt401,k1n31gd2es00,25,Manufacturing,2023,Current Dollars,Level,6,"5,191,397",FAAt401
FAAt401,k1n31gd2es00,25,Manufacturing,2024,Current Dollars,Level,6,"5,350,649",FAAt401
FAAt401,k1n31gd2eq00,26,Equipment,1925,Current Dollars,Level,6,"7,225",FAAt401
FAAt401,k1n31gd2eq00,26,Equipment,1926,Current Dollars,Level,6,"7,333",FAAt401
FAAt401,k1n31gd2eq00,26,Equipment,1927,Current Dollars,Level,6,"7,413",FAAt401
FAAt401,k1n31gd2eq00,26,Equipment,1928,Current Dollars,Level,6,"7,596",FAAt401
FAAt401,k1n31gd2eq00,26,Equipment,1929,Current Dollars,Level,6,"7,515",FAAt401
FAAt401,k1n31gd2eq00,26,Equipment,1930,Current Dollars,Level,6,"7,138",FAAt401
FAAt401,k1n31gd2eq00,26,Equipment,1931,Current Dollars,Level,6,"6,482",FAAt401
FAAt401,k1n31gd2eq00,26,Equipment,1932,Current Dollars,Level,6,"5,854",FAAt401
FAAt401,k1n31gd2eq00,26,Equipment,1933,Current Dollars,Level,6,"6,346",FAAt401
FAAt401,k1n31gd2eq00,26,Equipment,1934,Current Dollars,Level,6,"6,600",FAAt401
FAAt401,k1n31gd2eq00,26,Equipment,1935,Current Dollars,Level,6,"6,610",FAAt401
FAAt401,k1n31gd2eq00,26,Equipment,1936,Current Dollars,Level,6,"7,436",FAAt401
FAAt401,k1n31gd2eq00,26,Equipment,1937,Current Dollars,Level,6,"8,210",FAAt401
FAAt401,k1n31gd2eq00,26,Equipment,1938,Current Dollars,Level,6,"8,299",FAAt401
FAAt401,k1n31gd2eq00,26,Equipment,1939,Current Dollars,Level,6,"8,736",FAAt401
FAAt401,k1n31gd2eq00,26,Equipment,1940,Current Dollars,Level,6,"9,641",FAAt401
FAAt401,k1n31gd2eq00,26,Equipment,1941,Current Dollars,Level,6,"10,956",FAAt401
FAAt401,k1n31gd2eq00,26,Equipment,1942,Current Dollars,Level,6,"11,466",FAAt401
FAAt401,k1n31gd2eq00,26,Equipment,1943,Current Dollars,Level,6,"11,807",FAAt401
FAAt401,k1n31gd2eq00,26,Equipment,1944,Current Dollars,Level,6,"12,379",FAAt401
FAAt401,k1n31gd2eq00,26,Equipment,1945,Current Dollars,Level,6,"14,178",FAAt401
FAAt401,k1n31gd2eq00,26,Equipment,1946,Current Dollars,Level,6,"16,703",FAAt401
FAAt401,k1n31gd2eq00,26,Equipment,1947,Current Dollars,Level,6,"20,546",FAAt401
FAAt401,k1n31gd2eq00,26,Equipment,1948,Current Dollars,Level,6,"24,701",FAAt401
FAAt401,k1n31gd2eq00,26,Equipment,1949,Current Dollars,Level,6,"25,147",FAAt401
FAAt401,k1n31gd2eq00,26,Equipment,1950,Current Dollars,Level,6,"29,376",FAAt401
FAAt401,k1n31gd2eq00,26,Equipment,1951,Current Dollars,Level,6,"32,169",FAAt401
FAAt401,k1n31gd2eq00,26,Equipment,1952,Current Dollars,Level,6,"34,030",FAAt401
FAAt401,k1n31gd2eq00,26,Equipment,1953,Current Dollars,Level,6,"36,981",FAAt401
FAAt401,k1n31gd2eq00,26,Equipment,1954,Current Dollars,Level,6,"38,570",FAAt401
FAAt401,k1n31gd2eq00,26,Equipment,1955,Current Dollars,Level,6,"42,574",FAAt401
FAAt401,k1n31gd2eq00,26,Equipment,1956,Current Dollars,Level,6,"49,114",FAAt401
FAAt401,k1n31gd2eq00,26,Equipment,1957,Current Dollars,Level,6,"53,815",FAAt401
FAAt401,k1n31gd2eq00,26,Equipment,1958,Current Dollars,Level,6,"54,631",FAAt401
FAAt401,k1n31gd2eq00,26,Equipment,1959,Current Dollars,Level,6,"56,542",FAAt401
FAAt401,k1n31gd2eq00,26,Equipment,1960,Current Dollars,Level,6,"57,836",FAAt401
FAAt401,k1n31gd2eq00,26,Equipment,1961,Current Dollars,Level,6,"58,162",FAAt401
FAAt401,k1n31gd2eq00,26,Equipment,1962,Current Dollars,Level,6,"60,062",FAAt401
FAAt401,k1n31gd2eq00,26,Equipment,1963,Current Dollars,Level,6,"61,863",FAAt401
FAAt401,k1n31gd2eq00,26,Equipment,1964,Current Dollars,Level,6,"65,719",FAAt401
FAAt401,k1n31gd2eq00,26,Equipment,1965,Current Dollars,Level,6,"71,506",FAAt401
FAAt401,k1n31gd2eq00,26,Equipment,1966,Current Dollars,Level,6,"81,109",FAAt401
FAAt401,k1n31gd2eq00,26,Equipment,1967,Current Dollars,Level,6,"89,509",FAAt401
FAAt401,k1n31gd2eq00,26,Equipment,1968,Current Dollars,Level,6,"98,650",FAAt401
FAAt401,k1n31gd2eq00,26,Equipment,1969,Current Dollars,Level,6,"107,533",FAAt401
FAAt401,k1n31gd2eq00,26,Equipment,1970,Current Dollars,Level,6,"117,180",FAAt401
FAAt401,k1n31gd2eq00,26,Equipment,1971,Current Dollars,Level,6,"123,713",FAAt401
FAAt401,k1n31gd2eq00,26,Equipment,1972,Current Dollars,Level,6,"130,645",FAAt401
FAAt401,k1n31gd2eq00,26,Equipment,1973,Current Dollars,Level,6,"142,701",FAAt401
FAAt401,k1n31gd2eq00,26,Equipment,1974,Current Dollars,Level,6,"178,609",FAAt401
FAAt401,k1n31gd2eq00,26,Equipment,1975,Current Dollars,Level,6,"209,199",FAAt401
FAAt401,k1n31gd2eq00,26,Equipment,1976,Current Dollars,Level,6,"232,894",FAAt401
FAAt401,k1n31gd2eq00,26,Equipment,1977,Current Dollars,Level,6,"263,210",FAAt401
FAAt401,k1n31gd2eq00,26,Equipment,1978,Current Dollars,Level,6,"297,998",FAAt401
FAAt401,k1n31gd2eq00,26,Equipment,1979,Current Dollars,Level,6,"343,422",FAAt401
FAAt401,k1n31gd2eq00,26,Equipment,1980,Current Dollars,Level,6,"399,161",FAAt401
FAAt401,k1n31gd2eq00,26,Equipment,1981,Current Dollars,Level,6,"441,445",FAAt401
FAAt401,k1n31gd2eq00,26,Equipment,1982,Current Dollars,Level,6,"464,344",FAAt401
FAAt401,k1n31gd2eq00,26,Equipment,1983,Current Dollars,Level,6,"468,222",FAAt401
FAAt401,k1n31gd2eq00,26,Equipment,1984,Current Dollars,Level,6,"484,468",FAAt401
FAAt401,k1n31gd2eq00,26,Equipment,1985,Current Dollars,Level,6,"514,324",FAAt401
FAAt401,k1n31gd2eq00,26,Equipment,1986,Current Dollars,Level,6,"540,954",FAAt401
FAAt401,k1n31gd2eq00,26,Equipment,1987,Current Dollars,Level,6,"564,380",FAAt401
FAAt401,k1n31gd2eq00,26,Equipment,1988,Current Dollars,Level,6,"588,757",FAAt401
FAAt401,k1n31gd2eq00,26,Equipment,1989,Current Dollars,Level,6,"619,061",FAAt401
FAAt401,k1n31gd2eq00,26,Equipment,1990,Current Dollars,Level,6,"661,833",FAAt401
FAAt401,k1n31gd2eq00,26,Equipment,1991,Current Dollars,Level,6,"684,112",FAAt401
FAAt401,k1n31gd2eq00,26,Equipment,1992,Current Dollars,Level,6,"703,830",FAAt401
FAAt401,k1n31gd2eq00,26,Equipment,1993,Current Dollars,Level,6,"722,785",FAAt401
FAAt401,k1n31gd2eq00,26,Equipment,1994,Current Dollars,Level,6,"756,262",FAAt401
FAAt401,k1n31gd2eq00,26,Equipment,1995,Current Dollars,Level,6,"802,721",FAAt401
FAAt401,k1n31gd2eq00,26,Equipment,1996,Current Dollars,Level,6,"838,241",FAAt401
FAAt401,k1n31gd2eq00,26,Equipment,1997,Current Dollars,Level,6,"863,581",FAAt401
FAAt401,k1n31gd2eq00,26,Equipment,1998,Current Dollars,Level,6,"894,755",FAAt401
FAAt401,k1n31gd2eq00,26,Equipment,1999,Current Dollars,Level,6,"916,785",FAAt401
FAAt401,k1n31gd2eq00,26,Equipment,2000,Current Dollars,Level,6,"940,291",FAAt401
FAAt401,k1n31gd2eq00,26,Equipment,2001,Current Dollars,Level,6,"948,450",FAAt401
FAAt401,k1n31gd2eq00,26,Equipment,2002,Current Dollars,Level,6,"948,095",FAAt401
FAAt401,k1n31gd2eq00,26,Equipment,2003,Current Dollars,Level,6,"948,996",FAAt401
FAAt401,k1n31gd2eq00,26,Equipment,2004,Current Dollars,Level,6,"972,777",FAAt401
FAAt401,k1n31gd2eq00,26,Equipment,2005,Current Dollars,Level,6,"998,038",FAAt401
FAAt401,k1n31gd2eq00,26,Equipment,2006,Current Dollars,Level,6,"1,035,649",FAAt401
FAAt401,k1n31gd2eq00,26,Equipment,2007,Current Dollars,Level,6,"1,082,685",FAAt401
FAAt401,k1n31gd2eq00,26,Equipment,2008,Current Dollars,Level,6,"1,140,623",FAAt401
FAAt401,k1n31gd2eq00,26,Equipment,2009,Current Dollars,Level,6,"1,127,236",FAAt401
FAAt401,k1n31gd2eq00,26,Equipment,2010,Current Dollars,Level,6,"1,135,381",FAAt401
FAAt401,k1n31gd2eq00,26,Equipment,2011,Current Dollars,Level,6,"1,175,719",FAAt401
FAAt401,k1n31gd2eq00,26,Equipment,2012,Current Dollars,Level,6,"1,206,669",FAAt401
FAAt401,k1n31gd2eq00,26,Equipment,2013,Current Dollars,Level,6,"1,225,954",FAAt401
FAAt401,k1n31gd2eq00,26,Equipment,2014,Current Dollars,Level,6,"1,252,044",FAAt401
FAAt401,k1n31gd2eq00,26,Equipment,2015,Current Dollars,Level,6,"1,271,039",FAAt401
FAAt401,k1n31gd2eq00,26,Equipment,2016,Current Dollars,Level,6,"1,291,126",FAAt401
FAAt401,k1n31gd2eq00,26,Equipment,2017,Current Dollars,Level,6,"1,318,654",FAAt401
FAAt401,k1n31gd2eq00,26,Equipment,2018,Current Dollars,Level,6,"1,366,456",FAAt401
FAAt401,k1n31gd2eq00,26,Equipment,2019,Current Dollars,Level,6,"1,392,774",FAAt401
FAAt401,k1n31gd2eq00,26,Equipment,2020,Current Dollars,Level,6,"1,411,924",FAAt401
FAAt401,k1n31gd2eq00,26,Equipment,2021,Current Dollars,Level,6,"1,500,060",FAAt401
FAAt401,k1n31gd2eq00,26,Equipment,2022,Current Dollars,Level,6,"1,590,378",FAAt401
FAAt401,k1n31gd2eq00,26,Equipment,2023,Current Dollars,Level,6,"1,627,998",FAAt401
FAAt401,k1n31gd2eq00,26,Equipment,2024,Current Dollars,Level,6,"1,664,638",FAAt401
FAAt401,k1n31gd2st00,27,Structures,1925,Current Dollars,Level,6,"8,789",FAAt401
FAAt401,k1n31gd2st00,27,Structures,1926,Current Dollars,Level,6,"9,056",FAAt401
FAAt401,k1n31gd2st00,27,Structures,1927,Current Dollars,Level,6,"9,266",FAAt401
FAAt401,k1n31gd2st00,27,Structures,1928,Current Dollars,Level,6,"9,760",FAAt401
FAAt401,k1n31gd2st00,27,Structures,1929,Current Dollars,Level,6,"9,669",FAAt401
FAAt401,k1n31gd2st00,27,Structures,1930,Current Dollars,Level,6,"8,691",FAAt401
FAAt401,k1n31gd2st00,27,Structures,1931,Current Dollars,Level,6,"7,497",FAAt401
FAAt401,k1n31gd2st00,27,Structures,1932,Current Dollars,Level,6,"6,927",FAAt401
FAAt401,k1n31gd2st00,27,Structures,1933,Current Dollars,Level,6,"7,898",FAAt401
FAAt401,k1n31gd2st00,27,Structures,1934,Current Dollars,Level,6,"8,229",FAAt401
FAAt401,k1n31gd2st00,27,Structures,1935,Current Dollars,Level,6,"8,341",FAAt401
FAAt401,k1n31gd2st00,27,Structures,1936,Current Dollars,Level,6,"9,344",FAAt401
FAAt401,k1n31gd2st00,27,Structures,1937,Current Dollars,Level,6,"9,804",FAAt401
FAAt401,k1n31gd2st00,27,Structures,1938,Current Dollars,Level,6,"9,238",FAAt401
FAAt401,k1n31gd2st00,27,Structures,1939,Current Dollars,Level,6,"9,363",FAAt401
FAAt401,k1n31gd2st00,27,Structures,1940,Current Dollars,Level,6,"10,322",FAAt401
FAAt401,k1n31gd2st00,27,Structures,1941,Current Dollars,Level,6,"12,451",FAAt401
FAAt401,k1n31gd2st00,27,Structures,1942,Current Dollars,Level,6,"13,754",FAAt401
FAAt401,k1n31gd2st00,27,Structures,1943,Current Dollars,Level,6,"13,269",FAAt401
FAAt401,k1n31gd2st00,27,Structures,1944,Current Dollars,Level,6,"12,994",FAAt401
FAAt401,k1n31gd2st00,27,Structures,1945,Current Dollars,Level,6,"15,138",FAAt401
FAAt401,k1n31gd2st00,27,Structures,1946,Current Dollars,Level,6,"19,417",FAAt401
FAAt401,k1n31gd2st00,27,Structures,1947,Current Dollars,Level,6,"23,525",FAAt401
FAAt401,k1n31gd2st00,27,Structures,1948,Current Dollars,Level,6,"24,269",FAAt401
FAAt401,k1n31gd2st00,27,Structures,1949,Current Dollars,Level,6,"23,246",FAAt401
FAAt401,k1n31gd2st00,27,Structures,1950,Current Dollars,Level,6,"25,992",FAAt401
FAAt401,k1n31gd2st00,27,Structures,1951,Current Dollars,Level,6,"28,848",FAAt401
FAAt401,k1n31gd2st00,27,Structures,1952,Current Dollars,Level,6,"30,467",FAAt401
FAAt401,k1n31gd2st00,27,Structures,1953,Current Dollars,Level,6,"30,618",FAAt401
FAAt401,k1n31gd2st00,27,Structures,1954,Current Dollars,Level,6,"30,990",FAAt401
FAAt401,k1n31gd2st00,27,Structures,1955,Current Dollars,Level,6,"34,170",FAAt401
FAAt401,k1n31gd2st00,27,Structures,1956,Current Dollars,Level,6,"38,059",FAAt401
FAAt401,k1n31gd2st00,27,Structures,1957,Current Dollars,Level,6,"40,786",FAAt401
FAAt401,k1n31gd2st00,27,Structures,1958,Current Dollars,Level,6,"39,880",FAAt401
FAAt401,k1n31gd2st00,27,Structures,1959,Current Dollars,Level,6,"40,213",FAAt401
FAAt401,k1n31gd2st00,27,Structures,1960,Current Dollars,Level,6,"40,883",FAAt401
FAAt401,k1n31gd2st00,27,Structures,1961,Current Dollars,Level,6,"42,559",FAAt401
FAAt401,k1n31gd2st00,27,Structures,1962,Current Dollars,Level,6,"44,348",FAAt401
FAAt401,k1n31gd2st00,27,Structures,1963,Current Dollars,Level,6,"46,193",FAAt401
FAAt401,k1n31gd2st00,27,Structures,1964,Current Dollars,Level,6,"49,457",FAAt401
FAAt401,k1n31gd2st00,27,Structures,1965,Current Dollars,Level,6,"53,546",FAAt401
FAAt401,k1n31gd2st00,27,Structures,1966,Current Dollars,Level,6,"59,753",FAAt401
FAAt401,k1n31gd2st00,27,Structures,1967,Current Dollars,Level,6,"65,308",FAAt401
FAAt401,k1n31gd2st00,27,Structures,1968,Current Dollars,Level,6,"73,275",FAAt401
FAAt401,k1n31gd2st00,27,Structures,1969,Current Dollars,Level,6,"81,905",FAAt401
FAAt401,k1n31gd2st00,27,Structures,1970,Current Dollars,Level,6,"91,343",FAAt401
FAAt401,k1n31gd2st00,27,Structures,1971,Current Dollars,Level,6,"103,345",FAAt401
FAAt401,k1n31gd2st00,27,Structures,1972,Current Dollars,Level,6,"113,297",FAAt401
FAAt401,k1n31gd2st00,27,Structures,1973,Current Dollars,Level,6,"126,417",FAAt401
FAAt401,k1n31gd2st00,27,Structures,1974,Current Dollars,Level,6,"150,272",FAAt401
FAAt401,k1n31gd2st00,27,Structures,1975,Current Dollars,Level,6,"159,843",FAAt401
FAAt401,k1n31gd2st00,27,Structures,1976,Current Dollars,Level,6,"171,831",FAAt401
FAAt401,k1n31gd2st00,27,Structures,1977,Current Dollars,Level,6,"189,921",FAAt401
FAAt401,k1n31gd2st00,27,Structures,1978,Current Dollars,Level,6,"214,680",FAAt401
FAAt401,k1n31gd2st00,27,Structures,1979,Current Dollars,Level,6,"248,677",FAAt401
FAAt401,k1n31gd2st00,27,Structures,1980,Current Dollars,Level,6,"283,005",FAAt401
FAAt401,k1n31gd2st00,27,Structures,1981,Current Dollars,Level,6,"312,123",FAAt401
FAAt401,k1n31gd2st00,27,Structures,1982,Current Dollars,Level,6,"333,653",FAAt401
FAAt401,k1n31gd2st00,27,Structures,1983,Current Dollars,Level,6,"346,281",FAAt401
FAAt401,k1n31gd2st00,27,Structures,1984,Current Dollars,Level,6,"364,191",FAAt401
FAAt401,k1n31gd2st00,27,Structures,1985,Current Dollars,Level,6,"380,516",FAAt401
FAAt401,k1n31gd2st00,27,Structures,1986,Current Dollars,Level,6,"398,234",FAAt401
FAAt401,k1n31gd2st00,27,Structures,1987,Current Dollars,Level,6,"413,856",FAAt401
FAAt401,k1n31gd2st00,27,Structures,1988,Current Dollars,Level,6,"430,435",FAAt401
FAAt401,k1n31gd2st00,27,Structures,1989,Current Dollars,Level,6,"450,220",FAAt401
FAAt401,k1n31gd2st00,27,Structures,1990,Current Dollars,Level,6,"465,929",FAAt401
FAAt401,k1n31gd2st00,27,Structures,1991,Current Dollars,Level,6,"470,173",FAAt401
FAAt401,k1n31gd2st00,27,Structures,1992,Current Dollars,Level,6,"483,988",FAAt401
FAAt401,k1n31gd2st00,27,Structures,1993,Current Dollars,Level,6,"502,920",FAAt401
FAAt401,k1n31gd2st00,27,Structures,1994,Current Dollars,Level,6,"529,098",FAAt401
FAAt401,k1n31gd2st00,27,Structures,1995,Current Dollars,Level,6,"549,974",FAAt401
FAAt401,k1n31gd2st00,27,Structures,1996,Current Dollars,Level,6,"576,817",FAAt401
FAAt401,k1n31gd2st00,27,Structures,1997,Current Dollars,Level,6,"608,244",FAAt401
FAAt401,k1n31gd2st00,27,Structures,1998,Current Dollars,Level,6,"641,069",FAAt401
FAAt401,k1n31gd2st00,27,Structures,1999,Current Dollars,Level,6,"668,722",FAAt401
FAAt401,k1n31gd2st00,27,Structures,2000,Current Dollars,Level,6,"698,725",FAAt401
FAAt401,k1n31gd2st00,27,Structures,2001,Current Dollars,Level,6,"730,838",FAAt401
FAAt401,k1n31gd2st00,27,Structures,2002,Current Dollars,Level,6,"746,547",FAAt401
FAAt401,k1n31gd2st00,27,Structures,2003,Current Dollars,Level,6,"748,416",FAAt401
FAAt401,k1n31gd2st00,27,Structures,2004,Current Dollars,Level,6,"800,014",FAAt401
FAAt401,k1n31gd2st00,27,Structures,2005,Current Dollars,Level,6,"853,419",FAAt401
FAAt401,k1n31gd2st00,27,Structures,2006,Current Dollars,Level,6,"895,375",FAAt401
FAAt401,k1n31gd2st00,27,Structures,2007,Current Dollars,Level,6,"941,014",FAAt401
FAAt401,k1n31gd2st00,27,Structures,2008,Current Dollars,Level,6,"1,010,462",FAAt401
FAAt401,k1n31gd2st00,27,Structures,2009,Current Dollars,Level,6,"951,802",FAAt401
FAAt401,k1n31gd2st00,27,Structures,2010,Current Dollars,Level,6,"946,039",FAAt401
FAAt401,k1n31gd2st00,27,Structures,2011,Current Dollars,Level,6,"972,497",FAAt401
FAAt401,k1n31gd2st00,27,Structures,2012,Current Dollars,Level,6,"985,208",FAAt401
FAAt401,k1n31gd2st00,27,Structures,2013,Current Dollars,Level,6,"1,026,449",FAAt401
FAAt401,k1n31gd2st00,27,Structures,2014,Current Dollars,Level,6,"1,054,485",FAAt401
FAAt401,k1n31gd2st00,27,Structures,2015,Current Dollars,Level,6,"1,077,298",FAAt401
FAAt401,k1n31gd2st00,27,Structures,2016,Current Dollars,Level,6,"1,085,479",FAAt401
FAAt401,k1n31gd2st00,27,Structures,2017,Current Dollars,Level,6,"1,131,306",FAAt401
FAAt401,k1n31gd2st00,27,Structures,2018,Current Dollars,Level,6,"1,207,767",FAAt401
FAAt401,k1n31gd2st00,27,Structures,2019,Current Dollars,Level,6,"1,264,558",FAAt401
FAAt401,k1n31gd2st00,27,Structures,2020,Current Dollars,Level,6,"1,292,566",FAAt401
FAAt401,k1n31gd2st00,27,Structures,2021,Current Dollars,Level,6,"1,501,186",FAAt401
FAAt401,k1n31gd2st00,27,Structures,2022,Current Dollars,Level,6,"1,788,355",FAAt401
FAAt401,k1n31gd2st00,27,Structures,2023,Current Dollars,Level,6,"1,783,208",FAAt401
FAAt401,k1n31gd2st00,27,Structures,2024,Current Dollars,Level,6,"1,794,016",FAAt401
FAAt401,k1n31gd2ip00,28,Intellectual property products,1925,Current Dollars,Level,6,368,FAAt401
FAAt401,k1n31gd2ip00,28,Intellectual property products,1926,Current Dollars,Level,6,389,FAAt401
FAAt401,k1n31gd2ip00,28,Intellectual property products,1927,Current Dollars,Level,6,405,FAAt401
FAAt401,k1n31gd2ip00,28,Intellectual property products,1928,Current Dollars,Level,6,443,FAAt401
FAAt401,k1n31gd2ip00,28,Intellectual property products,1929,Current Dollars,Level,6,484,FAAt401
FAAt401,k1n31gd2ip00,28,Intellectual property products,1930,Current Dollars,Level,6,505,FAAt401
FAAt401,k1n31gd2ip00,28,Intellectual property products,1931,Current Dollars,Level,6,504,FAAt401
FAAt401,k1n31gd2ip00,28,Intellectual property products,1932,Current Dollars,Level,6,479,FAAt401
FAAt401,k1n31gd2ip00,28,Intellectual property products,1933,Current Dollars,Level,6,514,FAAt401
FAAt401,k1n31gd2ip00,28,Intellectual property products,1934,Current Dollars,Level,6,593,FAAt401
FAAt401,k1n31gd2ip00,28,Intellectual property products,1935,Current Dollars,Level,6,667,FAAt401
FAAt401,k1n31gd2ip00,28,Intellectual property products,1936,Current Dollars,Level,6,759,FAAt401
FAAt401,k1n31gd2ip00,28,Intellectual property products,1937,Current Dollars,Level,6,802,FAAt401
FAAt401,k1n31gd2ip00,28,Intellectual property products,1938,Current Dollars,Level,6,848,FAAt401
FAAt401,k1n31gd2ip00,28,Intellectual property products,1939,Current Dollars,Level,6,934,FAAt401
FAAt401,k1n31gd2ip00,28,Intellectual property products,1940,Current Dollars,Level,6,"1,085",FAAt401
FAAt401,k1n31gd2ip00,28,Intellectual property products,1941,Current Dollars,Level,6,"1,510",FAAt401
FAAt401,k1n31gd2ip00,28,Intellectual property products,1942,Current Dollars,Level,6,"1,978",FAAt401
FAAt401,k1n31gd2ip00,28,Intellectual property products,1943,Current Dollars,Level,6,"2,163",FAAt401
FAAt401,k1n31gd2ip00,28,Intellectual property products,1944,Current Dollars,Level,6,"2,200",FAAt401
FAAt401,k1n31gd2ip00,28,Intellectual property products,1945,Current Dollars,Level,6,"2,208",FAAt401
FAAt401,k1n31gd2ip00,28,Intellectual property products,1946,Current Dollars,Level,6,"2,606",FAAt401
FAAt401,k1n31gd2ip00,28,Intellectual property products,1947,Current Dollars,Level,6,"3,136",FAAt401
FAAt401,k1n31gd2ip00,28,Intellectual property products,1948,Current Dollars,Level,6,"3,493",FAAt401
FAAt401,k1n31gd2ip00,28,Intellectual property products,1949,Current Dollars,Level,6,"3,561",FAAt401
FAAt401,k1n31gd2ip00,28,Intellectual property products,1950,Current Dollars,Level,6,"4,104",FAAt401
FAAt401,k1n31gd2ip00,28,Intellectual property products,1951,Current Dollars,Level,6,"4,582",FAAt401
FAAt401,k1n31gd2ip00,28,Intellectual property products,1952,Current Dollars,Level,6,"5,228",FAAt401
FAAt401,k1n31gd2ip00,28,Intellectual property products,1953,Current Dollars,Level,6,"6,154",FAAt401
FAAt401,k1n31gd2ip00,28,Intellectual property products,1954,Current Dollars,Level,6,"7,002",FAAt401
FAAt401,k1n31gd2ip00,28,Intellectual property products,1955,Current Dollars,Level,6,"8,066",FAAt401
FAAt401,k1n31gd2ip00,28,Intellectual property products,1956,Current Dollars,Level,6,"9,724",FAAt401
FAAt401,k1n31gd2ip00,28,Intellectual property products,1957,Current Dollars,Level,6,"11,053",FAAt401
FAAt401,k1n31gd2ip00,28,Intellectual property products,1958,Current Dollars,Level,6,"12,400",FAAt401
FAAt401,k1n31gd2ip00,28,Intellectual property products,1959,Current Dollars,Level,6,"13,800",FAAt401
FAAt401,k1n31gd2ip00,28,Intellectual property products,1960,Current Dollars,Level,6,"15,212",FAAt401
FAAt401,k1n31gd2ip00,28,Intellectual property products,1961,Current Dollars,Level,6,"16,523",FAAt401
FAAt401,k1n31gd2ip00,28,Intellectual property products,1962,Current Dollars,Level,6,"17,878",FAAt401
FAAt401,k1n31gd2ip00,28,Intellectual property products,1963,Current Dollars,Level,6,"19,402",FAAt401
FAAt401,k1n31gd2ip00,28,Intellectual property products,1964,Current Dollars,Level,6,"20,969",FAAt401
FAAt401,k1n31gd2ip00,28,Intellectual property products,1965,Current Dollars,Level,6,"22,816",FAAt401
FAAt401,k1n31gd2ip00,28,Intellectual property products,1966,Current Dollars,Level,6,"25,297",FAAt401
FAAt401,k1n31gd2ip00,28,Intellectual property products,1967,Current Dollars,Level,6,"28,140",FAAt401
FAAt401,k1n31gd2ip00,28,Intellectual property products,1968,Current Dollars,Level,6,"31,770",FAAt401
FAAt401,k1n31gd2ip00,28,Intellectual property products,1969,Current Dollars,Level,6,"36,007",FAAt401
FAAt401,k1n31gd2ip00,28,Intellectual property products,1970,Current Dollars,Level,6,"39,968",FAAt401
FAAt401,k1n31gd2ip00,28,Intellectual property products,1971,Current Dollars,Level,6,"43,245",FAAt401
FAAt401,k1n31gd2ip00,28,Intellectual property products,1972,Current Dollars,Level,6,"47,185",FAAt401
FAAt401,k1n31gd2ip00,28,Intellectual property products,1973,Current Dollars,Level,6,"54,304",FAAt401
FAAt401,k1n31gd2ip00,28,Intellectual property products,1974,Current Dollars,Level,6,"63,146",FAAt401
FAAt401,k1n31gd2ip00,28,Intellectual property products,1975,Current Dollars,Level,6,"68,850",FAAt401
FAAt401,k1n31gd2ip00,28,Intellectual property products,1976,Current Dollars,Level,6,"75,138",FAAt401
FAAt401,k1n31gd2ip00,28,Intellectual property products,1977,Current Dollars,Level,6,"82,034",FAAt401
FAAt401,k1n31gd2ip00,28,Intellectual property products,1978,Current Dollars,Level,6,"91,218",FAAt401
FAAt401,k1n31gd2ip00,28,Intellectual property products,1979,Current Dollars,Level,6,"104,185",FAAt401
FAAt401,k1n31gd2ip00,28,Intellectual property products,1980,Current Dollars,Level,6,"119,908",FAAt401
FAAt401,k1n31gd2ip00,28,Intellectual property products,1981,Current Dollars,Level,6,"137,156",FAAt401
FAAt401,k1n31gd2ip00,28,Intellectual property products,1982,Current Dollars,Level,6,"151,565",FAAt401
FAAt401,k1n31gd2ip00,28,Intellectual property products,1983,Current Dollars,Level,6,"165,750",FAAt401
FAAt401,k1n31gd2ip00,28,Intellectual property products,1984,Current Dollars,Level,6,"180,758",FAAt401
FAAt401,k1n31gd2ip00,28,Intellectual property products,1985,Current Dollars,Level,6,"196,663",FAAt401
FAAt401,k1n31gd2ip00,28,Intellectual property products,1986,Current Dollars,Level,6,"209,837",FAAt401
FAAt401,k1n31gd2ip00,28,Intellectual property products,1987,Current Dollars,Level,6,"227,798",FAAt401
FAAt401,k1n31gd2ip00,28,Intellectual property products,1988,Current Dollars,Level,6,"242,664",FAAt401
FAAt401,k1n31gd2ip00,28,Intellectual property products,1989,Current Dollars,Level,6,"257,722",FAAt401
FAAt401,k1n31gd2ip00,28,Intellectual property products,1990,Current Dollars,Level,6,"272,603",FAAt401
FAAt401,k1n31gd2ip00,28,Intellectual property products,1991,Current Dollars,Level,6,"289,466",FAAt401
FAAt401,k1n31gd2ip00,28,Intellectual property products,1992,Current Dollars,Level,6,"306,323",FAAt401
FAAt401,k1n31gd2ip00,28,Intellectual property products,1993,Current Dollars,Level,6,"317,340",FAAt401
FAAt401,k1n31gd2ip00,28,Intellectual property products,1994,Current Dollars,Level,6,"338,911",FAAt401
FAAt401,k1n31gd2ip00,28,Intellectual property products,1995,Current Dollars,Level,6,"363,995",FAAt401
FAAt401,k1n31gd2ip00,28,Intellectual property products,1996,Current Dollars,Level,6,"392,745",FAAt401
FAAt401,k1n31gd2ip00,28,Intellectual property products,1997,Current Dollars,Level,6,"430,565",FAAt401
FAAt401,k1n31gd2ip00,28,Intellectual property products,1998,Current Dollars,Level,6,"468,439",FAAt401
FAAt401,k1n31gd2ip00,28,Intellectual property products,1999,Current Dollars,Level,6,"508,509",FAAt401
FAAt401,k1n31gd2ip00,28,Intellectual property products,2000,Current Dollars,Level,6,"549,405",FAAt401
FAAt401,k1n31gd2ip00,28,Intellectual property products,2001,Current Dollars,Level,6,"567,642",FAAt401
FAAt401,k1n31gd2ip00,28,Intellectual property products,2002,Current Dollars,Level,6,"575,500",FAAt401
FAAt401,k1n31gd2ip00,28,Intellectual property products,2003,Current Dollars,Level,6,"603,803",FAAt401
FAAt401,k1n31gd2ip00,28,Intellectual property products,2004,Current Dollars,Level,6,"628,072",FAAt401
FAAt401,k1n31gd2ip00,28,Intellectual property products,2005,Current Dollars,Level,6,"673,418",FAAt401
FAAt401,k1n31gd2ip00,28,Intellectual property products,2006,Current Dollars,Level,6,"712,618",FAAt401
FAAt401,k1n31gd2ip00,28,Intellectual property products,2007,Current Dollars,Level,6,"777,467",FAAt401
FAAt401,k1n31gd2ip00,28,Intellectual property products,2008,Current Dollars,Level,6,"825,185",FAAt401
FAAt401,k1n31gd2ip00,28,Intellectual property products,2009,Current Dollars,Level,6,"850,924",FAAt401
FAAt401,k1n31gd2ip00,28,Intellectual property products,2010,Current Dollars,Level,6,"890,934",FAAt401
FAAt401,k1n31gd2ip00,28,Intellectual property products,2011,Current Dollars,Level,6,"939,726",FAAt401
FAAt401,k1n31gd2ip00,28,Intellectual property products,2012,Current Dollars,Level,6,"975,848",FAAt401
FAAt401,k1n31gd2ip00,28,Intellectual property products,2013,Current Dollars,Level,6,"1,034,641",FAAt401
FAAt401,k1n31gd2ip00,28,Intellectual property products,2014,Current Dollars,Level,6,"1,078,747",FAAt401
FAAt401,k1n31gd2ip00,28,Intellectual property products,2015,Current Dollars,Level,6,"1,099,511",FAAt401
FAAt401,k1n31gd2ip00,28,Intellectual property products,2016,Current Dollars,Level,6,"1,157,363",FAAt401
FAAt401,k1n31gd2ip00,28,Intellectual property products,2017,Current Dollars,Level,6,"1,228,445",FAAt401
FAAt401,k1n31gd2ip00,28,Intellectual property products,2018,Current Dollars,Level,6,"1,287,651",FAAt401
FAAt401,k1n31gd2ip00,28,Intellectual property products,2019,Current Dollars,Level,6,"1,350,801",FAAt401
FAAt401,k1n31gd2ip00,28,Intellectual property products,2020,Current Dollars,Level,6,"1,492,077",FAAt401
FAAt401,k1n31gd2ip00,28,Intellectual property products,2021,Current Dollars,Level,6,"1,570,199",FAAt401
FAAt401,k1n31gd2ip00,28,Intellectual property products,2022,Current Dollars,Level,6,"1,674,330",FAAt401
FAAt401,k1n31gd2ip00,28,Intellectual property products,2023,Current Dollars,Level,6,"1,780,191",FAAt401
FAAt401,k1n31gd2ip00,28,Intellectual property products,2024,Current Dollars,Level,6,"1,891,994",FAAt401
FAAt401,k1nnoma2es00,29,Nonfarm nonmanufacturing,1925,Current Dollars,Level,6,"82,323",FAAt401
FAAt401,k1nnoma2es00,29,Nonfarm nonmanufacturing,1926,Current Dollars,Level,6,"84,808",FAAt401
FAAt401,k1nnoma2es00,29,Nonfarm nonmanufacturing,1927,Current Dollars,Level,6,"85,933",FAAt401
FAAt401,k1nnoma2es00,29,Nonfarm nonmanufacturing,1928,Current Dollars,Level,6,"87,432",FAAt401
FAAt401,k1nnoma2es00,29,Nonfarm nonmanufacturing,1929,Current Dollars,Level,6,"86,600",FAAt401
FAAt401,k1nnoma2es00,29,Nonfarm nonmanufacturing,1930,Current Dollars,Level,6,"82,972",FAAt401
FAAt401,k1nnoma2es00,29,Nonfarm nonmanufacturing,1931,Current Dollars,Level,6,"74,901",FAAt401
FAAt401,k1nnoma2es00,29,Nonfarm nonmanufacturing,1932,Current Dollars,Level,6,"70,271",FAAt401
FAAt401,k1nnoma2es00,29,Nonfarm nonmanufacturing,1933,Current Dollars,Level,6,"69,450",FAAt401
FAAt401,k1nnoma2es00,29,Nonfarm nonmanufacturing,1934,Current Dollars,Level,6,"70,006",FAAt401
FAAt401,k1nnoma2es00,29,Nonfarm nonmanufacturing,1935,Current Dollars,Level,6,"69,353",FAAt401
FAAt401,k1nnoma2es00,29,Nonfarm nonmanufacturing,1936,Current Dollars,Level,6,"75,916",FAAt401
FAAt401,k1nnoma2es00,29,Nonfarm nonmanufacturing,1937,Current Dollars,Level,6,"78,006",FAAt401
FAAt401,k1nnoma2es00,29,Nonfarm nonmanufacturing,1938,Current Dollars,Level,6,"77,289",FAAt401
FAAt401,k1nnoma2es00,29,Nonfarm nonmanufacturing,1939,Current Dollars,Level,6,"77,290",FAAt401
FAAt401,k1nnoma2es00,29,Nonfarm nonmanufacturing,1940,Current Dollars,Level,6,"81,299",FAAt401
FAAt401,k1nnoma2es00,29,Nonfarm nonmanufacturing,1941,Current Dollars,Level,6,"90,054",FAAt401
FAAt401,k1nnoma2es00,29,Nonfarm nonmanufacturing,1942,Current Dollars,Level,6,"95,002",FAAt401
FAAt401,k1nnoma2es00,29,Nonfarm nonmanufacturing,1943,Current Dollars,Level,6,"95,800",FAAt401
FAAt401,k1nnoma2es00,29,Nonfarm nonmanufacturing,1944,Current Dollars,Level,6,"96,813",FAAt401
FAAt401,k1nnoma2es00,29,Nonfarm nonmanufacturing,1945,Current Dollars,Level,6,"104,229",FAAt401
FAAt401,k1nnoma2es00,29,Nonfarm nonmanufacturing,1946,Current Dollars,Level,6,"125,392",FAAt401
FAAt401,k1nnoma2es00,29,Nonfarm nonmanufacturing,1947,Current Dollars,Level,6,"148,535",FAAt401
FAAt401,k1nnoma2es00,29,Nonfarm nonmanufacturing,1948,Current Dollars,Level,6,"161,907",FAAt401
FAAt401,k1nnoma2es00,29,Nonfarm nonmanufacturing,1949,Current Dollars,Level,6,"166,422",FAAt401
FAAt401,k1nnoma2es00,29,Nonfarm nonmanufacturing,1950,Current Dollars,Level,6,"185,514",FAAt401
FAAt401,k1nnoma2es00,29,Nonfarm nonmanufacturing,1951,Current Dollars,Level,6,"200,510",FAAt401
FAAt401,k1nnoma2es00,29,Nonfarm nonmanufacturing,1952,Current Dollars,Level,6,"212,295",FAAt401
FAAt401,k1nnoma2es00,29,Nonfarm nonmanufacturing,1953,Current Dollars,Level,6,"223,107",FAAt401
FAAt401,k1nnoma2es00,29,Nonfarm nonmanufacturing,1954,Current Dollars,Level,6,"229,617",FAAt401
FAAt401,k1nnoma2es00,29,Nonfarm nonmanufacturing,1955,Current Dollars,Level,6,"252,473",FAAt401
FAAt401,k1nnoma2es00,29,Nonfarm nonmanufacturing,1956,Current Dollars,Level,6,"278,273",FAAt401
FAAt401,k1nnoma2es00,29,Nonfarm nonmanufacturing,1957,Current Dollars,Level,6,"297,698",FAAt401
FAAt401,k1nnoma2es00,29,Nonfarm nonmanufacturing,1958,Current Dollars,Level,6,"305,180",FAAt401
FAAt401,k1nnoma2es00,29,Nonfarm nonmanufacturing,1959,Current Dollars,Level,6,"318,758",FAAt401
FAAt401,k1nnoma2es00,29,Nonfarm nonmanufacturing,1960,Current Dollars,Level,6,"324,962",FAAt401
FAAt401,k1nnoma2es00,29,Nonfarm nonmanufacturing,1961,Current Dollars,Level,6,"333,420",FAAt401
FAAt401,k1nnoma2es00,29,Nonfarm nonmanufacturing,1962,Current Dollars,Level,6,"343,339",FAAt401
FAAt401,k1nnoma2es00,29,Nonfarm nonmanufacturing,1963,Current Dollars,Level,6,"354,000",FAAt401
FAAt401,k1nnoma2es00,29,Nonfarm nonmanufacturing,1964,Current Dollars,Level,6,"372,151",FAAt401
FAAt401,k1nnoma2es00,29,Nonfarm nonmanufacturing,1965,Current Dollars,Level,6,"396,431",FAAt401
FAAt401,k1nnoma2es00,29,Nonfarm nonmanufacturing,1966,Current Dollars,Level,6,"426,656",FAAt401
FAAt401,k1nnoma2es00,29,Nonfarm nonmanufacturing,1967,Current Dollars,Level,6,"461,353",FAAt401
FAAt401,k1nnoma2es00,29,Nonfarm nonmanufacturing,1968,Current Dollars,Level,6,"506,498",FAAt401
FAAt401,k1nnoma2es00,29,Nonfarm nonmanufacturing,1969,Current Dollars,Level,6,"558,779",FAAt401
FAAt401,k1nnoma2es00,29,Nonfarm nonmanufacturing,1970,Current Dollars,Level,6,"615,015",FAAt401
FAAt401,k1nnoma2es00,29,Nonfarm nonmanufacturing,1971,Current Dollars,Level,6,"674,486",FAAt401
FAAt401,k1nnoma2es00,29,Nonfarm nonmanufacturing,1972,Current Dollars,Level,6,"733,362",FAAt401
FAAt401,k1nnoma2es00,29,Nonfarm nonmanufacturing,1973,Current Dollars,Level,6,"832,081",FAAt401
FAAt401,k1nnoma2es00,29,Nonfarm nonmanufacturing,1974,Current Dollars,Level,6,"1,020,567",FAAt401
FAAt401,k1nnoma2es00,29,Nonfarm nonmanufacturing,1975,Current Dollars,Level,6,"1,127,911",FAAt401
FAAt401,k1nnoma2es00,29,Nonfarm nonmanufacturing,1976,Current Dollars,Level,6,"1,240,672",FAAt401
FAAt401,k1nnoma2es00,29,Nonfarm nonmanufacturing,1977,Current Dollars,Level,6,"1,377,270",FAAt401
FAAt401,k1nnoma2es00,29,Nonfarm nonmanufacturing,1978,Current Dollars,Level,6,"1,567,473",FAAt401
FAAt401,k1nnoma2es00,29,Nonfarm nonmanufacturing,1979,Current Dollars,Level,6,"1,808,969",FAAt401
FAAt401,k1nnoma2es00,29,Nonfarm nonmanufacturing,1980,Current Dollars,Level,6,"2,077,481",FAAt401
FAAt401,k1nnoma2es00,29,Nonfarm nonmanufacturing,1981,Current Dollars,Level,6,"2,372,046",FAAt401
FAAt401,k1nnoma2es00,29,Nonfarm nonmanufacturing,1982,Current Dollars,Level,6,"2,531,213",FAAt401
FAAt401,k1nnoma2es00,29,Nonfarm nonmanufacturing,1983,Current Dollars,Level,6,"2,616,574",FAAt401
FAAt401,k1nnoma2es00,29,Nonfarm nonmanufacturing,1984,Current Dollars,Level,6,"2,794,823",FAAt401
FAAt401,k1nnoma2es00,29,Nonfarm nonmanufacturing,1985,Current Dollars,Level,6,"2,954,822",FAAt401
FAAt401,k1nnoma2es00,29,Nonfarm nonmanufacturing,1986,Current Dollars,Level,6,"3,093,649",FAAt401
FAAt401,k1nnoma2es00,29,Nonfarm nonmanufacturing,1987,Current Dollars,Level,6,"3,269,608",FAAt401
FAAt401,k1nnoma2es00,29,Nonfarm nonmanufacturing,1988,Current Dollars,Level,6,"3,506,773",FAAt401
FAAt401,k1nnoma2es00,29,Nonfarm nonmanufacturing,1989,Current Dollars,Level,6,"3,734,937",FAAt401
FAAt401,k1nnoma2es00,29,Nonfarm nonmanufacturing,1990,Current Dollars,Level,6,"3,958,494",FAAt401
FAAt401,k1nnoma2es00,29,Nonfarm nonmanufacturing,1991,Current Dollars,Level,6,"4,057,926",FAAt401
FAAt401,k1nnoma2es00,29,Nonfarm nonmanufacturing,1992,Current Dollars,Level,6,"4,206,249",FAAt401
FAAt401,k1nnoma2es00,29,Nonfarm nonmanufacturing,1993,Current Dollars,Level,6,"4,436,686",FAAt401
FAAt401,k1nnoma2es00,29,Nonfarm nonmanufacturing,1994,Current Dollars,Level,6,"4,697,087",FAAt401
FAAt401,k1nnoma2es00,29,Nonfarm nonmanufacturing,1995,Current Dollars,Level,6,"4,978,938",FAAt401
FAAt401,k1nnoma2es00,29,Nonfarm nonmanufacturing,1996,Current Dollars,Level,6,"5,240,182",FAAt401
FAAt401,k1nnoma2es00,29,Nonfarm nonmanufacturing,1997,Current Dollars,Level,6,"5,558,865",FAAt401
FAAt401,k1nnoma2es00,29,Nonfarm nonmanufacturing,1998,Current Dollars,Level,6,"5,875,784",FAAt401
FAAt401,k1nnoma2es00,29,Nonfarm nonmanufacturing,1999,Current Dollars,Level,6,"6,263,928",FAAt401
FAAt401,k1nnoma2es00,29,Nonfarm nonmanufacturing,2000,Current Dollars,Level,6,"6,758,756",FAAt401
FAAt401,k1nnoma2es00,29,Nonfarm nonmanufacturing,2001,Current Dollars,Level,6,"7,129,997",FAAt401
FAAt401,k1nnoma2es00,29,Nonfarm nonmanufacturing,2002,Current Dollars,Level,6,"7,396,028",FAAt401
FAAt401,k1nnoma2es00,29,Nonfarm nonmanufacturing,2003,Current Dollars,Level,6,"7,647,654",FAAt401
FAAt401,k1nnoma2es00,29,Nonfarm nonmanufacturing,2004,Current Dollars,Level,6,"8,367,046",FAAt401
FAAt401,k1nnoma2es00,29,Nonfarm nonmanufacturing,2005,Current Dollars,Level,6,"9,187,083",FAAt401
FAAt401,k1nnoma2es00,29,Nonfarm nonmanufacturing,2006,Current Dollars,Level,6,"10,010,262",FAAt401
FAAt401,k1nnoma2es00,29,Nonfarm nonmanufacturing,2007,Current Dollars,Level,6,"10,549,454",FAAt401
FAAt401,k1nnoma2es00,29,Nonfarm nonmanufacturing,2008,Current Dollars,Level,6,"11,240,914",FAAt401
FAAt401,k1nnoma2es00,29,Nonfarm nonmanufacturing,2009,Current Dollars,Level,6,"10,856,055",FAAt401
FAAt401,k1nnoma2es00,29,Nonfarm nonmanufacturing,2010,Current Dollars,Level,6,"11,186,612",FAAt401
FAAt401,k1nnoma2es00,29,Nonfarm nonmanufacturing,2011,Current Dollars,Level,6,"11,759,777",FAAt401
FAAt401,k1nnoma2es00,29,Nonfarm nonmanufacturing,2012,Current Dollars,Level,6,"12,182,059",FAAt401
FAAt401,k1nnoma2es00,29,Nonfarm nonmanufacturing,2013,Current Dollars,Level,6,"12,633,419",FAAt401
FAAt401,k1nnoma2es00,29,Nonfarm nonmanufacturing,2014,Current Dollars,Level,6,"13,282,929",FAAt401
FAAt401,k1nnoma2es00,29,Nonfarm nonmanufacturing,2015,Current Dollars,Level,6,"13,521,284",FAAt401
FAAt401,k1nnoma2es00,29,Nonfarm nonmanufacturing,2016,Current Dollars,Level,6,"13,927,414",FAAt401
FAAt401,k1nnoma2es00,29,Nonfarm nonmanufacturing,2017,Current Dollars,Level,6,"14,453,441",FAAt401
FAAt401,k1nnoma2es00,29,Nonfarm nonmanufacturing,2018,Current Dollars,Level,6,"15,115,332",FAAt401
FAAt401,k1nnoma2es00,29,Nonfarm nonmanufacturing,2019,Current Dollars,Level,6,"15,841,495",FAAt401
FAAt401,k1nnoma2es00,29,Nonfarm nonmanufacturing,2020,Current Dollars,Level,6,"16,044,914",FAAt401
FAAt401,k1nnoma2es00,29,Nonfarm nonmanufacturing,2021,Current Dollars,Level,6,"17,901,095",FAAt401
FAAt401,k1nnoma2es00,29,Nonfarm nonmanufacturing,2022,Current Dollars,Level,6,"20,016,115",FAAt401
FAAt401,k1nnoma2es00,29,Nonfarm nonmanufacturing,2023,Current Dollars,Level,6,"20,743,089",FAAt401
FAAt401,k1nnoma2es00,29,Nonfarm nonmanufacturing,2024,Current Dollars,Level,6,"21,422,997",FAAt401
FAAt401,k1nnoma2eq00,30,Equipment,1925,Current Dollars,Level,6,"16,465",FAAt401
FAAt401,k1nnoma2eq00,30,Equipment,1926,Current Dollars,Level,6,"17,390",FAAt401
FAAt401,k1nnoma2eq00,30,Equipment,1927,Current Dollars,Level,6,"17,517",FAAt401
FAAt401,k1nnoma2eq00,30,Equipment,1928,Current Dollars,Level,6,"17,574",FAAt401
FAAt401,k1nnoma2eq00,30,Equipment,1929,Current Dollars,Level,6,"17,425",FAAt401
FAAt401,k1nnoma2eq00,30,Equipment,1930,Current Dollars,Level,6,"16,431",FAAt401
FAAt401,k1nnoma2eq00,30,Equipment,1931,Current Dollars,Level,6,"14,994",FAAt401
FAAt401,k1nnoma2eq00,30,Equipment,1932,Current Dollars,Level,6,"13,398",FAAt401
FAAt401,k1nnoma2eq00,30,Equipment,1933,Current Dollars,Level,6,"12,991",FAAt401
FAAt401,k1nnoma2eq00,30,Equipment,1934,Current Dollars,Level,6,"13,214",FAAt401
FAAt401,k1nnoma2eq00,30,Equipment,1935,Current Dollars,Level,6,"12,744",FAAt401
FAAt401,k1nnoma2eq00,30,Equipment,1936,Current Dollars,Level,6,"13,299",FAAt401
FAAt401,k1nnoma2eq00,30,Equipment,1937,Current Dollars,Level,6,"13,930",FAAt401
FAAt401,k1nnoma2eq00,30,Equipment,1938,Current Dollars,Level,6,"13,779",FAAt401
FAAt401,k1nnoma2eq00,30,Equipment,1939,Current Dollars,Level,6,"13,749",FAAt401
FAAt401,k1nnoma2eq00,30,Equipment,1940,Current Dollars,Level,6,"14,506",FAAt401
FAAt401,k1nnoma2eq00,30,Equipment,1941,Current Dollars,Level,6,"16,546",FAAt401
FAAt401,k1nnoma2eq00,30,Equipment,1942,Current Dollars,Level,6,"16,990",FAAt401
FAAt401,k1nnoma2eq00,30,Equipment,1943,Current Dollars,Level,6,"17,027",FAAt401
FAAt401,k1nnoma2eq00,30,Equipment,1944,Current Dollars,Level,6,"16,406",FAAt401
FAAt401,k1nnoma2eq00,30,Equipment,1945,Current Dollars,Level,6,"18,780",FAAt401
FAAt401,k1nnoma2eq00,30,Equipment,1946,Current Dollars,Level,6,"23,172",FAAt401
FAAt401,k1nnoma2eq00,30,Equipment,1947,Current Dollars,Level,6,"27,474",FAAt401
FAAt401,k1nnoma2eq00,30,Equipment,1948,Current Dollars,Level,6,"33,355",FAAt401
FAAt401,k1nnoma2eq00,30,Equipment,1949,Current Dollars,Level,6,"35,115",FAAt401
FAAt401,k1nnoma2eq00,30,Equipment,1950,Current Dollars,Level,6,"40,233",FAAt401
FAAt401,k1nnoma2eq00,30,Equipment,1951,Current Dollars,Level,6,"44,505",FAAt401
FAAt401,k1nnoma2eq00,30,Equipment,1952,Current Dollars,Level,6,"47,061",FAAt401
FAAt401,k1nnoma2eq00,30,Equipment,1953,Current Dollars,Level,6,"51,405",FAAt401
FAAt401,k1nnoma2eq00,30,Equipment,1954,Current Dollars,Level,6,"53,089",FAAt401
FAAt401,k1nnoma2eq00,30,Equipment,1955,Current Dollars,Level,6,"58,872",FAAt401
FAAt401,k1nnoma2eq00,30,Equipment,1956,Current Dollars,Level,6,"66,866",FAAt401
FAAt401,k1nnoma2eq00,30,Equipment,1957,Current Dollars,Level,6,"73,935",FAAt401
FAAt401,k1nnoma2eq00,30,Equipment,1958,Current Dollars,Level,6,"77,142",FAAt401
FAAt401,k1nnoma2eq00,30,Equipment,1959,Current Dollars,Level,6,"82,140",FAAt401
FAAt401,k1nnoma2eq00,30,Equipment,1960,Current Dollars,Level,6,"86,351",FAAt401
FAAt401,k1nnoma2eq00,30,Equipment,1961,Current Dollars,Level,6,"89,271",FAAt401
FAAt401,k1nnoma2eq00,30,Equipment,1962,Current Dollars,Level,6,"93,905",FAAt401
FAAt401,k1nnoma2eq00,30,Equipment,1963,Current Dollars,Level,6,"99,074",FAAt401
FAAt401,k1nnoma2eq00,30,Equipment,1964,Current Dollars,Level,6,"105,518",FAAt401
FAAt401,k1nnoma2eq00,30,Equipment,1965,Current Dollars,Level,6,"114,033",FAAt401
FAAt401,k1nnoma2eq00,30,Equipment,1966,Current Dollars,Level,6,"126,956",FAAt401
FAAt401,k1nnoma2eq00,30,Equipment,1967,Current Dollars,Level,6,"140,424",FAAt401
FAAt401,k1nnoma2eq00,30,Equipment,1968,Current Dollars,Level,6,"156,897",FAAt401
FAAt401,k1nnoma2eq00,30,Equipment,1969,Current Dollars,Level,6,"175,863",FAAt401
FAAt401,k1nnoma2eq00,30,Equipment,1970,Current Dollars,Level,6,"194,493",FAAt401
FAAt401,k1nnoma2eq00,30,Equipment,1971,Current Dollars,Level,6,"210,465",FAAt401
FAAt401,k1nnoma2eq00,30,Equipment,1972,Current Dollars,Level,6,"230,349",FAAt401
FAAt401,k1nnoma2eq00,30,Equipment,1973,Current Dollars,Level,6,"259,034",FAAt401
FAAt401,k1nnoma2eq00,30,Equipment,1974,Current Dollars,Level,6,"318,082",FAAt401
FAAt401,k1nnoma2eq00,30,Equipment,1975,Current Dollars,Level,6,"362,633",FAAt401
FAAt401,k1nnoma2eq00,30,Equipment,1976,Current Dollars,Level,6,"400,969",FAAt401
FAAt401,k1nnoma2eq00,30,Equipment,1977,Current Dollars,Level,6,"452,572",FAAt401
FAAt401,k1nnoma2eq00,30,Equipment,1978,Current Dollars,Level,6,"520,802",FAAt401
FAAt401,k1nnoma2eq00,30,Equipment,1979,Current Dollars,Level,6,"607,233",FAAt401
FAAt401,k1nnoma2eq00,30,Equipment,1980,Current Dollars,Level,6,"709,447",FAAt401
FAAt401,k1nnoma2eq00,30,Equipment,1981,Current Dollars,Level,6,"795,282",FAAt401
FAAt401,k1nnoma2eq00,30,Equipment,1982,Current Dollars,Level,6,"850,095",FAAt401
FAAt401,k1nnoma2eq00,30,Equipment,1983,Current Dollars,Level,6,"892,062",FAAt401
FAAt401,k1nnoma2eq00,30,Equipment,1984,Current Dollars,Level,6,"954,614",FAAt401
FAAt401,k1nnoma2eq00,30,Equipment,1985,Current Dollars,Level,6,"1,014,106",FAAt401
FAAt401,k1nnoma2eq00,30,Equipment,1986,Current Dollars,Level,6,"1,080,886",FAAt401
FAAt401,k1nnoma2eq00,30,Equipment,1987,Current Dollars,Level,6,"1,135,894",FAAt401
FAAt401,k1nnoma2eq00,30,Equipment,1988,Current Dollars,Level,6,"1,214,684",FAAt401
FAAt401,k1nnoma2eq00,30,Equipment,1989,Current Dollars,Level,6,"1,288,772",FAAt401
FAAt401,k1nnoma2eq00,30,Equipment,1990,Current Dollars,Level,6,"1,356,533",FAAt401
FAAt401,k1nnoma2eq00,30,Equipment,1991,Current Dollars,Level,6,"1,387,893",FAAt401
FAAt401,k1nnoma2eq00,30,Equipment,1992,Current Dollars,Level,6,"1,426,758",FAAt401
FAAt401,k1nnoma2eq00,30,Equipment,1993,Current Dollars,Level,6,"1,497,312",FAAt401
FAAt401,k1nnoma2eq00,30,Equipment,1994,Current Dollars,Level,6,"1,590,987",FAAt401
FAAt401,k1nnoma2eq00,30,Equipment,1995,Current Dollars,Level,6,"1,700,906",FAAt401
FAAt401,k1nnoma2eq00,30,Equipment,1996,Current Dollars,Level,6,"1,796,984",FAAt401
FAAt401,k1nnoma2eq00,30,Equipment,1997,Current Dollars,Level,6,"1,886,906",FAAt401
FAAt401,k1nnoma2eq00,30,Equipment,1998,Current Dollars,Level,6,"1,980,853",FAAt401
FAAt401,k1nnoma2eq00,30,Equipment,1999,Current Dollars,Level,6,"2,123,394",FAAt401
FAAt401,k1nnoma2eq00,30,Equipment,2000,Current Dollars,Level,6,"2,288,915",FAAt401
FAAt401,k1nnoma2eq00,30,Equipment,2001,Current Dollars,Level,6,"2,357,363",FAAt401
FAAt401,k1nnoma2eq00,30,Equipment,2002,Current Dollars,Level,6,"2,369,967",FAAt401
FAAt401,k1nnoma2eq00,30,Equipment,2003,Current Dollars,Level,6,"2,379,366",FAAt401
FAAt401,k1nnoma2eq00,30,Equipment,2004,Current Dollars,Level,6,"2,524,647",FAAt401
FAAt401,k1nnoma2eq00,30,Equipment,2005,Current Dollars,Level,6,"2,645,282",FAAt401
FAAt401,k1nnoma2eq00,30,Equipment,2006,Current Dollars,Level,6,"2,849,440",FAAt401
FAAt401,k1nnoma2eq00,30,Equipment,2007,Current Dollars,Level,6,"2,969,087",FAAt401
FAAt401,k1nnoma2eq00,30,Equipment,2008,Current Dollars,Level,6,"3,093,734",FAAt401
FAAt401,k1nnoma2eq00,30,Equipment,2009,Current Dollars,Level,6,"3,015,830",FAAt401
FAAt401,k1nnoma2eq00,30,Equipment,2010,Current Dollars,Level,6,"3,080,680",FAAt401
FAAt401,k1nnoma2eq00,30,Equipment,2011,Current Dollars,Level,6,"3,224,953",FAAt401
FAAt401,k1nnoma2eq00,30,Equipment,2012,Current Dollars,Level,6,"3,378,697",FAAt401
FAAt401,k1nnoma2eq00,30,Equipment,2013,Current Dollars,Level,6,"3,490,113",FAAt401
FAAt401,k1nnoma2eq00,30,Equipment,2014,Current Dollars,Level,6,"3,656,703",FAAt401
FAAt401,k1nnoma2eq00,30,Equipment,2015,Current Dollars,Level,6,"3,780,583",FAAt401
FAAt401,k1nnoma2eq00,30,Equipment,2016,Current Dollars,Level,6,"3,904,262",FAAt401
FAAt401,k1nnoma2eq00,30,Equipment,2017,Current Dollars,Level,6,"4,081,832",FAAt401
FAAt401,k1nnoma2eq00,30,Equipment,2018,Current Dollars,Level,6,"4,302,049",FAAt401
FAAt401,k1nnoma2eq00,30,Equipment,2019,Current Dollars,Level,6,"4,446,254",FAAt401
FAAt401,k1nnoma2eq00,30,Equipment,2020,Current Dollars,Level,6,"4,505,666",FAAt401
FAAt401,k1nnoma2eq00,30,Equipment,2021,Current Dollars,Level,6,"4,875,963",FAAt401
FAAt401,k1nnoma2eq00,30,Equipment,2022,Current Dollars,Level,6,"5,234,132",FAAt401
FAAt401,k1nnoma2eq00,30,Equipment,2023,Current Dollars,Level,6,"5,464,936",FAAt401
FAAt401,k1nnoma2eq00,30,Equipment,2024,Current Dollars,Level,6,"5,680,893",FAAt401
FAAt401,k1nnoma2st00,31,Structures,1925,Current Dollars,Level,6,"64,988",FAAt401
FAAt401,k1nnoma2st00,31,Structures,1926,Current Dollars,Level,6,"66,508",FAAt401
FAAt401,k1nnoma2st00,31,Structures,1927,Current Dollars,Level,6,"67,462",FAAt401
FAAt401,k1nnoma2st00,31,Structures,1928,Current Dollars,Level,6,"68,831",FAAt401
FAAt401,k1nnoma2st00,31,Structures,1929,Current Dollars,Level,6,"68,049",FAAt401
FAAt401,k1nnoma2st00,31,Structures,1930,Current Dollars,Level,6,"65,388",FAAt401
FAAt401,k1nnoma2st00,31,Structures,1931,Current Dollars,Level,6,"58,770",FAAt401
FAAt401,k1nnoma2st00,31,Structures,1932,Current Dollars,Level,6,"55,777",FAAt401
FAAt401,k1nnoma2st00,31,Structures,1933,Current Dollars,Level,6,"55,380",FAAt401
FAAt401,k1nnoma2st00,31,Structures,1934,Current Dollars,Level,6,"55,631",FAAt401
FAAt401,k1nnoma2st00,31,Structures,1935,Current Dollars,Level,6,"55,358",FAAt401
FAAt401,k1nnoma2st00,31,Structures,1936,Current Dollars,Level,6,"61,214",FAAt401
FAAt401,k1nnoma2st00,31,Structures,1937,Current Dollars,Level,6,"62,504",FAAt401
FAAt401,k1nnoma2st00,31,Structures,1938,Current Dollars,Level,6,"61,810",FAAt401
FAAt401,k1nnoma2st00,31,Structures,1939,Current Dollars,Level,6,"61,742",FAAt401
FAAt401,k1nnoma2st00,31,Structures,1940,Current Dollars,Level,6,"64,851",FAAt401
FAAt401,k1nnoma2st00,31,Structures,1941,Current Dollars,Level,6,"71,336",FAAt401
FAAt401,k1nnoma2st00,31,Structures,1942,Current Dollars,Level,6,"75,575",FAAt401
FAAt401,k1nnoma2st00,31,Structures,1943,Current Dollars,Level,6,"75,932",FAAt401
FAAt401,k1nnoma2st00,31,Structures,1944,Current Dollars,Level,6,"77,126",FAAt401
FAAt401,k1nnoma2st00,31,Structures,1945,Current Dollars,Level,6,"81,806",FAAt401
FAAt401,k1nnoma2st00,31,Structures,1946,Current Dollars,Level,6,"98,158",FAAt401
FAAt401,k1nnoma2st00,31,Structures,1947,Current Dollars,Level,6,"116,418",FAAt401
FAAt401,k1nnoma2st00,31,Structures,1948,Current Dollars,Level,6,"123,681",FAAt401
FAAt401,k1nnoma2st00,31,Structures,1949,Current Dollars,Level,6,"126,306",FAAt401
FAAt401,k1nnoma2st00,31,Structures,1950,Current Dollars,Level,6,"139,922",FAAt401
FAAt401,k1nnoma2st00,31,Structures,1951,Current Dollars,Level,6,"150,451",FAAt401
FAAt401,k1nnoma2st00,31,Structures,1952,Current Dollars,Level,6,"159,425",FAAt401
FAAt401,k1nnoma2st00,31,Structures,1953,Current Dollars,Level,6,"165,451",FAAt401
FAAt401,k1nnoma2st00,31,Structures,1954,Current Dollars,Level,6,"169,867",FAAt401
FAAt401,k1nnoma2st00,31,Structures,1955,Current Dollars,Level,6,"186,411",FAAt401
FAAt401,k1nnoma2st00,31,Structures,1956,Current Dollars,Level,6,"203,641",FAAt401
FAAt401,k1nnoma2st00,31,Structures,1957,Current Dollars,Level,6,"215,344",FAAt401
FAAt401,k1nnoma2st00,31,Structures,1958,Current Dollars,Level,6,"219,264",FAAt401
FAAt401,k1nnoma2st00,31,Structures,1959,Current Dollars,Level,6,"227,121",FAAt401
FAAt401,k1nnoma2st00,31,Structures,1960,Current Dollars,Level,6,"228,618",FAAt401
FAAt401,k1nnoma2st00,31,Structures,1961,Current Dollars,Level,6,"233,381",FAAt401
FAAt401,k1nnoma2st00,31,Structures,1962,Current Dollars,Level,6,"238,136",FAAt401
FAAt401,k1nnoma2st00,31,Structures,1963,Current Dollars,Level,6,"242,589",FAAt401
FAAt401,k1nnoma2st00,31,Structures,1964,Current Dollars,Level,6,"253,262",FAAt401
FAAt401,k1nnoma2st00,31,Structures,1965,Current Dollars,Level,6,"267,450",FAAt401
FAAt401,k1nnoma2st00,31,Structures,1966,Current Dollars,Level,6,"283,006",FAAt401
FAAt401,k1nnoma2st00,31,Structures,1967,Current Dollars,Level,6,"301,818",FAAt401
FAAt401,k1nnoma2st00,31,Structures,1968,Current Dollars,Level,6,"328,228",FAAt401
FAAt401,k1nnoma2st00,31,Structures,1969,Current Dollars,Level,6,"358,865",FAAt401
FAAt401,k1nnoma2st00,31,Structures,1970,Current Dollars,Level,6,"394,145",FAAt401
FAAt401,k1nnoma2st00,31,Structures,1971,Current Dollars,Level,6,"436,347",FAAt401
FAAt401,k1nnoma2st00,31,Structures,1972,Current Dollars,Level,6,"473,522",FAAt401
FAAt401,k1nnoma2st00,31,Structures,1973,Current Dollars,Level,6,"541,613",FAAt401
FAAt401,k1nnoma2st00,31,Structures,1974,Current Dollars,Level,6,"667,599",FAAt401
FAAt401,k1nnoma2st00,31,Structures,1975,Current Dollars,Level,6,"727,410",FAAt401
FAAt401,k1nnoma2st00,31,Structures,1976,Current Dollars,Level,6,"797,709",FAAt401
FAAt401,k1nnoma2st00,31,Structures,1977,Current Dollars,Level,6,"877,723",FAAt401
FAAt401,k1nnoma2st00,31,Structures,1978,Current Dollars,Level,6,"993,537",FAAt401
FAAt401,k1nnoma2st00,31,Structures,1979,Current Dollars,Level,6,"1,140,610",FAAt401
FAAt401,k1nnoma2st00,31,Structures,1980,Current Dollars,Level,6,"1,298,735",FAAt401
FAAt401,k1nnoma2st00,31,Structures,1981,Current Dollars,Level,6,"1,497,052",FAAt401
FAAt401,k1nnoma2st00,31,Structures,1982,Current Dollars,Level,6,"1,589,287",FAAt401
FAAt401,k1nnoma2st00,31,Structures,1983,Current Dollars,Level,6,"1,619,493",FAAt401
FAAt401,k1nnoma2st00,31,Structures,1984,Current Dollars,Level,6,"1,718,805",FAAt401
FAAt401,k1nnoma2st00,31,Structures,1985,Current Dollars,Level,6,"1,804,221",FAAt401
FAAt401,k1nnoma2st00,31,Structures,1986,Current Dollars,Level,6,"1,859,444",FAAt401
FAAt401,k1nnoma2st00,31,Structures,1987,Current Dollars,Level,6,"1,961,917",FAAt401
FAAt401,k1nnoma2st00,31,Structures,1988,Current Dollars,Level,6,"2,101,139",FAAt401
FAAt401,k1nnoma2st00,31,Structures,1989,Current Dollars,Level,6,"2,230,332",FAAt401
FAAt401,k1nnoma2st00,31,Structures,1990,Current Dollars,Level,6,"2,358,403",FAAt401
FAAt401,k1nnoma2st00,31,Structures,1991,Current Dollars,Level,6,"2,400,995",FAAt401
FAAt401,k1nnoma2st00,31,Structures,1992,Current Dollars,Level,6,"2,488,109",FAAt401
FAAt401,k1nnoma2st00,31,Structures,1993,Current Dollars,Level,6,"2,621,237",FAAt401
FAAt401,k1nnoma2st00,31,Structures,1994,Current Dollars,Level,6,"2,762,872",FAAt401
FAAt401,k1nnoma2st00,31,Structures,1995,Current Dollars,Level,6,"2,907,587",FAAt401
FAAt401,k1nnoma2st00,31,Structures,1996,Current Dollars,Level,6,"3,047,013",FAAt401
FAAt401,k1nnoma2st00,31,Structures,1997,Current Dollars,Level,6,"3,241,299",FAAt401
FAAt401,k1nnoma2st00,31,Structures,1998,Current Dollars,Level,6,"3,425,427",FAAt401
FAAt401,k1nnoma2st00,31,Structures,1999,Current Dollars,Level,6,"3,603,186",FAAt401
FAAt401,k1nnoma2st00,31,Structures,2000,Current Dollars,Level,6,"3,862,085",FAAt401
FAAt401,k1nnoma2st00,31,Structures,2001,Current Dollars,Level,6,"4,131,633",FAAt401
FAAt401,k1nnoma2st00,31,Structures,2002,Current Dollars,Level,6,"4,354,481",FAAt401
FAAt401,k1nnoma2st00,31,Structures,2003,Current Dollars,Level,6,"4,560,428",FAAt401
FAAt401,k1nnoma2st00,31,Structures,2004,Current Dollars,Level,6,"5,101,091",FAAt401
FAAt401,k1nnoma2st00,31,Structures,2005,Current Dollars,Level,6,"5,755,971",FAAt401
FAAt401,k1nnoma2st00,31,Structures,2006,Current Dollars,Level,6,"6,326,397",FAAt401
FAAt401,k1nnoma2st00,31,Structures,2007,Current Dollars,Level,6,"6,701,198",FAAt401
FAAt401,k1nnoma2st00,31,Structures,2008,Current Dollars,Level,6,"7,228,757",FAAt401
FAAt401,k1nnoma2st00,31,Structures,2009,Current Dollars,Level,6,"6,902,845",FAAt401
FAAt401,k1nnoma2st00,31,Structures,2010,Current Dollars,Level,6,"7,135,414",FAAt401
FAAt401,k1nnoma2st00,31,Structures,2011,Current Dollars,Level,6,"7,514,252",FAAt401
FAAt401,k1nnoma2st00,31,Structures,2012,Current Dollars,Level,6,"7,732,968",FAAt401
FAAt401,k1nnoma2st00,31,Structures,2013,Current Dollars,Level,6,"8,018,125",FAAt401
FAAt401,k1nnoma2st00,31,Structures,2014,Current Dollars,Level,6,"8,438,526",FAAt401
FAAt401,k1nnoma2st00,31,Structures,2015,Current Dollars,Level,6,"8,498,861",FAAt401
FAAt401,k1nnoma2st00,31,Structures,2016,Current Dollars,Level,6,"8,684,536",FAAt401
FAAt401,k1nnoma2st00,31,Structures,2017,Current Dollars,Level,6,"8,916,538",FAAt401
FAAt401,k1nnoma2st00,31,Structures,2018,Current Dollars,Level,6,"9,236,441",FAAt401
FAAt401,k1nnoma2st00,31,Structures,2019,Current Dollars,Level,6,"9,691,684",FAAt401
FAAt401,k1nnoma2st00,31,Structures,2020,Current Dollars,Level,6,"9,675,486",FAAt401
FAAt401,k1nnoma2st00,31,Structures,2021,Current Dollars,Level,6,"10,981,366",FAAt401
FAAt401,k1nnoma2st00,31,Structures,2022,Current Dollars,Level,6,"12,498,661",FAAt401
FAAt401,k1nnoma2st00,31,Structures,2023,Current Dollars,Level,6,"12,779,086",FAAt401
FAAt401,k1nnoma2st00,31,Structures,2024,Current Dollars,Level,6,"13,021,467",FAAt401
FAAt401,k1nnoma2ip00,32,Intellectual property products,1925,Current Dollars,Level,6,870,FAAt401
FAAt401,k1nnoma2ip00,32,Intellectual property products,1926,Current Dollars,Level,6,909,FAAt401
FAAt401,k1nnoma2ip00,32,Intellectual property products,1927,Current Dollars,Level,6,954,FAAt401
FAAt401,k1nnoma2ip00,32,Intellectual property products,1928,Current Dollars,Level,6,"1,027",FAAt401
FAAt401,k1nnoma2ip00,32,Intellectual property products,1929,Current Dollars,Level,6,"1,127",FAAt401
FAAt401,k1nnoma2ip00,32,Intellectual property products,1930,Current Dollars,Level,6,"1,153",FAAt401
FAAt401,k1nnoma2ip00,32,Intellectual property products,1931,Current Dollars,Level,6,"1,137",FAAt401
FAAt401,k1nnoma2ip00,32,Intellectual property products,1932,Current Dollars,Level,6,"1,096",FAAt401
FAAt401,k1nnoma2ip00,32,Intellectual property products,1933,Current Dollars,Level,6,"1,079",FAAt401
FAAt401,k1nnoma2ip00,32,Intellectual property products,1934,Current Dollars,Level,6,"1,161",FAAt401
FAAt401,k1nnoma2ip00,32,Intellectual property products,1935,Current Dollars,Level,6,"1,251",FAAt401
FAAt401,k1nnoma2ip00,32,Intellectual property products,1936,Current Dollars,Level,6,"1,403",FAAt401
FAAt401,k1nnoma2ip00,32,Intellectual property products,1937,Current Dollars,Level,6,"1,572",FAAt401
FAAt401,k1nnoma2ip00,32,Intellectual property products,1938,Current Dollars,Level,6,"1,700",FAAt401
FAAt401,k1nnoma2ip00,32,Intellectual property products,1939,Current Dollars,Level,6,"1,798",FAAt401
FAAt401,k1nnoma2ip00,32,Intellectual property products,1940,Current Dollars,Level,6,"1,941",FAAt401
FAAt401,k1nnoma2ip00,32,Intellectual property products,1941,Current Dollars,Level,6,"2,172",FAAt401
FAAt401,k1nnoma2ip00,32,Intellectual property products,1942,Current Dollars,Level,6,"2,437",FAAt401
FAAt401,k1nnoma2ip00,32,Intellectual property products,1943,Current Dollars,Level,6,"2,841",FAAt401
FAAt401,k1nnoma2ip00,32,Intellectual property products,1944,Current Dollars,Level,6,"3,281",FAAt401
FAAt401,k1nnoma2ip00,32,Intellectual property products,1945,Current Dollars,Level,6,"3,643",FAAt401
FAAt401,k1nnoma2ip00,32,Intellectual property products,1946,Current Dollars,Level,6,"4,062",FAAt401
FAAt401,k1nnoma2ip00,32,Intellectual property products,1947,Current Dollars,Level,6,"4,643",FAAt401
FAAt401,k1nnoma2ip00,32,Intellectual property products,1948,Current Dollars,Level,6,"4,871",FAAt401
FAAt401,k1nnoma2ip00,32,Intellectual property products,1949,Current Dollars,Level,6,"5,001",FAAt401
FAAt401,k1nnoma2ip00,32,Intellectual property products,1950,Current Dollars,Level,6,"5,359",FAAt401
FAAt401,k1nnoma2ip00,32,Intellectual property products,1951,Current Dollars,Level,6,"5,554",FAAt401
FAAt401,k1nnoma2ip00,32,Intellectual property products,1952,Current Dollars,Level,6,"5,809",FAAt401
FAAt401,k1nnoma2ip00,32,Intellectual property products,1953,Current Dollars,Level,6,"6,250",FAAt401
FAAt401,k1nnoma2ip00,32,Intellectual property products,1954,Current Dollars,Level,6,"6,660",FAAt401
FAAt401,k1nnoma2ip00,32,Intellectual property products,1955,Current Dollars,Level,6,"7,190",FAAt401
FAAt401,k1nnoma2ip00,32,Intellectual property products,1956,Current Dollars,Level,6,"7,766",FAAt401
FAAt401,k1nnoma2ip00,32,Intellectual property products,1957,Current Dollars,Level,6,"8,419",FAAt401
FAAt401,k1nnoma2ip00,32,Intellectual property products,1958,Current Dollars,Level,6,"8,774",FAAt401
FAAt401,k1nnoma2ip00,32,Intellectual property products,1959,Current Dollars,Level,6,"9,498",FAAt401
FAAt401,k1nnoma2ip00,32,Intellectual property products,1960,Current Dollars,Level,6,"9,993",FAAt401
FAAt401,k1nnoma2ip00,32,Intellectual property products,1961,Current Dollars,Level,6,"10,768",FAAt401
FAAt401,k1nnoma2ip00,32,Intellectual property products,1962,Current Dollars,Level,6,"11,298",FAAt401
FAAt401,k1nnoma2ip00,32,Intellectual property products,1963,Current Dollars,Level,6,"12,338",FAAt401
FAAt401,k1nnoma2ip00,32,Intellectual property products,1964,Current Dollars,Level,6,"13,370",FAAt401
FAAt401,k1nnoma2ip00,32,Intellectual property products,1965,Current Dollars,Level,6,"14,947",FAAt401
FAAt401,k1nnoma2ip00,32,Intellectual property products,1966,Current Dollars,Level,6,"16,694",FAAt401
FAAt401,k1nnoma2ip00,32,Intellectual property products,1967,Current Dollars,Level,6,"19,112",FAAt401
FAAt401,k1nnoma2ip00,32,Intellectual property products,1968,Current Dollars,Level,6,"21,373",FAAt401
FAAt401,k1nnoma2ip00,32,Intellectual property products,1969,Current Dollars,Level,6,"24,051",FAAt401
FAAt401,k1nnoma2ip00,32,Intellectual property products,1970,Current Dollars,Level,6,"26,377",FAAt401
FAAt401,k1nnoma2ip00,32,Intellectual property products,1971,Current Dollars,Level,6,"27,673",FAAt401
FAAt401,k1nnoma2ip00,32,Intellectual property products,1972,Current Dollars,Level,6,"29,491",FAAt401
FAAt401,k1nnoma2ip00,32,Intellectual property products,1973,Current Dollars,Level,6,"31,434",FAAt401
FAAt401,k1nnoma2ip00,32,Intellectual property products,1974,Current Dollars,Level,6,"34,885",FAAt401
FAAt401,k1nnoma2ip00,32,Intellectual property products,1975,Current Dollars,Level,6,"37,868",FAAt401
FAAt401,k1nnoma2ip00,32,Intellectual property products,1976,Current Dollars,Level,6,"41,994",FAAt401
FAAt401,k1nnoma2ip00,32,Intellectual property products,1977,Current Dollars,Level,6,"46,975",FAAt401
FAAt401,k1nnoma2ip00,32,Intellectual property products,1978,Current Dollars,Level,6,"53,134",FAAt401
FAAt401,k1nnoma2ip00,32,Intellectual property products,1979,Current Dollars,Level,6,"61,127",FAAt401
FAAt401,k1nnoma2ip00,32,Intellectual property products,1980,Current Dollars,Level,6,"69,300",FAAt401
FAAt401,k1nnoma2ip00,32,Intellectual property products,1981,Current Dollars,Level,6,"79,712",FAAt401
FAAt401,k1nnoma2ip00,32,Intellectual property products,1982,Current Dollars,Level,6,"91,830",FAAt401
FAAt401,k1nnoma2ip00,32,Intellectual property products,1983,Current Dollars,Level,6,"105,019",FAAt401
FAAt401,k1nnoma2ip00,32,Intellectual property products,1984,Current Dollars,Level,6,"121,404",FAAt401
FAAt401,k1nnoma2ip00,32,Intellectual property products,1985,Current Dollars,Level,6,"136,495",FAAt401
FAAt401,k1nnoma2ip00,32,Intellectual property products,1986,Current Dollars,Level,6,"153,320",FAAt401
FAAt401,k1nnoma2ip00,32,Intellectual property products,1987,Current Dollars,Level,6,"171,797",FAAt401
FAAt401,k1nnoma2ip00,32,Intellectual property products,1988,Current Dollars,Level,6,"190,950",FAAt401
FAAt401,k1nnoma2ip00,32,Intellectual property products,1989,Current Dollars,Level,6,"215,834",FAAt401
FAAt401,k1nnoma2ip00,32,Intellectual property products,1990,Current Dollars,Level,6,"243,558",FAAt401
FAAt401,k1nnoma2ip00,32,Intellectual property products,1991,Current Dollars,Level,6,"269,037",FAAt401
FAAt401,k1nnoma2ip00,32,Intellectual property products,1992,Current Dollars,Level,6,"291,382",FAAt401
FAAt401,k1nnoma2ip00,32,Intellectual property products,1993,Current Dollars,Level,6,"318,137",FAAt401
FAAt401,k1nnoma2ip00,32,Intellectual property products,1994,Current Dollars,Level,6,"343,228",FAAt401
FAAt401,k1nnoma2ip00,32,Intellectual property products,1995,Current Dollars,Level,6,"370,446",FAAt401
FAAt401,k1nnoma2ip00,32,Intellectual property products,1996,Current Dollars,Level,6,"396,185",FAAt401
FAAt401,k1nnoma2ip00,32,Intellectual property products,1997,Current Dollars,Level,6,"430,659",FAAt401
FAAt401,k1nnoma2ip00,32,Intellectual property products,1998,Current Dollars,Level,6,"469,504",FAAt401
FAAt401,k1nnoma2ip00,32,Intellectual property products,1999,Current Dollars,Level,6,"537,347",FAAt401
FAAt401,k1nnoma2ip00,32,Intellectual property products,2000,Current Dollars,Level,6,"607,756",FAAt401
FAAt401,k1nnoma2ip00,32,Intellectual property products,2001,Current Dollars,Level,6,"641,001",FAAt401
FAAt401,k1nnoma2ip00,32,Intellectual property products,2002,Current Dollars,Level,6,"671,580",FAAt401
FAAt401,k1nnoma2ip00,32,Intellectual property products,2003,Current Dollars,Level,6,"707,860",FAAt401
FAAt401,k1nnoma2ip00,32,Intellectual property products,2004,Current Dollars,Level,6,"741,307",FAAt401
FAAt401,k1nnoma2ip00,32,Intellectual property products,2005,Current Dollars,Level,6,"785,830",FAAt401
FAAt401,k1nnoma2ip00,32,Intellectual property products,2006,Current Dollars,Level,6,"834,425",FAAt401
FAAt401,k1nnoma2ip00,32,Intellectual property products,2007,Current Dollars,Level,6,"879,169",FAAt401
FAAt401,k1nnoma2ip00,32,Intellectual property products,2008,Current Dollars,Level,6,"918,423",FAAt401
FAAt401,k1nnoma2ip00,32,Intellectual property products,2009,Current Dollars,Level,6,"937,381",FAAt401
FAAt401,k1nnoma2ip00,32,Intellectual property products,2010,Current Dollars,Level,6,"970,518",FAAt401
FAAt401,k1nnoma2ip00,32,Intellectual property products,2011,Current Dollars,Level,6,"1,020,573",FAAt401
FAAt401,k1nnoma2ip00,32,Intellectual property products,2012,Current Dollars,Level,6,"1,070,393",FAAt401
FAAt401,k1nnoma2ip00,32,Intellectual property products,2013,Current Dollars,Level,6,"1,125,181",FAAt401
FAAt401,k1nnoma2ip00,32,Intellectual property products,2014,Current Dollars,Level,6,"1,187,699",FAAt401
FAAt401,k1nnoma2ip00,32,Intellectual property products,2015,Current Dollars,Level,6,"1,241,840",FAAt401
FAAt401,k1nnoma2ip00,32,Intellectual property products,2016,Current Dollars,Level,6,"1,338,616",FAAt401
FAAt401,k1nnoma2ip00,32,Intellectual property products,2017,Current Dollars,Level,6,"1,455,071",FAAt401
FAAt401,k1nnoma2ip00,32,Intellectual property products,2018,Current Dollars,Level,6,"1,576,843",FAAt401
FAAt401,k1nnoma2ip00,32,Intellectual property products,2019,Current Dollars,Level,6,"1,703,557",FAAt401
FAAt401,k1nnoma2ip00,32,Intellectual property products,2020,Current Dollars,Level,6,"1,863,762",FAAt401
FAAt401,k1nnoma2ip00,32,Intellectual property products,2021,Current Dollars,Level,6,"2,043,766",FAAt401
FAAt401,k1nnoma2ip00,32,Intellectual property products,2022,Current Dollars,Level,6,"2,283,322",FAAt401
FAAt401,k1nnoma2ip00,32,Intellectual property products,2023,Current Dollars,Level,6,"2,499,067",FAAt401
FAAt401,k1nnoma2ip00,32,Intellectual property products,2024,Current Dollars,Level,6,"2,720,637",FAAt401
FAAt401,k1nfito2es00,33,Financial,1925,Current Dollars,Level,6,"3,048",FAAt401
FAAt401,k1nfito2es00,33,Financial,1926,Current Dollars,Level,6,"3,187",FAAt401
FAAt401,k1nfito2es00,33,Financial,1927,Current Dollars,Level,6,"3,235",FAAt401
FAAt401,k1nfito2es00,33,Financial,1928,Current Dollars,Level,6,"3,342",FAAt401
FAAt401,k1nfito2es00,33,Financial,1929,Current Dollars,Level,6,"3,416",FAAt401
FAAt401,k1nfito2es00,33,Financial,1930,Current Dollars,Level,6,"3,385",FAAt401
FAAt401,k1nfito2es00,33,Financial,1931,Current Dollars,Level,6,"2,885",FAAt401
FAAt401,k1nfito2es00,33,Financial,1932,Current Dollars,Level,6,"2,624",FAAt401
FAAt401,k1nfito2es00,33,Financial,1933,Current Dollars,Level,6,"2,843",FAAt401
FAAt401,k1nfito2es00,33,Financial,1934,Current Dollars,Level,6,"2,842",FAAt401
FAAt401,k1nfito2es00,33,Financial,1935,Current Dollars,Level,6,"2,872",FAAt401
FAAt401,k1nfito2es00,33,Financial,1936,Current Dollars,Level,6,"3,061",FAAt401
FAAt401,k1nfito2es00,33,Financial,1937,Current Dollars,Level,6,"3,314",FAAt401
FAAt401,k1nfito2es00,33,Financial,1938,Current Dollars,Level,6,"3,261",FAAt401
FAAt401,k1nfito2es00,33,Financial,1939,Current Dollars,Level,6,"3,103",FAAt401
FAAt401,k1nfito2es00,33,Financial,1940,Current Dollars,Level,6,"3,556",FAAt401
FAAt401,k1nfito2es00,33,Financial,1941,Current Dollars,Level,6,"4,279",FAAt401
FAAt401,k1nfito2es00,33,Financial,1942,Current Dollars,Level,6,"4,124",FAAt401
FAAt401,k1nfito2es00,33,Financial,1943,Current Dollars,Level,6,"4,236",FAAt401
FAAt401,k1nfito2es00,33,Financial,1944,Current Dollars,Level,6,"4,236",FAAt401
FAAt401,k1nfito2es00,33,Financial,1945,Current Dollars,Level,6,"4,235",FAAt401
FAAt401,k1nfito2es00,33,Financial,1946,Current Dollars,Level,6,"5,394",FAAt401
FAAt401,k1nfito2es00,33,Financial,1947,Current Dollars,Level,6,"6,465",FAAt401
FAAt401,k1nfito2es00,33,Financial,1948,Current Dollars,Level,6,"6,973",FAAt401
FAAt401,k1nfito2es00,33,Financial,1949,Current Dollars,Level,6,"6,448",FAAt401
FAAt401,k1nfito2es00,33,Financial,1950,Current Dollars,Level,6,"7,163",FAAt401
FAAt401,k1nfito2es00,33,Financial,1951,Current Dollars,Level,6,"8,329",FAAt401
FAAt401,k1nfito2es00,33,Financial,1952,Current Dollars,Level,6,"8,705",FAAt401
FAAt401,k1nfito2es00,33,Financial,1953,Current Dollars,Level,6,"8,904",FAAt401
FAAt401,k1nfito2es00,33,Financial,1954,Current Dollars,Level,6,"8,891",FAAt401
FAAt401,k1nfito2es00,33,Financial,1955,Current Dollars,Level,6,"9,926",FAAt401
FAAt401,k1nfito2es00,33,Financial,1956,Current Dollars,Level,6,"11,441",FAAt401
FAAt401,k1nfito2es00,33,Financial,1957,Current Dollars,Level,6,"12,194",FAAt401
FAAt401,k1nfito2es00,33,Financial,1958,Current Dollars,Level,6,"12,587",FAAt401
FAAt401,k1nfito2es00,33,Financial,1959,Current Dollars,Level,6,"13,152",FAAt401
FAAt401,k1nfito2es00,33,Financial,1960,Current Dollars,Level,6,"13,718",FAAt401
FAAt401,k1nfito2es00,33,Financial,1961,Current Dollars,Level,6,"14,559",FAAt401
FAAt401,k1nfito2es00,33,Financial,1962,Current Dollars,Level,6,"15,620",FAAt401
FAAt401,k1nfito2es00,33,Financial,1963,Current Dollars,Level,6,"16,581",FAAt401
FAAt401,k1nfito2es00,33,Financial,1964,Current Dollars,Level,6,"18,346",FAAt401
FAAt401,k1nfito2es00,33,Financial,1965,Current Dollars,Level,6,"20,185",FAAt401
FAAt401,k1nfito2es00,33,Financial,1966,Current Dollars,Level,6,"22,327",FAAt401
FAAt401,k1nfito2es00,33,Financial,1967,Current Dollars,Level,6,"24,666",FAAt401
FAAt401,k1nfito2es00,33,Financial,1968,Current Dollars,Level,6,"28,497",FAAt401
FAAt401,k1nfito2es00,33,Financial,1969,Current Dollars,Level,6,"32,552",FAAt401
FAAt401,k1nfito2es00,33,Financial,1970,Current Dollars,Level,6,"36,504",FAAt401
FAAt401,k1nfito2es00,33,Financial,1971,Current Dollars,Level,6,"41,667",FAAt401
FAAt401,k1nfito2es00,33,Financial,1972,Current Dollars,Level,6,"46,783",FAAt401
FAAt401,k1nfito2es00,33,Financial,1973,Current Dollars,Level,6,"54,324",FAAt401
FAAt401,k1nfito2es00,33,Financial,1974,Current Dollars,Level,6,"68,067",FAAt401
FAAt401,k1nfito2es00,33,Financial,1975,Current Dollars,Level,6,"77,233",FAAt401
FAAt401,k1nfito2es00,33,Financial,1976,Current Dollars,Level,6,"87,181",FAAt401
FAAt401,k1nfito2es00,33,Financial,1977,Current Dollars,Level,6,"99,426",FAAt401
FAAt401,k1nfito2es00,33,Financial,1978,Current Dollars,Level,6,"116,204",FAAt401
FAAt401,k1nfito2es00,33,Financial,1979,Current Dollars,Level,6,"140,365",FAAt401
FAAt401,k1nfito2es00,33,Financial,1980,Current Dollars,Level,6,"168,440",FAAt401
FAAt401,k1nfito2es00,33,Financial,1981,Current Dollars,Level,6,"197,288",FAAt401
FAAt401,k1nfito2es00,33,Financial,1982,Current Dollars,Level,6,"223,522",FAAt401
FAAt401,k1nfito2es00,33,Financial,1983,Current Dollars,Level,6,"246,277",FAAt401
FAAt401,k1nfito2es00,33,Financial,1984,Current Dollars,Level,6,"278,148",FAAt401
FAAt401,k1nfito2es00,33,Financial,1985,Current Dollars,Level,6,"314,521",FAAt401
FAAt401,k1nfito2es00,33,Financial,1986,Current Dollars,Level,6,"357,082",FAAt401
FAAt401,k1nfito2es00,33,Financial,1987,Current Dollars,Level,6,"397,253",FAAt401
FAAt401,k1nfito2es00,33,Financial,1988,Current Dollars,Level,6,"442,844",FAAt401
FAAt401,k1nfito2es00,33,Financial,1989,Current Dollars,Level,6,"491,926",FAAt401
FAAt401,k1nfito2es00,33,Financial,1990,Current Dollars,Level,6,"535,352",FAAt401
FAAt401,k1nfito2es00,33,Financial,1991,Current Dollars,Level,6,"556,822",FAAt401
FAAt401,k1nfito2es00,33,Financial,1992,Current Dollars,Level,6,"581,538",FAAt401
FAAt401,k1nfito2es00,33,Financial,1993,Current Dollars,Level,6,"614,278",FAAt401
FAAt401,k1nfito2es00,33,Financial,1994,Current Dollars,Level,6,"656,067",FAAt401
FAAt401,k1nfito2es00,33,Financial,1995,Current Dollars,Level,6,"687,683",FAAt401
FAAt401,k1nfito2es00,33,Financial,1996,Current Dollars,Level,6,"721,689",FAAt401
FAAt401,k1nfito2es00,33,Financial,1997,Current Dollars,Level,6,"762,177",FAAt401
FAAt401,k1nfito2es00,33,Financial,1998,Current Dollars,Level,6,"821,761",FAAt401
FAAt401,k1nfito2es00,33,Financial,1999,Current Dollars,Level,6,"888,872",FAAt401
FAAt401,k1nfito2es00,33,Financial,2000,Current Dollars,Level,6,"949,990",FAAt401
FAAt401,k1nfito2es00,33,Financial,2001,Current Dollars,Level,6,"987,710",FAAt401
FAAt401,k1nfito2es00,33,Financial,2002,Current Dollars,Level,6,"1,019,814",FAAt401
FAAt401,k1nfito2es00,33,Financial,2003,Current Dollars,Level,6,"1,045,830",FAAt401
FAAt401,k1nfito2es00,33,Financial,2004,Current Dollars,Level,6,"1,129,053",FAAt401
FAAt401,k1nfito2es00,33,Financial,2005,Current Dollars,Level,6,"1,211,856",FAAt401
FAAt401,k1nfito2es00,33,Financial,2006,Current Dollars,Level,6,"1,295,023",FAAt401
FAAt401,k1nfito2es00,33,Financial,2007,Current Dollars,Level,6,"1,356,196",FAAt401
FAAt401,k1nfito2es00,33,Financial,2008,Current Dollars,Level,6,"1,420,822",FAAt401
FAAt401,k1nfito2es00,33,Financial,2009,Current Dollars,Level,6,"1,358,948",FAAt401
FAAt401,k1nfito2es00,33,Financial,2010,Current Dollars,Level,6,"1,349,701",FAAt401
FAAt401,k1nfito2es00,33,Financial,2011,Current Dollars,Level,6,"1,386,236",FAAt401
FAAt401,k1nfito2es00,33,Financial,2012,Current Dollars,Level,6,"1,412,383",FAAt401
FAAt401,k1nfito2es00,33,Financial,2013,Current Dollars,Level,6,"1,449,588",FAAt401
FAAt401,k1nfito2es00,33,Financial,2014,Current Dollars,Level,6,"1,489,951",FAAt401
FAAt401,k1nfito2es00,33,Financial,2015,Current Dollars,Level,6,"1,532,246",FAAt401
FAAt401,k1nfito2es00,33,Financial,2016,Current Dollars,Level,6,"1,580,842",FAAt401
FAAt401,k1nfito2es00,33,Financial,2017,Current Dollars,Level,6,"1,633,486",FAAt401
FAAt401,k1nfito2es00,33,Financial,2018,Current Dollars,Level,6,"1,716,707",FAAt401
FAAt401,k1nfito2es00,33,Financial,2019,Current Dollars,Level,6,"1,800,082",FAAt401
FAAt401,k1nfito2es00,33,Financial,2020,Current Dollars,Level,6,"1,839,922",FAAt401
FAAt401,k1nfito2es00,33,Financial,2021,Current Dollars,Level,6,"2,066,406",FAAt401
FAAt401,k1nfito2es00,33,Financial,2022,Current Dollars,Level,6,"2,310,716",FAAt401
FAAt401,k1nfito2es00,33,Financial,2023,Current Dollars,Level,6,"2,341,371",FAAt401
FAAt401,k1nfito2es00,33,Financial,2024,Current Dollars,Level,6,"2,415,243",FAAt401
FAAt401,k1nfito2eq00,34,Equipment,1925,Current Dollars,Level,6,591,FAAt401
FAAt401,k1nfito2eq00,34,Equipment,1926,Current Dollars,Level,6,596,FAAt401
FAAt401,k1nfito2eq00,34,Equipment,1927,Current Dollars,Level,6,593,FAAt401
FAAt401,k1nfito2eq00,34,Equipment,1928,Current Dollars,Level,6,591,FAAt401
FAAt401,k1nfito2eq00,34,Equipment,1929,Current Dollars,Level,6,581,FAAt401
FAAt401,k1nfito2eq00,34,Equipment,1930,Current Dollars,Level,6,551,FAAt401
FAAt401,k1nfito2eq00,34,Equipment,1931,Current Dollars,Level,6,508,FAAt401
FAAt401,k1nfito2eq00,34,Equipment,1932,Current Dollars,Level,6,446,FAAt401
FAAt401,k1nfito2eq00,34,Equipment,1933,Current Dollars,Level,6,452,FAAt401
FAAt401,k1nfito2eq00,34,Equipment,1934,Current Dollars,Level,6,461,FAAt401
FAAt401,k1nfito2eq00,34,Equipment,1935,Current Dollars,Level,6,461,FAAt401
FAAt401,k1nfito2eq00,34,Equipment,1936,Current Dollars,Level,6,493,FAAt401
FAAt401,k1nfito2eq00,34,Equipment,1937,Current Dollars,Level,6,536,FAAt401
FAAt401,k1nfito2eq00,34,Equipment,1938,Current Dollars,Level,6,531,FAAt401
FAAt401,k1nfito2eq00,34,Equipment,1939,Current Dollars,Level,6,536,FAAt401
FAAt401,k1nfito2eq00,34,Equipment,1940,Current Dollars,Level,6,570,FAAt401
FAAt401,k1nfito2eq00,34,Equipment,1941,Current Dollars,Level,6,734,FAAt401
FAAt401,k1nfito2eq00,34,Equipment,1942,Current Dollars,Level,6,710,FAAt401
FAAt401,k1nfito2eq00,34,Equipment,1943,Current Dollars,Level,6,715,FAAt401
FAAt401,k1nfito2eq00,34,Equipment,1944,Current Dollars,Level,6,659,FAAt401
FAAt401,k1nfito2eq00,34,Equipment,1945,Current Dollars,Level,6,608,FAAt401
FAAt401,k1nfito2eq00,34,Equipment,1946,Current Dollars,Level,6,729,FAAt401
FAAt401,k1nfito2eq00,34,Equipment,1947,Current Dollars,Level,6,925,FAAt401
FAAt401,k1nfito2eq00,34,Equipment,1948,Current Dollars,Level,6,"1,116",FAAt401
FAAt401,k1nfito2eq00,34,Equipment,1949,Current Dollars,Level,6,"1,225",FAAt401
FAAt401,k1nfito2eq00,34,Equipment,1950,Current Dollars,Level,6,"1,419",FAAt401
FAAt401,k1nfito2eq00,34,Equipment,1951,Current Dollars,Level,6,"1,609",FAAt401
FAAt401,k1nfito2eq00,34,Equipment,1952,Current Dollars,Level,6,"1,705",FAAt401
FAAt401,k1nfito2eq00,34,Equipment,1953,Current Dollars,Level,6,"1,879",FAAt401
FAAt401,k1nfito2eq00,34,Equipment,1954,Current Dollars,Level,6,"1,933",FAAt401
FAAt401,k1nfito2eq00,34,Equipment,1955,Current Dollars,Level,6,"2,159",FAAt401
FAAt401,k1nfito2eq00,34,Equipment,1956,Current Dollars,Level,6,"2,427",FAAt401
FAAt401,k1nfito2eq00,34,Equipment,1957,Current Dollars,Level,6,"2,629",FAAt401
FAAt401,k1nfito2eq00,34,Equipment,1958,Current Dollars,Level,6,"2,705",FAAt401
FAAt401,k1nfito2eq00,34,Equipment,1959,Current Dollars,Level,6,"2,850",FAAt401
FAAt401,k1nfito2eq00,34,Equipment,1960,Current Dollars,Level,6,"2,970",FAAt401
FAAt401,k1nfito2eq00,34,Equipment,1961,Current Dollars,Level,6,"3,020",FAAt401
FAAt401,k1nfito2eq00,34,Equipment,1962,Current Dollars,Level,6,"3,213",FAAt401
FAAt401,k1nfito2eq00,34,Equipment,1963,Current Dollars,Level,6,"3,319",FAAt401
FAAt401,k1nfito2eq00,34,Equipment,1964,Current Dollars,Level,6,"3,742",FAAt401
FAAt401,k1nfito2eq00,34,Equipment,1965,Current Dollars,Level,6,"4,302",FAAt401
FAAt401,k1nfito2eq00,34,Equipment,1966,Current Dollars,Level,6,"4,989",FAAt401
FAAt401,k1nfito2eq00,34,Equipment,1967,Current Dollars,Level,6,"5,915",FAAt401
FAAt401,k1nfito2eq00,34,Equipment,1968,Current Dollars,Level,6,"7,161",FAAt401
FAAt401,k1nfito2eq00,34,Equipment,1969,Current Dollars,Level,6,"8,601",FAAt401
FAAt401,k1nfito2eq00,34,Equipment,1970,Current Dollars,Level,6,"9,789",FAAt401
FAAt401,k1nfito2eq00,34,Equipment,1971,Current Dollars,Level,6,"11,044",FAAt401
FAAt401,k1nfito2eq00,34,Equipment,1972,Current Dollars,Level,6,"12,733",FAAt401
FAAt401,k1nfito2eq00,34,Equipment,1973,Current Dollars,Level,6,"15,470",FAAt401
FAAt401,k1nfito2eq00,34,Equipment,1974,Current Dollars,Level,6,"20,665",FAAt401
FAAt401,k1nfito2eq00,34,Equipment,1975,Current Dollars,Level,6,"25,210",FAAt401
FAAt401,k1nfito2eq00,34,Equipment,1976,Current Dollars,Level,6,"29,759",FAAt401
FAAt401,k1nfito2eq00,34,Equipment,1977,Current Dollars,Level,6,"34,631",FAAt401
FAAt401,k1nfito2eq00,34,Equipment,1978,Current Dollars,Level,6,"41,934",FAAt401
FAAt401,k1nfito2eq00,34,Equipment,1979,Current Dollars,Level,6,"51,819",FAAt401
FAAt401,k1nfito2eq00,34,Equipment,1980,Current Dollars,Level,6,"63,485",FAAt401
FAAt401,k1nfito2eq00,34,Equipment,1981,Current Dollars,Level,6,"75,265",FAAt401
FAAt401,k1nfito2eq00,34,Equipment,1982,Current Dollars,Level,6,"84,752",FAAt401
FAAt401,k1nfito2eq00,34,Equipment,1983,Current Dollars,Level,6,"93,703",FAAt401
FAAt401,k1nfito2eq00,34,Equipment,1984,Current Dollars,Level,6,"106,596",FAAt401
FAAt401,k1nfito2eq00,34,Equipment,1985,Current Dollars,Level,6,"120,609",FAAt401
FAAt401,k1nfito2eq00,34,Equipment,1986,Current Dollars,Level,6,"138,965",FAAt401
FAAt401,k1nfito2eq00,34,Equipment,1987,Current Dollars,Level,6,"155,696",FAAt401
FAAt401,k1nfito2eq00,34,Equipment,1988,Current Dollars,Level,6,"176,873",FAAt401
FAAt401,k1nfito2eq00,34,Equipment,1989,Current Dollars,Level,6,"197,516",FAAt401
FAAt401,k1nfito2eq00,34,Equipment,1990,Current Dollars,Level,6,"214,172",FAAt401
FAAt401,k1nfito2eq00,34,Equipment,1991,Current Dollars,Level,6,"220,298",FAAt401
FAAt401,k1nfito2eq00,34,Equipment,1992,Current Dollars,Level,6,"224,927",FAAt401
FAAt401,k1nfito2eq00,34,Equipment,1993,Current Dollars,Level,6,"236,398",FAAt401
FAAt401,k1nfito2eq00,34,Equipment,1994,Current Dollars,Level,6,"252,811",FAAt401
FAAt401,k1nfito2eq00,34,Equipment,1995,Current Dollars,Level,6,"268,252",FAAt401
FAAt401,k1nfito2eq00,34,Equipment,1996,Current Dollars,Level,6,"281,885",FAAt401
FAAt401,k1nfito2eq00,34,Equipment,1997,Current Dollars,Level,6,"290,196",FAAt401
FAAt401,k1nfito2eq00,34,Equipment,1998,Current Dollars,Level,6,"312,107",FAAt401
FAAt401,k1nfito2eq00,34,Equipment,1999,Current Dollars,Level,6,"339,650",FAAt401
FAAt401,k1nfito2eq00,34,Equipment,2000,Current Dollars,Level,6,"362,277",FAAt401
FAAt401,k1nfito2eq00,34,Equipment,2001,Current Dollars,Level,6,"368,120",FAAt401
FAAt401,k1nfito2eq00,34,Equipment,2002,Current Dollars,Level,6,"378,193",FAAt401
FAAt401,k1nfito2eq00,34,Equipment,2003,Current Dollars,Level,6,"386,251",FAAt401
FAAt401,k1nfito2eq00,34,Equipment,2004,Current Dollars,Level,6,"411,937",FAAt401
FAAt401,k1nfito2eq00,34,Equipment,2005,Current Dollars,Level,6,"429,193",FAAt401
FAAt401,k1nfito2eq00,34,Equipment,2006,Current Dollars,Level,6,"451,522",FAAt401
FAAt401,k1nfito2eq00,34,Equipment,2007,Current Dollars,Level,6,"468,196",FAAt401
FAAt401,k1nfito2eq00,34,Equipment,2008,Current Dollars,Level,6,"471,175",FAAt401
FAAt401,k1nfito2eq00,34,Equipment,2009,Current Dollars,Level,6,"442,598",FAAt401
FAAt401,k1nfito2eq00,34,Equipment,2010,Current Dollars,Level,6,"439,981",FAAt401
FAAt401,k1nfito2eq00,34,Equipment,2011,Current Dollars,Level,6,"450,692",FAAt401
FAAt401,k1nfito2eq00,34,Equipment,2012,Current Dollars,Level,6,"465,560",FAAt401
FAAt401,k1nfito2eq00,34,Equipment,2013,Current Dollars,Level,6,"483,177",FAAt401
FAAt401,k1nfito2eq00,34,Equipment,2014,Current Dollars,Level,6,"508,720",FAAt401
FAAt401,k1nfito2eq00,34,Equipment,2015,Current Dollars,Level,6,"534,557",FAAt401
FAAt401,k1nfito2eq00,34,Equipment,2016,Current Dollars,Level,6,"558,538",FAAt401
FAAt401,k1nfito2eq00,34,Equipment,2017,Current Dollars,Level,6,"576,353",FAAt401
FAAt401,k1nfito2eq00,34,Equipment,2018,Current Dollars,Level,6,"600,056",FAAt401
FAAt401,k1nfito2eq00,34,Equipment,2019,Current Dollars,Level,6,"619,937",FAAt401
FAAt401,k1nfito2eq00,34,Equipment,2020,Current Dollars,Level,6,"620,002",FAAt401
FAAt401,k1nfito2eq00,34,Equipment,2021,Current Dollars,Level,6,"661,410",FAAt401
FAAt401,k1nfito2eq00,34,Equipment,2022,Current Dollars,Level,6,"677,969",FAAt401
FAAt401,k1nfito2eq00,34,Equipment,2023,Current Dollars,Level,6,"681,447",FAAt401
FAAt401,k1nfito2eq00,34,Equipment,2024,Current Dollars,Level,6,"696,613",FAAt401
FAAt401,k1nfito2st00,35,Structures,1925,Current Dollars,Level,6,"2,456",FAAt401
FAAt401,k1nfito2st00,35,Structures,1926,Current Dollars,Level,6,"2,589",FAAt401
FAAt401,k1nfito2st00,35,Structures,1927,Current Dollars,Level,6,"2,640",FAAt401
FAAt401,k1nfito2st00,35,Structures,1928,Current Dollars,Level,6,"2,749",FAAt401
FAAt401,k1nfito2st00,35,Structures,1929,Current Dollars,Level,6,"2,833",FAAt401
FAAt401,k1nfito2st00,35,Structures,1930,Current Dollars,Level,6,"2,832",FAAt401
FAAt401,k1nfito2st00,35,Structures,1931,Current Dollars,Level,6,"2,375",FAAt401
FAAt401,k1nfito2st00,35,Structures,1932,Current Dollars,Level,6,"2,176",FAAt401
FAAt401,k1nfito2st00,35,Structures,1933,Current Dollars,Level,6,"2,389",FAAt401
FAAt401,k1nfito2st00,35,Structures,1934,Current Dollars,Level,6,"2,379",FAAt401
FAAt401,k1nfito2st00,35,Structures,1935,Current Dollars,Level,6,"2,409",FAAt401
FAAt401,k1nfito2st00,35,Structures,1936,Current Dollars,Level,6,"2,566",FAAt401
FAAt401,k1nfito2st00,35,Structures,1937,Current Dollars,Level,6,"2,776",FAAt401
FAAt401,k1nfito2st00,35,Structures,1938,Current Dollars,Level,6,"2,727",FAAt401
FAAt401,k1nfito2st00,35,Structures,1939,Current Dollars,Level,6,"2,565",FAAt401
FAAt401,k1nfito2st00,35,Structures,1940,Current Dollars,Level,6,"2,983",FAAt401
FAAt401,k1nfito2st00,35,Structures,1941,Current Dollars,Level,6,"3,541",FAAt401
FAAt401,k1nfito2st00,35,Structures,1942,Current Dollars,Level,6,"3,409",FAAt401
FAAt401,k1nfito2st00,35,Structures,1943,Current Dollars,Level,6,"3,516",FAAt401
FAAt401,k1nfito2st00,35,Structures,1944,Current Dollars,Level,6,"3,572",FAAt401
FAAt401,k1nfito2st00,35,Structures,1945,Current Dollars,Level,6,"3,622",FAAt401
FAAt401,k1nfito2st00,35,Structures,1946,Current Dollars,Level,6,"4,660",FAAt401
FAAt401,k1nfito2st00,35,Structures,1947,Current Dollars,Level,6,"5,533",FAAt401
FAAt401,k1nfito2st00,35,Structures,1948,Current Dollars,Level,6,"5,849",FAAt401
FAAt401,k1nfito2st00,35,Structures,1949,Current Dollars,Level,6,"5,216",FAAt401
FAAt401,k1nfito2st00,35,Structures,1950,Current Dollars,Level,6,"5,736",FAAt401
FAAt401,k1nfito2st00,35,Structures,1951,Current Dollars,Level,6,"6,711",FAAt401
FAAt401,k1nfito2st00,35,Structures,1952,Current Dollars,Level,6,"6,989",FAAt401
FAAt401,k1nfito2st00,35,Structures,1953,Current Dollars,Level,6,"7,013",FAAt401
FAAt401,k1nfito2st00,35,Structures,1954,Current Dollars,Level,6,"6,944",FAAt401
FAAt401,k1nfito2st00,35,Structures,1955,Current Dollars,Level,6,"7,752",FAAt401
FAAt401,k1nfito2st00,35,Structures,1956,Current Dollars,Level,6,"8,997",FAAt401
FAAt401,k1nfito2st00,35,Structures,1957,Current Dollars,Level,6,"9,548",FAAt401
FAAt401,k1nfito2st00,35,Structures,1958,Current Dollars,Level,6,"9,867",FAAt401
FAAt401,k1nfito2st00,35,Structures,1959,Current Dollars,Level,6,"10,286",FAAt401
FAAt401,k1nfito2st00,35,Structures,1960,Current Dollars,Level,6,"10,710",FAAt401
FAAt401,k1nfito2st00,35,Structures,1961,Current Dollars,Level,6,"11,482",FAAt401
FAAt401,k1nfito2st00,35,Structures,1962,Current Dollars,Level,6,"12,328",FAAt401
FAAt401,k1nfito2st00,35,Structures,1963,Current Dollars,Level,6,"13,147",FAAt401
FAAt401,k1nfito2st00,35,Structures,1964,Current Dollars,Level,6,"14,417",FAAt401
FAAt401,k1nfito2st00,35,Structures,1965,Current Dollars,Level,6,"15,619",FAAt401
FAAt401,k1nfito2st00,35,Structures,1966,Current Dollars,Level,6,"16,992",FAAt401
FAAt401,k1nfito2st00,35,Structures,1967,Current Dollars,Level,6,"18,290",FAAt401
FAAt401,k1nfito2st00,35,Structures,1968,Current Dollars,Level,6,"20,741",FAAt401
FAAt401,k1nfito2st00,35,Structures,1969,Current Dollars,Level,6,"23,183",FAAt401
FAAt401,k1nfito2st00,35,Structures,1970,Current Dollars,Level,6,"25,735",FAAt401
FAAt401,k1nfito2st00,35,Structures,1971,Current Dollars,Level,6,"29,454",FAAt401
FAAt401,k1nfito2st00,35,Structures,1972,Current Dollars,Level,6,"32,720",FAAt401
FAAt401,k1nfito2st00,35,Structures,1973,Current Dollars,Level,6,"37,161",FAAt401
FAAt401,k1nfito2st00,35,Structures,1974,Current Dollars,Level,6,"45,046",FAAt401
FAAt401,k1nfito2st00,35,Structures,1975,Current Dollars,Level,6,"48,954",FAAt401
FAAt401,k1nfito2st00,35,Structures,1976,Current Dollars,Level,6,"53,650",FAAt401
FAAt401,k1nfito2st00,35,Structures,1977,Current Dollars,Level,6,"60,663",FAAt401
FAAt401,k1nfito2st00,35,Structures,1978,Current Dollars,Level,6,"69,679",FAAt401
FAAt401,k1nfito2st00,35,Structures,1979,Current Dollars,Level,6,"83,106",FAAt401
FAAt401,k1nfito2st00,35,Structures,1980,Current Dollars,Level,6,"98,681",FAAt401
FAAt401,k1nfito2st00,35,Structures,1981,Current Dollars,Level,6,"114,853",FAAt401
FAAt401,k1nfito2st00,35,Structures,1982,Current Dollars,Level,6,"130,250",FAAt401
FAAt401,k1nfito2st00,35,Structures,1983,Current Dollars,Level,6,"142,678",FAAt401
FAAt401,k1nfito2st00,35,Structures,1984,Current Dollars,Level,6,"159,979",FAAt401
FAAt401,k1nfito2st00,35,Structures,1985,Current Dollars,Level,6,"180,670",FAAt401
FAAt401,k1nfito2st00,35,Structures,1986,Current Dollars,Level,6,"203,108",FAAt401
FAAt401,k1nfito2st00,35,Structures,1987,Current Dollars,Level,6,"224,140",FAAt401
FAAt401,k1nfito2st00,35,Structures,1988,Current Dollars,Level,6,"245,423",FAAt401
FAAt401,k1nfito2st00,35,Structures,1989,Current Dollars,Level,6,"269,955",FAAt401
FAAt401,k1nfito2st00,35,Structures,1990,Current Dollars,Level,6,"292,069",FAAt401
FAAt401,k1nfito2st00,35,Structures,1991,Current Dollars,Level,6,"303,155",FAAt401
FAAt401,k1nfito2st00,35,Structures,1992,Current Dollars,Level,6,"319,096",FAAt401
FAAt401,k1nfito2st00,35,Structures,1993,Current Dollars,Level,6,"336,834",FAAt401
FAAt401,k1nfito2st00,35,Structures,1994,Current Dollars,Level,6,"359,985",FAAt401
FAAt401,k1nfito2st00,35,Structures,1995,Current Dollars,Level,6,"375,533",FAAt401
FAAt401,k1nfito2st00,35,Structures,1996,Current Dollars,Level,6,"395,488",FAAt401
FAAt401,k1nfito2st00,35,Structures,1997,Current Dollars,Level,6,"426,779",FAAt401
FAAt401,k1nfito2st00,35,Structures,1998,Current Dollars,Level,6,"458,568",FAAt401
FAAt401,k1nfito2st00,35,Structures,1999,Current Dollars,Level,6,"488,112",FAAt401
FAAt401,k1nfito2st00,35,Structures,2000,Current Dollars,Level,6,"515,649",FAAt401
FAAt401,k1nfito2st00,35,Structures,2001,Current Dollars,Level,6,"541,439",FAAt401
FAAt401,k1nfito2st00,35,Structures,2002,Current Dollars,Level,6,"559,012",FAAt401
FAAt401,k1nfito2st00,35,Structures,2003,Current Dollars,Level,6,"573,564",FAAt401
FAAt401,k1nfito2st00,35,Structures,2004,Current Dollars,Level,6,"626,358",FAAt401
FAAt401,k1nfito2st00,35,Structures,2005,Current Dollars,Level,6,"688,598",FAAt401
FAAt401,k1nfito2st00,35,Structures,2006,Current Dollars,Level,6,"746,433",FAAt401
FAAt401,k1nfito2st00,35,Structures,2007,Current Dollars,Level,6,"783,774",FAAt401
FAAt401,k1nfito2st00,35,Structures,2008,Current Dollars,Level,6,"837,715",FAAt401
FAAt401,k1nfito2st00,35,Structures,2009,Current Dollars,Level,6,"797,606",FAAt401
FAAt401,k1nfito2st00,35,Structures,2010,Current Dollars,Level,6,"789,169",FAAt401
FAAt401,k1nfito2st00,35,Structures,2011,Current Dollars,Level,6,"806,696",FAAt401
FAAt401,k1nfito2st00,35,Structures,2012,Current Dollars,Level,6,"807,825",FAAt401
FAAt401,k1nfito2st00,35,Structures,2013,Current Dollars,Level,6,"820,312",FAAt401
FAAt401,k1nfito2st00,35,Structures,2014,Current Dollars,Level,6,"831,007",FAAt401
FAAt401,k1nfito2st00,35,Structures,2015,Current Dollars,Level,6,"840,603",FAAt401
FAAt401,k1nfito2st00,35,Structures,2016,Current Dollars,Level,6,"851,249",FAAt401
FAAt401,k1nfito2st00,35,Structures,2017,Current Dollars,Level,6,"870,082",FAAt401
FAAt401,k1nfito2st00,35,Structures,2018,Current Dollars,Level,6,"913,516",FAAt401
FAAt401,k1nfito2st00,35,Structures,2019,Current Dollars,Level,6,"951,749",FAAt401
FAAt401,k1nfito2st00,35,Structures,2020,Current Dollars,Level,6,"968,440",FAAt401
FAAt401,k1nfito2st00,35,Structures,2021,Current Dollars,Level,6,"1,128,553",FAAt401
FAAt401,k1nfito2st00,35,Structures,2022,Current Dollars,Level,6,"1,330,810",FAAt401
FAAt401,k1nfito2st00,35,Structures,2023,Current Dollars,Level,6,"1,328,411",FAAt401
FAAt401,k1nfito2st00,35,Structures,2024,Current Dollars,Level,6,"1,348,568",FAAt401
FAAt401,k1nfito2ip00,36,Intellectual property products,1925,Current Dollars,Level,6,1,FAAt401
FAAt401,k1nfito2ip00,36,Intellectual property products,1926,Current Dollars,Level,6,1,FAAt401
FAAt401,k1nfito2ip00,36,Intellectual property products,1927,Current Dollars,Level,6,1,FAAt401
FAAt401,k1nfito2ip00,36,Intellectual property products,1928,Current Dollars,Level,6,1,FAAt401
FAAt401,k1nfito2ip00,36,Intellectual property products,1929,Current Dollars,Level,6,2,FAAt401
FAAt401,k1nfito2ip00,36,Intellectual property products,1930,Current Dollars,Level,6,2,FAAt401
FAAt401,k1nfito2ip00,36,Intellectual property products,1931,Current Dollars,Level,6,2,FAAt401
FAAt401,k1nfito2ip00,36,Intellectual property products,1932,Current Dollars,Level,6,2,FAAt401
FAAt401,k1nfito2ip00,36,Intellectual property products,1933,Current Dollars,Level,6,2,FAAt401
FAAt401,k1nfito2ip00,36,Intellectual property products,1934,Current Dollars,Level,6,2,FAAt401
FAAt401,k1nfito2ip00,36,Intellectual property products,1935,Current Dollars,Level,6,2,FAAt401
FAAt401,k1nfito2ip00,36,Intellectual property products,1936,Current Dollars,Level,6,2,FAAt401
FAAt401,k1nfito2ip00,36,Intellectual property products,1937,Current Dollars,Level,6,3,FAAt401
FAAt401,k1nfito2ip00,36,Intellectual property products,1938,Current Dollars,Level,6,3,FAAt401
FAAt401,k1nfito2ip00,36,Intellectual property products,1939,Current Dollars,Level,6,3,FAAt401
FAAt401,k1nfito2ip00,36,Intellectual property products,1940,Current Dollars,Level,6,3,FAAt401
FAAt401,k1nfito2ip00,36,Intellectual property products,1941,Current Dollars,Level,6,4,FAAt401
FAAt401,k1nfito2ip00,36,Intellectual property products,1942,Current Dollars,Level,6,5,FAAt401
FAAt401,k1nfito2ip00,36,Intellectual property products,1943,Current Dollars,Level,6,5,FAAt401
FAAt401,k1nfito2ip00,36,Intellectual property products,1944,Current Dollars,Level,6,5,FAAt401
FAAt401,k1nfito2ip00,36,Intellectual property products,1945,Current Dollars,Level,6,5,FAAt401
FAAt401,k1nfito2ip00,36,Intellectual property products,1946,Current Dollars,Level,6,6,FAAt401
FAAt401,k1nfito2ip00,36,Intellectual property products,1947,Current Dollars,Level,6,7,FAAt401
FAAt401,k1nfito2ip00,36,Intellectual property products,1948,Current Dollars,Level,6,8,FAAt401
FAAt401,k1nfito2ip00,36,Intellectual property products,1949,Current Dollars,Level,6,8,FAAt401
FAAt401,k1nfito2ip00,36,Intellectual property products,1950,Current Dollars,Level,6,8,FAAt401
FAAt401,k1nfito2ip00,36,Intellectual property products,1951,Current Dollars,Level,6,9,FAAt401
FAAt401,k1nfito2ip00,36,Intellectual property products,1952,Current Dollars,Level,6,10,FAAt401
FAAt401,k1nfito2ip00,36,Intellectual property products,1953,Current Dollars,Level,6,12,FAAt401
FAAt401,k1nfito2ip00,36,Intellectual property products,1954,Current Dollars,Level,6,14,FAAt401
FAAt401,k1nfito2ip00,36,Intellectual property products,1955,Current Dollars,Level,6,15,FAAt401
FAAt401,k1nfito2ip00,36,Intellectual property products,1956,Current Dollars,Level,6,16,FAAt401
FAAt401,k1nfito2ip00,36,Intellectual property products,1957,Current Dollars,Level,6,16,FAAt401
FAAt401,k1nfito2ip00,36,Intellectual property products,1958,Current Dollars,Level,6,15,FAAt401
FAAt401,k1nfito2ip00,36,Intellectual property products,1959,Current Dollars,Level,6,16,FAAt401
FAAt401,k1nfito2ip00,36,Intellectual property products,1960,Current Dollars,Level,6,37,FAAt401
FAAt401,k1nfito2ip00,36,Intellectual property products,1961,Current Dollars,Level,6,57,FAAt401
FAAt401,k1nfito2ip00,36,Intellectual property products,1962,Current Dollars,Level,6,80,FAAt401
FAAt401,k1nfito2ip00,36,Intellectual property products,1963,Current Dollars,Level,6,115,FAAt401
FAAt401,k1nfito2ip00,36,Intellectual property products,1964,Current Dollars,Level,6,187,FAAt401
FAAt401,k1nfito2ip00,36,Intellectual property products,1965,Current Dollars,Level,6,263,FAAt401
FAAt401,k1nfito2ip00,36,Intellectual property products,1966,Current Dollars,Level,6,346,FAAt401
FAAt401,k1nfito2ip00,36,Intellectual property products,1967,Current Dollars,Level,6,460,FAAt401
FAAt401,k1nfito2ip00,36,Intellectual property products,1968,Current Dollars,Level,6,595,FAAt401
FAAt401,k1nfito2ip00,36,Intellectual property products,1969,Current Dollars,Level,6,768,FAAt401
FAAt401,k1nfito2ip00,36,Intellectual property products,1970,Current Dollars,Level,6,979,FAAt401
FAAt401,k1nfito2ip00,36,Intellectual property products,1971,Current Dollars,Level,6,"1,168",FAAt401
FAAt401,k1nfito2ip00,36,Intellectual property products,1972,Current Dollars,Level,6,"1,330",FAAt401
FAAt401,k1nfito2ip00,36,Intellectual property products,1973,Current Dollars,Level,6,"1,694",FAAt401
FAAt401,k1nfito2ip00,36,Intellectual property products,1974,Current Dollars,Level,6,"2,357",FAAt401
FAAt401,k1nfito2ip00,36,Intellectual property products,1975,Current Dollars,Level,6,"3,068",FAAt401
FAAt401,k1nfito2ip00,36,Intellectual property products,1976,Current Dollars,Level,6,"3,772",FAAt401
FAAt401,k1nfito2ip00,36,Intellectual property products,1977,Current Dollars,Level,6,"4,132",FAAt401
FAAt401,k1nfito2ip00,36,Intellectual property products,1978,Current Dollars,Level,6,"4,591",FAAt401
FAAt401,k1nfito2ip00,36,Intellectual property products,1979,Current Dollars,Level,6,"5,441",FAAt401
FAAt401,k1nfito2ip00,36,Intellectual property products,1980,Current Dollars,Level,6,"6,274",FAAt401
FAAt401,k1nfito2ip00,36,Intellectual property products,1981,Current Dollars,Level,6,"7,170",FAAt401
FAAt401,k1nfito2ip00,36,Intellectual property products,1982,Current Dollars,Level,6,"8,519",FAAt401
FAAt401,k1nfito2ip00,36,Intellectual property products,1983,Current Dollars,Level,6,"9,896",FAAt401
FAAt401,k1nfito2ip00,36,Intellectual property products,1984,Current Dollars,Level,6,"11,573",FAAt401
FAAt401,k1nfito2ip00,36,Intellectual property products,1985,Current Dollars,Level,6,"13,242",FAAt401
FAAt401,k1nfito2ip00,36,Intellectual property products,1986,Current Dollars,Level,6,"15,009",FAAt401
FAAt401,k1nfito2ip00,36,Intellectual property products,1987,Current Dollars,Level,6,"17,417",FAAt401
FAAt401,k1nfito2ip00,36,Intellectual property products,1988,Current Dollars,Level,6,"20,548",FAAt401
FAAt401,k1nfito2ip00,36,Intellectual property products,1989,Current Dollars,Level,6,"24,455",FAAt401
FAAt401,k1nfito2ip00,36,Intellectual property products,1990,Current Dollars,Level,6,"29,111",FAAt401
FAAt401,k1nfito2ip00,36,Intellectual property products,1991,Current Dollars,Level,6,"33,370",FAAt401
FAAt401,k1nfito2ip00,36,Intellectual property products,1992,Current Dollars,Level,6,"37,514",FAAt401
FAAt401,k1nfito2ip00,36,Intellectual property products,1993,Current Dollars,Level,6,"41,046",FAAt401
FAAt401,k1nfito2ip00,36,Intellectual property products,1994,Current Dollars,Level,6,"43,271",FAAt401
FAAt401,k1nfito2ip00,36,Intellectual property products,1995,Current Dollars,Level,6,"43,898",FAAt401
FAAt401,k1nfito2ip00,36,Intellectual property products,1996,Current Dollars,Level,6,"44,316",FAAt401
FAAt401,k1nfito2ip00,36,Intellectual property products,1997,Current Dollars,Level,6,"45,201",FAAt401
FAAt401,k1nfito2ip00,36,Intellectual property products,1998,Current Dollars,Level,6,"51,087",FAAt401
FAAt401,k1nfito2ip00,36,Intellectual property products,1999,Current Dollars,Level,6,"61,110",FAAt401
FAAt401,k1nfito2ip00,36,Intellectual property products,2000,Current Dollars,Level,6,"72,064",FAAt401
FAAt401,k1nfito2ip00,36,Intellectual property products,2001,Current Dollars,Level,6,"78,152",FAAt401
FAAt401,k1nfito2ip00,36,Intellectual property products,2002,Current Dollars,Level,6,"82,609",FAAt401
FAAt401,k1nfito2ip00,36,Intellectual property products,2003,Current Dollars,Level,6,"86,015",FAAt401
FAAt401,k1nfito2ip00,36,Intellectual property products,2004,Current Dollars,Level,6,"90,757",FAAt401
FAAt401,k1nfito2ip00,36,Intellectual property products,2005,Current Dollars,Level,6,"94,065",FAAt401
FAAt401,k1nfito2ip00,36,Intellectual property products,2006,Current Dollars,Level,6,"97,068",FAAt401
FAAt401,k1nfito2ip00,36,Intellectual property products,2007,Current Dollars,Level,6,"104,226",FAAt401
FAAt401,k1nfito2ip00,36,Intellectual property products,2008,Current Dollars,Level,6,"111,932",FAAt401
FAAt401,k1nfito2ip00,36,Intellectual property products,2009,Current Dollars,Level,6,"118,744",FAAt401
FAAt401,k1nfito2ip00,36,Intellectual property products,2010,Current Dollars,Level,6,"120,550",FAAt401
FAAt401,k1nfito2ip00,36,Intellectual property products,2011,Current Dollars,Level,6,"128,848",FAAt401
FAAt401,k1nfito2ip00,36,Intellectual property products,2012,Current Dollars,Level,6,"138,998",FAAt401
FAAt401,k1nfito2ip00,36,Intellectual property products,2013,Current Dollars,Level,6,"146,099",FAAt401
FAAt401,k1nfito2ip00,36,Intellectual property products,2014,Current Dollars,Level,6,"150,223",FAAt401
FAAt401,k1nfito2ip00,36,Intellectual property products,2015,Current Dollars,Level,6,"157,086",FAAt401
FAAt401,k1nfito2ip00,36,Intellectual property products,2016,Current Dollars,Level,6,"171,055",FAAt401
FAAt401,k1nfito2ip00,36,Intellectual property products,2017,Current Dollars,Level,6,"187,050",FAAt401
FAAt401,k1nfito2ip00,36,Intellectual property products,2018,Current Dollars,Level,6,"203,135",FAAt401
FAAt401,k1nfito2ip00,36,Intellectual property products,2019,Current Dollars,Level,6,"228,396",FAAt401
FAAt401,k1nfito2ip00,36,Intellectual property products,2020,Current Dollars,Level,6,"251,480",FAAt401
FAAt401,k1nfito2ip00,36,Intellectual property products,2021,Current Dollars,Level,6,"276,443",FAAt401
FAAt401,k1nfito2ip00,36,Intellectual property products,2022,Current Dollars,Level,6,"301,936",FAAt401
FAAt401,k1nfito2ip00,36,Intellectual property products,2023,Current Dollars,Level,6,"331,512",FAAt401
FAAt401,k1nfito2ip00,36,Intellectual property products,2024,Current Dollars,Level,6,"370,063",FAAt401
FAAt401,k1nnofi2es00,37,Nonfinancial,1925,Current Dollars,Level,6,"95,860",FAAt401
FAAt401,k1nnofi2es00,37,Nonfinancial,1926,Current Dollars,Level,6,"98,605",FAAt401
FAAt401,k1nnofi2es00,37,Nonfinancial,1927,Current Dollars,Level,6,"99,989",FAAt401
FAAt401,k1nnofi2es00,37,Nonfinancial,1928,Current Dollars,Level,6,"102,099",FAAt401
FAAt401,k1nnofi2es00,37,Nonfinancial,1929,Current Dollars,Level,6,"101,059",FAAt401
FAAt401,k1nnofi2es00,37,Nonfinancial,1930,Current Dollars,Level,6,"96,110",FAAt401
FAAt401,k1nnofi2es00,37,Nonfinancial,1931,Current Dollars,Level,6,"86,662",FAAt401
FAAt401,k1nnofi2es00,37,Nonfinancial,1932,Current Dollars,Level,6,"81,051",FAAt401
FAAt401,k1nnofi2es00,37,Nonfinancial,1933,Current Dollars,Level,6,"81,517",FAAt401
FAAt401,k1nnofi2es00,37,Nonfinancial,1934,Current Dollars,Level,6,"82,738",FAAt401
FAAt401,k1nnofi2es00,37,Nonfinancial,1935,Current Dollars,Level,6,"82,249",FAAt401
FAAt401,k1nnofi2es00,37,Nonfinancial,1936,Current Dollars,Level,6,"90,551",FAAt401
FAAt401,k1nnofi2es00,37,Nonfinancial,1937,Current Dollars,Level,6,"93,672",FAAt401
FAAt401,k1nnofi2es00,37,Nonfinancial,1938,Current Dollars,Level,6,"92,575",FAAt401
FAAt401,k1nnofi2es00,37,Nonfinancial,1939,Current Dollars,Level,6,"93,372",FAAt401
FAAt401,k1nnofi2es00,37,Nonfinancial,1940,Current Dollars,Level,6,"98,950",FAAt401
FAAt401,k1nnofi2es00,37,Nonfinancial,1941,Current Dollars,Level,6,"110,884",FAAt401
FAAt401,k1nnofi2es00,37,Nonfinancial,1942,Current Dollars,Level,6,"118,293",FAAt401
FAAt401,k1nnofi2es00,37,Nonfinancial,1943,Current Dollars,Level,6,"119,039",FAAt401
FAAt401,k1nnofi2es00,37,Nonfinancial,1944,Current Dollars,Level,6,"120,395",FAAt401
FAAt401,k1nnofi2es00,37,Nonfinancial,1945,Current Dollars,Level,6,"131,789",FAAt401
FAAt401,k1nnofi2es00,37,Nonfinancial,1946,Current Dollars,Level,6,"159,052",FAAt401
FAAt401,k1nnofi2es00,37,Nonfinancial,1947,Current Dollars,Level,6,"189,684",FAAt401
FAAt401,k1nnofi2es00,37,Nonfinancial,1948,Current Dollars,Level,6,"207,857",FAAt401
FAAt401,k1nnofi2es00,37,Nonfinancial,1949,Current Dollars,Level,6,"212,408",FAAt401
FAAt401,k1nnofi2es00,37,Nonfinancial,1950,Current Dollars,Level,6,"238,381",FAAt401
FAAt401,k1nnofi2es00,37,Nonfinancial,1951,Current Dollars,Level,6,"258,387",FAAt401
FAAt401,k1nnofi2es00,37,Nonfinancial,1952,Current Dollars,Level,6,"273,979",FAAt401
FAAt401,k1nnofi2es00,37,Nonfinancial,1953,Current Dollars,Level,6,"288,656",FAAt401
FAAt401,k1nnofi2es00,37,Nonfinancial,1954,Current Dollars,Level,6,"298,031",FAAt401
FAAt401,k1nnofi2es00,37,Nonfinancial,1955,Current Dollars,Level,6,"328,198",FAAt401
FAAt401,k1nnofi2es00,37,Nonfinancial,1956,Current Dollars,Level,6,"364,663",FAAt401
FAAt401,k1nnofi2es00,37,Nonfinancial,1957,Current Dollars,Level,6,"392,174",FAAt401
FAAt401,k1nnofi2es00,37,Nonfinancial,1958,Current Dollars,Level,6,"400,573",FAAt401
FAAt401,k1nnofi2es00,37,Nonfinancial,1959,Current Dollars,Level,6,"417,337",FAAt401
FAAt401,k1nnofi2es00,37,Nonfinancial,1960,Current Dollars,Level,6,"426,450",FAAt401
FAAt401,k1nnofi2es00,37,Nonfinancial,1961,Current Dollars,Level,6,"437,473",FAAt401
FAAt401,k1nnofi2es00,37,Nonfinancial,1962,Current Dollars,Level,6,"451,487",FAAt401
FAAt401,k1nnofi2es00,37,Nonfinancial,1963,Current Dollars,Level,6,"466,496",FAAt401
FAAt401,k1nnofi2es00,37,Nonfinancial,1964,Current Dollars,Level,6,"491,728",FAAt401
FAAt401,k1nnofi2es00,37,Nonfinancial,1965,Current Dollars,Level,6,"526,073",FAAt401
FAAt401,k1nnofi2es00,37,Nonfinancial,1966,Current Dollars,Level,6,"572,674",FAAt401
FAAt401,k1nnofi2es00,37,Nonfinancial,1967,Current Dollars,Level,6,"622,047",FAAt401
FAAt401,k1nnofi2es00,37,Nonfinancial,1968,Current Dollars,Level,6,"684,373",FAAt401
FAAt401,k1nnofi2es00,37,Nonfinancial,1969,Current Dollars,Level,6,"754,633",FAAt401
FAAt401,k1nnofi2es00,37,Nonfinancial,1970,Current Dollars,Level,6,"830,292",FAAt401
FAAt401,k1nnofi2es00,37,Nonfinancial,1971,Current Dollars,Level,6,"906,756",FAAt401
FAAt401,k1nnofi2es00,37,Nonfinancial,1972,Current Dollars,Level,6,"981,667",FAAt401
FAAt401,k1nnofi2es00,37,Nonfinancial,1973,Current Dollars,Level,6,"1,105,745",FAAt401
FAAt401,k1nnofi2es00,37,Nonfinancial,1974,Current Dollars,Level,6,"1,350,370",FAAt401
FAAt401,k1nnofi2es00,37,Nonfinancial,1975,Current Dollars,Level,6,"1,495,442",FAAt401
FAAt401,k1nnofi2es00,37,Nonfinancial,1976,Current Dollars,Level,6,"1,641,290",FAAt401
FAAt401,k1nnofi2es00,37,Nonfinancial,1977,Current Dollars,Level,6,"1,822,213",FAAt401
FAAt401,k1nnofi2es00,37,Nonfinancial,1978,Current Dollars,Level,6,"2,065,870",FAAt401
FAAt401,k1nnofi2es00,37,Nonfinancial,1979,Current Dollars,Level,6,"2,377,792",FAAt401
FAAt401,k1nnofi2es00,37,Nonfinancial,1980,Current Dollars,Level,6,"2,725,870",FAAt401
FAAt401,k1nnofi2es00,37,Nonfinancial,1981,Current Dollars,Level,6,"3,082,001",FAAt401
FAAt401,k1nnofi2es00,37,Nonfinancial,1982,Current Dollars,Level,6,"3,274,523",FAAt401
FAAt401,k1nnofi2es00,37,Nonfinancial,1983,Current Dollars,Level,6,"3,367,939",FAAt401
FAAt401,k1nnofi2es00,37,Nonfinancial,1984,Current Dollars,Level,6,"3,563,521",FAAt401
FAAt401,k1nnofi2es00,37,Nonfinancial,1985,Current Dollars,Level,6,"3,749,246",FAAt401
FAAt401,k1nnofi2es00,37,Nonfinancial,1986,Current Dollars,Level,6,"3,903,238",FAAt401
FAAt401,k1nnofi2es00,37,Nonfinancial,1987,Current Dollars,Level,6,"4,096,250",FAAt401
FAAt401,k1nnofi2es00,37,Nonfinancial,1988,Current Dollars,Level,6,"4,344,021",FAAt401
FAAt401,k1nnofi2es00,37,Nonfinancial,1989,Current Dollars,Level,6,"4,588,799",FAAt401
FAAt401,k1nnofi2es00,37,Nonfinancial,1990,Current Dollars,Level,6,"4,843,153",FAAt401
FAAt401,k1nnofi2es00,37,Nonfinancial,1991,Current Dollars,Level,6,"4,964,944",FAAt401
FAAt401,k1nnofi2es00,37,Nonfinancial,1992,Current Dollars,Level,6,"5,139,166",FAAt401
FAAt401,k1nnofi2es00,37,Nonfinancial,1993,Current Dollars,Level,6,"5,386,838",FAAt401
FAAt401,k1nnofi2es00,37,Nonfinancial,1994,Current Dollars,Level,6,"5,688,592",FAAt401
FAAt401,k1nnofi2es00,37,Nonfinancial,1995,Current Dollars,Level,6,"6,033,548",FAAt401
FAAt401,k1nnofi2es00,37,Nonfinancial,1996,Current Dollars,Level,6,"6,354,215",FAAt401
FAAt401,k1nnofi2es00,37,Nonfinancial,1997,Current Dollars,Level,6,"6,729,475",FAAt401
FAAt401,k1nnofi2es00,37,Nonfinancial,1998,Current Dollars,Level,6,"7,091,845",FAAt401
FAAt401,k1nnofi2es00,37,Nonfinancial,1999,Current Dollars,Level,6,"7,505,263",FAAt401
FAAt401,k1nnofi2es00,37,Nonfinancial,2000,Current Dollars,Level,6,"8,037,076",FAAt401
FAAt401,k1nnofi2es00,37,Nonfinancial,2001,Current Dollars,Level,6,"8,433,745",FAAt401
FAAt401,k1nnofi2es00,37,Nonfinancial,2002,Current Dollars,Level,6,"8,696,688",FAAt401
FAAt401,k1nnofi2es00,37,Nonfinancial,2003,Current Dollars,Level,6,"8,959,508",FAAt401
FAAt401,k1nnofi2es00,37,Nonfinancial,2004,Current Dollars,Level,6,"9,703,952",FAAt401
FAAt401,k1nnofi2es00,37,Nonfinancial,2005,Current Dollars,Level,6,"10,573,316",FAAt401
FAAt401,k1nnofi2es00,37,Nonfinancial,2006,Current Dollars,Level,6,"11,438,903",FAAt401
FAAt401,k1nnofi2es00,37,Nonfinancial,2007,Current Dollars,Level,6,"12,080,521",FAAt401
FAAt401,k1nnofi2es00,37,Nonfinancial,2008,Current Dollars,Level,6,"12,890,423",FAAt401
FAAt401,k1nnofi2es00,37,Nonfinancial,2009,Current Dollars,Level,6,"12,523,130",FAAt401
FAAt401,k1nnofi2es00,37,Nonfinancial,2010,Current Dollars,Level,6,"12,909,564",FAAt401
FAAt401,k1nnofi2es00,37,Nonfinancial,2011,Current Dollars,Level,6,"13,569,211",FAAt401
FAAt401,k1nnofi2es00,37,Nonfinancial,2012,Current Dollars,Level,6,"14,054,722",FAAt401
FAAt401,k1nnofi2es00,37,Nonfinancial,2013,Current Dollars,Level,6,"14,601,197",FAAt401
FAAt401,k1nnofi2es00,37,Nonfinancial,2014,Current Dollars,Level,6,"15,322,292",FAAt401
FAAt401,k1nnofi2es00,37,Nonfinancial,2015,Current Dollars,Level,6,"15,585,404",FAAt401
FAAt401,k1nnofi2es00,37,Nonfinancial,2016,Current Dollars,Level,6,"16,032,239",FAAt401
FAAt401,k1nnofi2es00,37,Nonfinancial,2017,Current Dollars,Level,6,"16,653,768",FAAt401
FAAt401,k1nnofi2es00,37,Nonfinancial,2018,Current Dollars,Level,6,"17,421,067",FAAt401
FAAt401,k1nnofi2es00,37,Nonfinancial,2019,Current Dollars,Level,6,"18,215,017",FAAt401
FAAt401,k1nnofi2es00,37,Nonfinancial,2020,Current Dollars,Level,6,"18,572,039",FAAt401
FAAt401,k1nnofi2es00,37,Nonfinancial,2021,Current Dollars,Level,6,"20,598,722",FAAt401
FAAt401,k1nnofi2es00,37,Nonfinancial,2022,Current Dollars,Level,6,"22,972,361",FAAt401
FAAt401,k1nnofi2es00,37,Nonfinancial,2023,Current Dollars,Level,6,"23,813,807",FAAt401
FAAt401,k1nnofi2es00,37,Nonfinancial,2024,Current Dollars,Level,6,"24,586,304",FAAt401
FAAt401,k1nnofi2eq00,38,Equipment,1925,Current Dollars,Level,6,"23,154",FAAt401
FAAt401,k1nnofi2eq00,38,Equipment,1926,Current Dollars,Level,6,"24,187",FAAt401
FAAt401,k1nnofi2eq00,38,Equipment,1927,Current Dollars,Level,6,"24,400",FAAt401
FAAt401,k1nnofi2eq00,38,Equipment,1928,Current Dollars,Level,6,"24,644",FAAt401
FAAt401,k1nnofi2eq00,38,Equipment,1929,Current Dollars,Level,6,"24,427",FAAt401
FAAt401,k1nnofi2eq00,38,Equipment,1930,Current Dollars,Level,6,"23,086",FAAt401
FAAt401,k1nnofi2eq00,38,Equipment,1931,Current Dollars,Level,6,"21,030",FAAt401
FAAt401,k1nnofi2eq00,38,Equipment,1932,Current Dollars,Level,6,"18,864",FAAt401
FAAt401,k1nnofi2eq00,38,Equipment,1933,Current Dollars,Level,6,"18,938",FAAt401
FAAt401,k1nnofi2eq00,38,Equipment,1934,Current Dollars,Level,6,"19,402",FAAt401
FAAt401,k1nnofi2eq00,38,Equipment,1935,Current Dollars,Level,6,"18,941",FAAt401
FAAt401,k1nnofi2eq00,38,Equipment,1936,Current Dollars,Level,6,"20,296",FAAt401
FAAt401,k1nnofi2eq00,38,Equipment,1937,Current Dollars,Level,6,"21,664",FAAt401
FAAt401,k1nnofi2eq00,38,Equipment,1938,Current Dollars,Level,6,"21,609",FAAt401
FAAt401,k1nnofi2eq00,38,Equipment,1939,Current Dollars,Level,6,"22,014",FAAt401
FAAt401,k1nnofi2eq00,38,Equipment,1940,Current Dollars,Level,6,"23,646",FAAt401
FAAt401,k1nnofi2eq00,38,Equipment,1941,Current Dollars,Level,6,"26,850",FAAt401
FAAt401,k1nnofi2eq00,38,Equipment,1942,Current Dollars,Level,6,"27,830",FAAt401
FAAt401,k1nnofi2eq00,38,Equipment,1943,Current Dollars,Level,6,"28,202",FAAt401
FAAt401,k1nnofi2eq00,38,Equipment,1944,Current Dollars,Level,6,"28,210",FAAt401
FAAt401,k1nnofi2eq00,38,Equipment,1945,Current Dollars,Level,6,"32,444",FAAt401
FAAt401,k1nnofi2eq00,38,Equipment,1946,Current Dollars,Level,6,"39,251",FAAt401
FAAt401,k1nnofi2eq00,38,Equipment,1947,Current Dollars,Level,6,"47,227",FAAt401
FAAt401,k1nnofi2eq00,38,Equipment,1948,Current Dollars,Level,6,"57,116",FAAt401
FAAt401,k1nnofi2eq00,38,Equipment,1949,Current Dollars,Level,6,"59,235",FAAt401
FAAt401,k1nnofi2eq00,38,Equipment,1950,Current Dollars,Level,6,"68,427",FAAt401
FAAt401,k1nnofi2eq00,38,Equipment,1951,Current Dollars,Level,6,"75,324",FAAt401
FAAt401,k1nnofi2eq00,38,Equipment,1952,Current Dollars,Level,6,"79,681",FAAt401
FAAt401,k1nnofi2eq00,38,Equipment,1953,Current Dollars,Level,6,"86,836",FAAt401
FAAt401,k1nnofi2eq00,38,Equipment,1954,Current Dollars,Level,6,"90,085",FAAt401
FAAt401,k1nnofi2eq00,38,Equipment,1955,Current Dollars,Level,6,"99,701",FAAt401
FAAt401,k1nnofi2eq00,38,Equipment,1956,Current Dollars,Level,6,"114,016",FAAt401
FAAt401,k1nnofi2eq00,38,Equipment,1957,Current Dollars,Level,6,"125,642",FAAt401
FAAt401,k1nnofi2eq00,38,Equipment,1958,Current Dollars,Level,6,"129,650",FAAt401
FAAt401,k1nnofi2eq00,38,Equipment,1959,Current Dollars,Level,6,"136,492",FAAt401
FAAt401,k1nnofi2eq00,38,Equipment,1960,Current Dollars,Level,6,"141,937",FAAt401
FAAt401,k1nnofi2eq00,38,Equipment,1961,Current Dollars,Level,6,"145,180",FAAt401
FAAt401,k1nnofi2eq00,38,Equipment,1962,Current Dollars,Level,6,"151,576",FAAt401
FAAt401,k1nnofi2eq00,38,Equipment,1963,Current Dollars,Level,6,"158,515",FAAt401
FAAt401,k1nnofi2eq00,38,Equipment,1964,Current Dollars,Level,6,"168,477",FAAt401
FAAt401,k1nnofi2eq00,38,Equipment,1965,Current Dollars,Level,6,"182,329",FAAt401
FAAt401,k1nnofi2eq00,38,Equipment,1966,Current Dollars,Level,6,"204,315",FAAt401
FAAt401,k1nnofi2eq00,38,Equipment,1967,Current Dollars,Level,6,"225,392",FAAt401
FAAt401,k1nnofi2eq00,38,Equipment,1968,Current Dollars,Level,6,"249,908",FAAt401
FAAt401,k1nnofi2eq00,38,Equipment,1969,Current Dollars,Level,6,"276,471",FAAt401
FAAt401,k1nnofi2eq00,38,Equipment,1970,Current Dollars,Level,6,"303,737",FAAt401
FAAt401,k1nnofi2eq00,38,Equipment,1971,Current Dollars,Level,6,"325,138",FAAt401
FAAt401,k1nnofi2eq00,38,Equipment,1972,Current Dollars,Level,6,"350,432",FAAt401
FAAt401,k1nnofi2eq00,38,Equipment,1973,Current Dollars,Level,6,"388,805",FAAt401
FAAt401,k1nnofi2eq00,38,Equipment,1974,Current Dollars,Level,6,"479,384",FAAt401
FAAt401,k1nnofi2eq00,38,Equipment,1975,Current Dollars,Level,6,"550,680",FAAt401
FAAt401,k1nnofi2eq00,38,Equipment,1976,Current Dollars,Level,6,"608,821",FAAt401
FAAt401,k1nnofi2eq00,38,Equipment,1977,Current Dollars,Level,6,"686,582",FAAt401
FAAt401,k1nnofi2eq00,38,Equipment,1978,Current Dollars,Level,6,"783,103",FAAt401
FAAt401,k1nnofi2eq00,38,Equipment,1979,Current Dollars,Level,6,"906,351",FAAt401
FAAt401,k1nnofi2eq00,38,Equipment,1980,Current Dollars,Level,6,"1,053,634",FAAt401
FAAt401,k1nnofi2eq00,38,Equipment,1981,Current Dollars,Level,6,"1,171,078",FAAt401
FAAt401,k1nnofi2eq00,38,Equipment,1982,Current Dollars,Level,6,"1,239,639",FAAt401
FAAt401,k1nnofi2eq00,38,Equipment,1983,Current Dollars,Level,6,"1,276,372",FAAt401
FAAt401,k1nnofi2eq00,38,Equipment,1984,Current Dollars,Level,6,"1,341,996",FAAt401
FAAt401,k1nnofi2eq00,38,Equipment,1985,Current Dollars,Level,6,"1,417,152",FAAt401
FAAt401,k1nnofi2eq00,38,Equipment,1986,Current Dollars,Level,6,"1,492,171",FAAt401
FAAt401,k1nnofi2eq00,38,Equipment,1987,Current Dollars,Level,6,"1,553,814",FAAt401
FAAt401,k1nnofi2eq00,38,Equipment,1988,Current Dollars,Level,6,"1,635,924",FAAt401
FAAt401,k1nnofi2eq00,38,Equipment,1989,Current Dollars,Level,6,"1,719,980",FAAt401
FAAt401,k1nnofi2eq00,38,Equipment,1990,Current Dollars,Level,6,"1,814,497",FAAt401
FAAt401,k1nnofi2eq00,38,Equipment,1991,Current Dollars,Level,6,"1,862,434",FAAt401
FAAt401,k1nnofi2eq00,38,Equipment,1992,Current Dollars,Level,6,"1,916,486",FAAt401
FAAt401,k1nnofi2eq00,38,Equipment,1993,Current Dollars,Level,6,"1,995,155",FAAt401
FAAt401,k1nnofi2eq00,38,Equipment,1994,Current Dollars,Level,6,"2,107,074",FAAt401
FAAt401,k1nnofi2eq00,38,Equipment,1995,Current Dollars,Level,6,"2,249,632",FAAt401
FAAt401,k1nnofi2eq00,38,Equipment,1996,Current Dollars,Level,6,"2,369,178",FAAt401
FAAt401,k1nnofi2eq00,38,Equipment,1997,Current Dollars,Level,6,"2,478,091",FAAt401
FAAt401,k1nnofi2eq00,38,Equipment,1998,Current Dollars,Level,6,"2,583,706",FAAt401
FAAt401,k1nnofi2eq00,38,Equipment,1999,Current Dollars,Level,6,"2,722,352",FAAt401
FAAt401,k1nnofi2eq00,38,Equipment,2000,Current Dollars,Level,6,"2,890,959",FAAt401
FAAt401,k1nnofi2eq00,38,Equipment,2001,Current Dollars,Level,6,"2,964,679",FAAt401
FAAt401,k1nnofi2eq00,38,Equipment,2002,Current Dollars,Level,6,"2,970,921",FAAt401
FAAt401,k1nnofi2eq00,38,Equipment,2003,Current Dollars,Level,6,"2,977,439",FAAt401
FAAt401,k1nnofi2eq00,38,Equipment,2004,Current Dollars,Level,6,"3,126,266",FAAt401
FAAt401,k1nnofi2eq00,38,Equipment,2005,Current Dollars,Level,6,"3,259,440",FAAt401
FAAt401,k1nnofi2eq00,38,Equipment,2006,Current Dollars,Level,6,"3,482,650",FAAt401
FAAt401,k1nnofi2eq00,38,Equipment,2007,Current Dollars,Level,6,"3,636,580",FAAt401
FAAt401,k1nnofi2eq00,38,Equipment,2008,Current Dollars,Level,6,"3,821,881",FAAt401
FAAt401,k1nnofi2eq00,38,Equipment,2009,Current Dollars,Level,6,"3,762,060",FAAt401
FAAt401,k1nnofi2eq00,38,Equipment,2010,Current Dollars,Level,6,"3,840,715",FAAt401
FAAt401,k1nnofi2eq00,38,Equipment,2011,Current Dollars,Level,6,"4,019,623",FAAt401
FAAt401,k1nnofi2eq00,38,Equipment,2012,Current Dollars,Level,6,"4,196,080",FAAt401
FAAt401,k1nnofi2eq00,38,Equipment,2013,Current Dollars,Level,6,"4,317,771",FAAt401
FAAt401,k1nnofi2eq00,38,Equipment,2014,Current Dollars,Level,6,"4,493,495",FAAt401
FAAt401,k1nnofi2eq00,38,Equipment,2015,Current Dollars,Level,6,"4,612,033",FAAt401
FAAt401,k1nnofi2eq00,38,Equipment,2016,Current Dollars,Level,6,"4,730,437",FAAt401
FAAt401,k1nnofi2eq00,38,Equipment,2017,Current Dollars,Level,6,"4,917,309",FAAt401
FAAt401,k1nnofi2eq00,38,Equipment,2018,Current Dollars,Level,6,"5,162,629",FAAt401
FAAt401,k1nnofi2eq00,38,Equipment,2019,Current Dollars,Level,6,"5,313,987",FAAt401
FAAt401,k1nnofi2eq00,38,Equipment,2020,Current Dollars,Level,6,"5,393,831",FAAt401
FAAt401,k1nnofi2eq00,38,Equipment,2021,Current Dollars,Level,6,"5,821,864",FAAt401
FAAt401,k1nnofi2eq00,38,Equipment,2022,Current Dollars,Level,6,"6,265,340",FAAt401
FAAt401,k1nnofi2eq00,38,Equipment,2023,Current Dollars,Level,6,"6,532,859",FAAt401
FAAt401,k1nnofi2eq00,38,Equipment,2024,Current Dollars,Level,6,"6,772,307",FAAt401
FAAt401,k1nnofi2st00,39,Structures,1925,Current Dollars,Level,6,"71,469",FAAt401
FAAt401,k1nnofi2st00,39,Structures,1926,Current Dollars,Level,6,"73,122",FAAt401
FAAt401,k1nnofi2st00,39,Structures,1927,Current Dollars,Level,6,"74,232",FAAt401
FAAt401,k1nnofi2st00,39,Structures,1928,Current Dollars,Level,6,"75,987",FAAt401
FAAt401,k1nnofi2st00,39,Structures,1929,Current Dollars,Level,6,"75,022",FAAt401
FAAt401,k1nnofi2st00,39,Structures,1930,Current Dollars,Level,6,"71,367",FAAt401
FAAt401,k1nnofi2st00,39,Structures,1931,Current Dollars,Level,6,"63,993",FAAt401
FAAt401,k1nnofi2st00,39,Structures,1932,Current Dollars,Level,6,"60,612",FAAt401
FAAt401,k1nnofi2st00,39,Structures,1933,Current Dollars,Level,6,"60,987",FAAt401
FAAt401,k1nnofi2st00,39,Structures,1934,Current Dollars,Level,6,"61,585",FAAt401
FAAt401,k1nnofi2st00,39,Structures,1935,Current Dollars,Level,6,"61,392",FAAt401
FAAt401,k1nnofi2st00,39,Structures,1936,Current Dollars,Level,6,"68,096",FAAt401
FAAt401,k1nnofi2st00,39,Structures,1937,Current Dollars,Level,6,"69,637",FAAt401
FAAt401,k1nnofi2st00,39,Structures,1938,Current Dollars,Level,6,"68,421",FAAt401
FAAt401,k1nnofi2st00,39,Structures,1939,Current Dollars,Level,6,"68,628",FAAt401
FAAt401,k1nnofi2st00,39,Structures,1940,Current Dollars,Level,6,"72,281",FAAt401
FAAt401,k1nnofi2st00,39,Structures,1941,Current Dollars,Level,6,"80,356",FAAt401
FAAt401,k1nnofi2st00,39,Structures,1942,Current Dollars,Level,6,"86,053",FAAt401
FAAt401,k1nnofi2st00,39,Structures,1943,Current Dollars,Level,6,"85,838",FAAt401
FAAt401,k1nnofi2st00,39,Structures,1944,Current Dollars,Level,6,"86,709",FAAt401
FAAt401,k1nnofi2st00,39,Structures,1945,Current Dollars,Level,6,"93,499",FAAt401
FAAt401,k1nnofi2st00,39,Structures,1946,Current Dollars,Level,6,"113,140",FAAt401
FAAt401,k1nnofi2st00,39,Structures,1947,Current Dollars,Level,6,"134,685",FAAt401
FAAt401,k1nnofi2st00,39,Structures,1948,Current Dollars,Level,6,"142,385",FAAt401
FAAt401,k1nnofi2st00,39,Structures,1949,Current Dollars,Level,6,"144,618",FAAt401
FAAt401,k1nnofi2st00,39,Structures,1950,Current Dollars,Level,6,"160,499",FAAt401
FAAt401,k1nnofi2st00,39,Structures,1951,Current Dollars,Level,6,"172,935",FAAt401
FAAt401,k1nnofi2st00,39,Structures,1952,Current Dollars,Level,6,"183,271",FAAt401
FAAt401,k1nnofi2st00,39,Structures,1953,Current Dollars,Level,6,"189,428",FAAt401
FAAt401,k1nnofi2st00,39,Structures,1954,Current Dollars,Level,6,"194,297",FAAt401
FAAt401,k1nnofi2st00,39,Structures,1955,Current Dollars,Level,6,"213,256",FAAt401
FAAt401,k1nnofi2st00,39,Structures,1956,Current Dollars,Level,6,"233,173",FAAt401
FAAt401,k1nnofi2st00,39,Structures,1957,Current Dollars,Level,6,"247,076",FAAt401
FAAt401,k1nnofi2st00,39,Structures,1958,Current Dollars,Level,6,"249,763",FAAt401
FAAt401,k1nnofi2st00,39,Structures,1959,Current Dollars,Level,6,"257,563",FAAt401
FAAt401,k1nnofi2st00,39,Structures,1960,Current Dollars,Level,6,"259,345",FAAt401
FAAt401,k1nnofi2st00,39,Structures,1961,Current Dollars,Level,6,"265,060",FAAt401
FAAt401,k1nnofi2st00,39,Structures,1962,Current Dollars,Level,6,"270,815",FAAt401
FAAt401,k1nnofi2st00,39,Structures,1963,Current Dollars,Level,6,"276,357",FAAt401
FAAt401,k1nnofi2st00,39,Structures,1964,Current Dollars,Level,6,"289,099",FAAt401
FAAt401,k1nnofi2st00,39,Structures,1965,Current Dollars,Level,6,"306,244",FAAt401
FAAt401,k1nnofi2st00,39,Structures,1966,Current Dollars,Level,6,"326,713",FAAt401
FAAt401,k1nnofi2st00,39,Structures,1967,Current Dollars,Level,6,"349,863",FAAt401
FAAt401,k1nnofi2st00,39,Structures,1968,Current Dollars,Level,6,"381,916",FAAt401
FAAt401,k1nnofi2st00,39,Structures,1969,Current Dollars,Level,6,"418,872",FAAt401
FAAt401,k1nnofi2st00,39,Structures,1970,Current Dollars,Level,6,"461,190",FAAt401
FAAt401,k1nnofi2st00,39,Structures,1971,Current Dollars,Level,6,"511,868",FAAt401
FAAt401,k1nnofi2st00,39,Structures,1972,Current Dollars,Level,6,"555,890",FAAt401
FAAt401,k1nnofi2st00,39,Structures,1973,Current Dollars,Level,6,"632,896",FAAt401
FAAt401,k1nnofi2st00,39,Structures,1974,Current Dollars,Level,6,"775,311",FAAt401
FAAt401,k1nnofi2st00,39,Structures,1975,Current Dollars,Level,6,"841,114",FAAt401
FAAt401,k1nnofi2st00,39,Structures,1976,Current Dollars,Level,6,"919,108",FAAt401
FAAt401,k1nnofi2st00,39,Structures,1977,Current Dollars,Level,6,"1,010,755",FAAt401
FAAt401,k1nnofi2st00,39,Structures,1978,Current Dollars,Level,6,"1,143,006",FAAt401
FAAt401,k1nnofi2st00,39,Structures,1979,Current Dollars,Level,6,"1,311,569",FAAt401
FAAt401,k1nnofi2st00,39,Structures,1980,Current Dollars,Level,6,"1,489,302",FAAt401
FAAt401,k1nnofi2st00,39,Structures,1981,Current Dollars,Level,6,"1,701,224",FAAt401
FAAt401,k1nnofi2st00,39,Structures,1982,Current Dollars,Level,6,"1,800,007",FAAt401
FAAt401,k1nnofi2st00,39,Structures,1983,Current Dollars,Level,6,"1,830,693",FAAt401
FAAt401,k1nnofi2st00,39,Structures,1984,Current Dollars,Level,6,"1,930,935",FAAt401
FAAt401,k1nnofi2st00,39,Structures,1985,Current Dollars,Level,6,"2,012,178",FAAt401
FAAt401,k1nnofi2st00,39,Structures,1986,Current Dollars,Level,6,"2,062,919",FAAt401
FAAt401,k1nnofi2st00,39,Structures,1987,Current Dollars,Level,6,"2,160,258",FAAt401
FAAt401,k1nnofi2st00,39,Structures,1988,Current Dollars,Level,6,"2,295,030",FAAt401
FAAt401,k1nnofi2st00,39,Structures,1989,Current Dollars,Level,6,"2,419,713",FAAt401
FAAt401,k1nnofi2st00,39,Structures,1990,Current Dollars,Level,6,"2,541,596",FAAt401
FAAt401,k1nnofi2st00,39,Structures,1991,Current Dollars,Level,6,"2,577,364",FAAt401
FAAt401,k1nnofi2st00,39,Structures,1992,Current Dollars,Level,6,"2,662,469",FAAt401
FAAt401,k1nnofi2st00,39,Structures,1993,Current Dollars,Level,6,"2,797,217",FAAt401
FAAt401,k1nnofi2st00,39,Structures,1994,Current Dollars,Level,6,"2,942,602",FAAt401
FAAt401,k1nnofi2st00,39,Structures,1995,Current Dollars,Level,6,"3,093,312",FAAt401
FAAt401,k1nnofi2st00,39,Structures,1996,Current Dollars,Level,6,"3,240,350",FAAt401
FAAt401,k1nnofi2st00,39,Structures,1997,Current Dollars,Level,6,"3,435,265",FAAt401
FAAt401,k1nnofi2st00,39,Structures,1998,Current Dollars,Level,6,"3,621,199",FAAt401
FAAt401,k1nnofi2st00,39,Structures,1999,Current Dollars,Level,6,"3,798,097",FAAt401
FAAt401,k1nnofi2st00,39,Structures,2000,Current Dollars,Level,6,"4,060,960",FAAt401
FAAt401,k1nnofi2st00,39,Structures,2001,Current Dollars,Level,6,"4,338,524",FAAt401
FAAt401,k1nnofi2st00,39,Structures,2002,Current Dollars,Level,6,"4,561,254",FAAt401
FAAt401,k1nnofi2st00,39,Structures,2003,Current Dollars,Level,6,"4,756,388",FAAt401
FAAt401,k1nnofi2st00,39,Structures,2004,Current Dollars,Level,6,"5,299,036",FAAt401
FAAt401,k1nnofi2st00,39,Structures,2005,Current Dollars,Level,6,"5,948,668",FAAt401
FAAt401,k1nnofi2st00,39,Structures,2006,Current Dollars,Level,6,"6,506,255",FAAt401
FAAt401,k1nnofi2st00,39,Structures,2007,Current Dollars,Level,6,"6,891,511",FAAt401
FAAt401,k1nnofi2st00,39,Structures,2008,Current Dollars,Level,6,"7,436,844",FAAt401
FAAt401,k1nnofi2st00,39,Structures,2009,Current Dollars,Level,6,"7,091,488",FAAt401
FAAt401,k1nnofi2st00,39,Structures,2010,Current Dollars,Level,6,"7,327,927",FAAt401
FAAt401,k1nnofi2st00,39,Structures,2011,Current Dollars,Level,6,"7,718,116",FAAt401
FAAt401,k1nnofi2st00,39,Structures,2012,Current Dollars,Level,6,"7,951,375",FAAt401
FAAt401,k1nnofi2st00,39,Structures,2013,Current Dollars,Level,6,"8,269,678",FAAt401
FAAt401,k1nnofi2st00,39,Structures,2014,Current Dollars,Level,6,"8,712,544",FAAt401
FAAt401,k1nnofi2st00,39,Structures,2015,Current Dollars,Level,6,"8,789,078",FAAt401
FAAt401,k1nnofi2st00,39,Structures,2016,Current Dollars,Level,6,"8,976,852",FAAt401
FAAt401,k1nnofi2st00,39,Structures,2017,Current Dollars,Level,6,"9,239,963",FAAt401
FAAt401,k1nnofi2st00,39,Structures,2018,Current Dollars,Level,6,"9,597,048",FAAt401
FAAt401,k1nnofi2st00,39,Structures,2019,Current Dollars,Level,6,"10,075,037",FAAt401
FAAt401,k1nnofi2st00,39,Structures,2020,Current Dollars,Level,6,"10,073,811",FAAt401
FAAt401,k1nnofi2st00,39,Structures,2021,Current Dollars,Level,6,"11,439,291",FAAt401
FAAt401,k1nnofi2st00,39,Structures,2022,Current Dollars,Level,6,"13,051,255",FAAt401
FAAt401,k1nnofi2st00,39,Structures,2023,Current Dollars,Level,6,"13,333,146",FAAt401
FAAt401,k1nnofi2st00,39,Structures,2024,Current Dollars,Level,6,"13,571,366",FAAt401
FAAt401,k1nnofi2ip00,40,Intellectual property products,1925,Current Dollars,Level,6,"1,237",FAAt401
FAAt401,k1nnofi2ip00,40,Intellectual property products,1926,Current Dollars,Level,6,"1,297",FAAt401
FAAt401,k1nnofi2ip00,40,Intellectual property products,1927,Current Dollars,Level,6,"1,357",FAAt401
FAAt401,k1nnofi2ip00,40,Intellectual property products,1928,Current Dollars,Level,6,"1,468",FAAt401
FAAt401,k1nnofi2ip00,40,Intellectual property products,1929,Current Dollars,Level,6,"1,610",FAAt401
FAAt401,k1nnofi2ip00,40,Intellectual property products,1930,Current Dollars,Level,6,"1,657",FAAt401
FAAt401,k1nnofi2ip00,40,Intellectual property products,1931,Current Dollars,Level,6,"1,639",FAAt401
FAAt401,k1nnofi2ip00,40,Intellectual property products,1932,Current Dollars,Level,6,"1,574",FAAt401
FAAt401,k1nnofi2ip00,40,Intellectual property products,1933,Current Dollars,Level,6,"1,591",FAAt401
FAAt401,k1nnofi2ip00,40,Intellectual property products,1934,Current Dollars,Level,6,"1,752",FAAt401
FAAt401,k1nnofi2ip00,40,Intellectual property products,1935,Current Dollars,Level,6,"1,916",FAAt401
FAAt401,k1nnofi2ip00,40,Intellectual property products,1936,Current Dollars,Level,6,"2,159",FAAt401
FAAt401,k1nnofi2ip00,40,Intellectual property products,1937,Current Dollars,Level,6,"2,372",FAAt401
FAAt401,k1nnofi2ip00,40,Intellectual property products,1938,Current Dollars,Level,6,"2,545",FAAt401
FAAt401,k1nnofi2ip00,40,Intellectual property products,1939,Current Dollars,Level,6,"2,730",FAAt401
FAAt401,k1nnofi2ip00,40,Intellectual property products,1940,Current Dollars,Level,6,"3,023",FAAt401
FAAt401,k1nnofi2ip00,40,Intellectual property products,1941,Current Dollars,Level,6,"3,678",FAAt401
FAAt401,k1nnofi2ip00,40,Intellectual property products,1942,Current Dollars,Level,6,"4,411",FAAt401
FAAt401,k1nnofi2ip00,40,Intellectual property products,1943,Current Dollars,Level,6,"4,999",FAAt401
FAAt401,k1nnofi2ip00,40,Intellectual property products,1944,Current Dollars,Level,6,"5,476",FAAt401
FAAt401,k1nnofi2ip00,40,Intellectual property products,1945,Current Dollars,Level,6,"5,846",FAAt401
FAAt401,k1nnofi2ip00,40,Intellectual property products,1946,Current Dollars,Level,6,"6,662",FAAt401
FAAt401,k1nnofi2ip00,40,Intellectual property products,1947,Current Dollars,Level,6,"7,773",FAAt401
FAAt401,k1nnofi2ip00,40,Intellectual property products,1948,Current Dollars,Level,6,"8,356",FAAt401
FAAt401,k1nnofi2ip00,40,Intellectual property products,1949,Current Dollars,Level,6,"8,554",FAAt401
FAAt401,k1nnofi2ip00,40,Intellectual property products,1950,Current Dollars,Level,6,"9,455",FAAt401
FAAt401,k1nnofi2ip00,40,Intellectual property products,1951,Current Dollars,Level,6,"10,127",FAAt401
FAAt401,k1nnofi2ip00,40,Intellectual property products,1952,Current Dollars,Level,6,"11,026",FAAt401
FAAt401,k1nnofi2ip00,40,Intellectual property products,1953,Current Dollars,Level,6,"12,392",FAAt401
FAAt401,k1nnofi2ip00,40,Intellectual property products,1954,Current Dollars,Level,6,"13,648",FAAt401
FAAt401,k1nnofi2ip00,40,Intellectual property products,1955,Current Dollars,Level,6,"15,241",FAAt401
FAAt401,k1nnofi2ip00,40,Intellectual property products,1956,Current Dollars,Level,6,"17,474",FAAt401
FAAt401,k1nnofi2ip00,40,Intellectual property products,1957,Current Dollars,Level,6,"19,457",FAAt401
FAAt401,k1nnofi2ip00,40,Intellectual property products,1958,Current Dollars,Level,6,"21,159",FAAt401
FAAt401,k1nnofi2ip00,40,Intellectual property products,1959,Current Dollars,Level,6,"23,282",FAAt401
FAAt401,k1nnofi2ip00,40,Intellectual property products,1960,Current Dollars,Level,6,"25,168",FAAt401
FAAt401,k1nnofi2ip00,40,Intellectual property products,1961,Current Dollars,Level,6,"27,234",FAAt401
FAAt401,k1nnofi2ip00,40,Intellectual property products,1962,Current Dollars,Level,6,"29,096",FAAt401
FAAt401,k1nnofi2ip00,40,Intellectual property products,1963,Current Dollars,Level,6,"31,624",FAAt401
FAAt401,k1nnofi2ip00,40,Intellectual property products,1964,Current Dollars,Level,6,"34,153",FAAt401
FAAt401,k1nnofi2ip00,40,Intellectual property products,1965,Current Dollars,Level,6,"37,500",FAAt401
FAAt401,k1nnofi2ip00,40,Intellectual property products,1966,Current Dollars,Level,6,"41,645",FAAt401
FAAt401,k1nnofi2ip00,40,Intellectual property products,1967,Current Dollars,Level,6,"46,791",FAAt401
FAAt401,k1nnofi2ip00,40,Intellectual property products,1968,Current Dollars,Level,6,"52,548",FAAt401
FAAt401,k1nnofi2ip00,40,Intellectual property products,1969,Current Dollars,Level,6,"59,291",FAAt401
FAAt401,k1nnofi2ip00,40,Intellectual property products,1970,Current Dollars,Level,6,"65,365",FAAt401
FAAt401,k1nnofi2ip00,40,Intellectual property products,1971,Current Dollars,Level,6,"69,750",FAAt401
FAAt401,k1nnofi2ip00,40,Intellectual property products,1972,Current Dollars,Level,6,"75,345",FAAt401
FAAt401,k1nnofi2ip00,40,Intellectual property products,1973,Current Dollars,Level,6,"84,045",FAAt401
FAAt401,k1nnofi2ip00,40,Intellectual property products,1974,Current Dollars,Level,6,"95,675",FAAt401
FAAt401,k1nnofi2ip00,40,Intellectual property products,1975,Current Dollars,Level,6,"103,649",FAAt401
FAAt401,k1nnofi2ip00,40,Intellectual property products,1976,Current Dollars,Level,6,"113,361",FAAt401
FAAt401,k1nnofi2ip00,40,Intellectual property products,1977,Current Dollars,Level,6,"124,877",FAAt401
FAAt401,k1nnofi2ip00,40,Intellectual property products,1978,Current Dollars,Level,6,"139,760",FAAt401
FAAt401,k1nnofi2ip00,40,Intellectual property products,1979,Current Dollars,Level,6,"159,871",FAAt401
FAAt401,k1nnofi2ip00,40,Intellectual property products,1980,Current Dollars,Level,6,"182,934",FAAt401
FAAt401,k1nnofi2ip00,40,Intellectual property products,1981,Current Dollars,Level,6,"209,699",FAAt401
FAAt401,k1nnofi2ip00,40,Intellectual property products,1982,Current Dollars,Level,6,"234,876",FAAt401
FAAt401,k1nnofi2ip00,40,Intellectual property products,1983,Current Dollars,Level,6,"260,873",FAAt401
FAAt401,k1nnofi2ip00,40,Intellectual property products,1984,Current Dollars,Level,6,"290,589",FAAt401
FAAt401,k1nnofi2ip00,40,Intellectual property products,1985,Current Dollars,Level,6,"319,916",FAAt401
FAAt401,k1nnofi2ip00,40,Intellectual property products,1986,Current Dollars,Level,6,"348,147",FAAt401
FAAt401,k1nnofi2ip00,40,Intellectual property products,1987,Current Dollars,Level,6,"382,178",FAAt401
FAAt401,k1nnofi2ip00,40,Intellectual property products,1988,Current Dollars,Level,6,"413,067",FAAt401
FAAt401,k1nnofi2ip00,40,Intellectual property products,1989,Current Dollars,Level,6,"449,105",FAAt401
FAAt401,k1nnofi2ip00,40,Intellectual property products,1990,Current Dollars,Level,6,"487,059",FAAt401
FAAt401,k1nnofi2ip00,40,Intellectual property products,1991,Current Dollars,Level,6,"525,147",FAAt401
FAAt401,k1nnofi2ip00,40,Intellectual property products,1992,Current Dollars,Level,6,"560,211",FAAt401
FAAt401,k1nnofi2ip00,40,Intellectual property products,1993,Current Dollars,Level,6,"594,465",FAAt401
FAAt401,k1nnofi2ip00,40,Intellectual property products,1994,Current Dollars,Level,6,"638,916",FAAt401
FAAt401,k1nnofi2ip00,40,Intellectual property products,1995,Current Dollars,Level,6,"690,604",FAAt401
FAAt401,k1nnofi2ip00,40,Intellectual property products,1996,Current Dollars,Level,6,"744,687",FAAt401
FAAt401,k1nnofi2ip00,40,Intellectual property products,1997,Current Dollars,Level,6,"816,119",FAAt401
FAAt401,k1nnofi2ip00,40,Intellectual property products,1998,Current Dollars,Level,6,"886,940",FAAt401
FAAt401,k1nnofi2ip00,40,Intellectual property products,1999,Current Dollars,Level,6,"984,814",FAAt401
FAAt401,k1nnofi2ip00,40,Intellectual property products,2000,Current Dollars,Level,6,"1,085,157",FAAt401
FAAt401,k1nnofi2ip00,40,Intellectual property products,2001,Current Dollars,Level,6,"1,130,541",FAAt401
FAAt401,k1nnofi2ip00,40,Intellectual property products,2002,Current Dollars,Level,6,"1,164,513",FAAt401
FAAt401,k1nnofi2ip00,40,Intellectual property products,2003,Current Dollars,Level,6,"1,225,681",FAAt401
FAAt401,k1nnofi2ip00,40,Intellectual property products,2004,Current Dollars,Level,6,"1,278,650",FAAt401
FAAt401,k1nnofi2ip00,40,Intellectual property products,2005,Current Dollars,Level,6,"1,365,208",FAAt401
FAAt401,k1nnofi2ip00,40,Intellectual property products,2006,Current Dollars,Level,6,"1,449,998",FAAt401
FAAt401,k1nnofi2ip00,40,Intellectual property products,2007,Current Dollars,Level,6,"1,552,431",FAAt401
FAAt401,k1nnofi2ip00,40,Intellectual property products,2008,Current Dollars,Level,6,"1,631,698",FAAt401
FAAt401,k1nnofi2ip00,40,Intellectual property products,2009,Current Dollars,Level,6,"1,669,582",FAAt401
FAAt401,k1nnofi2ip00,40,Intellectual property products,2010,Current Dollars,Level,6,"1,740,922",FAAt401
FAAt401,k1nnofi2ip00,40,Intellectual property products,2011,Current Dollars,Level,6,"1,831,473",FAAt401
FAAt401,k1nnofi2ip00,40,Intellectual property products,2012,Current Dollars,Level,6,"1,907,267",FAAt401
FAAt401,k1nnofi2ip00,40,Intellectual property products,2013,Current Dollars,Level,6,"2,013,748",FAAt401
FAAt401,k1nnofi2ip00,40,Intellectual property products,2014,Current Dollars,Level,6,"2,116,254",FAAt401
FAAt401,k1nnofi2ip00,40,Intellectual property products,2015,Current Dollars,Level,6,"2,184,293",FAAt401
FAAt401,k1nnofi2ip00,40,Intellectual property products,2016,Current Dollars,Level,6,"2,324,950",FAAt401
FAAt401,k1nnofi2ip00,40,Intellectual property products,2017,Current Dollars,Level,6,"2,496,496",FAAt401
FAAt401,k1nnofi2ip00,40,Intellectual property products,2018,Current Dollars,Level,6,"2,661,389",FAAt401
FAAt401,k1nnofi2ip00,40,Intellectual property products,2019,Current Dollars,Level,6,"2,825,994",FAAt401
FAAt401,k1nnofi2ip00,40,Intellectual property products,2020,Current Dollars,Level,6,"3,104,397",FAAt401
FAAt401,k1nnofi2ip00,40,Intellectual property products,2021,Current Dollars,Level,6,"3,337,568",FAAt401
FAAt401,k1nnofi2ip00,40,Intellectual property products,2022,Current Dollars,Level,6,"3,655,766",FAAt401
FAAt401,k1nnofi2ip00,40,Intellectual property products,2023,Current Dollars,Level,6,"3,947,802",FAAt401
FAAt401,k1nnofi2ip00,40,Intellectual property products,2024,Current Dollars,Level,6,"4,242,631",FAAt401
FAAt401,k1ntotl3es00,41,Noncorporate,1925,Current Dollars,Level,6,"28,068",FAAt401
FAAt401,k1ntotl3es00,41,Noncorporate,1926,Current Dollars,Level,6,"29,746",FAAt401
FAAt401,k1ntotl3es00,41,Noncorporate,1927,Current Dollars,Level,6,"30,951",FAAt401
FAAt401,k1ntotl3es00,41,Noncorporate,1928,Current Dollars,Level,6,"32,333",FAAt401
FAAt401,k1ntotl3es00,41,Noncorporate,1929,Current Dollars,Level,6,"32,596",FAAt401
FAAt401,k1ntotl3es00,41,Noncorporate,1930,Current Dollars,Level,6,"30,726",FAAt401
FAAt401,k1ntotl3es00,41,Noncorporate,1931,Current Dollars,Level,6,"26,697",FAAt401
FAAt401,k1ntotl3es00,41,Noncorporate,1932,Current Dollars,Level,6,"23,968",FAAt401
FAAt401,k1ntotl3es00,41,Noncorporate,1933,Current Dollars,Level,6,"24,919",FAAt401
FAAt401,k1ntotl3es00,41,Noncorporate,1934,Current Dollars,Level,6,"25,068",FAAt401
FAAt401,k1ntotl3es00,41,Noncorporate,1935,Current Dollars,Level,6,"25,194",FAAt401
FAAt401,k1ntotl3es00,41,Noncorporate,1936,Current Dollars,Level,6,"27,749",FAAt401
FAAt401,k1ntotl3es00,41,Noncorporate,1937,Current Dollars,Level,6,"29,512",FAAt401
FAAt401,k1ntotl3es00,41,Noncorporate,1938,Current Dollars,Level,6,"29,351",FAAt401
FAAt401,k1ntotl3es00,41,Noncorporate,1939,Current Dollars,Level,6,"29,024",FAAt401
FAAt401,k1ntotl3es00,41,Noncorporate,1940,Current Dollars,Level,6,"31,080",FAAt401
FAAt401,k1ntotl3es00,41,Noncorporate,1941,Current Dollars,Level,6,"35,793",FAAt401
FAAt401,k1ntotl3es00,41,Noncorporate,1942,Current Dollars,Level,6,"38,104",FAAt401
FAAt401,k1ntotl3es00,41,Noncorporate,1943,Current Dollars,Level,6,"40,045",FAAt401
FAAt401,k1ntotl3es00,41,Noncorporate,1944,Current Dollars,Level,6,"40,605",FAAt401
FAAt401,k1ntotl3es00,41,Noncorporate,1945,Current Dollars,Level,6,"44,183",FAAt401
FAAt401,k1ntotl3es00,41,Noncorporate,1946,Current Dollars,Level,6,"56,561",FAAt401
FAAt401,k1ntotl3es00,41,Noncorporate,1947,Current Dollars,Level,6,"69,576",FAAt401
FAAt401,k1ntotl3es00,41,Noncorporate,1948,Current Dollars,Level,6,"76,727",FAAt401
FAAt401,k1ntotl3es00,41,Noncorporate,1949,Current Dollars,Level,6,"77,815",FAAt401
FAAt401,k1ntotl3es00,41,Noncorporate,1950,Current Dollars,Level,6,"90,324",FAAt401
FAAt401,k1ntotl3es00,41,Noncorporate,1951,Current Dollars,Level,6,"99,510",FAAt401
FAAt401,k1ntotl3es00,41,Noncorporate,1952,Current Dollars,Level,6,"103,626",FAAt401
FAAt401,k1ntotl3es00,41,Noncorporate,1953,Current Dollars,Level,6,"106,158",FAAt401
FAAt401,k1ntotl3es00,41,Noncorporate,1954,Current Dollars,Level,6,"108,002",FAAt401
FAAt401,k1ntotl3es00,41,Noncorporate,1955,Current Dollars,Level,6,"118,927",FAAt401
FAAt401,k1ntotl3es00,41,Noncorporate,1956,Current Dollars,Level,6,"129,431",FAAt401
FAAt401,k1ntotl3es00,41,Noncorporate,1957,Current Dollars,Level,6,"136,268",FAAt401
FAAt401,k1ntotl3es00,41,Noncorporate,1958,Current Dollars,Level,6,"138,196",FAAt401
FAAt401,k1ntotl3es00,41,Noncorporate,1959,Current Dollars,Level,6,"143,470",FAAt401
FAAt401,k1ntotl3es00,41,Noncorporate,1960,Current Dollars,Level,6,"146,704",FAAt401
FAAt401,k1ntotl3es00,41,Noncorporate,1961,Current Dollars,Level,6,"152,295",FAAt401
FAAt401,k1ntotl3es00,41,Noncorporate,1962,Current Dollars,Level,6,"159,688",FAAt401
FAAt401,k1ntotl3es00,41,Noncorporate,1963,Current Dollars,Level,6,"167,526",FAAt401
FAAt401,k1ntotl3es00,41,Noncorporate,1964,Current Dollars,Level,6,"179,243",FAAt401
FAAt401,k1ntotl3es00,41,Noncorporate,1965,Current Dollars,Level,6,"192,585",FAAt401
FAAt401,k1ntotl3es00,41,Noncorporate,1966,Current Dollars,Level,6,"209,263",FAAt401
FAAt401,k1ntotl3es00,41,Noncorporate,1967,Current Dollars,Level,6,"224,476",FAAt401
FAAt401,k1ntotl3es00,41,Noncorporate,1968,Current Dollars,Level,6,"245,016",FAAt401
FAAt401,k1ntotl3es00,41,Noncorporate,1969,Current Dollars,Level,6,"268,591",FAAt401
FAAt401,k1ntotl3es00,41,Noncorporate,1970,Current Dollars,Level,6,"294,839",FAAt401
FAAt401,k1ntotl3es00,41,Noncorporate,1971,Current Dollars,Level,6,"326,696",FAAt401
FAAt401,k1ntotl3es00,41,Noncorporate,1972,Current Dollars,Level,6,"357,245",FAAt401
FAAt401,k1ntotl3es00,41,Noncorporate,1973,Current Dollars,Level,6,"400,580",FAAt401
FAAt401,k1ntotl3es00,41,Noncorporate,1974,Current Dollars,Level,6,"475,528",FAAt401
FAAt401,k1ntotl3es00,41,Noncorporate,1975,Current Dollars,Level,6,"510,861",FAAt401
FAAt401,k1ntotl3es00,41,Noncorporate,1976,Current Dollars,Level,6,"551,766",FAAt401
FAAt401,k1ntotl3es00,41,Noncorporate,1977,Current Dollars,Level,6,"610,990",FAAt401
FAAt401,k1ntotl3es00,41,Noncorporate,1978,Current Dollars,Level,6,"688,062",FAAt401
FAAt401,k1ntotl3es00,41,Noncorporate,1979,Current Dollars,Level,6,"795,797",FAAt401
FAAt401,k1ntotl3es00,41,Noncorporate,1980,Current Dollars,Level,6,"905,980",FAAt401
FAAt401,k1ntotl3es00,41,Noncorporate,1981,Current Dollars,Level,6,"1,020,932",FAAt401
FAAt401,k1ntotl3es00,41,Noncorporate,1982,Current Dollars,Level,6,"1,091,120",FAAt401
FAAt401,k1ntotl3es00,41,Noncorporate,1983,Current Dollars,Level,6,"1,130,507",FAAt401
FAAt401,k1ntotl3es00,41,Noncorporate,1984,Current Dollars,Level,6,"1,199,305",FAAt401
FAAt401,k1ntotl3es00,41,Noncorporate,1985,Current Dollars,Level,6,"1,268,640",FAAt401
FAAt401,k1ntotl3es00,41,Noncorporate,1986,Current Dollars,Level,6,"1,343,441",FAAt401
FAAt401,k1ntotl3es00,41,Noncorporate,1987,Current Dollars,Level,6,"1,425,601",FAAt401
FAAt401,k1ntotl3es00,41,Noncorporate,1988,Current Dollars,Level,6,"1,524,363",FAAt401
FAAt401,k1ntotl3es00,41,Noncorporate,1989,Current Dollars,Level,6,"1,619,116",FAAt401
FAAt401,k1ntotl3es00,41,Noncorporate,1990,Current Dollars,Level,6,"1,692,749",FAAt401
FAAt401,k1ntotl3es00,41,Noncorporate,1991,Current Dollars,Level,6,"1,720,731",FAAt401
FAAt401,k1ntotl3es00,41,Noncorporate,1992,Current Dollars,Level,6,"1,766,647",FAAt401
FAAt401,k1ntotl3es00,41,Noncorporate,1993,Current Dollars,Level,6,"1,837,010",FAAt401
FAAt401,k1ntotl3es00,41,Noncorporate,1994,Current Dollars,Level,6,"1,928,545",FAAt401
FAAt401,k1ntotl3es00,41,Noncorporate,1995,Current Dollars,Level,6,"2,002,327",FAAt401
FAAt401,k1ntotl3es00,41,Noncorporate,1996,Current Dollars,Level,6,"2,076,227",FAAt401
FAAt401,k1ntotl3es00,41,Noncorporate,1997,Current Dollars,Level,6,"2,182,822",FAAt401
FAAt401,k1ntotl3es00,41,Noncorporate,1998,Current Dollars,Level,6,"2,313,115",FAAt401
FAAt401,k1ntotl3es00,41,Noncorporate,1999,Current Dollars,Level,6,"2,455,114",FAAt401
FAAt401,k1ntotl3es00,41,Noncorporate,2000,Current Dollars,Level,6,"2,620,798",FAAt401
FAAt401,k1ntotl3es00,41,Noncorporate,2001,Current Dollars,Level,6,"2,767,942",FAAt401
FAAt401,k1ntotl3es00,41,Noncorporate,2002,Current Dollars,Level,6,"2,899,824",FAAt401
FAAt401,k1ntotl3es00,41,Noncorporate,2003,Current Dollars,Level,6,"3,032,879",FAAt401
FAAt401,k1ntotl3es00,41,Noncorporate,2004,Current Dollars,Level,6,"3,319,540",FAAt401
FAAt401,k1ntotl3es00,41,Noncorporate,2005,Current Dollars,Level,6,"3,644,304",FAAt401
FAAt401,k1ntotl3es00,41,Noncorporate,2006,Current Dollars,Level,6,"3,972,077",FAAt401
FAAt401,k1ntotl3es00,41,Noncorporate,2007,Current Dollars,Level,6,"4,210,880",FAAt401
FAAt401,k1ntotl3es00,41,Noncorporate,2008,Current Dollars,Level,6,"4,476,736",FAAt401
FAAt401,k1ntotl3es00,41,Noncorporate,2009,Current Dollars,Level,6,"4,351,766",FAAt401
FAAt401,k1ntotl3es00,41,Noncorporate,2010,Current Dollars,Level,6,"4,422,442",FAAt401
FAAt401,k1ntotl3es00,41,Noncorporate,2011,Current Dollars,Level,6,"4,593,985",FAAt401
FAAt401,k1ntotl3es00,41,Noncorporate,2012,Current Dollars,Level,6,"4,734,691",FAAt401
FAAt401,k1ntotl3es00,41,Noncorporate,2013,Current Dollars,Level,6,"4,989,006",FAAt401
FAAt401,k1ntotl3es00,41,Noncorporate,2014,Current Dollars,Level,6,"5,209,958",FAAt401
FAAt401,k1ntotl3es00,41,Noncorporate,2015,Current Dollars,Level,6,"5,376,666",FAAt401
FAAt401,k1ntotl3es00,41,Noncorporate,2016,Current Dollars,Level,6,"5,548,911",FAAt401
FAAt401,k1ntotl3es00,41,Noncorporate,2017,Current Dollars,Level,6,"5,779,649",FAAt401
FAAt401,k1ntotl3es00,41,Noncorporate,2018,Current Dollars,Level,6,"6,089,539",FAAt401
FAAt401,k1ntotl3es00,41,Noncorporate,2019,Current Dollars,Level,6,"6,408,755",FAAt401
FAAt401,k1ntotl3es00,41,Noncorporate,2020,Current Dollars,Level,6,"6,598,188",FAAt401
FAAt401,k1ntotl3es00,41,Noncorporate,2021,Current Dollars,Level,6,"7,386,721",FAAt401
FAAt401,k1ntotl3es00,41,Noncorporate,2022,Current Dollars,Level,6,"8,390,584",FAAt401
FAAt401,k1ntotl3es00,41,Noncorporate,2023,Current Dollars,Level,6,"8,615,848",FAAt401
FAAt401,k1ntotl3es00,41,Noncorporate,2024,Current Dollars,Level,6,"8,898,393",FAAt401
FAAt401,k1ntotl3eq00,42,Equipment,1925,Current Dollars,Level,6,"7,317",FAAt401
FAAt401,k1ntotl3eq00,42,Equipment,1926,Current Dollars,Level,6,"8,060",FAAt401
FAAt401,k1ntotl3eq00,42,Equipment,1927,Current Dollars,Level,6,"8,545",FAAt401
FAAt401,k1ntotl3eq00,42,Equipment,1928,Current Dollars,Level,6,"8,963",FAAt401
FAAt401,k1ntotl3eq00,42,Equipment,1929,Current Dollars,Level,6,"9,329",FAAt401
FAAt401,k1ntotl3eq00,42,Equipment,1930,Current Dollars,Level,6,"9,021",FAAt401
FAAt401,k1ntotl3eq00,42,Equipment,1931,Current Dollars,Level,6,"8,177",FAAt401
FAAt401,k1ntotl3eq00,42,Equipment,1932,Current Dollars,Level,6,"7,373",FAAt401
FAAt401,k1ntotl3eq00,42,Equipment,1933,Current Dollars,Level,6,"6,994",FAAt401
FAAt401,k1ntotl3eq00,42,Equipment,1934,Current Dollars,Level,6,"6,604",FAAt401
FAAt401,k1ntotl3eq00,42,Equipment,1935,Current Dollars,Level,6,"6,486",FAAt401
FAAt401,k1ntotl3eq00,42,Equipment,1936,Current Dollars,Level,6,"7,055",FAAt401
FAAt401,k1ntotl3eq00,42,Equipment,1937,Current Dollars,Level,6,"7,746",FAAt401
FAAt401,k1ntotl3eq00,42,Equipment,1938,Current Dollars,Level,6,"7,761",FAAt401
FAAt401,k1ntotl3eq00,42,Equipment,1939,Current Dollars,Level,6,"7,958",FAAt401
FAAt401,k1ntotl3eq00,42,Equipment,1940,Current Dollars,Level,6,"8,568",FAAt401
FAAt401,k1ntotl3eq00,42,Equipment,1941,Current Dollars,Level,6,"10,048",FAAt401
FAAt401,k1ntotl3eq00,42,Equipment,1942,Current Dollars,Level,6,"9,988",FAAt401
FAAt401,k1ntotl3eq00,42,Equipment,1943,Current Dollars,Level,6,"9,964",FAAt401
FAAt401,k1ntotl3eq00,42,Equipment,1944,Current Dollars,Level,6,"9,916",FAAt401
FAAt401,k1ntotl3eq00,42,Equipment,1945,Current Dollars,Level,6,"11,159",FAAt401
FAAt401,k1ntotl3eq00,42,Equipment,1946,Current Dollars,Level,6,"13,327",FAAt401
FAAt401,k1ntotl3eq00,42,Equipment,1947,Current Dollars,Level,6,"17,378",FAAt401
FAAt401,k1ntotl3eq00,42,Equipment,1948,Current Dollars,Level,6,"22,079",FAAt401
FAAt401,k1ntotl3eq00,42,Equipment,1949,Current Dollars,Level,6,"24,172",FAAt401
FAAt401,k1ntotl3eq00,42,Equipment,1950,Current Dollars,Level,6,"28,985",FAAt401
FAAt401,k1ntotl3eq00,42,Equipment,1951,Current Dollars,Level,6,"32,120",FAAt401
FAAt401,k1ntotl3eq00,42,Equipment,1952,Current Dollars,Level,6,"33,498",FAAt401
FAAt401,k1ntotl3eq00,42,Equipment,1953,Current Dollars,Level,6,"35,657",FAAt401
FAAt401,k1ntotl3eq00,42,Equipment,1954,Current Dollars,Level,6,"36,142",FAAt401
FAAt401,k1ntotl3eq00,42,Equipment,1955,Current Dollars,Level,6,"39,359",FAAt401
FAAt401,k1ntotl3eq00,42,Equipment,1956,Current Dollars,Level,6,"42,109",FAAt401
FAAt401,k1ntotl3eq00,42,Equipment,1957,Current Dollars,Level,6,"44,651",FAAt401
FAAt401,k1ntotl3eq00,42,Equipment,1958,Current Dollars,Level,6,"45,689",FAAt401
FAAt401,k1ntotl3eq00,42,Equipment,1959,Current Dollars,Level,6,"47,232",FAAt401
FAAt401,k1ntotl3eq00,42,Equipment,1960,Current Dollars,Level,6,"47,796",FAAt401
FAAt401,k1ntotl3eq00,42,Equipment,1961,Current Dollars,Level,6,"47,880",FAAt401
FAAt401,k1ntotl3eq00,42,Equipment,1962,Current Dollars,Level,6,"48,889",FAAt401
FAAt401,k1ntotl3eq00,42,Equipment,1963,Current Dollars,Level,6,"50,421",FAAt401
FAAt401,k1ntotl3eq00,42,Equipment,1964,Current Dollars,Level,6,"52,675",FAAt401
FAAt401,k1ntotl3eq00,42,Equipment,1965,Current Dollars,Level,6,"55,839",FAAt401
FAAt401,k1ntotl3eq00,42,Equipment,1966,Current Dollars,Level,6,"60,738",FAAt401
FAAt401,k1ntotl3eq00,42,Equipment,1967,Current Dollars,Level,6,"64,928",FAAt401
FAAt401,k1ntotl3eq00,42,Equipment,1968,Current Dollars,Level,6,"69,426",FAAt401
FAAt401,k1ntotl3eq00,42,Equipment,1969,Current Dollars,Level,6,"75,033",FAAt401
FAAt401,k1ntotl3eq00,42,Equipment,1970,Current Dollars,Level,6,"81,210",FAAt401
FAAt401,k1ntotl3eq00,42,Equipment,1971,Current Dollars,Level,6,"86,269",FAAt401
FAAt401,k1ntotl3eq00,42,Equipment,1972,Current Dollars,Level,6,"91,964",FAAt401
FAAt401,k1ntotl3eq00,42,Equipment,1973,Current Dollars,Level,6,"102,781",FAAt401
FAAt401,k1ntotl3eq00,42,Equipment,1974,Current Dollars,Level,6,"125,483",FAAt401
FAAt401,k1ntotl3eq00,42,Equipment,1975,Current Dollars,Level,6,"140,299",FAAt401
FAAt401,k1ntotl3eq00,42,Equipment,1976,Current Dollars,Level,6,"153,908",FAAt401
FAAt401,k1ntotl3eq00,42,Equipment,1977,Current Dollars,Level,6,"170,386",FAAt401
FAAt401,k1ntotl3eq00,42,Equipment,1978,Current Dollars,Level,6,"192,941",FAAt401
FAAt401,k1ntotl3eq00,42,Equipment,1979,Current Dollars,Level,6,"223,740",FAAt401
FAAt401,k1ntotl3eq00,42,Equipment,1980,Current Dollars,Level,6,"252,781",FAAt401
FAAt401,k1ntotl3eq00,42,Equipment,1981,Current Dollars,Level,6,"282,089",FAAt401
FAAt401,k1ntotl3eq00,42,Equipment,1982,Current Dollars,Level,6,"295,557",FAAt401
FAAt401,k1ntotl3eq00,42,Equipment,1983,Current Dollars,Level,6,"300,445",FAAt401
FAAt401,k1ntotl3eq00,42,Equipment,1984,Current Dollars,Level,6,"310,188",FAAt401
FAAt401,k1ntotl3eq00,42,Equipment,1985,Current Dollars,Level,6,"320,212",FAAt401
FAAt401,k1ntotl3eq00,42,Equipment,1986,Current Dollars,Level,6,"333,605",FAAt401
FAAt401,k1ntotl3eq00,42,Equipment,1987,Current Dollars,Level,6,"345,756",FAAt401
FAAt401,k1ntotl3eq00,42,Equipment,1988,Current Dollars,Level,6,"365,248",FAAt401
FAAt401,k1ntotl3eq00,42,Equipment,1989,Current Dollars,Level,6,"383,088",FAAt401
FAAt401,k1ntotl3eq00,42,Equipment,1990,Current Dollars,Level,6,"395,000",FAAt401
FAAt401,k1ntotl3eq00,42,Equipment,1991,Current Dollars,Level,6,"399,486",FAAt401
FAAt401,k1ntotl3eq00,42,Equipment,1992,Current Dollars,Level,6,"402,945",FAAt401
FAAt401,k1ntotl3eq00,42,Equipment,1993,Current Dollars,Level,6,"410,865",FAAt401
FAAt401,k1ntotl3eq00,42,Equipment,1994,Current Dollars,Level,6,"425,074",FAAt401
FAAt401,k1ntotl3eq00,42,Equipment,1995,Current Dollars,Level,6,"441,287",FAAt401
FAAt401,k1ntotl3eq00,42,Equipment,1996,Current Dollars,Level,6,"453,001",FAAt401
FAAt401,k1ntotl3eq00,42,Equipment,1997,Current Dollars,Level,6,"466,958",FAAt401
FAAt401,k1ntotl3eq00,42,Equipment,1998,Current Dollars,Level,6,"488,933",FAAt401
FAAt401,k1ntotl3eq00,42,Equipment,1999,Current Dollars,Level,6,"516,751",FAAt401
FAAt401,k1ntotl3eq00,42,Equipment,2000,Current Dollars,Level,6,"551,995",FAAt401
FAAt401,k1ntotl3eq00,42,Equipment,2001,Current Dollars,Level,6,"580,609",FAAt401
FAAt401,k1ntotl3eq00,42,Equipment,2002,Current Dollars,Level,6,"610,269",FAAt401
FAAt401,k1ntotl3eq00,42,Equipment,2003,Current Dollars,Level,6,"636,819",FAAt401
FAAt401,k1ntotl3eq00,42,Equipment,2004,Current Dollars,Level,6,"687,960",FAAt401
FAAt401,k1ntotl3eq00,42,Equipment,2005,Current Dollars,Level,6,"734,578",FAAt401
FAAt401,k1ntotl3eq00,42,Equipment,2006,Current Dollars,Level,6,"795,547",FAAt401
FAAt401,k1ntotl3eq00,42,Equipment,2007,Current Dollars,Level,6,"847,978",FAAt401
FAAt401,k1ntotl3eq00,42,Equipment,2008,Current Dollars,Level,6,"908,007",FAAt401
FAAt401,k1ntotl3eq00,42,Equipment,2009,Current Dollars,Level,6,"916,109",FAAt401
FAAt401,k1ntotl3eq00,42,Equipment,2010,Current Dollars,Level,6,"945,208",FAAt401
FAAt401,k1ntotl3eq00,42,Equipment,2011,Current Dollars,Level,6,"991,057",FAAt401
FAAt401,k1ntotl3eq00,42,Equipment,2012,Current Dollars,Level,6,"1,035,612",FAAt401
FAAt401,k1ntotl3eq00,42,Equipment,2013,Current Dollars,Level,6,"1,102,950",FAAt401
FAAt401,k1ntotl3eq00,42,Equipment,2014,Current Dollars,Level,6,"1,156,503",FAAt401
FAAt401,k1ntotl3eq00,42,Equipment,2015,Current Dollars,Level,6,"1,199,855",FAAt401
FAAt401,k1ntotl3eq00,42,Equipment,2016,Current Dollars,Level,6,"1,234,052",FAAt401
FAAt401,k1ntotl3eq00,42,Equipment,2017,Current Dollars,Level,6,"1,273,351",FAAt401
FAAt401,k1ntotl3eq00,42,Equipment,2018,Current Dollars,Level,6,"1,323,812",FAAt401
FAAt401,k1ntotl3eq00,42,Equipment,2019,Current Dollars,Level,6,"1,381,427",FAAt401
FAAt401,k1ntotl3eq00,42,Equipment,2020,Current Dollars,Level,6,"1,428,166",FAAt401
FAAt401,k1ntotl3eq00,42,Equipment,2021,Current Dollars,Level,6,"1,537,926",FAAt401
FAAt401,k1ntotl3eq00,42,Equipment,2022,Current Dollars,Level,6,"1,666,187",FAAt401
FAAt401,k1ntotl3eq00,42,Equipment,2023,Current Dollars,Level,6,"1,743,393",FAAt401
FAAt401,k1ntotl3eq00,42,Equipment,2024,Current Dollars,Level,6,"1,812,967",FAAt401
FAAt401,k1ntotl3st00,43,Structures,1925,Current Dollars,Level,6,"20,074",FAAt401
FAAt401,k1ntotl3st00,43,Structures,1926,Current Dollars,Level,6,"20,980",FAAt401
FAAt401,k1ntotl3st00,43,Structures,1927,Current Dollars,Level,6,"21,672",FAAt401
FAAt401,k1ntotl3st00,43,Structures,1928,Current Dollars,Level,6,"22,590",FAAt401
FAAt401,k1ntotl3st00,43,Structures,1929,Current Dollars,Level,6,"22,427",FAAt401
FAAt401,k1ntotl3st00,43,Structures,1930,Current Dollars,Level,6,"20,852",FAAt401
FAAt401,k1ntotl3st00,43,Structures,1931,Current Dollars,Level,6,"17,677",FAAt401
FAAt401,k1ntotl3st00,43,Structures,1932,Current Dollars,Level,6,"15,784",FAAt401
FAAt401,k1ntotl3st00,43,Structures,1933,Current Dollars,Level,6,"17,143",FAAt401
FAAt401,k1ntotl3st00,43,Structures,1934,Current Dollars,Level,6,"17,637",FAAt401
FAAt401,k1ntotl3st00,43,Structures,1935,Current Dollars,Level,6,"17,827",FAAt401
FAAt401,k1ntotl3st00,43,Structures,1936,Current Dollars,Level,6,"19,721",FAAt401
FAAt401,k1ntotl3st00,43,Structures,1937,Current Dollars,Level,6,"20,692",FAAt401
FAAt401,k1ntotl3st00,43,Structures,1938,Current Dollars,Level,6,"20,427",FAAt401
FAAt401,k1ntotl3st00,43,Structures,1939,Current Dollars,Level,6,"19,829",FAAt401
FAAt401,k1ntotl3st00,43,Structures,1940,Current Dollars,Level,6,"21,202",FAAt401
FAAt401,k1ntotl3st00,43,Structures,1941,Current Dollars,Level,6,"24,287",FAAt401
FAAt401,k1ntotl3st00,43,Structures,1942,Current Dollars,Level,6,"26,489",FAAt401
FAAt401,k1ntotl3st00,43,Structures,1943,Current Dollars,Level,6,"28,250",FAAt401
FAAt401,k1ntotl3st00,43,Structures,1944,Current Dollars,Level,6,"28,672",FAAt401
FAAt401,k1ntotl3st00,43,Structures,1945,Current Dollars,Level,6,"30,826",FAAt401
FAAt401,k1ntotl3st00,43,Structures,1946,Current Dollars,Level,6,"40,779",FAAt401
FAAt401,k1ntotl3st00,43,Structures,1947,Current Dollars,Level,6,"49,382",FAAt401
FAAt401,k1ntotl3st00,43,Structures,1948,Current Dollars,Level,6,"51,670",FAAt401
FAAt401,k1ntotl3st00,43,Structures,1949,Current Dollars,Level,6,"50,551",FAAt401
FAAt401,k1ntotl3st00,43,Structures,1950,Current Dollars,Level,6,"57,985",FAAt401
FAAt401,k1ntotl3st00,43,Structures,1951,Current Dollars,Level,6,"63,921",FAAt401
FAAt401,k1ntotl3st00,43,Structures,1952,Current Dollars,Level,6,"66,533",FAAt401
FAAt401,k1ntotl3st00,43,Structures,1953,Current Dollars,Level,6,"66,677",FAAt401
FAAt401,k1ntotl3st00,43,Structures,1954,Current Dollars,Level,6,"67,840",FAAt401
FAAt401,k1ntotl3st00,43,Structures,1955,Current Dollars,Level,6,"75,264",FAAt401
FAAt401,k1ntotl3st00,43,Structures,1956,Current Dollars,Level,6,"82,711",FAAt401
FAAt401,k1ntotl3st00,43,Structures,1957,Current Dollars,Level,6,"86,671",FAAt401
FAAt401,k1ntotl3st00,43,Structures,1958,Current Dollars,Level,6,"87,283",FAAt401
FAAt401,k1ntotl3st00,43,Structures,1959,Current Dollars,Level,6,"90,561",FAAt401
FAAt401,k1ntotl3st00,43,Structures,1960,Current Dollars,Level,6,"92,962",FAAt401
FAAt401,k1ntotl3st00,43,Structures,1961,Current Dollars,Level,6,"98,039",FAAt401
FAAt401,k1ntotl3st00,43,Structures,1962,Current Dollars,Level,6,"104,086",FAAt401
FAAt401,k1ntotl3st00,43,Structures,1963,Current Dollars,Level,6,"109,952",FAAt401
FAAt401,k1ntotl3st00,43,Structures,1964,Current Dollars,Level,6,"119,007",FAAt401
FAAt401,k1ntotl3st00,43,Structures,1965,Current Dollars,Level,6,"128,699",FAAt401
FAAt401,k1ntotl3st00,43,Structures,1966,Current Dollars,Level,6,"140,026",FAAt401
FAAt401,k1ntotl3st00,43,Structures,1967,Current Dollars,Level,6,"150,460",FAAt401
FAAt401,k1ntotl3st00,43,Structures,1968,Current Dollars,Level,6,"165,893",FAAt401
FAAt401,k1ntotl3st00,43,Structures,1969,Current Dollars,Level,6,"183,106",FAAt401
FAAt401,k1ntotl3st00,43,Structures,1970,Current Dollars,Level,6,"202,443",FAAt401
FAAt401,k1ntotl3st00,43,Structures,1971,Current Dollars,Level,6,"228,838",FAAt401
FAAt401,k1ntotl3st00,43,Structures,1972,Current Dollars,Level,6,"253,289",FAAt401
FAAt401,k1ntotl3st00,43,Structures,1973,Current Dollars,Level,6,"285,089",FAAt401
FAAt401,k1ntotl3st00,43,Structures,1974,Current Dollars,Level,6,"336,150",FAAt401
FAAt401,k1ntotl3st00,43,Structures,1975,Current Dollars,Level,6,"355,802",FAAt401
FAAt401,k1ntotl3st00,43,Structures,1976,Current Dollars,Level,6,"382,055",FAAt401
FAAt401,k1ntotl3st00,43,Structures,1977,Current Dollars,Level,6,"423,779",FAAt401
FAAt401,k1ntotl3st00,43,Structures,1978,Current Dollars,Level,6,"476,311",FAAt401
FAAt401,k1ntotl3st00,43,Structures,1979,Current Dollars,Level,6,"550,527",FAAt401
FAAt401,k1ntotl3st00,43,Structures,1980,Current Dollars,Level,6,"628,564",FAAt401
FAAt401,k1ntotl3st00,43,Structures,1981,Current Dollars,Level,6,"710,792",FAAt401
FAAt401,k1ntotl3st00,43,Structures,1982,Current Dollars,Level,6,"764,894",FAAt401
FAAt401,k1ntotl3st00,43,Structures,1983,Current Dollars,Level,6,"796,771",FAAt401
FAAt401,k1ntotl3st00,43,Structures,1984,Current Dollars,Level,6,"852,824",FAAt401
FAAt401,k1ntotl3st00,43,Structures,1985,Current Dollars,Level,6,"908,969",FAAt401
FAAt401,k1ntotl3st00,43,Structures,1986,Current Dollars,Level,6,"966,585",FAAt401
FAAt401,k1ntotl3st00,43,Structures,1987,Current Dollars,Level,6,"1,030,716",FAAt401
FAAt401,k1ntotl3st00,43,Structures,1988,Current Dollars,Level,6,"1,101,275",FAAt401
FAAt401,k1ntotl3st00,43,Structures,1989,Current Dollars,Level,6,"1,169,043",FAAt401
FAAt401,k1ntotl3st00,43,Structures,1990,Current Dollars,Level,6,"1,221,659",FAAt401
FAAt401,k1ntotl3st00,43,Structures,1991,Current Dollars,Level,6,"1,236,129",FAAt401
FAAt401,k1ntotl3st00,43,Structures,1992,Current Dollars,Level,6,"1,269,699",FAAt401
FAAt401,k1ntotl3st00,43,Structures,1993,Current Dollars,Level,6,"1,325,014",FAAt401
FAAt401,k1ntotl3st00,43,Structures,1994,Current Dollars,Level,6,"1,394,492",FAAt401
FAAt401,k1ntotl3st00,43,Structures,1995,Current Dollars,Level,6,"1,444,553",FAAt401
FAAt401,k1ntotl3st00,43,Structures,1996,Current Dollars,Level,6,"1,500,112",FAAt401
FAAt401,k1ntotl3st00,43,Structures,1997,Current Dollars,Level,6,"1,583,376",FAAt401
FAAt401,k1ntotl3st00,43,Structures,1998,Current Dollars,Level,6,"1,679,558",FAAt401
FAAt401,k1ntotl3st00,43,Structures,1999,Current Dollars,Level,6,"1,777,512",FAAt401
FAAt401,k1ntotl3st00,43,Structures,2000,Current Dollars,Level,6,"1,890,916",FAAt401
FAAt401,k1ntotl3st00,43,Structures,2001,Current Dollars,Level,6,"2,000,784",FAAt401
FAAt401,k1ntotl3st00,43,Structures,2002,Current Dollars,Level,6,"2,092,654",FAAt401
FAAt401,k1ntotl3st00,43,Structures,2003,Current Dollars,Level,6,"2,186,136",FAAt401
FAAt401,k1ntotl3st00,43,Structures,2004,Current Dollars,Level,6,"2,410,350",FAAt401
FAAt401,k1ntotl3st00,43,Structures,2005,Current Dollars,Level,6,"2,673,575",FAAt401
FAAt401,k1ntotl3st00,43,Structures,2006,Current Dollars,Level,6,"2,926,377",FAAt401
FAAt401,k1ntotl3st00,43,Structures,2007,Current Dollars,Level,6,"3,095,209",FAAt401
FAAt401,k1ntotl3st00,43,Structures,2008,Current Dollars,Level,6,"3,284,270",FAAt401
FAAt401,k1ntotl3st00,43,Structures,2009,Current Dollars,Level,6,"3,139,525",FAAt401
FAAt401,k1ntotl3st00,43,Structures,2010,Current Dollars,Level,6,"3,166,438",FAAt401
FAAt401,k1ntotl3st00,43,Structures,2011,Current Dollars,Level,6,"3,274,337",FAAt401
FAAt401,k1ntotl3st00,43,Structures,2012,Current Dollars,Level,6,"3,352,743",FAAt401
FAAt401,k1ntotl3st00,43,Structures,2013,Current Dollars,Level,6,"3,509,753",FAAt401
FAAt401,k1ntotl3st00,43,Structures,2014,Current Dollars,Level,6,"3,655,586",FAAt401
FAAt401,k1ntotl3st00,43,Structures,2015,Current Dollars,Level,6,"3,756,571",FAAt401
FAAt401,k1ntotl3st00,43,Structures,2016,Current Dollars,Level,6,"3,875,286",FAAt401
FAAt401,k1ntotl3st00,43,Structures,2017,Current Dollars,Level,6,"4,032,826",FAAt401
FAAt401,k1ntotl3st00,43,Structures,2018,Current Dollars,Level,6,"4,263,382",FAAt401
FAAt401,k1ntotl3st00,43,Structures,2019,Current Dollars,Level,6,"4,486,809",FAAt401
FAAt401,k1ntotl3st00,43,Structures,2020,Current Dollars,Level,6,"4,581,359",FAAt401
FAAt401,k1ntotl3st00,43,Structures,2021,Current Dollars,Level,6,"5,221,098",FAAt401
FAAt401,k1ntotl3st00,43,Structures,2022,Current Dollars,Level,6,"6,032,828",FAAt401
FAAt401,k1ntotl3st00,43,Structures,2023,Current Dollars,Level,6,"6,122,454",FAAt401
FAAt401,k1ntotl3st00,43,Structures,2024,Current Dollars,Level,6,"6,274,306",FAAt401
FAAt401,k1ntotl3ip00,44,Intellectual property products,1925,Current Dollars,Level,6,677,FAAt401
FAAt401,k1ntotl3ip00,44,Intellectual property products,1926,Current Dollars,Level,6,707,FAAt401
FAAt401,k1ntotl3ip00,44,Intellectual property products,1927,Current Dollars,Level,6,735,FAAt401
FAAt401,k1ntotl3ip00,44,Intellectual property products,1928,Current Dollars,Level,6,781,FAAt401
FAAt401,k1ntotl3ip00,44,Intellectual property products,1929,Current Dollars,Level,6,839,FAAt401
FAAt401,k1ntotl3ip00,44,Intellectual property products,1930,Current Dollars,Level,6,852,FAAt401
FAAt401,k1ntotl3ip00,44,Intellectual property products,1931,Current Dollars,Level,6,843,FAAt401
FAAt401,k1ntotl3ip00,44,Intellectual property products,1932,Current Dollars,Level,6,810,FAAt401
FAAt401,k1ntotl3ip00,44,Intellectual property products,1933,Current Dollars,Level,6,781,FAAt401
FAAt401,k1ntotl3ip00,44,Intellectual property products,1934,Current Dollars,Level,6,828,FAAt401
FAAt401,k1ntotl3ip00,44,Intellectual property products,1935,Current Dollars,Level,6,880,FAAt401
FAAt401,k1ntotl3ip00,44,Intellectual property products,1936,Current Dollars,Level,6,973,FAAt401
FAAt401,k1ntotl3ip00,44,Intellectual property products,1937,Current Dollars,Level,6,"1,073",FAAt401
FAAt401,k1ntotl3ip00,44,Intellectual property products,1938,Current Dollars,Level,6,"1,162",FAAt401
FAAt401,k1ntotl3ip00,44,Intellectual property products,1939,Current Dollars,Level,6,"1,237",FAAt401
FAAt401,k1ntotl3ip00,44,Intellectual property products,1940,Current Dollars,Level,6,"1,310",FAAt401
FAAt401,k1ntotl3ip00,44,Intellectual property products,1941,Current Dollars,Level,6,"1,459",FAAt401
FAAt401,k1ntotl3ip00,44,Intellectual property products,1942,Current Dollars,Level,6,"1,627",FAAt401
FAAt401,k1ntotl3ip00,44,Intellectual property products,1943,Current Dollars,Level,6,"1,831",FAAt401
FAAt401,k1ntotl3ip00,44,Intellectual property products,1944,Current Dollars,Level,6,"2,017",FAAt401
FAAt401,k1ntotl3ip00,44,Intellectual property products,1945,Current Dollars,Level,6,"2,199",FAAt401
FAAt401,k1ntotl3ip00,44,Intellectual property products,1946,Current Dollars,Level,6,"2,455",FAAt401
FAAt401,k1ntotl3ip00,44,Intellectual property products,1947,Current Dollars,Level,6,"2,817",FAAt401
FAAt401,k1ntotl3ip00,44,Intellectual property products,1948,Current Dollars,Level,6,"2,978",FAAt401
FAAt401,k1ntotl3ip00,44,Intellectual property products,1949,Current Dollars,Level,6,"3,093",FAAt401
FAAt401,k1ntotl3ip00,44,Intellectual property products,1950,Current Dollars,Level,6,"3,353",FAAt401
FAAt401,k1ntotl3ip00,44,Intellectual property products,1951,Current Dollars,Level,6,"3,470",FAAt401
FAAt401,k1ntotl3ip00,44,Intellectual property products,1952,Current Dollars,Level,6,"3,595",FAAt401
FAAt401,k1ntotl3ip00,44,Intellectual property products,1953,Current Dollars,Level,6,"3,825",FAAt401
FAAt401,k1ntotl3ip00,44,Intellectual property products,1954,Current Dollars,Level,6,"4,020",FAAt401
FAAt401,k1ntotl3ip00,44,Intellectual property products,1955,Current Dollars,Level,6,"4,305",FAAt401
FAAt401,k1ntotl3ip00,44,Intellectual property products,1956,Current Dollars,Level,6,"4,611",FAAt401
FAAt401,k1ntotl3ip00,44,Intellectual property products,1957,Current Dollars,Level,6,"4,947",FAAt401
FAAt401,k1ntotl3ip00,44,Intellectual property products,1958,Current Dollars,Level,6,"5,224",FAAt401
FAAt401,k1ntotl3ip00,44,Intellectual property products,1959,Current Dollars,Level,6,"5,677",FAAt401
FAAt401,k1ntotl3ip00,44,Intellectual property products,1960,Current Dollars,Level,6,"5,945",FAAt401
FAAt401,k1ntotl3ip00,44,Intellectual property products,1961,Current Dollars,Level,6,"6,375",FAAt401
FAAt401,k1ntotl3ip00,44,Intellectual property products,1962,Current Dollars,Level,6,"6,714",FAAt401
FAAt401,k1ntotl3ip00,44,Intellectual property products,1963,Current Dollars,Level,6,"7,153",FAAt401
FAAt401,k1ntotl3ip00,44,Intellectual property products,1964,Current Dollars,Level,6,"7,561",FAAt401
FAAt401,k1ntotl3ip00,44,Intellectual property products,1965,Current Dollars,Level,6,"8,046",FAAt401
FAAt401,k1ntotl3ip00,44,Intellectual property products,1966,Current Dollars,Level,6,"8,499",FAAt401
FAAt401,k1ntotl3ip00,44,Intellectual property products,1967,Current Dollars,Level,6,"9,088",FAAt401
FAAt401,k1ntotl3ip00,44,Intellectual property products,1968,Current Dollars,Level,6,"9,696",FAAt401
FAAt401,k1ntotl3ip00,44,Intellectual property products,1969,Current Dollars,Level,6,"10,452",FAAt401
FAAt401,k1ntotl3ip00,44,Intellectual property products,1970,Current Dollars,Level,6,"11,186",FAAt401
FAAt401,k1ntotl3ip00,44,Intellectual property products,1971,Current Dollars,Level,6,"11,588",FAAt401
FAAt401,k1ntotl3ip00,44,Intellectual property products,1972,Current Dollars,Level,6,"11,992",FAAt401
FAAt401,k1ntotl3ip00,44,Intellectual property products,1973,Current Dollars,Level,6,"12,711",FAAt401
FAAt401,k1ntotl3ip00,44,Intellectual property products,1974,Current Dollars,Level,6,"13,896",FAAt401
FAAt401,k1ntotl3ip00,44,Intellectual property products,1975,Current Dollars,Level,6,"14,760",FAAt401
FAAt401,k1ntotl3ip00,44,Intellectual property products,1976,Current Dollars,Level,6,"15,803",FAAt401
FAAt401,k1ntotl3ip00,44,Intellectual property products,1977,Current Dollars,Level,6,"16,825",FAAt401
FAAt401,k1ntotl3ip00,44,Intellectual property products,1978,Current Dollars,Level,6,"18,809",FAAt401
FAAt401,k1ntotl3ip00,44,Intellectual property products,1979,Current Dollars,Level,6,"21,530",FAAt401
FAAt401,k1ntotl3ip00,44,Intellectual property products,1980,Current Dollars,Level,6,"24,635",FAAt401
FAAt401,k1ntotl3ip00,44,Intellectual property products,1981,Current Dollars,Level,6,"28,052",FAAt401
FAAt401,k1ntotl3ip00,44,Intellectual property products,1982,Current Dollars,Level,6,"30,669",FAAt401
FAAt401,k1ntotl3ip00,44,Intellectual property products,1983,Current Dollars,Level,6,"33,291",FAAt401
FAAt401,k1ntotl3ip00,44,Intellectual property products,1984,Current Dollars,Level,6,"36,293",FAAt401
FAAt401,k1ntotl3ip00,44,Intellectual property products,1985,Current Dollars,Level,6,"39,459",FAAt401
FAAt401,k1ntotl3ip00,44,Intellectual property products,1986,Current Dollars,Level,6,"43,251",FAAt401
FAAt401,k1ntotl3ip00,44,Intellectual property products,1987,Current Dollars,Level,6,"49,130",FAAt401
FAAt401,k1ntotl3ip00,44,Intellectual property products,1988,Current Dollars,Level,6,"57,840",FAAt401
FAAt401,k1ntotl3ip00,44,Intellectual property products,1989,Current Dollars,Level,6,"66,985",FAAt401
FAAt401,k1ntotl3ip00,44,Intellectual property products,1990,Current Dollars,Level,6,"76,090",FAAt401
FAAt401,k1ntotl3ip00,44,Intellectual property products,1991,Current Dollars,Level,6,"85,116",FAAt401
FAAt401,k1ntotl3ip00,44,Intellectual property products,1992,Current Dollars,Level,6,"94,003",FAAt401
FAAt401,k1ntotl3ip00,44,Intellectual property products,1993,Current Dollars,Level,6,"101,131",FAAt401
FAAt401,k1ntotl3ip00,44,Intellectual property products,1994,Current Dollars,Level,6,"108,979",FAAt401
FAAt401,k1ntotl3ip00,44,Intellectual property products,1995,Current Dollars,Level,6,"116,488",FAAt401
FAAt401,k1ntotl3ip00,44,Intellectual property products,1996,Current Dollars,Level,6,"123,115",FAAt401
FAAt401,k1ntotl3ip00,44,Intellectual property products,1997,Current Dollars,Level,6,"132,489",FAAt401
FAAt401,k1ntotl3ip00,44,Intellectual property products,1998,Current Dollars,Level,6,"144,624",FAAt401
FAAt401,k1ntotl3ip00,44,Intellectual property products,1999,Current Dollars,Level,6,"160,851",FAAt401
FAAt401,k1ntotl3ip00,44,Intellectual property products,2000,Current Dollars,Level,6,"177,887",FAAt401
FAAt401,k1ntotl3ip00,44,Intellectual property products,2001,Current Dollars,Level,6,"186,548",FAAt401
FAAt401,k1ntotl3ip00,44,Intellectual property products,2002,Current Dollars,Level,6,"196,901",FAAt401
FAAt401,k1ntotl3ip00,44,Intellectual property products,2003,Current Dollars,Level,6,"209,924",FAAt401
FAAt401,k1ntotl3ip00,44,Intellectual property products,2004,Current Dollars,Level,6,"221,231",FAAt401
FAAt401,k1ntotl3ip00,44,Intellectual property products,2005,Current Dollars,Level,6,"236,151",FAAt401
FAAt401,k1ntotl3ip00,44,Intellectual property products,2006,Current Dollars,Level,6,"250,153",FAAt401
FAAt401,k1ntotl3ip00,44,Intellectual property products,2007,Current Dollars,Level,6,"267,693",FAAt401
FAAt401,k1ntotl3ip00,44,Intellectual property products,2008,Current Dollars,Level,6,"284,459",FAAt401
FAAt401,k1ntotl3ip00,44,Intellectual property products,2009,Current Dollars,Level,6,"296,132",FAAt401
FAAt401,k1ntotl3ip00,44,Intellectual property products,2010,Current Dollars,Level,6,"310,796",FAAt401
FAAt401,k1ntotl3ip00,44,Intellectual property products,2011,Current Dollars,Level,6,"328,591",FAAt401
FAAt401,k1ntotl3ip00,44,Intellectual property products,2012,Current Dollars,Level,6,"346,335",FAAt401
FAAt401,k1ntotl3ip00,44,Intellectual property products,2013,Current Dollars,Level,6,"376,303",FAAt401
FAAt401,k1ntotl3ip00,44,Intellectual property products,2014,Current Dollars,Level,6,"397,869",FAAt401
FAAt401,k1ntotl3ip00,44,Intellectual property products,2015,Current Dollars,Level,6,"420,240",FAAt401
FAAt401,k1ntotl3ip00,44,Intellectual property products,2016,Current Dollars,Level,6,"439,573",FAAt401
FAAt401,k1ntotl3ip00,44,Intellectual property products,2017,Current Dollars,Level,6,"473,472",FAAt401
FAAt401,k1ntotl3ip00,44,Intellectual property products,2018,Current Dollars,Level,6,"502,346",FAAt401
FAAt401,k1ntotl3ip00,44,Intellectual property products,2019,Current Dollars,Level,6,"540,519",FAAt401
FAAt401,k1ntotl3ip00,44,Intellectual property products,2020,Current Dollars,Level,6,"588,663",FAAt401
FAAt401,k1ntotl3ip00,44,Intellectual property products,2021,Current Dollars,Level,6,"627,696",FAAt401
FAAt401,k1ntotl3ip00,44,Intellectual property products,2022,Current Dollars,Level,6,"691,569",FAAt401
FAAt401,k1ntotl3ip00,44,Intellectual property products,2023,Current Dollars,Level,6,"750,001",FAAt401
FAAt401,k1ntotl3ip00,44,Intellectual property products,2024,Current Dollars,Level,6,"811,120",FAAt401
FAAt401,k1n110c3es00,45,Farms,1925,Current Dollars,Level,6,"9,884",FAAt401
FAAt401,k1n110c3es00,45,Farms,1926,Current Dollars,Level,6,"10,018",FAAt401
FAAt401,k1n110c3es00,45,Farms,1927,Current Dollars,Level,6,"10,095",FAAt401
FAAt401,k1n110c3es00,45,Farms,1928,Current Dollars,Level,6,"10,200",FAAt401
FAAt401,k1n110c3es00,45,Farms,1929,Current Dollars,Level,6,"10,021",FAAt401
FAAt401,k1n110c3es00,45,Farms,1930,Current Dollars,Level,6,"9,132",FAAt401
FAAt401,k1n110c3es00,45,Farms,1931,Current Dollars,Level,6,"7,906",FAAt401
FAAt401,k1n110c3es00,45,Farms,1932,Current Dollars,Level,6,"6,956",FAAt401
FAAt401,k1n110c3es00,45,Farms,1933,Current Dollars,Level,6,"7,362",FAAt401
FAAt401,k1n110c3es00,45,Farms,1934,Current Dollars,Level,6,"7,389",FAAt401
FAAt401,k1n110c3es00,45,Farms,1935,Current Dollars,Level,6,"7,329",FAAt401
FAAt401,k1n110c3es00,45,Farms,1936,Current Dollars,Level,6,"7,612",FAAt401
FAAt401,k1n110c3es00,45,Farms,1937,Current Dollars,Level,6,"7,973",FAAt401
FAAt401,k1n110c3es00,45,Farms,1938,Current Dollars,Level,6,"7,784",FAAt401
FAAt401,k1n110c3es00,45,Farms,1939,Current Dollars,Level,6,"7,275",FAAt401
FAAt401,k1n110c3es00,45,Farms,1940,Current Dollars,Level,6,"7,546",FAAt401
FAAt401,k1n110c3es00,45,Farms,1941,Current Dollars,Level,6,"9,055",FAAt401
FAAt401,k1n110c3es00,45,Farms,1942,Current Dollars,Level,6,"10,271",FAAt401
FAAt401,k1n110c3es00,45,Farms,1943,Current Dollars,Level,6,"11,220",FAAt401
FAAt401,k1n110c3es00,45,Farms,1944,Current Dollars,Level,6,"11,747",FAAt401
FAAt401,k1n110c3es00,45,Farms,1945,Current Dollars,Level,6,"12,908",FAAt401
FAAt401,k1n110c3es00,45,Farms,1946,Current Dollars,Level,6,"15,778",FAAt401
FAAt401,k1n110c3es00,45,Farms,1947,Current Dollars,Level,6,"19,454",FAAt401
FAAt401,k1n110c3es00,45,Farms,1948,Current Dollars,Level,6,"22,091",FAAt401
FAAt401,k1n110c3es00,45,Farms,1949,Current Dollars,Level,6,"23,103",FAAt401
FAAt401,k1n110c3es00,45,Farms,1950,Current Dollars,Level,6,"26,836",FAAt401
FAAt401,k1n110c3es00,45,Farms,1951,Current Dollars,Level,6,"29,250",FAAt401
FAAt401,k1n110c3es00,45,Farms,1952,Current Dollars,Level,6,"30,663",FAAt401
FAAt401,k1n110c3es00,45,Farms,1953,Current Dollars,Level,6,"31,049",FAAt401
FAAt401,k1n110c3es00,45,Farms,1954,Current Dollars,Level,6,"30,947",FAAt401
FAAt401,k1n110c3es00,45,Farms,1955,Current Dollars,Level,6,"33,106",FAAt401
FAAt401,k1n110c3es00,45,Farms,1956,Current Dollars,Level,6,"34,398",FAAt401
FAAt401,k1n110c3es00,45,Farms,1957,Current Dollars,Level,6,"35,431",FAAt401
FAAt401,k1n110c3es00,45,Farms,1958,Current Dollars,Level,6,"35,019",FAAt401
FAAt401,k1n110c3es00,45,Farms,1959,Current Dollars,Level,6,"35,716",FAAt401
FAAt401,k1n110c3es00,45,Farms,1960,Current Dollars,Level,6,"35,981",FAAt401
FAAt401,k1n110c3es00,45,Farms,1961,Current Dollars,Level,6,"36,589",FAAt401
FAAt401,k1n110c3es00,45,Farms,1962,Current Dollars,Level,6,"37,701",FAAt401
FAAt401,k1n110c3es00,45,Farms,1963,Current Dollars,Level,6,"39,189",FAAt401
FAAt401,k1n110c3es00,45,Farms,1964,Current Dollars,Level,6,"41,247",FAAt401
FAAt401,k1n110c3es00,45,Farms,1965,Current Dollars,Level,6,"43,719",FAAt401
FAAt401,k1n110c3es00,45,Farms,1966,Current Dollars,Level,6,"46,873",FAAt401
FAAt401,k1n110c3es00,45,Farms,1967,Current Dollars,Level,6,"49,873",FAAt401
FAAt401,k1n110c3es00,45,Farms,1968,Current Dollars,Level,6,"53,392",FAAt401
FAAt401,k1n110c3es00,45,Farms,1969,Current Dollars,Level,6,"57,215",FAAt401
FAAt401,k1n110c3es00,45,Farms,1970,Current Dollars,Level,6,"61,767",FAAt401
FAAt401,k1n110c3es00,45,Farms,1971,Current Dollars,Level,6,"67,077",FAAt401
FAAt401,k1n110c3es00,45,Farms,1972,Current Dollars,Level,6,"71,519",FAAt401
FAAt401,k1n110c3es00,45,Farms,1973,Current Dollars,Level,6,"80,132",FAAt401
FAAt401,k1n110c3es00,45,Farms,1974,Current Dollars,Level,6,"97,141",FAAt401
FAAt401,k1n110c3es00,45,Farms,1975,Current Dollars,Level,6,"106,941",FAAt401
FAAt401,k1n110c3es00,45,Farms,1976,Current Dollars,Level,6,"117,664",FAAt401
FAAt401,k1n110c3es00,45,Farms,1977,Current Dollars,Level,6,"131,480",FAAt401
FAAt401,k1n110c3es00,45,Farms,1978,Current Dollars,Level,6,"148,356",FAAt401
FAAt401,k1n110c3es00,45,Farms,1979,Current Dollars,Level,6,"172,990",FAAt401
FAAt401,k1n110c3es00,45,Farms,1980,Current Dollars,Level,6,"193,212",FAAt401
FAAt401,k1n110c3es00,45,Farms,1981,Current Dollars,Level,6,"211,010",FAAt401
FAAt401,k1n110c3es00,45,Farms,1982,Current Dollars,Level,6,"217,825",FAAt401
FAAt401,k1n110c3es00,45,Farms,1983,Current Dollars,Level,6,"218,363",FAAt401
FAAt401,k1n110c3es00,45,Farms,1984,Current Dollars,Level,6,"220,084",FAAt401
FAAt401,k1n110c3es00,45,Farms,1985,Current Dollars,Level,6,"217,647",FAAt401
FAAt401,k1n110c3es00,45,Farms,1986,Current Dollars,Level,6,"217,841",FAAt401
FAAt401,k1n110c3es00,45,Farms,1987,Current Dollars,Level,6,"217,053",FAAt401
FAAt401,k1n110c3es00,45,Farms,1988,Current Dollars,Level,6,"220,281",FAAt401
FAAt401,k1n110c3es00,45,Farms,1989,Current Dollars,Level,6,"224,712",FAAt401
FAAt401,k1n110c3es00,45,Farms,1990,Current Dollars,Level,6,"228,798",FAAt401
FAAt401,k1n110c3es00,45,Farms,1991,Current Dollars,Level,6,"228,051",FAAt401
FAAt401,k1n110c3es00,45,Farms,1992,Current Dollars,Level,6,"227,273",FAAt401
FAAt401,k1n110c3es00,45,Farms,1993,Current Dollars,Level,6,"231,289",FAAt401
FAAt401,k1n110c3es00,45,Farms,1994,Current Dollars,Level,6,"238,316",FAAt401
FAAt401,k1n110c3es00,45,Farms,1995,Current Dollars,Level,6,"243,310",FAAt401
FAAt401,k1n110c3es00,45,Farms,1996,Current Dollars,Level,6,"248,038",FAAt401
FAAt401,k1n110c3es00,45,Farms,1997,Current Dollars,Level,6,"255,949",FAAt401
FAAt401,k1n110c3es00,45,Farms,1998,Current Dollars,Level,6,"263,484",FAAt401
FAAt401,k1n110c3es00,45,Farms,1999,Current Dollars,Level,6,"266,675",FAAt401
FAAt401,k1n110c3es00,45,Farms,2000,Current Dollars,Level,6,"271,156",FAAt401
FAAt401,k1n110c3es00,45,Farms,2001,Current Dollars,Level,6,"275,408",FAAt401
FAAt401,k1n110c3es00,45,Farms,2002,Current Dollars,Level,6,"277,933",FAAt401
FAAt401,k1n110c3es00,45,Farms,2003,Current Dollars,Level,6,"283,767",FAAt401
FAAt401,k1n110c3es00,45,Farms,2004,Current Dollars,Level,6,"301,834",FAAt401
FAAt401,k1n110c3es00,45,Farms,2005,Current Dollars,Level,6,"321,218",FAAt401
FAAt401,k1n110c3es00,45,Farms,2006,Current Dollars,Level,6,"336,323",FAAt401
FAAt401,k1n110c3es00,45,Farms,2007,Current Dollars,Level,6,"344,280",FAAt401
FAAt401,k1n110c3es00,45,Farms,2008,Current Dollars,Level,6,"352,427",FAAt401
FAAt401,k1n110c3es00,45,Farms,2009,Current Dollars,Level,6,"337,657",FAAt401
FAAt401,k1n110c3es00,45,Farms,2010,Current Dollars,Level,6,"337,939",FAAt401
FAAt401,k1n110c3es00,45,Farms,2011,Current Dollars,Level,6,"348,107",FAAt401
FAAt401,k1n110c3es00,45,Farms,2012,Current Dollars,Level,6,"365,071",FAAt401
FAAt401,k1n110c3es00,45,Farms,2013,Current Dollars,Level,6,"392,913",FAAt401
FAAt401,k1n110c3es00,45,Farms,2014,Current Dollars,Level,6,"419,333",FAAt401
FAAt401,k1n110c3es00,45,Farms,2015,Current Dollars,Level,6,"427,343",FAAt401
FAAt401,k1n110c3es00,45,Farms,2016,Current Dollars,Level,6,"436,263",FAAt401
FAAt401,k1n110c3es00,45,Farms,2017,Current Dollars,Level,6,"442,604",FAAt401
FAAt401,k1n110c3es00,45,Farms,2018,Current Dollars,Level,6,"454,916",FAAt401
FAAt401,k1n110c3es00,45,Farms,2019,Current Dollars,Level,6,"464,720",FAAt401
FAAt401,k1n110c3es00,45,Farms,2020,Current Dollars,Level,6,"474,047",FAAt401
FAAt401,k1n110c3es00,45,Farms,2021,Current Dollars,Level,6,"525,881",FAAt401
FAAt401,k1n110c3es00,45,Farms,2022,Current Dollars,Level,6,"576,561",FAAt401
FAAt401,k1n110c3es00,45,Farms,2023,Current Dollars,Level,6,"587,883",FAAt401
FAAt401,k1n110c3es00,45,Farms,2024,Current Dollars,Level,6,"600,657",FAAt401
FAAt401,k1n110c3eq00,46,Equipment,1925,Current Dollars,Level,6,"2,629",FAAt401
FAAt401,k1n110c3eq00,46,Equipment,1926,Current Dollars,Level,6,"2,849",FAAt401
FAAt401,k1n110c3eq00,46,Equipment,1927,Current Dollars,Level,6,"3,001",FAAt401
FAAt401,k1n110c3eq00,46,Equipment,1928,Current Dollars,Level,6,"3,117",FAAt401
FAAt401,k1n110c3eq00,46,Equipment,1929,Current Dollars,Level,6,"3,250",FAAt401
FAAt401,k1n110c3eq00,46,Equipment,1930,Current Dollars,Level,6,"3,248",FAAt401
FAAt401,k1n110c3eq00,46,Equipment,1931,Current Dollars,Level,6,"2,962",FAAt401
FAAt401,k1n110c3eq00,46,Equipment,1932,Current Dollars,Level,6,"2,821",FAAt401
FAAt401,k1n110c3eq00,46,Equipment,1933,Current Dollars,Level,6,"2,596",FAAt401
FAAt401,k1n110c3eq00,46,Equipment,1934,Current Dollars,Level,6,"2,336",FAAt401
FAAt401,k1n110c3eq00,46,Equipment,1935,Current Dollars,Level,6,"2,342",FAAt401
FAAt401,k1n110c3eq00,46,Equipment,1936,Current Dollars,Level,6,"2,549",FAAt401
FAAt401,k1n110c3eq00,46,Equipment,1937,Current Dollars,Level,6,"2,849",FAAt401
FAAt401,k1n110c3eq00,46,Equipment,1938,Current Dollars,Level,6,"2,901",FAAt401
FAAt401,k1n110c3eq00,46,Equipment,1939,Current Dollars,Level,6,"2,956",FAAt401
FAAt401,k1n110c3eq00,46,Equipment,1940,Current Dollars,Level,6,"3,088",FAAt401
FAAt401,k1n110c3eq00,46,Equipment,1941,Current Dollars,Level,6,"3,640",FAAt401
FAAt401,k1n110c3eq00,46,Equipment,1942,Current Dollars,Level,6,"3,749",FAAt401
FAAt401,k1n110c3eq00,46,Equipment,1943,Current Dollars,Level,6,"3,700",FAAt401
FAAt401,k1n110c3eq00,46,Equipment,1944,Current Dollars,Level,6,"3,858",FAAt401
FAAt401,k1n110c3eq00,46,Equipment,1945,Current Dollars,Level,6,"4,219",FAAt401
FAAt401,k1n110c3eq00,46,Equipment,1946,Current Dollars,Level,6,"4,743",FAAt401
FAAt401,k1n110c3eq00,46,Equipment,1947,Current Dollars,Level,6,"6,030",FAAt401
FAAt401,k1n110c3eq00,46,Equipment,1948,Current Dollars,Level,6,"8,109",FAAt401
FAAt401,k1n110c3eq00,46,Equipment,1949,Current Dollars,Level,6,"9,274",FAAt401
FAAt401,k1n110c3eq00,46,Equipment,1950,Current Dollars,Level,6,"11,090",FAAt401
FAAt401,k1n110c3eq00,46,Equipment,1951,Current Dollars,Level,6,"12,223",FAAt401
FAAt401,k1n110c3eq00,46,Equipment,1952,Current Dollars,Level,6,"12,990",FAAt401
FAAt401,k1n110c3eq00,46,Equipment,1953,Current Dollars,Level,6,"13,578",FAAt401
FAAt401,k1n110c3eq00,46,Equipment,1954,Current Dollars,Level,6,"13,465",FAAt401
FAAt401,k1n110c3eq00,46,Equipment,1955,Current Dollars,Level,6,"14,205",FAAt401
FAAt401,k1n110c3eq00,46,Equipment,1956,Current Dollars,Level,6,"14,348",FAAt401
FAAt401,k1n110c3eq00,46,Equipment,1957,Current Dollars,Level,6,"14,929",FAAt401
FAAt401,k1n110c3eq00,46,Equipment,1958,Current Dollars,Level,6,"15,433",FAAt401
FAAt401,k1n110c3eq00,46,Equipment,1959,Current Dollars,Level,6,"15,860",FAAt401
FAAt401,k1n110c3eq00,46,Equipment,1960,Current Dollars,Level,6,"15,955",FAAt401
FAAt401,k1n110c3eq00,46,Equipment,1961,Current Dollars,Level,6,"15,946",FAAt401
FAAt401,k1n110c3eq00,46,Equipment,1962,Current Dollars,Level,6,"16,256",FAAt401
FAAt401,k1n110c3eq00,46,Equipment,1963,Current Dollars,Level,6,"16,891",FAAt401
FAAt401,k1n110c3eq00,46,Equipment,1964,Current Dollars,Level,6,"17,621",FAAt401
FAAt401,k1n110c3eq00,46,Equipment,1965,Current Dollars,Level,6,"18,968",FAAt401
FAAt401,k1n110c3eq00,46,Equipment,1966,Current Dollars,Level,6,"20,684",FAAt401
FAAt401,k1n110c3eq00,46,Equipment,1967,Current Dollars,Level,6,"22,321",FAAt401
FAAt401,k1n110c3eq00,46,Equipment,1968,Current Dollars,Level,6,"23,568",FAAt401
FAAt401,k1n110c3eq00,46,Equipment,1969,Current Dollars,Level,6,"25,076",FAAt401
FAAt401,k1n110c3eq00,46,Equipment,1970,Current Dollars,Level,6,"26,973",FAAt401
FAAt401,k1n110c3eq00,46,Equipment,1971,Current Dollars,Level,6,"28,605",FAAt401
FAAt401,k1n110c3eq00,46,Equipment,1972,Current Dollars,Level,6,"30,200",FAAt401
FAAt401,k1n110c3eq00,46,Equipment,1973,Current Dollars,Level,6,"34,674",FAAt401
FAAt401,k1n110c3eq00,46,Equipment,1974,Current Dollars,Level,6,"43,814",FAAt401
FAAt401,k1n110c3eq00,46,Equipment,1975,Current Dollars,Level,6,"50,000",FAAt401
FAAt401,k1n110c3eq00,46,Equipment,1976,Current Dollars,Level,6,"55,879",FAAt401
FAAt401,k1n110c3eq00,46,Equipment,1977,Current Dollars,Level,6,"62,323",FAAt401
FAAt401,k1n110c3eq00,46,Equipment,1978,Current Dollars,Level,6,"69,959",FAAt401
FAAt401,k1n110c3eq00,46,Equipment,1979,Current Dollars,Level,6,"82,122",FAAt401
FAAt401,k1n110c3eq00,46,Equipment,1980,Current Dollars,Level,6,"90,844",FAAt401
FAAt401,k1n110c3eq00,46,Equipment,1981,Current Dollars,Level,6,"100,141",FAAt401
FAAt401,k1n110c3eq00,46,Equipment,1982,Current Dollars,Level,6,"101,961",FAAt401
FAAt401,k1n110c3eq00,46,Equipment,1983,Current Dollars,Level,6,"99,468",FAAt401
FAAt401,k1n110c3eq00,46,Equipment,1984,Current Dollars,Level,6,"97,074",FAAt401
FAAt401,k1n110c3eq00,46,Equipment,1985,Current Dollars,Level,6,"92,883",FAAt401
FAAt401,k1n110c3eq00,46,Equipment,1986,Current Dollars,Level,6,"90,363",FAAt401
FAAt401,k1n110c3eq00,46,Equipment,1987,Current Dollars,Level,6,"86,839",FAAt401
FAAt401,k1n110c3eq00,46,Equipment,1988,Current Dollars,Level,6,"87,214",FAAt401
FAAt401,k1n110c3eq00,46,Equipment,1989,Current Dollars,Level,6,"88,985",FAAt401
FAAt401,k1n110c3eq00,46,Equipment,1990,Current Dollars,Level,6,"91,419",FAAt401
FAAt401,k1n110c3eq00,46,Equipment,1991,Current Dollars,Level,6,"91,952",FAAt401
FAAt401,k1n110c3eq00,46,Equipment,1992,Current Dollars,Level,6,"90,481",FAAt401
FAAt401,k1n110c3eq00,46,Equipment,1993,Current Dollars,Level,6,"91,050",FAAt401
FAAt401,k1n110c3eq00,46,Equipment,1994,Current Dollars,Level,6,"93,088",FAAt401
FAAt401,k1n110c3eq00,46,Equipment,1995,Current Dollars,Level,6,"96,327",FAAt401
FAAt401,k1n110c3eq00,46,Equipment,1996,Current Dollars,Level,6,"98,436",FAAt401
FAAt401,k1n110c3eq00,46,Equipment,1997,Current Dollars,Level,6,"102,391",FAAt401
FAAt401,k1n110c3eq00,46,Equipment,1998,Current Dollars,Level,6,"105,640",FAAt401
FAAt401,k1n110c3eq00,46,Equipment,1999,Current Dollars,Level,6,"104,257",FAAt401
FAAt401,k1n110c3eq00,46,Equipment,2000,Current Dollars,Level,6,"102,760",FAAt401
FAAt401,k1n110c3eq00,46,Equipment,2001,Current Dollars,Level,6,"101,991",FAAt401
FAAt401,k1n110c3eq00,46,Equipment,2002,Current Dollars,Level,6,"101,984",FAAt401
FAAt401,k1n110c3eq00,46,Equipment,2003,Current Dollars,Level,6,"103,550",FAAt401
FAAt401,k1n110c3eq00,46,Equipment,2004,Current Dollars,Level,6,"108,631",FAAt401
FAAt401,k1n110c3eq00,46,Equipment,2005,Current Dollars,Level,6,"112,047",FAAt401
FAAt401,k1n110c3eq00,46,Equipment,2006,Current Dollars,Level,6,"114,783",FAAt401
FAAt401,k1n110c3eq00,46,Equipment,2007,Current Dollars,Level,6,"118,206",FAAt401
FAAt401,k1n110c3eq00,46,Equipment,2008,Current Dollars,Level,6,"125,771",FAAt401
FAAt401,k1n110c3eq00,46,Equipment,2009,Current Dollars,Level,6,"128,052",FAAt401
FAAt401,k1n110c3eq00,46,Equipment,2010,Current Dollars,Level,6,"131,442",FAAt401
FAAt401,k1n110c3eq00,46,Equipment,2011,Current Dollars,Level,6,"139,158",FAAt401
FAAt401,k1n110c3eq00,46,Equipment,2012,Current Dollars,Level,6,"150,327",FAAt401
FAAt401,k1n110c3eq00,46,Equipment,2013,Current Dollars,Level,6,"164,978",FAAt401
FAAt401,k1n110c3eq00,46,Equipment,2014,Current Dollars,Level,6,"179,335",FAAt401
FAAt401,k1n110c3eq00,46,Equipment,2015,Current Dollars,Level,6,"180,668",FAAt401
FAAt401,k1n110c3eq00,46,Equipment,2016,Current Dollars,Level,6,"176,838",FAAt401
FAAt401,k1n110c3eq00,46,Equipment,2017,Current Dollars,Level,6,"174,701",FAAt401
FAAt401,k1n110c3eq00,46,Equipment,2018,Current Dollars,Level,6,"175,396",FAAt401
FAAt401,k1n110c3eq00,46,Equipment,2019,Current Dollars,Level,6,"175,529",FAAt401
FAAt401,k1n110c3eq00,46,Equipment,2020,Current Dollars,Level,6,"176,966",FAAt401
FAAt401,k1n110c3eq00,46,Equipment,2021,Current Dollars,Level,6,"196,121",FAAt401
FAAt401,k1n110c3eq00,46,Equipment,2022,Current Dollars,Level,6,"216,181",FAAt401
FAAt401,k1n110c3eq00,46,Equipment,2023,Current Dollars,Level,6,"219,970",FAAt401
FAAt401,k1n110c3eq00,46,Equipment,2024,Current Dollars,Level,6,"222,818",FAAt401
FAAt401,k1n110c3st00,47,Structures,1925,Current Dollars,Level,6,"7,256",FAAt401
FAAt401,k1n110c3st00,47,Structures,1926,Current Dollars,Level,6,"7,169",FAAt401
FAAt401,k1n110c3st00,47,Structures,1927,Current Dollars,Level,6,"7,094",FAAt401
FAAt401,k1n110c3st00,47,Structures,1928,Current Dollars,Level,6,"7,082",FAAt401
FAAt401,k1n110c3st00,47,Structures,1929,Current Dollars,Level,6,"6,771",FAAt401
FAAt401,k1n110c3st00,47,Structures,1930,Current Dollars,Level,6,"5,885",FAAt401
FAAt401,k1n110c3st00,47,Structures,1931,Current Dollars,Level,6,"4,945",FAAt401
FAAt401,k1n110c3st00,47,Structures,1932,Current Dollars,Level,6,"4,135",FAAt401
FAAt401,k1n110c3st00,47,Structures,1933,Current Dollars,Level,6,"4,766",FAAt401
FAAt401,k1n110c3st00,47,Structures,1934,Current Dollars,Level,6,"5,054",FAAt401
FAAt401,k1n110c3st00,47,Structures,1935,Current Dollars,Level,6,"4,988",FAAt401
FAAt401,k1n110c3st00,47,Structures,1936,Current Dollars,Level,6,"5,062",FAAt401
FAAt401,k1n110c3st00,47,Structures,1937,Current Dollars,Level,6,"5,124",FAAt401
FAAt401,k1n110c3st00,47,Structures,1938,Current Dollars,Level,6,"4,884",FAAt401
FAAt401,k1n110c3st00,47,Structures,1939,Current Dollars,Level,6,"4,320",FAAt401
FAAt401,k1n110c3st00,47,Structures,1940,Current Dollars,Level,6,"4,458",FAAt401
FAAt401,k1n110c3st00,47,Structures,1941,Current Dollars,Level,6,"5,416",FAAt401
FAAt401,k1n110c3st00,47,Structures,1942,Current Dollars,Level,6,"6,522",FAAt401
FAAt401,k1n110c3st00,47,Structures,1943,Current Dollars,Level,6,"7,520",FAAt401
FAAt401,k1n110c3st00,47,Structures,1944,Current Dollars,Level,6,"7,889",FAAt401
FAAt401,k1n110c3st00,47,Structures,1945,Current Dollars,Level,6,"8,689",FAAt401
FAAt401,k1n110c3st00,47,Structures,1946,Current Dollars,Level,6,"11,035",FAAt401
FAAt401,k1n110c3st00,47,Structures,1947,Current Dollars,Level,6,"13,424",FAAt401
FAAt401,k1n110c3st00,47,Structures,1948,Current Dollars,Level,6,"13,981",FAAt401
FAAt401,k1n110c3st00,47,Structures,1949,Current Dollars,Level,6,"13,829",FAAt401
FAAt401,k1n110c3st00,47,Structures,1950,Current Dollars,Level,6,"15,746",FAAt401
FAAt401,k1n110c3st00,47,Structures,1951,Current Dollars,Level,6,"17,027",FAAt401
FAAt401,k1n110c3st00,47,Structures,1952,Current Dollars,Level,6,"17,673",FAAt401
FAAt401,k1n110c3st00,47,Structures,1953,Current Dollars,Level,6,"17,471",FAAt401
FAAt401,k1n110c3st00,47,Structures,1954,Current Dollars,Level,6,"17,482",FAAt401
FAAt401,k1n110c3st00,47,Structures,1955,Current Dollars,Level,6,"18,901",FAAt401
FAAt401,k1n110c3st00,47,Structures,1956,Current Dollars,Level,6,"20,050",FAAt401
FAAt401,k1n110c3st00,47,Structures,1957,Current Dollars,Level,6,"20,502",FAAt401
FAAt401,k1n110c3st00,47,Structures,1958,Current Dollars,Level,6,"19,585",FAAt401
FAAt401,k1n110c3st00,47,Structures,1959,Current Dollars,Level,6,"19,856",FAAt401
FAAt401,k1n110c3st00,47,Structures,1960,Current Dollars,Level,6,"20,026",FAAt401
FAAt401,k1n110c3st00,47,Structures,1961,Current Dollars,Level,6,"20,643",FAAt401
FAAt401,k1n110c3st00,47,Structures,1962,Current Dollars,Level,6,"21,445",FAAt401
FAAt401,k1n110c3st00,47,Structures,1963,Current Dollars,Level,6,"22,298",FAAt401
FAAt401,k1n110c3st00,47,Structures,1964,Current Dollars,Level,6,"23,626",FAAt401
FAAt401,k1n110c3st00,47,Structures,1965,Current Dollars,Level,6,"24,751",FAAt401
FAAt401,k1n110c3st00,47,Structures,1966,Current Dollars,Level,6,"26,189",FAAt401
FAAt401,k1n110c3st00,47,Structures,1967,Current Dollars,Level,6,"27,552",FAAt401
FAAt401,k1n110c3st00,47,Structures,1968,Current Dollars,Level,6,"29,824",FAAt401
FAAt401,k1n110c3st00,47,Structures,1969,Current Dollars,Level,6,"32,139",FAAt401
FAAt401,k1n110c3st00,47,Structures,1970,Current Dollars,Level,6,"34,794",FAAt401
FAAt401,k1n110c3st00,47,Structures,1971,Current Dollars,Level,6,"38,473",FAAt401
FAAt401,k1n110c3st00,47,Structures,1972,Current Dollars,Level,6,"41,320",FAAt401
FAAt401,k1n110c3st00,47,Structures,1973,Current Dollars,Level,6,"45,457",FAAt401
FAAt401,k1n110c3st00,47,Structures,1974,Current Dollars,Level,6,"53,327",FAAt401
FAAt401,k1n110c3st00,47,Structures,1975,Current Dollars,Level,6,"56,941",FAAt401
FAAt401,k1n110c3st00,47,Structures,1976,Current Dollars,Level,6,"61,785",FAAt401
FAAt401,k1n110c3st00,47,Structures,1977,Current Dollars,Level,6,"69,157",FAAt401
FAAt401,k1n110c3st00,47,Structures,1978,Current Dollars,Level,6,"78,396",FAAt401
FAAt401,k1n110c3st00,47,Structures,1979,Current Dollars,Level,6,"90,867",FAAt401
FAAt401,k1n110c3st00,47,Structures,1980,Current Dollars,Level,6,"102,365",FAAt401
FAAt401,k1n110c3st00,47,Structures,1981,Current Dollars,Level,6,"110,865",FAAt401
FAAt401,k1n110c3st00,47,Structures,1982,Current Dollars,Level,6,"115,862",FAAt401
FAAt401,k1n110c3st00,47,Structures,1983,Current Dollars,Level,6,"118,893",FAAt401
FAAt401,k1n110c3st00,47,Structures,1984,Current Dollars,Level,6,"123,009",FAAt401
FAAt401,k1n110c3st00,47,Structures,1985,Current Dollars,Level,6,"124,764",FAAt401
FAAt401,k1n110c3st00,47,Structures,1986,Current Dollars,Level,6,"127,477",FAAt401
FAAt401,k1n110c3st00,47,Structures,1987,Current Dollars,Level,6,"130,213",FAAt401
FAAt401,k1n110c3st00,47,Structures,1988,Current Dollars,Level,6,"133,053",FAAt401
FAAt401,k1n110c3st00,47,Structures,1989,Current Dollars,Level,6,"135,689",FAAt401
FAAt401,k1n110c3st00,47,Structures,1990,Current Dollars,Level,6,"137,309",FAAt401
FAAt401,k1n110c3st00,47,Structures,1991,Current Dollars,Level,6,"135,993",FAAt401
FAAt401,k1n110c3st00,47,Structures,1992,Current Dollars,Level,6,"136,626",FAAt401
FAAt401,k1n110c3st00,47,Structures,1993,Current Dollars,Level,6,"140,015",FAAt401
FAAt401,k1n110c3st00,47,Structures,1994,Current Dollars,Level,6,"144,982",FAAt401
FAAt401,k1n110c3st00,47,Structures,1995,Current Dollars,Level,6,"146,723",FAAt401
FAAt401,k1n110c3st00,47,Structures,1996,Current Dollars,Level,6,"149,350",FAAt401
FAAt401,k1n110c3st00,47,Structures,1997,Current Dollars,Level,6,"153,297",FAAt401
FAAt401,k1n110c3st00,47,Structures,1998,Current Dollars,Level,6,"157,590",FAAt401
FAAt401,k1n110c3st00,47,Structures,1999,Current Dollars,Level,6,"162,214",FAAt401
FAAt401,k1n110c3st00,47,Structures,2000,Current Dollars,Level,6,"168,228",FAAt401
FAAt401,k1n110c3st00,47,Structures,2001,Current Dollars,Level,6,"173,290",FAAt401
FAAt401,k1n110c3st00,47,Structures,2002,Current Dollars,Level,6,"175,852",FAAt401
FAAt401,k1n110c3st00,47,Structures,2003,Current Dollars,Level,6,"180,146",FAAt401
FAAt401,k1n110c3st00,47,Structures,2004,Current Dollars,Level,6,"193,146",FAAt401
FAAt401,k1n110c3st00,47,Structures,2005,Current Dollars,Level,6,"209,121",FAAt401
FAAt401,k1n110c3st00,47,Structures,2006,Current Dollars,Level,6,"221,497",FAAt401
FAAt401,k1n110c3st00,47,Structures,2007,Current Dollars,Level,6,"226,036",FAAt401
FAAt401,k1n110c3st00,47,Structures,2008,Current Dollars,Level,6,"226,618",FAAt401
FAAt401,k1n110c3st00,47,Structures,2009,Current Dollars,Level,6,"209,568",FAAt401
FAAt401,k1n110c3st00,47,Structures,2010,Current Dollars,Level,6,"206,462",FAAt401
FAAt401,k1n110c3st00,47,Structures,2011,Current Dollars,Level,6,"208,911",FAAt401
FAAt401,k1n110c3st00,47,Structures,2012,Current Dollars,Level,6,"214,701",FAAt401
FAAt401,k1n110c3st00,47,Structures,2013,Current Dollars,Level,6,"227,887",FAAt401
FAAt401,k1n110c3st00,47,Structures,2014,Current Dollars,Level,6,"239,943",FAAt401
FAAt401,k1n110c3st00,47,Structures,2015,Current Dollars,Level,6,"246,625",FAAt401
FAAt401,k1n110c3st00,47,Structures,2016,Current Dollars,Level,6,"259,378",FAAt401
FAAt401,k1n110c3st00,47,Structures,2017,Current Dollars,Level,6,"267,850",FAAt401
FAAt401,k1n110c3st00,47,Structures,2018,Current Dollars,Level,6,"279,466",FAAt401
FAAt401,k1n110c3st00,47,Structures,2019,Current Dollars,Level,6,"289,134",FAAt401
FAAt401,k1n110c3st00,47,Structures,2020,Current Dollars,Level,6,"297,015",FAAt401
FAAt401,k1n110c3st00,47,Structures,2021,Current Dollars,Level,6,"329,680",FAAt401
FAAt401,k1n110c3st00,47,Structures,2022,Current Dollars,Level,6,"360,292",FAAt401
FAAt401,k1n110c3st00,47,Structures,2023,Current Dollars,Level,6,"367,815",FAAt401
FAAt401,k1n110c3st00,47,Structures,2024,Current Dollars,Level,6,"377,728",FAAt401
FAAt401,k1n110c3ip00,48,Intellectual property products,1925,Current Dollars,Level,6,0,FAAt401
FAAt401,k1n110c3ip00,48,Intellectual property products,1926,Current Dollars,Level,6,0,FAAt401
FAAt401,k1n110c3ip00,48,Intellectual property products,1927,Current Dollars,Level,6,0,FAAt401
FAAt401,k1n110c3ip00,48,Intellectual property products,1928,Current Dollars,Level,6,0,FAAt401
FAAt401,k1n110c3ip00,48,Intellectual property products,1929,Current Dollars,Level,6,0,FAAt401
FAAt401,k1n110c3ip00,48,Intellectual property products,1930,Current Dollars,Level,6,0,FAAt401
FAAt401,k1n110c3ip00,48,Intellectual property products,1931,Current Dollars,Level,6,0,FAAt401
FAAt401,k1n110c3ip00,48,Intellectual property products,1932,Current Dollars,Level,6,0,FAAt401
FAAt401,k1n110c3ip00,48,Intellectual property products,1933,Current Dollars,Level,6,0,FAAt401
FAAt401,k1n110c3ip00,48,Intellectual property products,1934,Current Dollars,Level,6,0,FAAt401
FAAt401,k1n110c3ip00,48,Intellectual property products,1935,Current Dollars,Level,6,0,FAAt401
FAAt401,k1n110c3ip00,48,Intellectual property products,1936,Current Dollars,Level,6,0,FAAt401
FAAt401,k1n110c3ip00,48,Intellectual property products,1937,Current Dollars,Level,6,0,FAAt401
FAAt401,k1n110c3ip00,48,Intellectual property products,1938,Current Dollars,Level,6,0,FAAt401
FAAt401,k1n110c3ip00,48,Intellectual property products,1939,Current Dollars,Level,6,0,FAAt401
FAAt401,k1n110c3ip00,48,Intellectual property products,1940,Current Dollars,Level,6,0,FAAt401
FAAt401,k1n110c3ip00,48,Intellectual property products,1941,Current Dollars,Level,6,0,FAAt401
FAAt401,k1n110c3ip00,48,Intellectual property products,1942,Current Dollars,Level,6,0,FAAt401
FAAt401,k1n110c3ip00,48,Intellectual property products,1943,Current Dollars,Level,6,0,FAAt401
FAAt401,k1n110c3ip00,48,Intellectual property products,1944,Current Dollars,Level,6,0,FAAt401
FAAt401,k1n110c3ip00,48,Intellectual property products,1945,Current Dollars,Level,6,0,FAAt401
FAAt401,k1n110c3ip00,48,Intellectual property products,1946,Current Dollars,Level,6,0,FAAt401
FAAt401,k1n110c3ip00,48,Intellectual property products,1947,Current Dollars,Level,6,0,FAAt401
FAAt401,k1n110c3ip00,48,Intellectual property products,1948,Current Dollars,Level,6,0,FAAt401
FAAt401,k1n110c3ip00,48,Intellectual property products,1949,Current Dollars,Level,6,0,FAAt401
FAAt401,k1n110c3ip00,48,Intellectual property products,1950,Current Dollars,Level,6,0,FAAt401
FAAt401,k1n110c3ip00,48,Intellectual property products,1951,Current Dollars,Level,6,0,FAAt401
FAAt401,k1n110c3ip00,48,Intellectual property products,1952,Current Dollars,Level,6,0,FAAt401
FAAt401,k1n110c3ip00,48,Intellectual property products,1953,Current Dollars,Level,6,0,FAAt401
FAAt401,k1n110c3ip00,48,Intellectual property products,1954,Current Dollars,Level,6,0,FAAt401
FAAt401,k1n110c3ip00,48,Intellectual property products,1955,Current Dollars,Level,6,0,FAAt401
FAAt401,k1n110c3ip00,48,Intellectual property products,1956,Current Dollars,Level,6,0,FAAt401
FAAt401,k1n110c3ip00,48,Intellectual property products,1957,Current Dollars,Level,6,0,FAAt401
FAAt401,k1n110c3ip00,48,Intellectual property products,1958,Current Dollars,Level,6,0,FAAt401
FAAt401,k1n110c3ip00,48,Intellectual property products,1959,Current Dollars,Level,6,0,FAAt401
FAAt401,k1n110c3ip00,48,Intellectual property products,1960,Current Dollars,Level,6,0,FAAt401
FAAt401,k1n110c3ip00,48,Intellectual property products,1961,Current Dollars,Level,6,0,FAAt401
FAAt401,k1n110c3ip00,48,Intellectual property products,1962,Current Dollars,Level,6,0,FAAt401
FAAt401,k1n110c3ip00,48,Intellectual property products,1963,Current Dollars,Level,6,0,FAAt401
FAAt401,k1n110c3ip00,48,Intellectual property products,1964,Current Dollars,Level,6,0,FAAt401
FAAt401,k1n110c3ip00,48,Intellectual property products,1965,Current Dollars,Level,6,0,FAAt401
FAAt401,k1n110c3ip00,48,Intellectual property products,1966,Current Dollars,Level,6,0,FAAt401
FAAt401,k1n110c3ip00,48,Intellectual property products,1967,Current Dollars,Level,6,0,FAAt401
FAAt401,k1n110c3ip00,48,Intellectual property products,1968,Current Dollars,Level,6,0,FAAt401
FAAt401,k1n110c3ip00,48,Intellectual property products,1969,Current Dollars,Level,6,0,FAAt401
FAAt401,k1n110c3ip00,48,Intellectual property products,1970,Current Dollars,Level,6,0,FAAt401
FAAt401,k1n110c3ip00,48,Intellectual property products,1971,Current Dollars,Level,6,0,FAAt401
FAAt401,k1n110c3ip00,48,Intellectual property products,1972,Current Dollars,Level,6,0,FAAt401
FAAt401,k1n110c3ip00,48,Intellectual property products,1973,Current Dollars,Level,6,0,FAAt401
FAAt401,k1n110c3ip00,48,Intellectual property products,1974,Current Dollars,Level,6,0,FAAt401
FAAt401,k1n110c3ip00,48,Intellectual property products,1975,Current Dollars,Level,6,0,FAAt401
FAAt401,k1n110c3ip00,48,Intellectual property products,1976,Current Dollars,Level,6,0,FAAt401
FAAt401,k1n110c3ip00,48,Intellectual property products,1977,Current Dollars,Level,6,0,FAAt401
FAAt401,k1n110c3ip00,48,Intellectual property products,1978,Current Dollars,Level,6,1,FAAt401
FAAt401,k1n110c3ip00,48,Intellectual property products,1979,Current Dollars,Level,6,2,FAAt401
FAAt401,k1n110c3ip00,48,Intellectual property products,1980,Current Dollars,Level,6,3,FAAt401
FAAt401,k1n110c3ip00,48,Intellectual property products,1981,Current Dollars,Level,6,4,FAAt401
FAAt401,k1n110c3ip00,48,Intellectual property products,1982,Current Dollars,Level,6,3,FAAt401
FAAt401,k1n110c3ip00,48,Intellectual property products,1983,Current Dollars,Level,6,2,FAAt401
FAAt401,k1n110c3ip00,48,Intellectual property products,1984,Current Dollars,Level,6,1,FAAt401
FAAt401,k1n110c3ip00,48,Intellectual property products,1985,Current Dollars,Level,6,1,FAAt401
FAAt401,k1n110c3ip00,48,Intellectual property products,1986,Current Dollars,Level,6,1,FAAt401
FAAt401,k1n110c3ip00,48,Intellectual property products,1987,Current Dollars,Level,6,0,FAAt401
FAAt401,k1n110c3ip00,48,Intellectual property products,1988,Current Dollars,Level,6,13,FAAt401
FAAt401,k1n110c3ip00,48,Intellectual property products,1989,Current Dollars,Level,6,37,FAAt401
FAAt401,k1n110c3ip00,48,Intellectual property products,1990,Current Dollars,Level,6,70,FAAt401
FAAt401,k1n110c3ip00,48,Intellectual property products,1991,Current Dollars,Level,6,107,FAAt401
FAAt401,k1n110c3ip00,48,Intellectual property products,1992,Current Dollars,Level,6,166,FAAt401
FAAt401,k1n110c3ip00,48,Intellectual property products,1993,Current Dollars,Level,6,224,FAAt401
FAAt401,k1n110c3ip00,48,Intellectual property products,1994,Current Dollars,Level,6,246,FAAt401
FAAt401,k1n110c3ip00,48,Intellectual property products,1995,Current Dollars,Level,6,260,FAAt401
FAAt401,k1n110c3ip00,48,Intellectual property products,1996,Current Dollars,Level,6,253,FAAt401
FAAt401,k1n110c3ip00,48,Intellectual property products,1997,Current Dollars,Level,6,261,FAAt401
FAAt401,k1n110c3ip00,48,Intellectual property products,1998,Current Dollars,Level,6,254,FAAt401
FAAt401,k1n110c3ip00,48,Intellectual property products,1999,Current Dollars,Level,6,203,FAAt401
FAAt401,k1n110c3ip00,48,Intellectual property products,2000,Current Dollars,Level,6,168,FAAt401
FAAt401,k1n110c3ip00,48,Intellectual property products,2001,Current Dollars,Level,6,127,FAAt401
FAAt401,k1n110c3ip00,48,Intellectual property products,2002,Current Dollars,Level,6,97,FAAt401
FAAt401,k1n110c3ip00,48,Intellectual property products,2003,Current Dollars,Level,6,71,FAAt401
FAAt401,k1n110c3ip00,48,Intellectual property products,2004,Current Dollars,Level,6,58,FAAt401
FAAt401,k1n110c3ip00,48,Intellectual property products,2005,Current Dollars,Level,6,50,FAAt401
FAAt401,k1n110c3ip00,48,Intellectual property products,2006,Current Dollars,Level,6,43,FAAt401
FAAt401,k1n110c3ip00,48,Intellectual property products,2007,Current Dollars,Level,6,38,FAAt401
FAAt401,k1n110c3ip00,48,Intellectual property products,2008,Current Dollars,Level,6,38,FAAt401
FAAt401,k1n110c3ip00,48,Intellectual property products,2009,Current Dollars,Level,6,37,FAAt401
FAAt401,k1n110c3ip00,48,Intellectual property products,2010,Current Dollars,Level,6,36,FAAt401
FAAt401,k1n110c3ip00,48,Intellectual property products,2011,Current Dollars,Level,6,38,FAAt401
FAAt401,k1n110c3ip00,48,Intellectual property products,2012,Current Dollars,Level,6,43,FAAt401
FAAt401,k1n110c3ip00,48,Intellectual property products,2013,Current Dollars,Level,6,48,FAAt401
FAAt401,k1n110c3ip00,48,Intellectual property products,2014,Current Dollars,Level,6,55,FAAt401
FAAt401,k1n110c3ip00,48,Intellectual property products,2015,Current Dollars,Level,6,50,FAAt401
FAAt401,k1n110c3ip00,48,Intellectual property products,2016,Current Dollars,Level,6,47,FAAt401
FAAt401,k1n110c3ip00,48,Intellectual property products,2017,Current Dollars,Level,6,53,FAAt401
FAAt401,k1n110c3ip00,48,Intellectual property products,2018,Current Dollars,Level,6,54,FAAt401
FAAt401,k1n110c3ip00,48,Intellectual property products,2019,Current Dollars,Level,6,56,FAAt401
FAAt401,k1n110c3ip00,48,Intellectual property products,2020,Current Dollars,Level,6,66,FAAt401
FAAt401,k1n110c3ip00,48,Intellectual property products,2021,Current Dollars,Level,6,79,FAAt401
FAAt401,k1n110c3ip00,48,Intellectual property products,2022,Current Dollars,Level,6,88,FAAt401
FAAt401,k1n110c3ip00,48,Intellectual property products,2023,Current Dollars,Level,6,98,FAAt401
FAAt401,k1n110c3ip00,48,Intellectual property products,2024,Current Dollars,Level,6,111,FAAt401
FAAt401,k1n31gd3es00,49,Manufacturing,1925,Current Dollars,Level,6,980,FAAt401
FAAt401,k1n31gd3es00,49,Manufacturing,1926,Current Dollars,Level,6,"1,009",FAAt401
FAAt401,k1n31gd3es00,49,Manufacturing,1927,Current Dollars,Level,6,"1,025",FAAt401
FAAt401,k1n31gd3es00,49,Manufacturing,1928,Current Dollars,Level,6,"1,062",FAAt401
FAAt401,k1n31gd3es00,49,Manufacturing,1929,Current Dollars,Level,6,"1,044",FAAt401
FAAt401,k1n31gd3es00,49,Manufacturing,1930,Current Dollars,Level,6,958,FAAt401
FAAt401,k1n31gd3es00,49,Manufacturing,1931,Current Dollars,Level,6,837,FAAt401
FAAt401,k1n31gd3es00,49,Manufacturing,1932,Current Dollars,Level,6,763,FAAt401
FAAt401,k1n31gd3es00,49,Manufacturing,1933,Current Dollars,Level,6,845,FAAt401
FAAt401,k1n31gd3es00,49,Manufacturing,1934,Current Dollars,Level,6,873,FAAt401
FAAt401,k1n31gd3es00,49,Manufacturing,1935,Current Dollars,Level,6,882,FAAt401
FAAt401,k1n31gd3es00,49,Manufacturing,1936,Current Dollars,Level,6,983,FAAt401
FAAt401,k1n31gd3es00,49,Manufacturing,1937,Current Dollars,Level,6,"1,049",FAAt401
FAAt401,k1n31gd3es00,49,Manufacturing,1938,Current Dollars,Level,6,"1,022",FAAt401
FAAt401,k1n31gd3es00,49,Manufacturing,1939,Current Dollars,Level,6,"1,050",FAAt401
FAAt401,k1n31gd3es00,49,Manufacturing,1940,Current Dollars,Level,6,"1,170",FAAt401
FAAt401,k1n31gd3es00,49,Manufacturing,1941,Current Dollars,Level,6,"1,388",FAAt401
FAAt401,k1n31gd3es00,49,Manufacturing,1942,Current Dollars,Level,6,"1,497",FAAt401
FAAt401,k1n31gd3es00,49,Manufacturing,1943,Current Dollars,Level,6,"1,498",FAAt401
FAAt401,k1n31gd3es00,49,Manufacturing,1944,Current Dollars,Level,6,"1,519",FAAt401
FAAt401,k1n31gd3es00,49,Manufacturing,1945,Current Dollars,Level,6,"1,732",FAAt401
FAAt401,k1n31gd3es00,49,Manufacturing,1946,Current Dollars,Level,6,"2,122",FAAt401
FAAt401,k1n31gd3es00,49,Manufacturing,1947,Current Dollars,Level,6,"2,647",FAAt401
FAAt401,k1n31gd3es00,49,Manufacturing,1948,Current Dollars,Level,6,"2,935",FAAt401
FAAt401,k1n31gd3es00,49,Manufacturing,1949,Current Dollars,Level,6,"2,860",FAAt401
FAAt401,k1n31gd3es00,49,Manufacturing,1950,Current Dollars,Level,6,"3,231",FAAt401
FAAt401,k1n31gd3es00,49,Manufacturing,1951,Current Dollars,Level,6,"3,471",FAAt401
FAAt401,k1n31gd3es00,49,Manufacturing,1952,Current Dollars,Level,6,"3,531",FAAt401
FAAt401,k1n31gd3es00,49,Manufacturing,1953,Current Dollars,Level,6,"3,626",FAAt401
FAAt401,k1n31gd3es00,49,Manufacturing,1954,Current Dollars,Level,6,"3,640",FAAt401
FAAt401,k1n31gd3es00,49,Manufacturing,1955,Current Dollars,Level,6,"3,979",FAAt401
FAAt401,k1n31gd3es00,49,Manufacturing,1956,Current Dollars,Level,6,"4,414",FAAt401
FAAt401,k1n31gd3es00,49,Manufacturing,1957,Current Dollars,Level,6,"4,676",FAAt401
FAAt401,k1n31gd3es00,49,Manufacturing,1958,Current Dollars,Level,6,"4,701",FAAt401
FAAt401,k1n31gd3es00,49,Manufacturing,1959,Current Dollars,Level,6,"4,835",FAAt401
FAAt401,k1n31gd3es00,49,Manufacturing,1960,Current Dollars,Level,6,"4,893",FAAt401
FAAt401,k1n31gd3es00,49,Manufacturing,1961,Current Dollars,Level,6,"4,909",FAAt401
FAAt401,k1n31gd3es00,49,Manufacturing,1962,Current Dollars,Level,6,"4,998",FAAt401
FAAt401,k1n31gd3es00,49,Manufacturing,1963,Current Dollars,Level,6,"5,077",FAAt401
FAAt401,k1n31gd3es00,49,Manufacturing,1964,Current Dollars,Level,6,"5,202",FAAt401
FAAt401,k1n31gd3es00,49,Manufacturing,1965,Current Dollars,Level,6,"5,353",FAAt401
FAAt401,k1n31gd3es00,49,Manufacturing,1966,Current Dollars,Level,6,"5,614",FAAt401
FAAt401,k1n31gd3es00,49,Manufacturing,1967,Current Dollars,Level,6,"5,754",FAAt401
FAAt401,k1n31gd3es00,49,Manufacturing,1968,Current Dollars,Level,6,"6,043",FAAt401
FAAt401,k1n31gd3es00,49,Manufacturing,1969,Current Dollars,Level,6,"6,364",FAAt401
FAAt401,k1n31gd3es00,49,Manufacturing,1970,Current Dollars,Level,6,"6,714",FAAt401
FAAt401,k1n31gd3es00,49,Manufacturing,1971,Current Dollars,Level,6,"7,105",FAAt401
FAAt401,k1n31gd3es00,49,Manufacturing,1972,Current Dollars,Level,6,"7,460",FAAt401
FAAt401,k1n31gd3es00,49,Manufacturing,1973,Current Dollars,Level,6,"8,060",FAAt401
FAAt401,k1n31gd3es00,49,Manufacturing,1974,Current Dollars,Level,6,"9,452",FAAt401
FAAt401,k1n31gd3es00,49,Manufacturing,1975,Current Dollars,Level,6,"10,308",FAAt401
FAAt401,k1n31gd3es00,49,Manufacturing,1976,Current Dollars,Level,6,"11,019",FAAt401
FAAt401,k1n31gd3es00,49,Manufacturing,1977,Current Dollars,Level,6,"12,033",FAAt401
FAAt401,k1n31gd3es00,49,Manufacturing,1978,Current Dollars,Level,6,"13,937",FAAt401
FAAt401,k1n31gd3es00,49,Manufacturing,1979,Current Dollars,Level,6,"16,260",FAAt401
FAAt401,k1n31gd3es00,49,Manufacturing,1980,Current Dollars,Level,6,"18,637",FAAt401
FAAt401,k1n31gd3es00,49,Manufacturing,1981,Current Dollars,Level,6,"20,517",FAAt401
FAAt401,k1n31gd3es00,49,Manufacturing,1982,Current Dollars,Level,6,"21,650",FAAt401
FAAt401,k1n31gd3es00,49,Manufacturing,1983,Current Dollars,Level,6,"22,263",FAAt401
FAAt401,k1n31gd3es00,49,Manufacturing,1984,Current Dollars,Level,6,"23,260",FAAt401
FAAt401,k1n31gd3es00,49,Manufacturing,1985,Current Dollars,Level,6,"24,479",FAAt401
FAAt401,k1n31gd3es00,49,Manufacturing,1986,Current Dollars,Level,6,"25,651",FAAt401
FAAt401,k1n31gd3es00,49,Manufacturing,1987,Current Dollars,Level,6,"26,946",FAAt401
FAAt401,k1n31gd3es00,49,Manufacturing,1988,Current Dollars,Level,6,"30,404",FAAt401
FAAt401,k1n31gd3es00,49,Manufacturing,1989,Current Dollars,Level,6,"33,643",FAAt401
FAAt401,k1n31gd3es00,49,Manufacturing,1990,Current Dollars,Level,6,"36,657",FAAt401
FAAt401,k1n31gd3es00,49,Manufacturing,1991,Current Dollars,Level,6,"38,900",FAAt401
FAAt401,k1n31gd3es00,49,Manufacturing,1992,Current Dollars,Level,6,"41,285",FAAt401
FAAt401,k1n31gd3es00,49,Manufacturing,1993,Current Dollars,Level,6,"43,598",FAAt401
FAAt401,k1n31gd3es00,49,Manufacturing,1994,Current Dollars,Level,6,"47,165",FAAt401
FAAt401,k1n31gd3es00,49,Manufacturing,1995,Current Dollars,Level,6,"51,266",FAAt401
FAAt401,k1n31gd3es00,49,Manufacturing,1996,Current Dollars,Level,6,"55,690",FAAt401
FAAt401,k1n31gd3es00,49,Manufacturing,1997,Current Dollars,Level,6,"60,669",FAAt401
FAAt401,k1n31gd3es00,49,Manufacturing,1998,Current Dollars,Level,6,"67,276",FAAt401
FAAt401,k1n31gd3es00,49,Manufacturing,1999,Current Dollars,Level,6,"74,829",FAAt401
FAAt401,k1n31gd3es00,49,Manufacturing,2000,Current Dollars,Level,6,"83,831",FAAt401
FAAt401,k1n31gd3es00,49,Manufacturing,2001,Current Dollars,Level,6,"92,108",FAAt401
FAAt401,k1n31gd3es00,49,Manufacturing,2002,Current Dollars,Level,6,"99,291",FAAt401
FAAt401,k1n31gd3es00,49,Manufacturing,2003,Current Dollars,Level,6,"105,760",FAAt401
FAAt401,k1n31gd3es00,49,Manufacturing,2004,Current Dollars,Level,6,"114,171",FAAt401
FAAt401,k1n31gd3es00,49,Manufacturing,2005,Current Dollars,Level,6,"124,070",FAAt401
FAAt401,k1n31gd3es00,49,Manufacturing,2006,Current Dollars,Level,6,"133,378",FAAt401
FAAt401,k1n31gd3es00,49,Manufacturing,2007,Current Dollars,Level,6,"144,524",FAAt401
FAAt401,k1n31gd3es00,49,Manufacturing,2008,Current Dollars,Level,6,"156,906",FAAt401
FAAt401,k1n31gd3es00,49,Manufacturing,2009,Current Dollars,Level,6,"158,682",FAAt401
FAAt401,k1n31gd3es00,49,Manufacturing,2010,Current Dollars,Level,6,"164,909",FAAt401
FAAt401,k1n31gd3es00,49,Manufacturing,2011,Current Dollars,Level,6,"175,649",FAAt401
FAAt401,k1n31gd3es00,49,Manufacturing,2012,Current Dollars,Level,6,"186,954",FAAt401
FAAt401,k1n31gd3es00,49,Manufacturing,2013,Current Dollars,Level,6,"212,109",FAAt401
FAAt401,k1n31gd3es00,49,Manufacturing,2014,Current Dollars,Level,6,"228,050",FAAt401
FAAt401,k1n31gd3es00,49,Manufacturing,2015,Current Dollars,Level,6,"238,289",FAAt401
FAAt401,k1n31gd3es00,49,Manufacturing,2016,Current Dollars,Level,6,"255,229",FAAt401
FAAt401,k1n31gd3es00,49,Manufacturing,2017,Current Dollars,Level,6,"277,545",FAAt401
FAAt401,k1n31gd3es00,49,Manufacturing,2018,Current Dollars,Level,6,"296,332",FAAt401
FAAt401,k1n31gd3es00,49,Manufacturing,2019,Current Dollars,Level,6,"319,220",FAAt401
FAAt401,k1n31gd3es00,49,Manufacturing,2020,Current Dollars,Level,6,"335,629",FAAt401
FAAt401,k1n31gd3es00,49,Manufacturing,2021,Current Dollars,Level,6,"365,425",FAAt401
FAAt401,k1n31gd3es00,49,Manufacturing,2022,Current Dollars,Level,6,"406,628",FAAt401
FAAt401,k1n31gd3es00,49,Manufacturing,2023,Current Dollars,Level,6,"423,911",FAAt401
FAAt401,k1n31gd3es00,49,Manufacturing,2024,Current Dollars,Level,6,"442,568",FAAt401
FAAt401,k1n31gd3eq00,50,Equipment,1925,Current Dollars,Level,6,422,FAAt401
FAAt401,k1n31gd3eq00,50,Equipment,1926,Current Dollars,Level,6,435,FAAt401
FAAt401,k1n31gd3eq00,50,Equipment,1927,Current Dollars,Level,6,444,FAAt401
FAAt401,k1n31gd3eq00,50,Equipment,1928,Current Dollars,Level,6,457,FAAt401
FAAt401,k1n31gd3eq00,50,Equipment,1929,Current Dollars,Level,6,448,FAAt401
FAAt401,k1n31gd3eq00,50,Equipment,1930,Current Dollars,Level,6,421,FAAt401
FAAt401,k1n31gd3eq00,50,Equipment,1931,Current Dollars,Level,6,375,FAAt401
FAAt401,k1n31gd3eq00,50,Equipment,1932,Current Dollars,Level,6,336,FAAt401
FAAt401,k1n31gd3eq00,50,Equipment,1933,Current Dollars,Level,6,361,FAAt401
FAAt401,k1n31gd3eq00,50,Equipment,1934,Current Dollars,Level,6,370,FAAt401
FAAt401,k1n31gd3eq00,50,Equipment,1935,Current Dollars,Level,6,369,FAAt401
FAAt401,k1n31gd3eq00,50,Equipment,1936,Current Dollars,Level,6,414,FAAt401
FAAt401,k1n31gd3eq00,50,Equipment,1937,Current Dollars,Level,6,455,FAAt401
FAAt401,k1n31gd3eq00,50,Equipment,1938,Current Dollars,Level,6,459,FAAt401
FAAt401,k1n31gd3eq00,50,Equipment,1939,Current Dollars,Level,6,482,FAAt401
FAAt401,k1n31gd3eq00,50,Equipment,1940,Current Dollars,Level,6,542,FAAt401
FAAt401,k1n31gd3eq00,50,Equipment,1941,Current Dollars,Level,6,629,FAAt401
FAAt401,k1n31gd3eq00,50,Equipment,1942,Current Dollars,Level,6,656,FAAt401
FAAt401,k1n31gd3eq00,50,Equipment,1943,Current Dollars,Level,6,677,FAAt401
FAAt401,k1n31gd3eq00,50,Equipment,1944,Current Dollars,Level,6,711,FAAt401
FAAt401,k1n31gd3eq00,50,Equipment,1945,Current Dollars,Level,6,815,FAAt401
FAAt401,k1n31gd3eq00,50,Equipment,1946,Current Dollars,Level,6,963,FAAt401
FAAt401,k1n31gd3eq00,50,Equipment,1947,Current Dollars,Level,6,"1,236",FAAt401
FAAt401,k1n31gd3eq00,50,Equipment,1948,Current Dollars,Level,6,"1,473",FAAt401
FAAt401,k1n31gd3eq00,50,Equipment,1949,Current Dollars,Level,6,"1,467",FAAt401
FAAt401,k1n31gd3eq00,50,Equipment,1950,Current Dollars,Level,6,"1,679",FAAt401
FAAt401,k1n31gd3eq00,50,Equipment,1951,Current Dollars,Level,6,"1,779",FAAt401
FAAt401,k1n31gd3eq00,50,Equipment,1952,Current Dollars,Level,6,"1,782",FAAt401
FAAt401,k1n31gd3eq00,50,Equipment,1953,Current Dollars,Level,6,"1,876",FAAt401
FAAt401,k1n31gd3eq00,50,Equipment,1954,Current Dollars,Level,6,"1,884",FAAt401
FAAt401,k1n31gd3eq00,50,Equipment,1955,Current Dollars,Level,6,"2,055",FAAt401
FAAt401,k1n31gd3eq00,50,Equipment,1956,Current Dollars,Level,6,"2,300",FAAt401
FAAt401,k1n31gd3eq00,50,Equipment,1957,Current Dollars,Level,6,"2,448",FAAt401
FAAt401,k1n31gd3eq00,50,Equipment,1958,Current Dollars,Level,6,"2,485",FAAt401
FAAt401,k1n31gd3eq00,50,Equipment,1959,Current Dollars,Level,6,"2,566",FAAt401
FAAt401,k1n31gd3eq00,50,Equipment,1960,Current Dollars,Level,6,"2,586",FAAt401
FAAt401,k1n31gd3eq00,50,Equipment,1961,Current Dollars,Level,6,"2,541",FAAt401
FAAt401,k1n31gd3eq00,50,Equipment,1962,Current Dollars,Level,6,"2,561",FAAt401
FAAt401,k1n31gd3eq00,50,Equipment,1963,Current Dollars,Level,6,"2,563",FAAt401
FAAt401,k1n31gd3eq00,50,Equipment,1964,Current Dollars,Level,6,"2,589",FAAt401
FAAt401,k1n31gd3eq00,50,Equipment,1965,Current Dollars,Level,6,"2,650",FAAt401
FAAt401,k1n31gd3eq00,50,Equipment,1966,Current Dollars,Level,6,"2,780",FAAt401
FAAt401,k1n31gd3eq00,50,Equipment,1967,Current Dollars,Level,6,"2,835",FAAt401
FAAt401,k1n31gd3eq00,50,Equipment,1968,Current Dollars,Level,6,"2,933",FAAt401
FAAt401,k1n31gd3eq00,50,Equipment,1969,Current Dollars,Level,6,"3,038",FAAt401
FAAt401,k1n31gd3eq00,50,Equipment,1970,Current Dollars,Level,6,"3,153",FAAt401
FAAt401,k1n31gd3eq00,50,Equipment,1971,Current Dollars,Level,6,"3,227",FAAt401
FAAt401,k1n31gd3eq00,50,Equipment,1972,Current Dollars,Level,6,"3,296",FAAt401
FAAt401,k1n31gd3eq00,50,Equipment,1973,Current Dollars,Level,6,"3,468",FAAt401
FAAt401,k1n31gd3eq00,50,Equipment,1974,Current Dollars,Level,6,"4,147",FAAt401
FAAt401,k1n31gd3eq00,50,Equipment,1975,Current Dollars,Level,6,"4,683",FAAt401
FAAt401,k1n31gd3eq00,50,Equipment,1976,Current Dollars,Level,6,"5,053",FAAt401
FAAt401,k1n31gd3eq00,50,Equipment,1977,Current Dollars,Level,6,"5,507",FAAt401
FAAt401,k1n31gd3eq00,50,Equipment,1978,Current Dollars,Level,6,"6,295",FAAt401
FAAt401,k1n31gd3eq00,50,Equipment,1979,Current Dollars,Level,6,"7,264",FAAt401
FAAt401,k1n31gd3eq00,50,Equipment,1980,Current Dollars,Level,6,"8,360",FAAt401
FAAt401,k1n31gd3eq00,50,Equipment,1981,Current Dollars,Level,6,"9,126",FAAt401
FAAt401,k1n31gd3eq00,50,Equipment,1982,Current Dollars,Level,6,"9,636",FAAt401
FAAt401,k1n31gd3eq00,50,Equipment,1983,Current Dollars,Level,6,"9,791",FAAt401
FAAt401,k1n31gd3eq00,50,Equipment,1984,Current Dollars,Level,6,"10,200",FAAt401
FAAt401,k1n31gd3eq00,50,Equipment,1985,Current Dollars,Level,6,"10,889",FAAt401
FAAt401,k1n31gd3eq00,50,Equipment,1986,Current Dollars,Level,6,"11,517",FAAt401
FAAt401,k1n31gd3eq00,50,Equipment,1987,Current Dollars,Level,6,"12,224",FAAt401
FAAt401,k1n31gd3eq00,50,Equipment,1988,Current Dollars,Level,6,"12,883",FAAt401
FAAt401,k1n31gd3eq00,50,Equipment,1989,Current Dollars,Level,6,"13,514",FAAt401
FAAt401,k1n31gd3eq00,50,Equipment,1990,Current Dollars,Level,6,"14,281",FAAt401
FAAt401,k1n31gd3eq00,50,Equipment,1991,Current Dollars,Level,6,"14,633",FAAt401
FAAt401,k1n31gd3eq00,50,Equipment,1992,Current Dollars,Level,6,"15,052",FAAt401
FAAt401,k1n31gd3eq00,50,Equipment,1993,Current Dollars,Level,6,"15,733",FAAt401
FAAt401,k1n31gd3eq00,50,Equipment,1994,Current Dollars,Level,6,"17,019",FAAt401
FAAt401,k1n31gd3eq00,50,Equipment,1995,Current Dollars,Level,6,"18,799",FAAt401
FAAt401,k1n31gd3eq00,50,Equipment,1996,Current Dollars,Level,6,"20,549",FAAt401
FAAt401,k1n31gd3eq00,50,Equipment,1997,Current Dollars,Level,6,"22,156",FAAt401
FAAt401,k1n31gd3eq00,50,Equipment,1998,Current Dollars,Level,6,"24,811",FAAt401
FAAt401,k1n31gd3eq00,50,Equipment,1999,Current Dollars,Level,6,"28,106",FAAt401
FAAt401,k1n31gd3eq00,50,Equipment,2000,Current Dollars,Level,6,"32,326",FAAt401
FAAt401,k1n31gd3eq00,50,Equipment,2001,Current Dollars,Level,6,"36,521",FAAt401
FAAt401,k1n31gd3eq00,50,Equipment,2002,Current Dollars,Level,6,"40,893",FAAt401
FAAt401,k1n31gd3eq00,50,Equipment,2003,Current Dollars,Level,6,"44,495",FAAt401
FAAt401,k1n31gd3eq00,50,Equipment,2004,Current Dollars,Level,6,"48,656",FAAt401
FAAt401,k1n31gd3eq00,50,Equipment,2005,Current Dollars,Level,6,"52,916",FAAt401
FAAt401,k1n31gd3eq00,50,Equipment,2006,Current Dollars,Level,6,"57,451",FAAt401
FAAt401,k1n31gd3eq00,50,Equipment,2007,Current Dollars,Level,6,"61,782",FAAt401
FAAt401,k1n31gd3eq00,50,Equipment,2008,Current Dollars,Level,6,"67,579",FAAt401
FAAt401,k1n31gd3eq00,50,Equipment,2009,Current Dollars,Level,6,"69,250",FAAt401
FAAt401,k1n31gd3eq00,50,Equipment,2010,Current Dollars,Level,6,"72,574",FAAt401
FAAt401,k1n31gd3eq00,50,Equipment,2011,Current Dollars,Level,6,"78,325",FAAt401
FAAt401,k1n31gd3eq00,50,Equipment,2012,Current Dollars,Level,6,"84,888",FAAt401
FAAt401,k1n31gd3eq00,50,Equipment,2013,Current Dollars,Level,6,"95,734",FAAt401
FAAt401,k1n31gd3eq00,50,Equipment,2014,Current Dollars,Level,6,"101,544",FAAt401
FAAt401,k1n31gd3eq00,50,Equipment,2015,Current Dollars,Level,6,"105,017",FAAt401
FAAt401,k1n31gd3eq00,50,Equipment,2016,Current Dollars,Level,6,"111,446",FAAt401
FAAt401,k1n31gd3eq00,50,Equipment,2017,Current Dollars,Level,6,"118,107",FAAt401
FAAt401,k1n31gd3eq00,50,Equipment,2018,Current Dollars,Level,6,"124,117",FAAt401
FAAt401,k1n31gd3eq00,50,Equipment,2019,Current Dollars,Level,6,"131,419",FAAt401
FAAt401,k1n31gd3eq00,50,Equipment,2020,Current Dollars,Level,6,"132,604",FAAt401
FAAt401,k1n31gd3eq00,50,Equipment,2021,Current Dollars,Level,6,"141,521",FAAt401
FAAt401,k1n31gd3eq00,50,Equipment,2022,Current Dollars,Level,6,"152,213",FAAt401
FAAt401,k1n31gd3eq00,50,Equipment,2023,Current Dollars,Level,6,"157,652",FAAt401
FAAt401,k1n31gd3eq00,50,Equipment,2024,Current Dollars,Level,6,"162,983",FAAt401
FAAt401,k1n31gd3st00,51,Structures,1925,Current Dollars,Level,6,543,FAAt401
FAAt401,k1n31gd3st00,51,Structures,1926,Current Dollars,Level,6,558,FAAt401
FAAt401,k1n31gd3st00,51,Structures,1927,Current Dollars,Level,6,564,FAAt401
FAAt401,k1n31gd3st00,51,Structures,1928,Current Dollars,Level,6,587,FAAt401
FAAt401,k1n31gd3st00,51,Structures,1929,Current Dollars,Level,6,577,FAAt401
FAAt401,k1n31gd3st00,51,Structures,1930,Current Dollars,Level,6,517,FAAt401
FAAt401,k1n31gd3st00,51,Structures,1931,Current Dollars,Level,6,443,FAAt401
FAAt401,k1n31gd3st00,51,Structures,1932,Current Dollars,Level,6,408,FAAt401
FAAt401,k1n31gd3st00,51,Structures,1933,Current Dollars,Level,6,463,FAAt401
FAAt401,k1n31gd3st00,51,Structures,1934,Current Dollars,Level,6,480,FAAt401
FAAt401,k1n31gd3st00,51,Structures,1935,Current Dollars,Level,6,485,FAAt401
FAAt401,k1n31gd3st00,51,Structures,1936,Current Dollars,Level,6,539,FAAt401
FAAt401,k1n31gd3st00,51,Structures,1937,Current Dollars,Level,6,562,FAAt401
FAAt401,k1n31gd3st00,51,Structures,1938,Current Dollars,Level,6,529,FAAt401
FAAt401,k1n31gd3st00,51,Structures,1939,Current Dollars,Level,6,532,FAAt401
FAAt401,k1n31gd3st00,51,Structures,1940,Current Dollars,Level,6,587,FAAt401
FAAt401,k1n31gd3st00,51,Structures,1941,Current Dollars,Level,6,705,FAAt401
FAAt401,k1n31gd3st00,51,Structures,1942,Current Dollars,Level,6,770,FAAt401
FAAt401,k1n31gd3st00,51,Structures,1943,Current Dollars,Level,6,744,FAAt401
FAAt401,k1n31gd3st00,51,Structures,1944,Current Dollars,Level,6,730,FAAt401
FAAt401,k1n31gd3st00,51,Structures,1945,Current Dollars,Level,6,840,FAAt401
FAAt401,k1n31gd3st00,51,Structures,1946,Current Dollars,Level,6,"1,069",FAAt401
FAAt401,k1n31gd3st00,51,Structures,1947,Current Dollars,Level,6,"1,301",FAAt401
FAAt401,k1n31gd3st00,51,Structures,1948,Current Dollars,Level,6,"1,338",FAAt401
FAAt401,k1n31gd3st00,51,Structures,1949,Current Dollars,Level,6,"1,265",FAAt401
FAAt401,k1n31gd3st00,51,Structures,1950,Current Dollars,Level,6,"1,404",FAAt401
FAAt401,k1n31gd3st00,51,Structures,1951,Current Dollars,Level,6,"1,531",FAAt401
FAAt401,k1n31gd3st00,51,Structures,1952,Current Dollars,Level,6,"1,571",FAAt401
FAAt401,k1n31gd3st00,51,Structures,1953,Current Dollars,Level,6,"1,546",FAAt401
FAAt401,k1n31gd3st00,51,Structures,1954,Current Dollars,Level,6,"1,530",FAAt401
FAAt401,k1n31gd3st00,51,Structures,1955,Current Dollars,Level,6,"1,667",FAAt401
FAAt401,k1n31gd3st00,51,Structures,1956,Current Dollars,Level,6,"1,818",FAAt401
FAAt401,k1n31gd3st00,51,Structures,1957,Current Dollars,Level,6,"1,893",FAAt401
FAAt401,k1n31gd3st00,51,Structures,1958,Current Dollars,Level,6,"1,837",FAAt401
FAAt401,k1n31gd3st00,51,Structures,1959,Current Dollars,Level,6,"1,847",FAAt401
FAAt401,k1n31gd3st00,51,Structures,1960,Current Dollars,Level,6,"1,854",FAAt401
FAAt401,k1n31gd3st00,51,Structures,1961,Current Dollars,Level,6,"1,896",FAAt401
FAAt401,k1n31gd3st00,51,Structures,1962,Current Dollars,Level,6,"1,945",FAAt401
FAAt401,k1n31gd3st00,51,Structures,1963,Current Dollars,Level,6,"1,999",FAAt401
FAAt401,k1n31gd3st00,51,Structures,1964,Current Dollars,Level,6,"2,082",FAAt401
FAAt401,k1n31gd3st00,51,Structures,1965,Current Dollars,Level,6,"2,160",FAAt401
FAAt401,k1n31gd3st00,51,Structures,1966,Current Dollars,Level,6,"2,276",FAAt401
FAAt401,k1n31gd3st00,51,Structures,1967,Current Dollars,Level,6,"2,348",FAAt401
FAAt401,k1n31gd3st00,51,Structures,1968,Current Dollars,Level,6,"2,508",FAAt401
FAAt401,k1n31gd3st00,51,Structures,1969,Current Dollars,Level,6,"2,682",FAAt401
FAAt401,k1n31gd3st00,51,Structures,1970,Current Dollars,Level,6,"2,875",FAAt401
FAAt401,k1n31gd3st00,51,Structures,1971,Current Dollars,Level,6,"3,153",FAAt401
FAAt401,k1n31gd3st00,51,Structures,1972,Current Dollars,Level,6,"3,383",FAAt401
FAAt401,k1n31gd3st00,51,Structures,1973,Current Dollars,Level,6,"3,706",FAAt401
FAAt401,k1n31gd3st00,51,Structures,1974,Current Dollars,Level,6,"4,295",FAAt401
FAAt401,k1n31gd3st00,51,Structures,1975,Current Dollars,Level,6,"4,532",FAAt401
FAAt401,k1n31gd3st00,51,Structures,1976,Current Dollars,Level,6,"4,784",FAAt401
FAAt401,k1n31gd3st00,51,Structures,1977,Current Dollars,Level,6,"5,287",FAAt401
FAAt401,k1n31gd3st00,51,Structures,1978,Current Dollars,Level,6,"6,173",FAAt401
FAAt401,k1n31gd3st00,51,Structures,1979,Current Dollars,Level,6,"7,232",FAAt401
FAAt401,k1n31gd3st00,51,Structures,1980,Current Dollars,Level,6,"8,185",FAAt401
FAAt401,k1n31gd3st00,51,Structures,1981,Current Dollars,Level,6,"8,966",FAAt401
FAAt401,k1n31gd3st00,51,Structures,1982,Current Dollars,Level,6,"9,424",FAAt401
FAAt401,k1n31gd3st00,51,Structures,1983,Current Dollars,Level,6,"9,682",FAAt401
FAAt401,k1n31gd3st00,51,Structures,1984,Current Dollars,Level,6,"10,073",FAAt401
FAAt401,k1n31gd3st00,51,Structures,1985,Current Dollars,Level,6,"10,390",FAAt401
FAAt401,k1n31gd3st00,51,Structures,1986,Current Dollars,Level,6,"10,783",FAAt401
FAAt401,k1n31gd3st00,51,Structures,1987,Current Dollars,Level,6,"11,187",FAAt401
FAAt401,k1n31gd3st00,51,Structures,1988,Current Dollars,Level,6,"11,598",FAAt401
FAAt401,k1n31gd3st00,51,Structures,1989,Current Dollars,Level,6,"12,051",FAAt401
FAAt401,k1n31gd3st00,51,Structures,1990,Current Dollars,Level,6,"12,384",FAAt401
FAAt401,k1n31gd3st00,51,Structures,1991,Current Dollars,Level,6,"12,433",FAAt401
FAAt401,k1n31gd3st00,51,Structures,1992,Current Dollars,Level,6,"12,722",FAAt401
FAAt401,k1n31gd3st00,51,Structures,1993,Current Dollars,Level,6,"13,149",FAAt401
FAAt401,k1n31gd3st00,51,Structures,1994,Current Dollars,Level,6,"13,770",FAAt401
FAAt401,k1n31gd3st00,51,Structures,1995,Current Dollars,Level,6,"14,292",FAAt401
FAAt401,k1n31gd3st00,51,Structures,1996,Current Dollars,Level,6,"15,010",FAAt401
FAAt401,k1n31gd3st00,51,Structures,1997,Current Dollars,Level,6,"15,967",FAAt401
FAAt401,k1n31gd3st00,51,Structures,1998,Current Dollars,Level,6,"17,217",FAAt401
FAAt401,k1n31gd3st00,51,Structures,1999,Current Dollars,Level,6,"18,586",FAAt401
FAAt401,k1n31gd3st00,51,Structures,2000,Current Dollars,Level,6,"20,275",FAAt401
FAAt401,k1n31gd3st00,51,Structures,2001,Current Dollars,Level,6,"22,524",FAAt401
FAAt401,k1n31gd3st00,51,Structures,2002,Current Dollars,Level,6,"24,255",FAAt401
FAAt401,k1n31gd3st00,51,Structures,2003,Current Dollars,Level,6,"25,087",FAAt401
FAAt401,k1n31gd3st00,51,Structures,2004,Current Dollars,Level,6,"27,670",FAAt401
FAAt401,k1n31gd3st00,51,Structures,2005,Current Dollars,Level,6,"30,413",FAAt401
FAAt401,k1n31gd3st00,51,Structures,2006,Current Dollars,Level,6,"32,716",FAAt401
FAAt401,k1n31gd3st00,51,Structures,2007,Current Dollars,Level,6,"35,521",FAAt401
FAAt401,k1n31gd3st00,51,Structures,2008,Current Dollars,Level,6,"39,179",FAAt401
FAAt401,k1n31gd3st00,51,Structures,2009,Current Dollars,Level,6,"37,724",FAAt401
FAAt401,k1n31gd3st00,51,Structures,2010,Current Dollars,Level,6,"38,283",FAAt401
FAAt401,k1n31gd3st00,51,Structures,2011,Current Dollars,Level,6,"40,361",FAAt401
FAAt401,k1n31gd3st00,51,Structures,2012,Current Dollars,Level,6,"42,685",FAAt401
FAAt401,k1n31gd3st00,51,Structures,2013,Current Dollars,Level,6,"47,828",FAAt401
FAAt401,k1n31gd3st00,51,Structures,2014,Current Dollars,Level,6,"50,933",FAAt401
FAAt401,k1n31gd3st00,51,Structures,2015,Current Dollars,Level,6,"54,645",FAAt401
FAAt401,k1n31gd3st00,51,Structures,2016,Current Dollars,Level,6,"57,646",FAAt401
FAAt401,k1n31gd3st00,51,Structures,2017,Current Dollars,Level,6,"62,810",FAAt401
FAAt401,k1n31gd3st00,51,Structures,2018,Current Dollars,Level,6,"69,204",FAAt401
FAAt401,k1n31gd3st00,51,Structures,2019,Current Dollars,Level,6,"75,529",FAAt401
FAAt401,k1n31gd3st00,51,Structures,2020,Current Dollars,Level,6,"79,109",FAAt401
FAAt401,k1n31gd3st00,51,Structures,2021,Current Dollars,Level,6,"94,062",FAAt401
FAAt401,k1n31gd3st00,51,Structures,2022,Current Dollars,Level,6,"114,155",FAAt401
FAAt401,k1n31gd3st00,51,Structures,2023,Current Dollars,Level,6,"115,816",FAAt401
FAAt401,k1n31gd3st00,51,Structures,2024,Current Dollars,Level,6,"118,725",FAAt401
FAAt401,k1n31gd3ip00,52,Intellectual property products,1925,Current Dollars,Level,6,15,FAAt401
FAAt401,k1n31gd3ip00,52,Intellectual property products,1926,Current Dollars,Level,6,16,FAAt401
FAAt401,k1n31gd3ip00,52,Intellectual property products,1927,Current Dollars,Level,6,16,FAAt401
FAAt401,k1n31gd3ip00,52,Intellectual property products,1928,Current Dollars,Level,6,18,FAAt401
FAAt401,k1n31gd3ip00,52,Intellectual property products,1929,Current Dollars,Level,6,19,FAAt401
FAAt401,k1n31gd3ip00,52,Intellectual property products,1930,Current Dollars,Level,6,19,FAAt401
FAAt401,k1n31gd3ip00,52,Intellectual property products,1931,Current Dollars,Level,6,19,FAAt401
FAAt401,k1n31gd3ip00,52,Intellectual property products,1932,Current Dollars,Level,6,19,FAAt401
FAAt401,k1n31gd3ip00,52,Intellectual property products,1933,Current Dollars,Level,6,20,FAAt401
FAAt401,k1n31gd3ip00,52,Intellectual property products,1934,Current Dollars,Level,6,24,FAAt401
FAAt401,k1n31gd3ip00,52,Intellectual property products,1935,Current Dollars,Level,6,27,FAAt401
FAAt401,k1n31gd3ip00,52,Intellectual property products,1936,Current Dollars,Level,6,31,FAAt401
FAAt401,k1n31gd3ip00,52,Intellectual property products,1937,Current Dollars,Level,6,32,FAAt401
FAAt401,k1n31gd3ip00,52,Intellectual property products,1938,Current Dollars,Level,6,34,FAAt401
FAAt401,k1n31gd3ip00,52,Intellectual property products,1939,Current Dollars,Level,6,36,FAAt401
FAAt401,k1n31gd3ip00,52,Intellectual property products,1940,Current Dollars,Level,6,41,FAAt401
FAAt401,k1n31gd3ip00,52,Intellectual property products,1941,Current Dollars,Level,6,55,FAAt401
FAAt401,k1n31gd3ip00,52,Intellectual property products,1942,Current Dollars,Level,6,70,FAAt401
FAAt401,k1n31gd3ip00,52,Intellectual property products,1943,Current Dollars,Level,6,77,FAAt401
FAAt401,k1n31gd3ip00,52,Intellectual property products,1944,Current Dollars,Level,6,78,FAAt401
FAAt401,k1n31gd3ip00,52,Intellectual property products,1945,Current Dollars,Level,6,78,FAAt401
FAAt401,k1n31gd3ip00,52,Intellectual property products,1946,Current Dollars,Level,6,90,FAAt401
FAAt401,k1n31gd3ip00,52,Intellectual property products,1947,Current Dollars,Level,6,110,FAAt401
FAAt401,k1n31gd3ip00,52,Intellectual property products,1948,Current Dollars,Level,6,124,FAAt401
FAAt401,k1n31gd3ip00,52,Intellectual property products,1949,Current Dollars,Level,6,127,FAAt401
FAAt401,k1n31gd3ip00,52,Intellectual property products,1950,Current Dollars,Level,6,148,FAAt401
FAAt401,k1n31gd3ip00,52,Intellectual property products,1951,Current Dollars,Level,6,161,FAAt401
FAAt401,k1n31gd3ip00,52,Intellectual property products,1952,Current Dollars,Level,6,178,FAAt401
FAAt401,k1n31gd3ip00,52,Intellectual property products,1953,Current Dollars,Level,6,204,FAAt401
FAAt401,k1n31gd3ip00,52,Intellectual property products,1954,Current Dollars,Level,6,225,FAAt401
FAAt401,k1n31gd3ip00,52,Intellectual property products,1955,Current Dollars,Level,6,257,FAAt401
FAAt401,k1n31gd3ip00,52,Intellectual property products,1956,Current Dollars,Level,6,296,FAAt401
FAAt401,k1n31gd3ip00,52,Intellectual property products,1957,Current Dollars,Level,6,335,FAAt401
FAAt401,k1n31gd3ip00,52,Intellectual property products,1958,Current Dollars,Level,6,379,FAAt401
FAAt401,k1n31gd3ip00,52,Intellectual property products,1959,Current Dollars,Level,6,422,FAAt401
FAAt401,k1n31gd3ip00,52,Intellectual property products,1960,Current Dollars,Level,6,453,FAAt401
FAAt401,k1n31gd3ip00,52,Intellectual property products,1961,Current Dollars,Level,6,472,FAAt401
FAAt401,k1n31gd3ip00,52,Intellectual property products,1962,Current Dollars,Level,6,493,FAAt401
FAAt401,k1n31gd3ip00,52,Intellectual property products,1963,Current Dollars,Level,6,515,FAAt401
FAAt401,k1n31gd3ip00,52,Intellectual property products,1964,Current Dollars,Level,6,531,FAAt401
FAAt401,k1n31gd3ip00,52,Intellectual property products,1965,Current Dollars,Level,6,543,FAAt401
FAAt401,k1n31gd3ip00,52,Intellectual property products,1966,Current Dollars,Level,6,558,FAAt401
FAAt401,k1n31gd3ip00,52,Intellectual property products,1967,Current Dollars,Level,6,571,FAAt401
FAAt401,k1n31gd3ip00,52,Intellectual property products,1968,Current Dollars,Level,6,602,FAAt401
FAAt401,k1n31gd3ip00,52,Intellectual property products,1969,Current Dollars,Level,6,644,FAAt401
FAAt401,k1n31gd3ip00,52,Intellectual property products,1970,Current Dollars,Level,6,686,FAAt401
FAAt401,k1n31gd3ip00,52,Intellectual property products,1971,Current Dollars,Level,6,725,FAAt401
FAAt401,k1n31gd3ip00,52,Intellectual property products,1972,Current Dollars,Level,6,780,FAAt401
FAAt401,k1n31gd3ip00,52,Intellectual property products,1973,Current Dollars,Level,6,886,FAAt401
FAAt401,k1n31gd3ip00,52,Intellectual property products,1974,Current Dollars,Level,6,"1,009",FAAt401
FAAt401,k1n31gd3ip00,52,Intellectual property products,1975,Current Dollars,Level,6,"1,093",FAAt401
FAAt401,k1n31gd3ip00,52,Intellectual property products,1976,Current Dollars,Level,6,"1,182",FAAt401
FAAt401,k1n31gd3ip00,52,Intellectual property products,1977,Current Dollars,Level,6,"1,239",FAAt401
FAAt401,k1n31gd3ip00,52,Intellectual property products,1978,Current Dollars,Level,6,"1,469",FAAt401
FAAt401,k1n31gd3ip00,52,Intellectual property products,1979,Current Dollars,Level,6,"1,764",FAAt401
FAAt401,k1n31gd3ip00,52,Intellectual property products,1980,Current Dollars,Level,6,"2,092",FAAt401
FAAt401,k1n31gd3ip00,52,Intellectual property products,1981,Current Dollars,Level,6,"2,424",FAAt401
FAAt401,k1n31gd3ip00,52,Intellectual property products,1982,Current Dollars,Level,6,"2,591",FAAt401
FAAt401,k1n31gd3ip00,52,Intellectual property products,1983,Current Dollars,Level,6,"2,789",FAAt401
FAAt401,k1n31gd3ip00,52,Intellectual property products,1984,Current Dollars,Level,6,"2,987",FAAt401
FAAt401,k1n31gd3ip00,52,Intellectual property products,1985,Current Dollars,Level,6,"3,199",FAAt401
FAAt401,k1n31gd3ip00,52,Intellectual property products,1986,Current Dollars,Level,6,"3,351",FAAt401
FAAt401,k1n31gd3ip00,52,Intellectual property products,1987,Current Dollars,Level,6,"3,536",FAAt401
FAAt401,k1n31gd3ip00,52,Intellectual property products,1988,Current Dollars,Level,6,"5,924",FAAt401
FAAt401,k1n31gd3ip00,52,Intellectual property products,1989,Current Dollars,Level,6,"8,077",FAAt401
FAAt401,k1n31gd3ip00,52,Intellectual property products,1990,Current Dollars,Level,6,"9,992",FAAt401
FAAt401,k1n31gd3ip00,52,Intellectual property products,1991,Current Dollars,Level,6,"11,834",FAAt401
FAAt401,k1n31gd3ip00,52,Intellectual property products,1992,Current Dollars,Level,6,"13,512",FAAt401
FAAt401,k1n31gd3ip00,52,Intellectual property products,1993,Current Dollars,Level,6,"14,716",FAAt401
FAAt401,k1n31gd3ip00,52,Intellectual property products,1994,Current Dollars,Level,6,"16,376",FAAt401
FAAt401,k1n31gd3ip00,52,Intellectual property products,1995,Current Dollars,Level,6,"18,175",FAAt401
FAAt401,k1n31gd3ip00,52,Intellectual property products,1996,Current Dollars,Level,6,"20,131",FAAt401
FAAt401,k1n31gd3ip00,52,Intellectual property products,1997,Current Dollars,Level,6,"22,546",FAAt401
FAAt401,k1n31gd3ip00,52,Intellectual property products,1998,Current Dollars,Level,6,"25,248",FAAt401
FAAt401,k1n31gd3ip00,52,Intellectual property products,1999,Current Dollars,Level,6,"28,137",FAAt401
FAAt401,k1n31gd3ip00,52,Intellectual property products,2000,Current Dollars,Level,6,"31,230",FAAt401
FAAt401,k1n31gd3ip00,52,Intellectual property products,2001,Current Dollars,Level,6,"33,063",FAAt401
FAAt401,k1n31gd3ip00,52,Intellectual property products,2002,Current Dollars,Level,6,"34,143",FAAt401
FAAt401,k1n31gd3ip00,52,Intellectual property products,2003,Current Dollars,Level,6,"36,178",FAAt401
FAAt401,k1n31gd3ip00,52,Intellectual property products,2004,Current Dollars,Level,6,"37,845",FAAt401
FAAt401,k1n31gd3ip00,52,Intellectual property products,2005,Current Dollars,Level,6,"40,741",FAAt401
FAAt401,k1n31gd3ip00,52,Intellectual property products,2006,Current Dollars,Level,6,"43,212",FAAt401
FAAt401,k1n31gd3ip00,52,Intellectual property products,2007,Current Dollars,Level,6,"47,221",FAAt401
FAAt401,k1n31gd3ip00,52,Intellectual property products,2008,Current Dollars,Level,6,"50,148",FAAt401
FAAt401,k1n31gd3ip00,52,Intellectual property products,2009,Current Dollars,Level,6,"51,708",FAAt401
FAAt401,k1n31gd3ip00,52,Intellectual property products,2010,Current Dollars,Level,6,"54,053",FAAt401
FAAt401,k1n31gd3ip00,52,Intellectual property products,2011,Current Dollars,Level,6,"56,964",FAAt401
FAAt401,k1n31gd3ip00,52,Intellectual property products,2012,Current Dollars,Level,6,"59,381",FAAt401
FAAt401,k1n31gd3ip00,52,Intellectual property products,2013,Current Dollars,Level,6,"68,548",FAAt401
FAAt401,k1n31gd3ip00,52,Intellectual property products,2014,Current Dollars,Level,6,"75,574",FAAt401
FAAt401,k1n31gd3ip00,52,Intellectual property products,2015,Current Dollars,Level,6,"78,627",FAAt401
FAAt401,k1n31gd3ip00,52,Intellectual property products,2016,Current Dollars,Level,6,"86,136",FAAt401
FAAt401,k1n31gd3ip00,52,Intellectual property products,2017,Current Dollars,Level,6,"96,629",FAAt401
FAAt401,k1n31gd3ip00,52,Intellectual property products,2018,Current Dollars,Level,6,"103,011",FAAt401
FAAt401,k1n31gd3ip00,52,Intellectual property products,2019,Current Dollars,Level,6,"112,273",FAAt401
FAAt401,k1n31gd3ip00,52,Intellectual property products,2020,Current Dollars,Level,6,"123,916",FAAt401
FAAt401,k1n31gd3ip00,52,Intellectual property products,2021,Current Dollars,Level,6,"129,842",FAAt401
FAAt401,k1n31gd3ip00,52,Intellectual property products,2022,Current Dollars,Level,6,"140,260",FAAt401
FAAt401,k1n31gd3ip00,52,Intellectual property products,2023,Current Dollars,Level,6,"150,443",FAAt401
FAAt401,k1n31gd3ip00,52,Intellectual property products,2024,Current Dollars,Level,6,"160,860",FAAt401
FAAt401,k1nnoma3es00,53,Nonfarm nonmanufacturing,1925,Current Dollars,Level,6,"17,204",FAAt401
FAAt401,k1nnoma3es00,53,Nonfarm nonmanufacturing,1926,Current Dollars,Level,6,"18,719",FAAt401
FAAt401,k1nnoma3es00,53,Nonfarm nonmanufacturing,1927,Current Dollars,Level,6,"19,832",FAAt401
FAAt401,k1nnoma3es00,53,Nonfarm nonmanufacturing,1928,Current Dollars,Level,6,"21,072",FAAt401
FAAt401,k1nnoma3es00,53,Nonfarm nonmanufacturing,1929,Current Dollars,Level,6,"21,530",FAAt401
FAAt401,k1nnoma3es00,53,Nonfarm nonmanufacturing,1930,Current Dollars,Level,6,"20,635",FAAt401
FAAt401,k1nnoma3es00,53,Nonfarm nonmanufacturing,1931,Current Dollars,Level,6,"17,954",FAAt401
FAAt401,k1nnoma3es00,53,Nonfarm nonmanufacturing,1932,Current Dollars,Level,6,"16,249",FAAt401
FAAt401,k1nnoma3es00,53,Nonfarm nonmanufacturing,1933,Current Dollars,Level,6,"16,712",FAAt401
FAAt401,k1nnoma3es00,53,Nonfarm nonmanufacturing,1934,Current Dollars,Level,6,"16,806",FAAt401
FAAt401,k1nnoma3es00,53,Nonfarm nonmanufacturing,1935,Current Dollars,Level,6,"16,983",FAAt401
FAAt401,k1nnoma3es00,53,Nonfarm nonmanufacturing,1936,Current Dollars,Level,6,"19,154",FAAt401
FAAt401,k1nnoma3es00,53,Nonfarm nonmanufacturing,1937,Current Dollars,Level,6,"20,490",FAAt401
FAAt401,k1nnoma3es00,53,Nonfarm nonmanufacturing,1938,Current Dollars,Level,6,"20,545",FAAt401
FAAt401,k1nnoma3es00,53,Nonfarm nonmanufacturing,1939,Current Dollars,Level,6,"20,699",FAAt401
FAAt401,k1nnoma3es00,53,Nonfarm nonmanufacturing,1940,Current Dollars,Level,6,"22,364",FAAt401
FAAt401,k1nnoma3es00,53,Nonfarm nonmanufacturing,1941,Current Dollars,Level,6,"25,349",FAAt401
FAAt401,k1nnoma3es00,53,Nonfarm nonmanufacturing,1942,Current Dollars,Level,6,"26,336",FAAt401
FAAt401,k1nnoma3es00,53,Nonfarm nonmanufacturing,1943,Current Dollars,Level,6,"27,327",FAAt401
FAAt401,k1nnoma3es00,53,Nonfarm nonmanufacturing,1944,Current Dollars,Level,6,"27,338",FAAt401
FAAt401,k1nnoma3es00,53,Nonfarm nonmanufacturing,1945,Current Dollars,Level,6,"29,543",FAAt401
FAAt401,k1nnoma3es00,53,Nonfarm nonmanufacturing,1946,Current Dollars,Level,6,"38,661",FAAt401
FAAt401,k1nnoma3es00,53,Nonfarm nonmanufacturing,1947,Current Dollars,Level,6,"47,475",FAAt401
FAAt401,k1nnoma3es00,53,Nonfarm nonmanufacturing,1948,Current Dollars,Level,6,"51,702",FAAt401
FAAt401,k1nnoma3es00,53,Nonfarm nonmanufacturing,1949,Current Dollars,Level,6,"51,853",FAAt401
FAAt401,k1nnoma3es00,53,Nonfarm nonmanufacturing,1950,Current Dollars,Level,6,"60,257",FAAt401
FAAt401,k1nnoma3es00,53,Nonfarm nonmanufacturing,1951,Current Dollars,Level,6,"66,789",FAAt401
FAAt401,k1nnoma3es00,53,Nonfarm nonmanufacturing,1952,Current Dollars,Level,6,"69,431",FAAt401
FAAt401,k1nnoma3es00,53,Nonfarm nonmanufacturing,1953,Current Dollars,Level,6,"71,483",FAAt401
FAAt401,k1nnoma3es00,53,Nonfarm nonmanufacturing,1954,Current Dollars,Level,6,"73,416",FAAt401
FAAt401,k1nnoma3es00,53,Nonfarm nonmanufacturing,1955,Current Dollars,Level,6,"81,842",FAAt401
FAAt401,k1nnoma3es00,53,Nonfarm nonmanufacturing,1956,Current Dollars,Level,6,"90,618",FAAt401
FAAt401,k1nnoma3es00,53,Nonfarm nonmanufacturing,1957,Current Dollars,Level,6,"96,161",FAAt401
FAAt401,k1nnoma3es00,53,Nonfarm nonmanufacturing,1958,Current Dollars,Level,6,"98,476",FAAt401
FAAt401,k1nnoma3es00,53,Nonfarm nonmanufacturing,1959,Current Dollars,Level,6,"102,920",FAAt401
FAAt401,k1nnoma3es00,53,Nonfarm nonmanufacturing,1960,Current Dollars,Level,6,"105,830",FAAt401
FAAt401,k1nnoma3es00,53,Nonfarm nonmanufacturing,1961,Current Dollars,Level,6,"110,797",FAAt401
FAAt401,k1nnoma3es00,53,Nonfarm nonmanufacturing,1962,Current Dollars,Level,6,"116,989",FAAt401
FAAt401,k1nnoma3es00,53,Nonfarm nonmanufacturing,1963,Current Dollars,Level,6,"123,260",FAAt401
FAAt401,k1nnoma3es00,53,Nonfarm nonmanufacturing,1964,Current Dollars,Level,6,"132,794",FAAt401
FAAt401,k1nnoma3es00,53,Nonfarm nonmanufacturing,1965,Current Dollars,Level,6,"143,513",FAAt401
FAAt401,k1nnoma3es00,53,Nonfarm nonmanufacturing,1966,Current Dollars,Level,6,"156,776",FAAt401
FAAt401,k1nnoma3es00,53,Nonfarm nonmanufacturing,1967,Current Dollars,Level,6,"168,849",FAAt401
FAAt401,k1nnoma3es00,53,Nonfarm nonmanufacturing,1968,Current Dollars,Level,6,"185,580",FAAt401
FAAt401,k1nnoma3es00,53,Nonfarm nonmanufacturing,1969,Current Dollars,Level,6,"205,012",FAAt401
FAAt401,k1nnoma3es00,53,Nonfarm nonmanufacturing,1970,Current Dollars,Level,6,"226,359",FAAt401
FAAt401,k1nnoma3es00,53,Nonfarm nonmanufacturing,1971,Current Dollars,Level,6,"252,514",FAAt401
FAAt401,k1nnoma3es00,53,Nonfarm nonmanufacturing,1972,Current Dollars,Level,6,"278,266",FAAt401
FAAt401,k1nnoma3es00,53,Nonfarm nonmanufacturing,1973,Current Dollars,Level,6,"312,388",FAAt401
FAAt401,k1nnoma3es00,53,Nonfarm nonmanufacturing,1974,Current Dollars,Level,6,"368,935",FAAt401
FAAt401,k1nnoma3es00,53,Nonfarm nonmanufacturing,1975,Current Dollars,Level,6,"393,612",FAAt401
FAAt401,k1nnoma3es00,53,Nonfarm nonmanufacturing,1976,Current Dollars,Level,6,"423,082",FAAt401
FAAt401,k1nnoma3es00,53,Nonfarm nonmanufacturing,1977,Current Dollars,Level,6,"467,477",FAAt401
FAAt401,k1nnoma3es00,53,Nonfarm nonmanufacturing,1978,Current Dollars,Level,6,"525,768",FAAt401
FAAt401,k1nnoma3es00,53,Nonfarm nonmanufacturing,1979,Current Dollars,Level,6,"606,547",FAAt401
FAAt401,k1nnoma3es00,53,Nonfarm nonmanufacturing,1980,Current Dollars,Level,6,"694,130",FAAt401
FAAt401,k1nnoma3es00,53,Nonfarm nonmanufacturing,1981,Current Dollars,Level,6,"789,406",FAAt401
FAAt401,k1nnoma3es00,53,Nonfarm nonmanufacturing,1982,Current Dollars,Level,6,"851,645",FAAt401
FAAt401,k1nnoma3es00,53,Nonfarm nonmanufacturing,1983,Current Dollars,Level,6,"889,882",FAAt401
FAAt401,k1nnoma3es00,53,Nonfarm nonmanufacturing,1984,Current Dollars,Level,6,"955,962",FAAt401
FAAt401,k1nnoma3es00,53,Nonfarm nonmanufacturing,1985,Current Dollars,Level,6,"1,026,513",FAAt401
FAAt401,k1nnoma3es00,53,Nonfarm nonmanufacturing,1986,Current Dollars,Level,6,"1,099,949",FAAt401
FAAt401,k1nnoma3es00,53,Nonfarm nonmanufacturing,1987,Current Dollars,Level,6,"1,181,602",FAAt401
FAAt401,k1nnoma3es00,53,Nonfarm nonmanufacturing,1988,Current Dollars,Level,6,"1,273,678",FAAt401
FAAt401,k1nnoma3es00,53,Nonfarm nonmanufacturing,1989,Current Dollars,Level,6,"1,360,761",FAAt401
FAAt401,k1nnoma3es00,53,Nonfarm nonmanufacturing,1990,Current Dollars,Level,6,"1,427,294",FAAt401
FAAt401,k1nnoma3es00,53,Nonfarm nonmanufacturing,1991,Current Dollars,Level,6,"1,453,780",FAAt401
FAAt401,k1nnoma3es00,53,Nonfarm nonmanufacturing,1992,Current Dollars,Level,6,"1,498,089",FAAt401
FAAt401,k1nnoma3es00,53,Nonfarm nonmanufacturing,1993,Current Dollars,Level,6,"1,562,123",FAAt401
FAAt401,k1nnoma3es00,53,Nonfarm nonmanufacturing,1994,Current Dollars,Level,6,"1,643,064",FAAt401
FAAt401,k1nnoma3es00,53,Nonfarm nonmanufacturing,1995,Current Dollars,Level,6,"1,707,751",FAAt401
FAAt401,k1nnoma3es00,53,Nonfarm nonmanufacturing,1996,Current Dollars,Level,6,"1,772,499",FAAt401
FAAt401,k1nnoma3es00,53,Nonfarm nonmanufacturing,1997,Current Dollars,Level,6,"1,866,204",FAAt401
FAAt401,k1nnoma3es00,53,Nonfarm nonmanufacturing,1998,Current Dollars,Level,6,"1,982,354",FAAt401
FAAt401,k1nnoma3es00,53,Nonfarm nonmanufacturing,1999,Current Dollars,Level,6,"2,113,610",FAAt401
FAAt401,k1nnoma3es00,53,Nonfarm nonmanufacturing,2000,Current Dollars,Level,6,"2,265,810",FAAt401
FAAt401,k1nnoma3es00,53,Nonfarm nonmanufacturing,2001,Current Dollars,Level,6,"2,400,426",FAAt401
FAAt401,k1nnoma3es00,53,Nonfarm nonmanufacturing,2002,Current Dollars,Level,6,"2,522,600",FAAt401
FAAt401,k1nnoma3es00,53,Nonfarm nonmanufacturing,2003,Current Dollars,Level,6,"2,643,351",FAAt401
FAAt401,k1nnoma3es00,53,Nonfarm nonmanufacturing,2004,Current Dollars,Level,6,"2,903,534",FAAt401
FAAt401,k1nnoma3es00,53,Nonfarm nonmanufacturing,2005,Current Dollars,Level,6,"3,199,016",FAAt401
FAAt401,k1nnoma3es00,53,Nonfarm nonmanufacturing,2006,Current Dollars,Level,6,"3,502,376",FAAt401
FAAt401,k1nnoma3es00,53,Nonfarm nonmanufacturing,2007,Current Dollars,Level,6,"3,722,076",FAAt401
FAAt401,k1nnoma3es00,53,Nonfarm nonmanufacturing,2008,Current Dollars,Level,6,"3,967,403",FAAt401
FAAt401,k1nnoma3es00,53,Nonfarm nonmanufacturing,2009,Current Dollars,Level,6,"3,855,426",FAAt401
FAAt401,k1nnoma3es00,53,Nonfarm nonmanufacturing,2010,Current Dollars,Level,6,"3,919,594",FAAt401
FAAt401,k1nnoma3es00,53,Nonfarm nonmanufacturing,2011,Current Dollars,Level,6,"4,070,228",FAAt401
FAAt401,k1nnoma3es00,53,Nonfarm nonmanufacturing,2012,Current Dollars,Level,6,"4,182,665",FAAt401
FAAt401,k1nnoma3es00,53,Nonfarm nonmanufacturing,2013,Current Dollars,Level,6,"4,383,984",FAAt401
FAAt401,k1nnoma3es00,53,Nonfarm nonmanufacturing,2014,Current Dollars,Level,6,"4,562,575",FAAt401
FAAt401,k1nnoma3es00,53,Nonfarm nonmanufacturing,2015,Current Dollars,Level,6,"4,711,034",FAAt401
FAAt401,k1nnoma3es00,53,Nonfarm nonmanufacturing,2016,Current Dollars,Level,6,"4,857,419",FAAt401
FAAt401,k1nnoma3es00,53,Nonfarm nonmanufacturing,2017,Current Dollars,Level,6,"5,059,500",FAAt401
FAAt401,k1nnoma3es00,53,Nonfarm nonmanufacturing,2018,Current Dollars,Level,6,"5,338,291",FAAt401
FAAt401,k1nnoma3es00,53,Nonfarm nonmanufacturing,2019,Current Dollars,Level,6,"5,624,814",FAAt401
FAAt401,k1nnoma3es00,53,Nonfarm nonmanufacturing,2020,Current Dollars,Level,6,"5,788,513",FAAt401
FAAt401,k1nnoma3es00,53,Nonfarm nonmanufacturing,2021,Current Dollars,Level,6,"6,495,414",FAAt401
FAAt401,k1nnoma3es00,53,Nonfarm nonmanufacturing,2022,Current Dollars,Level,6,"7,407,394",FAAt401
FAAt401,k1nnoma3es00,53,Nonfarm nonmanufacturing,2023,Current Dollars,Level,6,"7,604,054",FAAt401
FAAt401,k1nnoma3es00,53,Nonfarm nonmanufacturing,2024,Current Dollars,Level,6,"7,855,168",FAAt401
FAAt401,k1nnoma3eq00,54,Equipment,1925,Current Dollars,Level,6,"4,267",FAAt401
FAAt401,k1nnoma3eq00,54,Equipment,1926,Current Dollars,Level,6,"4,775",FAAt401
FAAt401,k1nnoma3eq00,54,Equipment,1927,Current Dollars,Level,6,"5,100",FAAt401
FAAt401,k1nnoma3eq00,54,Equipment,1928,Current Dollars,Level,6,"5,389",FAAt401
FAAt401,k1nnoma3eq00,54,Equipment,1929,Current Dollars,Level,6,"5,631",FAAt401
FAAt401,k1nnoma3eq00,54,Equipment,1930,Current Dollars,Level,6,"5,352",FAAt401
FAAt401,k1nnoma3eq00,54,Equipment,1931,Current Dollars,Level,6,"4,840",FAAt401
FAAt401,k1nnoma3eq00,54,Equipment,1932,Current Dollars,Level,6,"4,216",FAAt401
FAAt401,k1nnoma3eq00,54,Equipment,1933,Current Dollars,Level,6,"4,038",FAAt401
FAAt401,k1nnoma3eq00,54,Equipment,1934,Current Dollars,Level,6,"3,898",FAAt401
FAAt401,k1nnoma3eq00,54,Equipment,1935,Current Dollars,Level,6,"3,775",FAAt401
FAAt401,k1nnoma3eq00,54,Equipment,1936,Current Dollars,Level,6,"4,092",FAAt401
FAAt401,k1nnoma3eq00,54,Equipment,1937,Current Dollars,Level,6,"4,442",FAAt401
FAAt401,k1nnoma3eq00,54,Equipment,1938,Current Dollars,Level,6,"4,402",FAAt401
FAAt401,k1nnoma3eq00,54,Equipment,1939,Current Dollars,Level,6,"4,521",FAAt401
FAAt401,k1nnoma3eq00,54,Equipment,1940,Current Dollars,Level,6,"4,938",FAAt401
FAAt401,k1nnoma3eq00,54,Equipment,1941,Current Dollars,Level,6,"5,779",FAAt401
FAAt401,k1nnoma3eq00,54,Equipment,1942,Current Dollars,Level,6,"5,582",FAAt401
FAAt401,k1nnoma3eq00,54,Equipment,1943,Current Dollars,Level,6,"5,588",FAAt401
FAAt401,k1nnoma3eq00,54,Equipment,1944,Current Dollars,Level,6,"5,347",FAAt401
FAAt401,k1nnoma3eq00,54,Equipment,1945,Current Dollars,Level,6,"6,125",FAAt401
FAAt401,k1nnoma3eq00,54,Equipment,1946,Current Dollars,Level,6,"7,621",FAAt401
FAAt401,k1nnoma3eq00,54,Equipment,1947,Current Dollars,Level,6,"10,112",FAAt401
FAAt401,k1nnoma3eq00,54,Equipment,1948,Current Dollars,Level,6,"12,497",FAAt401
FAAt401,k1nnoma3eq00,54,Equipment,1949,Current Dollars,Level,6,"13,430",FAAt401
FAAt401,k1nnoma3eq00,54,Equipment,1950,Current Dollars,Level,6,"16,217",FAAt401
FAAt401,k1nnoma3eq00,54,Equipment,1951,Current Dollars,Level,6,"18,118",FAAt401
FAAt401,k1nnoma3eq00,54,Equipment,1952,Current Dollars,Level,6,"18,726",FAAt401
FAAt401,k1nnoma3eq00,54,Equipment,1953,Current Dollars,Level,6,"20,203",FAAt401
FAAt401,k1nnoma3eq00,54,Equipment,1954,Current Dollars,Level,6,"20,793",FAAt401
FAAt401,k1nnoma3eq00,54,Equipment,1955,Current Dollars,Level,6,"23,099",FAAt401
FAAt401,k1nnoma3eq00,54,Equipment,1956,Current Dollars,Level,6,"25,461",FAAt401
FAAt401,k1nnoma3eq00,54,Equipment,1957,Current Dollars,Level,6,"27,273",FAAt401
FAAt401,k1nnoma3eq00,54,Equipment,1958,Current Dollars,Level,6,"27,771",FAAt401
FAAt401,k1nnoma3eq00,54,Equipment,1959,Current Dollars,Level,6,"28,806",FAAt401
FAAt401,k1nnoma3eq00,54,Equipment,1960,Current Dollars,Level,6,"29,255",FAAt401
FAAt401,k1nnoma3eq00,54,Equipment,1961,Current Dollars,Level,6,"29,393",FAAt401
FAAt401,k1nnoma3eq00,54,Equipment,1962,Current Dollars,Level,6,"30,072",FAAt401
FAAt401,k1nnoma3eq00,54,Equipment,1963,Current Dollars,Level,6,"30,967",FAAt401
FAAt401,k1nnoma3eq00,54,Equipment,1964,Current Dollars,Level,6,"32,465",FAAt401
FAAt401,k1nnoma3eq00,54,Equipment,1965,Current Dollars,Level,6,"34,221",FAAt401
FAAt401,k1nnoma3eq00,54,Equipment,1966,Current Dollars,Level,6,"37,273",FAAt401
FAAt401,k1nnoma3eq00,54,Equipment,1967,Current Dollars,Level,6,"39,772",FAAt401
FAAt401,k1nnoma3eq00,54,Equipment,1968,Current Dollars,Level,6,"42,926",FAAt401
FAAt401,k1nnoma3eq00,54,Equipment,1969,Current Dollars,Level,6,"46,919",FAAt401
FAAt401,k1nnoma3eq00,54,Equipment,1970,Current Dollars,Level,6,"51,084",FAAt401
FAAt401,k1nnoma3eq00,54,Equipment,1971,Current Dollars,Level,6,"54,438",FAAt401
FAAt401,k1nnoma3eq00,54,Equipment,1972,Current Dollars,Level,6,"58,468",FAAt401
FAAt401,k1nnoma3eq00,54,Equipment,1973,Current Dollars,Level,6,"64,638",FAAt401
FAAt401,k1nnoma3eq00,54,Equipment,1974,Current Dollars,Level,6,"77,521",FAAt401
FAAt401,k1nnoma3eq00,54,Equipment,1975,Current Dollars,Level,6,"85,617",FAAt401
FAAt401,k1nnoma3eq00,54,Equipment,1976,Current Dollars,Level,6,"92,975",FAAt401
FAAt401,k1nnoma3eq00,54,Equipment,1977,Current Dollars,Level,6,"102,557",FAAt401
FAAt401,k1nnoma3eq00,54,Equipment,1978,Current Dollars,Level,6,"116,687",FAAt401
FAAt401,k1nnoma3eq00,54,Equipment,1979,Current Dollars,Level,6,"134,354",FAAt401
FAAt401,k1nnoma3eq00,54,Equipment,1980,Current Dollars,Level,6,"153,578",FAAt401
FAAt401,k1nnoma3eq00,54,Equipment,1981,Current Dollars,Level,6,"172,821",FAAt401
FAAt401,k1nnoma3eq00,54,Equipment,1982,Current Dollars,Level,6,"183,960",FAAt401
FAAt401,k1nnoma3eq00,54,Equipment,1983,Current Dollars,Level,6,"191,185",FAAt401
FAAt401,k1nnoma3eq00,54,Equipment,1984,Current Dollars,Level,6,"202,914",FAAt401
FAAt401,k1nnoma3eq00,54,Equipment,1985,Current Dollars,Level,6,"216,439",FAAt401
FAAt401,k1nnoma3eq00,54,Equipment,1986,Current Dollars,Level,6,"231,724",FAAt401
FAAt401,k1nnoma3eq00,54,Equipment,1987,Current Dollars,Level,6,"246,693",FAAt401
FAAt401,k1nnoma3eq00,54,Equipment,1988,Current Dollars,Level,6,"265,152",FAAt401
FAAt401,k1nnoma3eq00,54,Equipment,1989,Current Dollars,Level,6,"280,588",FAAt401
FAAt401,k1nnoma3eq00,54,Equipment,1990,Current Dollars,Level,6,"289,301",FAAt401
FAAt401,k1nnoma3eq00,54,Equipment,1991,Current Dollars,Level,6,"292,901",FAAt401
FAAt401,k1nnoma3eq00,54,Equipment,1992,Current Dollars,Level,6,"297,412",FAAt401
FAAt401,k1nnoma3eq00,54,Equipment,1993,Current Dollars,Level,6,"304,082",FAAt401
FAAt401,k1nnoma3eq00,54,Equipment,1994,Current Dollars,Level,6,"314,967",FAAt401
FAAt401,k1nnoma3eq00,54,Equipment,1995,Current Dollars,Level,6,"326,160",FAAt401
FAAt401,k1nnoma3eq00,54,Equipment,1996,Current Dollars,Level,6,"334,017",FAAt401
FAAt401,k1nnoma3eq00,54,Equipment,1997,Current Dollars,Level,6,"342,411",FAAt401
FAAt401,k1nnoma3eq00,54,Equipment,1998,Current Dollars,Level,6,"358,481",FAAt401
FAAt401,k1nnoma3eq00,54,Equipment,1999,Current Dollars,Level,6,"384,388",FAAt401
FAAt401,k1nnoma3eq00,54,Equipment,2000,Current Dollars,Level,6,"416,909",FAAt401
FAAt401,k1nnoma3eq00,54,Equipment,2001,Current Dollars,Level,6,"442,098",FAAt401
FAAt401,k1nnoma3eq00,54,Equipment,2002,Current Dollars,Level,6,"467,392",FAAt401
FAAt401,k1nnoma3eq00,54,Equipment,2003,Current Dollars,Level,6,"488,773",FAAt401
FAAt401,k1nnoma3eq00,54,Equipment,2004,Current Dollars,Level,6,"530,673",FAAt401
FAAt401,k1nnoma3eq00,54,Equipment,2005,Current Dollars,Level,6,"569,615",FAAt401
FAAt401,k1nnoma3eq00,54,Equipment,2006,Current Dollars,Level,6,"623,313",FAAt401
FAAt401,k1nnoma3eq00,54,Equipment,2007,Current Dollars,Level,6,"667,989",FAAt401
FAAt401,k1nnoma3eq00,54,Equipment,2008,Current Dollars,Level,6,"714,657",FAAt401
FAAt401,k1nnoma3eq00,54,Equipment,2009,Current Dollars,Level,6,"718,807",FAAt401
FAAt401,k1nnoma3eq00,54,Equipment,2010,Current Dollars,Level,6,"741,192",FAAt401
FAAt401,k1nnoma3eq00,54,Equipment,2011,Current Dollars,Level,6,"773,573",FAAt401
FAAt401,k1nnoma3eq00,54,Equipment,2012,Current Dollars,Level,6,"800,396",FAAt401
FAAt401,k1nnoma3eq00,54,Equipment,2013,Current Dollars,Level,6,"842,239",FAAt401
FAAt401,k1nnoma3eq00,54,Equipment,2014,Current Dollars,Level,6,"875,624",FAAt401
FAAt401,k1nnoma3eq00,54,Equipment,2015,Current Dollars,Level,6,"914,170",FAAt401
FAAt401,k1nnoma3eq00,54,Equipment,2016,Current Dollars,Level,6,"945,768",FAAt401
FAAt401,k1nnoma3eq00,54,Equipment,2017,Current Dollars,Level,6,"980,543",FAAt401
FAAt401,k1nnoma3eq00,54,Equipment,2018,Current Dollars,Level,6,"1,024,300",FAAt401
FAAt401,k1nnoma3eq00,54,Equipment,2019,Current Dollars,Level,6,"1,074,479",FAAt401
FAAt401,k1nnoma3eq00,54,Equipment,2020,Current Dollars,Level,6,"1,118,596",FAAt401
FAAt401,k1nnoma3eq00,54,Equipment,2021,Current Dollars,Level,6,"1,200,284",FAAt401
FAAt401,k1nnoma3eq00,54,Equipment,2022,Current Dollars,Level,6,"1,297,793",FAAt401
FAAt401,k1nnoma3eq00,54,Equipment,2023,Current Dollars,Level,6,"1,365,771",FAAt401
FAAt401,k1nnoma3eq00,54,Equipment,2024,Current Dollars,Level,6,"1,427,166",FAAt401
FAAt401,k1nnoma3st00,55,Structures,1925,Current Dollars,Level,6,"12,276",FAAt401
FAAt401,k1nnoma3st00,55,Structures,1926,Current Dollars,Level,6,"13,253",FAAt401
FAAt401,k1nnoma3st00,55,Structures,1927,Current Dollars,Level,6,"14,014",FAAt401
FAAt401,k1nnoma3st00,55,Structures,1928,Current Dollars,Level,6,"14,920",FAAt401
FAAt401,k1nnoma3st00,55,Structures,1929,Current Dollars,Level,6,"15,079",FAAt401
FAAt401,k1nnoma3st00,55,Structures,1930,Current Dollars,Level,6,"14,450",FAAt401
FAAt401,k1nnoma3st00,55,Structures,1931,Current Dollars,Level,6,"12,290",FAAt401
FAAt401,k1nnoma3st00,55,Structures,1932,Current Dollars,Level,6,"11,241",FAAt401
FAAt401,k1nnoma3st00,55,Structures,1933,Current Dollars,Level,6,"11,913",FAAt401
FAAt401,k1nnoma3st00,55,Structures,1934,Current Dollars,Level,6,"12,103",FAAt401
FAAt401,k1nnoma3st00,55,Structures,1935,Current Dollars,Level,6,"12,354",FAAt401
FAAt401,k1nnoma3st00,55,Structures,1936,Current Dollars,Level,6,"14,120",FAAt401
FAAt401,k1nnoma3st00,55,Structures,1937,Current Dollars,Level,6,"15,007",FAAt401
FAAt401,k1nnoma3st00,55,Structures,1938,Current Dollars,Level,6,"15,014",FAAt401
FAAt401,k1nnoma3st00,55,Structures,1939,Current Dollars,Level,6,"14,977",FAAt401
FAAt401,k1nnoma3st00,55,Structures,1940,Current Dollars,Level,6,"16,157",FAAt401
FAAt401,k1nnoma3st00,55,Structures,1941,Current Dollars,Level,6,"18,166",FAAt401
FAAt401,k1nnoma3st00,55,Structures,1942,Current Dollars,Level,6,"19,197",FAAt401
FAAt401,k1nnoma3st00,55,Structures,1943,Current Dollars,Level,6,"19,986",FAAt401
FAAt401,k1nnoma3st00,55,Structures,1944,Current Dollars,Level,6,"20,053",FAAt401
FAAt401,k1nnoma3st00,55,Structures,1945,Current Dollars,Level,6,"21,297",FAAt401
FAAt401,k1nnoma3st00,55,Structures,1946,Current Dollars,Level,6,"28,675",FAAt401
FAAt401,k1nnoma3st00,55,Structures,1947,Current Dollars,Level,6,"34,656",FAAt401
FAAt401,k1nnoma3st00,55,Structures,1948,Current Dollars,Level,6,"36,351",FAAt401
FAAt401,k1nnoma3st00,55,Structures,1949,Current Dollars,Level,6,"35,457",FAAt401
FAAt401,k1nnoma3st00,55,Structures,1950,Current Dollars,Level,6,"40,835",FAAt401
FAAt401,k1nnoma3st00,55,Structures,1951,Current Dollars,Level,6,"45,363",FAAt401
FAAt401,k1nnoma3st00,55,Structures,1952,Current Dollars,Level,6,"47,288",FAAt401
FAAt401,k1nnoma3st00,55,Structures,1953,Current Dollars,Level,6,"47,660",FAAt401
FAAt401,k1nnoma3st00,55,Structures,1954,Current Dollars,Level,6,"48,829",FAAt401
FAAt401,k1nnoma3st00,55,Structures,1955,Current Dollars,Level,6,"54,696",FAAt401
FAAt401,k1nnoma3st00,55,Structures,1956,Current Dollars,Level,6,"60,843",FAAt401
FAAt401,k1nnoma3st00,55,Structures,1957,Current Dollars,Level,6,"64,276",FAAt401
FAAt401,k1nnoma3st00,55,Structures,1958,Current Dollars,Level,6,"65,860",FAAt401
FAAt401,k1nnoma3st00,55,Structures,1959,Current Dollars,Level,6,"68,859",FAAt401
FAAt401,k1nnoma3st00,55,Structures,1960,Current Dollars,Level,6,"71,083",FAAt401
FAAt401,k1nnoma3st00,55,Structures,1961,Current Dollars,Level,6,"75,500",FAAt401
FAAt401,k1nnoma3st00,55,Structures,1962,Current Dollars,Level,6,"80,695",FAAt401
FAAt401,k1nnoma3st00,55,Structures,1963,Current Dollars,Level,6,"85,655",FAAt401
FAAt401,k1nnoma3st00,55,Structures,1964,Current Dollars,Level,6,"93,299",FAAt401
FAAt401,k1nnoma3st00,55,Structures,1965,Current Dollars,Level,6,"101,788",FAAt401
FAAt401,k1nnoma3st00,55,Structures,1966,Current Dollars,Level,6,"111,562",FAAt401
FAAt401,k1nnoma3st00,55,Structures,1967,Current Dollars,Level,6,"120,560",FAAt401
FAAt401,k1nnoma3st00,55,Structures,1968,Current Dollars,Level,6,"133,561",FAAt401
FAAt401,k1nnoma3st00,55,Structures,1969,Current Dollars,Level,6,"148,285",FAAt401
FAAt401,k1nnoma3st00,55,Structures,1970,Current Dollars,Level,6,"164,774",FAAt401
FAAt401,k1nnoma3st00,55,Structures,1971,Current Dollars,Level,6,"187,213",FAAt401
FAAt401,k1nnoma3st00,55,Structures,1972,Current Dollars,Level,6,"208,586",FAAt401
FAAt401,k1nnoma3st00,55,Structures,1973,Current Dollars,Level,6,"235,925",FAAt401
FAAt401,k1nnoma3st00,55,Structures,1974,Current Dollars,Level,6,"278,528",FAAt401
FAAt401,k1nnoma3st00,55,Structures,1975,Current Dollars,Level,6,"294,328",FAAt401
FAAt401,k1nnoma3st00,55,Structures,1976,Current Dollars,Level,6,"315,486",FAAt401
FAAt401,k1nnoma3st00,55,Structures,1977,Current Dollars,Level,6,"349,334",FAAt401
FAAt401,k1nnoma3st00,55,Structures,1978,Current Dollars,Level,6,"391,742",FAAt401
FAAt401,k1nnoma3st00,55,Structures,1979,Current Dollars,Level,6,"452,428",FAAt401
FAAt401,k1nnoma3st00,55,Structures,1980,Current Dollars,Level,6,"518,013",FAAt401
FAAt401,k1nnoma3st00,55,Structures,1981,Current Dollars,Level,6,"590,961",FAAt401
FAAt401,k1nnoma3st00,55,Structures,1982,Current Dollars,Level,6,"639,609",FAAt401
FAAt401,k1nnoma3st00,55,Structures,1983,Current Dollars,Level,6,"668,196",FAAt401
FAAt401,k1nnoma3st00,55,Structures,1984,Current Dollars,Level,6,"719,743",FAAt401
FAAt401,k1nnoma3st00,55,Structures,1985,Current Dollars,Level,6,"773,815",FAAt401
FAAt401,k1nnoma3st00,55,Structures,1986,Current Dollars,Level,6,"828,325",FAAt401
FAAt401,k1nnoma3st00,55,Structures,1987,Current Dollars,Level,6,"889,316",FAAt401
FAAt401,k1nnoma3st00,55,Structures,1988,Current Dollars,Level,6,"956,624",FAAt401
FAAt401,k1nnoma3st00,55,Structures,1989,Current Dollars,Level,6,"1,021,303",FAAt401
FAAt401,k1nnoma3st00,55,Structures,1990,Current Dollars,Level,6,"1,071,966",FAAt401
FAAt401,k1nnoma3st00,55,Structures,1991,Current Dollars,Level,6,"1,087,704",FAAt401
FAAt401,k1nnoma3st00,55,Structures,1992,Current Dollars,Level,6,"1,120,351",FAAt401
FAAt401,k1nnoma3st00,55,Structures,1993,Current Dollars,Level,6,"1,171,850",FAAt401
FAAt401,k1nnoma3st00,55,Structures,1994,Current Dollars,Level,6,"1,235,740",FAAt401
FAAt401,k1nnoma3st00,55,Structures,1995,Current Dollars,Level,6,"1,283,537",FAAt401
FAAt401,k1nnoma3st00,55,Structures,1996,Current Dollars,Level,6,"1,335,752",FAAt401
FAAt401,k1nnoma3st00,55,Structures,1997,Current Dollars,Level,6,"1,414,112",FAAt401
FAAt401,k1nnoma3st00,55,Structures,1998,Current Dollars,Level,6,"1,504,751",FAAt401
FAAt401,k1nnoma3st00,55,Structures,1999,Current Dollars,Level,6,"1,596,711",FAAt401
FAAt401,k1nnoma3st00,55,Structures,2000,Current Dollars,Level,6,"1,702,412",FAAt401
FAAt401,k1nnoma3st00,55,Structures,2001,Current Dollars,Level,6,"1,804,970",FAAt401
FAAt401,k1nnoma3st00,55,Structures,2002,Current Dollars,Level,6,"1,892,548",FAAt401
FAAt401,k1nnoma3st00,55,Structures,2003,Current Dollars,Level,6,"1,980,903",FAAt401
FAAt401,k1nnoma3st00,55,Structures,2004,Current Dollars,Level,6,"2,189,533",FAAt401
FAAt401,k1nnoma3st00,55,Structures,2005,Current Dollars,Level,6,"2,434,040",FAAt401
FAAt401,k1nnoma3st00,55,Structures,2006,Current Dollars,Level,6,"2,672,165",FAAt401
FAAt401,k1nnoma3st00,55,Structures,2007,Current Dollars,Level,6,"2,833,652",FAAt401
FAAt401,k1nnoma3st00,55,Structures,2008,Current Dollars,Level,6,"3,018,474",FAAt401
FAAt401,k1nnoma3st00,55,Structures,2009,Current Dollars,Level,6,"2,892,232",FAAt401
FAAt401,k1nnoma3st00,55,Structures,2010,Current Dollars,Level,6,"2,921,693",FAAt401
FAAt401,k1nnoma3st00,55,Structures,2011,Current Dollars,Level,6,"3,025,065",FAAt401
FAAt401,k1nnoma3st00,55,Structures,2012,Current Dollars,Level,6,"3,095,357",FAAt401
FAAt401,k1nnoma3st00,55,Structures,2013,Current Dollars,Level,6,"3,234,038",FAAt401
FAAt401,k1nnoma3st00,55,Structures,2014,Current Dollars,Level,6,"3,364,711",FAAt401
FAAt401,k1nnoma3st00,55,Structures,2015,Current Dollars,Level,6,"3,455,301",FAAt401
FAAt401,k1nnoma3st00,55,Structures,2016,Current Dollars,Level,6,"3,558,262",FAAt401
FAAt401,k1nnoma3st00,55,Structures,2017,Current Dollars,Level,6,"3,702,166",FAAt401
FAAt401,k1nnoma3st00,55,Structures,2018,Current Dollars,Level,6,"3,914,711",FAAt401
FAAt401,k1nnoma3st00,55,Structures,2019,Current Dollars,Level,6,"4,122,145",FAAt401
FAAt401,k1nnoma3st00,55,Structures,2020,Current Dollars,Level,6,"4,205,235",FAAt401
FAAt401,k1nnoma3st00,55,Structures,2021,Current Dollars,Level,6,"4,797,356",FAAt401
FAAt401,k1nnoma3st00,55,Structures,2022,Current Dollars,Level,6,"5,558,381",FAAt401
FAAt401,k1nnoma3st00,55,Structures,2023,Current Dollars,Level,6,"5,638,824",FAAt401
FAAt401,k1nnoma3st00,55,Structures,2024,Current Dollars,Level,6,"5,777,854",FAAt401
FAAt401,k1nnoma3ip00,56,Intellectual property products,1925,Current Dollars,Level,6,662,FAAt401
FAAt401,k1nnoma3ip00,56,Intellectual property products,1926,Current Dollars,Level,6,690,FAAt401
FAAt401,k1nnoma3ip00,56,Intellectual property products,1927,Current Dollars,Level,6,718,FAAt401
FAAt401,k1nnoma3ip00,56,Intellectual property products,1928,Current Dollars,Level,6,763,FAAt401
FAAt401,k1nnoma3ip00,56,Intellectual property products,1929,Current Dollars,Level,6,821,FAAt401
FAAt401,k1nnoma3ip00,56,Intellectual property products,1930,Current Dollars,Level,6,833,FAAt401
FAAt401,k1nnoma3ip00,56,Intellectual property products,1931,Current Dollars,Level,6,824,FAAt401
FAAt401,k1nnoma3ip00,56,Intellectual property products,1932,Current Dollars,Level,6,791,FAAt401
FAAt401,k1nnoma3ip00,56,Intellectual property products,1933,Current Dollars,Level,6,761,FAAt401
FAAt401,k1nnoma3ip00,56,Intellectual property products,1934,Current Dollars,Level,6,804,FAAt401
FAAt401,k1nnoma3ip00,56,Intellectual property products,1935,Current Dollars,Level,6,853,FAAt401
FAAt401,k1nnoma3ip00,56,Intellectual property products,1936,Current Dollars,Level,6,942,FAAt401
FAAt401,k1nnoma3ip00,56,Intellectual property products,1937,Current Dollars,Level,6,"1,041",FAAt401
FAAt401,k1nnoma3ip00,56,Intellectual property products,1938,Current Dollars,Level,6,"1,129",FAAt401
FAAt401,k1nnoma3ip00,56,Intellectual property products,1939,Current Dollars,Level,6,"1,201",FAAt401
FAAt401,k1nnoma3ip00,56,Intellectual property products,1940,Current Dollars,Level,6,"1,269",FAAt401
FAAt401,k1nnoma3ip00,56,Intellectual property products,1941,Current Dollars,Level,6,"1,404",FAAt401
FAAt401,k1nnoma3ip00,56,Intellectual property products,1942,Current Dollars,Level,6,"1,557",FAAt401
FAAt401,k1nnoma3ip00,56,Intellectual property products,1943,Current Dollars,Level,6,"1,753",FAAt401
FAAt401,k1nnoma3ip00,56,Intellectual property products,1944,Current Dollars,Level,6,"1,938",FAAt401
FAAt401,k1nnoma3ip00,56,Intellectual property products,1945,Current Dollars,Level,6,"2,121",FAAt401
FAAt401,k1nnoma3ip00,56,Intellectual property products,1946,Current Dollars,Level,6,"2,365",FAAt401
FAAt401,k1nnoma3ip00,56,Intellectual property products,1947,Current Dollars,Level,6,"2,706",FAAt401
FAAt401,k1nnoma3ip00,56,Intellectual property products,1948,Current Dollars,Level,6,"2,854",FAAt401
FAAt401,k1nnoma3ip00,56,Intellectual property products,1949,Current Dollars,Level,6,"2,966",FAAt401
FAAt401,k1nnoma3ip00,56,Intellectual property products,1950,Current Dollars,Level,6,"3,206",FAAt401
FAAt401,k1nnoma3ip00,56,Intellectual property products,1951,Current Dollars,Level,6,"3,308",FAAt401
FAAt401,k1nnoma3ip00,56,Intellectual property products,1952,Current Dollars,Level,6,"3,417",FAAt401
FAAt401,k1nnoma3ip00,56,Intellectual property products,1953,Current Dollars,Level,6,"3,621",FAAt401
FAAt401,k1nnoma3ip00,56,Intellectual property products,1954,Current Dollars,Level,6,"3,795",FAAt401
FAAt401,k1nnoma3ip00,56,Intellectual property products,1955,Current Dollars,Level,6,"4,048",FAAt401
FAAt401,k1nnoma3ip00,56,Intellectual property products,1956,Current Dollars,Level,6,"4,314",FAAt401
FAAt401,k1nnoma3ip00,56,Intellectual property products,1957,Current Dollars,Level,6,"4,611",FAAt401
FAAt401,k1nnoma3ip00,56,Intellectual property products,1958,Current Dollars,Level,6,"4,844",FAAt401
FAAt401,k1nnoma3ip00,56,Intellectual property products,1959,Current Dollars,Level,6,"5,255",FAAt401
FAAt401,k1nnoma3ip00,56,Intellectual property products,1960,Current Dollars,Level,6,"5,492",FAAt401
FAAt401,k1nnoma3ip00,56,Intellectual property products,1961,Current Dollars,Level,6,"5,903",FAAt401
FAAt401,k1nnoma3ip00,56,Intellectual property products,1962,Current Dollars,Level,6,"6,221",FAAt401
FAAt401,k1nnoma3ip00,56,Intellectual property products,1963,Current Dollars,Level,6,"6,637",FAAt401
FAAt401,k1nnoma3ip00,56,Intellectual property products,1964,Current Dollars,Level,6,"7,030",FAAt401
FAAt401,k1nnoma3ip00,56,Intellectual property products,1965,Current Dollars,Level,6,"7,504",FAAt401
FAAt401,k1nnoma3ip00,56,Intellectual property products,1966,Current Dollars,Level,6,"7,941",FAAt401
FAAt401,k1nnoma3ip00,56,Intellectual property products,1967,Current Dollars,Level,6,"8,517",FAAt401
FAAt401,k1nnoma3ip00,56,Intellectual property products,1968,Current Dollars,Level,6,"9,094",FAAt401
FAAt401,k1nnoma3ip00,56,Intellectual property products,1969,Current Dollars,Level,6,"9,808",FAAt401
FAAt401,k1nnoma3ip00,56,Intellectual property products,1970,Current Dollars,Level,6,"10,500",FAAt401
FAAt401,k1nnoma3ip00,56,Intellectual property products,1971,Current Dollars,Level,6,"10,863",FAAt401
FAAt401,k1nnoma3ip00,56,Intellectual property products,1972,Current Dollars,Level,6,"11,212",FAAt401
FAAt401,k1nnoma3ip00,56,Intellectual property products,1973,Current Dollars,Level,6,"11,825",FAAt401
FAAt401,k1nnoma3ip00,56,Intellectual property products,1974,Current Dollars,Level,6,"12,886",FAAt401
FAAt401,k1nnoma3ip00,56,Intellectual property products,1975,Current Dollars,Level,6,"13,666",FAAt401
FAAt401,k1nnoma3ip00,56,Intellectual property products,1976,Current Dollars,Level,6,"14,621",FAAt401
FAAt401,k1nnoma3ip00,56,Intellectual property products,1977,Current Dollars,Level,6,"15,586",FAAt401
FAAt401,k1nnoma3ip00,56,Intellectual property products,1978,Current Dollars,Level,6,"17,339",FAAt401
FAAt401,k1nnoma3ip00,56,Intellectual property products,1979,Current Dollars,Level,6,"19,764",FAAt401
FAAt401,k1nnoma3ip00,56,Intellectual property products,1980,Current Dollars,Level,6,"22,539",FAAt401
FAAt401,k1nnoma3ip00,56,Intellectual property products,1981,Current Dollars,Level,6,"25,624",FAAt401
FAAt401,k1nnoma3ip00,56,Intellectual property products,1982,Current Dollars,Level,6,"28,076",FAAt401
FAAt401,k1nnoma3ip00,56,Intellectual property products,1983,Current Dollars,Level,6,"30,500",FAAt401
FAAt401,k1nnoma3ip00,56,Intellectual property products,1984,Current Dollars,Level,6,"33,304",FAAt401
FAAt401,k1nnoma3ip00,56,Intellectual property products,1985,Current Dollars,Level,6,"36,259",FAAt401
FAAt401,k1nnoma3ip00,56,Intellectual property products,1986,Current Dollars,Level,6,"39,899",FAAt401
FAAt401,k1nnoma3ip00,56,Intellectual property products,1987,Current Dollars,Level,6,"45,593",FAAt401
FAAt401,k1nnoma3ip00,56,Intellectual property products,1988,Current Dollars,Level,6,"51,903",FAAt401
FAAt401,k1nnoma3ip00,56,Intellectual property products,1989,Current Dollars,Level,6,"58,870",FAAt401
FAAt401,k1nnoma3ip00,56,Intellectual property products,1990,Current Dollars,Level,6,"66,027",FAAt401
FAAt401,k1nnoma3ip00,56,Intellectual property products,1991,Current Dollars,Level,6,"73,176",FAAt401
FAAt401,k1nnoma3ip00,56,Intellectual property products,1992,Current Dollars,Level,6,"80,326",FAAt401
FAAt401,k1nnoma3ip00,56,Intellectual property products,1993,Current Dollars,Level,6,"86,191",FAAt401
FAAt401,k1nnoma3ip00,56,Intellectual property products,1994,Current Dollars,Level,6,"92,357",FAAt401
FAAt401,k1nnoma3ip00,56,Intellectual property products,1995,Current Dollars,Level,6,"98,053",FAAt401
FAAt401,k1nnoma3ip00,56,Intellectual property products,1996,Current Dollars,Level,6,"102,731",FAAt401
FAAt401,k1nnoma3ip00,56,Intellectual property products,1997,Current Dollars,Level,6,"109,682",FAAt401
FAAt401,k1nnoma3ip00,56,Intellectual property products,1998,Current Dollars,Level,6,"119,122",FAAt401
FAAt401,k1nnoma3ip00,56,Intellectual property products,1999,Current Dollars,Level,6,"132,511",FAAt401
FAAt401,k1nnoma3ip00,56,Intellectual property products,2000,Current Dollars,Level,6,"146,490",FAAt401
FAAt401,k1nnoma3ip00,56,Intellectual property products,2001,Current Dollars,Level,6,"153,358",FAAt401
FAAt401,k1nnoma3ip00,56,Intellectual property products,2002,Current Dollars,Level,6,"162,661",FAAt401
FAAt401,k1nnoma3ip00,56,Intellectual property products,2003,Current Dollars,Level,6,"173,675",FAAt401
FAAt401,k1nnoma3ip00,56,Intellectual property products,2004,Current Dollars,Level,6,"183,328",FAAt401
FAAt401,k1nnoma3ip00,56,Intellectual property products,2005,Current Dollars,Level,6,"195,361",FAAt401
FAAt401,k1nnoma3ip00,56,Intellectual property products,2006,Current Dollars,Level,6,"206,898",FAAt401
FAAt401,k1nnoma3ip00,56,Intellectual property products,2007,Current Dollars,Level,6,"220,434",FAAt401
FAAt401,k1nnoma3ip00,56,Intellectual property products,2008,Current Dollars,Level,6,"234,272",FAAt401
FAAt401,k1nnoma3ip00,56,Intellectual property products,2009,Current Dollars,Level,6,"244,387",FAAt401
FAAt401,k1nnoma3ip00,56,Intellectual property products,2010,Current Dollars,Level,6,"256,708",FAAt401
FAAt401,k1nnoma3ip00,56,Intellectual property products,2011,Current Dollars,Level,6,"271,589",FAAt401
FAAt401,k1nnoma3ip00,56,Intellectual property products,2012,Current Dollars,Level,6,"286,912",FAAt401
FAAt401,k1nnoma3ip00,56,Intellectual property products,2013,Current Dollars,Level,6,"307,707",FAAt401
FAAt401,k1nnoma3ip00,56,Intellectual property products,2014,Current Dollars,Level,6,"322,240",FAAt401
FAAt401,k1nnoma3ip00,56,Intellectual property products,2015,Current Dollars,Level,6,"341,562",FAAt401
FAAt401,k1nnoma3ip00,56,Intellectual property products,2016,Current Dollars,Level,6,"353,389",FAAt401
FAAt401,k1nnoma3ip00,56,Intellectual property products,2017,Current Dollars,Level,6,"376,790",FAAt401
FAAt401,k1nnoma3ip00,56,Intellectual property products,2018,Current Dollars,Level,6,"399,280",FAAt401
FAAt401,k1nnoma3ip00,56,Intellectual property products,2019,Current Dollars,Level,6,"428,190",FAAt401
FAAt401,k1nnoma3ip00,56,Intellectual property products,2020,Current Dollars,Level,6,"464,681",FAAt401
FAAt401,k1nnoma3ip00,56,Intellectual property products,2021,Current Dollars,Level,6,"497,775",FAAt401
FAAt401,k1nnoma3ip00,56,Intellectual property products,2022,Current Dollars,Level,6,"551,221",FAAt401
FAAt401,k1nnoma3ip00,56,Intellectual property products,2023,Current Dollars,Level,6,"599,460",FAAt401
FAAt401,k1nnoma3ip00,56,Intellectual property products,2024,Current Dollars,Level,6,"650,149",FAAt401
FAAt401,k1ntotl4es00,57,Sole proprietorships,1925,Current Dollars,Level,6,"14,501",FAAt401
FAAt401,k1ntotl4es00,57,Sole proprietorships,1926,Current Dollars,Level,6,"15,265",FAAt401
FAAt401,k1ntotl4es00,57,Sole proprietorships,1927,Current Dollars,Level,6,"15,766",FAAt401
FAAt401,k1ntotl4es00,57,Sole proprietorships,1928,Current Dollars,Level,6,"16,309",FAAt401
FAAt401,k1ntotl4es00,57,Sole proprietorships,1929,Current Dollars,Level,6,"16,369",FAAt401
FAAt401,k1ntotl4es00,57,Sole proprietorships,1930,Current Dollars,Level,6,"15,281",FAAt401
FAAt401,k1ntotl4es00,57,Sole proprietorships,1931,Current Dollars,Level,6,"13,282",FAAt401
FAAt401,k1ntotl4es00,57,Sole proprietorships,1932,Current Dollars,Level,6,"11,812",FAAt401
FAAt401,k1ntotl4es00,57,Sole proprietorships,1933,Current Dollars,Level,6,"12,159",FAAt401
FAAt401,k1ntotl4es00,57,Sole proprietorships,1934,Current Dollars,Level,6,"12,161",FAAt401
FAAt401,k1ntotl4es00,57,Sole proprietorships,1935,Current Dollars,Level,6,"12,076",FAAt401
FAAt401,k1ntotl4es00,57,Sole proprietorships,1936,Current Dollars,Level,6,"12,975",FAAt401
FAAt401,k1ntotl4es00,57,Sole proprietorships,1937,Current Dollars,Level,6,"13,754",FAAt401
FAAt401,k1ntotl4es00,57,Sole proprietorships,1938,Current Dollars,Level,6,"13,566",FAAt401
FAAt401,k1ntotl4es00,57,Sole proprietorships,1939,Current Dollars,Level,6,"13,203",FAAt401
FAAt401,k1ntotl4es00,57,Sole proprietorships,1940,Current Dollars,Level,6,"14,021",FAAt401
FAAt401,k1ntotl4es00,57,Sole proprietorships,1941,Current Dollars,Level,6,"16,286",FAAt401
FAAt401,k1ntotl4es00,57,Sole proprietorships,1942,Current Dollars,Level,6,"17,375",FAAt401
FAAt401,k1ntotl4es00,57,Sole proprietorships,1943,Current Dollars,Level,6,"18,352",FAAt401
FAAt401,k1ntotl4es00,57,Sole proprietorships,1944,Current Dollars,Level,6,"18,731",FAAt401
FAAt401,k1ntotl4es00,57,Sole proprietorships,1945,Current Dollars,Level,6,"20,368",FAAt401
FAAt401,k1ntotl4es00,57,Sole proprietorships,1946,Current Dollars,Level,6,"25,521",FAAt401
FAAt401,k1ntotl4es00,57,Sole proprietorships,1947,Current Dollars,Level,6,"31,610",FAAt401
FAAt401,k1ntotl4es00,57,Sole proprietorships,1948,Current Dollars,Level,6,"35,568",FAAt401
FAAt401,k1ntotl4es00,57,Sole proprietorships,1949,Current Dollars,Level,6,"36,377",FAAt401
FAAt401,k1ntotl4es00,57,Sole proprietorships,1950,Current Dollars,Level,6,"42,125",FAAt401
FAAt401,k1ntotl4es00,57,Sole proprietorships,1951,Current Dollars,Level,6,"46,108",FAAt401
FAAt401,k1ntotl4es00,57,Sole proprietorships,1952,Current Dollars,Level,6,"47,815",FAAt401
FAAt401,k1ntotl4es00,57,Sole proprietorships,1953,Current Dollars,Level,6,"48,810",FAAt401
FAAt401,k1ntotl4es00,57,Sole proprietorships,1954,Current Dollars,Level,6,"49,049",FAAt401
FAAt401,k1ntotl4es00,57,Sole proprietorships,1955,Current Dollars,Level,6,"53,392",FAAt401
FAAt401,k1ntotl4es00,57,Sole proprietorships,1956,Current Dollars,Level,6,"57,301",FAAt401
FAAt401,k1ntotl4es00,57,Sole proprietorships,1957,Current Dollars,Level,6,"59,750",FAAt401
FAAt401,k1ntotl4es00,57,Sole proprietorships,1958,Current Dollars,Level,6,"60,186",FAAt401
FAAt401,k1ntotl4es00,57,Sole proprietorships,1959,Current Dollars,Level,6,"61,866",FAAt401
FAAt401,k1ntotl4es00,57,Sole proprietorships,1960,Current Dollars,Level,6,"62,544",FAAt401
FAAt401,k1ntotl4es00,57,Sole proprietorships,1961,Current Dollars,Level,6,"63,833",FAAt401
FAAt401,k1ntotl4es00,57,Sole proprietorships,1962,Current Dollars,Level,6,"65,971",FAAt401
FAAt401,k1ntotl4es00,57,Sole proprietorships,1963,Current Dollars,Level,6,"68,429",FAAt401
FAAt401,k1ntotl4es00,57,Sole proprietorships,1964,Current Dollars,Level,6,"72,186",FAAt401
FAAt401,k1ntotl4es00,57,Sole proprietorships,1965,Current Dollars,Level,6,"76,619",FAAt401
FAAt401,k1ntotl4es00,57,Sole proprietorships,1966,Current Dollars,Level,6,"82,291",FAAt401
FAAt401,k1ntotl4es00,57,Sole proprietorships,1967,Current Dollars,Level,6,"87,281",FAAt401
FAAt401,k1ntotl4es00,57,Sole proprietorships,1968,Current Dollars,Level,6,"93,974",FAAt401
FAAt401,k1ntotl4es00,57,Sole proprietorships,1969,Current Dollars,Level,6,"101,650",FAAt401
FAAt401,k1ntotl4es00,57,Sole proprietorships,1970,Current Dollars,Level,6,"110,139",FAAt401
FAAt401,k1ntotl4es00,57,Sole proprietorships,1971,Current Dollars,Level,6,"119,992",FAAt401
FAAt401,k1ntotl4es00,57,Sole proprietorships,1972,Current Dollars,Level,6,"128,976",FAAt401
FAAt401,k1ntotl4es00,57,Sole proprietorships,1973,Current Dollars,Level,6,"143,682",FAAt401
FAAt401,k1ntotl4es00,57,Sole proprietorships,1974,Current Dollars,Level,6,"171,247",FAAt401
FAAt401,k1ntotl4es00,57,Sole proprietorships,1975,Current Dollars,Level,6,"185,148",FAAt401
FAAt401,k1ntotl4es00,57,Sole proprietorships,1976,Current Dollars,Level,6,"200,813",FAAt401
FAAt401,k1ntotl4es00,57,Sole proprietorships,1977,Current Dollars,Level,6,"223,010",FAAt401
FAAt401,k1ntotl4es00,57,Sole proprietorships,1978,Current Dollars,Level,6,"253,228",FAAt401
FAAt401,k1ntotl4es00,57,Sole proprietorships,1979,Current Dollars,Level,6,"294,007",FAAt401
FAAt401,k1ntotl4es00,57,Sole proprietorships,1980,Current Dollars,Level,6,"333,658",FAAt401
FAAt401,k1ntotl4es00,57,Sole proprietorships,1981,Current Dollars,Level,6,"377,851",FAAt401
FAAt401,k1ntotl4es00,57,Sole proprietorships,1982,Current Dollars,Level,6,"399,049",FAAt401
FAAt401,k1ntotl4es00,57,Sole proprietorships,1983,Current Dollars,Level,6,"406,287",FAAt401
FAAt401,k1ntotl4es00,57,Sole proprietorships,1984,Current Dollars,Level,6,"424,108",FAAt401
FAAt401,k1ntotl4es00,57,Sole proprietorships,1985,Current Dollars,Level,6,"439,431",FAAt401
FAAt401,k1ntotl4es00,57,Sole proprietorships,1986,Current Dollars,Level,6,"456,019",FAAt401
FAAt401,k1ntotl4es00,57,Sole proprietorships,1987,Current Dollars,Level,6,"474,166",FAAt401
FAAt401,k1ntotl4es00,57,Sole proprietorships,1988,Current Dollars,Level,6,"498,660",FAAt401
FAAt401,k1ntotl4es00,57,Sole proprietorships,1989,Current Dollars,Level,6,"520,227",FAAt401
FAAt401,k1ntotl4es00,57,Sole proprietorships,1990,Current Dollars,Level,6,"535,864",FAAt401
FAAt401,k1ntotl4es00,57,Sole proprietorships,1991,Current Dollars,Level,6,"536,328",FAAt401
FAAt401,k1ntotl4es00,57,Sole proprietorships,1992,Current Dollars,Level,6,"542,494",FAAt401
FAAt401,k1ntotl4es00,57,Sole proprietorships,1993,Current Dollars,Level,6,"558,840",FAAt401
FAAt401,k1ntotl4es00,57,Sole proprietorships,1994,Current Dollars,Level,6,"582,836",FAAt401
FAAt401,k1ntotl4es00,57,Sole proprietorships,1995,Current Dollars,Level,6,"603,169",FAAt401
FAAt401,k1ntotl4es00,57,Sole proprietorships,1996,Current Dollars,Level,6,"621,517",FAAt401
FAAt401,k1ntotl4es00,57,Sole proprietorships,1997,Current Dollars,Level,6,"646,422",FAAt401
FAAt401,k1ntotl4es00,57,Sole proprietorships,1998,Current Dollars,Level,6,"672,593",FAAt401
FAAt401,k1ntotl4es00,57,Sole proprietorships,1999,Current Dollars,Level,6,"695,528",FAAt401
FAAt401,k1ntotl4es00,57,Sole proprietorships,2000,Current Dollars,Level,6,"720,753",FAAt401
FAAt401,k1ntotl4es00,57,Sole proprietorships,2001,Current Dollars,Level,6,"738,312",FAAt401
FAAt401,k1ntotl4es00,57,Sole proprietorships,2002,Current Dollars,Level,6,"750,602",FAAt401
FAAt401,k1ntotl4es00,57,Sole proprietorships,2003,Current Dollars,Level,6,"763,256",FAAt401
FAAt401,k1ntotl4es00,57,Sole proprietorships,2004,Current Dollars,Level,6,"814,865",FAAt401
FAAt401,k1ntotl4es00,57,Sole proprietorships,2005,Current Dollars,Level,6,"875,443",FAAt401
FAAt401,k1ntotl4es00,57,Sole proprietorships,2006,Current Dollars,Level,6,"927,598",FAAt401
FAAt401,k1ntotl4es00,57,Sole proprietorships,2007,Current Dollars,Level,6,"954,505",FAAt401
FAAt401,k1ntotl4es00,57,Sole proprietorships,2008,Current Dollars,Level,6,"988,220",FAAt401
FAAt401,k1ntotl4es00,57,Sole proprietorships,2009,Current Dollars,Level,6,"934,976",FAAt401
FAAt401,k1ntotl4es00,57,Sole proprietorships,2010,Current Dollars,Level,6,"928,963",FAAt401
FAAt401,k1ntotl4es00,57,Sole proprietorships,2011,Current Dollars,Level,6,"947,678",FAAt401
FAAt401,k1ntotl4es00,57,Sole proprietorships,2012,Current Dollars,Level,6,"961,866",FAAt401
FAAt401,k1ntotl4es00,57,Sole proprietorships,2013,Current Dollars,Level,6,"983,443",FAAt401
FAAt401,k1ntotl4es00,57,Sole proprietorships,2014,Current Dollars,Level,6,"1,012,851",FAAt401
FAAt401,k1ntotl4es00,57,Sole proprietorships,2015,Current Dollars,Level,6,"1,026,698",FAAt401
FAAt401,k1ntotl4es00,57,Sole proprietorships,2016,Current Dollars,Level,6,"1,038,039",FAAt401
FAAt401,k1ntotl4es00,57,Sole proprietorships,2017,Current Dollars,Level,6,"1,065,470",FAAt401
FAAt401,k1ntotl4es00,57,Sole proprietorships,2018,Current Dollars,Level,6,"1,105,327",FAAt401
FAAt401,k1ntotl4es00,57,Sole proprietorships,2019,Current Dollars,Level,6,"1,144,779",FAAt401
FAAt401,k1ntotl4es00,57,Sole proprietorships,2020,Current Dollars,Level,6,"1,162,996",FAAt401
FAAt401,k1ntotl4es00,57,Sole proprietorships,2021,Current Dollars,Level,6,"1,299,956",FAAt401
FAAt401,k1ntotl4es00,57,Sole proprietorships,2022,Current Dollars,Level,6,"1,459,011",FAAt401
FAAt401,k1ntotl4es00,57,Sole proprietorships,2023,Current Dollars,Level,6,"1,481,713",FAAt401
FAAt401,k1ntotl4es00,57,Sole proprietorships,2024,Current Dollars,Level,6,"1,512,591",FAAt401
FAAt401,k1ntotl4eq00,58,Equipment,1925,Current Dollars,Level,6,"4,968",FAAt401
FAAt401,k1ntotl4eq00,58,Equipment,1926,Current Dollars,Level,6,"5,477",FAAt401
FAAt401,k1ntotl4eq00,58,Equipment,1927,Current Dollars,Level,6,"5,796",FAAt401
FAAt401,k1ntotl4eq00,58,Equipment,1928,Current Dollars,Level,6,"6,066",FAAt401
FAAt401,k1ntotl4eq00,58,Equipment,1929,Current Dollars,Level,6,"6,314",FAAt401
FAAt401,k1ntotl4eq00,58,Equipment,1930,Current Dollars,Level,6,"6,096",FAAt401
FAAt401,k1ntotl4eq00,58,Equipment,1931,Current Dollars,Level,6,"5,505",FAAt401
FAAt401,k1ntotl4eq00,58,Equipment,1932,Current Dollars,Level,6,"4,970",FAAt401
FAAt401,k1ntotl4eq00,58,Equipment,1933,Current Dollars,Level,6,"4,656",FAAt401
FAAt401,k1ntotl4eq00,58,Equipment,1934,Current Dollars,Level,6,"4,342",FAAt401
FAAt401,k1ntotl4eq00,58,Equipment,1935,Current Dollars,Level,6,"4,223",FAAt401
FAAt401,k1ntotl4eq00,58,Equipment,1936,Current Dollars,Level,6,"4,533",FAAt401
FAAt401,k1ntotl4eq00,58,Equipment,1937,Current Dollars,Level,6,"4,931",FAAt401
FAAt401,k1ntotl4eq00,58,Equipment,1938,Current Dollars,Level,6,"4,911",FAAt401
FAAt401,k1ntotl4eq00,58,Equipment,1939,Current Dollars,Level,6,"4,982",FAAt401
FAAt401,k1ntotl4eq00,58,Equipment,1940,Current Dollars,Level,6,"5,294",FAAt401
FAAt401,k1ntotl4eq00,58,Equipment,1941,Current Dollars,Level,6,"6,179",FAAt401
FAAt401,k1ntotl4eq00,58,Equipment,1942,Current Dollars,Level,6,"6,158",FAAt401
FAAt401,k1ntotl4eq00,58,Equipment,1943,Current Dollars,Level,6,"6,082",FAAt401
FAAt401,k1ntotl4eq00,58,Equipment,1944,Current Dollars,Level,6,"6,090",FAAt401
FAAt401,k1ntotl4eq00,58,Equipment,1945,Current Dollars,Level,6,"6,711",FAAt401
FAAt401,k1ntotl4eq00,58,Equipment,1946,Current Dollars,Level,6,"7,894",FAAt401
FAAt401,k1ntotl4eq00,58,Equipment,1947,Current Dollars,Level,6,"10,332",FAAt401
FAAt401,k1ntotl4eq00,58,Equipment,1948,Current Dollars,Level,6,"13,305",FAAt401
FAAt401,k1ntotl4eq00,58,Equipment,1949,Current Dollars,Level,6,"14,675",FAAt401
FAAt401,k1ntotl4eq00,58,Equipment,1950,Current Dollars,Level,6,"17,536",FAAt401
FAAt401,k1ntotl4eq00,58,Equipment,1951,Current Dollars,Level,6,"19,333",FAAt401
FAAt401,k1ntotl4eq00,58,Equipment,1952,Current Dollars,Level,6,"20,221",FAAt401
FAAt401,k1ntotl4eq00,58,Equipment,1953,Current Dollars,Level,6,"21,352",FAAt401
FAAt401,k1ntotl4eq00,58,Equipment,1954,Current Dollars,Level,6,"21,437",FAAt401
FAAt401,k1ntotl4eq00,58,Equipment,1955,Current Dollars,Level,6,"23,195",FAAt401
FAAt401,k1ntotl4eq00,58,Equipment,1956,Current Dollars,Level,6,"24,516",FAAt401
FAAt401,k1ntotl4eq00,58,Equipment,1957,Current Dollars,Level,6,"25,866",FAAt401
FAAt401,k1ntotl4eq00,58,Equipment,1958,Current Dollars,Level,6,"26,538",FAAt401
FAAt401,k1ntotl4eq00,58,Equipment,1959,Current Dollars,Level,6,"27,225",FAAt401
FAAt401,k1ntotl4eq00,58,Equipment,1960,Current Dollars,Level,6,"27,379",FAAt401
FAAt401,k1ntotl4eq00,58,Equipment,1961,Current Dollars,Level,6,"27,218",FAAt401
FAAt401,k1ntotl4eq00,58,Equipment,1962,Current Dollars,Level,6,"27,663",FAAt401
FAAt401,k1ntotl4eq00,58,Equipment,1963,Current Dollars,Level,6,"28,414",FAAt401
FAAt401,k1ntotl4eq00,58,Equipment,1964,Current Dollars,Level,6,"29,515",FAAt401
FAAt401,k1ntotl4eq00,58,Equipment,1965,Current Dollars,Level,6,"31,235",FAAt401
FAAt401,k1ntotl4eq00,58,Equipment,1966,Current Dollars,Level,6,"33,741",FAAt401
FAAt401,k1ntotl4eq00,58,Equipment,1967,Current Dollars,Level,6,"35,857",FAAt401
FAAt401,k1ntotl4eq00,58,Equipment,1968,Current Dollars,Level,6,"38,113",FAAt401
FAAt401,k1ntotl4eq00,58,Equipment,1969,Current Dollars,Level,6,"40,884",FAAt401
FAAt401,k1ntotl4eq00,58,Equipment,1970,Current Dollars,Level,6,"43,957",FAAt401
FAAt401,k1ntotl4eq00,58,Equipment,1971,Current Dollars,Level,6,"46,566",FAAt401
FAAt401,k1ntotl4eq00,58,Equipment,1972,Current Dollars,Level,6,"49,284",FAAt401
FAAt401,k1ntotl4eq00,58,Equipment,1973,Current Dollars,Level,6,"55,360",FAAt401
FAAt401,k1ntotl4eq00,58,Equipment,1974,Current Dollars,Level,6,"67,441",FAAt401
FAAt401,k1ntotl4eq00,58,Equipment,1975,Current Dollars,Level,6,"75,073",FAAt401
FAAt401,k1ntotl4eq00,58,Equipment,1976,Current Dollars,Level,6,"82,456",FAAt401
FAAt401,k1ntotl4eq00,58,Equipment,1977,Current Dollars,Level,6,"91,553",FAAt401
FAAt401,k1ntotl4eq00,58,Equipment,1978,Current Dollars,Level,6,"104,377",FAAt401
FAAt401,k1ntotl4eq00,58,Equipment,1979,Current Dollars,Level,6,"121,989",FAAt401
FAAt401,k1ntotl4eq00,58,Equipment,1980,Current Dollars,Level,6,"136,698",FAAt401
FAAt401,k1ntotl4eq00,58,Equipment,1981,Current Dollars,Level,6,"152,223",FAAt401
FAAt401,k1ntotl4eq00,58,Equipment,1982,Current Dollars,Level,6,"158,096",FAAt401
FAAt401,k1ntotl4eq00,58,Equipment,1983,Current Dollars,Level,6,"159,077",FAAt401
FAAt401,k1ntotl4eq00,58,Equipment,1984,Current Dollars,Level,6,"162,127",FAAt401
FAAt401,k1ntotl4eq00,58,Equipment,1985,Current Dollars,Level,6,"163,872",FAAt401
FAAt401,k1ntotl4eq00,58,Equipment,1986,Current Dollars,Level,6,"167,463",FAAt401
FAAt401,k1ntotl4eq00,58,Equipment,1987,Current Dollars,Level,6,"170,146",FAAt401
FAAt401,k1ntotl4eq00,58,Equipment,1988,Current Dollars,Level,6,"176,950",FAAt401
FAAt401,k1ntotl4eq00,58,Equipment,1989,Current Dollars,Level,6,"182,476",FAAt401
FAAt401,k1ntotl4eq00,58,Equipment,1990,Current Dollars,Level,6,"185,698",FAAt401
FAAt401,k1ntotl4eq00,58,Equipment,1991,Current Dollars,Level,6,"185,718",FAAt401
FAAt401,k1ntotl4eq00,58,Equipment,1992,Current Dollars,Level,6,"185,854",FAAt401
FAAt401,k1ntotl4eq00,58,Equipment,1993,Current Dollars,Level,6,"189,616",FAAt401
FAAt401,k1ntotl4eq00,58,Equipment,1994,Current Dollars,Level,6,"197,134",FAAt401
FAAt401,k1ntotl4eq00,58,Equipment,1995,Current Dollars,Level,6,"205,384",FAAt401
FAAt401,k1ntotl4eq00,58,Equipment,1996,Current Dollars,Level,6,"211,005",FAAt401
FAAt401,k1ntotl4eq00,58,Equipment,1997,Current Dollars,Level,6,"216,964",FAAt401
FAAt401,k1ntotl4eq00,58,Equipment,1998,Current Dollars,Level,6,"221,312",FAAt401
FAAt401,k1ntotl4eq00,58,Equipment,1999,Current Dollars,Level,6,"223,536",FAAt401
FAAt401,k1ntotl4eq00,58,Equipment,2000,Current Dollars,Level,6,"224,886",FAAt401
FAAt401,k1ntotl4eq00,58,Equipment,2001,Current Dollars,Level,6,"222,340",FAAt401
FAAt401,k1ntotl4eq00,58,Equipment,2002,Current Dollars,Level,6,"220,152",FAAt401
FAAt401,k1ntotl4eq00,58,Equipment,2003,Current Dollars,Level,6,"218,745",FAAt401
FAAt401,k1ntotl4eq00,58,Equipment,2004,Current Dollars,Level,6,"225,234",FAAt401
FAAt401,k1ntotl4eq00,58,Equipment,2005,Current Dollars,Level,6,"229,915",FAAt401
FAAt401,k1ntotl4eq00,58,Equipment,2006,Current Dollars,Level,6,"235,855",FAAt401
FAAt401,k1ntotl4eq00,58,Equipment,2007,Current Dollars,Level,6,"239,371",FAAt401
FAAt401,k1ntotl4eq00,58,Equipment,2008,Current Dollars,Level,6,"244,864",FAAt401
FAAt401,k1ntotl4eq00,58,Equipment,2009,Current Dollars,Level,6,"238,001",FAAt401
FAAt401,k1ntotl4eq00,58,Equipment,2010,Current Dollars,Level,6,"236,301",FAAt401
FAAt401,k1ntotl4eq00,58,Equipment,2011,Current Dollars,Level,6,"239,708",FAAt401
FAAt401,k1ntotl4eq00,58,Equipment,2012,Current Dollars,Level,6,"244,235",FAAt401
FAAt401,k1ntotl4eq00,58,Equipment,2013,Current Dollars,Level,6,"246,293",FAAt401
FAAt401,k1ntotl4eq00,58,Equipment,2014,Current Dollars,Level,6,"253,625",FAAt401
FAAt401,k1ntotl4eq00,58,Equipment,2015,Current Dollars,Level,6,"259,625",FAAt401
FAAt401,k1ntotl4eq00,58,Equipment,2016,Current Dollars,Level,6,"255,655",FAAt401
FAAt401,k1ntotl4eq00,58,Equipment,2017,Current Dollars,Level,6,"259,246",FAAt401
FAAt401,k1ntotl4eq00,58,Equipment,2018,Current Dollars,Level,6,"265,310",FAAt401
FAAt401,k1ntotl4eq00,58,Equipment,2019,Current Dollars,Level,6,"267,848",FAAt401
FAAt401,k1ntotl4eq00,58,Equipment,2020,Current Dollars,Level,6,"270,725",FAAt401
FAAt401,k1ntotl4eq00,58,Equipment,2021,Current Dollars,Level,6,"290,784",FAAt401
FAAt401,k1ntotl4eq00,58,Equipment,2022,Current Dollars,Level,6,"313,489",FAAt401
FAAt401,k1ntotl4eq00,58,Equipment,2023,Current Dollars,Level,6,"320,229",FAAt401
FAAt401,k1ntotl4eq00,58,Equipment,2024,Current Dollars,Level,6,"326,072",FAAt401
FAAt401,k1ntotl4st00,59,Structures,1925,Current Dollars,Level,6,"9,229",FAAt401
FAAt401,k1ntotl4st00,59,Structures,1926,Current Dollars,Level,6,"9,470",FAAt401
FAAt401,k1ntotl4st00,59,Structures,1927,Current Dollars,Level,6,"9,639",FAAt401
FAAt401,k1ntotl4st00,59,Structures,1928,Current Dollars,Level,6,"9,891",FAAt401
FAAt401,k1ntotl4st00,59,Structures,1929,Current Dollars,Level,6,"9,679",FAAt401
FAAt401,k1ntotl4st00,59,Structures,1930,Current Dollars,Level,6,"8,807",FAAt401
FAAt401,k1ntotl4st00,59,Structures,1931,Current Dollars,Level,6,"7,406",FAAt401
FAAt401,k1ntotl4st00,59,Structures,1932,Current Dollars,Level,6,"6,488",FAAt401
FAAt401,k1ntotl4st00,59,Structures,1933,Current Dollars,Level,6,"7,163",FAAt401
FAAt401,k1ntotl4st00,59,Structures,1934,Current Dollars,Level,6,"7,459",FAAt401
FAAt401,k1ntotl4st00,59,Structures,1935,Current Dollars,Level,6,"7,473",FAAt401
FAAt401,k1ntotl4st00,59,Structures,1936,Current Dollars,Level,6,"8,024",FAAt401
FAAt401,k1ntotl4st00,59,Structures,1937,Current Dollars,Level,6,"8,362",FAAt401
FAAt401,k1ntotl4st00,59,Structures,1938,Current Dollars,Level,6,"8,158",FAAt401
FAAt401,k1ntotl4st00,59,Structures,1939,Current Dollars,Level,6,"7,695",FAAt401
FAAt401,k1ntotl4st00,59,Structures,1940,Current Dollars,Level,6,"8,171",FAAt401
FAAt401,k1ntotl4st00,59,Structures,1941,Current Dollars,Level,6,"9,488",FAAt401
FAAt401,k1ntotl4st00,59,Structures,1942,Current Dollars,Level,6,"10,531",FAAt401
FAAt401,k1ntotl4st00,59,Structures,1943,Current Dollars,Level,6,"11,493",FAAt401
FAAt401,k1ntotl4st00,59,Structures,1944,Current Dollars,Level,6,"11,783",FAAt401
FAAt401,k1ntotl4st00,59,Structures,1945,Current Dollars,Level,6,"12,712",FAAt401
FAAt401,k1ntotl4st00,59,Structures,1946,Current Dollars,Level,6,"16,579",FAAt401
FAAt401,k1ntotl4st00,59,Structures,1947,Current Dollars,Level,6,"20,070",FAAt401
FAAt401,k1ntotl4st00,59,Structures,1948,Current Dollars,Level,6,"20,980",FAAt401
FAAt401,k1ntotl4st00,59,Structures,1949,Current Dollars,Level,6,"20,373",FAAt401
FAAt401,k1ntotl4st00,59,Structures,1950,Current Dollars,Level,6,"23,156",FAAt401
FAAt401,k1ntotl4st00,59,Structures,1951,Current Dollars,Level,6,"25,297",FAAt401
FAAt401,k1ntotl4st00,59,Structures,1952,Current Dollars,Level,6,"26,064",FAAt401
FAAt401,k1ntotl4st00,59,Structures,1953,Current Dollars,Level,6,"25,837",FAAt401
FAAt401,k1ntotl4st00,59,Structures,1954,Current Dollars,Level,6,"25,914",FAAt401
FAAt401,k1ntotl4st00,59,Structures,1955,Current Dollars,Level,6,"28,392",FAAt401
FAAt401,k1ntotl4st00,59,Structures,1956,Current Dollars,Level,6,"30,861",FAAt401
FAAt401,k1ntotl4st00,59,Structures,1957,Current Dollars,Level,6,"31,830",FAAt401
FAAt401,k1ntotl4st00,59,Structures,1958,Current Dollars,Level,6,"31,505",FAAt401
FAAt401,k1ntotl4st00,59,Structures,1959,Current Dollars,Level,6,"32,341",FAAt401
FAAt401,k1ntotl4st00,59,Structures,1960,Current Dollars,Level,6,"32,778",FAAt401
FAAt401,k1ntotl4st00,59,Structures,1961,Current Dollars,Level,6,"34,084",FAAt401
FAAt401,k1ntotl4st00,59,Structures,1962,Current Dollars,Level,6,"35,686",FAAt401
FAAt401,k1ntotl4st00,59,Structures,1963,Current Dollars,Level,6,"37,267",FAAt401
FAAt401,k1ntotl4st00,59,Structures,1964,Current Dollars,Level,6,"39,817",FAAt401
FAAt401,k1ntotl4st00,59,Structures,1965,Current Dollars,Level,6,"42,387",FAAt401
FAAt401,k1ntotl4st00,59,Structures,1966,Current Dollars,Level,6,"45,439",FAAt401
FAAt401,k1ntotl4st00,59,Structures,1967,Current Dollars,Level,6,"48,149",FAAt401
FAAt401,k1ntotl4st00,59,Structures,1968,Current Dollars,Level,6,"52,439",FAAt401
FAAt401,k1ntotl4st00,59,Structures,1969,Current Dollars,Level,6,"57,125",FAAt401
FAAt401,k1ntotl4st00,59,Structures,1970,Current Dollars,Level,6,"62,324",FAAt401
FAAt401,k1ntotl4st00,59,Structures,1971,Current Dollars,Level,6,"69,490",FAAt401
FAAt401,k1ntotl4st00,59,Structures,1972,Current Dollars,Level,6,"75,702",FAAt401
FAAt401,k1ntotl4st00,59,Structures,1973,Current Dollars,Level,6,"84,240",FAAt401
FAAt401,k1ntotl4st00,59,Structures,1974,Current Dollars,Level,6,"99,486",FAAt401
FAAt401,k1ntotl4st00,59,Structures,1975,Current Dollars,Level,6,"105,588",FAAt401
FAAt401,k1ntotl4st00,59,Structures,1976,Current Dollars,Level,6,"113,672",FAAt401
FAAt401,k1ntotl4st00,59,Structures,1977,Current Dollars,Level,6,"126,615",FAAt401
FAAt401,k1ntotl4st00,59,Structures,1978,Current Dollars,Level,6,"143,568",FAAt401
FAAt401,k1ntotl4st00,59,Structures,1979,Current Dollars,Level,6,"166,099",FAAt401
FAAt401,k1ntotl4st00,59,Structures,1980,Current Dollars,Level,6,"190,279",FAAt401
FAAt401,k1ntotl4st00,59,Structures,1981,Current Dollars,Level,6,"218,106",FAAt401
FAAt401,k1ntotl4st00,59,Structures,1982,Current Dollars,Level,6,"232,763",FAAt401
FAAt401,k1ntotl4st00,59,Structures,1983,Current Dollars,Level,6,"238,289",FAAt401
FAAt401,k1ntotl4st00,59,Structures,1984,Current Dollars,Level,6,"252,101",FAAt401
FAAt401,k1ntotl4st00,59,Structures,1985,Current Dollars,Level,6,"264,704",FAAt401
FAAt401,k1ntotl4st00,59,Structures,1986,Current Dollars,Level,6,"276,565",FAAt401
FAAt401,k1ntotl4st00,59,Structures,1987,Current Dollars,Level,6,"290,257",FAAt401
FAAt401,k1ntotl4st00,59,Structures,1988,Current Dollars,Level,6,"306,512",FAAt401
FAAt401,k1ntotl4st00,59,Structures,1989,Current Dollars,Level,6,"320,969",FAAt401
FAAt401,k1ntotl4st00,59,Structures,1990,Current Dollars,Level,6,"331,781",FAAt401
FAAt401,k1ntotl4st00,59,Structures,1991,Current Dollars,Level,6,"330,831",FAAt401
FAAt401,k1ntotl4st00,59,Structures,1992,Current Dollars,Level,6,"335,467",FAAt401
FAAt401,k1ntotl4st00,59,Structures,1993,Current Dollars,Level,6,"346,593",FAAt401
FAAt401,k1ntotl4st00,59,Structures,1994,Current Dollars,Level,6,"361,530",FAAt401
FAAt401,k1ntotl4st00,59,Structures,1995,Current Dollars,Level,6,"372,008",FAAt401
FAAt401,k1ntotl4st00,59,Structures,1996,Current Dollars,Level,6,"383,393",FAAt401
FAAt401,k1ntotl4st00,59,Structures,1997,Current Dollars,Level,6,"400,344",FAAt401
FAAt401,k1ntotl4st00,59,Structures,1998,Current Dollars,Level,6,"419,542",FAAt401
FAAt401,k1ntotl4st00,59,Structures,1999,Current Dollars,Level,6,"436,870",FAAt401
FAAt401,k1ntotl4st00,59,Structures,2000,Current Dollars,Level,6,"457,742",FAAt401
FAAt401,k1ntotl4st00,59,Structures,2001,Current Dollars,Level,6,"477,052",FAAt401
FAAt401,k1ntotl4st00,59,Structures,2002,Current Dollars,Level,6,"490,787",FAAt401
FAAt401,k1ntotl4st00,59,Structures,2003,Current Dollars,Level,6,"503,797",FAAt401
FAAt401,k1ntotl4st00,59,Structures,2004,Current Dollars,Level,6,"548,011",FAAt401
FAAt401,k1ntotl4st00,59,Structures,2005,Current Dollars,Level,6,"602,210",FAAt401
FAAt401,k1ntotl4st00,59,Structures,2006,Current Dollars,Level,6,"646,765",FAAt401
FAAt401,k1ntotl4st00,59,Structures,2007,Current Dollars,Level,6,"669,197",FAAt401
FAAt401,k1ntotl4st00,59,Structures,2008,Current Dollars,Level,6,"697,394",FAAt401
FAAt401,k1ntotl4st00,59,Structures,2009,Current Dollars,Level,6,"652,205",FAAt401
FAAt401,k1ntotl4st00,59,Structures,2010,Current Dollars,Level,6,"648,682",FAAt401
FAAt401,k1ntotl4st00,59,Structures,2011,Current Dollars,Level,6,"664,737",FAAt401
FAAt401,k1ntotl4st00,59,Structures,2012,Current Dollars,Level,6,"675,335",FAAt401
FAAt401,k1ntotl4st00,59,Structures,2013,Current Dollars,Level,6,"693,960",FAAt401
FAAt401,k1ntotl4st00,59,Structures,2014,Current Dollars,Level,6,"712,915",FAAt401
FAAt401,k1ntotl4st00,59,Structures,2015,Current Dollars,Level,6,"717,425",FAAt401
FAAt401,k1ntotl4st00,59,Structures,2016,Current Dollars,Level,6,"729,788",FAAt401
FAAt401,k1ntotl4st00,59,Structures,2017,Current Dollars,Level,6,"747,450",FAAt401
FAAt401,k1ntotl4st00,59,Structures,2018,Current Dollars,Level,6,"775,862",FAAt401
FAAt401,k1ntotl4st00,59,Structures,2019,Current Dollars,Level,6,"804,331",FAAt401
FAAt401,k1ntotl4st00,59,Structures,2020,Current Dollars,Level,6,"807,018",FAAt401
FAAt401,k1ntotl4st00,59,Structures,2021,Current Dollars,Level,6,"918,327",FAAt401
FAAt401,k1ntotl4st00,59,Structures,2022,Current Dollars,Level,6,"1,042,284",FAAt401
FAAt401,k1ntotl4st00,59,Structures,2023,Current Dollars,Level,6,"1,047,336",FAAt401
FAAt401,k1ntotl4st00,59,Structures,2024,Current Dollars,Level,6,"1,061,890",FAAt401
FAAt401,k1ntotl4ip00,60,Intellectual property products,1925,Current Dollars,Level,6,304,FAAt401
FAAt401,k1ntotl4ip00,60,Intellectual property products,1926,Current Dollars,Level,6,318,FAAt401
FAAt401,k1ntotl4ip00,60,Intellectual property products,1927,Current Dollars,Level,6,331,FAAt401
FAAt401,k1ntotl4ip00,60,Intellectual property products,1928,Current Dollars,Level,6,352,FAAt401
FAAt401,k1ntotl4ip00,60,Intellectual property products,1929,Current Dollars,Level,6,377,FAAt401
FAAt401,k1ntotl4ip00,60,Intellectual property products,1930,Current Dollars,Level,6,378,FAAt401
FAAt401,k1ntotl4ip00,60,Intellectual property products,1931,Current Dollars,Level,6,371,FAAt401
FAAt401,k1ntotl4ip00,60,Intellectual property products,1932,Current Dollars,Level,6,355,FAAt401
FAAt401,k1ntotl4ip00,60,Intellectual property products,1933,Current Dollars,Level,6,340,FAAt401
FAAt401,k1ntotl4ip00,60,Intellectual property products,1934,Current Dollars,Level,6,359,FAAt401
FAAt401,k1ntotl4ip00,60,Intellectual property products,1935,Current Dollars,Level,6,380,FAAt401
FAAt401,k1ntotl4ip00,60,Intellectual property products,1936,Current Dollars,Level,6,419,FAAt401
FAAt401,k1ntotl4ip00,60,Intellectual property products,1937,Current Dollars,Level,6,462,FAAt401
FAAt401,k1ntotl4ip00,60,Intellectual property products,1938,Current Dollars,Level,6,497,FAAt401
FAAt401,k1ntotl4ip00,60,Intellectual property products,1939,Current Dollars,Level,6,526,FAAt401
FAAt401,k1ntotl4ip00,60,Intellectual property products,1940,Current Dollars,Level,6,556,FAAt401
FAAt401,k1ntotl4ip00,60,Intellectual property products,1941,Current Dollars,Level,6,619,FAAt401
FAAt401,k1ntotl4ip00,60,Intellectual property products,1942,Current Dollars,Level,6,686,FAAt401
FAAt401,k1ntotl4ip00,60,Intellectual property products,1943,Current Dollars,Level,6,777,FAAt401
FAAt401,k1ntotl4ip00,60,Intellectual property products,1944,Current Dollars,Level,6,858,FAAt401
FAAt401,k1ntotl4ip00,60,Intellectual property products,1945,Current Dollars,Level,6,945,FAAt401
FAAt401,k1ntotl4ip00,60,Intellectual property products,1946,Current Dollars,Level,6,"1,048",FAAt401
FAAt401,k1ntotl4ip00,60,Intellectual property products,1947,Current Dollars,Level,6,"1,208",FAAt401
FAAt401,k1ntotl4ip00,60,Intellectual property products,1948,Current Dollars,Level,6,"1,283",FAAt401
FAAt401,k1ntotl4ip00,60,Intellectual property products,1949,Current Dollars,Level,6,"1,330",FAAt401
FAAt401,k1ntotl4ip00,60,Intellectual property products,1950,Current Dollars,Level,6,"1,434",FAAt401
FAAt401,k1ntotl4ip00,60,Intellectual property products,1951,Current Dollars,Level,6,"1,478",FAAt401
FAAt401,k1ntotl4ip00,60,Intellectual property products,1952,Current Dollars,Level,6,"1,530",FAAt401
FAAt401,k1ntotl4ip00,60,Intellectual property products,1953,Current Dollars,Level,6,"1,622",FAAt401
FAAt401,k1ntotl4ip00,60,Intellectual property products,1954,Current Dollars,Level,6,"1,698",FAAt401
FAAt401,k1ntotl4ip00,60,Intellectual property products,1955,Current Dollars,Level,6,"1,806",FAAt401
FAAt401,k1ntotl4ip00,60,Intellectual property products,1956,Current Dollars,Level,6,"1,924",FAAt401
FAAt401,k1ntotl4ip00,60,Intellectual property products,1957,Current Dollars,Level,6,"2,053",FAAt401
FAAt401,k1ntotl4ip00,60,Intellectual property products,1958,Current Dollars,Level,6,"2,143",FAAt401
FAAt401,k1ntotl4ip00,60,Intellectual property products,1959,Current Dollars,Level,6,"2,301",FAAt401
FAAt401,k1ntotl4ip00,60,Intellectual property products,1960,Current Dollars,Level,6,"2,386",FAAt401
FAAt401,k1ntotl4ip00,60,Intellectual property products,1961,Current Dollars,Level,6,"2,530",FAAt401
FAAt401,k1ntotl4ip00,60,Intellectual property products,1962,Current Dollars,Level,6,"2,622",FAAt401
FAAt401,k1ntotl4ip00,60,Intellectual property products,1963,Current Dollars,Level,6,"2,748",FAAt401
FAAt401,k1ntotl4ip00,60,Intellectual property products,1964,Current Dollars,Level,6,"2,854",FAAt401
FAAt401,k1ntotl4ip00,60,Intellectual property products,1965,Current Dollars,Level,6,"2,997",FAAt401
FAAt401,k1ntotl4ip00,60,Intellectual property products,1966,Current Dollars,Level,6,"3,112",FAAt401
FAAt401,k1ntotl4ip00,60,Intellectual property products,1967,Current Dollars,Level,6,"3,275",FAAt401
FAAt401,k1ntotl4ip00,60,Intellectual property products,1968,Current Dollars,Level,6,"3,422",FAAt401
FAAt401,k1ntotl4ip00,60,Intellectual property products,1969,Current Dollars,Level,6,"3,641",FAAt401
FAAt401,k1ntotl4ip00,60,Intellectual property products,1970,Current Dollars,Level,6,"3,859",FAAt401
FAAt401,k1ntotl4ip00,60,Intellectual property products,1971,Current Dollars,Level,6,"3,937",FAAt401
FAAt401,k1ntotl4ip00,60,Intellectual property products,1972,Current Dollars,Level,6,"3,989",FAAt401
FAAt401,k1ntotl4ip00,60,Intellectual property products,1973,Current Dollars,Level,6,"4,082",FAAt401
FAAt401,k1ntotl4ip00,60,Intellectual property products,1974,Current Dollars,Level,6,"4,320",FAAt401
FAAt401,k1ntotl4ip00,60,Intellectual property products,1975,Current Dollars,Level,6,"4,487",FAAt401
FAAt401,k1ntotl4ip00,60,Intellectual property products,1976,Current Dollars,Level,6,"4,685",FAAt401
FAAt401,k1ntotl4ip00,60,Intellectual property products,1977,Current Dollars,Level,6,"4,843",FAAt401
FAAt401,k1ntotl4ip00,60,Intellectual property products,1978,Current Dollars,Level,6,"5,284",FAAt401
FAAt401,k1ntotl4ip00,60,Intellectual property products,1979,Current Dollars,Level,6,"5,919",FAAt401
FAAt401,k1ntotl4ip00,60,Intellectual property products,1980,Current Dollars,Level,6,"6,681",FAAt401
FAAt401,k1ntotl4ip00,60,Intellectual property products,1981,Current Dollars,Level,6,"7,522",FAAt401
FAAt401,k1ntotl4ip00,60,Intellectual property products,1982,Current Dollars,Level,6,"8,189",FAAt401
FAAt401,k1ntotl4ip00,60,Intellectual property products,1983,Current Dollars,Level,6,"8,921",FAAt401
FAAt401,k1ntotl4ip00,60,Intellectual property products,1984,Current Dollars,Level,6,"9,880",FAAt401
FAAt401,k1ntotl4ip00,60,Intellectual property products,1985,Current Dollars,Level,6,"10,855",FAAt401
FAAt401,k1ntotl4ip00,60,Intellectual property products,1986,Current Dollars,Level,6,"11,990",FAAt401
FAAt401,k1ntotl4ip00,60,Intellectual property products,1987,Current Dollars,Level,6,"13,763",FAAt401
FAAt401,k1ntotl4ip00,60,Intellectual property products,1988,Current Dollars,Level,6,"15,198",FAAt401
FAAt401,k1ntotl4ip00,60,Intellectual property products,1989,Current Dollars,Level,6,"16,783",FAAt401
FAAt401,k1ntotl4ip00,60,Intellectual property products,1990,Current Dollars,Level,6,"18,386",FAAt401
FAAt401,k1ntotl4ip00,60,Intellectual property products,1991,Current Dollars,Level,6,"19,779",FAAt401
FAAt401,k1ntotl4ip00,60,Intellectual property products,1992,Current Dollars,Level,6,"21,173",FAAt401
FAAt401,k1ntotl4ip00,60,Intellectual property products,1993,Current Dollars,Level,6,"22,631",FAAt401
FAAt401,k1ntotl4ip00,60,Intellectual property products,1994,Current Dollars,Level,6,"24,171",FAAt401
FAAt401,k1ntotl4ip00,60,Intellectual property products,1995,Current Dollars,Level,6,"25,777",FAAt401
FAAt401,k1ntotl4ip00,60,Intellectual property products,1996,Current Dollars,Level,6,"27,118",FAAt401
FAAt401,k1ntotl4ip00,60,Intellectual property products,1997,Current Dollars,Level,6,"29,114",FAAt401
FAAt401,k1ntotl4ip00,60,Intellectual property products,1998,Current Dollars,Level,6,"31,739",FAAt401
FAAt401,k1ntotl4ip00,60,Intellectual property products,1999,Current Dollars,Level,6,"35,123",FAAt401
FAAt401,k1ntotl4ip00,60,Intellectual property products,2000,Current Dollars,Level,6,"38,126",FAAt401
FAAt401,k1ntotl4ip00,60,Intellectual property products,2001,Current Dollars,Level,6,"38,920",FAAt401
FAAt401,k1ntotl4ip00,60,Intellectual property products,2002,Current Dollars,Level,6,"39,663",FAAt401
FAAt401,k1ntotl4ip00,60,Intellectual property products,2003,Current Dollars,Level,6,"40,714",FAAt401
FAAt401,k1ntotl4ip00,60,Intellectual property products,2004,Current Dollars,Level,6,"41,621",FAAt401
FAAt401,k1ntotl4ip00,60,Intellectual property products,2005,Current Dollars,Level,6,"43,318",FAAt401
FAAt401,k1ntotl4ip00,60,Intellectual property products,2006,Current Dollars,Level,6,"44,977",FAAt401
FAAt401,k1ntotl4ip00,60,Intellectual property products,2007,Current Dollars,Level,6,"45,937",FAAt401
FAAt401,k1ntotl4ip00,60,Intellectual property products,2008,Current Dollars,Level,6,"45,961",FAAt401
FAAt401,k1ntotl4ip00,60,Intellectual property products,2009,Current Dollars,Level,6,"44,770",FAAt401
FAAt401,k1ntotl4ip00,60,Intellectual property products,2010,Current Dollars,Level,6,"43,980",FAAt401
FAAt401,k1ntotl4ip00,60,Intellectual property products,2011,Current Dollars,Level,6,"43,233",FAAt401
FAAt401,k1ntotl4ip00,60,Intellectual property products,2012,Current Dollars,Level,6,"42,296",FAAt401
FAAt401,k1ntotl4ip00,60,Intellectual property products,2013,Current Dollars,Level,6,"43,190",FAAt401
FAAt401,k1ntotl4ip00,60,Intellectual property products,2014,Current Dollars,Level,6,"46,310",FAAt401
FAAt401,k1ntotl4ip00,60,Intellectual property products,2015,Current Dollars,Level,6,"49,647",FAAt401
FAAt401,k1ntotl4ip00,60,Intellectual property products,2016,Current Dollars,Level,6,"52,596",FAAt401
FAAt401,k1ntotl4ip00,60,Intellectual property products,2017,Current Dollars,Level,6,"58,775",FAAt401
FAAt401,k1ntotl4ip00,60,Intellectual property products,2018,Current Dollars,Level,6,"64,155",FAAt401
FAAt401,k1ntotl4ip00,60,Intellectual property products,2019,Current Dollars,Level,6,"72,600",FAAt401
FAAt401,k1ntotl4ip00,60,Intellectual property products,2020,Current Dollars,Level,6,"85,253",FAAt401
FAAt401,k1ntotl4ip00,60,Intellectual property products,2021,Current Dollars,Level,6,"90,845",FAAt401
FAAt401,k1ntotl4ip00,60,Intellectual property products,2022,Current Dollars,Level,6,"103,238",FAAt401
FAAt401,k1ntotl4ip00,60,Intellectual property products,2023,Current Dollars,Level,6,"114,148",FAAt401
FAAt401,k1ntotl4ip00,60,Intellectual property products,2024,Current Dollars,Level,6,"124,629",FAAt401
FAAt401,k1ntotl7es00,61,Partnerships,1925,Current Dollars,Level,6,"7,929",FAAt401
FAAt401,k1ntotl7es00,61,Partnerships,1926,Current Dollars,Level,6,"8,404",FAAt401
FAAt401,k1ntotl7es00,61,Partnerships,1927,Current Dollars,Level,6,"8,723",FAAt401
FAAt401,k1ntotl7es00,61,Partnerships,1928,Current Dollars,Level,6,"9,090",FAAt401
FAAt401,k1ntotl7es00,61,Partnerships,1929,Current Dollars,Level,6,"9,175",FAAt401
FAAt401,k1ntotl7es00,61,Partnerships,1930,Current Dollars,Level,6,"8,697",FAAt401
FAAt401,k1ntotl7es00,61,Partnerships,1931,Current Dollars,Level,6,"7,567",FAAt401
FAAt401,k1ntotl7es00,61,Partnerships,1932,Current Dollars,Level,6,"6,819",FAAt401
FAAt401,k1ntotl7es00,61,Partnerships,1933,Current Dollars,Level,6,"7,089",FAAt401
FAAt401,k1ntotl7es00,61,Partnerships,1934,Current Dollars,Level,6,"7,157",FAAt401
FAAt401,k1ntotl7es00,61,Partnerships,1935,Current Dollars,Level,6,"7,160",FAAt401
FAAt401,k1ntotl7es00,61,Partnerships,1936,Current Dollars,Level,6,"7,823",FAAt401
FAAt401,k1ntotl7es00,61,Partnerships,1937,Current Dollars,Level,6,"8,334",FAAt401
FAAt401,k1ntotl7es00,61,Partnerships,1938,Current Dollars,Level,6,"8,258",FAAt401
FAAt401,k1ntotl7es00,61,Partnerships,1939,Current Dollars,Level,6,"8,157",FAAt401
FAAt401,k1ntotl7es00,61,Partnerships,1940,Current Dollars,Level,6,"8,781",FAAt401
FAAt401,k1ntotl7es00,61,Partnerships,1941,Current Dollars,Level,6,"10,118",FAAt401
FAAt401,k1ntotl7es00,61,Partnerships,1942,Current Dollars,Level,6,"10,683",FAAt401
FAAt401,k1ntotl7es00,61,Partnerships,1943,Current Dollars,Level,6,"11,174",FAAt401
FAAt401,k1ntotl7es00,61,Partnerships,1944,Current Dollars,Level,6,"11,367",FAAt401
FAAt401,k1ntotl7es00,61,Partnerships,1945,Current Dollars,Level,6,"12,382",FAAt401
FAAt401,k1ntotl7es00,61,Partnerships,1946,Current Dollars,Level,6,"15,522",FAAt401
FAAt401,k1ntotl7es00,61,Partnerships,1947,Current Dollars,Level,6,"18,977",FAAt401
FAAt401,k1ntotl7es00,61,Partnerships,1948,Current Dollars,Level,6,"20,962",FAAt401
FAAt401,k1ntotl7es00,61,Partnerships,1949,Current Dollars,Level,6,"21,084",FAAt401
FAAt401,k1ntotl7es00,61,Partnerships,1950,Current Dollars,Level,6,"24,264",FAAt401
FAAt401,k1ntotl7es00,61,Partnerships,1951,Current Dollars,Level,6,"26,599",FAAt401
FAAt401,k1ntotl7es00,61,Partnerships,1952,Current Dollars,Level,6,"27,397",FAAt401
FAAt401,k1ntotl7es00,61,Partnerships,1953,Current Dollars,Level,6,"28,083",FAAt401
FAAt401,k1ntotl7es00,61,Partnerships,1954,Current Dollars,Level,6,"28,397",FAAt401
FAAt401,k1ntotl7es00,61,Partnerships,1955,Current Dollars,Level,6,"31,130",FAAt401
FAAt401,k1ntotl7es00,61,Partnerships,1956,Current Dollars,Level,6,"33,791",FAAt401
FAAt401,k1ntotl7es00,61,Partnerships,1957,Current Dollars,Level,6,"35,340",FAAt401
FAAt401,k1ntotl7es00,61,Partnerships,1958,Current Dollars,Level,6,"35,662",FAAt401
FAAt401,k1ntotl7es00,61,Partnerships,1959,Current Dollars,Level,6,"36,969",FAAt401
FAAt401,k1ntotl7es00,61,Partnerships,1960,Current Dollars,Level,6,"37,580",FAAt401
FAAt401,k1ntotl7es00,61,Partnerships,1961,Current Dollars,Level,6,"38,738",FAAt401
FAAt401,k1ntotl7es00,61,Partnerships,1962,Current Dollars,Level,6,"40,289",FAAt401
FAAt401,k1ntotl7es00,61,Partnerships,1963,Current Dollars,Level,6,"42,033",FAAt401
FAAt401,k1ntotl7es00,61,Partnerships,1964,Current Dollars,Level,6,"44,841",FAAt401
FAAt401,k1ntotl7es00,61,Partnerships,1965,Current Dollars,Level,6,"48,201",FAAt401
FAAt401,k1ntotl7es00,61,Partnerships,1966,Current Dollars,Level,6,"52,505",FAAt401
FAAt401,k1ntotl7es00,61,Partnerships,1967,Current Dollars,Level,6,"56,284",FAAt401
FAAt401,k1ntotl7es00,61,Partnerships,1968,Current Dollars,Level,6,"61,082",FAAt401
FAAt401,k1ntotl7es00,61,Partnerships,1969,Current Dollars,Level,6,"66,953",FAAt401
FAAt401,k1ntotl7es00,61,Partnerships,1970,Current Dollars,Level,6,"73,345",FAAt401
FAAt401,k1ntotl7es00,61,Partnerships,1971,Current Dollars,Level,6,"80,701",FAAt401
FAAt401,k1ntotl7es00,61,Partnerships,1972,Current Dollars,Level,6,"87,592",FAAt401
FAAt401,k1ntotl7es00,61,Partnerships,1973,Current Dollars,Level,6,"98,001",FAAt401
FAAt401,k1ntotl7es00,61,Partnerships,1974,Current Dollars,Level,6,"116,281",FAAt401
FAAt401,k1ntotl7es00,61,Partnerships,1975,Current Dollars,Level,6,"124,788",FAAt401
FAAt401,k1ntotl7es00,61,Partnerships,1976,Current Dollars,Level,6,"134,279",FAAt401
FAAt401,k1ntotl7es00,61,Partnerships,1977,Current Dollars,Level,6,"148,154",FAAt401
FAAt401,k1ntotl7es00,61,Partnerships,1978,Current Dollars,Level,6,"167,562",FAAt401
FAAt401,k1ntotl7es00,61,Partnerships,1979,Current Dollars,Level,6,"196,540",FAAt401
FAAt401,k1ntotl7es00,61,Partnerships,1980,Current Dollars,Level,6,"228,394",FAAt401
FAAt401,k1ntotl7es00,61,Partnerships,1981,Current Dollars,Level,6,"267,599",FAAt401
FAAt401,k1ntotl7es00,61,Partnerships,1982,Current Dollars,Level,6,"291,982",FAAt401
FAAt401,k1ntotl7es00,61,Partnerships,1983,Current Dollars,Level,6,"304,197",FAAt401
FAAt401,k1ntotl7es00,61,Partnerships,1984,Current Dollars,Level,6,"330,435",FAAt401
FAAt401,k1ntotl7es00,61,Partnerships,1985,Current Dollars,Level,6,"360,730",FAAt401
FAAt401,k1ntotl7es00,61,Partnerships,1986,Current Dollars,Level,6,"389,548",FAAt401
FAAt401,k1ntotl7es00,61,Partnerships,1987,Current Dollars,Level,6,"421,426",FAAt401
FAAt401,k1ntotl7es00,61,Partnerships,1988,Current Dollars,Level,6,"461,175",FAAt401
FAAt401,k1ntotl7es00,61,Partnerships,1989,Current Dollars,Level,6,"497,930",FAAt401
FAAt401,k1ntotl7es00,61,Partnerships,1990,Current Dollars,Level,6,"522,096",FAAt401
FAAt401,k1ntotl7es00,61,Partnerships,1991,Current Dollars,Level,6,"528,397",FAAt401
FAAt401,k1ntotl7es00,61,Partnerships,1992,Current Dollars,Level,6,"537,267",FAAt401
FAAt401,k1ntotl7es00,61,Partnerships,1993,Current Dollars,Level,6,"556,468",FAAt401
FAAt401,k1ntotl7es00,61,Partnerships,1994,Current Dollars,Level,6,"581,791",FAAt401
FAAt401,k1ntotl7es00,61,Partnerships,1995,Current Dollars,Level,6,"604,744",FAAt401
FAAt401,k1ntotl7es00,61,Partnerships,1996,Current Dollars,Level,6,"627,501",FAAt401
FAAt401,k1ntotl7es00,61,Partnerships,1997,Current Dollars,Level,6,"658,427",FAAt401
FAAt401,k1ntotl7es00,61,Partnerships,1998,Current Dollars,Level,6,"699,206",FAAt401
FAAt401,k1ntotl7es00,61,Partnerships,1999,Current Dollars,Level,6,"748,856",FAAt401
FAAt401,k1ntotl7es00,61,Partnerships,2000,Current Dollars,Level,6,"810,613",FAAt401
FAAt401,k1ntotl7es00,61,Partnerships,2001,Current Dollars,Level,6,"865,915",FAAt401
FAAt401,k1ntotl7es00,61,Partnerships,2002,Current Dollars,Level,6,"915,567",FAAt401
FAAt401,k1ntotl7es00,61,Partnerships,2003,Current Dollars,Level,6,"961,385",FAAt401
FAAt401,k1ntotl7es00,61,Partnerships,2004,Current Dollars,Level,6,"1,061,731",FAAt401
FAAt401,k1ntotl7es00,61,Partnerships,2005,Current Dollars,Level,6,"1,181,475",FAAt401
FAAt401,k1ntotl7es00,61,Partnerships,2006,Current Dollars,Level,6,"1,304,151",FAAt401
FAAt401,k1ntotl7es00,61,Partnerships,2007,Current Dollars,Level,6,"1,401,764",FAAt401
FAAt401,k1ntotl7es00,61,Partnerships,2008,Current Dollars,Level,6,"1,509,651",FAAt401
FAAt401,k1ntotl7es00,61,Partnerships,2009,Current Dollars,Level,6,"1,469,461",FAAt401
FAAt401,k1ntotl7es00,61,Partnerships,2010,Current Dollars,Level,6,"1,500,846",FAAt401
FAAt401,k1ntotl7es00,61,Partnerships,2011,Current Dollars,Level,6,"1,564,082",FAAt401
FAAt401,k1ntotl7es00,61,Partnerships,2012,Current Dollars,Level,6,"1,617,881",FAAt401
FAAt401,k1ntotl7es00,61,Partnerships,2013,Current Dollars,Level,6,"1,720,444",FAAt401
FAAt401,k1ntotl7es00,61,Partnerships,2014,Current Dollars,Level,6,"1,809,211",FAAt401
FAAt401,k1ntotl7es00,61,Partnerships,2015,Current Dollars,Level,6,"1,867,569",FAAt401
FAAt401,k1ntotl7es00,61,Partnerships,2016,Current Dollars,Level,6,"1,920,898",FAAt401
FAAt401,k1ntotl7es00,61,Partnerships,2017,Current Dollars,Level,6,"2,002,977",FAAt401
FAAt401,k1ntotl7es00,61,Partnerships,2018,Current Dollars,Level,6,"2,098,641",FAAt401
FAAt401,k1ntotl7es00,61,Partnerships,2019,Current Dollars,Level,6,"2,214,670",FAAt401
FAAt401,k1ntotl7es00,61,Partnerships,2020,Current Dollars,Level,6,"2,268,028",FAAt401
FAAt401,k1ntotl7es00,61,Partnerships,2021,Current Dollars,Level,6,"2,552,157",FAAt401
FAAt401,k1ntotl7es00,61,Partnerships,2022,Current Dollars,Level,6,"2,908,865",FAAt401
FAAt401,k1ntotl7es00,61,Partnerships,2023,Current Dollars,Level,6,"3,023,035",FAAt401
FAAt401,k1ntotl7es00,61,Partnerships,2024,Current Dollars,Level,6,"3,144,463",FAAt401
FAAt401,k1ntotl7eq00,62,Equipment,1925,Current Dollars,Level,6,"2,295",FAAt401
FAAt401,k1ntotl7eq00,62,Equipment,1926,Current Dollars,Level,6,"2,514",FAAt401
FAAt401,k1ntotl7eq00,62,Equipment,1927,Current Dollars,Level,6,"2,671",FAAt401
FAAt401,k1ntotl7eq00,62,Equipment,1928,Current Dollars,Level,6,"2,807",FAAt401
FAAt401,k1ntotl7eq00,62,Equipment,1929,Current Dollars,Level,6,"2,918",FAAt401
FAAt401,k1ntotl7eq00,62,Equipment,1930,Current Dollars,Level,6,"2,819",FAAt401
FAAt401,k1ntotl7eq00,62,Equipment,1931,Current Dollars,Level,6,"2,560",FAAt401
FAAt401,k1ntotl7eq00,62,Equipment,1932,Current Dollars,Level,6,"2,302",FAAt401
FAAt401,k1ntotl7eq00,62,Equipment,1933,Current Dollars,Level,6,"2,229",FAAt401
FAAt401,k1ntotl7eq00,62,Equipment,1934,Current Dollars,Level,6,"2,143",FAAt401
FAAt401,k1ntotl7eq00,62,Equipment,1935,Current Dollars,Level,6,"2,094",FAAt401
FAAt401,k1ntotl7eq00,62,Equipment,1936,Current Dollars,Level,6,"2,285",FAAt401
FAAt401,k1ntotl7eq00,62,Equipment,1937,Current Dollars,Level,6,"2,505",FAAt401
FAAt401,k1ntotl7eq00,62,Equipment,1938,Current Dollars,Level,6,"2,502",FAAt401
FAAt401,k1ntotl7eq00,62,Equipment,1939,Current Dollars,Level,6,"2,569",FAAt401
FAAt401,k1ntotl7eq00,62,Equipment,1940,Current Dollars,Level,6,"2,787",FAAt401
FAAt401,k1ntotl7eq00,62,Equipment,1941,Current Dollars,Level,6,"3,260",FAAt401
FAAt401,k1ntotl7eq00,62,Equipment,1942,Current Dollars,Level,6,"3,253",FAAt401
FAAt401,k1ntotl7eq00,62,Equipment,1943,Current Dollars,Level,6,"3,253",FAAt401
FAAt401,k1ntotl7eq00,62,Equipment,1944,Current Dollars,Level,6,"3,240",FAAt401
FAAt401,k1ntotl7eq00,62,Equipment,1945,Current Dollars,Level,6,"3,658",FAAt401
FAAt401,k1ntotl7eq00,62,Equipment,1946,Current Dollars,Level,6,"4,355",FAAt401
FAAt401,k1ntotl7eq00,62,Equipment,1947,Current Dollars,Level,6,"5,614",FAAt401
FAAt401,k1ntotl7eq00,62,Equipment,1948,Current Dollars,Level,6,"6,997",FAAt401
FAAt401,k1ntotl7eq00,62,Equipment,1949,Current Dollars,Level,6,"7,562",FAAt401
FAAt401,k1ntotl7eq00,62,Equipment,1950,Current Dollars,Level,6,"9,029",FAAt401
FAAt401,k1ntotl7eq00,62,Equipment,1951,Current Dollars,Level,6,"9,992",FAAt401
FAAt401,k1ntotl7eq00,62,Equipment,1952,Current Dollars,Level,6,"10,267",FAAt401
FAAt401,k1ntotl7eq00,62,Equipment,1953,Current Dollars,Level,6,"10,949",FAAt401
FAAt401,k1ntotl7eq00,62,Equipment,1954,Current Dollars,Level,6,"11,114",FAAt401
FAAt401,k1ntotl7eq00,62,Equipment,1955,Current Dollars,Level,6,"12,145",FAAt401
FAAt401,k1ntotl7eq00,62,Equipment,1956,Current Dollars,Level,6,"13,044",FAAt401
FAAt401,k1ntotl7eq00,62,Equipment,1957,Current Dollars,Level,6,"13,823",FAAt401
FAAt401,k1ntotl7eq00,62,Equipment,1958,Current Dollars,Level,6,"13,985",FAAt401
FAAt401,k1ntotl7eq00,62,Equipment,1959,Current Dollars,Level,6,"14,498",FAAt401
FAAt401,k1ntotl7eq00,62,Equipment,1960,Current Dollars,Level,6,"14,649",FAAt401
FAAt401,k1ntotl7eq00,62,Equipment,1961,Current Dollars,Level,6,"14,644",FAAt401
FAAt401,k1ntotl7eq00,62,Equipment,1962,Current Dollars,Level,6,"14,912",FAAt401
FAAt401,k1ntotl7eq00,62,Equipment,1963,Current Dollars,Level,6,"15,357",FAAt401
FAAt401,k1ntotl7eq00,62,Equipment,1964,Current Dollars,Level,6,"16,115",FAAt401
FAAt401,k1ntotl7eq00,62,Equipment,1965,Current Dollars,Level,6,"17,110",FAAt401
FAAt401,k1ntotl7eq00,62,Equipment,1966,Current Dollars,Level,6,"18,761",FAAt401
FAAt401,k1ntotl7eq00,62,Equipment,1967,Current Dollars,Level,6,"20,105",FAAt401
FAAt401,k1ntotl7eq00,62,Equipment,1968,Current Dollars,Level,6,"21,577",FAAt401
FAAt401,k1ntotl7eq00,62,Equipment,1969,Current Dollars,Level,6,"23,472",FAAt401
FAAt401,k1ntotl7eq00,62,Equipment,1970,Current Dollars,Level,6,"25,509",FAAt401
FAAt401,k1ntotl7eq00,62,Equipment,1971,Current Dollars,Level,6,"27,058",FAAt401
FAAt401,k1ntotl7eq00,62,Equipment,1972,Current Dollars,Level,6,"28,383",FAAt401
FAAt401,k1ntotl7eq00,62,Equipment,1973,Current Dollars,Level,6,"30,944",FAAt401
FAAt401,k1ntotl7eq00,62,Equipment,1974,Current Dollars,Level,6,"36,970",FAAt401
FAAt401,k1ntotl7eq00,62,Equipment,1975,Current Dollars,Level,6,"40,580",FAAt401
FAAt401,k1ntotl7eq00,62,Equipment,1976,Current Dollars,Level,6,"43,578",FAAt401
FAAt401,k1ntotl7eq00,62,Equipment,1977,Current Dollars,Level,6,"47,509",FAAt401
FAAt401,k1ntotl7eq00,62,Equipment,1978,Current Dollars,Level,6,"53,452",FAAt401
FAAt401,k1ntotl7eq00,62,Equipment,1979,Current Dollars,Level,6,"61,917",FAAt401
FAAt401,k1ntotl7eq00,62,Equipment,1980,Current Dollars,Level,6,"70,491",FAAt401
FAAt401,k1ntotl7eq00,62,Equipment,1981,Current Dollars,Level,6,"79,738",FAAt401
FAAt401,k1ntotl7eq00,62,Equipment,1982,Current Dollars,Level,6,"84,666",FAAt401
FAAt401,k1ntotl7eq00,62,Equipment,1983,Current Dollars,Level,6,"86,277",FAAt401
FAAt401,k1ntotl7eq00,62,Equipment,1984,Current Dollars,Level,6,"90,229",FAAt401
FAAt401,k1ntotl7eq00,62,Equipment,1985,Current Dollars,Level,6,"95,030",FAAt401
FAAt401,k1ntotl7eq00,62,Equipment,1986,Current Dollars,Level,6,"100,269",FAAt401
FAAt401,k1ntotl7eq00,62,Equipment,1987,Current Dollars,Level,6,"105,323",FAAt401
FAAt401,k1ntotl7eq00,62,Equipment,1988,Current Dollars,Level,6,"112,884",FAAt401
FAAt401,k1ntotl7eq00,62,Equipment,1989,Current Dollars,Level,6,"119,343",FAAt401
FAAt401,k1ntotl7eq00,62,Equipment,1990,Current Dollars,Level,6,"121,610",FAAt401
FAAt401,k1ntotl7eq00,62,Equipment,1991,Current Dollars,Level,6,"121,282",FAAt401
FAAt401,k1ntotl7eq00,62,Equipment,1992,Current Dollars,Level,6,"120,290",FAAt401
FAAt401,k1ntotl7eq00,62,Equipment,1993,Current Dollars,Level,6,"121,761",FAAt401
FAAt401,k1ntotl7eq00,62,Equipment,1994,Current Dollars,Level,6,"125,448",FAAt401
FAAt401,k1ntotl7eq00,62,Equipment,1995,Current Dollars,Level,6,"130,319",FAAt401
FAAt401,k1ntotl7eq00,62,Equipment,1996,Current Dollars,Level,6,"134,729",FAAt401
FAAt401,k1ntotl7eq00,62,Equipment,1997,Current Dollars,Level,6,"139,121",FAAt401
FAAt401,k1ntotl7eq00,62,Equipment,1998,Current Dollars,Level,6,"147,452",FAAt401
FAAt401,k1ntotl7eq00,62,Equipment,1999,Current Dollars,Level,6,"161,429",FAAt401
FAAt401,k1ntotl7eq00,62,Equipment,2000,Current Dollars,Level,6,"180,792",FAAt401
FAAt401,k1ntotl7eq00,62,Equipment,2001,Current Dollars,Level,6,"197,532",FAAt401
FAAt401,k1ntotl7eq00,62,Equipment,2002,Current Dollars,Level,6,"212,837",FAAt401
FAAt401,k1ntotl7eq00,62,Equipment,2003,Current Dollars,Level,6,"226,611",FAAt401
FAAt401,k1ntotl7eq00,62,Equipment,2004,Current Dollars,Level,6,"253,049",FAAt401
FAAt401,k1ntotl7eq00,62,Equipment,2005,Current Dollars,Level,6,"278,897",FAAt401
FAAt401,k1ntotl7eq00,62,Equipment,2006,Current Dollars,Level,6,"313,096",FAAt401
FAAt401,k1ntotl7eq00,62,Equipment,2007,Current Dollars,Level,6,"341,628",FAAt401
FAAt401,k1ntotl7eq00,62,Equipment,2008,Current Dollars,Level,6,"369,076",FAAt401
FAAt401,k1ntotl7eq00,62,Equipment,2009,Current Dollars,Level,6,"369,224",FAAt401
FAAt401,k1ntotl7eq00,62,Equipment,2010,Current Dollars,Level,6,"381,959",FAAt401
FAAt401,k1ntotl7eq00,62,Equipment,2011,Current Dollars,Level,6,"400,211",FAAt401
FAAt401,k1ntotl7eq00,62,Equipment,2012,Current Dollars,Level,6,"419,874",FAAt401
FAAt401,k1ntotl7eq00,62,Equipment,2013,Current Dollars,Level,6,"456,227",FAAt401
FAAt401,k1ntotl7eq00,62,Equipment,2014,Current Dollars,Level,6,"474,694",FAAt401
FAAt401,k1ntotl7eq00,62,Equipment,2015,Current Dollars,Level,6,"483,774",FAAt401
FAAt401,k1ntotl7eq00,62,Equipment,2016,Current Dollars,Level,6,"493,935",FAAt401
FAAt401,k1ntotl7eq00,62,Equipment,2017,Current Dollars,Level,6,"506,251",FAAt401
FAAt401,k1ntotl7eq00,62,Equipment,2018,Current Dollars,Level,6,"523,102",FAAt401
FAAt401,k1ntotl7eq00,62,Equipment,2019,Current Dollars,Level,6,"547,350",FAAt401
FAAt401,k1ntotl7eq00,62,Equipment,2020,Current Dollars,Level,6,"562,101",FAAt401
FAAt401,k1ntotl7eq00,62,Equipment,2021,Current Dollars,Level,6,"607,837",FAAt401
FAAt401,k1ntotl7eq00,62,Equipment,2022,Current Dollars,Level,6,"669,783",FAAt401
FAAt401,k1ntotl7eq00,62,Equipment,2023,Current Dollars,Level,6,"708,310",FAAt401
FAAt401,k1ntotl7eq00,62,Equipment,2024,Current Dollars,Level,6,"743,220",FAAt401
FAAt401,k1ntotl7st00,63,Structures,1925,Current Dollars,Level,6,"5,344",FAAt401
FAAt401,k1ntotl7st00,63,Structures,1926,Current Dollars,Level,6,"5,587",FAAt401
FAAt401,k1ntotl7st00,63,Structures,1927,Current Dollars,Level,6,"5,735",FAAt401
FAAt401,k1ntotl7st00,63,Structures,1928,Current Dollars,Level,6,"5,945",FAAt401
FAAt401,k1ntotl7st00,63,Structures,1929,Current Dollars,Level,6,"5,889",FAAt401
FAAt401,k1ntotl7st00,63,Structures,1930,Current Dollars,Level,6,"5,501",FAAt401
FAAt401,k1ntotl7st00,63,Structures,1931,Current Dollars,Level,6,"4,634",FAAt401
FAAt401,k1ntotl7st00,63,Structures,1932,Current Dollars,Level,6,"4,158",FAAt401
FAAt401,k1ntotl7st00,63,Structures,1933,Current Dollars,Level,6,"4,516",FAAt401
FAAt401,k1ntotl7st00,63,Structures,1934,Current Dollars,Level,6,"4,647",FAAt401
FAAt401,k1ntotl7st00,63,Structures,1935,Current Dollars,Level,6,"4,672",FAAt401
FAAt401,k1ntotl7st00,63,Structures,1936,Current Dollars,Level,6,"5,100",FAAt401
FAAt401,k1ntotl7st00,63,Structures,1937,Current Dollars,Level,6,"5,342",FAAt401
FAAt401,k1ntotl7st00,63,Structures,1938,Current Dollars,Level,6,"5,224",FAAt401
FAAt401,k1ntotl7st00,63,Structures,1939,Current Dollars,Level,6,"5,018",FAAt401
FAAt401,k1ntotl7st00,63,Structures,1940,Current Dollars,Level,6,"5,391",FAAt401
FAAt401,k1ntotl7st00,63,Structures,1941,Current Dollars,Level,6,"6,187",FAAt401
FAAt401,k1ntotl7st00,63,Structures,1942,Current Dollars,Level,6,"6,684",FAAt401
FAAt401,k1ntotl7st00,63,Structures,1943,Current Dollars,Level,6,"7,092",FAAt401
FAAt401,k1ntotl7st00,63,Structures,1944,Current Dollars,Level,6,"7,214",FAAt401
FAAt401,k1ntotl7st00,63,Structures,1945,Current Dollars,Level,6,"7,732",FAAt401
FAAt401,k1ntotl7st00,63,Structures,1946,Current Dollars,Level,6,"10,056",FAAt401
FAAt401,k1ntotl7st00,63,Structures,1947,Current Dollars,Level,6,"12,071",FAAt401
FAAt401,k1ntotl7st00,63,Structures,1948,Current Dollars,Level,6,"12,587",FAAt401
FAAt401,k1ntotl7st00,63,Structures,1949,Current Dollars,Level,6,"12,081",FAAt401
FAAt401,k1ntotl7st00,63,Structures,1950,Current Dollars,Level,6,"13,669",FAAt401
FAAt401,k1ntotl7st00,63,Structures,1951,Current Dollars,Level,6,"14,994",FAAt401
FAAt401,k1ntotl7st00,63,Structures,1952,Current Dollars,Level,6,"15,456",FAAt401
FAAt401,k1ntotl7st00,63,Structures,1953,Current Dollars,Level,6,"15,344",FAAt401
FAAt401,k1ntotl7st00,63,Structures,1954,Current Dollars,Level,6,"15,400",FAAt401
FAAt401,k1ntotl7st00,63,Structures,1955,Current Dollars,Level,6,"16,965",FAAt401
FAAt401,k1ntotl7st00,63,Structures,1956,Current Dollars,Level,6,"18,589",FAAt401
FAAt401,k1ntotl7st00,63,Structures,1957,Current Dollars,Level,6,"19,206",FAAt401
FAAt401,k1ntotl7st00,63,Structures,1958,Current Dollars,Level,6,"19,250",FAAt401
FAAt401,k1ntotl7st00,63,Structures,1959,Current Dollars,Level,6,"19,831",FAAt401
FAAt401,k1ntotl7st00,63,Structures,1960,Current Dollars,Level,6,"20,184",FAAt401
FAAt401,k1ntotl7st00,63,Structures,1961,Current Dollars,Level,6,"21,162",FAAt401
FAAt401,k1ntotl7st00,63,Structures,1962,Current Dollars,Level,6,"22,327",FAAt401
FAAt401,k1ntotl7st00,63,Structures,1963,Current Dollars,Level,6,"23,471",FAAt401
FAAt401,k1ntotl7st00,63,Structures,1964,Current Dollars,Level,6,"25,389",FAAt401
FAAt401,k1ntotl7st00,63,Structures,1965,Current Dollars,Level,6,"27,601",FAAt401
FAAt401,k1ntotl7st00,63,Structures,1966,Current Dollars,Level,6,"30,137",FAAt401
FAAt401,k1ntotl7st00,63,Structures,1967,Current Dollars,Level,6,"32,397",FAAt401
FAAt401,k1ntotl7st00,63,Structures,1968,Current Dollars,Level,6,"35,557",FAAt401
FAAt401,k1ntotl7st00,63,Structures,1969,Current Dollars,Level,6,"39,294",FAAt401
FAAt401,k1ntotl7st00,63,Structures,1970,Current Dollars,Level,6,"43,434",FAAt401
FAAt401,k1ntotl7st00,63,Structures,1971,Current Dollars,Level,6,"49,200",FAAt401
FAAt401,k1ntotl7st00,63,Structures,1972,Current Dollars,Level,6,"54,735",FAAt401
FAAt401,k1ntotl7st00,63,Structures,1973,Current Dollars,Level,6,"62,476",FAAt401
FAAt401,k1ntotl7st00,63,Structures,1974,Current Dollars,Level,6,"74,442",FAAt401
FAAt401,k1ntotl7st00,63,Structures,1975,Current Dollars,Level,6,"79,173",FAAt401
FAAt401,k1ntotl7st00,63,Structures,1976,Current Dollars,Level,6,"85,434",FAAt401
FAAt401,k1ntotl7st00,63,Structures,1977,Current Dollars,Level,6,"95,224",FAAt401
FAAt401,k1ntotl7st00,63,Structures,1978,Current Dollars,Level,6,"108,188",FAAt401
FAAt401,k1ntotl7st00,63,Structures,1979,Current Dollars,Level,6,"128,019",FAAt401
FAAt401,k1ntotl7st00,63,Structures,1980,Current Dollars,Level,6,"150,514",FAAt401
FAAt401,k1ntotl7st00,63,Structures,1981,Current Dollars,Level,6,"179,580",FAAt401
FAAt401,k1ntotl7st00,63,Structures,1982,Current Dollars,Level,6,"198,454",FAAt401
FAAt401,k1ntotl7st00,63,Structures,1983,Current Dollars,Level,6,"208,421",FAAt401
FAAt401,k1ntotl7st00,63,Structures,1984,Current Dollars,Level,6,"229,733",FAAt401
FAAt401,k1ntotl7st00,63,Structures,1985,Current Dollars,Level,6,"254,102",FAAt401
FAAt401,k1ntotl7st00,63,Structures,1986,Current Dollars,Level,6,"276,425",FAAt401
FAAt401,k1ntotl7st00,63,Structures,1987,Current Dollars,Level,6,"301,246",FAAt401
FAAt401,k1ntotl7st00,63,Structures,1988,Current Dollars,Level,6,"329,031",FAAt401
FAAt401,k1ntotl7st00,63,Structures,1989,Current Dollars,Level,6,"354,807",FAAt401
FAAt401,k1ntotl7st00,63,Structures,1990,Current Dollars,Level,6,"372,181",FAAt401
FAAt401,k1ntotl7st00,63,Structures,1991,Current Dollars,Level,6,"374,373",FAAt401
FAAt401,k1ntotl7st00,63,Structures,1992,Current Dollars,Level,6,"380,291",FAAt401
FAAt401,k1ntotl7st00,63,Structures,1993,Current Dollars,Level,6,"394,545",FAAt401
FAAt401,k1ntotl7st00,63,Structures,1994,Current Dollars,Level,6,"412,542",FAAt401
FAAt401,k1ntotl7st00,63,Structures,1995,Current Dollars,Level,6,"426,898",FAAt401
FAAt401,k1ntotl7st00,63,Structures,1996,Current Dollars,Level,6,"441,936",FAAt401
FAAt401,k1ntotl7st00,63,Structures,1997,Current Dollars,Level,6,"464,519",FAAt401
FAAt401,k1ntotl7st00,63,Structures,1998,Current Dollars,Level,6,"491,358",FAAt401
FAAt401,k1ntotl7st00,63,Structures,1999,Current Dollars,Level,6,"518,603",FAAt401
FAAt401,k1ntotl7st00,63,Structures,2000,Current Dollars,Level,6,"551,183",FAAt401
FAAt401,k1ntotl7st00,63,Structures,2001,Current Dollars,Level,6,"583,350",FAAt401
FAAt401,k1ntotl7st00,63,Structures,2002,Current Dollars,Level,6,"610,965",FAAt401
FAAt401,k1ntotl7st00,63,Structures,2003,Current Dollars,Level,6,"635,539",FAAt401
FAAt401,k1ntotl7st00,63,Structures,2004,Current Dollars,Level,6,"702,981",FAAt401
FAAt401,k1ntotl7st00,63,Structures,2005,Current Dollars,Level,6,"787,975",FAAt401
FAAt401,k1ntotl7st00,63,Structures,2006,Current Dollars,Level,6,"867,642",FAAt401
FAAt401,k1ntotl7st00,63,Structures,2007,Current Dollars,Level,6,"925,566",FAAt401
FAAt401,k1ntotl7st00,63,Structures,2008,Current Dollars,Level,6,"997,449",FAAt401
FAAt401,k1ntotl7st00,63,Structures,2009,Current Dollars,Level,6,"952,734",FAAt401
FAAt401,k1ntotl7st00,63,Structures,2010,Current Dollars,Level,6,"965,526",FAAt401
FAAt401,k1ntotl7st00,63,Structures,2011,Current Dollars,Level,6,"1,004,077",FAAt401
FAAt401,k1ntotl7st00,63,Structures,2012,Current Dollars,Level,6,"1,031,668",FAAt401
FAAt401,k1ntotl7st00,63,Structures,2013,Current Dollars,Level,6,"1,083,497",FAAt401
FAAt401,k1ntotl7st00,63,Structures,2014,Current Dollars,Level,6,"1,144,723",FAAt401
FAAt401,k1ntotl7st00,63,Structures,2015,Current Dollars,Level,6,"1,183,201",FAAt401
FAAt401,k1ntotl7st00,63,Structures,2016,Current Dollars,Level,6,"1,221,063",FAAt401
FAAt401,k1ntotl7st00,63,Structures,2017,Current Dollars,Level,6,"1,273,377",FAAt401
FAAt401,k1ntotl7st00,63,Structures,2018,Current Dollars,Level,6,"1,340,869",FAAt401
FAAt401,k1ntotl7st00,63,Structures,2019,Current Dollars,Level,6,"1,415,281",FAAt401
FAAt401,k1ntotl7st00,63,Structures,2020,Current Dollars,Level,6,"1,435,674",FAAt401
FAAt401,k1ntotl7st00,63,Structures,2021,Current Dollars,Level,6,"1,654,697",FAAt401
FAAt401,k1ntotl7st00,63,Structures,2022,Current Dollars,Level,6,"1,910,335",FAAt401
FAAt401,k1ntotl7st00,63,Structures,2023,Current Dollars,Level,6,"1,952,060",FAAt401
FAAt401,k1ntotl7st00,63,Structures,2024,Current Dollars,Level,6,"2,006,237",FAAt401
FAAt401,k1ntotl7ip00,64,Intellectual property products,1925,Current Dollars,Level,6,290,FAAt401
FAAt401,k1ntotl7ip00,64,Intellectual property products,1926,Current Dollars,Level,6,302,FAAt401
FAAt401,k1ntotl7ip00,64,Intellectual property products,1927,Current Dollars,Level,6,316,FAAt401
FAAt401,k1ntotl7ip00,64,Intellectual property products,1928,Current Dollars,Level,6,339,FAAt401
FAAt401,k1ntotl7ip00,64,Intellectual property products,1929,Current Dollars,Level,6,368,FAAt401
FAAt401,k1ntotl7ip00,64,Intellectual property products,1930,Current Dollars,Level,6,376,FAAt401
FAAt401,k1ntotl7ip00,64,Intellectual property products,1931,Current Dollars,Level,6,373,FAAt401
FAAt401,k1ntotl7ip00,64,Intellectual property products,1932,Current Dollars,Level,6,359,FAAt401
FAAt401,k1ntotl7ip00,64,Intellectual property products,1933,Current Dollars,Level,6,344,FAAt401
FAAt401,k1ntotl7ip00,64,Intellectual property products,1934,Current Dollars,Level,6,367,FAAt401
FAAt401,k1ntotl7ip00,64,Intellectual property products,1935,Current Dollars,Level,6,393,FAAt401
FAAt401,k1ntotl7ip00,64,Intellectual property products,1936,Current Dollars,Level,6,437,FAAt401
FAAt401,k1ntotl7ip00,64,Intellectual property products,1937,Current Dollars,Level,6,487,FAAt401
FAAt401,k1ntotl7ip00,64,Intellectual property products,1938,Current Dollars,Level,6,532,FAAt401
FAAt401,k1ntotl7ip00,64,Intellectual property products,1939,Current Dollars,Level,6,570,FAAt401
FAAt401,k1ntotl7ip00,64,Intellectual property products,1940,Current Dollars,Level,6,602,FAAt401
FAAt401,k1ntotl7ip00,64,Intellectual property products,1941,Current Dollars,Level,6,671,FAAt401
FAAt401,k1ntotl7ip00,64,Intellectual property products,1942,Current Dollars,Level,6,745,FAAt401
FAAt401,k1ntotl7ip00,64,Intellectual property products,1943,Current Dollars,Level,6,829,FAAt401
FAAt401,k1ntotl7ip00,64,Intellectual property products,1944,Current Dollars,Level,6,913,FAAt401
FAAt401,k1ntotl7ip00,64,Intellectual property products,1945,Current Dollars,Level,6,993,FAAt401
FAAt401,k1ntotl7ip00,64,Intellectual property products,1946,Current Dollars,Level,6,"1,111",FAAt401
FAAt401,k1ntotl7ip00,64,Intellectual property products,1947,Current Dollars,Level,6,"1,293",FAAt401
FAAt401,k1ntotl7ip00,64,Intellectual property products,1948,Current Dollars,Level,6,"1,379",FAAt401
FAAt401,k1ntotl7ip00,64,Intellectual property products,1949,Current Dollars,Level,6,"1,441",FAAt401
FAAt401,k1ntotl7ip00,64,Intellectual property products,1950,Current Dollars,Level,6,"1,566",FAAt401
FAAt401,k1ntotl7ip00,64,Intellectual property products,1951,Current Dollars,Level,6,"1,613",FAAt401
FAAt401,k1ntotl7ip00,64,Intellectual property products,1952,Current Dollars,Level,6,"1,674",FAAt401
FAAt401,k1ntotl7ip00,64,Intellectual property products,1953,Current Dollars,Level,6,"1,790",FAAt401
FAAt401,k1ntotl7ip00,64,Intellectual property products,1954,Current Dollars,Level,6,"1,883",FAAt401
FAAt401,k1ntotl7ip00,64,Intellectual property products,1955,Current Dollars,Level,6,"2,020",FAAt401
FAAt401,k1ntotl7ip00,64,Intellectual property products,1956,Current Dollars,Level,6,"2,159",FAAt401
FAAt401,k1ntotl7ip00,64,Intellectual property products,1957,Current Dollars,Level,6,"2,311",FAAt401
FAAt401,k1ntotl7ip00,64,Intellectual property products,1958,Current Dollars,Level,6,"2,426",FAAt401
FAAt401,k1ntotl7ip00,64,Intellectual property products,1959,Current Dollars,Level,6,"2,639",FAAt401
FAAt401,k1ntotl7ip00,64,Intellectual property products,1960,Current Dollars,Level,6,"2,747",FAAt401
FAAt401,k1ntotl7ip00,64,Intellectual property products,1961,Current Dollars,Level,6,"2,933",FAAt401
FAAt401,k1ntotl7ip00,64,Intellectual property products,1962,Current Dollars,Level,6,"3,050",FAAt401
FAAt401,k1ntotl7ip00,64,Intellectual property products,1963,Current Dollars,Level,6,"3,205",FAAt401
FAAt401,k1ntotl7ip00,64,Intellectual property products,1964,Current Dollars,Level,6,"3,337",FAAt401
FAAt401,k1ntotl7ip00,64,Intellectual property products,1965,Current Dollars,Level,6,"3,490",FAAt401
FAAt401,k1ntotl7ip00,64,Intellectual property products,1966,Current Dollars,Level,6,"3,607",FAAt401
FAAt401,k1ntotl7ip00,64,Intellectual property products,1967,Current Dollars,Level,6,"3,783",FAAt401
FAAt401,k1ntotl7ip00,64,Intellectual property products,1968,Current Dollars,Level,6,"3,949",FAAt401
FAAt401,k1ntotl7ip00,64,Intellectual property products,1969,Current Dollars,Level,6,"4,187",FAAt401
FAAt401,k1ntotl7ip00,64,Intellectual property products,1970,Current Dollars,Level,6,"4,402",FAAt401
FAAt401,k1ntotl7ip00,64,Intellectual property products,1971,Current Dollars,Level,6,"4,443",FAAt401
FAAt401,k1ntotl7ip00,64,Intellectual property products,1972,Current Dollars,Level,6,"4,474",FAAt401
FAAt401,k1ntotl7ip00,64,Intellectual property products,1973,Current Dollars,Level,6,"4,581",FAAt401
FAAt401,k1ntotl7ip00,64,Intellectual property products,1974,Current Dollars,Level,6,"4,869",FAAt401
FAAt401,k1ntotl7ip00,64,Intellectual property products,1975,Current Dollars,Level,6,"5,035",FAAt401
FAAt401,k1ntotl7ip00,64,Intellectual property products,1976,Current Dollars,Level,6,"5,267",FAAt401
FAAt401,k1ntotl7ip00,64,Intellectual property products,1977,Current Dollars,Level,6,"5,421",FAAt401
FAAt401,k1ntotl7ip00,64,Intellectual property products,1978,Current Dollars,Level,6,"5,923",FAAt401
FAAt401,k1ntotl7ip00,64,Intellectual property products,1979,Current Dollars,Level,6,"6,603",FAAt401
FAAt401,k1ntotl7ip00,64,Intellectual property products,1980,Current Dollars,Level,6,"7,390",FAAt401
FAAt401,k1ntotl7ip00,64,Intellectual property products,1981,Current Dollars,Level,6,"8,281",FAAt401
FAAt401,k1ntotl7ip00,64,Intellectual property products,1982,Current Dollars,Level,6,"8,862",FAAt401
FAAt401,k1ntotl7ip00,64,Intellectual property products,1983,Current Dollars,Level,6,"9,499",FAAt401
FAAt401,k1ntotl7ip00,64,Intellectual property products,1984,Current Dollars,Level,6,"10,473",FAAt401
FAAt401,k1ntotl7ip00,64,Intellectual property products,1985,Current Dollars,Level,6,"11,597",FAAt401
FAAt401,k1ntotl7ip00,64,Intellectual property products,1986,Current Dollars,Level,6,"12,855",FAAt401
FAAt401,k1ntotl7ip00,64,Intellectual property products,1987,Current Dollars,Level,6,"14,857",FAAt401
FAAt401,k1ntotl7ip00,64,Intellectual property products,1988,Current Dollars,Level,6,"19,260",FAAt401
FAAt401,k1ntotl7ip00,64,Intellectual property products,1989,Current Dollars,Level,6,"23,780",FAAt401
FAAt401,k1ntotl7ip00,64,Intellectual property products,1990,Current Dollars,Level,6,"28,306",FAAt401
FAAt401,k1ntotl7ip00,64,Intellectual property products,1991,Current Dollars,Level,6,"32,742",FAAt401
FAAt401,k1ntotl7ip00,64,Intellectual property products,1992,Current Dollars,Level,6,"36,686",FAAt401
FAAt401,k1ntotl7ip00,64,Intellectual property products,1993,Current Dollars,Level,6,"40,163",FAAt401
FAAt401,k1ntotl7ip00,64,Intellectual property products,1994,Current Dollars,Level,6,"43,801",FAAt401
FAAt401,k1ntotl7ip00,64,Intellectual property products,1995,Current Dollars,Level,6,"47,527",FAAt401
FAAt401,k1ntotl7ip00,64,Intellectual property products,1996,Current Dollars,Level,6,"50,836",FAAt401
FAAt401,k1ntotl7ip00,64,Intellectual property products,1997,Current Dollars,Level,6,"54,787",FAAt401
FAAt401,k1ntotl7ip00,64,Intellectual property products,1998,Current Dollars,Level,6,"60,396",FAAt401
FAAt401,k1ntotl7ip00,64,Intellectual property products,1999,Current Dollars,Level,6,"68,825",FAAt401
FAAt401,k1ntotl7ip00,64,Intellectual property products,2000,Current Dollars,Level,6,"78,639",FAAt401
FAAt401,k1ntotl7ip00,64,Intellectual property products,2001,Current Dollars,Level,6,"85,033",FAAt401
FAAt401,k1ntotl7ip00,64,Intellectual property products,2002,Current Dollars,Level,6,"91,766",FAAt401
FAAt401,k1ntotl7ip00,64,Intellectual property products,2003,Current Dollars,Level,6,"99,235",FAAt401
FAAt401,k1ntotl7ip00,64,Intellectual property products,2004,Current Dollars,Level,6,"105,702",FAAt401
FAAt401,k1ntotl7ip00,64,Intellectual property products,2005,Current Dollars,Level,6,"114,602",FAAt401
FAAt401,k1ntotl7ip00,64,Intellectual property products,2006,Current Dollars,Level,6,"123,413",FAAt401
FAAt401,k1ntotl7ip00,64,Intellectual property products,2007,Current Dollars,Level,6,"134,570",FAAt401
FAAt401,k1ntotl7ip00,64,Intellectual property products,2008,Current Dollars,Level,6,"143,126",FAAt401
FAAt401,k1ntotl7ip00,64,Intellectual property products,2009,Current Dollars,Level,6,"147,503",FAAt401
FAAt401,k1ntotl7ip00,64,Intellectual property products,2010,Current Dollars,Level,6,"153,362",FAAt401
FAAt401,k1ntotl7ip00,64,Intellectual property products,2011,Current Dollars,Level,6,"159,794",FAAt401
FAAt401,k1ntotl7ip00,64,Intellectual property products,2012,Current Dollars,Level,6,"166,340",FAAt401
FAAt401,k1ntotl7ip00,64,Intellectual property products,2013,Current Dollars,Level,6,"180,720",FAAt401
FAAt401,k1ntotl7ip00,64,Intellectual property products,2014,Current Dollars,Level,6,"189,793",FAAt401
FAAt401,k1ntotl7ip00,64,Intellectual property products,2015,Current Dollars,Level,6,"200,594",FAAt401
FAAt401,k1ntotl7ip00,64,Intellectual property products,2016,Current Dollars,Level,6,"205,900",FAAt401
FAAt401,k1ntotl7ip00,64,Intellectual property products,2017,Current Dollars,Level,6,"223,350",FAAt401
FAAt401,k1ntotl7ip00,64,Intellectual property products,2018,Current Dollars,Level,6,"234,671",FAAt401
FAAt401,k1ntotl7ip00,64,Intellectual property products,2019,Current Dollars,Level,6,"252,039",FAAt401
FAAt401,k1ntotl7ip00,64,Intellectual property products,2020,Current Dollars,Level,6,"270,253",FAAt401
FAAt401,k1ntotl7ip00,64,Intellectual property products,2021,Current Dollars,Level,6,"289,623",FAAt401
FAAt401,k1ntotl7ip00,64,Intellectual property products,2022,Current Dollars,Level,6,"328,747",FAAt401
FAAt401,k1ntotl7ip00,64,Intellectual property products,2023,Current Dollars,Level,6,"362,664",FAAt401
FAAt401,k1ntotl7ip00,64,Intellectual property products,2024,Current Dollars,Level,6,"395,007",FAAt401
FAAt401,k1ntotl8es00,65,Nonprofit institutions,1925,Current Dollars,Level,6,"5,477",FAAt401
FAAt401,k1ntotl8es00,65,Nonprofit institutions,1926,Current Dollars,Level,6,"5,908",FAAt401
FAAt401,k1ntotl8es00,65,Nonprofit institutions,1927,Current Dollars,Level,6,"6,292",FAAt401
FAAt401,k1ntotl8es00,65,Nonprofit institutions,1928,Current Dollars,Level,6,"6,756",FAAt401
FAAt401,k1ntotl8es00,65,Nonprofit institutions,1929,Current Dollars,Level,6,"6,869",FAAt401
FAAt401,k1ntotl8es00,65,Nonprofit institutions,1930,Current Dollars,Level,6,"6,566",FAAt401
FAAt401,k1ntotl8es00,65,Nonprofit institutions,1931,Current Dollars,Level,6,"5,693",FAAt401
FAAt401,k1ntotl8es00,65,Nonprofit institutions,1932,Current Dollars,Level,6,"5,195",FAAt401
FAAt401,k1ntotl8es00,65,Nonprofit institutions,1933,Current Dollars,Level,6,"5,517",FAAt401
FAAt401,k1ntotl8es00,65,Nonprofit institutions,1934,Current Dollars,Level,6,"5,596",FAAt401
FAAt401,k1ntotl8es00,65,Nonprofit institutions,1935,Current Dollars,Level,6,"5,743",FAAt401
FAAt401,k1ntotl8es00,65,Nonprofit institutions,1936,Current Dollars,Level,6,"6,655",FAAt401
FAAt401,k1ntotl8es00,65,Nonprofit institutions,1937,Current Dollars,Level,6,"7,033",FAAt401
FAAt401,k1ntotl8es00,65,Nonprofit institutions,1938,Current Dollars,Level,6,"7,076",FAAt401
FAAt401,k1ntotl8es00,65,Nonprofit institutions,1939,Current Dollars,Level,6,"7,148",FAAt401
FAAt401,k1ntotl8es00,65,Nonprofit institutions,1940,Current Dollars,Level,6,"7,641",FAAt401
FAAt401,k1ntotl8es00,65,Nonprofit institutions,1941,Current Dollars,Level,6,"8,587",FAAt401
FAAt401,k1ntotl8es00,65,Nonprofit institutions,1942,Current Dollars,Level,6,"9,200",FAAt401
FAAt401,k1ntotl8es00,65,Nonprofit institutions,1943,Current Dollars,Level,6,"9,636",FAAt401
FAAt401,k1ntotl8es00,65,Nonprofit institutions,1944,Current Dollars,Level,6,"9,600",FAAt401
FAAt401,k1ntotl8es00,65,Nonprofit institutions,1945,Current Dollars,Level,6,"10,417",FAAt401
FAAt401,k1ntotl8es00,65,Nonprofit institutions,1946,Current Dollars,Level,6,"14,151",FAAt401
FAAt401,k1ntotl8es00,65,Nonprofit institutions,1947,Current Dollars,Level,6,"17,186",FAAt401
FAAt401,k1ntotl8es00,65,Nonprofit institutions,1948,Current Dollars,Level,6,"17,993",FAAt401
FAAt401,k1ntotl8es00,65,Nonprofit institutions,1949,Current Dollars,Level,6,"17,966",FAAt401
FAAt401,k1ntotl8es00,65,Nonprofit institutions,1950,Current Dollars,Level,6,"21,066",FAAt401
FAAt401,k1ntotl8es00,65,Nonprofit institutions,1951,Current Dollars,Level,6,"23,561",FAAt401
FAAt401,k1ntotl8es00,65,Nonprofit institutions,1952,Current Dollars,Level,6,"24,894",FAAt401
FAAt401,k1ntotl8es00,65,Nonprofit institutions,1953,Current Dollars,Level,6,"25,465",FAAt401
FAAt401,k1ntotl8es00,65,Nonprofit institutions,1954,Current Dollars,Level,6,"26,558",FAAt401
FAAt401,k1ntotl8es00,65,Nonprofit institutions,1955,Current Dollars,Level,6,"29,914",FAAt401
FAAt401,k1ntotl8es00,65,Nonprofit institutions,1956,Current Dollars,Level,6,"33,287",FAAt401
FAAt401,k1ntotl8es00,65,Nonprofit institutions,1957,Current Dollars,Level,6,"35,780",FAAt401
FAAt401,k1ntotl8es00,65,Nonprofit institutions,1958,Current Dollars,Level,6,"36,794",FAAt401
FAAt401,k1ntotl8es00,65,Nonprofit institutions,1959,Current Dollars,Level,6,"38,823",FAAt401
FAAt401,k1ntotl8es00,65,Nonprofit institutions,1960,Current Dollars,Level,6,"40,624",FAAt401
FAAt401,k1ntotl8es00,65,Nonprofit institutions,1961,Current Dollars,Level,6,"43,593",FAAt401
FAAt401,k1ntotl8es00,65,Nonprofit institutions,1962,Current Dollars,Level,6,"47,081",FAAt401
FAAt401,k1ntotl8es00,65,Nonprofit institutions,1963,Current Dollars,Level,6,"50,434",FAAt401
FAAt401,k1ntotl8es00,65,Nonprofit institutions,1964,Current Dollars,Level,6,"55,221",FAAt401
FAAt401,k1ntotl8es00,65,Nonprofit institutions,1965,Current Dollars,Level,6,"60,373",FAAt401
FAAt401,k1ntotl8es00,65,Nonprofit institutions,1966,Current Dollars,Level,6,"66,575",FAAt401
FAAt401,k1ntotl8es00,65,Nonprofit institutions,1967,Current Dollars,Level,6,"72,252",FAAt401
FAAt401,k1ntotl8es00,65,Nonprofit institutions,1968,Current Dollars,Level,6,"80,496",FAAt401
FAAt401,k1ntotl8es00,65,Nonprofit institutions,1969,Current Dollars,Level,6,"89,672",FAAt401
FAAt401,k1ntotl8es00,65,Nonprofit institutions,1970,Current Dollars,Level,6,"99,812",FAAt401
FAAt401,k1ntotl8es00,65,Nonprofit institutions,1971,Current Dollars,Level,6,"113,210",FAAt401
FAAt401,k1ntotl8es00,65,Nonprofit institutions,1972,Current Dollars,Level,6,"126,875",FAAt401
FAAt401,k1ntotl8es00,65,Nonprofit institutions,1973,Current Dollars,Level,6,"143,157",FAAt401
FAAt401,k1ntotl8es00,65,Nonprofit institutions,1974,Current Dollars,Level,6,"169,111",FAAt401
FAAt401,k1ntotl8es00,65,Nonprofit institutions,1975,Current Dollars,Level,6,"179,524",FAAt401
FAAt401,k1ntotl8es00,65,Nonprofit institutions,1976,Current Dollars,Level,6,"192,912",FAAt401
FAAt401,k1ntotl8es00,65,Nonprofit institutions,1977,Current Dollars,Level,6,"213,514",FAAt401
FAAt401,k1ntotl8es00,65,Nonprofit institutions,1978,Current Dollars,Level,6,"238,491",FAAt401
FAAt401,k1ntotl8es00,65,Nonprofit institutions,1979,Current Dollars,Level,6,"271,782",FAAt401
FAAt401,k1ntotl8es00,65,Nonprofit institutions,1980,Current Dollars,Level,6,"306,192",FAAt401
FAAt401,k1ntotl8es00,65,Nonprofit institutions,1981,Current Dollars,Level,6,"334,222",FAAt401
FAAt401,k1ntotl8es00,65,Nonprofit institutions,1982,Current Dollars,Level,6,"356,751",FAAt401
FAAt401,k1ntotl8es00,65,Nonprofit institutions,1983,Current Dollars,Level,6,"375,819",FAAt401
FAAt401,k1ntotl8es00,65,Nonprofit institutions,1984,Current Dollars,Level,6,"399,073",FAAt401
FAAt401,k1ntotl8es00,65,Nonprofit institutions,1985,Current Dollars,Level,6,"419,079",FAAt401
FAAt401,k1ntotl8es00,65,Nonprofit institutions,1986,Current Dollars,Level,6,"445,593",FAAt401
FAAt401,k1ntotl8es00,65,Nonprofit institutions,1987,Current Dollars,Level,6,"475,070",FAAt401
FAAt401,k1ntotl8es00,65,Nonprofit institutions,1988,Current Dollars,Level,6,"505,988",FAAt401
FAAt401,k1ntotl8es00,65,Nonprofit institutions,1989,Current Dollars,Level,6,"539,134",FAAt401
FAAt401,k1ntotl8es00,65,Nonprofit institutions,1990,Current Dollars,Level,6,"570,086",FAAt401
FAAt401,k1ntotl8es00,65,Nonprofit institutions,1991,Current Dollars,Level,6,"590,062",FAAt401
FAAt401,k1ntotl8es00,65,Nonprofit institutions,1992,Current Dollars,Level,6,"619,551",FAAt401
FAAt401,k1ntotl8es00,65,Nonprofit institutions,1993,Current Dollars,Level,6,"651,812",FAAt401
FAAt401,k1ntotl8es00,65,Nonprofit institutions,1994,Current Dollars,Level,6,"691,321",FAAt401
FAAt401,k1ntotl8es00,65,Nonprofit institutions,1995,Current Dollars,Level,6,"719,073",FAAt401
FAAt401,k1ntotl8es00,65,Nonprofit institutions,1996,Current Dollars,Level,6,"749,721",FAAt401
FAAt401,k1ntotl8es00,65,Nonprofit institutions,1997,Current Dollars,Level,6,"797,278",FAAt401
FAAt401,k1ntotl8es00,65,Nonprofit institutions,1998,Current Dollars,Level,6,"857,327",FAAt401
FAAt401,k1ntotl8es00,65,Nonprofit institutions,1999,Current Dollars,Level,6,"921,962",FAAt401
FAAt401,k1ntotl8es00,65,Nonprofit institutions,2000,Current Dollars,Level,6,"993,805",FAAt401
FAAt401,k1ntotl8es00,65,Nonprofit institutions,2001,Current Dollars,Level,6,"1,061,506",FAAt401
FAAt401,k1ntotl8es00,65,Nonprofit institutions,2002,Current Dollars,Level,6,"1,125,400",FAAt401
FAAt401,k1ntotl8es00,65,Nonprofit institutions,2003,Current Dollars,Level,6,"1,194,906",FAAt401
FAAt401,k1ntotl8es00,65,Nonprofit institutions,2004,Current Dollars,Level,6,"1,319,349",FAAt401
FAAt401,k1ntotl8es00,65,Nonprofit institutions,2005,Current Dollars,Level,6,"1,453,828",FAAt401
FAAt401,k1ntotl8es00,65,Nonprofit institutions,2006,Current Dollars,Level,6,"1,593,013",FAAt401
FAAt401,k1ntotl8es00,65,Nonprofit institutions,2007,Current Dollars,Level,6,"1,692,823",FAAt401
FAAt401,k1ntotl8es00,65,Nonprofit institutions,2008,Current Dollars,Level,6,"1,801,735",FAAt401
FAAt401,k1ntotl8es00,65,Nonprofit institutions,2009,Current Dollars,Level,6,"1,771,499",FAAt401
FAAt401,k1ntotl8es00,65,Nonprofit institutions,2010,Current Dollars,Level,6,"1,809,044",FAAt401
FAAt401,k1ntotl8es00,65,Nonprofit institutions,2011,Current Dollars,Level,6,"1,891,215",FAAt401
FAAt401,k1ntotl8es00,65,Nonprofit institutions,2012,Current Dollars,Level,6,"1,959,607",FAAt401
FAAt401,k1ntotl8es00,65,Nonprofit institutions,2013,Current Dollars,Level,6,"2,083,860",FAAt401
FAAt401,k1ntotl8es00,65,Nonprofit institutions,2014,Current Dollars,Level,6,"2,179,563",FAAt401
FAAt401,k1ntotl8es00,65,Nonprofit institutions,2015,Current Dollars,Level,6,"2,267,757",FAAt401
FAAt401,k1ntotl8es00,65,Nonprofit institutions,2016,Current Dollars,Level,6,"2,368,334",FAAt401
FAAt401,k1ntotl8es00,65,Nonprofit institutions,2017,Current Dollars,Level,6,"2,483,131",FAAt401
FAAt401,k1ntotl8es00,65,Nonprofit institutions,2018,Current Dollars,Level,6,"2,652,508",FAAt401
FAAt401,k1ntotl8es00,65,Nonprofit institutions,2019,Current Dollars,Level,6,"2,805,953",FAAt401
FAAt401,k1ntotl8es00,65,Nonprofit institutions,2020,Current Dollars,Level,6,"2,919,596",FAAt401
FAAt401,k1ntotl8es00,65,Nonprofit institutions,2021,Current Dollars,Level,6,"3,251,660",FAAt401
FAAt401,k1ntotl8es00,65,Nonprofit institutions,2022,Current Dollars,Level,6,"3,708,315",FAAt401
FAAt401,k1ntotl8es00,65,Nonprofit institutions,2023,Current Dollars,Level,6,"3,792,772",FAAt401
FAAt401,k1ntotl8es00,65,Nonprofit institutions,2024,Current Dollars,Level,6,"3,920,411",FAAt401
FAAt401,k1ntotl8eq00,66,Equipment,1925,Current Dollars,Level,6,47,FAAt401
FAAt401,k1ntotl8eq00,66,Equipment,1926,Current Dollars,Level,6,60,FAAt401
FAAt401,k1ntotl8eq00,66,Equipment,1927,Current Dollars,Level,6,69,FAAt401
FAAt401,k1ntotl8eq00,66,Equipment,1928,Current Dollars,Level,6,80,FAAt401
FAAt401,k1ntotl8eq00,66,Equipment,1929,Current Dollars,Level,6,87,FAAt401
FAAt401,k1ntotl8eq00,66,Equipment,1930,Current Dollars,Level,6,95,FAAt401
FAAt401,k1ntotl8eq00,66,Equipment,1931,Current Dollars,Level,6,101,FAAt401
FAAt401,k1ntotl8eq00,66,Equipment,1932,Current Dollars,Level,6,92,FAAt401
FAAt401,k1ntotl8eq00,66,Equipment,1933,Current Dollars,Level,6,99,FAAt401
FAAt401,k1ntotl8eq00,66,Equipment,1934,Current Dollars,Level,6,107,FAAt401
FAAt401,k1ntotl8eq00,66,Equipment,1935,Current Dollars,Level,6,117,FAAt401
FAAt401,k1ntotl8eq00,66,Equipment,1936,Current Dollars,Level,6,141,FAAt401
FAAt401,k1ntotl8eq00,66,Equipment,1937,Current Dollars,Level,6,169,FAAt401
FAAt401,k1ntotl8eq00,66,Equipment,1938,Current Dollars,Level,6,184,FAAt401
FAAt401,k1ntotl8eq00,66,Equipment,1939,Current Dollars,Level,6,211,FAAt401
FAAt401,k1ntotl8eq00,66,Equipment,1940,Current Dollars,Level,6,251,FAAt401
FAAt401,k1ntotl8eq00,66,Equipment,1941,Current Dollars,Level,6,300,FAAt401
FAAt401,k1ntotl8eq00,66,Equipment,1942,Current Dollars,Level,6,270,FAAt401
FAAt401,k1ntotl8eq00,66,Equipment,1943,Current Dollars,Level,6,310,FAAt401
FAAt401,k1ntotl8eq00,66,Equipment,1944,Current Dollars,Level,6,268,FAAt401
FAAt401,k1ntotl8eq00,66,Equipment,1945,Current Dollars,Level,6,403,FAAt401
FAAt401,k1ntotl8eq00,66,Equipment,1946,Current Dollars,Level,6,546,FAAt401
FAAt401,k1ntotl8eq00,66,Equipment,1947,Current Dollars,Level,6,708,FAAt401
FAAt401,k1ntotl8eq00,66,Equipment,1948,Current Dollars,Level,6,871,FAAt401
FAAt401,k1ntotl8eq00,66,Equipment,1949,Current Dollars,Level,6,966,FAAt401
FAAt401,k1ntotl8eq00,66,Equipment,1950,Current Dollars,Level,6,"1,251",FAAt401
FAAt401,k1ntotl8eq00,66,Equipment,1951,Current Dollars,Level,6,"1,487",FAAt401
FAAt401,k1ntotl8eq00,66,Equipment,1952,Current Dollars,Level,6,"1,616",FAAt401
FAAt401,k1ntotl8eq00,66,Equipment,1953,Current Dollars,Level,6,"1,861",FAAt401
FAAt401,k1ntotl8eq00,66,Equipment,1954,Current Dollars,Level,6,"2,038",FAAt401
FAAt401,k1ntotl8eq00,66,Equipment,1955,Current Dollars,Level,6,"2,285",FAAt401
FAAt401,k1ntotl8eq00,66,Equipment,1956,Current Dollars,Level,6,"2,594",FAAt401
FAAt401,k1ntotl8eq00,66,Equipment,1957,Current Dollars,Level,6,"2,905",FAAt401
FAAt401,k1ntotl8eq00,66,Equipment,1958,Current Dollars,Level,6,"3,111",FAAt401
FAAt401,k1ntotl8eq00,66,Equipment,1959,Current Dollars,Level,6,"3,383",FAAt401
FAAt401,k1ntotl8eq00,66,Equipment,1960,Current Dollars,Level,6,"3,588",FAAt401
FAAt401,k1ntotl8eq00,66,Equipment,1961,Current Dollars,Level,6,"3,813",FAAt401
FAAt401,k1ntotl8eq00,66,Equipment,1962,Current Dollars,Level,6,"4,065",FAAt401
FAAt401,k1ntotl8eq00,66,Equipment,1963,Current Dollars,Level,6,"4,340",FAAt401
FAAt401,k1ntotl8eq00,66,Equipment,1964,Current Dollars,Level,6,"4,675",FAAt401
FAAt401,k1ntotl8eq00,66,Equipment,1965,Current Dollars,Level,6,"5,052",FAAt401
FAAt401,k1ntotl8eq00,66,Equipment,1966,Current Dollars,Level,6,"5,577",FAAt401
FAAt401,k1ntotl8eq00,66,Equipment,1967,Current Dollars,Level,6,"6,084",FAAt401
FAAt401,k1ntotl8eq00,66,Equipment,1968,Current Dollars,Level,6,"6,618",FAAt401
FAAt401,k1ntotl8eq00,66,Equipment,1969,Current Dollars,Level,6,"7,317",FAAt401
FAAt401,k1ntotl8eq00,66,Equipment,1970,Current Dollars,Level,6,"8,034",FAAt401
FAAt401,k1ntotl8eq00,66,Equipment,1971,Current Dollars,Level,6,"8,708",FAAt401
FAAt401,k1ntotl8eq00,66,Equipment,1972,Current Dollars,Level,6,"10,159",FAAt401
FAAt401,k1ntotl8eq00,66,Equipment,1973,Current Dollars,Level,6,"12,062",FAAt401
FAAt401,k1ntotl8eq00,66,Equipment,1974,Current Dollars,Level,6,"15,876",FAAt401
FAAt401,k1ntotl8eq00,66,Equipment,1975,Current Dollars,Level,6,"18,553",FAAt401
FAAt401,k1ntotl8eq00,66,Equipment,1976,Current Dollars,Level,6,"21,147",FAAt401
FAAt401,k1ntotl8eq00,66,Equipment,1977,Current Dollars,Level,6,"23,717",FAAt401
FAAt401,k1ntotl8eq00,66,Equipment,1978,Current Dollars,Level,6,"27,045",FAAt401
FAAt401,k1ntotl8eq00,66,Equipment,1979,Current Dollars,Level,6,"30,552",FAAt401
FAAt401,k1ntotl8eq00,66,Equipment,1980,Current Dollars,Level,6,"35,048",FAAt401
FAAt401,k1ntotl8eq00,66,Equipment,1981,Current Dollars,Level,6,"38,859",FAAt401
FAAt401,k1ntotl8eq00,66,Equipment,1982,Current Dollars,Level,6,"41,339",FAAt401
FAAt401,k1ntotl8eq00,66,Equipment,1983,Current Dollars,Level,6,"43,832",FAAt401
FAAt401,k1ntotl8eq00,66,Equipment,1984,Current Dollars,Level,6,"46,581",FAAt401
FAAt401,k1ntotl8eq00,66,Equipment,1985,Current Dollars,Level,6,"48,813",FAAt401
FAAt401,k1ntotl8eq00,66,Equipment,1986,Current Dollars,Level,6,"52,545",FAAt401
FAAt401,k1ntotl8eq00,66,Equipment,1987,Current Dollars,Level,6,"56,730",FAAt401
FAAt401,k1ntotl8eq00,66,Equipment,1988,Current Dollars,Level,6,"61,297",FAAt401
FAAt401,k1ntotl8eq00,66,Equipment,1989,Current Dollars,Level,6,"66,437",FAAt401
FAAt401,k1ntotl8eq00,66,Equipment,1990,Current Dollars,Level,6,"72,121",FAAt401
FAAt401,k1ntotl8eq00,66,Equipment,1991,Current Dollars,Level,6,"76,757",FAAt401
FAAt401,k1ntotl8eq00,66,Equipment,1992,Current Dollars,Level,6,"80,966",FAAt401
FAAt401,k1ntotl8eq00,66,Equipment,1993,Current Dollars,Level,6,"83,328",FAAt401
FAAt401,k1ntotl8eq00,66,Equipment,1994,Current Dollars,Level,6,"85,849",FAAt401
FAAt401,k1ntotl8eq00,66,Equipment,1995,Current Dollars,Level,6,"88,482",FAAt401
FAAt401,k1ntotl8eq00,66,Equipment,1996,Current Dollars,Level,6,"89,860",FAAt401
FAAt401,k1ntotl8eq00,66,Equipment,1997,Current Dollars,Level,6,"93,111",FAAt401
FAAt401,k1ntotl8eq00,66,Equipment,1998,Current Dollars,Level,6,"102,165",FAAt401
FAAt401,k1ntotl8eq00,66,Equipment,1999,Current Dollars,Level,6,"112,871",FAAt401
FAAt401,k1ntotl8eq00,66,Equipment,2000,Current Dollars,Level,6,"125,925",FAAt401
FAAt401,k1ntotl8eq00,66,Equipment,2001,Current Dollars,Level,6,"138,782",FAAt401
FAAt401,k1ntotl8eq00,66,Equipment,2002,Current Dollars,Level,6,"153,421",FAAt401
FAAt401,k1ntotl8eq00,66,Equipment,2003,Current Dollars,Level,6,"166,188",FAAt401
FAAt401,k1ntotl8eq00,66,Equipment,2004,Current Dollars,Level,6,"182,418",FAAt401
FAAt401,k1ntotl8eq00,66,Equipment,2005,Current Dollars,Level,6,"196,227",FAAt401
FAAt401,k1ntotl8eq00,66,Equipment,2006,Current Dollars,Level,6,"213,492",FAAt401
FAAt401,k1ntotl8eq00,66,Equipment,2007,Current Dollars,Level,6,"230,088",FAAt401
FAAt401,k1ntotl8eq00,66,Equipment,2008,Current Dollars,Level,6,"253,511",FAAt401
FAAt401,k1ntotl8eq00,66,Equipment,2009,Current Dollars,Level,6,"267,049",FAAt401
FAAt401,k1ntotl8eq00,66,Equipment,2010,Current Dollars,Level,6,"283,317",FAAt401
FAAt401,k1ntotl8eq00,66,Equipment,2011,Current Dollars,Level,6,"305,789",FAAt401
FAAt401,k1ntotl8eq00,66,Equipment,2012,Current Dollars,Level,6,"325,236",FAAt401
FAAt401,k1ntotl8eq00,66,Equipment,2013,Current Dollars,Level,6,"353,021",FAAt401
FAAt401,k1ntotl8eq00,66,Equipment,2014,Current Dollars,Level,6,"379,101",FAAt401
FAAt401,k1ntotl8eq00,66,Equipment,2015,Current Dollars,Level,6,"406,039",FAAt401
FAAt401,k1ntotl8eq00,66,Equipment,2016,Current Dollars,Level,6,"433,070",FAAt401
FAAt401,k1ntotl8eq00,66,Equipment,2017,Current Dollars,Level,6,"456,105",FAAt401
FAAt401,k1ntotl8eq00,66,Equipment,2018,Current Dollars,Level,6,"483,400",FAAt401
FAAt401,k1ntotl8eq00,66,Equipment,2019,Current Dollars,Level,6,"512,409",FAAt401
FAAt401,k1ntotl8eq00,66,Equipment,2020,Current Dollars,Level,6,"541,213",FAAt401
FAAt401,k1ntotl8eq00,66,Equipment,2021,Current Dollars,Level,6,"578,773",FAAt401
FAAt401,k1ntotl8eq00,66,Equipment,2022,Current Dollars,Level,6,"619,232",FAAt401
FAAt401,k1ntotl8eq00,66,Equipment,2023,Current Dollars,Level,6,"650,500",FAAt401
FAAt401,k1ntotl8eq00,66,Equipment,2024,Current Dollars,Level,6,"678,680",FAAt401
FAAt401,k1ntotl8st00,67,Structures,1925,Current Dollars,Level,6,"5,346",FAAt401
FAAt401,k1ntotl8st00,67,Structures,1926,Current Dollars,Level,6,"5,762",FAAt401
FAAt401,k1ntotl8st00,67,Structures,1927,Current Dollars,Level,6,"6,136",FAAt401
FAAt401,k1ntotl8st00,67,Structures,1928,Current Dollars,Level,6,"6,587",FAAt401
FAAt401,k1ntotl8st00,67,Structures,1929,Current Dollars,Level,6,"6,688",FAAt401
FAAt401,k1ntotl8st00,67,Structures,1930,Current Dollars,Level,6,"6,374",FAAt401
FAAt401,k1ntotl8st00,67,Structures,1931,Current Dollars,Level,6,"5,494",FAAt401
FAAt401,k1ntotl8st00,67,Structures,1932,Current Dollars,Level,6,"5,007",FAAt401
FAAt401,k1ntotl8st00,67,Structures,1933,Current Dollars,Level,6,"5,320",FAAt401
FAAt401,k1ntotl8st00,67,Structures,1934,Current Dollars,Level,6,"5,387",FAAt401
FAAt401,k1ntotl8st00,67,Structures,1935,Current Dollars,Level,6,"5,519",FAAt401
FAAt401,k1ntotl8st00,67,Structures,1936,Current Dollars,Level,6,"6,398",FAAt401
FAAt401,k1ntotl8st00,67,Structures,1937,Current Dollars,Level,6,"6,740",FAAt401
FAAt401,k1ntotl8st00,67,Structures,1938,Current Dollars,Level,6,"6,760",FAAt401
FAAt401,k1ntotl8st00,67,Structures,1939,Current Dollars,Level,6,"6,797",FAAt401
FAAt401,k1ntotl8st00,67,Structures,1940,Current Dollars,Level,6,"7,241",FAAt401
FAAt401,k1ntotl8st00,67,Structures,1941,Current Dollars,Level,6,"8,120",FAAt401
FAAt401,k1ntotl8st00,67,Structures,1942,Current Dollars,Level,6,"8,738",FAAt401
FAAt401,k1ntotl8st00,67,Structures,1943,Current Dollars,Level,6,"9,106",FAAt401
FAAt401,k1ntotl8st00,67,Structures,1944,Current Dollars,Level,6,"9,091",FAAt401
FAAt401,k1ntotl8st00,67,Structures,1945,Current Dollars,Level,6,"9,756",FAAt401
FAAt401,k1ntotl8st00,67,Structures,1946,Current Dollars,Level,6,"13,314",FAAt401
FAAt401,k1ntotl8st00,67,Structures,1947,Current Dollars,Level,6,"16,169",FAAt401
FAAt401,k1ntotl8st00,67,Structures,1948,Current Dollars,Level,6,"16,812",FAAt401
FAAt401,k1ntotl8st00,67,Structures,1949,Current Dollars,Level,6,"16,685",FAAt401
FAAt401,k1ntotl8st00,67,Structures,1950,Current Dollars,Level,6,"19,470",FAAt401
FAAt401,k1ntotl8st00,67,Structures,1951,Current Dollars,Level,6,"21,708",FAAt401
FAAt401,k1ntotl8st00,67,Structures,1952,Current Dollars,Level,6,"22,903",FAAt401
FAAt401,k1ntotl8st00,67,Structures,1953,Current Dollars,Level,6,"23,209",FAAt401
FAAt401,k1ntotl8st00,67,Structures,1954,Current Dollars,Level,6,"24,104",FAAt401
FAAt401,k1ntotl8st00,67,Structures,1955,Current Dollars,Level,6,"27,175",FAAt401
FAAt401,k1ntotl8st00,67,Structures,1956,Current Dollars,Level,6,"30,191",FAAt401
FAAt401,k1ntotl8st00,67,Structures,1957,Current Dollars,Level,6,"32,319",FAAt401
FAAt401,k1ntotl8st00,67,Structures,1958,Current Dollars,Level,6,"33,054",FAAt401
FAAt401,k1ntotl8st00,67,Structures,1959,Current Dollars,Level,6,"34,730",FAAt401
FAAt401,k1ntotl8st00,67,Structures,1960,Current Dollars,Level,6,"36,253",FAAt401
FAAt401,k1ntotl8st00,67,Structures,1961,Current Dollars,Level,6,"38,897",FAAt401
FAAt401,k1ntotl8st00,67,Structures,1962,Current Dollars,Level,6,"42,005",FAAt401
FAAt401,k1ntotl8st00,67,Structures,1963,Current Dollars,Level,6,"44,927",FAAt401
FAAt401,k1ntotl8st00,67,Structures,1964,Current Dollars,Level,6,"49,212",FAAt401
FAAt401,k1ntotl8st00,67,Structures,1965,Current Dollars,Level,6,"53,799",FAAt401
FAAt401,k1ntotl8st00,67,Structures,1966,Current Dollars,Level,6,"59,260",FAAt401
FAAt401,k1ntotl8st00,67,Structures,1967,Current Dollars,Level,6,"64,184",FAAt401
FAAt401,k1ntotl8st00,67,Structures,1968,Current Dollars,Level,6,"71,603",FAAt401
FAAt401,k1ntotl8st00,67,Structures,1969,Current Dollars,Level,6,"79,787",FAAt401
FAAt401,k1ntotl8st00,67,Structures,1970,Current Dollars,Level,6,"88,917",FAAt401
FAAt401,k1ntotl8st00,67,Structures,1971,Current Dollars,Level,6,"101,360",FAAt401
FAAt401,k1ntotl8st00,67,Structures,1972,Current Dollars,Level,6,"113,257",FAAt401
FAAt401,k1ntotl8st00,67,Structures,1973,Current Dollars,Level,6,"127,127",FAAt401
FAAt401,k1ntotl8st00,67,Structures,1974,Current Dollars,Level,6,"148,620",FAAt401
FAAt401,k1ntotl8st00,67,Structures,1975,Current Dollars,Level,6,"155,835",FAAt401
FAAt401,k1ntotl8st00,67,Structures,1976,Current Dollars,Level,6,"166,031",FAAt401
FAAt401,k1ntotl8st00,67,Structures,1977,Current Dollars,Level,6,"183,364",FAAt401
FAAt401,k1ntotl8st00,67,Structures,1978,Current Dollars,Level,6,"203,983",FAAt401
FAAt401,k1ntotl8st00,67,Structures,1979,Current Dollars,Level,6,"232,381",FAAt401
FAAt401,k1ntotl8st00,67,Structures,1980,Current Dollars,Level,6,"260,753",FAAt401
FAAt401,k1ntotl8st00,67,Structures,1981,Current Dollars,Level,6,"283,309",FAAt401
FAAt401,k1ntotl8st00,67,Structures,1982,Current Dollars,Level,6,"302,007",FAAt401
FAAt401,k1ntotl8st00,67,Structures,1983,Current Dollars,Level,6,"317,342",FAAt401
FAAt401,k1ntotl8st00,67,Structures,1984,Current Dollars,Level,6,"336,794",FAAt401
FAAt401,k1ntotl8st00,67,Structures,1985,Current Dollars,Level,6,"353,560",FAAt401
FAAt401,k1ntotl8st00,67,Structures,1986,Current Dollars,Level,6,"374,980",FAAt401
FAAt401,k1ntotl8st00,67,Structures,1987,Current Dollars,Level,6,"398,184",FAAt401
FAAt401,k1ntotl8st00,67,Structures,1988,Current Dollars,Level,6,"421,681",FAAt401
FAAt401,k1ntotl8st00,67,Structures,1989,Current Dollars,Level,6,"446,678",FAAt401
FAAt401,k1ntotl8st00,67,Structures,1990,Current Dollars,Level,6,"469,035",FAAt401
FAAt401,k1ntotl8st00,67,Structures,1991,Current Dollars,Level,6,"481,235",FAAt401
FAAt401,k1ntotl8st00,67,Structures,1992,Current Dollars,Level,6,"503,019",FAAt401
FAAt401,k1ntotl8st00,67,Structures,1993,Current Dollars,Level,6,"530,789",FAAt401
FAAt401,k1ntotl8st00,67,Structures,1994,Current Dollars,Level,6,"565,159",FAAt401
FAAt401,k1ntotl8st00,67,Structures,1995,Current Dollars,Level,6,"588,166",FAAt401
FAAt401,k1ntotl8st00,67,Structures,1996,Current Dollars,Level,6,"615,515",FAAt401
FAAt401,k1ntotl8st00,67,Structures,1997,Current Dollars,Level,6,"656,471",FAAt401
FAAt401,k1ntotl8st00,67,Structures,1998,Current Dollars,Level,6,"703,652",FAAt401
FAAt401,k1ntotl8st00,67,Structures,1999,Current Dollars,Level,6,"753,280",FAAt401
FAAt401,k1ntotl8st00,67,Structures,2000,Current Dollars,Level,6,"807,953",FAAt401
FAAt401,k1ntotl8st00,67,Structures,2001,Current Dollars,Level,6,"861,331",FAAt401
FAAt401,k1ntotl8st00,67,Structures,2002,Current Dollars,Level,6,"907,738",FAAt401
FAAt401,k1ntotl8st00,67,Structures,2003,Current Dollars,Level,6,"959,906",FAAt401
FAAt401,k1ntotl8st00,67,Structures,2004,Current Dollars,Level,6,"1,064,149",FAAt401
FAAt401,k1ntotl8st00,67,Structures,2005,Current Dollars,Level,6,"1,180,524",FAAt401
FAAt401,k1ntotl8st00,67,Structures,2006,Current Dollars,Level,6,"1,298,934",FAAt401
FAAt401,k1ntotl8st00,67,Structures,2007,Current Dollars,Level,6,"1,376,785",FAAt401
FAAt401,k1ntotl8st00,67,Structures,2008,Current Dollars,Level,6,"1,454,351",FAAt401
FAAt401,k1ntotl8st00,67,Structures,2009,Current Dollars,Level,6,"1,402,453",FAAt401
FAAt401,k1ntotl8st00,67,Structures,2010,Current Dollars,Level,6,"1,414,595",FAAt401
FAAt401,k1ntotl8st00,67,Structures,2011,Current Dollars,Level,6,"1,462,769",FAAt401
FAAt401,k1ntotl8st00,67,Structures,2012,Current Dollars,Level,6,"1,500,370",FAAt401
FAAt401,k1ntotl8st00,67,Structures,2013,Current Dollars,Level,6,"1,583,471",FAAt401
FAAt401,k1ntotl8st00,67,Structures,2014,Current Dollars,Level,6,"1,644,703",FAAt401
FAAt401,k1ntotl8st00,67,Structures,2015,Current Dollars,Level,6,"1,698,681",FAAt401
FAAt401,k1ntotl8st00,67,Structures,2016,Current Dollars,Level,6,"1,762,545",FAAt401
FAAt401,k1ntotl8st00,67,Structures,2017,Current Dollars,Level,6,"1,844,985",FAAt401
FAAt401,k1ntotl8st00,67,Structures,2018,Current Dollars,Level,6,"1,975,161",FAAt401
FAAt401,k1ntotl8st00,67,Structures,2019,Current Dollars,Level,6,"2,088,480",FAAt401
FAAt401,k1ntotl8st00,67,Structures,2020,Current Dollars,Level,6,"2,156,645",FAAt401
FAAt401,k1ntotl8st00,67,Structures,2021,Current Dollars,Level,6,"2,439,716",FAAt401
FAAt401,k1ntotl8st00,67,Structures,2022,Current Dollars,Level,6,"2,843,829",FAAt401
FAAt401,k1ntotl8st00,67,Structures,2023,Current Dollars,Level,6,"2,883,971",FAAt401
FAAt401,k1ntotl8st00,67,Structures,2024,Current Dollars,Level,6,"2,966,082",FAAt401
FAAt401,k1ntotl8ip00,68,Intellectual property products,1925,Current Dollars,Level,6,84,FAAt401
FAAt401,k1ntotl8ip00,68,Intellectual property products,1926,Current Dollars,Level,6,86,FAAt401
FAAt401,k1ntotl8ip00,68,Intellectual property products,1927,Current Dollars,Level,6,87,FAAt401
FAAt401,k1ntotl8ip00,68,Intellectual property products,1928,Current Dollars,Level,6,90,FAAt401
FAAt401,k1ntotl8ip00,68,Intellectual property products,1929,Current Dollars,Level,6,94,FAAt401
FAAt401,k1ntotl8ip00,68,Intellectual property products,1930,Current Dollars,Level,6,97,FAAt401
FAAt401,k1ntotl8ip00,68,Intellectual property products,1931,Current Dollars,Level,6,99,FAAt401
FAAt401,k1ntotl8ip00,68,Intellectual property products,1932,Current Dollars,Level,6,96,FAAt401
FAAt401,k1ntotl8ip00,68,Intellectual property products,1933,Current Dollars,Level,6,97,FAAt401
FAAt401,k1ntotl8ip00,68,Intellectual property products,1934,Current Dollars,Level,6,102,FAAt401
FAAt401,k1ntotl8ip00,68,Intellectual property products,1935,Current Dollars,Level,6,107,FAAt401
FAAt401,k1ntotl8ip00,68,Intellectual property products,1936,Current Dollars,Level,6,116,FAAt401
FAAt401,k1ntotl8ip00,68,Intellectual property products,1937,Current Dollars,Level,6,124,FAAt401
FAAt401,k1ntotl8ip00,68,Intellectual property products,1938,Current Dollars,Level,6,132,FAAt401
FAAt401,k1ntotl8ip00,68,Intellectual property products,1939,Current Dollars,Level,6,140,FAAt401
FAAt401,k1ntotl8ip00,68,Intellectual property products,1940,Current Dollars,Level,6,149,FAAt401
FAAt401,k1ntotl8ip00,68,Intellectual property products,1941,Current Dollars,Level,6,167,FAAt401
FAAt401,k1ntotl8ip00,68,Intellectual property products,1942,Current Dollars,Level,6,192,FAAt401
FAAt401,k1ntotl8ip00,68,Intellectual property products,1943,Current Dollars,Level,6,220,FAAt401
FAAt401,k1ntotl8ip00,68,Intellectual property products,1944,Current Dollars,Level,6,242,FAAt401
FAAt401,k1ntotl8ip00,68,Intellectual property products,1945,Current Dollars,Level,6,257,FAAt401
FAAt401,k1ntotl8ip00,68,Intellectual property products,1946,Current Dollars,Level,6,292,FAAt401
FAAt401,k1ntotl8ip00,68,Intellectual property products,1947,Current Dollars,Level,6,310,FAAt401
FAAt401,k1ntotl8ip00,68,Intellectual property products,1948,Current Dollars,Level,6,310,FAAt401
FAAt401,k1ntotl8ip00,68,Intellectual property products,1949,Current Dollars,Level,6,315,FAAt401
FAAt401,k1ntotl8ip00,68,Intellectual property products,1950,Current Dollars,Level,6,345,FAAt401
FAAt401,k1ntotl8ip00,68,Intellectual property products,1951,Current Dollars,Level,6,366,FAAt401
FAAt401,k1ntotl8ip00,68,Intellectual property products,1952,Current Dollars,Level,6,375,FAAt401
FAAt401,k1ntotl8ip00,68,Intellectual property products,1953,Current Dollars,Level,6,394,FAAt401
FAAt401,k1ntotl8ip00,68,Intellectual property products,1954,Current Dollars,Level,6,417,FAAt401
FAAt401,k1ntotl8ip00,68,Intellectual property products,1955,Current Dollars,Level,6,455,FAAt401
FAAt401,k1ntotl8ip00,68,Intellectual property products,1956,Current Dollars,Level,6,502,FAAt401
FAAt401,k1ntotl8ip00,68,Intellectual property products,1957,Current Dollars,Level,6,555,FAAt401
FAAt401,k1ntotl8ip00,68,Intellectual property products,1958,Current Dollars,Level,6,628,FAAt401
FAAt401,k1ntotl8ip00,68,Intellectual property products,1959,Current Dollars,Level,6,710,FAAt401
FAAt401,k1ntotl8ip00,68,Intellectual property products,1960,Current Dollars,Level,6,784,FAAt401
FAAt401,k1ntotl8ip00,68,Intellectual property products,1961,Current Dollars,Level,6,883,FAAt401
FAAt401,k1ntotl8ip00,68,Intellectual property products,1962,Current Dollars,Level,6,"1,011",FAAt401
FAAt401,k1ntotl8ip00,68,Intellectual property products,1963,Current Dollars,Level,6,"1,167",FAAt401
FAAt401,k1ntotl8ip00,68,Intellectual property products,1964,Current Dollars,Level,6,"1,334",FAAt401
FAAt401,k1ntotl8ip00,68,Intellectual property products,1965,Current Dollars,Level,6,"1,522",FAAt401
FAAt401,k1ntotl8ip00,68,Intellectual property products,1966,Current Dollars,Level,6,"1,738",FAAt401
FAAt401,k1ntotl8ip00,68,Intellectual property products,1967,Current Dollars,Level,6,"1,984",FAAt401
FAAt401,k1ntotl8ip00,68,Intellectual property products,1968,Current Dollars,Level,6,"2,275",FAAt401
FAAt401,k1ntotl8ip00,68,Intellectual property products,1969,Current Dollars,Level,6,"2,568",FAAt401
FAAt401,k1ntotl8ip00,68,Intellectual property products,1970,Current Dollars,Level,6,"2,862",FAAt401
FAAt401,k1ntotl8ip00,68,Intellectual property products,1971,Current Dollars,Level,6,"3,143",FAAt401
FAAt401,k1ntotl8ip00,68,Intellectual property products,1972,Current Dollars,Level,6,"3,458",FAAt401
FAAt401,k1ntotl8ip00,68,Intellectual property products,1973,Current Dollars,Level,6,"3,968",FAAt401
FAAt401,k1ntotl8ip00,68,Intellectual property products,1974,Current Dollars,Level,6,"4,614",FAAt401
FAAt401,k1ntotl8ip00,68,Intellectual property products,1975,Current Dollars,Level,6,"5,136",FAAt401
FAAt401,k1ntotl8ip00,68,Intellectual property products,1976,Current Dollars,Level,6,"5,734",FAAt401
FAAt401,k1ntotl8ip00,68,Intellectual property products,1977,Current Dollars,Level,6,"6,434",FAAt401
FAAt401,k1ntotl8ip00,68,Intellectual property products,1978,Current Dollars,Level,6,"7,463",FAAt401
FAAt401,k1ntotl8ip00,68,Intellectual property products,1979,Current Dollars,Level,6,"8,850",FAAt401
FAAt401,k1ntotl8ip00,68,Intellectual property products,1980,Current Dollars,Level,6,"10,390",FAAt401
FAAt401,k1ntotl8ip00,68,Intellectual property products,1981,Current Dollars,Level,6,"12,054",FAAt401
FAAt401,k1ntotl8ip00,68,Intellectual property products,1982,Current Dollars,Level,6,"13,405",FAAt401
FAAt401,k1ntotl8ip00,68,Intellectual property products,1983,Current Dollars,Level,6,"14,644",FAAt401
FAAt401,k1ntotl8ip00,68,Intellectual property products,1984,Current Dollars,Level,6,"15,697",FAAt401
FAAt401,k1ntotl8ip00,68,Intellectual property products,1985,Current Dollars,Level,6,"16,706",FAAt401
FAAt401,k1ntotl8ip00,68,Intellectual property products,1986,Current Dollars,Level,6,"18,068",FAAt401
FAAt401,k1ntotl8ip00,68,Intellectual property products,1987,Current Dollars,Level,6,"20,155",FAAt401
FAAt401,k1ntotl8ip00,68,Intellectual property products,1988,Current Dollars,Level,6,"23,010",FAAt401
FAAt401,k1ntotl8ip00,68,Intellectual property products,1989,Current Dollars,Level,6,"26,019",FAAt401
FAAt401,k1ntotl8ip00,68,Intellectual property products,1990,Current Dollars,Level,6,"28,930",FAAt401
FAAt401,k1ntotl8ip00,68,Intellectual property products,1991,Current Dollars,Level,6,"32,070",FAAt401
FAAt401,k1ntotl8ip00,68,Intellectual property products,1992,Current Dollars,Level,6,"35,566",FAAt401
FAAt401,k1ntotl8ip00,68,Intellectual property products,1993,Current Dollars,Level,6,"37,695",FAAt401
FAAt401,k1ntotl8ip00,68,Intellectual property products,1994,Current Dollars,Level,6,"40,312",FAAt401
FAAt401,k1ntotl8ip00,68,Intellectual property products,1995,Current Dollars,Level,6,"42,425",FAAt401
FAAt401,k1ntotl8ip00,68,Intellectual property products,1996,Current Dollars,Level,6,"44,346",FAAt401
FAAt401,k1ntotl8ip00,68,Intellectual property products,1997,Current Dollars,Level,6,"47,696",FAAt401
FAAt401,k1ntotl8ip00,68,Intellectual property products,1998,Current Dollars,Level,6,"51,510",FAAt401
FAAt401,k1ntotl8ip00,68,Intellectual property products,1999,Current Dollars,Level,6,"55,811",FAAt401
FAAt401,k1ntotl8ip00,68,Intellectual property products,2000,Current Dollars,Level,6,"59,926",FAAt401
FAAt401,k1ntotl8ip00,68,Intellectual property products,2001,Current Dollars,Level,6,"61,393",FAAt401
FAAt401,k1ntotl8ip00,68,Intellectual property products,2002,Current Dollars,Level,6,"64,242",FAAt401
FAAt401,k1ntotl8ip00,68,Intellectual property products,2003,Current Dollars,Level,6,"68,813",FAAt401
FAAt401,k1ntotl8ip00,68,Intellectual property products,2004,Current Dollars,Level,6,"72,782",FAAt401
FAAt401,k1ntotl8ip00,68,Intellectual property products,2005,Current Dollars,Level,6,"77,077",FAAt401
FAAt401,k1ntotl8ip00,68,Intellectual property products,2006,Current Dollars,Level,6,"80,588",FAAt401
FAAt401,k1ntotl8ip00,68,Intellectual property products,2007,Current Dollars,Level,6,"85,949",FAAt401
FAAt401,k1ntotl8ip00,68,Intellectual property products,2008,Current Dollars,Level,6,"93,873",FAAt401
FAAt401,k1ntotl8ip00,68,Intellectual property products,2009,Current Dollars,Level,6,"101,996",FAAt401
FAAt401,k1ntotl8ip00,68,Intellectual property products,2010,Current Dollars,Level,6,"111,132",FAAt401
FAAt401,k1ntotl8ip00,68,Intellectual property products,2011,Current Dollars,Level,6,"122,656",FAAt401
FAAt401,k1ntotl8ip00,68,Intellectual property products,2012,Current Dollars,Level,6,"134,001",FAAt401
FAAt401,k1ntotl8ip00,68,Intellectual property products,2013,Current Dollars,Level,6,"147,368",FAAt401
FAAt401,k1ntotl8ip00,68,Intellectual property products,2014,Current Dollars,Level,6,"155,759",FAAt401
FAAt401,k1ntotl8ip00,68,Intellectual property products,2015,Current Dollars,Level,6,"163,037",FAAt401
FAAt401,k1ntotl8ip00,68,Intellectual property products,2016,Current Dollars,Level,6,"172,719",FAAt401
FAAt401,k1ntotl8ip00,68,Intellectual property products,2017,Current Dollars,Level,6,"182,041",FAAt401
FAAt401,k1ntotl8ip00,68,Intellectual property products,2018,Current Dollars,Level,6,"193,947",FAAt401
FAAt401,k1ntotl8ip00,68,Intellectual property products,2019,Current Dollars,Level,6,"205,064",FAAt401
FAAt401,k1ntotl8ip00,68,Intellectual property products,2020,Current Dollars,Level,6,"221,738",FAAt401
FAAt401,k1ntotl8ip00,68,Intellectual property products,2021,Current Dollars,Level,6,"233,171",FAAt401
FAAt401,k1ntotl8ip00,68,Intellectual property products,2022,Current Dollars,Level,6,"245,254",FAAt401
FAAt401,k1ntotl8ip00,68,Intellectual property products,2023,Current Dollars,Level,6,"258,301",FAAt401
FAAt401,k1ntotl8ip00,68,Intellectual property products,2024,Current Dollars,Level,6,"275,648",FAAt401
FAAt401,k1ntotl5es00,69,Households,1925,Current Dollars,Level,6,161,FAAt401
FAAt401,k1ntotl5es00,69,Households,1926,Current Dollars,Level,6,168,FAAt401
FAAt401,k1ntotl5es00,69,Households,1927,Current Dollars,Level,6,170,FAAt401
FAAt401,k1ntotl5es00,69,Households,1928,Current Dollars,Level,6,176,FAAt401
FAAt401,k1ntotl5es00,69,Households,1929,Current Dollars,Level,6,181,FAAt401
FAAt401,k1ntotl5es00,69,Households,1930,Current Dollars,Level,6,180,FAAt401
FAAt401,k1ntotl5es00,69,Households,1931,Current Dollars,Level,6,154,FAAt401
FAAt401,k1ntotl5es00,69,Households,1932,Current Dollars,Level,6,141,FAAt401
FAAt401,k1ntotl5es00,69,Households,1933,Current Dollars,Level,6,154,FAAt401
FAAt401,k1ntotl5es00,69,Households,1934,Current Dollars,Level,6,155,FAAt401
FAAt401,k1ntotl5es00,69,Households,1935,Current Dollars,Level,6,158,FAAt401
FAAt401,k1ntotl5es00,69,Households,1936,Current Dollars,Level,6,170,FAAt401
FAAt401,k1ntotl5es00,69,Households,1937,Current Dollars,Level,6,183,FAAt401
FAAt401,k1ntotl5es00,69,Households,1938,Current Dollars,Level,6,181,FAAt401
FAAt401,k1ntotl5es00,69,Households,1939,Current Dollars,Level,6,176,FAAt401
FAAt401,k1ntotl5es00,69,Households,1940,Current Dollars,Level,6,199,FAAt401
FAAt401,k1ntotl5es00,69,Households,1941,Current Dollars,Level,6,228,FAAt401
FAAt401,k1ntotl5es00,69,Households,1942,Current Dollars,Level,6,221,FAAt401
FAAt401,k1ntotl5es00,69,Households,1943,Current Dollars,Level,6,234,FAAt401
FAAt401,k1ntotl5es00,69,Households,1944,Current Dollars,Level,6,231,FAAt401
FAAt401,k1ntotl5es00,69,Households,1945,Current Dollars,Level,6,253,FAAt401
FAAt401,k1ntotl5es00,69,Households,1946,Current Dollars,Level,6,344,FAAt401
FAAt401,k1ntotl5es00,69,Households,1947,Current Dollars,Level,6,399,FAAt401
FAAt401,k1ntotl5es00,69,Households,1948,Current Dollars,Level,6,430,FAAt401
FAAt401,k1ntotl5es00,69,Households,1949,Current Dollars,Level,6,409,FAAt401
FAAt401,k1ntotl5es00,69,Households,1950,Current Dollars,Level,6,479,FAAt401
FAAt401,k1ntotl5es00,69,Households,1951,Current Dollars,Level,6,550,FAAt401
FAAt401,k1ntotl5es00,69,Households,1952,Current Dollars,Level,6,556,FAAt401
FAAt401,k1ntotl5es00,69,Households,1953,Current Dollars,Level,6,583,FAAt401
FAAt401,k1ntotl5es00,69,Households,1954,Current Dollars,Level,6,601,FAAt401
FAAt401,k1ntotl5es00,69,Households,1955,Current Dollars,Level,6,689,FAAt401
FAAt401,k1ntotl5es00,69,Households,1956,Current Dollars,Level,6,778,FAAt401
FAAt401,k1ntotl5es00,69,Households,1957,Current Dollars,Level,6,821,FAAt401
FAAt401,k1ntotl5es00,69,Households,1958,Current Dollars,Level,6,820,FAAt401
FAAt401,k1ntotl5es00,69,Households,1959,Current Dollars,Level,6,876,FAAt401
FAAt401,k1ntotl5es00,69,Households,1960,Current Dollars,Level,6,904,FAAt401
FAAt401,k1ntotl5es00,69,Households,1961,Current Dollars,Level,6,949,FAAt401
FAAt401,k1ntotl5es00,69,Households,1962,Current Dollars,Level,6,988,FAAt401
FAAt401,k1ntotl5es00,69,Households,1963,Current Dollars,Level,6,"1,022",FAAt401
FAAt401,k1ntotl5es00,69,Households,1964,Current Dollars,Level,6,"1,093",FAAt401
FAAt401,k1ntotl5es00,69,Households,1965,Current Dollars,Level,6,"1,201",FAAt401
FAAt401,k1ntotl5es00,69,Households,1966,Current Dollars,Level,6,"1,355",FAAt401
FAAt401,k1ntotl5es00,69,Households,1967,Current Dollars,Level,6,"1,490",FAAt401
FAAt401,k1ntotl5es00,69,Households,1968,Current Dollars,Level,6,"1,656",FAAt401
FAAt401,k1ntotl5es00,69,Households,1969,Current Dollars,Level,6,"1,890",FAAt401
FAAt401,k1ntotl5es00,69,Households,1970,Current Dollars,Level,6,"2,131",FAAt401
FAAt401,k1ntotl5es00,69,Households,1971,Current Dollars,Level,6,"2,414",FAAt401
FAAt401,k1ntotl5es00,69,Households,1972,Current Dollars,Level,6,"2,648",FAAt401
FAAt401,k1ntotl5es00,69,Households,1973,Current Dollars,Level,6,"2,970",FAAt401
FAAt401,k1ntotl5es00,69,Households,1974,Current Dollars,Level,6,"3,414",FAAt401
FAAt401,k1ntotl5es00,69,Households,1975,Current Dollars,Level,6,"3,542",FAAt401
FAAt401,k1ntotl5es00,69,Households,1976,Current Dollars,Level,6,"3,692",FAAt401
FAAt401,k1ntotl5es00,69,Households,1977,Current Dollars,Level,6,"3,919",FAAt401
FAAt401,k1ntotl5es00,69,Households,1978,Current Dollars,Level,6,"4,222",FAAt401
FAAt401,k1ntotl5es00,69,Households,1979,Current Dollars,Level,6,"5,087",FAAt401
FAAt401,k1ntotl5es00,69,Households,1980,Current Dollars,Level,6,"5,959",FAAt401
FAAt401,k1ntotl5es00,69,Households,1981,Current Dollars,Level,6,"6,912",FAAt401
FAAt401,k1ntotl5es00,69,Households,1982,Current Dollars,Level,6,"7,922",FAAt401
FAAt401,k1ntotl5es00,69,Households,1983,Current Dollars,Level,6,"8,730",FAAt401
FAAt401,k1ntotl5es00,69,Households,1984,Current Dollars,Level,6,"10,036",FAAt401
FAAt401,k1ntotl5es00,69,Households,1985,Current Dollars,Level,6,"11,787",FAAt401
FAAt401,k1ntotl5es00,69,Households,1986,Current Dollars,Level,6,"13,419",FAAt401
FAAt401,k1ntotl5es00,69,Households,1987,Current Dollars,Level,6,"14,958",FAAt401
FAAt401,k1ntotl5es00,69,Households,1988,Current Dollars,Level,6,"16,660",FAAt401
FAAt401,k1ntotl5es00,69,Households,1989,Current Dollars,Level,6,"18,312",FAAt401
FAAt401,k1ntotl5es00,69,Households,1990,Current Dollars,Level,6,"19,924",FAAt401
FAAt401,k1ntotl5es00,69,Households,1991,Current Dollars,Level,6,"20,538",FAAt401
FAAt401,k1ntotl5es00,69,Households,1992,Current Dollars,Level,6,"20,847",FAAt401
FAAt401,k1ntotl5es00,69,Households,1993,Current Dollars,Level,6,"21,556",FAAt401
FAAt401,k1ntotl5es00,69,Households,1994,Current Dollars,Level,6,"22,606",FAAt401
FAAt401,k1ntotl5es00,69,Households,1995,Current Dollars,Level,6,"23,405",FAAt401
FAAt401,k1ntotl5es00,69,Households,1996,Current Dollars,Level,6,"24,407",FAAt401
FAAt401,k1ntotl5es00,69,Households,1997,Current Dollars,Level,6,"25,829",FAAt401
FAAt401,k1ntotl5es00,69,Households,1998,Current Dollars,Level,6,"27,876",FAAt401
FAAt401,k1ntotl5es00,69,Households,1999,Current Dollars,Level,6,"30,109",FAAt401
FAAt401,k1ntotl5es00,69,Households,2000,Current Dollars,Level,6,"32,277",FAAt401
FAAt401,k1ntotl5es00,69,Households,2001,Current Dollars,Level,6,"33,974",FAAt401
FAAt401,k1ntotl5es00,69,Households,2002,Current Dollars,Level,6,"36,314",FAAt401
FAAt401,k1ntotl5es00,69,Households,2003,Current Dollars,Level,6,"37,447",FAAt401
FAAt401,k1ntotl5es00,69,Households,2004,Current Dollars,Level,6,"41,291",FAAt401
FAAt401,k1ntotl5es00,69,Households,2005,Current Dollars,Level,6,"45,262",FAAt401
FAAt401,k1ntotl5es00,69,Households,2006,Current Dollars,Level,6,"49,729",FAAt401
FAAt401,k1ntotl5es00,69,Households,2007,Current Dollars,Level,6,"53,670",FAAt401
FAAt401,k1ntotl5es00,69,Households,2008,Current Dollars,Level,6,"58,928",FAAt401
FAAt401,k1ntotl5es00,69,Households,2009,Current Dollars,Level,6,"57,059",FAAt401
FAAt401,k1ntotl5es00,69,Households,2010,Current Dollars,Level,6,"57,903",FAAt401
FAAt401,k1ntotl5es00,69,Households,2011,Current Dollars,Level,6,"60,163",FAAt401
FAAt401,k1ntotl5es00,69,Households,2012,Current Dollars,Level,6,"62,518",FAAt401
FAAt401,k1ntotl5es00,69,Households,2013,Current Dollars,Level,6,"65,971",FAAt401
FAAt401,k1ntotl5es00,69,Households,2014,Current Dollars,Level,6,"68,964",FAAt401
FAAt401,k1ntotl5es00,69,Households,2015,Current Dollars,Level,6,"71,908",FAAt401
FAAt401,k1ntotl5es00,69,Households,2016,Current Dollars,Level,6,"75,262",FAAt401
FAAt401,k1ntotl5es00,69,Households,2017,Current Dollars,Level,6,"79,549",FAAt401
FAAt401,k1ntotl5es00,69,Households,2018,Current Dollars,Level,6,"84,935",FAAt401
FAAt401,k1ntotl5es00,69,Households,2019,Current Dollars,Level,6,"89,032",FAAt401
FAAt401,k1ntotl5es00,69,Households,2020,Current Dollars,Level,6,"92,222",FAAt401
FAAt401,k1ntotl5es00,69,Households,2021,Current Dollars,Level,6,"109,016",FAAt401
FAAt401,k1ntotl5es00,69,Households,2022,Current Dollars,Level,6,"127,621",FAAt401
FAAt401,k1ntotl5es00,69,Households,2023,Current Dollars,Level,6,"130,779",FAAt401
FAAt401,k1ntotl5es00,69,Households,2024,Current Dollars,Level,6,"135,512",FAAt401
FAAt401,k1ntotl5eq00,70,Equipment,1925,Current Dollars,Level,6,7,FAAt401
FAAt401,k1ntotl5eq00,70,Equipment,1926,Current Dollars,Level,6,7,FAAt401
FAAt401,k1ntotl5eq00,70,Equipment,1927,Current Dollars,Level,6,8,FAAt401
FAAt401,k1ntotl5eq00,70,Equipment,1928,Current Dollars,Level,6,9,FAAt401
FAAt401,k1ntotl5eq00,70,Equipment,1929,Current Dollars,Level,6,9,FAAt401
FAAt401,k1ntotl5eq00,70,Equipment,1930,Current Dollars,Level,6,10,FAAt401
FAAt401,k1ntotl5eq00,70,Equipment,1931,Current Dollars,Level,6,10,FAAt401
FAAt401,k1ntotl5eq00,70,Equipment,1932,Current Dollars,Level,6,9,FAAt401
FAAt401,k1ntotl5eq00,70,Equipment,1933,Current Dollars,Level,6,10,FAAt401
FAAt401,k1ntotl5eq00,70,Equipment,1934,Current Dollars,Level,6,11,FAAt401
FAAt401,k1ntotl5eq00,70,Equipment,1935,Current Dollars,Level,6,12,FAAt401
FAAt401,k1ntotl5eq00,70,Equipment,1936,Current Dollars,Level,6,14,FAAt401
FAAt401,k1ntotl5eq00,70,Equipment,1937,Current Dollars,Level,6,18,FAAt401
FAAt401,k1ntotl5eq00,70,Equipment,1938,Current Dollars,Level,6,19,FAAt401
FAAt401,k1ntotl5eq00,70,Equipment,1939,Current Dollars,Level,6,23,FAAt401
FAAt401,k1ntotl5eq00,70,Equipment,1940,Current Dollars,Level,6,27,FAAt401
FAAt401,k1ntotl5eq00,70,Equipment,1941,Current Dollars,Level,6,32,FAAt401
FAAt401,k1ntotl5eq00,70,Equipment,1942,Current Dollars,Level,6,29,FAAt401
FAAt401,k1ntotl5eq00,70,Equipment,1943,Current Dollars,Level,6,37,FAAt401
FAAt401,k1ntotl5eq00,70,Equipment,1944,Current Dollars,Level,6,31,FAAt401
FAAt401,k1ntotl5eq00,70,Equipment,1945,Current Dollars,Level,6,45,FAAt401
FAAt401,k1ntotl5eq00,70,Equipment,1946,Current Dollars,Level,6,80,FAAt401
FAAt401,k1ntotl5eq00,70,Equipment,1947,Current Dollars,Level,6,94,FAAt401
FAAt401,k1ntotl5eq00,70,Equipment,1948,Current Dollars,Level,6,113,FAAt401
FAAt401,k1ntotl5eq00,70,Equipment,1949,Current Dollars,Level,6,126,FAAt401
FAAt401,k1ntotl5eq00,70,Equipment,1950,Current Dollars,Level,6,165,FAAt401
FAAt401,k1ntotl5eq00,70,Equipment,1951,Current Dollars,Level,6,195,FAAt401
FAAt401,k1ntotl5eq00,70,Equipment,1952,Current Dollars,Level,6,191,FAAt401
FAAt401,k1ntotl5eq00,70,Equipment,1953,Current Dollars,Level,6,226,FAAt401
FAAt401,k1ntotl5eq00,70,Equipment,1954,Current Dollars,Level,6,248,FAAt401
FAAt401,k1ntotl5eq00,70,Equipment,1955,Current Dollars,Level,6,292,FAAt401
FAAt401,k1ntotl5eq00,70,Equipment,1956,Current Dollars,Level,6,329,FAAt401
FAAt401,k1ntotl5eq00,70,Equipment,1957,Current Dollars,Level,6,355,FAAt401
FAAt401,k1ntotl5eq00,70,Equipment,1958,Current Dollars,Level,6,343,FAAt401
FAAt401,k1ntotl5eq00,70,Equipment,1959,Current Dollars,Level,6,380,FAAt401
FAAt401,k1ntotl5eq00,70,Equipment,1960,Current Dollars,Level,6,394,FAAt401
FAAt401,k1ntotl5eq00,70,Equipment,1961,Current Dollars,Level,6,401,FAAt401
FAAt401,k1ntotl5eq00,70,Equipment,1962,Current Dollars,Level,6,394,FAAt401
FAAt401,k1ntotl5eq00,70,Equipment,1963,Current Dollars,Level,6,393,FAAt401
FAAt401,k1ntotl5eq00,70,Equipment,1964,Current Dollars,Level,6,414,FAAt401
FAAt401,k1ntotl5eq00,70,Equipment,1965,Current Dollars,Level,6,433,FAAt401
FAAt401,k1ntotl5eq00,70,Equipment,1966,Current Dollars,Level,6,491,FAAt401
FAAt401,k1ntotl5eq00,70,Equipment,1967,Current Dollars,Level,6,540,FAAt401
FAAt401,k1ntotl5eq00,70,Equipment,1968,Current Dollars,Level,6,602,FAAt401
FAAt401,k1ntotl5eq00,70,Equipment,1969,Current Dollars,Level,6,689,FAAt401
FAAt401,k1ntotl5eq00,70,Equipment,1970,Current Dollars,Level,6,777,FAAt401
FAAt401,k1ntotl5eq00,70,Equipment,1971,Current Dollars,Level,6,834,FAAt401
FAAt401,k1ntotl5eq00,70,Equipment,1972,Current Dollars,Level,6,864,FAAt401
FAAt401,k1ntotl5eq00,70,Equipment,1973,Current Dollars,Level,6,887,FAAt401
FAAt401,k1ntotl5eq00,70,Equipment,1974,Current Dollars,Level,6,978,FAAt401
FAAt401,k1ntotl5eq00,70,Equipment,1975,Current Dollars,Level,6,993,FAAt401
FAAt401,k1ntotl5eq00,70,Equipment,1976,Current Dollars,Level,6,969,FAAt401
FAAt401,k1ntotl5eq00,70,Equipment,1977,Current Dollars,Level,6,952,FAAt401
FAAt401,k1ntotl5eq00,70,Equipment,1978,Current Dollars,Level,6,957,FAAt401
FAAt401,k1ntotl5eq00,70,Equipment,1979,Current Dollars,Level,6,"1,063",FAAt401
FAAt401,k1ntotl5eq00,70,Equipment,1980,Current Dollars,Level,6,"1,151",FAAt401
FAAt401,k1ntotl5eq00,70,Equipment,1981,Current Dollars,Level,6,"1,240",FAAt401
FAAt401,k1ntotl5eq00,70,Equipment,1982,Current Dollars,Level,6,"1,336",FAAt401
FAAt401,k1ntotl5eq00,70,Equipment,1983,Current Dollars,Level,6,"1,383",FAAt401
FAAt401,k1ntotl5eq00,70,Equipment,1984,Current Dollars,Level,6,"1,508",FAAt401
FAAt401,k1ntotl5eq00,70,Equipment,1985,Current Dollars,Level,6,"1,743",FAAt401
FAAt401,k1ntotl5eq00,70,Equipment,1986,Current Dollars,Level,6,"1,908",FAAt401
FAAt401,k1ntotl5eq00,70,Equipment,1987,Current Dollars,Level,6,"1,998",FAAt401
FAAt401,k1ntotl5eq00,70,Equipment,1988,Current Dollars,Level,6,"2,187",FAAt401
FAAt401,k1ntotl5eq00,70,Equipment,1989,Current Dollars,Level,6,"2,361",FAAt401
FAAt401,k1ntotl5eq00,70,Equipment,1990,Current Dollars,Level,6,"2,482",FAAt401
FAAt401,k1ntotl5eq00,70,Equipment,1991,Current Dollars,Level,6,"2,498",FAAt401
FAAt401,k1ntotl5eq00,70,Equipment,1992,Current Dollars,Level,6,"2,358",FAAt401
FAAt401,k1ntotl5eq00,70,Equipment,1993,Current Dollars,Level,6,"2,303",FAAt401
FAAt401,k1ntotl5eq00,70,Equipment,1994,Current Dollars,Level,6,"2,330",FAAt401
FAAt401,k1ntotl5eq00,70,Equipment,1995,Current Dollars,Level,6,"2,296",FAAt401
FAAt401,k1ntotl5eq00,70,Equipment,1996,Current Dollars,Level,6,"2,296",FAAt401
FAAt401,k1ntotl5eq00,70,Equipment,1997,Current Dollars,Level,6,"2,357",FAAt401
FAAt401,k1ntotl5eq00,70,Equipment,1998,Current Dollars,Level,6,"2,321",FAAt401
FAAt401,k1ntotl5eq00,70,Equipment,1999,Current Dollars,Level,6,"2,412",FAAt401
FAAt401,k1ntotl5eq00,70,Equipment,2000,Current Dollars,Level,6,"2,475",FAAt401
FAAt401,k1ntotl5eq00,70,Equipment,2001,Current Dollars,Level,6,"2,561",FAAt401
FAAt401,k1ntotl5eq00,70,Equipment,2002,Current Dollars,Level,6,"3,009",FAAt401
FAAt401,k1ntotl5eq00,70,Equipment,2003,Current Dollars,Level,6,"3,061",FAAt401
FAAt401,k1ntotl5eq00,70,Equipment,2004,Current Dollars,Level,6,"3,351",FAAt401
FAAt401,k1ntotl5eq00,70,Equipment,2005,Current Dollars,Level,6,"3,642",FAAt401
FAAt401,k1ntotl5eq00,70,Equipment,2006,Current Dollars,Level,6,"3,902",FAAt401
FAAt401,k1ntotl5eq00,70,Equipment,2007,Current Dollars,Level,6,"4,179",FAAt401
FAAt401,k1ntotl5eq00,70,Equipment,2008,Current Dollars,Level,6,"4,607",FAAt401
FAAt401,k1ntotl5eq00,70,Equipment,2009,Current Dollars,Level,6,"4,597",FAAt401
FAAt401,k1ntotl5eq00,70,Equipment,2010,Current Dollars,Level,6,"4,946",FAAt401
FAAt401,k1ntotl5eq00,70,Equipment,2011,Current Dollars,Level,6,"5,079",FAAt401
FAAt401,k1ntotl5eq00,70,Equipment,2012,Current Dollars,Level,6,"5,521",FAAt401
FAAt401,k1ntotl5eq00,70,Equipment,2013,Current Dollars,Level,6,"6,213",FAAt401
FAAt401,k1ntotl5eq00,70,Equipment,2014,Current Dollars,Level,6,"6,695",FAAt401
FAAt401,k1ntotl5eq00,70,Equipment,2015,Current Dollars,Level,6,"7,075",FAAt401
FAAt401,k1ntotl5eq00,70,Equipment,2016,Current Dollars,Level,6,"7,567",FAAt401
FAAt401,k1ntotl5eq00,70,Equipment,2017,Current Dollars,Level,6,"8,001",FAAt401
FAAt401,k1ntotl5eq00,70,Equipment,2018,Current Dollars,Level,6,"8,477",FAAt401
FAAt401,k1ntotl5eq00,70,Equipment,2019,Current Dollars,Level,6,"8,637",FAAt401
FAAt401,k1ntotl5eq00,70,Equipment,2020,Current Dollars,Level,6,"9,013",FAAt401
FAAt401,k1ntotl5eq00,70,Equipment,2021,Current Dollars,Level,6,"9,959",FAAt401
FAAt401,k1ntotl5eq00,70,Equipment,2022,Current Dollars,Level,6,"10,756",FAAt401
FAAt401,k1ntotl5eq00,70,Equipment,2023,Current Dollars,Level,6,"11,022",FAAt401
FAAt401,k1ntotl5eq00,70,Equipment,2024,Current Dollars,Level,6,"11,405",FAAt401
FAAt401,k1ntotl5st00,71,Structures,1925,Current Dollars,Level,6,154,FAAt401
FAAt401,k1ntotl5st00,71,Structures,1926,Current Dollars,Level,6,161,FAAt401
FAAt401,k1ntotl5st00,71,Structures,1927,Current Dollars,Level,6,162,FAAt401
FAAt401,k1ntotl5st00,71,Structures,1928,Current Dollars,Level,6,168,FAAt401
FAAt401,k1ntotl5st00,71,Structures,1929,Current Dollars,Level,6,172,FAAt401
FAAt401,k1ntotl5st00,71,Structures,1930,Current Dollars,Level,6,170,FAAt401
FAAt401,k1ntotl5st00,71,Structures,1931,Current Dollars,Level,6,144,FAAt401
FAAt401,k1ntotl5st00,71,Structures,1932,Current Dollars,Level,6,131,FAAt401
FAAt401,k1ntotl5st00,71,Structures,1933,Current Dollars,Level,6,143,FAAt401
FAAt401,k1ntotl5st00,71,Structures,1934,Current Dollars,Level,6,144,FAAt401
FAAt401,k1ntotl5st00,71,Structures,1935,Current Dollars,Level,6,146,FAAt401
FAAt401,k1ntotl5st00,71,Structures,1936,Current Dollars,Level,6,156,FAAt401
FAAt401,k1ntotl5st00,71,Structures,1937,Current Dollars,Level,6,165,FAAt401
FAAt401,k1ntotl5st00,71,Structures,1938,Current Dollars,Level,6,161,FAAt401
FAAt401,k1ntotl5st00,71,Structures,1939,Current Dollars,Level,6,153,FAAt401
FAAt401,k1ntotl5st00,71,Structures,1940,Current Dollars,Level,6,173,FAAt401
FAAt401,k1ntotl5st00,71,Structures,1941,Current Dollars,Level,6,195,FAAt401
FAAt401,k1ntotl5st00,71,Structures,1942,Current Dollars,Level,6,192,FAAt401
FAAt401,k1ntotl5st00,71,Structures,1943,Current Dollars,Level,6,197,FAAt401
FAAt401,k1ntotl5st00,71,Structures,1944,Current Dollars,Level,6,200,FAAt401
FAAt401,k1ntotl5st00,71,Structures,1945,Current Dollars,Level,6,207,FAAt401
FAAt401,k1ntotl5st00,71,Structures,1946,Current Dollars,Level,6,264,FAAt401
FAAt401,k1ntotl5st00,71,Structures,1947,Current Dollars,Level,6,305,FAAt401
FAAt401,k1ntotl5st00,71,Structures,1948,Current Dollars,Level,6,317,FAAt401
FAAt401,k1ntotl5st00,71,Structures,1949,Current Dollars,Level,6,283,FAAt401
FAAt401,k1ntotl5st00,71,Structures,1950,Current Dollars,Level,6,314,FAAt401
FAAt401,k1ntotl5st00,71,Structures,1951,Current Dollars,Level,6,355,FAAt401
FAAt401,k1ntotl5st00,71,Structures,1952,Current Dollars,Level,6,365,FAAt401
FAAt401,k1ntotl5st00,71,Structures,1953,Current Dollars,Level,6,356,FAAt401
FAAt401,k1ntotl5st00,71,Structures,1954,Current Dollars,Level,6,353,FAAt401
FAAt401,k1ntotl5st00,71,Structures,1955,Current Dollars,Level,6,398,FAAt401
FAAt401,k1ntotl5st00,71,Structures,1956,Current Dollars,Level,6,449,FAAt401
FAAt401,k1ntotl5st00,71,Structures,1957,Current Dollars,Level,6,466,FAAt401
FAAt401,k1ntotl5st00,71,Structures,1958,Current Dollars,Level,6,477,FAAt401
FAAt401,k1ntotl5st00,71,Structures,1959,Current Dollars,Level,6,496,FAAt401
FAAt401,k1ntotl5st00,71,Structures,1960,Current Dollars,Level,6,510,FAAt401
FAAt401,k1ntotl5st00,71,Structures,1961,Current Dollars,Level,6,548,FAAt401
FAAt401,k1ntotl5st00,71,Structures,1962,Current Dollars,Level,6,595,FAAt401
FAAt401,k1ntotl5st00,71,Structures,1963,Current Dollars,Level,6,629,FAAt401
FAAt401,k1ntotl5st00,71,Structures,1964,Current Dollars,Level,6,679,FAAt401
FAAt401,k1ntotl5st00,71,Structures,1965,Current Dollars,Level,6,768,FAAt401
FAAt401,k1ntotl5st00,71,Structures,1966,Current Dollars,Level,6,864,FAAt401
FAAt401,k1ntotl5st00,71,Structures,1967,Current Dollars,Level,6,950,FAAt401
FAAt401,k1ntotl5st00,71,Structures,1968,Current Dollars,Level,6,"1,054",FAAt401
FAAt401,k1ntotl5st00,71,Structures,1969,Current Dollars,Level,6,"1,201",FAAt401
FAAt401,k1ntotl5st00,71,Structures,1970,Current Dollars,Level,6,"1,353",FAAt401
FAAt401,k1ntotl5st00,71,Structures,1971,Current Dollars,Level,6,"1,579",FAAt401
FAAt401,k1ntotl5st00,71,Structures,1972,Current Dollars,Level,6,"1,784",FAAt401
FAAt401,k1ntotl5st00,71,Structures,1973,Current Dollars,Level,6,"2,083",FAAt401
FAAt401,k1ntotl5st00,71,Structures,1974,Current Dollars,Level,6,"2,436",FAAt401
FAAt401,k1ntotl5st00,71,Structures,1975,Current Dollars,Level,6,"2,549",FAAt401
FAAt401,k1ntotl5st00,71,Structures,1976,Current Dollars,Level,6,"2,723",FAAt401
FAAt401,k1ntotl5st00,71,Structures,1977,Current Dollars,Level,6,"2,966",FAAt401
FAAt401,k1ntotl5st00,71,Structures,1978,Current Dollars,Level,6,"3,265",FAAt401
FAAt401,k1ntotl5st00,71,Structures,1979,Current Dollars,Level,6,"4,023",FAAt401
FAAt401,k1ntotl5st00,71,Structures,1980,Current Dollars,Level,6,"4,808",FAAt401
FAAt401,k1ntotl5st00,71,Structures,1981,Current Dollars,Level,6,"5,672",FAAt401
FAAt401,k1ntotl5st00,71,Structures,1982,Current Dollars,Level,6,"6,586",FAAt401
FAAt401,k1ntotl5st00,71,Structures,1983,Current Dollars,Level,6,"7,347",FAAt401
FAAt401,k1ntotl5st00,71,Structures,1984,Current Dollars,Level,6,"8,528",FAAt401
FAAt401,k1ntotl5st00,71,Structures,1985,Current Dollars,Level,6,"10,045",FAAt401
FAAt401,k1ntotl5st00,71,Structures,1986,Current Dollars,Level,6,"11,510",FAAt401
FAAt401,k1ntotl5st00,71,Structures,1987,Current Dollars,Level,6,"12,959",FAAt401
FAAt401,k1ntotl5st00,71,Structures,1988,Current Dollars,Level,6,"14,473",FAAt401
FAAt401,k1ntotl5st00,71,Structures,1989,Current Dollars,Level,6,"15,951",FAAt401
FAAt401,k1ntotl5st00,71,Structures,1990,Current Dollars,Level,6,"17,442",FAAt401
FAAt401,k1ntotl5st00,71,Structures,1991,Current Dollars,Level,6,"18,040",FAAt401
FAAt401,k1ntotl5st00,71,Structures,1992,Current Dollars,Level,6,"18,489",FAAt401
FAAt401,k1ntotl5st00,71,Structures,1993,Current Dollars,Level,6,"19,253",FAAt401
FAAt401,k1ntotl5st00,71,Structures,1994,Current Dollars,Level,6,"20,276",FAAt401
FAAt401,k1ntotl5st00,71,Structures,1995,Current Dollars,Level,6,"21,109",FAAt401
FAAt401,k1ntotl5st00,71,Structures,1996,Current Dollars,Level,6,"22,111",FAAt401
FAAt401,k1ntotl5st00,71,Structures,1997,Current Dollars,Level,6,"23,471",FAAt401
FAAt401,k1ntotl5st00,71,Structures,1998,Current Dollars,Level,6,"25,520",FAAt401
FAAt401,k1ntotl5st00,71,Structures,1999,Current Dollars,Level,6,"27,633",FAAt401
FAAt401,k1ntotl5st00,71,Structures,2000,Current Dollars,Level,6,"29,744",FAAt401
FAAt401,k1ntotl5st00,71,Structures,2001,Current Dollars,Level,6,"31,370",FAAt401
FAAt401,k1ntotl5st00,71,Structures,2002,Current Dollars,Level,6,"33,178",FAAt401
FAAt401,k1ntotl5st00,71,Structures,2003,Current Dollars,Level,6,"34,258",FAAt401
FAAt401,k1ntotl5st00,71,Structures,2004,Current Dollars,Level,6,"37,788",FAAt401
FAAt401,k1ntotl5st00,71,Structures,2005,Current Dollars,Level,6,"41,443",FAAt401
FAAt401,k1ntotl5st00,71,Structures,2006,Current Dollars,Level,6,"45,639",FAAt401
FAAt401,k1ntotl5st00,71,Structures,2007,Current Dollars,Level,6,"49,280",FAAt401
FAAt401,k1ntotl5st00,71,Structures,2008,Current Dollars,Level,6,"54,072",FAAt401
FAAt401,k1ntotl5st00,71,Structures,2009,Current Dollars,Level,6,"52,207",FAAt401
FAAt401,k1ntotl5st00,71,Structures,2010,Current Dollars,Level,6,"52,670",FAAt401
FAAt401,k1ntotl5st00,71,Structures,2011,Current Dollars,Level,6,"54,810",FAAt401
FAAt401,k1ntotl5st00,71,Structures,2012,Current Dollars,Level,6,"56,662",FAAt401
FAAt401,k1ntotl5st00,71,Structures,2013,Current Dollars,Level,6,"59,320",FAAt401
FAAt401,k1ntotl5st00,71,Structures,2014,Current Dollars,Level,6,"61,783",FAAt401
FAAt401,k1ntotl5st00,71,Structures,2015,Current Dollars,Level,6,"64,301",FAAt401
FAAt401,k1ntotl5st00,71,Structures,2016,Current Dollars,Level,6,"67,083",FAAt401
FAAt401,k1ntotl5st00,71,Structures,2017,Current Dollars,Level,6,"70,888",FAAt401
FAAt401,k1ntotl5st00,71,Structures,2018,Current Dollars,Level,6,"75,761",FAAt401
FAAt401,k1ntotl5st00,71,Structures,2019,Current Dollars,Level,6,"79,681",FAAt401
FAAt401,k1ntotl5st00,71,Structures,2020,Current Dollars,Level,6,"82,410",FAAt401
FAAt401,k1ntotl5st00,71,Structures,2021,Current Dollars,Level,6,"98,216",FAAt401
FAAt401,k1ntotl5st00,71,Structures,2022,Current Dollars,Level,6,"115,966",FAAt401
FAAt401,k1ntotl5st00,71,Structures,2023,Current Dollars,Level,6,"118,788",FAAt401
FAAt401,k1ntotl5st00,71,Structures,2024,Current Dollars,Level,6,"123,033",FAAt401
FAAt401,k1ntotl5ip00,72,Intellectual property products,1925,Current Dollars,Level,6,0,FAAt401
FAAt401,k1ntotl5ip00,72,Intellectual property products,1926,Current Dollars,Level,6,0,FAAt401
FAAt401,k1ntotl5ip00,72,Intellectual property products,1927,Current Dollars,Level,6,0,FAAt401
FAAt401,k1ntotl5ip00,72,Intellectual property products,1928,Current Dollars,Level,6,0,FAAt401
FAAt401,k1ntotl5ip00,72,Intellectual property products,1929,Current Dollars,Level,6,0,FAAt401
FAAt401,k1ntotl5ip00,72,Intellectual property products,1930,Current Dollars,Level,6,0,FAAt401
FAAt401,k1ntotl5ip00,72,Intellectual property products,1931,Current Dollars,Level,6,0,FAAt401
FAAt401,k1ntotl5ip00,72,Intellectual property products,1932,Current Dollars,Level,6,0,FAAt401
FAAt401,k1ntotl5ip00,72,Intellectual property products,1933,Current Dollars,Level,6,0,FAAt401
FAAt401,k1ntotl5ip00,72,Intellectual property products,1934,Current Dollars,Level,6,0,FAAt401
FAAt401,k1ntotl5ip00,72,Intellectual property products,1935,Current Dollars,Level,6,0,FAAt401
FAAt401,k1ntotl5ip00,72,Intellectual property products,1936,Current Dollars,Level,6,0,FAAt401
FAAt401,k1ntotl5ip00,72,Intellectual property products,1937,Current Dollars,Level,6,0,FAAt401
FAAt401,k1ntotl5ip00,72,Intellectual property products,1938,Current Dollars,Level,6,0,FAAt401
FAAt401,k1ntotl5ip00,72,Intellectual property products,1939,Current Dollars,Level,6,0,FAAt401
FAAt401,k1ntotl5ip00,72,Intellectual property products,1940,Current Dollars,Level,6,0,FAAt401
FAAt401,k1ntotl5ip00,72,Intellectual property products,1941,Current Dollars,Level,6,0,FAAt401
FAAt401,k1ntotl5ip00,72,Intellectual property products,1942,Current Dollars,Level,6,0,FAAt401
FAAt401,k1ntotl5ip00,72,Intellectual property products,1943,Current Dollars,Level,6,0,FAAt401
FAAt401,k1ntotl5ip00,72,Intellectual property products,1944,Current Dollars,Level,6,0,FAAt401
FAAt401,k1ntotl5ip00,72,Intellectual property products,1945,Current Dollars,Level,6,0,FAAt401
FAAt401,k1ntotl5ip00,72,Intellectual property products,1946,Current Dollars,Level,6,0,FAAt401
FAAt401,k1ntotl5ip00,72,Intellectual property products,1947,Current Dollars,Level,6,0,FAAt401
FAAt401,k1ntotl5ip00,72,Intellectual property products,1948,Current Dollars,Level,6,0,FAAt401
FAAt401,k1ntotl5ip00,72,Intellectual property products,1949,Current Dollars,Level,6,0,FAAt401
FAAt401,k1ntotl5ip00,72,Intellectual property products,1950,Current Dollars,Level,6,0,FAAt401
FAAt401,k1ntotl5ip00,72,Intellectual property products,1951,Current Dollars,Level,6,0,FAAt401
FAAt401,k1ntotl5ip00,72,Intellectual property products,1952,Current Dollars,Level,6,0,FAAt401
FAAt401,k1ntotl5ip00,72,Intellectual property products,1953,Current Dollars,Level,6,0,FAAt401
FAAt401,k1ntotl5ip00,72,Intellectual property products,1954,Current Dollars,Level,6,0,FAAt401
FAAt401,k1ntotl5ip00,72,Intellectual property products,1955,Current Dollars,Level,6,0,FAAt401
FAAt401,k1ntotl5ip00,72,Intellectual property products,1956,Current Dollars,Level,6,0,FAAt401
FAAt401,k1ntotl5ip00,72,Intellectual property products,1957,Current Dollars,Level,6,0,FAAt401
FAAt401,k1ntotl5ip00,72,Intellectual property products,1958,Current Dollars,Level,6,0,FAAt401
FAAt401,k1ntotl5ip00,72,Intellectual property products,1959,Current Dollars,Level,6,0,FAAt401
FAAt401,k1ntotl5ip00,72,Intellectual property products,1960,Current Dollars,Level,6,0,FAAt401
FAAt401,k1ntotl5ip00,72,Intellectual property products,1961,Current Dollars,Level,6,0,FAAt401
FAAt401,k1ntotl5ip00,72,Intellectual property products,1962,Current Dollars,Level,6,0,FAAt401
FAAt401,k1ntotl5ip00,72,Intellectual property products,1963,Current Dollars,Level,6,0,FAAt401
FAAt401,k1ntotl5ip00,72,Intellectual property products,1964,Current Dollars,Level,6,0,FAAt401
FAAt401,k1ntotl5ip00,72,Intellectual property products,1965,Current Dollars,Level,6,0,FAAt401
FAAt401,k1ntotl5ip00,72,Intellectual property products,1966,Current Dollars,Level,6,0,FAAt401
FAAt401,k1ntotl5ip00,72,Intellectual property products,1967,Current Dollars,Level,6,0,FAAt401
FAAt401,k1ntotl5ip00,72,Intellectual property products,1968,Current Dollars,Level,6,0,FAAt401
FAAt401,k1ntotl5ip00,72,Intellectual property products,1969,Current Dollars,Level,6,0,FAAt401
FAAt401,k1ntotl5ip00,72,Intellectual property products,1970,Current Dollars,Level,6,0,FAAt401
FAAt401,k1ntotl5ip00,72,Intellectual property products,1971,Current Dollars,Level,6,0,FAAt401
FAAt401,k1ntotl5ip00,72,Intellectual property products,1972,Current Dollars,Level,6,0,FAAt401
FAAt401,k1ntotl5ip00,72,Intellectual property products,1973,Current Dollars,Level,6,0,FAAt401
FAAt401,k1ntotl5ip00,72,Intellectual property products,1974,Current Dollars,Level,6,0,FAAt401
FAAt401,k1ntotl5ip00,72,Intellectual property products,1975,Current Dollars,Level,6,0,FAAt401
FAAt401,k1ntotl5ip00,72,Intellectual property products,1976,Current Dollars,Level,6,0,FAAt401
FAAt401,k1ntotl5ip00,72,Intellectual property products,1977,Current Dollars,Level,6,0,FAAt401
FAAt401,k1ntotl5ip00,72,Intellectual property products,1978,Current Dollars,Level,6,0,FAAt401
FAAt401,k1ntotl5ip00,72,Intellectual property products,1979,Current Dollars,Level,6,0,FAAt401
FAAt401,k1ntotl5ip00,72,Intellectual property products,1980,Current Dollars,Level,6,0,FAAt401
FAAt401,k1ntotl5ip00,72,Intellectual property products,1981,Current Dollars,Level,6,0,FAAt401
FAAt401,k1ntotl5ip00,72,Intellectual property products,1982,Current Dollars,Level,6,0,FAAt401
FAAt401,k1ntotl5ip00,72,Intellectual property products,1983,Current Dollars,Level,6,0,FAAt401
FAAt401,k1ntotl5ip00,72,Intellectual property products,1984,Current Dollars,Level,6,0,FAAt401
FAAt401,k1ntotl5ip00,72,Intellectual property products,1985,Current Dollars,Level,6,0,FAAt401
FAAt401,k1ntotl5ip00,72,Intellectual property products,1986,Current Dollars,Level,6,0,FAAt401
FAAt401,k1ntotl5ip00,72,Intellectual property products,1987,Current Dollars,Level,6,0,FAAt401
FAAt401,k1ntotl5ip00,72,Intellectual property products,1988,Current Dollars,Level,6,0,FAAt401
FAAt401,k1ntotl5ip00,72,Intellectual property products,1989,Current Dollars,Level,6,0,FAAt401
FAAt401,k1ntotl5ip00,72,Intellectual property products,1990,Current Dollars,Level,6,0,FAAt401
FAAt401,k1ntotl5ip00,72,Intellectual property products,1991,Current Dollars,Level,6,0,FAAt401
FAAt401,k1ntotl5ip00,72,Intellectual property products,1992,Current Dollars,Level,6,0,FAAt401
FAAt401,k1ntotl5ip00,72,Intellectual property products,1993,Current Dollars,Level,6,0,FAAt401
FAAt401,k1ntotl5ip00,72,Intellectual property products,1994,Current Dollars,Level,6,0,FAAt401
FAAt401,k1ntotl5ip00,72,Intellectual property products,1995,Current Dollars,Level,6,0,FAAt401
FAAt401,k1ntotl5ip00,72,Intellectual property products,1996,Current Dollars,Level,6,0,FAAt401
FAAt401,k1ntotl5ip00,72,Intellectual property products,1997,Current Dollars,Level,6,0,FAAt401
FAAt401,k1ntotl5ip00,72,Intellectual property products,1998,Current Dollars,Level,6,36,FAAt401
FAAt401,k1ntotl5ip00,72,Intellectual property products,1999,Current Dollars,Level,6,64,FAAt401
FAAt401,k1ntotl5ip00,72,Intellectual property products,2000,Current Dollars,Level,6,58,FAAt401
FAAt401,k1ntotl5ip00,72,Intellectual property products,2001,Current Dollars,Level,6,42,FAAt401
FAAt401,k1ntotl5ip00,72,Intellectual property products,2002,Current Dollars,Level,6,127,FAAt401
FAAt401,k1ntotl5ip00,72,Intellectual property products,2003,Current Dollars,Level,6,129,FAAt401
FAAt401,k1ntotl5ip00,72,Intellectual property products,2004,Current Dollars,Level,6,151,FAAt401
FAAt401,k1ntotl5ip00,72,Intellectual property products,2005,Current Dollars,Level,6,177,FAAt401
FAAt401,k1ntotl5ip00,72,Intellectual property products,2006,Current Dollars,Level,6,188,FAAt401
FAAt401,k1ntotl5ip00,72,Intellectual property products,2007,Current Dollars,Level,6,211,FAAt401
FAAt401,k1ntotl5ip00,72,Intellectual property products,2008,Current Dollars,Level,6,249,FAAt401
FAAt401,k1ntotl5ip00,72,Intellectual property products,2009,Current Dollars,Level,6,255,FAAt401
FAAt401,k1ntotl5ip00,72,Intellectual property products,2010,Current Dollars,Level,6,287,FAAt401
FAAt401,k1ntotl5ip00,72,Intellectual property products,2011,Current Dollars,Level,6,274,FAAt401
FAAt401,k1ntotl5ip00,72,Intellectual property products,2012,Current Dollars,Level,6,335,FAAt401
FAAt401,k1ntotl5ip00,72,Intellectual property products,2013,Current Dollars,Level,6,438,FAAt401
FAAt401,k1ntotl5ip00,72,Intellectual property products,2014,Current Dollars,Level,6,487,FAAt401
FAAt401,k1ntotl5ip00,72,Intellectual property products,2015,Current Dollars,Level,6,533,FAAt401
FAAt401,k1ntotl5ip00,72,Intellectual property products,2016,Current Dollars,Level,6,613,FAAt401
FAAt401,k1ntotl5ip00,72,Intellectual property products,2017,Current Dollars,Level,6,659,FAAt401
FAAt401,k1ntotl5ip00,72,Intellectual property products,2018,Current Dollars,Level,6,697,FAAt401
FAAt401,k1ntotl5ip00,72,Intellectual property products,2019,Current Dollars,Level,6,715,FAAt401
FAAt401,k1ntotl5ip00,72,Intellectual property products,2020,Current Dollars,Level,6,800,FAAt401
FAAt401,k1ntotl5ip00,72,Intellectual property products,2021,Current Dollars,Level,6,841,FAAt401
FAAt401,k1ntotl5ip00,72,Intellectual property products,2022,Current Dollars,Level,6,900,FAAt401
FAAt401,k1ntotl5ip00,72,Intellectual property products,2023,Current Dollars,Level,6,969,FAAt401
FAAt401,k1ntotl5ip00,72,Intellectual property products,2024,Current Dollars,Level,6,"1,074",FAAt401
FAAt401,k1ntotl6es00,73,Tax-exempt cooperatives,1925,Current Dollars,Level,6,1,FAAt401
FAAt401,k1ntotl6es00,73,Tax-exempt cooperatives,1926,Current Dollars,Level,6,1,FAAt401
FAAt401,k1ntotl6es00,73,Tax-exempt cooperatives,1927,Current Dollars,Level,6,1,FAAt401
FAAt401,k1ntotl6es00,73,Tax-exempt cooperatives,1928,Current Dollars,Level,6,1,FAAt401
FAAt401,k1ntotl6es00,73,Tax-exempt cooperatives,1929,Current Dollars,Level,6,1,FAAt401
FAAt401,k1ntotl6es00,73,Tax-exempt cooperatives,1930,Current Dollars,Level,6,1,FAAt401
FAAt401,k1ntotl6es00,73,Tax-exempt cooperatives,1931,Current Dollars,Level,6,1,FAAt401
FAAt401,k1ntotl6es00,73,Tax-exempt cooperatives,1932,Current Dollars,Level,6,1,FAAt401
FAAt401,k1ntotl6es00,73,Tax-exempt cooperatives,1933,Current Dollars,Level,6,1,FAAt401
FAAt401,k1ntotl6es00,73,Tax-exempt cooperatives,1934,Current Dollars,Level,6,1,FAAt401
FAAt401,k1ntotl6es00,73,Tax-exempt cooperatives,1935,Current Dollars,Level,6,57,FAAt401
FAAt401,k1ntotl6es00,73,Tax-exempt cooperatives,1936,Current Dollars,Level,6,125,FAAt401
FAAt401,k1ntotl6es00,73,Tax-exempt cooperatives,1937,Current Dollars,Level,6,207,FAAt401
FAAt401,k1ntotl6es00,73,Tax-exempt cooperatives,1938,Current Dollars,Level,6,271,FAAt401
FAAt401,k1ntotl6es00,73,Tax-exempt cooperatives,1939,Current Dollars,Level,6,341,FAAt401
FAAt401,k1ntotl6es00,73,Tax-exempt cooperatives,1940,Current Dollars,Level,6,438,FAAt401
FAAt401,k1ntotl6es00,73,Tax-exempt cooperatives,1941,Current Dollars,Level,6,576,FAAt401
FAAt401,k1ntotl6es00,73,Tax-exempt cooperatives,1942,Current Dollars,Level,6,625,FAAt401
FAAt401,k1ntotl6es00,73,Tax-exempt cooperatives,1943,Current Dollars,Level,6,649,FAAt401
FAAt401,k1ntotl6es00,73,Tax-exempt cooperatives,1944,Current Dollars,Level,6,675,FAAt401
FAAt401,k1ntotl6es00,73,Tax-exempt cooperatives,1945,Current Dollars,Level,6,764,FAAt401
FAAt401,k1ntotl6es00,73,Tax-exempt cooperatives,1946,Current Dollars,Level,6,"1,023",FAAt401
FAAt401,k1ntotl6es00,73,Tax-exempt cooperatives,1947,Current Dollars,Level,6,"1,403",FAAt401
FAAt401,k1ntotl6es00,73,Tax-exempt cooperatives,1948,Current Dollars,Level,6,"1,774",FAAt401
FAAt401,k1ntotl6es00,73,Tax-exempt cooperatives,1949,Current Dollars,Level,6,"1,979",FAAt401
FAAt401,k1ntotl6es00,73,Tax-exempt cooperatives,1950,Current Dollars,Level,6,"2,390",FAAt401
FAAt401,k1ntotl6es00,73,Tax-exempt cooperatives,1951,Current Dollars,Level,6,"2,692",FAAt401
FAAt401,k1ntotl6es00,73,Tax-exempt cooperatives,1952,Current Dollars,Level,6,"2,963",FAAt401
FAAt401,k1ntotl6es00,73,Tax-exempt cooperatives,1953,Current Dollars,Level,6,"3,217",FAAt401
FAAt401,k1ntotl6es00,73,Tax-exempt cooperatives,1954,Current Dollars,Level,6,"3,397",FAAt401
FAAt401,k1ntotl6es00,73,Tax-exempt cooperatives,1955,Current Dollars,Level,6,"3,801",FAAt401
FAAt401,k1ntotl6es00,73,Tax-exempt cooperatives,1956,Current Dollars,Level,6,"4,274",FAAt401
FAAt401,k1ntotl6es00,73,Tax-exempt cooperatives,1957,Current Dollars,Level,6,"4,578",FAAt401
FAAt401,k1ntotl6es00,73,Tax-exempt cooperatives,1958,Current Dollars,Level,6,"4,735",FAAt401
FAAt401,k1ntotl6es00,73,Tax-exempt cooperatives,1959,Current Dollars,Level,6,"4,935",FAAt401
FAAt401,k1ntotl6es00,73,Tax-exempt cooperatives,1960,Current Dollars,Level,6,"5,052",FAAt401
FAAt401,k1ntotl6es00,73,Tax-exempt cooperatives,1961,Current Dollars,Level,6,"5,181",FAAt401
FAAt401,k1ntotl6es00,73,Tax-exempt cooperatives,1962,Current Dollars,Level,6,"5,359",FAAt401
FAAt401,k1ntotl6es00,73,Tax-exempt cooperatives,1963,Current Dollars,Level,6,"5,608",FAAt401
FAAt401,k1ntotl6es00,73,Tax-exempt cooperatives,1964,Current Dollars,Level,6,"5,902",FAAt401
FAAt401,k1ntotl6es00,73,Tax-exempt cooperatives,1965,Current Dollars,Level,6,"6,192",FAAt401
FAAt401,k1ntotl6es00,73,Tax-exempt cooperatives,1966,Current Dollars,Level,6,"6,537",FAAt401
FAAt401,k1ntotl6es00,73,Tax-exempt cooperatives,1967,Current Dollars,Level,6,"7,169",FAAt401
FAAt401,k1ntotl6es00,73,Tax-exempt cooperatives,1968,Current Dollars,Level,6,"7,807",FAAt401
FAAt401,k1ntotl6es00,73,Tax-exempt cooperatives,1969,Current Dollars,Level,6,"8,426",FAAt401
FAAt401,k1ntotl6es00,73,Tax-exempt cooperatives,1970,Current Dollars,Level,6,"9,412",FAAt401
FAAt401,k1ntotl6es00,73,Tax-exempt cooperatives,1971,Current Dollars,Level,6,"10,379",FAAt401
FAAt401,k1ntotl6es00,73,Tax-exempt cooperatives,1972,Current Dollars,Level,6,"11,154",FAAt401
FAAt401,k1ntotl6es00,73,Tax-exempt cooperatives,1973,Current Dollars,Level,6,"12,769",FAAt401
FAAt401,k1ntotl6es00,73,Tax-exempt cooperatives,1974,Current Dollars,Level,6,"15,476",FAAt401
FAAt401,k1ntotl6es00,73,Tax-exempt cooperatives,1975,Current Dollars,Level,6,"17,860",FAAt401
FAAt401,k1ntotl6es00,73,Tax-exempt cooperatives,1976,Current Dollars,Level,6,"20,071",FAAt401
FAAt401,k1ntotl6es00,73,Tax-exempt cooperatives,1977,Current Dollars,Level,6,"22,393",FAAt401
FAAt401,k1ntotl6es00,73,Tax-exempt cooperatives,1978,Current Dollars,Level,6,"24,559",FAAt401
FAAt401,k1ntotl6es00,73,Tax-exempt cooperatives,1979,Current Dollars,Level,6,"28,381",FAAt401
FAAt401,k1ntotl6es00,73,Tax-exempt cooperatives,1980,Current Dollars,Level,6,"31,777",FAAt401
FAAt401,k1ntotl6es00,73,Tax-exempt cooperatives,1981,Current Dollars,Level,6,"34,348",FAAt401
FAAt401,k1ntotl6es00,73,Tax-exempt cooperatives,1982,Current Dollars,Level,6,"35,416",FAAt401
FAAt401,k1ntotl6es00,73,Tax-exempt cooperatives,1983,Current Dollars,Level,6,"35,474",FAAt401
FAAt401,k1ntotl6es00,73,Tax-exempt cooperatives,1984,Current Dollars,Level,6,"35,654",FAAt401
FAAt401,k1ntotl6es00,73,Tax-exempt cooperatives,1985,Current Dollars,Level,6,"37,613",FAAt401
FAAt401,k1ntotl6es00,73,Tax-exempt cooperatives,1986,Current Dollars,Level,6,"38,862",FAAt401
FAAt401,k1ntotl6es00,73,Tax-exempt cooperatives,1987,Current Dollars,Level,6,"39,982",FAAt401
FAAt401,k1ntotl6es00,73,Tax-exempt cooperatives,1988,Current Dollars,Level,6,"41,879",FAAt401
FAAt401,k1ntotl6es00,73,Tax-exempt cooperatives,1989,Current Dollars,Level,6,"43,513",FAAt401
FAAt401,k1ntotl6es00,73,Tax-exempt cooperatives,1990,Current Dollars,Level,6,"44,779",FAAt401
FAAt401,k1ntotl6es00,73,Tax-exempt cooperatives,1991,Current Dollars,Level,6,"45,406",FAAt401
FAAt401,k1ntotl6es00,73,Tax-exempt cooperatives,1992,Current Dollars,Level,6,"46,487",FAAt401
FAAt401,k1ntotl6es00,73,Tax-exempt cooperatives,1993,Current Dollars,Level,6,"48,334",FAAt401
FAAt401,k1ntotl6es00,73,Tax-exempt cooperatives,1994,Current Dollars,Level,6,"49,991",FAAt401
FAAt401,k1ntotl6es00,73,Tax-exempt cooperatives,1995,Current Dollars,Level,6,"51,936",FAAt401
FAAt401,k1ntotl6es00,73,Tax-exempt cooperatives,1996,Current Dollars,Level,6,"53,081",FAAt401
FAAt401,k1ntotl6es00,73,Tax-exempt cooperatives,1997,Current Dollars,Level,6,"54,867",FAAt401
FAAt401,k1ntotl6es00,73,Tax-exempt cooperatives,1998,Current Dollars,Level,6,"56,112",FAAt401
FAAt401,k1ntotl6es00,73,Tax-exempt cooperatives,1999,Current Dollars,Level,6,"58,659",FAAt401
FAAt401,k1ntotl6es00,73,Tax-exempt cooperatives,2000,Current Dollars,Level,6,"63,350",FAAt401
FAAt401,k1ntotl6es00,73,Tax-exempt cooperatives,2001,Current Dollars,Level,6,"68,235",FAAt401
FAAt401,k1ntotl6es00,73,Tax-exempt cooperatives,2002,Current Dollars,Level,6,"71,940",FAAt401
FAAt401,k1ntotl6es00,73,Tax-exempt cooperatives,2003,Current Dollars,Level,6,"75,884",FAAt401
FAAt401,k1ntotl6es00,73,Tax-exempt cooperatives,2004,Current Dollars,Level,6,"82,304",FAAt401
FAAt401,k1ntotl6es00,73,Tax-exempt cooperatives,2005,Current Dollars,Level,6,"88,297",FAAt401
FAAt401,k1ntotl6es00,73,Tax-exempt cooperatives,2006,Current Dollars,Level,6,"97,587",FAAt401
FAAt401,k1ntotl6es00,73,Tax-exempt cooperatives,2007,Current Dollars,Level,6,"108,118",FAAt401
FAAt401,k1ntotl6es00,73,Tax-exempt cooperatives,2008,Current Dollars,Level,6,"118,202",FAAt401
FAAt401,k1ntotl6es00,73,Tax-exempt cooperatives,2009,Current Dollars,Level,6,"118,771",FAAt401
FAAt401,k1ntotl6es00,73,Tax-exempt cooperatives,2010,Current Dollars,Level,6,"125,686",FAAt401
FAAt401,k1ntotl6es00,73,Tax-exempt cooperatives,2011,Current Dollars,Level,6,"130,846",FAAt401
FAAt401,k1ntotl6es00,73,Tax-exempt cooperatives,2012,Current Dollars,Level,6,"132,818",FAAt401
FAAt401,k1ntotl6es00,73,Tax-exempt cooperatives,2013,Current Dollars,Level,6,"135,287",FAAt401
FAAt401,k1ntotl6es00,73,Tax-exempt cooperatives,2014,Current Dollars,Level,6,"139,369",FAAt401
FAAt401,k1ntotl6es00,73,Tax-exempt cooperatives,2015,Current Dollars,Level,6,"142,734",FAAt401
FAAt401,k1ntotl6es00,73,Tax-exempt cooperatives,2016,Current Dollars,Level,6,"146,378",FAAt401
FAAt401,k1ntotl6es00,73,Tax-exempt cooperatives,2017,Current Dollars,Level,6,"148,522",FAAt401
FAAt401,k1ntotl6es00,73,Tax-exempt cooperatives,2018,Current Dollars,Level,6,"148,128",FAAt401
FAAt401,k1ntotl6es00,73,Tax-exempt cooperatives,2019,Current Dollars,Level,6,"154,321",FAAt401
FAAt401,k1ntotl6es00,73,Tax-exempt cooperatives,2020,Current Dollars,Level,6,"155,346",FAAt401
FAAt401,k1ntotl6es00,73,Tax-exempt cooperatives,2021,Current Dollars,Level,6,"173,932",FAAt401
FAAt401,k1ntotl6es00,73,Tax-exempt cooperatives,2022,Current Dollars,Level,6,"186,771",FAAt401
FAAt401,k1ntotl6es00,73,Tax-exempt cooperatives,2023,Current Dollars,Level,6,"187,550",FAAt401
FAAt401,k1ntotl6es00,73,Tax-exempt cooperatives,2024,Current Dollars,Level,6,"185,416",FAAt401
FAAt401,k1ntotl6eq00,74,Equipment,1925,Current Dollars,Level,6,1,FAAt401
FAAt401,k1ntotl6eq00,74,Equipment,1926,Current Dollars,Level,6,1,FAAt401
FAAt401,k1ntotl6eq00,74,Equipment,1927,Current Dollars,Level,6,1,FAAt401
FAAt401,k1ntotl6eq00,74,Equipment,1928,Current Dollars,Level,6,1,FAAt401
FAAt401,k1ntotl6eq00,74,Equipment,1929,Current Dollars,Level,6,1,FAAt401
FAAt401,k1ntotl6eq00,74,Equipment,1930,Current Dollars,Level,6,1,FAAt401
FAAt401,k1ntotl6eq00,74,Equipment,1931,Current Dollars,Level,6,1,FAAt401
FAAt401,k1ntotl6eq00,74,Equipment,1932,Current Dollars,Level,6,1,FAAt401
FAAt401,k1ntotl6eq00,74,Equipment,1933,Current Dollars,Level,6,1,FAAt401
FAAt401,k1ntotl6eq00,74,Equipment,1934,Current Dollars,Level,6,1,FAAt401
FAAt401,k1ntotl6eq00,74,Equipment,1935,Current Dollars,Level,6,40,FAAt401
FAAt401,k1ntotl6eq00,74,Equipment,1936,Current Dollars,Level,6,81,FAAt401
FAAt401,k1ntotl6eq00,74,Equipment,1937,Current Dollars,Level,6,123,FAAt401
FAAt401,k1ntotl6eq00,74,Equipment,1938,Current Dollars,Level,6,146,FAAt401
FAAt401,k1ntotl6eq00,74,Equipment,1939,Current Dollars,Level,6,173,FAAt401
FAAt401,k1ntotl6eq00,74,Equipment,1940,Current Dollars,Level,6,209,FAAt401
FAAt401,k1ntotl6eq00,74,Equipment,1941,Current Dollars,Level,6,276,FAAt401
FAAt401,k1ntotl6eq00,74,Equipment,1942,Current Dollars,Level,6,277,FAAt401
FAAt401,k1ntotl6eq00,74,Equipment,1943,Current Dollars,Level,6,283,FAAt401
FAAt401,k1ntotl6eq00,74,Equipment,1944,Current Dollars,Level,6,287,FAAt401
FAAt401,k1ntotl6eq00,74,Equipment,1945,Current Dollars,Level,6,341,FAAt401
FAAt401,k1ntotl6eq00,74,Equipment,1946,Current Dollars,Level,6,451,FAAt401
FAAt401,k1ntotl6eq00,74,Equipment,1947,Current Dollars,Level,6,630,FAAt401
FAAt401,k1ntotl6eq00,74,Equipment,1948,Current Dollars,Level,6,793,FAAt401
FAAt401,k1ntotl6eq00,74,Equipment,1949,Current Dollars,Level,6,843,FAAt401
FAAt401,k1ntotl6eq00,74,Equipment,1950,Current Dollars,Level,6,"1,004",FAAt401
FAAt401,k1ntotl6eq00,74,Equipment,1951,Current Dollars,Level,6,"1,113",FAAt401
FAAt401,k1ntotl6eq00,74,Equipment,1952,Current Dollars,Level,6,"1,203",FAAt401
FAAt401,k1ntotl6eq00,74,Equipment,1953,Current Dollars,Level,6,"1,268",FAAt401
FAAt401,k1ntotl6eq00,74,Equipment,1954,Current Dollars,Level,6,"1,305",FAAt401
FAAt401,k1ntotl6eq00,74,Equipment,1955,Current Dollars,Level,6,"1,443",FAAt401
FAAt401,k1ntotl6eq00,74,Equipment,1956,Current Dollars,Level,6,"1,626",FAAt401
FAAt401,k1ntotl6eq00,74,Equipment,1957,Current Dollars,Level,6,"1,701",FAAt401
FAAt401,k1ntotl6eq00,74,Equipment,1958,Current Dollars,Level,6,"1,711",FAAt401
FAAt401,k1ntotl6eq00,74,Equipment,1959,Current Dollars,Level,6,"1,746",FAAt401
FAAt401,k1ntotl6eq00,74,Equipment,1960,Current Dollars,Level,6,"1,786",FAAt401
FAAt401,k1ntotl6eq00,74,Equipment,1961,Current Dollars,Level,6,"1,804",FAAt401
FAAt401,k1ntotl6eq00,74,Equipment,1962,Current Dollars,Level,6,"1,855",FAAt401
FAAt401,k1ntotl6eq00,74,Equipment,1963,Current Dollars,Level,6,"1,917",FAAt401
FAAt401,k1ntotl6eq00,74,Equipment,1964,Current Dollars,Level,6,"1,957",FAAt401
FAAt401,k1ntotl6eq00,74,Equipment,1965,Current Dollars,Level,6,"2,009",FAAt401
FAAt401,k1ntotl6eq00,74,Equipment,1966,Current Dollars,Level,6,"2,167",FAAt401
FAAt401,k1ntotl6eq00,74,Equipment,1967,Current Dollars,Level,6,"2,343",FAAt401
FAAt401,k1ntotl6eq00,74,Equipment,1968,Current Dollars,Level,6,"2,517",FAAt401
FAAt401,k1ntotl6eq00,74,Equipment,1969,Current Dollars,Level,6,"2,671",FAAt401
FAAt401,k1ntotl6eq00,74,Equipment,1970,Current Dollars,Level,6,"2,934",FAAt401
FAAt401,k1ntotl6eq00,74,Equipment,1971,Current Dollars,Level,6,"3,103",FAAt401
FAAt401,k1ntotl6eq00,74,Equipment,1972,Current Dollars,Level,6,"3,273",FAAt401
FAAt401,k1ntotl6eq00,74,Equipment,1973,Current Dollars,Level,6,"3,528",FAAt401
FAAt401,k1ntotl6eq00,74,Equipment,1974,Current Dollars,Level,6,"4,217",FAAt401
FAAt401,k1ntotl6eq00,74,Equipment,1975,Current Dollars,Level,6,"5,100",FAAt401
FAAt401,k1ntotl6eq00,74,Equipment,1976,Current Dollars,Level,6,"5,759",FAAt401
FAAt401,k1ntotl6eq00,74,Equipment,1977,Current Dollars,Level,6,"6,656",FAAt401
FAAt401,k1ntotl6eq00,74,Equipment,1978,Current Dollars,Level,6,"7,111",FAAt401
FAAt401,k1ntotl6eq00,74,Equipment,1979,Current Dollars,Level,6,"8,218",FAAt401
FAAt401,k1ntotl6eq00,74,Equipment,1980,Current Dollars,Level,6,"9,393",FAAt401
FAAt401,k1ntotl6eq00,74,Equipment,1981,Current Dollars,Level,6,"10,028",FAAt401
FAAt401,k1ntotl6eq00,74,Equipment,1982,Current Dollars,Level,6,"10,119",FAAt401
FAAt401,k1ntotl6eq00,74,Equipment,1983,Current Dollars,Level,6,"9,875",FAAt401
FAAt401,k1ntotl6eq00,74,Equipment,1984,Current Dollars,Level,6,"9,743",FAAt401
FAAt401,k1ntotl6eq00,74,Equipment,1985,Current Dollars,Level,6,"10,753",FAAt401
FAAt401,k1ntotl6eq00,74,Equipment,1986,Current Dollars,Level,6,"11,419",FAAt401
FAAt401,k1ntotl6eq00,74,Equipment,1987,Current Dollars,Level,6,"11,558",FAAt401
FAAt401,k1ntotl6eq00,74,Equipment,1988,Current Dollars,Level,6,"11,931",FAAt401
FAAt401,k1ntotl6eq00,74,Equipment,1989,Current Dollars,Level,6,"12,472",FAAt401
FAAt401,k1ntotl6eq00,74,Equipment,1990,Current Dollars,Level,6,"13,090",FAAt401
FAAt401,k1ntotl6eq00,74,Equipment,1991,Current Dollars,Level,6,"13,231",FAAt401
FAAt401,k1ntotl6eq00,74,Equipment,1992,Current Dollars,Level,6,"13,476",FAAt401
FAAt401,k1ntotl6eq00,74,Equipment,1993,Current Dollars,Level,6,"13,857",FAAt401
FAAt401,k1ntotl6eq00,74,Equipment,1994,Current Dollars,Level,6,"14,313",FAAt401
FAAt401,k1ntotl6eq00,74,Equipment,1995,Current Dollars,Level,6,"14,806",FAAt401
FAAt401,k1ntotl6eq00,74,Equipment,1996,Current Dollars,Level,6,"15,110",FAAt401
FAAt401,k1ntotl6eq00,74,Equipment,1997,Current Dollars,Level,6,"15,404",FAAt401
FAAt401,k1ntotl6eq00,74,Equipment,1998,Current Dollars,Level,6,"15,683",FAAt401
FAAt401,k1ntotl6eq00,74,Equipment,1999,Current Dollars,Level,6,"16,503",FAAt401
FAAt401,k1ntotl6eq00,74,Equipment,2000,Current Dollars,Level,6,"17,917",FAAt401
FAAt401,k1ntotl6eq00,74,Equipment,2001,Current Dollars,Level,6,"19,394",FAAt401
FAAt401,k1ntotl6eq00,74,Equipment,2002,Current Dollars,Level,6,"20,851",FAAt401
FAAt401,k1ntotl6eq00,74,Equipment,2003,Current Dollars,Level,6,"22,215",FAAt401
FAAt401,k1ntotl6eq00,74,Equipment,2004,Current Dollars,Level,6,"23,908",FAAt401
FAAt401,k1ntotl6eq00,74,Equipment,2005,Current Dollars,Level,6,"25,897",FAAt401
FAAt401,k1ntotl6eq00,74,Equipment,2006,Current Dollars,Level,6,"29,203",FAAt401
FAAt401,k1ntotl6eq00,74,Equipment,2007,Current Dollars,Level,6,"32,712",FAAt401
FAAt401,k1ntotl6eq00,74,Equipment,2008,Current Dollars,Level,6,"35,950",FAAt401
FAAt401,k1ntotl6eq00,74,Equipment,2009,Current Dollars,Level,6,"37,238",FAAt401
FAAt401,k1ntotl6eq00,74,Equipment,2010,Current Dollars,Level,6,"38,685",FAAt401
FAAt401,k1ntotl6eq00,74,Equipment,2011,Current Dollars,Level,6,"40,269",FAAt401
FAAt401,k1ntotl6eq00,74,Equipment,2012,Current Dollars,Level,6,"40,746",FAAt401
FAAt401,k1ntotl6eq00,74,Equipment,2013,Current Dollars,Level,6,"41,196",FAAt401
FAAt401,k1ntotl6eq00,74,Equipment,2014,Current Dollars,Level,6,"42,388",FAAt401
FAAt401,k1ntotl6eq00,74,Equipment,2015,Current Dollars,Level,6,"43,342",FAAt401
FAAt401,k1ntotl6eq00,74,Equipment,2016,Current Dollars,Level,6,"43,826",FAAt401
FAAt401,k1ntotl6eq00,74,Equipment,2017,Current Dollars,Level,6,"43,748",FAAt401
FAAt401,k1ntotl6eq00,74,Equipment,2018,Current Dollars,Level,6,"43,524",FAAt401
FAAt401,k1ntotl6eq00,74,Equipment,2019,Current Dollars,Level,6,"45,184",FAAt401
FAAt401,k1ntotl6eq00,74,Equipment,2020,Current Dollars,Level,6,"45,115",FAAt401
FAAt401,k1ntotl6eq00,74,Equipment,2021,Current Dollars,Level,6,"50,575",FAAt401
FAAt401,k1ntotl6eq00,74,Equipment,2022,Current Dollars,Level,6,"52,929",FAAt401
FAAt401,k1ntotl6eq00,74,Equipment,2023,Current Dollars,Level,6,"53,331",FAAt401
FAAt401,k1ntotl6eq00,74,Equipment,2024,Current Dollars,Level,6,"53,590",FAAt401
FAAt401,k1ntotl6st00,75,Structures,1925,Current Dollars,Level,6,0,FAAt401
FAAt401,k1ntotl6st00,75,Structures,1926,Current Dollars,Level,6,0,FAAt401
FAAt401,k1ntotl6st00,75,Structures,1927,Current Dollars,Level,6,0,FAAt401
FAAt401,k1ntotl6st00,75,Structures,1928,Current Dollars,Level,6,0,FAAt401
FAAt401,k1ntotl6st00,75,Structures,1929,Current Dollars,Level,6,0,FAAt401
FAAt401,k1ntotl6st00,75,Structures,1930,Current Dollars,Level,6,0,FAAt401
FAAt401,k1ntotl6st00,75,Structures,1931,Current Dollars,Level,6,0,FAAt401
FAAt401,k1ntotl6st00,75,Structures,1932,Current Dollars,Level,6,0,FAAt401
FAAt401,k1ntotl6st00,75,Structures,1933,Current Dollars,Level,6,0,FAAt401
FAAt401,k1ntotl6st00,75,Structures,1934,Current Dollars,Level,6,0,FAAt401
FAAt401,k1ntotl6st00,75,Structures,1935,Current Dollars,Level,6,16,FAAt401
FAAt401,k1ntotl6st00,75,Structures,1936,Current Dollars,Level,6,43,FAAt401
FAAt401,k1ntotl6st00,75,Structures,1937,Current Dollars,Level,6,83,FAAt401
FAAt401,k1ntotl6st00,75,Structures,1938,Current Dollars,Level,6,123,FAAt401
FAAt401,k1ntotl6st00,75,Structures,1939,Current Dollars,Level,6,165,FAAt401
FAAt401,k1ntotl6st00,75,Structures,1940,Current Dollars,Level,6,227,FAAt401
FAAt401,k1ntotl6st00,75,Structures,1941,Current Dollars,Level,6,297,FAAt401
FAAt401,k1ntotl6st00,75,Structures,1942,Current Dollars,Level,6,344,FAAt401
FAAt401,k1ntotl6st00,75,Structures,1943,Current Dollars,Level,6,363,FAAt401
FAAt401,k1ntotl6st00,75,Structures,1944,Current Dollars,Level,6,384,FAAt401
FAAt401,k1ntotl6st00,75,Structures,1945,Current Dollars,Level,6,419,FAAt401
FAAt401,k1ntotl6st00,75,Structures,1946,Current Dollars,Level,6,567,FAAt401
FAAt401,k1ntotl6st00,75,Structures,1947,Current Dollars,Level,6,767,FAAt401
FAAt401,k1ntotl6st00,75,Structures,1948,Current Dollars,Level,6,975,FAAt401
FAAt401,k1ntotl6st00,75,Structures,1949,Current Dollars,Level,6,"1,129",FAAt401
FAAt401,k1ntotl6st00,75,Structures,1950,Current Dollars,Level,6,"1,377",FAAt401
FAAt401,k1ntotl6st00,75,Structures,1951,Current Dollars,Level,6,"1,567",FAAt401
FAAt401,k1ntotl6st00,75,Structures,1952,Current Dollars,Level,6,"1,745",FAAt401
FAAt401,k1ntotl6st00,75,Structures,1953,Current Dollars,Level,6,"1,930",FAAt401
FAAt401,k1ntotl6st00,75,Structures,1954,Current Dollars,Level,6,"2,070",FAAt401
FAAt401,k1ntotl6st00,75,Structures,1955,Current Dollars,Level,6,"2,334",FAAt401
FAAt401,k1ntotl6st00,75,Structures,1956,Current Dollars,Level,6,"2,622",FAAt401
FAAt401,k1ntotl6st00,75,Structures,1957,Current Dollars,Level,6,"2,850",FAAt401
FAAt401,k1ntotl6st00,75,Structures,1958,Current Dollars,Level,6,"2,997",FAAt401
FAAt401,k1ntotl6st00,75,Structures,1959,Current Dollars,Level,6,"3,163",FAAt401
FAAt401,k1ntotl6st00,75,Structures,1960,Current Dollars,Level,6,"3,238",FAAt401
FAAt401,k1ntotl6st00,75,Structures,1961,Current Dollars,Level,6,"3,348",FAAt401
FAAt401,k1ntotl6st00,75,Structures,1962,Current Dollars,Level,6,"3,474",FAAt401
FAAt401,k1ntotl6st00,75,Structures,1963,Current Dollars,Level,6,"3,657",FAAt401
FAAt401,k1ntotl6st00,75,Structures,1964,Current Dollars,Level,6,"3,910",FAAt401
FAAt401,k1ntotl6st00,75,Structures,1965,Current Dollars,Level,6,"4,145",FAAt401
FAAt401,k1ntotl6st00,75,Structures,1966,Current Dollars,Level,6,"4,327",FAAt401
FAAt401,k1ntotl6st00,75,Structures,1967,Current Dollars,Level,6,"4,780",FAAt401
FAAt401,k1ntotl6st00,75,Structures,1968,Current Dollars,Level,6,"5,240",FAAt401
FAAt401,k1ntotl6st00,75,Structures,1969,Current Dollars,Level,6,"5,698",FAAt401
FAAt401,k1ntotl6st00,75,Structures,1970,Current Dollars,Level,6,"6,416",FAAt401
FAAt401,k1ntotl6st00,75,Structures,1971,Current Dollars,Level,6,"7,210",FAAt401
FAAt401,k1ntotl6st00,75,Structures,1972,Current Dollars,Level,6,"7,811",FAAt401
FAAt401,k1ntotl6st00,75,Structures,1973,Current Dollars,Level,6,"9,162",FAAt401
FAAt401,k1ntotl6st00,75,Structures,1974,Current Dollars,Level,6,"11,166",FAAt401
FAAt401,k1ntotl6st00,75,Structures,1975,Current Dollars,Level,6,"12,658",FAAt401
FAAt401,k1ntotl6st00,75,Structures,1976,Current Dollars,Level,6,"14,196",FAAt401
FAAt401,k1ntotl6st00,75,Structures,1977,Current Dollars,Level,6,"15,610",FAAt401
FAAt401,k1ntotl6st00,75,Structures,1978,Current Dollars,Level,6,"17,307",FAAt401
FAAt401,k1ntotl6st00,75,Structures,1979,Current Dollars,Level,6,"20,005",FAAt401
FAAt401,k1ntotl6st00,75,Structures,1980,Current Dollars,Level,6,"22,210",FAAt401
FAAt401,k1ntotl6st00,75,Structures,1981,Current Dollars,Level,6,"24,124",FAAt401
FAAt401,k1ntotl6st00,75,Structures,1982,Current Dollars,Level,6,"25,084",FAAt401
FAAt401,k1ntotl6st00,75,Structures,1983,Current Dollars,Level,6,"25,372",FAAt401
FAAt401,k1ntotl6st00,75,Structures,1984,Current Dollars,Level,6,"25,668",FAAt401
FAAt401,k1ntotl6st00,75,Structures,1985,Current Dollars,Level,6,"26,559",FAAt401
FAAt401,k1ntotl6st00,75,Structures,1986,Current Dollars,Level,6,"27,105",FAAt401
FAAt401,k1ntotl6st00,75,Structures,1987,Current Dollars,Level,6,"28,069",FAAt401
FAAt401,k1ntotl6st00,75,Structures,1988,Current Dollars,Level,6,"29,578",FAAt401
FAAt401,k1ntotl6st00,75,Structures,1989,Current Dollars,Level,6,"30,637",FAAt401
FAAt401,k1ntotl6st00,75,Structures,1990,Current Dollars,Level,6,"31,222",FAAt401
FAAt401,k1ntotl6st00,75,Structures,1991,Current Dollars,Level,6,"31,650",FAAt401
FAAt401,k1ntotl6st00,75,Structures,1992,Current Dollars,Level,6,"32,432",FAAt401
FAAt401,k1ntotl6st00,75,Structures,1993,Current Dollars,Level,6,"33,835",FAAt401
FAAt401,k1ntotl6st00,75,Structures,1994,Current Dollars,Level,6,"34,984",FAAt401
FAAt401,k1ntotl6st00,75,Structures,1995,Current Dollars,Level,6,"36,372",FAAt401
FAAt401,k1ntotl6st00,75,Structures,1996,Current Dollars,Level,6,"37,157",FAAt401
FAAt401,k1ntotl6st00,75,Structures,1997,Current Dollars,Level,6,"38,571",FAAt401
FAAt401,k1ntotl6st00,75,Structures,1998,Current Dollars,Level,6,"39,487",FAAt401
FAAt401,k1ntotl6st00,75,Structures,1999,Current Dollars,Level,6,"41,127",FAAt401
FAAt401,k1ntotl6st00,75,Structures,2000,Current Dollars,Level,6,"44,293",FAAt401
FAAt401,k1ntotl6st00,75,Structures,2001,Current Dollars,Level,6,"47,680",FAAt401
FAAt401,k1ntotl6st00,75,Structures,2002,Current Dollars,Level,6,"49,987",FAAt401
FAAt401,k1ntotl6st00,75,Structures,2003,Current Dollars,Level,6,"52,636",FAAt401
FAAt401,k1ntotl6st00,75,Structures,2004,Current Dollars,Level,6,"57,420",FAAt401
FAAt401,k1ntotl6st00,75,Structures,2005,Current Dollars,Level,6,"61,424",FAAt401
FAAt401,k1ntotl6st00,75,Structures,2006,Current Dollars,Level,6,"67,397",FAAt401
FAAt401,k1ntotl6st00,75,Structures,2007,Current Dollars,Level,6,"74,381",FAAt401
FAAt401,k1ntotl6st00,75,Structures,2008,Current Dollars,Level,6,"81,004",FAAt401
FAAt401,k1ntotl6st00,75,Structures,2009,Current Dollars,Level,6,"79,926",FAAt401
FAAt401,k1ntotl6st00,75,Structures,2010,Current Dollars,Level,6,"84,966",FAAt401
FAAt401,k1ntotl6st00,75,Structures,2011,Current Dollars,Level,6,"87,944",FAAt401
FAAt401,k1ntotl6st00,75,Structures,2012,Current Dollars,Level,6,"88,709",FAAt401
FAAt401,k1ntotl6st00,75,Structures,2013,Current Dollars,Level,6,"89,504",FAAt401
FAAt401,k1ntotl6st00,75,Structures,2014,Current Dollars,Level,6,"91,462",FAAt401
FAAt401,k1ntotl6st00,75,Structures,2015,Current Dollars,Level,6,"92,963",FAAt401
FAAt401,k1ntotl6st00,75,Structures,2016,Current Dollars,Level,6,"94,807",FAAt401
FAAt401,k1ntotl6st00,75,Structures,2017,Current Dollars,Level,6,"96,127",FAAt401
FAAt401,k1ntotl6st00,75,Structures,2018,Current Dollars,Level,6,"95,730",FAAt401
FAAt401,k1ntotl6st00,75,Structures,2019,Current Dollars,Level,6,"99,036",FAAt401
FAAt401,k1ntotl6st00,75,Structures,2020,Current Dollars,Level,6,"99,612",FAAt401
FAAt401,k1ntotl6st00,75,Structures,2021,Current Dollars,Level,6,"110,142",FAAt401
FAAt401,k1ntotl6st00,75,Structures,2022,Current Dollars,Level,6,"120,413",FAAt401
FAAt401,k1ntotl6st00,75,Structures,2023,Current Dollars,Level,6,"120,300",FAAt401
FAAt401,k1ntotl6st00,75,Structures,2024,Current Dollars,Level,6,"117,063",FAAt401
FAAt401,k1ntotl6ip00,76,Intellectual property products,1925,Current Dollars,Level,6,0,FAAt401
FAAt401,k1ntotl6ip00,76,Intellectual property products,1926,Current Dollars,Level,6,0,FAAt401
FAAt401,k1ntotl6ip00,76,Intellectual property products,1927,Current Dollars,Level,6,0,FAAt401
FAAt401,k1ntotl6ip00,76,Intellectual property products,1928,Current Dollars,Level,6,0,FAAt401
FAAt401,k1ntotl6ip00,76,Intellectual property products,1929,Current Dollars,Level,6,0,FAAt401
FAAt401,k1ntotl6ip00,76,Intellectual property products,1930,Current Dollars,Level,6,0,FAAt401
FAAt401,k1ntotl6ip00,76,Intellectual property products,1931,Current Dollars,Level,6,0,FAAt401
FAAt401,k1ntotl6ip00,76,Intellectual property products,1932,Current Dollars,Level,6,0,FAAt401
FAAt401,k1ntotl6ip00,76,Intellectual property products,1933,Current Dollars,Level,6,0,FAAt401
FAAt401,k1ntotl6ip00,76,Intellectual property products,1934,Current Dollars,Level,6,0,FAAt401
FAAt401,k1ntotl6ip00,76,Intellectual property products,1935,Current Dollars,Level,6,0,FAAt401
FAAt401,k1ntotl6ip00,76,Intellectual property products,1936,Current Dollars,Level,6,1,FAAt401
FAAt401,k1ntotl6ip00,76,Intellectual property products,1937,Current Dollars,Level,6,1,FAAt401
FAAt401,k1ntotl6ip00,76,Intellectual property products,1938,Current Dollars,Level,6,2,FAAt401
FAAt401,k1ntotl6ip00,76,Intellectual property products,1939,Current Dollars,Level,6,2,FAAt401
FAAt401,k1ntotl6ip00,76,Intellectual property products,1940,Current Dollars,Level,6,2,FAAt401
FAAt401,k1ntotl6ip00,76,Intellectual property products,1941,Current Dollars,Level,6,3,FAAt401
FAAt401,k1ntotl6ip00,76,Intellectual property products,1942,Current Dollars,Level,6,4,FAAt401
FAAt401,k1ntotl6ip00,76,Intellectual property products,1943,Current Dollars,Level,6,4,FAAt401
FAAt401,k1ntotl6ip00,76,Intellectual property products,1944,Current Dollars,Level,6,4,FAAt401
FAAt401,k1ntotl6ip00,76,Intellectual property products,1945,Current Dollars,Level,6,4,FAAt401
FAAt401,k1ntotl6ip00,76,Intellectual property products,1946,Current Dollars,Level,6,5,FAAt401
FAAt401,k1ntotl6ip00,76,Intellectual property products,1947,Current Dollars,Level,6,6,FAAt401
FAAt401,k1ntotl6ip00,76,Intellectual property products,1948,Current Dollars,Level,6,7,FAAt401
FAAt401,k1ntotl6ip00,76,Intellectual property products,1949,Current Dollars,Level,6,7,FAAt401
FAAt401,k1ntotl6ip00,76,Intellectual property products,1950,Current Dollars,Level,6,9,FAAt401
FAAt401,k1ntotl6ip00,76,Intellectual property products,1951,Current Dollars,Level,6,12,FAAt401
FAAt401,k1ntotl6ip00,76,Intellectual property products,1952,Current Dollars,Level,6,16,FAAt401
FAAt401,k1ntotl6ip00,76,Intellectual property products,1953,Current Dollars,Level,6,19,FAAt401
FAAt401,k1ntotl6ip00,76,Intellectual property products,1954,Current Dollars,Level,6,22,FAAt401
FAAt401,k1ntotl6ip00,76,Intellectual property products,1955,Current Dollars,Level,6,25,FAAt401
FAAt401,k1ntotl6ip00,76,Intellectual property products,1956,Current Dollars,Level,6,26,FAAt401
FAAt401,k1ntotl6ip00,76,Intellectual property products,1957,Current Dollars,Level,6,27,FAAt401
FAAt401,k1ntotl6ip00,76,Intellectual property products,1958,Current Dollars,Level,6,26,FAAt401
FAAt401,k1ntotl6ip00,76,Intellectual property products,1959,Current Dollars,Level,6,26,FAAt401
FAAt401,k1ntotl6ip00,76,Intellectual property products,1960,Current Dollars,Level,6,27,FAAt401
FAAt401,k1ntotl6ip00,76,Intellectual property products,1961,Current Dollars,Level,6,30,FAAt401
FAAt401,k1ntotl6ip00,76,Intellectual property products,1962,Current Dollars,Level,6,30,FAAt401
FAAt401,k1ntotl6ip00,76,Intellectual property products,1963,Current Dollars,Level,6,33,FAAt401
FAAt401,k1ntotl6ip00,76,Intellectual property products,1964,Current Dollars,Level,6,35,FAAt401
FAAt401,k1ntotl6ip00,76,Intellectual property products,1965,Current Dollars,Level,6,38,FAAt401
FAAt401,k1ntotl6ip00,76,Intellectual property products,1966,Current Dollars,Level,6,42,FAAt401
FAAt401,k1ntotl6ip00,76,Intellectual property products,1967,Current Dollars,Level,6,46,FAAt401
FAAt401,k1ntotl6ip00,76,Intellectual property products,1968,Current Dollars,Level,6,51,FAAt401
FAAt401,k1ntotl6ip00,76,Intellectual property products,1969,Current Dollars,Level,6,56,FAAt401
FAAt401,k1ntotl6ip00,76,Intellectual property products,1970,Current Dollars,Level,6,63,FAAt401
FAAt401,k1ntotl6ip00,76,Intellectual property products,1971,Current Dollars,Level,6,66,FAAt401
FAAt401,k1ntotl6ip00,76,Intellectual property products,1972,Current Dollars,Level,6,71,FAAt401
FAAt401,k1ntotl6ip00,76,Intellectual property products,1973,Current Dollars,Level,6,80,FAAt401
FAAt401,k1ntotl6ip00,76,Intellectual property products,1974,Current Dollars,Level,6,93,FAAt401
FAAt401,k1ntotl6ip00,76,Intellectual property products,1975,Current Dollars,Level,6,102,FAAt401
FAAt401,k1ntotl6ip00,76,Intellectual property products,1976,Current Dollars,Level,6,117,FAAt401
FAAt401,k1ntotl6ip00,76,Intellectual property products,1977,Current Dollars,Level,6,127,FAAt401
FAAt401,k1ntotl6ip00,76,Intellectual property products,1978,Current Dollars,Level,6,140,FAAt401
FAAt401,k1ntotl6ip00,76,Intellectual property products,1979,Current Dollars,Level,6,158,FAAt401
FAAt401,k1ntotl6ip00,76,Intellectual property products,1980,Current Dollars,Level,6,174,FAAt401
FAAt401,k1ntotl6ip00,76,Intellectual property products,1981,Current Dollars,Level,6,196,FAAt401
FAAt401,k1ntotl6ip00,76,Intellectual property products,1982,Current Dollars,Level,6,213,FAAt401
FAAt401,k1ntotl6ip00,76,Intellectual property products,1983,Current Dollars,Level,6,227,FAAt401
FAAt401,k1ntotl6ip00,76,Intellectual property products,1984,Current Dollars,Level,6,243,FAAt401
FAAt401,k1ntotl6ip00,76,Intellectual property products,1985,Current Dollars,Level,6,301,FAAt401
FAAt401,k1ntotl6ip00,76,Intellectual property products,1986,Current Dollars,Level,6,338,FAAt401
FAAt401,k1ntotl6ip00,76,Intellectual property products,1987,Current Dollars,Level,6,354,FAAt401
FAAt401,k1ntotl6ip00,76,Intellectual property products,1988,Current Dollars,Level,6,371,FAAt401
FAAt401,k1ntotl6ip00,76,Intellectual property products,1989,Current Dollars,Level,6,403,FAAt401
FAAt401,k1ntotl6ip00,76,Intellectual property products,1990,Current Dollars,Level,6,468,FAAt401
FAAt401,k1ntotl6ip00,76,Intellectual property products,1991,Current Dollars,Level,6,524,FAAt401
FAAt401,k1ntotl6ip00,76,Intellectual property products,1992,Current Dollars,Level,6,579,FAAt401
FAAt401,k1ntotl6ip00,76,Intellectual property products,1993,Current Dollars,Level,6,642,FAAt401
FAAt401,k1ntotl6ip00,76,Intellectual property products,1994,Current Dollars,Level,6,693,FAAt401
FAAt401,k1ntotl6ip00,76,Intellectual property products,1995,Current Dollars,Level,6,759,FAAt401
FAAt401,k1ntotl6ip00,76,Intellectual property products,1996,Current Dollars,Level,6,814,FAAt401
FAAt401,k1ntotl6ip00,76,Intellectual property products,1997,Current Dollars,Level,6,892,FAAt401
FAAt401,k1ntotl6ip00,76,Intellectual property products,1998,Current Dollars,Level,6,943,FAAt401
FAAt401,k1ntotl6ip00,76,Intellectual property products,1999,Current Dollars,Level,6,"1,029",FAAt401
FAAt401,k1ntotl6ip00,76,Intellectual property products,2000,Current Dollars,Level,6,"1,139",FAAt401
FAAt401,k1ntotl6ip00,76,Intellectual property products,2001,Current Dollars,Level,6,"1,160",FAAt401
FAAt401,k1ntotl6ip00,76,Intellectual property products,2002,Current Dollars,Level,6,"1,102",FAAt401
FAAt401,k1ntotl6ip00,76,Intellectual property products,2003,Current Dollars,Level,6,"1,033",FAAt401
FAAt401,k1ntotl6ip00,76,Intellectual property products,2004,Current Dollars,Level,6,976,FAAt401
FAAt401,k1ntotl6ip00,76,Intellectual property products,2005,Current Dollars,Level,6,976,FAAt401
FAAt401,k1ntotl6ip00,76,Intellectual property products,2006,Current Dollars,Level,6,987,FAAt401
FAAt401,k1ntotl6ip00,76,Intellectual property products,2007,Current Dollars,Level,6,"1,025",FAAt401
FAAt401,k1ntotl6ip00,76,Intellectual property products,2008,Current Dollars,Level,6,"1,249",FAAt401
FAAt401,k1ntotl6ip00,76,Intellectual property products,2009,Current Dollars,Level,6,"1,608",FAAt401
FAAt401,k1ntotl6ip00,76,Intellectual property products,2010,Current Dollars,Level,6,"2,036",FAAt401
FAAt401,k1ntotl6ip00,76,Intellectual property products,2011,Current Dollars,Level,6,"2,634",FAAt401
FAAt401,k1ntotl6ip00,76,Intellectual property products,2012,Current Dollars,Level,6,"3,363",FAAt401
FAAt401,k1ntotl6ip00,76,Intellectual property products,2013,Current Dollars,Level,6,"4,586",FAAt401
FAAt401,k1ntotl6ip00,76,Intellectual property products,2014,Current Dollars,Level,6,"5,519",FAAt401
FAAt401,k1ntotl6ip00,76,Intellectual property products,2015,Current Dollars,Level,6,"6,429",FAAt401
FAAt401,k1ntotl6ip00,76,Intellectual property products,2016,Current Dollars,Level,6,"7,745",FAAt401
FAAt401,k1ntotl6ip00,76,Intellectual property products,2017,Current Dollars,Level,6,"8,647",FAAt401
FAAt401,k1ntotl6ip00,76,Intellectual property products,2018,Current Dollars,Level,6,"8,875",FAAt401
FAAt401,k1ntotl6ip00,76,Intellectual property products,2019,Current Dollars,Level,6,"10,102",FAAt401
FAAt401,k1ntotl6ip00,76,Intellectual property products,2020,Current Dollars,Level,6,"10,619",FAAt401
FAAt401,k1ntotl6ip00,76,Intellectual property products,2021,Current Dollars,Level,6,"13,216",FAAt401
FAAt401,k1ntotl6ip00,76,Intellectual property products,2022,Current Dollars,Level,6,"13,430",FAAt401
FAAt401,k1ntotl6ip00,76,Intellectual property products,2023,Current Dollars,Level,6,"13,919",FAAt401
FAAt401,k1ntotl6ip00,76,Intellectual property products,2024,Current Dollars,Level,6,"14,762",FAAt401
