TableName,SeriesCode,LineNumber,LineDescription,TimePeriod,METRIC_NAME,CL_UNIT,UNIT_MULT,DataValue,NoteRef
T10705,A191RC,1,Gross domestic product (GDP),1929,Current Dollars,Level,6,"104,556",T10705
T10705,A191RC,1,Gross domestic product (GDP),1930,Current Dollars,Level,6,"92,160",T10705
T10705,A191RC,1,Gross domestic product (GDP),1931,Current Dollars,Level,6,"77,391",T10705
T10705,A191RC,1,Gross domestic product (GDP),1932,Current Dollars,Level,6,"59,522",T10705
T10705,A191RC,1,Gross domestic product (GDP),1933,Current Dollars,Level,6,"57,154",T10705
T10705,A191RC,1,Gross domestic product (GDP),1934,Current Dollars,Level,6,"66,800",T10705
T10705,A191RC,1,Gross domestic product (GDP),1935,Current Dollars,Level,6,"74,241",T10705
T10705,A191RC,1,Gross domestic product (GDP),1936,Current Dollars,Level,6,"84,830",T10705
T10705,A191RC,1,Gross domestic product (GDP),1937,Current Dollars,Level,6,"93,003",T10705
T10705,A191RC,1,Gross domestic product (GDP),1938,Current Dollars,Level,6,"87,352",T10705
T10705,A191RC,1,Gross domestic product (GDP),1939,Current Dollars,Level,6,"93,437",T10705
T10705,A191RC,1,Gross domestic product (GDP),1940,Current Dollars,Level,6,"102,899",T10705
T10705,A191RC,1,Gross domestic product (GDP),1941,Current Dollars,Level,6,"129,309",T10705
T10705,A191RC,1,Gross domestic product (GDP),1942,Current Dollars,Level,6,"165,952",T10705
T10705,A191RC,1,Gross domestic product (GDP),1943,Current Dollars,Level,6,"203,084",T10705
T10705,A191RC,1,Gross domestic product (GDP),1944,Current Dollars,Level,6,"224,447",T10705
T10705,A191RC,1,Gross domestic product (GDP),1945,Current Dollars,Level,6,"228,007",T10705
T10705,A191RC,1,Gross domestic product (GDP),1946,Current Dollars,Level,6,"227,535",T10705
T10705,A191RC,1,Gross domestic product (GDP),1947,Current Dollars,Level,6,"249,616",T10705
T10705,A191RC,1,Gross domestic product (GDP),1948,Current Dollars,Level,6,"274,468",T10705
T10705,A191RC,1,Gross domestic product (GDP),1949,Current Dollars,Level,6,"272,475",T10705
T10705,A191RC,1,Gross domestic product (GDP),1950,Current Dollars,Level,6,"299,827",T10705
T10705,A191RC,1,Gross domestic product (GDP),1951,Current Dollars,Level,6,"346,914",T10705
T10705,A191RC,1,Gross domestic product (GDP),1952,Current Dollars,Level,6,"367,341",T10705
T10705,A191RC,1,Gross domestic product (GDP),1953,Current Dollars,Level,6,"389,218",T10705
T10705,A191RC,1,Gross domestic product (GDP),1954,Current Dollars,Level,6,"390,549",T10705
T10705,A191RC,1,Gross domestic product (GDP),1955,Current Dollars,Level,6,"425,478",T10705
T10705,A191RC,1,Gross domestic product (GDP),1956,Current Dollars,Level,6,"449,353",T10705
T10705,A191RC,1,Gross domestic product (GDP),1957,Current Dollars,Level,6,"474,039",T10705
T10705,A191RC,1,Gross domestic product (GDP),1958,Current Dollars,Level,6,"481,229",T10705
T10705,A191RC,1,Gross domestic product (GDP),1959,Current Dollars,Level,6,"521,654",T10705
T10705,A191RC,1,Gross domestic product (GDP),1960,Current Dollars,Level,6,"542,382",T10705
T10705,A191RC,1,Gross domestic product (GDP),1961,Current Dollars,Level,6,"562,209",T10705
T10705,A191RC,1,Gross domestic product (GDP),1962,Current Dollars,Level,6,"603,922",T10705
T10705,A191RC,1,Gross domestic product (GDP),1963,Current Dollars,Level,6,"637,450",T10705
T10705,A191RC,1,Gross domestic product (GDP),1964,Current Dollars,Level,6,"684,460",T10705
T10705,A191RC,1,Gross domestic product (GDP),1965,Current Dollars,Level,6,"742,289",T10705
T10705,A191RC,1,Gross domestic product (GDP),1966,Current Dollars,Level,6,"813,414",T10705
T10705,A191RC,1,Gross domestic product (GDP),1967,Current Dollars,Level,6,"859,959",T10705
T10705,A191RC,1,Gross domestic product (GDP),1968,Current Dollars,Level,6,"940,651",T10705
T10705,A191RC,1,Gross domestic product (GDP),1969,Current Dollars,Level,6,"1,017,615",T10705
T10705,A191RC,1,Gross domestic product (GDP),1970,Current Dollars,Level,6,"1,073,303",T10705
T10705,A191RC,1,Gross domestic product (GDP),1971,Current Dollars,Level,6,"1,164,850",T10705
T10705,A191RC,1,Gross domestic product (GDP),1972,Current Dollars,Level,6,"1,279,110",T10705
T10705,A191RC,1,Gross domestic product (GDP),1973,Current Dollars,Level,6,"1,425,376",T10705
T10705,A191RC,1,Gross domestic product (GDP),1974,Current Dollars,Level,6,"1,545,243",T10705
T10705,A191RC,1,Gross domestic product (GDP),1975,Current Dollars,Level,6,"1,684,904",T10705
T10705,A191RC,1,Gross domestic product (GDP),1976,Current Dollars,Level,6,"1,873,412",T10705
T10705,A191RC,1,Gross domestic product (GDP),1977,Current Dollars,Level,6,"2,081,826",T10705
T10705,A191RC,1,Gross domestic product (GDP),1978,Current Dollars,Level,6,"2,351,599",T10705
T10705,A191RC,1,Gross domestic product (GDP),1979,Current Dollars,Level,6,"2,627,333",T10705
T10705,A191RC,1,Gross domestic product (GDP),1980,Current Dollars,Level,6,"2,857,307",T10705
T10705,A191RC,1,Gross domestic product (GDP),1981,Current Dollars,Level,6,"3,207,041",T10705
T10705,A191RC,1,Gross domestic product (GDP),1982,Current Dollars,Level,6,"3,343,789",T10705
T10705,A191RC,1,Gross domestic product (GDP),1983,Current Dollars,Level,6,"3,634,038",T10705
T10705,A191RC,1,Gross domestic product (GDP),1984,Current Dollars,Level,6,"4,037,613",T10705
T10705,A191RC,1,Gross domestic product (GDP),1985,Current Dollars,Level,6,"4,338,979",T10705
T10705,A191RC,1,Gross domestic product (GDP),1986,Current Dollars,Level,6,"4,579,631",T10705
T10705,A191RC,1,Gross domestic product (GDP),1987,Current Dollars,Level,6,"4,855,215",T10705
T10705,A191RC,1,Gross domestic product (GDP),1988,Current Dollars,Level,6,"5,236,438",T10705
T10705,A191RC,1,Gross domestic product (GDP),1989,Current Dollars,Level,6,"5,641,580",T10705
T10705,A191RC,1,Gross domestic product (GDP),1990,Current Dollars,Level,6,"5,963,144",T10705
T10705,A191RC,1,Gross domestic product (GDP),1991,Current Dollars,Level,6,"6,158,129",T10705
T10705,A191RC,1,Gross domestic product (GDP),1992,Current Dollars,Level,6,"6,520,327",T10705
T10705,A191RC,1,Gross domestic product (GDP),1993,Current Dollars,Level,6,"6,858,559",T10705
T10705,A191RC,1,Gross domestic product (GDP),1994,Current Dollars,Level,6,"7,287,236",T10705
T10705,A191RC,1,Gross domestic product (GDP),1995,Current Dollars,Level,6,"7,639,749",T10705
T10705,A191RC,1,Gross domestic product (GDP),1996,Current Dollars,Level,6,"8,073,122",T10705
T10705,A191RC,1,Gross domestic product (GDP),1997,Current Dollars,Level,6,"8,577,552",T10705
T10705,A191RC,1,Gross domestic product (GDP),1998,Current Dollars,Level,6,"9,062,817",T10705
T10705,A191RC,1,Gross domestic product (GDP),1999,Current Dollars,Level,6,"9,631,172",T10705
T10705,A191RC,1,Gross domestic product (GDP),2000,Current Dollars,Level,6,"10,250,952",T10705
T10705,A191RC,1,Gross domestic product (GDP),2001,Current Dollars,Level,6,"10,581,929",T10705
T10705,A191RC,1,Gross domestic product (GDP),2002,Current Dollars,Level,6,"10,929,108",T10705
T10705,A191RC,1,Gross domestic product (GDP),2003,Current Dollars,Level,6,"11,456,450",T10705
T10705,A191RC,1,Gross domestic product (GDP),2004,Current Dollars,Level,6,"12,217,196",T10705
T10705,A191RC,1,Gross domestic product (GDP),2005,Current Dollars,Level,6,"13,039,197",T10705
T10705,A191RC,1,Gross domestic product (GDP),2006,Current Dollars,Level,6,"13,815,583",T10705
T10705,A191RC,1,Gross domestic product (GDP),2007,Current Dollars,Level,6,"14,474,228",T10705
T10705,A191RC,1,Gross domestic product (GDP),2008,Current Dollars,Level,6,"14,769,862",T10705
T10705,A191RC,1,Gross domestic product (GDP),2009,Current Dollars,Level,6,"14,478,067",T10705
T10705,A191RC,1,Gross domestic product (GDP),2010,Current Dollars,Level,6,"15,048,971",T10705
T10705,A191RC,1,Gross domestic product (GDP),2011,Current Dollars,Level,6,"15,599,732",T10705
T10705,A191RC,1,Gross domestic product (GDP),2012,Current Dollars,Level,6,"16,253,970",T10705
T10705,A191RC,1,Gross domestic product (GDP),2013,Current Dollars,Level,6,"16,880,683",T10705
T10705,A191RC,1,Gross domestic product (GDP),2014,Current Dollars,Level,6,"17,608,138",T10705
T10705,A191RC,1,Gross domestic product (GDP),2015,Current Dollars,Level,6,"18,295,019",T10705
T10705,A191RC,1,Gross domestic product (GDP),2016,Current Dollars,Level,6,"18,804,913",T10705
T10705,A191RC,1,Gross domestic product (GDP),2017,Current Dollars,Level,6,"19,612,102",T10705
T10705,A191RC,1,Gross domestic product (GDP),2018,Current Dollars,Level,6,"20,656,516",T10705
T10705,A191RC,1,Gross domestic product (GDP),2019,Current Dollars,Level,6,"21,539,982",T10705
T10705,A191RC,1,Gross domestic product (GDP),2020,Current Dollars,Level,6,"21,375,281",T10705
T10705,A191RC,1,Gross domestic product (GDP),2021,Current Dollars,Level,6,"23,725,645",T10705
T10705,A191RC,1,Gross domestic product (GDP),2022,Current Dollars,Level,6,"26,054,614",T10705
T10705,A191RC,1,Gross domestic product (GDP),2023,Current Dollars,Level,6,"27,811,517",T10705
T10705,A191RC,1,Gross domestic product (GDP),2024,Current Dollars,Level,6,"29,298,013",T10705
T10705,A191RC,1,Gross domestic product (GDP),2025,Current Dollars,Level,6,"30,778,985",T10705
T10705,B645RC,2,Plus: Income receipts from the rest of the world,1929,Current Dollars,Level,6,"1,140",T10705
T10705,B645RC,2,Plus: Income receipts from the rest of the world,1930,Current Dollars,Level,6,"1,041",T10705
T10705,B645RC,2,Plus: Income receipts from the rest of the world,1931,Current Dollars,Level,6,767,T10705
T10705,B645RC,2,Plus: Income receipts from the rest of the world,1932,Current Dollars,Level,6,528,T10705
T10705,B645RC,2,Plus: Income receipts from the rest of the world,1933,Current Dollars,Level,6,438,T10705
T10705,B645RC,2,Plus: Income receipts from the rest of the world,1934,Current Dollars,Level,6,438,T10705
T10705,B645RC,2,Plus: Income receipts from the rest of the world,1935,Current Dollars,Level,6,522,T10705
T10705,B645RC,2,Plus: Income receipts from the rest of the world,1936,Current Dollars,Level,6,570,T10705
T10705,B645RC,2,Plus: Income receipts from the rest of the world,1937,Current Dollars,Level,6,728,T10705
T10705,B645RC,2,Plus: Income receipts from the rest of the world,1938,Current Dollars,Level,6,640,T10705
T10705,B645RC,2,Plus: Income receipts from the rest of the world,1939,Current Dollars,Level,6,683,T10705
T10705,B645RC,2,Plus: Income receipts from the rest of the world,1940,Current Dollars,Level,6,610,T10705
T10705,B645RC,2,Plus: Income receipts from the rest of the world,1941,Current Dollars,Level,6,731,T10705
T10705,B645RC,2,Plus: Income receipts from the rest of the world,1942,Current Dollars,Level,6,708,T10705
T10705,B645RC,2,Plus: Income receipts from the rest of the world,1943,Current Dollars,Level,6,699,T10705
T10705,B645RC,2,Plus: Income receipts from the rest of the world,1944,Current Dollars,Level,6,758,T10705
T10705,B645RC,2,Plus: Income receipts from the rest of the world,1945,Current Dollars,Level,6,756,T10705
T10705,B645RC,2,Plus: Income receipts from the rest of the world,1946,Current Dollars,Level,6,"1,092",T10705
T10705,B645RC,2,Plus: Income receipts from the rest of the world,1947,Current Dollars,Level,6,"1,597",T10705
T10705,B645RC,2,Plus: Income receipts from the rest of the world,1948,Current Dollars,Level,6,"2,031",T10705
T10705,B645RC,2,Plus: Income receipts from the rest of the world,1949,Current Dollars,Level,6,"1,944",T10705
T10705,B645RC,2,Plus: Income receipts from the rest of the world,1950,Current Dollars,Level,6,"2,186",T10705
T10705,B645RC,2,Plus: Income receipts from the rest of the world,1951,Current Dollars,Level,6,"2,756",T10705
T10705,B645RC,2,Plus: Income receipts from the rest of the world,1952,Current Dollars,Level,6,"2,857",T10705
T10705,B645RC,2,Plus: Income receipts from the rest of the world,1953,Current Dollars,Level,6,"2,843",T10705
T10705,B645RC,2,Plus: Income receipts from the rest of the world,1954,Current Dollars,Level,6,"3,039",T10705
T10705,B645RC,2,Plus: Income receipts from the rest of the world,1955,Current Dollars,Level,6,"3,507",T10705
T10705,B645RC,2,Plus: Income receipts from the rest of the world,1956,Current Dollars,Level,6,"3,933",T10705
T10705,B645RC,2,Plus: Income receipts from the rest of the world,1957,Current Dollars,Level,6,"4,268",T10705
T10705,B645RC,2,Plus: Income receipts from the rest of the world,1958,Current Dollars,Level,6,"3,869",T10705
T10705,B645RC,2,Plus: Income receipts from the rest of the world,1959,Current Dollars,Level,6,"4,269",T10705
T10705,B645RC,2,Plus: Income receipts from the rest of the world,1960,Current Dollars,Level,6,"4,888",T10705
T10705,B645RC,2,Plus: Income receipts from the rest of the world,1961,Current Dollars,Level,6,"5,307",T10705
T10705,B645RC,2,Plus: Income receipts from the rest of the world,1962,Current Dollars,Level,6,"5,940",T10705
T10705,B645RC,2,Plus: Income receipts from the rest of the world,1963,Current Dollars,Level,6,"6,530",T10705
T10705,B645RC,2,Plus: Income receipts from the rest of the world,1964,Current Dollars,Level,6,"7,239",T10705
T10705,B645RC,2,Plus: Income receipts from the rest of the world,1965,Current Dollars,Level,6,"7,881",T10705
T10705,B645RC,2,Plus: Income receipts from the rest of the world,1966,Current Dollars,Level,6,"8,071",T10705
T10705,B645RC,2,Plus: Income receipts from the rest of the world,1967,Current Dollars,Level,6,"8,682",T10705
T10705,B645RC,2,Plus: Income receipts from the rest of the world,1968,Current Dollars,Level,6,"10,102",T10705
T10705,B645RC,2,Plus: Income receipts from the rest of the world,1969,Current Dollars,Level,6,"11,779",T10705
T10705,B645RC,2,Plus: Income receipts from the rest of the world,1970,Current Dollars,Level,6,"12,833",T10705
T10705,B645RC,2,Plus: Income receipts from the rest of the world,1971,Current Dollars,Level,6,"14,011",T10705
T10705,B645RC,2,Plus: Income receipts from the rest of the world,1972,Current Dollars,Level,6,"16,278",T10705
T10705,B645RC,2,Plus: Income receipts from the rest of the world,1973,Current Dollars,Level,6,"23,541",T10705
T10705,B645RC,2,Plus: Income receipts from the rest of the world,1974,Current Dollars,Level,6,"29,820",T10705
T10705,B645RC,2,Plus: Income receipts from the rest of the world,1975,Current Dollars,Level,6,"28,024",T10705
T10705,B645RC,2,Plus: Income receipts from the rest of the world,1976,Current Dollars,Level,6,"32,363",T10705
T10705,B645RC,2,Plus: Income receipts from the rest of the world,1977,Current Dollars,Level,6,"37,200",T10705
T10705,B645RC,2,Plus: Income receipts from the rest of the world,1978,Current Dollars,Level,6,"46,252",T10705
T10705,B645RC,2,Plus: Income receipts from the rest of the world,1979,Current Dollars,Level,6,"68,321",T10705
T10705,B645RC,2,Plus: Income receipts from the rest of the world,1980,Current Dollars,Level,6,"79,092",T10705
T10705,B645RC,2,Plus: Income receipts from the rest of the world,1981,Current Dollars,Level,6,"92,024",T10705
T10705,B645RC,2,Plus: Income receipts from the rest of the world,1982,Current Dollars,Level,6,"100,993",T10705
T10705,B645RC,2,Plus: Income receipts from the rest of the world,1983,Current Dollars,Level,6,"101,882",T10705
T10705,B645RC,2,Plus: Income receipts from the rest of the world,1984,Current Dollars,Level,6,"121,865",T10705
T10705,B645RC,2,Plus: Income receipts from the rest of the world,1985,Current Dollars,Level,6,"112,662",T10705
T10705,B645RC,2,Plus: Income receipts from the rest of the world,1986,Current Dollars,Level,6,"111,324",T10705
T10705,B645RC,2,Plus: Income receipts from the rest of the world,1987,Current Dollars,Level,6,"123,286",T10705
T10705,B645RC,2,Plus: Income receipts from the rest of the world,1988,Current Dollars,Level,6,"152,116",T10705
T10705,B645RC,2,Plus: Income receipts from the rest of the world,1989,Current Dollars,Level,6,"177,699",T10705
T10705,B645RC,2,Plus: Income receipts from the rest of the world,1990,Current Dollars,Level,6,"188,847",T10705
T10705,B645RC,2,Plus: Income receipts from the rest of the world,1991,Current Dollars,Level,6,"168,363",T10705
T10705,B645RC,2,Plus: Income receipts from the rest of the world,1992,Current Dollars,Level,6,"152,052",T10705
T10705,B645RC,2,Plus: Income receipts from the rest of the world,1993,Current Dollars,Level,6,"155,600",T10705
T10705,B645RC,2,Plus: Income receipts from the rest of the world,1994,Current Dollars,Level,6,"184,543",T10705
T10705,B645RC,2,Plus: Income receipts from the rest of the world,1995,Current Dollars,Level,6,"229,833",T10705
T10705,B645RC,2,Plus: Income receipts from the rest of the world,1996,Current Dollars,Level,6,"246,404",T10705
T10705,B645RC,2,Plus: Income receipts from the rest of the world,1997,Current Dollars,Level,6,"280,071",T10705
T10705,B645RC,2,Plus: Income receipts from the rest of the world,1998,Current Dollars,Level,6,"286,779",T10705
T10705,B645RC,2,Plus: Income receipts from the rest of the world,1999,Current Dollars,Level,6,"324,646",T10705
T10705,B645RC,2,Plus: Income receipts from the rest of the world,2000,Current Dollars,Level,6,"390,638",T10705
T10705,B645RC,2,Plus: Income receipts from the rest of the world,2001,Current Dollars,Level,6,"339,642",T10705
T10705,B645RC,2,Plus: Income receipts from the rest of the world,2002,Current Dollars,Level,6,"335,811",T10705
T10705,B645RC,2,Plus: Income receipts from the rest of the world,2003,Current Dollars,Level,6,"377,405",T10705
T10705,B645RC,2,Plus: Income receipts from the rest of the world,2004,Current Dollars,Level,6,"464,696",T10705
T10705,B645RC,2,Plus: Income receipts from the rest of the world,2005,Current Dollars,Level,6,"569,269",T10705
T10705,B645RC,2,Plus: Income receipts from the rest of the world,2006,Current Dollars,Level,6,"702,621",T10705
T10705,B645RC,2,Plus: Income receipts from the rest of the world,2007,Current Dollars,Level,6,"850,184",T10705
T10705,B645RC,2,Plus: Income receipts from the rest of the world,2008,Current Dollars,Level,6,"855,223",T10705
T10705,B645RC,2,Plus: Income receipts from the rest of the world,2009,Current Dollars,Level,6,"689,256",T10705
T10705,B645RC,2,Plus: Income receipts from the rest of the world,2010,Current Dollars,Level,6,"759,969",T10705
T10705,B645RC,2,Plus: Income receipts from the rest of the world,2011,Current Dollars,Level,6,"827,868",T10705
T10705,B645RC,2,Plus: Income receipts from the rest of the world,2012,Current Dollars,Level,6,"827,371",T10705
T10705,B645RC,2,Plus: Income receipts from the rest of the world,2013,Current Dollars,Level,6,"847,173",T10705
T10705,B645RC,2,Plus: Income receipts from the rest of the world,2014,Current Dollars,Level,6,"881,514",T10705
T10705,B645RC,2,Plus: Income receipts from the rest of the world,2015,Current Dollars,Level,6,"860,585",T10705
T10705,B645RC,2,Plus: Income receipts from the rest of the world,2016,Current Dollars,Level,6,"892,896",T10705
T10705,B645RC,2,Plus: Income receipts from the rest of the world,2017,Current Dollars,Level,6,"1,031,102",T10705
T10705,B645RC,2,Plus: Income receipts from the rest of the world,2018,Current Dollars,Level,6,"1,138,659",T10705
T10705,B645RC,2,Plus: Income receipts from the rest of the world,2019,Current Dollars,Level,6,"1,174,712",T10705
T10705,B645RC,2,Plus: Income receipts from the rest of the world,2020,Current Dollars,Level,6,"989,065",T10705
T10705,B645RC,2,Plus: Income receipts from the rest of the world,2021,Current Dollars,Level,6,"1,083,323",T10705
T10705,B645RC,2,Plus: Income receipts from the rest of the world,2022,Current Dollars,Level,6,"1,219,753",T10705
T10705,B645RC,2,Plus: Income receipts from the rest of the world,2023,Current Dollars,Level,6,"1,397,888",T10705
T10705,B645RC,2,Plus: Income receipts from the rest of the world,2024,Current Dollars,Level,6,"1,485,581",T10705
T10705,A655RC,3,Less: Income payments to the rest of the world,1929,Current Dollars,Level,6,374,T10705
T10705,A655RC,3,Less: Income payments to the rest of the world,1930,Current Dollars,Level,6,332,T10705
T10705,A655RC,3,Less: Income payments to the rest of the world,1931,Current Dollars,Level,6,252,T10705
T10705,A655RC,3,Less: Income payments to the rest of the world,1932,Current Dollars,Level,6,164,T10705
T10705,A655RC,3,Less: Income payments to the rest of the world,1933,Current Dollars,Level,6,138,T10705
T10705,A655RC,3,Less: Income payments to the rest of the world,1934,Current Dollars,Level,6,159,T10705
T10705,A655RC,3,Less: Income payments to the rest of the world,1935,Current Dollars,Level,6,181,T10705
T10705,A655RC,3,Less: Income payments to the rest of the world,1936,Current Dollars,Level,6,308,T10705
T10705,A655RC,3,Less: Income payments to the rest of the world,1937,Current Dollars,Level,6,359,T10705
T10705,A655RC,3,Less: Income payments to the rest of the world,1938,Current Dollars,Level,6,261,T10705
T10705,A655RC,3,Less: Income payments to the rest of the world,1939,Current Dollars,Level,6,310,T10705
T10705,A655RC,3,Less: Income payments to the rest of the world,1940,Current Dollars,Level,6,330,T10705
T10705,A655RC,3,Less: Income payments to the rest of the world,1941,Current Dollars,Level,6,315,T10705
T10705,A655RC,3,Less: Income payments to the rest of the world,1942,Current Dollars,Level,6,297,T10705
T10705,A655RC,3,Less: Income payments to the rest of the world,1943,Current Dollars,Level,6,368,T10705
T10705,A655RC,3,Less: Income payments to the rest of the world,1944,Current Dollars,Level,6,434,T10705
T10705,A655RC,3,Less: Income payments to the rest of the world,1945,Current Dollars,Level,6,491,T10705
T10705,A655RC,3,Less: Income payments to the rest of the world,1946,Current Dollars,Level,6,440,T10705
T10705,A655RC,3,Less: Income payments to the rest of the world,1947,Current Dollars,Level,6,487,T10705
T10705,A655RC,3,Less: Income payments to the rest of the world,1948,Current Dollars,Level,6,575,T10705
T10705,A655RC,3,Less: Income payments to the rest of the world,1949,Current Dollars,Level,6,664,T10705
T10705,A655RC,3,Less: Income payments to the rest of the world,1950,Current Dollars,Level,6,746,T10705
T10705,A655RC,3,Less: Income payments to the rest of the world,1951,Current Dollars,Level,6,864,T10705
T10705,A655RC,3,Less: Income payments to the rest of the world,1952,Current Dollars,Level,6,872,T10705
T10705,A655RC,3,Less: Income payments to the rest of the world,1953,Current Dollars,Level,6,944,T10705
T10705,A655RC,3,Less: Income payments to the rest of the world,1954,Current Dollars,Level,6,944,T10705
T10705,A655RC,3,Less: Income payments to the rest of the world,1955,Current Dollars,Level,6,"1,058",T10705
T10705,A655RC,3,Less: Income payments to the rest of the world,1956,Current Dollars,Level,6,"1,137",T10705
T10705,A655RC,3,Less: Income payments to the rest of the world,1957,Current Dollars,Level,6,"1,213",T10705
T10705,A655RC,3,Less: Income payments to the rest of the world,1958,Current Dollars,Level,6,"1,241",T10705
T10705,A655RC,3,Less: Income payments to the rest of the world,1959,Current Dollars,Level,6,"1,508",T10705
T10705,A655RC,3,Less: Income payments to the rest of the world,1960,Current Dollars,Level,6,"1,775",T10705
T10705,A655RC,3,Less: Income payments to the rest of the world,1961,Current Dollars,Level,6,"1,788",T10705
T10705,A655RC,3,Less: Income payments to the rest of the world,1962,Current Dollars,Level,6,"1,847",T10705
T10705,A655RC,3,Less: Income payments to the rest of the world,1963,Current Dollars,Level,6,"2,053",T10705
T10705,A655RC,3,Less: Income payments to the rest of the world,1964,Current Dollars,Level,6,"2,319",T10705
T10705,A655RC,3,Less: Income payments to the rest of the world,1965,Current Dollars,Level,6,"2,602",T10705
T10705,A655RC,3,Less: Income payments to the rest of the world,1966,Current Dollars,Level,6,"3,001",T10705
T10705,A655RC,3,Less: Income payments to the rest of the world,1967,Current Dollars,Level,6,"3,289",T10705
T10705,A655RC,3,Less: Income payments to the rest of the world,1968,Current Dollars,Level,6,"4,017",T10705
T10705,A655RC,3,Less: Income payments to the rest of the world,1969,Current Dollars,Level,6,"5,664",T10705
T10705,A655RC,3,Less: Income payments to the rest of the world,1970,Current Dollars,Level,6,"6,440",T10705
T10705,A655RC,3,Less: Income payments to the rest of the world,1971,Current Dollars,Level,6,"6,417",T10705
T10705,A655RC,3,Less: Income payments to the rest of the world,1972,Current Dollars,Level,6,"7,720",T10705
T10705,A655RC,3,Less: Income payments to the rest of the world,1973,Current Dollars,Level,6,"10,922",T10705
T10705,A655RC,3,Less: Income payments to the rest of the world,1974,Current Dollars,Level,6,"14,300",T10705
T10705,A655RC,3,Less: Income payments to the rest of the world,1975,Current Dollars,Level,6,"15,020",T10705
T10705,A655RC,3,Less: Income payments to the rest of the world,1976,Current Dollars,Level,6,"15,516",T10705
T10705,A655RC,3,Less: Income payments to the rest of the world,1977,Current Dollars,Level,6,"16,908",T10705
T10705,A655RC,3,Less: Income payments to the rest of the world,1978,Current Dollars,Level,6,"24,671",T10705
T10705,A655RC,3,Less: Income payments to the rest of the world,1979,Current Dollars,Level,6,"36,390",T10705
T10705,A655RC,3,Less: Income payments to the rest of the world,1980,Current Dollars,Level,6,"44,907",T10705
T10705,A655RC,3,Less: Income payments to the rest of the world,1981,Current Dollars,Level,6,"59,089",T10705
T10705,A655RC,3,Less: Income payments to the rest of the world,1982,Current Dollars,Level,6,"64,483",T10705
T10705,A655RC,3,Less: Income payments to the rest of the world,1983,Current Dollars,Level,6,"64,797",T10705
T10705,A655RC,3,Less: Income payments to the rest of the world,1984,Current Dollars,Level,6,"85,575",T10705
T10705,A655RC,3,Less: Income payments to the rest of the world,1985,Current Dollars,Level,6,"87,297",T10705
T10705,A655RC,3,Less: Income payments to the rest of the world,1986,Current Dollars,Level,6,"94,367",T10705
T10705,A655RC,3,Less: Income payments to the rest of the world,1987,Current Dollars,Level,6,"105,798",T10705
T10705,A655RC,3,Less: Income payments to the rest of the world,1988,Current Dollars,Level,6,"129,459",T10705
T10705,A655RC,3,Less: Income payments to the rest of the world,1989,Current Dollars,Level,6,"152,909",T10705
T10705,A655RC,3,Less: Income payments to the rest of the world,1990,Current Dollars,Level,6,"154,155",T10705
T10705,A655RC,3,Less: Income payments to the rest of the world,1991,Current Dollars,Level,6,"136,776",T10705
T10705,A655RC,3,Less: Income payments to the rest of the world,1992,Current Dollars,Level,6,"120,975",T10705
T10705,A655RC,3,Less: Income payments to the rest of the world,1993,Current Dollars,Level,6,"124,442",T10705
T10705,A655RC,3,Less: Income payments to the rest of the world,1994,Current Dollars,Level,6,"161,577",T10705
T10705,A655RC,3,Less: Income payments to the rest of the world,1995,Current Dollars,Level,6,"201,881",T10705
T10705,A655RC,3,Less: Income payments to the rest of the world,1996,Current Dollars,Level,6,"215,535",T10705
T10705,A655RC,3,Less: Income payments to the rest of the world,1997,Current Dollars,Level,6,"256,771",T10705
T10705,A655RC,3,Less: Income payments to the rest of the world,1998,Current Dollars,Level,6,"269,368",T10705
T10705,A655RC,3,Less: Income payments to the rest of the world,1999,Current Dollars,Level,6,"293,742",T10705
T10705,A655RC,3,Less: Income payments to the rest of the world,2000,Current Dollars,Level,6,"352,157",T10705
T10705,A655RC,3,Less: Income payments to the rest of the world,2001,Current Dollars,Level,6,"289,278",T10705
T10705,A655RC,3,Less: Income payments to the rest of the world,2002,Current Dollars,Level,6,"290,017",T10705
T10705,A655RC,3,Less: Income payments to the rest of the world,2003,Current Dollars,Level,6,"318,909",T10705
T10705,A655RC,3,Less: Income payments to the rest of the world,2004,Current Dollars,Level,6,"387,983",T10705
T10705,A655RC,3,Less: Income payments to the rest of the world,2005,Current Dollars,Level,6,"494,469",T10705
T10705,A655RC,3,Less: Income payments to the rest of the world,2006,Current Dollars,Level,6,"656,161",T10705
T10705,A655RC,3,Less: Income payments to the rest of the world,2007,Current Dollars,Level,6,"754,520",T10705
T10705,A655RC,3,Less: Income payments to the rest of the world,2008,Current Dollars,Level,6,"710,009",T10705
T10705,A655RC,3,Less: Income payments to the rest of the world,2009,Current Dollars,Level,6,"539,013",T10705
T10705,A655RC,3,Less: Income payments to the rest of the world,2010,Current Dollars,Level,6,"554,336",T10705
T10705,A655RC,3,Less: Income payments to the rest of the world,2011,Current Dollars,Level,6,"589,936",T10705
T10705,A655RC,3,Less: Income payments to the rest of the world,2012,Current Dollars,Level,6,"594,681",T10705
T10705,A655RC,3,Less: Income payments to the rest of the world,2013,Current Dollars,Level,6,"616,935",T10705
T10705,A655RC,3,Less: Income payments to the rest of the world,2014,Current Dollars,Level,6,"646,356",T10705
T10705,A655RC,3,Less: Income payments to the rest of the world,2015,Current Dollars,Level,6,"640,457",T10705
T10705,A655RC,3,Less: Income payments to the rest of the world,2016,Current Dollars,Level,6,"661,531",T10705
T10705,A655RC,3,Less: Income payments to the rest of the world,2017,Current Dollars,Level,6,"738,153",T10705
T10705,A655RC,3,Less: Income payments to the rest of the world,2018,Current Dollars,Level,6,"848,351",T10705
T10705,A655RC,3,Less: Income payments to the rest of the world,2019,Current Dollars,Level,6,"892,817",T10705
T10705,A655RC,3,Less: Income payments to the rest of the world,2020,Current Dollars,Level,6,"777,468",T10705
T10705,A655RC,3,Less: Income payments to the rest of the world,2021,Current Dollars,Level,6,"932,483",T10705
T10705,A655RC,3,Less: Income payments to the rest of the world,2022,Current Dollars,Level,6,"1,067,723",T10705
T10705,A655RC,3,Less: Income payments to the rest of the world,2023,Current Dollars,Level,6,"1,312,228",T10705
T10705,A655RC,3,Less: Income payments to the rest of the world,2024,Current Dollars,Level,6,"1,493,853",T10705
T10705,A001RC,4,Equals: Gross national product,1929,Current Dollars,Level,6,"105,322",T10705
T10705,A001RC,4,Equals: Gross national product,1930,Current Dollars,Level,6,"92,869",T10705
T10705,A001RC,4,Equals: Gross national product,1931,Current Dollars,Level,6,"77,906",T10705
T10705,A001RC,4,Equals: Gross national product,1932,Current Dollars,Level,6,"59,886",T10705
T10705,A001RC,4,Equals: Gross national product,1933,Current Dollars,Level,6,"57,454",T10705
T10705,A001RC,4,Equals: Gross national product,1934,Current Dollars,Level,6,"67,079",T10705
T10705,A001RC,4,Equals: Gross national product,1935,Current Dollars,Level,6,"74,582",T10705
T10705,A001RC,4,Equals: Gross national product,1936,Current Dollars,Level,6,"85,092",T10705
T10705,A001RC,4,Equals: Gross national product,1937,Current Dollars,Level,6,"93,372",T10705
T10705,A001RC,4,Equals: Gross national product,1938,Current Dollars,Level,6,"87,731",T10705
T10705,A001RC,4,Equals: Gross national product,1939,Current Dollars,Level,6,"93,810",T10705
T10705,A001RC,4,Equals: Gross national product,1940,Current Dollars,Level,6,"103,179",T10705
T10705,A001RC,4,Equals: Gross national product,1941,Current Dollars,Level,6,"129,725",T10705
T10705,A001RC,4,Equals: Gross national product,1942,Current Dollars,Level,6,"166,363",T10705
T10705,A001RC,4,Equals: Gross national product,1943,Current Dollars,Level,6,"203,415",T10705
T10705,A001RC,4,Equals: Gross national product,1944,Current Dollars,Level,6,"224,771",T10705
T10705,A001RC,4,Equals: Gross national product,1945,Current Dollars,Level,6,"228,272",T10705
T10705,A001RC,4,Equals: Gross national product,1946,Current Dollars,Level,6,"228,187",T10705
T10705,A001RC,4,Equals: Gross national product,1947,Current Dollars,Level,6,"250,726",T10705
T10705,A001RC,4,Equals: Gross national product,1948,Current Dollars,Level,6,"275,924",T10705
T10705,A001RC,4,Equals: Gross national product,1949,Current Dollars,Level,6,"273,755",T10705
T10705,A001RC,4,Equals: Gross national product,1950,Current Dollars,Level,6,"301,267",T10705
T10705,A001RC,4,Equals: Gross national product,1951,Current Dollars,Level,6,"348,806",T10705
T10705,A001RC,4,Equals: Gross national product,1952,Current Dollars,Level,6,"369,326",T10705
T10705,A001RC,4,Equals: Gross national product,1953,Current Dollars,Level,6,"391,117",T10705
T10705,A001RC,4,Equals: Gross national product,1954,Current Dollars,Level,6,"392,644",T10705
T10705,A001RC,4,Equals: Gross national product,1955,Current Dollars,Level,6,"427,927",T10705
T10705,A001RC,4,Equals: Gross national product,1956,Current Dollars,Level,6,"452,149",T10705
T10705,A001RC,4,Equals: Gross national product,1957,Current Dollars,Level,6,"477,093",T10705
T10705,A001RC,4,Equals: Gross national product,1958,Current Dollars,Level,6,"483,858",T10705
T10705,A001RC,4,Equals: Gross national product,1959,Current Dollars,Level,6,"524,415",T10705
T10705,A001RC,4,Equals: Gross national product,1960,Current Dollars,Level,6,"545,494",T10705
T10705,A001RC,4,Equals: Gross national product,1961,Current Dollars,Level,6,"565,728",T10705
T10705,A001RC,4,Equals: Gross national product,1962,Current Dollars,Level,6,"608,015",T10705
T10705,A001RC,4,Equals: Gross national product,1963,Current Dollars,Level,6,"641,927",T10705
T10705,A001RC,4,Equals: Gross national product,1964,Current Dollars,Level,6,"689,380",T10705
T10705,A001RC,4,Equals: Gross national product,1965,Current Dollars,Level,6,"747,568",T10705
T10705,A001RC,4,Equals: Gross national product,1966,Current Dollars,Level,6,"818,484",T10705
T10705,A001RC,4,Equals: Gross national product,1967,Current Dollars,Level,6,"865,352",T10705
T10705,A001RC,4,Equals: Gross national product,1968,Current Dollars,Level,6,"946,736",T10705
T10705,A001RC,4,Equals: Gross national product,1969,Current Dollars,Level,6,"1,023,730",T10705
T10705,A001RC,4,Equals: Gross national product,1970,Current Dollars,Level,6,"1,079,696",T10705
T10705,A001RC,4,Equals: Gross national product,1971,Current Dollars,Level,6,"1,172,444",T10705
T10705,A001RC,4,Equals: Gross national product,1972,Current Dollars,Level,6,"1,287,668",T10705
T10705,A001RC,4,Equals: Gross national product,1973,Current Dollars,Level,6,"1,437,994",T10705
T10705,A001RC,4,Equals: Gross national product,1974,Current Dollars,Level,6,"1,560,763",T10705
T10705,A001RC,4,Equals: Gross national product,1975,Current Dollars,Level,6,"1,697,908",T10705
T10705,A001RC,4,Equals: Gross national product,1976,Current Dollars,Level,6,"1,890,259",T10705
T10705,A001RC,4,Equals: Gross national product,1977,Current Dollars,Level,6,"2,102,118",T10705
T10705,A001RC,4,Equals: Gross national product,1978,Current Dollars,Level,6,"2,373,180",T10705
T10705,A001RC,4,Equals: Gross national product,1979,Current Dollars,Level,6,"2,659,264",T10705
T10705,A001RC,4,Equals: Gross national product,1980,Current Dollars,Level,6,"2,891,492",T10705
T10705,A001RC,4,Equals: Gross national product,1981,Current Dollars,Level,6,"3,239,976",T10705
T10705,A001RC,4,Equals: Gross national product,1982,Current Dollars,Level,6,"3,380,299",T10705
T10705,A001RC,4,Equals: Gross national product,1983,Current Dollars,Level,6,"3,671,122",T10705
T10705,A001RC,4,Equals: Gross national product,1984,Current Dollars,Level,6,"4,073,903",T10705
T10705,A001RC,4,Equals: Gross national product,1985,Current Dollars,Level,6,"4,364,344",T10705
T10705,A001RC,4,Equals: Gross national product,1986,Current Dollars,Level,6,"4,596,588",T10705
T10705,A001RC,4,Equals: Gross national product,1987,Current Dollars,Level,6,"4,872,702",T10705
T10705,A001RC,4,Equals: Gross national product,1988,Current Dollars,Level,6,"5,259,095",T10705
T10705,A001RC,4,Equals: Gross national product,1989,Current Dollars,Level,6,"5,666,369",T10705
T10705,A001RC,4,Equals: Gross national product,1990,Current Dollars,Level,6,"5,997,836",T10705
T10705,A001RC,4,Equals: Gross national product,1991,Current Dollars,Level,6,"6,189,716",T10705
T10705,A001RC,4,Equals: Gross national product,1992,Current Dollars,Level,6,"6,551,404",T10705
T10705,A001RC,4,Equals: Gross national product,1993,Current Dollars,Level,6,"6,889,717",T10705
T10705,A001RC,4,Equals: Gross national product,1994,Current Dollars,Level,6,"7,310,202",T10705
T10705,A001RC,4,Equals: Gross national product,1995,Current Dollars,Level,6,"7,667,701",T10705
T10705,A001RC,4,Equals: Gross national product,1996,Current Dollars,Level,6,"8,103,991",T10705
T10705,A001RC,4,Equals: Gross national product,1997,Current Dollars,Level,6,"8,600,853",T10705
T10705,A001RC,4,Equals: Gross national product,1998,Current Dollars,Level,6,"9,080,228",T10705
T10705,A001RC,4,Equals: Gross national product,1999,Current Dollars,Level,6,"9,662,075",T10705
T10705,A001RC,4,Equals: Gross national product,2000,Current Dollars,Level,6,"10,289,432",T10705
T10705,A001RC,4,Equals: Gross national product,2001,Current Dollars,Level,6,"10,632,293",T10705
T10705,A001RC,4,Equals: Gross national product,2002,Current Dollars,Level,6,"10,974,902",T10705
T10705,A001RC,4,Equals: Gross national product,2003,Current Dollars,Level,6,"11,514,946",T10705
T10705,A001RC,4,Equals: Gross national product,2004,Current Dollars,Level,6,"12,293,909",T10705
T10705,A001RC,4,Equals: Gross national product,2005,Current Dollars,Level,6,"13,113,997",T10705
T10705,A001RC,4,Equals: Gross national product,2006,Current Dollars,Level,6,"13,862,043",T10705
T10705,A001RC,4,Equals: Gross national product,2007,Current Dollars,Level,6,"14,569,892",T10705
T10705,A001RC,4,Equals: Gross national product,2008,Current Dollars,Level,6,"14,915,076",T10705
T10705,A001RC,4,Equals: Gross national product,2009,Current Dollars,Level,6,"14,628,310",T10705
T10705,A001RC,4,Equals: Gross national product,2010,Current Dollars,Level,6,"15,254,604",T10705
T10705,A001RC,4,Equals: Gross national product,2011,Current Dollars,Level,6,"15,837,664",T10705
T10705,A001RC,4,Equals: Gross national product,2012,Current Dollars,Level,6,"16,486,660",T10705
T10705,A001RC,4,Equals: Gross national product,2013,Current Dollars,Level,6,"17,110,921",T10705
T10705,A001RC,4,Equals: Gross national product,2014,Current Dollars,Level,6,"17,843,297",T10705
T10705,A001RC,4,Equals: Gross national product,2015,Current Dollars,Level,6,"18,515,147",T10705
T10705,A001RC,4,Equals: Gross national product,2016,Current Dollars,Level,6,"19,036,279",T10705
T10705,A001RC,4,Equals: Gross national product,2017,Current Dollars,Level,6,"19,905,052",T10705
T10705,A001RC,4,Equals: Gross national product,2018,Current Dollars,Level,6,"20,946,823",T10705
T10705,A001RC,4,Equals: Gross national product,2019,Current Dollars,Level,6,"21,821,877",T10705
T10705,A001RC,4,Equals: Gross national product,2020,Current Dollars,Level,6,"21,586,878",T10705
T10705,A001RC,4,Equals: Gross national product,2021,Current Dollars,Level,6,"23,876,486",T10705
T10705,A001RC,4,Equals: Gross national product,2022,Current Dollars,Level,6,"26,206,644",T10705
T10705,A001RC,4,Equals: Gross national product,2023,Current Dollars,Level,6,"27,897,176",T10705
T10705,A001RC,4,Equals: Gross national product,2024,Current Dollars,Level,6,"29,289,740",T10705
T10705,A262RC,5,Less: Consumption of fixed capital,1929,Current Dollars,Level,6,"10,409",T10705
T10705,A262RC,5,Less: Consumption of fixed capital,1930,Current Dollars,Level,6,"10,217",T10705
T10705,A262RC,5,Less: Consumption of fixed capital,1931,Current Dollars,Level,6,"9,514",T10705
T10705,A262RC,5,Less: Consumption of fixed capital,1932,Current Dollars,Level,6,"8,338",T10705
T10705,A262RC,5,Less: Consumption of fixed capital,1933,Current Dollars,Level,6,"8,012",T10705
T10705,A262RC,5,Less: Consumption of fixed capital,1934,Current Dollars,Level,6,"8,430",T10705
T10705,A262RC,5,Less: Consumption of fixed capital,1935,Current Dollars,Level,6,"8,480",T10705
T10705,A262RC,5,Less: Consumption of fixed capital,1936,Current Dollars,Level,6,"8,801",T10705
T10705,A262RC,5,Less: Consumption of fixed capital,1937,Current Dollars,Level,6,"9,767",T10705
T10705,A262RC,5,Less: Consumption of fixed capital,1938,Current Dollars,Level,6,"10,042",T10705
T10705,A262RC,5,Less: Consumption of fixed capital,1939,Current Dollars,Level,6,"10,103",T10705
T10705,A262RC,5,Less: Consumption of fixed capital,1940,Current Dollars,Level,6,"10,577",T10705
T10705,A262RC,5,Less: Consumption of fixed capital,1941,Current Dollars,Level,6,"12,062",T10705
T10705,A262RC,5,Less: Consumption of fixed capital,1942,Current Dollars,Level,6,"14,911",T10705
T10705,A262RC,5,Less: Consumption of fixed capital,1943,Current Dollars,Level,6,"18,031",T10705
T10705,A262RC,5,Less: Consumption of fixed capital,1944,Current Dollars,Level,6,"21,341",T10705
T10705,A262RC,5,Less: Consumption of fixed capital,1945,Current Dollars,Level,6,"23,107",T10705
T10705,A262RC,5,Less: Consumption of fixed capital,1946,Current Dollars,Level,6,"25,690",T10705
T10705,A262RC,5,Less: Consumption of fixed capital,1947,Current Dollars,Level,6,"29,121",T10705
T10705,A262RC,5,Less: Consumption of fixed capital,1948,Current Dollars,Level,6,"31,326",T10705
T10705,A262RC,5,Less: Consumption of fixed capital,1949,Current Dollars,Level,6,"32,284",T10705
T10705,A262RC,5,Less: Consumption of fixed capital,1950,Current Dollars,Level,6,"33,394",T10705
T10705,A262RC,5,Less: Consumption of fixed capital,1951,Current Dollars,Level,6,"37,726",T10705
T10705,A262RC,5,Less: Consumption of fixed capital,1952,Current Dollars,Level,6,"40,606",T10705
T10705,A262RC,5,Less: Consumption of fixed capital,1953,Current Dollars,Level,6,"43,488",T10705
T10705,A262RC,5,Less: Consumption of fixed capital,1954,Current Dollars,Level,6,"45,981",T10705
T10705,A262RC,5,Less: Consumption of fixed capital,1955,Current Dollars,Level,6,"48,893",T10705
T10705,A262RC,5,Less: Consumption of fixed capital,1956,Current Dollars,Level,6,"54,127",T10705
T10705,A262RC,5,Less: Consumption of fixed capital,1957,Current Dollars,Level,6,"58,919",T10705
T10705,A262RC,5,Less: Consumption of fixed capital,1958,Current Dollars,Level,6,"62,454",T10705
T10705,A262RC,5,Less: Consumption of fixed capital,1959,Current Dollars,Level,6,"65,445",T10705
T10705,A262RC,5,Less: Consumption of fixed capital,1960,Current Dollars,Level,6,"67,901",T10705
T10705,A262RC,5,Less: Consumption of fixed capital,1961,Current Dollars,Level,6,"70,604",T10705
T10705,A262RC,5,Less: Consumption of fixed capital,1962,Current Dollars,Level,6,"74,100",T10705
T10705,A262RC,5,Less: Consumption of fixed capital,1963,Current Dollars,Level,6,"78,018",T10705
T10705,A262RC,5,Less: Consumption of fixed capital,1964,Current Dollars,Level,6,"82,390",T10705
T10705,A262RC,5,Less: Consumption of fixed capital,1965,Current Dollars,Level,6,"88,008",T10705
T10705,A262RC,5,Less: Consumption of fixed capital,1966,Current Dollars,Level,6,"95,311",T10705
T10705,A262RC,5,Less: Consumption of fixed capital,1967,Current Dollars,Level,6,"103,557",T10705
T10705,A262RC,5,Less: Consumption of fixed capital,1968,Current Dollars,Level,6,"113,357",T10705
T10705,A262RC,5,Less: Consumption of fixed capital,1969,Current Dollars,Level,6,"124,896",T10705
T10705,A262RC,5,Less: Consumption of fixed capital,1970,Current Dollars,Level,6,"136,839",T10705
T10705,A262RC,5,Less: Consumption of fixed capital,1971,Current Dollars,Level,6,"148,926",T10705
T10705,A262RC,5,Less: Consumption of fixed capital,1972,Current Dollars,Level,6,"161,011",T10705
T10705,A262RC,5,Less: Consumption of fixed capital,1973,Current Dollars,Level,6,"178,686",T10705
T10705,A262RC,5,Less: Consumption of fixed capital,1974,Current Dollars,Level,6,"206,894",T10705
T10705,A262RC,5,Less: Consumption of fixed capital,1975,Current Dollars,Level,6,"238,510",T10705
T10705,A262RC,5,Less: Consumption of fixed capital,1976,Current Dollars,Level,6,"260,226",T10705
T10705,A262RC,5,Less: Consumption of fixed capital,1977,Current Dollars,Level,6,"289,832",T10705
T10705,A262RC,5,Less: Consumption of fixed capital,1978,Current Dollars,Level,6,"327,196",T10705
T10705,A262RC,5,Less: Consumption of fixed capital,1979,Current Dollars,Level,6,"373,882",T10705
T10705,A262RC,5,Less: Consumption of fixed capital,1980,Current Dollars,Level,6,"428,432",T10705
T10705,A262RC,5,Less: Consumption of fixed capital,1981,Current Dollars,Level,6,"487,231",T10705
T10705,A262RC,5,Less: Consumption of fixed capital,1982,Current Dollars,Level,6,"536,963",T10705
T10705,A262RC,5,Less: Consumption of fixed capital,1983,Current Dollars,Level,6,"562,624",T10705
T10705,A262RC,5,Less: Consumption of fixed capital,1984,Current Dollars,Level,6,"598,394",T10705
T10705,A262RC,5,Less: Consumption of fixed capital,1985,Current Dollars,Level,6,"640,137",T10705
T10705,A262RC,5,Less: Consumption of fixed capital,1986,Current Dollars,Level,6,"685,295",T10705
T10705,A262RC,5,Less: Consumption of fixed capital,1987,Current Dollars,Level,6,"730,385",T10705
T10705,A262RC,5,Less: Consumption of fixed capital,1988,Current Dollars,Level,6,"784,496",T10705
T10705,A262RC,5,Less: Consumption of fixed capital,1989,Current Dollars,Level,6,"838,258",T10705
T10705,A262RC,5,Less: Consumption of fixed capital,1990,Current Dollars,Level,6,"888,532",T10705
T10705,A262RC,5,Less: Consumption of fixed capital,1991,Current Dollars,Level,6,"932,393",T10705
T10705,A262RC,5,Less: Consumption of fixed capital,1992,Current Dollars,Level,6,"960,247",T10705
T10705,A262RC,5,Less: Consumption of fixed capital,1993,Current Dollars,Level,6,"1,003,498",T10705
T10705,A262RC,5,Less: Consumption of fixed capital,1994,Current Dollars,Level,6,"1,055,610",T10705
T10705,A262RC,5,Less: Consumption of fixed capital,1995,Current Dollars,Level,6,"1,122,381",T10705
T10705,A262RC,5,Less: Consumption of fixed capital,1996,Current Dollars,Level,6,"1,175,306",T10705
T10705,A262RC,5,Less: Consumption of fixed capital,1997,Current Dollars,Level,6,"1,239,325",T10705
T10705,A262RC,5,Less: Consumption of fixed capital,1998,Current Dollars,Level,6,"1,309,737",T10705
T10705,A262RC,5,Less: Consumption of fixed capital,1999,Current Dollars,Level,6,"1,398,934",T10705
T10705,A262RC,5,Less: Consumption of fixed capital,2000,Current Dollars,Level,6,"1,511,225",T10705
T10705,A262RC,5,Less: Consumption of fixed capital,2001,Current Dollars,Level,6,"1,599,511",T10705
T10705,A262RC,5,Less: Consumption of fixed capital,2002,Current Dollars,Level,6,"1,657,984",T10705
T10705,A262RC,5,Less: Consumption of fixed capital,2003,Current Dollars,Level,6,"1,719,098",T10705
T10705,A262RC,5,Less: Consumption of fixed capital,2004,Current Dollars,Level,6,"1,821,841",T10705
T10705,A262RC,5,Less: Consumption of fixed capital,2005,Current Dollars,Level,6,"1,971,053",T10705
T10705,A262RC,5,Less: Consumption of fixed capital,2006,Current Dollars,Level,6,"2,124,170",T10705
T10705,A262RC,5,Less: Consumption of fixed capital,2007,Current Dollars,Level,6,"2,252,751",T10705
T10705,A262RC,5,Less: Consumption of fixed capital,2008,Current Dollars,Level,6,"2,358,968",T10705
T10705,A262RC,5,Less: Consumption of fixed capital,2009,Current Dollars,Level,6,"2,371,277",T10705
T10705,A262RC,5,Less: Consumption of fixed capital,2010,Current Dollars,Level,6,"2,390,391",T10705
T10705,A262RC,5,Less: Consumption of fixed capital,2011,Current Dollars,Level,6,"2,474,368",T10705
T10705,A262RC,5,Less: Consumption of fixed capital,2012,Current Dollars,Level,6,"2,575,548",T10705
T10705,A262RC,5,Less: Consumption of fixed capital,2013,Current Dollars,Level,6,"2,681,603",T10705
T10705,A262RC,5,Less: Consumption of fixed capital,2014,Current Dollars,Level,6,"2,819,685",T10705
T10705,A262RC,5,Less: Consumption of fixed capital,2015,Current Dollars,Level,6,"2,922,938",T10705
T10705,A262RC,5,Less: Consumption of fixed capital,2016,Current Dollars,Level,6,"3,008,109",T10705
T10705,A262RC,5,Less: Consumption of fixed capital,2017,Current Dollars,Level,6,"3,148,953",T10705
T10705,A262RC,5,Less: Consumption of fixed capital,2018,Current Dollars,Level,6,"3,312,603",T10705
T10705,A262RC,5,Less: Consumption of fixed capital,2019,Current Dollars,Level,6,"3,477,516",T10705
T10705,A262RC,5,Less: Consumption of fixed capital,2020,Current Dollars,Level,6,"3,622,850",T10705
T10705,A262RC,5,Less: Consumption of fixed capital,2021,Current Dollars,Level,6,"3,870,788",T10705
T10705,A262RC,5,Less: Consumption of fixed capital,2022,Current Dollars,Level,6,"4,307,374",T10705
T10705,A262RC,5,Less: Consumption of fixed capital,2023,Current Dollars,Level,6,"4,570,723",T10705
T10705,A262RC,5,Less: Consumption of fixed capital,2024,Current Dollars,Level,6,"4,796,699",T10705
T10705,A262RC,5,Less: Consumption of fixed capital,2025,Current Dollars,Level,6,"5,064,841",T10705
T10705,A024RC,6,Private,1929,Current Dollars,Level,6,"9,411",T10705
T10705,A024RC,6,Private,1930,Current Dollars,Level,6,"9,221",T10705
T10705,A024RC,6,Private,1931,Current Dollars,Level,6,"8,550",T10705
T10705,A024RC,6,Private,1932,Current Dollars,Level,6,"7,465",T10705
T10705,A024RC,6,Private,1933,Current Dollars,Level,6,"7,042",T10705
T10705,A024RC,6,Private,1934,Current Dollars,Level,6,"7,288",T10705
T10705,A024RC,6,Private,1935,Current Dollars,Level,6,"7,324",T10705
T10705,A024RC,6,Private,1936,Current Dollars,Level,6,"7,509",T10705
T10705,A024RC,6,Private,1937,Current Dollars,Level,6,"8,371",T10705
T10705,A024RC,6,Private,1938,Current Dollars,Level,6,"8,580",T10705
T10705,A024RC,6,Private,1939,Current Dollars,Level,6,"8,590",T10705
T10705,A024RC,6,Private,1940,Current Dollars,Level,6,"8,976",T10705
T10705,A024RC,6,Private,1941,Current Dollars,Level,6,"9,950",T10705
T10705,A024RC,6,Private,1942,Current Dollars,Level,6,"11,246",T10705
T10705,A024RC,6,Private,1943,Current Dollars,Level,6,"11,539",T10705
T10705,A024RC,6,Private,1944,Current Dollars,Level,6,"12,038",T10705
T10705,A024RC,6,Private,1945,Current Dollars,Level,6,"12,507",T10705
T10705,A024RC,6,Private,1946,Current Dollars,Level,6,"14,247",T10705
T10705,A024RC,6,Private,1947,Current Dollars,Level,6,"17,735",T10705
T10705,A024RC,6,Private,1948,Current Dollars,Level,6,"20,820",T10705
T10705,A024RC,6,Private,1949,Current Dollars,Level,6,"22,590",T10705
T10705,A024RC,6,Private,1950,Current Dollars,Level,6,"24,334",T10705
T10705,A024RC,6,Private,1951,Current Dollars,Level,6,"27,746",T10705
T10705,A024RC,6,Private,1952,Current Dollars,Level,6,"29,544",T10705
T10705,A024RC,6,Private,1953,Current Dollars,Level,6,"31,344",T10705
T10705,A024RC,6,Private,1954,Current Dollars,Level,6,"32,958",T10705
T10705,A024RC,6,Private,1955,Current Dollars,Level,6,"34,995",T10705
T10705,A024RC,6,Private,1956,Current Dollars,Level,6,"38,811",T10705
T10705,A024RC,6,Private,1957,Current Dollars,Level,6,"42,259",T10705
T10705,A024RC,6,Private,1958,Current Dollars,Level,6,"44,910",T10705
T10705,A024RC,6,Private,1959,Current Dollars,Level,6,"46,819",T10705
T10705,A024RC,6,Private,1960,Current Dollars,Level,6,"48,209",T10705
T10705,A024RC,6,Private,1961,Current Dollars,Level,6,"49,781",T10705
T10705,A024RC,6,Private,1962,Current Dollars,Level,6,"51,795",T10705
T10705,A024RC,6,Private,1963,Current Dollars,Level,6,"54,158",T10705
T10705,A024RC,6,Private,1964,Current Dollars,Level,6,"57,276",T10705
T10705,A024RC,6,Private,1965,Current Dollars,Level,6,"61,568",T10705
T10705,A024RC,6,Private,1966,Current Dollars,Level,6,"67,172",T10705
T10705,A024RC,6,Private,1967,Current Dollars,Level,6,"73,327",T10705
T10705,A024RC,6,Private,1968,Current Dollars,Level,6,"80,603",T10705
T10705,A024RC,6,Private,1969,Current Dollars,Level,6,"89,433",T10705
T10705,A024RC,6,Private,1970,Current Dollars,Level,6,"98,260",T10705
T10705,A024RC,6,Private,1971,Current Dollars,Level,6,"107,635",T10705
T10705,A024RC,6,Private,1972,Current Dollars,Level,6,"117,493",T10705
T10705,A024RC,6,Private,1973,Current Dollars,Level,6,"131,492",T10705
T10705,A024RC,6,Private,1974,Current Dollars,Level,6,"153,159",T10705
T10705,A024RC,6,Private,1975,Current Dollars,Level,6,"178,790",T10705
T10705,A024RC,6,Private,1976,Current Dollars,Level,6,"196,512",T10705
T10705,A024RC,6,Private,1977,Current Dollars,Level,6,"221,127",T10705
T10705,A024RC,6,Private,1978,Current Dollars,Level,6,"252,115",T10705
T10705,A024RC,6,Private,1979,Current Dollars,Level,6,"290,733",T10705
T10705,A024RC,6,Private,1980,Current Dollars,Level,6,"334,977",T10705
T10705,A024RC,6,Private,1981,Current Dollars,Level,6,"381,932",T10705
T10705,A024RC,6,Private,1982,Current Dollars,Level,6,"420,392",T10705
T10705,A024RC,6,Private,1983,Current Dollars,Level,6,"438,788",T10705
T10705,A024RC,6,Private,1984,Current Dollars,Level,6,"463,516",T10705
T10705,A024RC,6,Private,1985,Current Dollars,Level,6,"496,410",T10705
T10705,A024RC,6,Private,1986,Current Dollars,Level,6,"531,572",T10705
T10705,A024RC,6,Private,1987,Current Dollars,Level,6,"566,309",T10705
T10705,A024RC,6,Private,1988,Current Dollars,Level,6,"607,913",T10705
T10705,A024RC,6,Private,1989,Current Dollars,Level,6,"649,619",T10705
T10705,A024RC,6,Private,1990,Current Dollars,Level,6,"688,396",T10705
T10705,A024RC,6,Private,1991,Current Dollars,Level,6,"721,456",T10705
T10705,A024RC,6,Private,1992,Current Dollars,Level,6,"742,886",T10705
T10705,A024RC,6,Private,1993,Current Dollars,Level,6,"778,210",T10705
T10705,A024RC,6,Private,1994,Current Dollars,Level,6,"822,507",T10705
T10705,A024RC,6,Private,1995,Current Dollars,Level,6,"880,728",T10705
T10705,A024RC,6,Private,1996,Current Dollars,Level,6,"929,111",T10705
T10705,A024RC,6,Private,1997,Current Dollars,Level,6,"987,753",T10705
T10705,A024RC,6,Private,1998,Current Dollars,Level,6,"1,052,165",T10705
T10705,A024RC,6,Private,1999,Current Dollars,Level,6,"1,132,208",T10705
T10705,A024RC,6,Private,2000,Current Dollars,Level,6,"1,231,511",T10705
T10705,A024RC,6,Private,2001,Current Dollars,Level,6,"1,311,709",T10705
T10705,A024RC,6,Private,2002,Current Dollars,Level,6,"1,361,824",T10705
T10705,A024RC,6,Private,2003,Current Dollars,Level,6,"1,411,966",T10705
T10705,A024RC,6,Private,2004,Current Dollars,Level,6,"1,497,124",T10705
T10705,A024RC,6,Private,2005,Current Dollars,Level,6,"1,622,632",T10705
T10705,A024RC,6,Private,2006,Current Dollars,Level,6,"1,751,846",T10705
T10705,A024RC,6,Private,2007,Current Dollars,Level,6,"1,852,444",T10705
T10705,A024RC,6,Private,2008,Current Dollars,Level,6,"1,931,948",T10705
T10705,A024RC,6,Private,2009,Current Dollars,Level,6,"1,928,510",T10705
T10705,A024RC,6,Private,2010,Current Dollars,Level,6,"1,933,238",T10705
T10705,A024RC,6,Private,2011,Current Dollars,Level,6,"1,997,214",T10705
T10705,A024RC,6,Private,2012,Current Dollars,Level,6,"2,081,931",T10705
T10705,A024RC,6,Private,2013,Current Dollars,Level,6,"2,176,593",T10705
T10705,A024RC,6,Private,2014,Current Dollars,Level,6,"2,301,350",T10705
T10705,A024RC,6,Private,2015,Current Dollars,Level,6,"2,397,865",T10705
T10705,A024RC,6,Private,2016,Current Dollars,Level,6,"2,475,581",T10705
T10705,A024RC,6,Private,2017,Current Dollars,Level,6,"2,599,066",T10705
T10705,A024RC,6,Private,2018,Current Dollars,Level,6,"2,737,301",T10705
T10705,A024RC,6,Private,2019,Current Dollars,Level,6,"2,879,704",T10705
T10705,A024RC,6,Private,2020,Current Dollars,Level,6,"3,005,721",T10705
T10705,A024RC,6,Private,2021,Current Dollars,Level,6,"3,211,856",T10705
T10705,A024RC,6,Private,2022,Current Dollars,Level,6,"3,578,376",T10705
T10705,A024RC,6,Private,2023,Current Dollars,Level,6,"3,800,377",T10705
T10705,A024RC,6,Private,2024,Current Dollars,Level,6,"3,992,907",T10705
T10705,A024RC,6,Private,2025,Current Dollars,Level,6,"4,215,579",T10705
T10705,W276RC,7,Domestic business,1929,Current Dollars,Level,6,"8,108",T10705
T10705,W276RC,7,Domestic business,1930,Current Dollars,Level,6,"7,930",T10705
T10705,W276RC,7,Domestic business,1931,Current Dollars,Level,6,"7,374",T10705
T10705,W276RC,7,Domestic business,1932,Current Dollars,Level,6,"6,501",T10705
T10705,W276RC,7,Domestic business,1933,Current Dollars,Level,6,"6,102",T10705
T10705,W276RC,7,Domestic business,1934,Current Dollars,Level,6,"6,249",T10705
T10705,W276RC,7,Domestic business,1935,Current Dollars,Level,6,"6,289",T10705
T10705,W276RC,7,Domestic business,1936,Current Dollars,Level,6,"6,421",T10705
T10705,W276RC,7,Domestic business,1937,Current Dollars,Level,6,"7,157",T10705
T10705,W276RC,7,Domestic business,1938,Current Dollars,Level,6,"7,326",T10705
T10705,W276RC,7,Domestic business,1939,Current Dollars,Level,6,"7,318",T10705
T10705,W276RC,7,Domestic business,1940,Current Dollars,Level,6,"7,640",T10705
T10705,W276RC,7,Domestic business,1941,Current Dollars,Level,6,"8,470",T10705
T10705,W276RC,7,Domestic business,1942,Current Dollars,Level,6,"9,641",T10705
T10705,W276RC,7,Domestic business,1943,Current Dollars,Level,6,"9,807",T10705
T10705,W276RC,7,Domestic business,1944,Current Dollars,Level,6,"10,159",T10705
T10705,W276RC,7,Domestic business,1945,Current Dollars,Level,6,"10,492",T10705
T10705,W276RC,7,Domestic business,1946,Current Dollars,Level,6,"11,947",T10705
T10705,W276RC,7,Domestic business,1947,Current Dollars,Level,6,"14,765",T10705
T10705,W276RC,7,Domestic business,1948,Current Dollars,Level,6,"17,396",T10705
T10705,W276RC,7,Domestic business,1949,Current Dollars,Level,6,"18,932",T10705
T10705,W276RC,7,Domestic business,1950,Current Dollars,Level,6,"20,358",T10705
T10705,W276RC,7,Domestic business,1951,Current Dollars,Level,6,"23,179",T10705
T10705,W276RC,7,Domestic business,1952,Current Dollars,Level,6,"24,587",T10705
T10705,W276RC,7,Domestic business,1953,Current Dollars,Level,6,"26,068",T10705
T10705,W276RC,7,Domestic business,1954,Current Dollars,Level,6,"27,368",T10705
T10705,W276RC,7,Domestic business,1955,Current Dollars,Level,6,"28,933",T10705
T10705,W276RC,7,Domestic business,1956,Current Dollars,Level,6,"32,162",T10705
T10705,W276RC,7,Domestic business,1957,Current Dollars,Level,6,"35,194",T10705
T10705,W276RC,7,Domestic business,1958,Current Dollars,Level,6,"37,531",T10705
T10705,W276RC,7,Domestic business,1959,Current Dollars,Level,6,"39,031",T10705
T10705,W276RC,7,Domestic business,1960,Current Dollars,Level,6,"40,034",T10705
T10705,W276RC,7,Domestic business,1961,Current Dollars,Level,6,"41,285",T10705
T10705,W276RC,7,Domestic business,1962,Current Dollars,Level,6,"42,949",T10705
T10705,W276RC,7,Domestic business,1963,Current Dollars,Level,6,"44,870",T10705
T10705,W276RC,7,Domestic business,1964,Current Dollars,Level,6,"47,393",T10705
T10705,W276RC,7,Domestic business,1965,Current Dollars,Level,6,"50,905",T10705
T10705,W276RC,7,Domestic business,1966,Current Dollars,Level,6,"55,637",T10705
T10705,W276RC,7,Domestic business,1967,Current Dollars,Level,6,"60,881",T10705
T10705,W276RC,7,Domestic business,1968,Current Dollars,Level,6,"66,962",T10705
T10705,W276RC,7,Domestic business,1969,Current Dollars,Level,6,"74,197",T10705
T10705,W276RC,7,Domestic business,1970,Current Dollars,Level,6,"81,792",T10705
T10705,W276RC,7,Domestic business,1971,Current Dollars,Level,6,"89,412",T10705
T10705,W276RC,7,Domestic business,1972,Current Dollars,Level,6,"97,153",T10705
T10705,W276RC,7,Domestic business,1973,Current Dollars,Level,6,"108,171",T10705
T10705,W276RC,7,Domestic business,1974,Current Dollars,Level,6,"126,115",T10705
T10705,W276RC,7,Domestic business,1975,Current Dollars,Level,6,"147,907",T10705
T10705,W276RC,7,Domestic business,1976,Current Dollars,Level,6,"162,192",T10705
T10705,W276RC,7,Domestic business,1977,Current Dollars,Level,6,"181,511",T10705
T10705,W276RC,7,Domestic business,1978,Current Dollars,Level,6,"205,525",T10705
T10705,W276RC,7,Domestic business,1979,Current Dollars,Level,6,"236,366",T10705
T10705,W276RC,7,Domestic business,1980,Current Dollars,Level,6,"272,783",T10705
T10705,W276RC,7,Domestic business,1981,Current Dollars,Level,6,"313,466",T10705
T10705,W276RC,7,Domestic business,1982,Current Dollars,Level,6,"347,519",T10705
T10705,W276RC,7,Domestic business,1983,Current Dollars,Level,6,"362,774",T10705
T10705,W276RC,7,Domestic business,1984,Current Dollars,Level,6,"382,650",T10705
T10705,W276RC,7,Domestic business,1985,Current Dollars,Level,6,"410,255",T10705
T10705,W276RC,7,Domestic business,1986,Current Dollars,Level,6,"438,137",T10705
T10705,W276RC,7,Domestic business,1987,Current Dollars,Level,6,"464,486",T10705
T10705,W276RC,7,Domestic business,1988,Current Dollars,Level,6,"499,158",T10705
T10705,W276RC,7,Domestic business,1989,Current Dollars,Level,6,"532,599",T10705
T10705,W276RC,7,Domestic business,1990,Current Dollars,Level,6,"564,576",T10705
T10705,W276RC,7,Domestic business,1991,Current Dollars,Level,6,"592,294",T10705
T10705,W276RC,7,Domestic business,1992,Current Dollars,Level,6,"608,199",T10705
T10705,W276RC,7,Domestic business,1993,Current Dollars,Level,6,"634,197",T10705
T10705,W276RC,7,Domestic business,1994,Current Dollars,Level,6,"669,039",T10705
T10705,W276RC,7,Domestic business,1995,Current Dollars,Level,6,"717,845",T10705
T10705,W276RC,7,Domestic business,1996,Current Dollars,Level,6,"758,499",T10705
T10705,W276RC,7,Domestic business,1997,Current Dollars,Level,6,"807,876",T10705
T10705,W276RC,7,Domestic business,1998,Current Dollars,Level,6,"860,095",T10705
T10705,W276RC,7,Domestic business,1999,Current Dollars,Level,6,"924,018",T10705
T10705,W276RC,7,Domestic business,2000,Current Dollars,Level,6,"1,004,552",T10705
T10705,W276RC,7,Domestic business,2001,Current Dollars,Level,6,"1,064,917",T10705
T10705,W276RC,7,Domestic business,2002,Current Dollars,Level,6,"1,098,816",T10705
T10705,W276RC,7,Domestic business,2003,Current Dollars,Level,6,"1,125,406",T10705
T10705,W276RC,7,Domestic business,2004,Current Dollars,Level,6,"1,178,839",T10705
T10705,W276RC,7,Domestic business,2005,Current Dollars,Level,6,"1,266,460",T10705
T10705,W276RC,7,Domestic business,2006,Current Dollars,Level,6,"1,362,619",T10705
T10705,W276RC,7,Domestic business,2007,Current Dollars,Level,6,"1,446,602",T10705
T10705,W276RC,7,Domestic business,2008,Current Dollars,Level,6,"1,524,977",T10705
T10705,W276RC,7,Domestic business,2009,Current Dollars,Level,6,"1,531,015",T10705
T10705,W276RC,7,Domestic business,2010,Current Dollars,Level,6,"1,536,548",T10705
T10705,W276RC,7,Domestic business,2011,Current Dollars,Level,6,"1,595,008",T10705
T10705,W276RC,7,Domestic business,2012,Current Dollars,Level,6,"1,669,927",T10705
T10705,W276RC,7,Domestic business,2013,Current Dollars,Level,6,"1,737,492",T10705
T10705,W276RC,7,Domestic business,2014,Current Dollars,Level,6,"1,830,400",T10705
T10705,W276RC,7,Domestic business,2015,Current Dollars,Level,6,"1,906,301",T10705
T10705,W276RC,7,Domestic business,2016,Current Dollars,Level,6,"1,958,018",T10705
T10705,W276RC,7,Domestic business,2017,Current Dollars,Level,6,"2,050,462",T10705
T10705,W276RC,7,Domestic business,2018,Current Dollars,Level,6,"2,150,827",T10705
T10705,W276RC,7,Domestic business,2019,Current Dollars,Level,6,"2,265,272",T10705
T10705,W276RC,7,Domestic business,2020,Current Dollars,Level,6,"2,357,702",T10705
T10705,W276RC,7,Domestic business,2021,Current Dollars,Level,6,"2,488,242",T10705
T10705,W276RC,7,Domestic business,2022,Current Dollars,Level,6,"2,760,224",T10705
T10705,W276RC,7,Domestic business,2023,Current Dollars,Level,6,"2,952,013",T10705
T10705,W276RC,7,Domestic business,2024,Current Dollars,Level,6,"3,114,619",T10705
T10705,W276RC,7,Domestic business,2025,Current Dollars,Level,6,"3,301,946",T10705
T10705,Y0000C,8,Capital consumption allowances,1929,Current Dollars,Level,6,"6,567",T10705
T10705,Y0000C,8,Capital consumption allowances,1930,Current Dollars,Level,6,"6,655",T10705
T10705,Y0000C,8,Capital consumption allowances,1931,Current Dollars,Level,6,"6,607",T10705
T10705,Y0000C,8,Capital consumption allowances,1932,Current Dollars,Level,6,"6,143",T10705
T10705,Y0000C,8,Capital consumption allowances,1933,Current Dollars,Level,6,"5,805",T10705
T10705,Y0000C,8,Capital consumption allowances,1934,Current Dollars,Level,6,"5,674",T10705
T10705,Y0000C,8,Capital consumption allowances,1935,Current Dollars,Level,6,"5,722",T10705
T10705,Y0000C,8,Capital consumption allowances,1936,Current Dollars,Level,6,"5,852",T10705
T10705,Y0000C,8,Capital consumption allowances,1937,Current Dollars,Level,6,"6,033",T10705
T10705,Y0000C,8,Capital consumption allowances,1938,Current Dollars,Level,6,"6,169",T10705
T10705,Y0000C,8,Capital consumption allowances,1939,Current Dollars,Level,6,"6,282",T10705
T10705,Y0000C,8,Capital consumption allowances,1940,Current Dollars,Level,6,"6,500",T10705
T10705,Y0000C,8,Capital consumption allowances,1941,Current Dollars,Level,6,"7,196",T10705
T10705,Y0000C,8,Capital consumption allowances,1942,Current Dollars,Level,6,"8,323",T10705
T10705,Y0000C,8,Capital consumption allowances,1943,Current Dollars,Level,6,"8,897",T10705
T10705,Y0000C,8,Capital consumption allowances,1944,Current Dollars,Level,6,"9,814",T10705
T10705,Y0000C,8,Capital consumption allowances,1945,Current Dollars,Level,6,"10,294",T10705
T10705,Y0000C,8,Capital consumption allowances,1946,Current Dollars,Level,6,"8,984",T10705
T10705,Y0000C,8,Capital consumption allowances,1947,Current Dollars,Level,6,"11,106",T10705
T10705,Y0000C,8,Capital consumption allowances,1948,Current Dollars,Level,6,"13,142",T10705
T10705,Y0000C,8,Capital consumption allowances,1949,Current Dollars,Level,6,"15,011",T10705
T10705,Y0000C,8,Capital consumption allowances,1950,Current Dollars,Level,6,"16,554",T10705
T10705,Y0000C,8,Capital consumption allowances,1951,Current Dollars,Level,6,"18,849",T10705
T10705,Y0000C,8,Capital consumption allowances,1952,Current Dollars,Level,6,"20,696",T10705
T10705,Y0000C,8,Capital consumption allowances,1953,Current Dollars,Level,6,"23,053",T10705
T10705,Y0000C,8,Capital consumption allowances,1954,Current Dollars,Level,6,"25,296",T10705
T10705,Y0000C,8,Capital consumption allowances,1955,Current Dollars,Level,6,"28,300",T10705
T10705,Y0000C,8,Capital consumption allowances,1956,Current Dollars,Level,6,"30,826",T10705
T10705,Y0000C,8,Capital consumption allowances,1957,Current Dollars,Level,6,"33,508",T10705
T10705,Y0000C,8,Capital consumption allowances,1958,Current Dollars,Level,6,"35,262",T10705
T10705,Y0000C,8,Capital consumption allowances,1959,Current Dollars,Level,6,"37,484",T10705
T10705,Y0000C,8,Capital consumption allowances,1960,Current Dollars,Level,6,"39,735",T10705
T10705,Y0000C,8,Capital consumption allowances,1961,Current Dollars,Level,6,"41,731",T10705
T10705,Y0000C,8,Capital consumption allowances,1962,Current Dollars,Level,6,"46,588",T10705
T10705,Y0000C,8,Capital consumption allowances,1963,Current Dollars,Level,6,"49,870",T10705
T10705,Y0000C,8,Capital consumption allowances,1964,Current Dollars,Level,6,"53,162",T10705
T10705,Y0000C,8,Capital consumption allowances,1965,Current Dollars,Level,6,"56,989",T10705
T10705,Y0000C,8,Capital consumption allowances,1966,Current Dollars,Level,6,"61,865",T10705
T10705,Y0000C,8,Capital consumption allowances,1967,Current Dollars,Level,6,"66,886",T10705
T10705,Y0000C,8,Capital consumption allowances,1968,Current Dollars,Level,6,"72,534",T10705
T10705,Y0000C,8,Capital consumption allowances,1969,Current Dollars,Level,6,"79,697",T10705
T10705,Y0000C,8,Capital consumption allowances,1970,Current Dollars,Level,6,"85,864",T10705
T10705,Y0000C,8,Capital consumption allowances,1971,Current Dollars,Level,6,"92,341",T10705
T10705,Y0000C,8,Capital consumption allowances,1972,Current Dollars,Level,6,"102,330",T10705
T10705,Y0000C,8,Capital consumption allowances,1973,Current Dollars,Level,6,"111,887",T10705
T10705,Y0000C,8,Capital consumption allowances,1974,Current Dollars,Level,6,"123,947",T10705
T10705,Y0000C,8,Capital consumption allowances,1975,Current Dollars,Level,6,"135,923",T10705
T10705,Y0000C,8,Capital consumption allowances,1976,Current Dollars,Level,6,"147,391",T10705
T10705,Y0000C,8,Capital consumption allowances,1977,Current Dollars,Level,6,"166,980",T10705
T10705,Y0000C,8,Capital consumption allowances,1978,Current Dollars,Level,6,"189,361",T10705
T10705,Y0000C,8,Capital consumption allowances,1979,Current Dollars,Level,6,"216,142",T10705
T10705,Y0000C,8,Capital consumption allowances,1980,Current Dollars,Level,6,"245,841",T10705
T10705,Y0000C,8,Capital consumption allowances,1981,Current Dollars,Level,6,"301,153",T10705
T10705,Y0000C,8,Capital consumption allowances,1982,Current Dollars,Level,6,"343,140",T10705
T10705,Y0000C,8,Capital consumption allowances,1983,Current Dollars,Level,6,"385,601",T10705
T10705,Y0000C,8,Capital consumption allowances,1984,Current Dollars,Level,6,"435,570",T10705
T10705,Y0000C,8,Capital consumption allowances,1985,Current Dollars,Level,6,"493,481",T10705
T10705,Y0000C,8,Capital consumption allowances,1986,Current Dollars,Level,6,"512,034",T10705
T10705,Y0000C,8,Capital consumption allowances,1987,Current Dollars,Level,6,"533,081",T10705
T10705,Y0000C,8,Capital consumption allowances,1988,Current Dollars,Level,6,"563,704",T10705
T10705,Y0000C,8,Capital consumption allowances,1989,Current Dollars,Level,6,"589,542",T10705
T10705,Y0000C,8,Capital consumption allowances,1990,Current Dollars,Level,6,"595,965",T10705
T10705,Y0000C,8,Capital consumption allowances,1991,Current Dollars,Level,6,"611,597",T10705
T10705,Y0000C,8,Capital consumption allowances,1992,Current Dollars,Level,6,"628,407",T10705
T10705,Y0000C,8,Capital consumption allowances,1993,Current Dollars,Level,6,"658,915",T10705
T10705,Y0000C,8,Capital consumption allowances,1994,Current Dollars,Level,6,"701,646",T10705
T10705,Y0000C,8,Capital consumption allowances,1995,Current Dollars,Level,6,"753,911",T10705
T10705,Y0000C,8,Capital consumption allowances,1996,Current Dollars,Level,6,"808,330",T10705
T10705,Y0000C,8,Capital consumption allowances,1997,Current Dollars,Level,6,"877,036",T10705
T10705,Y0000C,8,Capital consumption allowances,1998,Current Dollars,Level,6,"941,401",T10705
T10705,Y0000C,8,Capital consumption allowances,1999,Current Dollars,Level,6,"1,023,829",T10705
T10705,Y0000C,8,Capital consumption allowances,2000,Current Dollars,Level,6,"1,096,054",T10705
T10705,Y0000C,8,Capital consumption allowances,2001,Current Dollars,Level,6,"1,180,122",T10705
T10705,Y0000C,8,Capital consumption allowances,2002,Current Dollars,Level,6,"1,284,274",T10705
T10705,Y0000C,8,Capital consumption allowances,2003,Current Dollars,Level,6,"1,303,867",T10705
T10705,Y0000C,8,Capital consumption allowances,2004,Current Dollars,Level,6,"1,332,376",T10705
T10705,Y0000C,8,Capital consumption allowances,2005,Current Dollars,Level,6,"1,169,875",T10705
T10705,Y0000C,8,Capital consumption allowances,2006,Current Dollars,Level,6,"1,245,561",T10705
T10705,Y0000C,8,Capital consumption allowances,2007,Current Dollars,Level,6,"1,327,311",T10705
T10705,Y0000C,8,Capital consumption allowances,2008,Current Dollars,Level,6,"1,584,627",T10705
T10705,Y0000C,8,Capital consumption allowances,2009,Current Dollars,Level,6,"1,562,649",T10705
T10705,Y0000C,8,Capital consumption allowances,2010,Current Dollars,Level,6,"1,606,438",T10705
T10705,Y0000C,8,Capital consumption allowances,2011,Current Dollars,Level,6,"1,831,868",T10705
T10705,Y0000C,8,Capital consumption allowances,2012,Current Dollars,Level,6,"1,666,511",T10705
T10705,Y0000C,8,Capital consumption allowances,2013,Current Dollars,Level,6,"1,753,799",T10705
T10705,Y0000C,8,Capital consumption allowances,2014,Current Dollars,Level,6,"1,867,212",T10705
T10705,Y0000C,8,Capital consumption allowances,2015,Current Dollars,Level,6,"1,983,750",T10705
T10705,Y0000C,8,Capital consumption allowances,2016,Current Dollars,Level,6,"2,078,960",T10705
T10705,Y0000C,8,Capital consumption allowances,2017,Current Dollars,Level,6,"2,309,120",T10705
T10705,Y0000C,8,Capital consumption allowances,2018,Current Dollars,Level,6,"2,582,888",T10705
T10705,Y0000C,8,Capital consumption allowances,2019,Current Dollars,Level,6,"2,705,969",T10705
T10705,Y0000C,8,Capital consumption allowances,2020,Current Dollars,Level,6,"2,643,153",T10705
T10705,Y0000C,8,Capital consumption allowances,2021,Current Dollars,Level,6,"2,862,083",T10705
T10705,Y0000C,8,Capital consumption allowances,2022,Current Dollars,Level,6,"3,088,437",T10705
T10705,Y0000C,8,Capital consumption allowances,2023,Current Dollars,Level,6,"2,936,603",T10705
T10705,Y0000C,8,Capital consumption allowances,2024,Current Dollars,Level,6,"3,010,989",T10705
T10705,Y0000C,8,Capital consumption allowances,2025,Current Dollars,Level,6,"3,628,829",T10705
T10705,Y0004C,9,Less: Capital consumption adjustment,1929,Current Dollars,Level,6,"-1,541",T10705
T10705,Y0004C,9,Less: Capital consumption adjustment,1930,Current Dollars,Level,6,"-1,274",T10705
T10705,Y0004C,9,Less: Capital consumption adjustment,1931,Current Dollars,Level,6,-767,T10705
T10705,Y0004C,9,Less: Capital consumption adjustment,1932,Current Dollars,Level,6,-357,T10705
T10705,Y0004C,9,Less: Capital consumption adjustment,1933,Current Dollars,Level,6,-296,T10705
T10705,Y0004C,9,Less: Capital consumption adjustment,1934,Current Dollars,Level,6,-574,T10705
T10705,Y0004C,9,Less: Capital consumption adjustment,1935,Current Dollars,Level,6,-568,T10705
T10705,Y0004C,9,Less: Capital consumption adjustment,1936,Current Dollars,Level,6,-568,T10705
T10705,Y0004C,9,Less: Capital consumption adjustment,1937,Current Dollars,Level,6,"-1,123",T10705
T10705,Y0004C,9,Less: Capital consumption adjustment,1938,Current Dollars,Level,6,"-1,159",T10705
T10705,Y0004C,9,Less: Capital consumption adjustment,1939,Current Dollars,Level,6,"-1,039",T10705
T10705,Y0004C,9,Less: Capital consumption adjustment,1940,Current Dollars,Level,6,"-1,141",T10705
T10705,Y0004C,9,Less: Capital consumption adjustment,1941,Current Dollars,Level,6,"-1,275",T10705
T10705,Y0004C,9,Less: Capital consumption adjustment,1942,Current Dollars,Level,6,"-1,314",T10705
T10705,Y0004C,9,Less: Capital consumption adjustment,1943,Current Dollars,Level,6,-909,T10705
T10705,Y0004C,9,Less: Capital consumption adjustment,1944,Current Dollars,Level,6,-347,T10705
T10705,Y0004C,9,Less: Capital consumption adjustment,1945,Current Dollars,Level,6,-198,T10705
T10705,Y0004C,9,Less: Capital consumption adjustment,1946,Current Dollars,Level,6,"-2,963",T10705
T10705,Y0004C,9,Less: Capital consumption adjustment,1947,Current Dollars,Level,6,"-3,657",T10705
T10705,Y0004C,9,Less: Capital consumption adjustment,1948,Current Dollars,Level,6,"-4,255",T10705
T10705,Y0004C,9,Less: Capital consumption adjustment,1949,Current Dollars,Level,6,"-3,923",T10705
T10705,Y0004C,9,Less: Capital consumption adjustment,1950,Current Dollars,Level,6,"-3,805",T10705
T10705,Y0004C,9,Less: Capital consumption adjustment,1951,Current Dollars,Level,6,"-4,330",T10705
T10705,Y0004C,9,Less: Capital consumption adjustment,1952,Current Dollars,Level,6,"-3,889",T10705
T10705,Y0004C,9,Less: Capital consumption adjustment,1953,Current Dollars,Level,6,"-3,016",T10705
T10705,Y0004C,9,Less: Capital consumption adjustment,1954,Current Dollars,Level,6,"-2,071",T10705
T10705,Y0004C,9,Less: Capital consumption adjustment,1955,Current Dollars,Level,6,-630,T10705
T10705,Y0004C,9,Less: Capital consumption adjustment,1956,Current Dollars,Level,6,"-1,334",T10705
T10705,Y0004C,9,Less: Capital consumption adjustment,1957,Current Dollars,Level,6,"-1,685",T10705
T10705,Y0004C,9,Less: Capital consumption adjustment,1958,Current Dollars,Level,6,"-2,270",T10705
T10705,Y0004C,9,Less: Capital consumption adjustment,1959,Current Dollars,Level,6,"-1,544",T10705
T10705,Y0004C,9,Less: Capital consumption adjustment,1960,Current Dollars,Level,6,-299,T10705
T10705,Y0004C,9,Less: Capital consumption adjustment,1961,Current Dollars,Level,6,445,T10705
T10705,Y0004C,9,Less: Capital consumption adjustment,1962,Current Dollars,Level,6,"3,642",T10705
T10705,Y0004C,9,Less: Capital consumption adjustment,1963,Current Dollars,Level,6,"5,000",T10705
T10705,Y0004C,9,Less: Capital consumption adjustment,1964,Current Dollars,Level,6,"5,769",T10705
T10705,Y0004C,9,Less: Capital consumption adjustment,1965,Current Dollars,Level,6,"6,084",T10705
T10705,Y0004C,9,Less: Capital consumption adjustment,1966,Current Dollars,Level,6,"6,228",T10705
T10705,Y0004C,9,Less: Capital consumption adjustment,1967,Current Dollars,Level,6,"6,004",T10705
T10705,Y0004C,9,Less: Capital consumption adjustment,1968,Current Dollars,Level,6,"5,571",T10705
T10705,Y0004C,9,Less: Capital consumption adjustment,1969,Current Dollars,Level,6,"5,500",T10705
T10705,Y0004C,9,Less: Capital consumption adjustment,1970,Current Dollars,Level,6,"4,074",T10705
T10705,Y0004C,9,Less: Capital consumption adjustment,1971,Current Dollars,Level,6,"2,932",T10705
T10705,Y0004C,9,Less: Capital consumption adjustment,1972,Current Dollars,Level,6,"5,179",T10705
T10705,Y0004C,9,Less: Capital consumption adjustment,1973,Current Dollars,Level,6,"3,718",T10705
T10705,Y0004C,9,Less: Capital consumption adjustment,1974,Current Dollars,Level,6,"-2,167",T10705
T10705,Y0004C,9,Less: Capital consumption adjustment,1975,Current Dollars,Level,6,"-11,985",T10705
T10705,Y0004C,9,Less: Capital consumption adjustment,1976,Current Dollars,Level,6,"-14,803",T10705
T10705,Y0004C,9,Less: Capital consumption adjustment,1977,Current Dollars,Level,6,"-14,528",T10705
T10705,Y0004C,9,Less: Capital consumption adjustment,1978,Current Dollars,Level,6,"-16,165",T10705
T10705,Y0004C,9,Less: Capital consumption adjustment,1979,Current Dollars,Level,6,"-20,222",T10705
T10705,Y0004C,9,Less: Capital consumption adjustment,1980,Current Dollars,Level,6,"-26,940",T10705
T10705,Y0004C,9,Less: Capital consumption adjustment,1981,Current Dollars,Level,6,"-12,312",T10705
T10705,Y0004C,9,Less: Capital consumption adjustment,1982,Current Dollars,Level,6,"-4,378",T10705
T10705,Y0004C,9,Less: Capital consumption adjustment,1983,Current Dollars,Level,6,"22,829",T10705
T10705,Y0004C,9,Less: Capital consumption adjustment,1984,Current Dollars,Level,6,"52,919",T10705
T10705,Y0004C,9,Less: Capital consumption adjustment,1985,Current Dollars,Level,6,"83,226",T10705
T10705,Y0004C,9,Less: Capital consumption adjustment,1986,Current Dollars,Level,6,"73,895",T10705
T10705,Y0004C,9,Less: Capital consumption adjustment,1987,Current Dollars,Level,6,"68,594",T10705
T10705,Y0004C,9,Less: Capital consumption adjustment,1988,Current Dollars,Level,6,"64,545",T10705
T10705,Y0004C,9,Less: Capital consumption adjustment,1989,Current Dollars,Level,6,"56,943",T10705
T10705,Y0004C,9,Less: Capital consumption adjustment,1990,Current Dollars,Level,6,"31,391",T10705
T10705,Y0004C,9,Less: Capital consumption adjustment,1991,Current Dollars,Level,6,"19,304",T10705
T10705,Y0004C,9,Less: Capital consumption adjustment,1992,Current Dollars,Level,6,"20,209",T10705
T10705,Y0004C,9,Less: Capital consumption adjustment,1993,Current Dollars,Level,6,"24,718",T10705
T10705,Y0004C,9,Less: Capital consumption adjustment,1994,Current Dollars,Level,6,"32,610",T10705
T10705,Y0004C,9,Less: Capital consumption adjustment,1995,Current Dollars,Level,6,"36,066",T10705
T10705,Y0004C,9,Less: Capital consumption adjustment,1996,Current Dollars,Level,6,"49,829",T10705
T10705,Y0004C,9,Less: Capital consumption adjustment,1997,Current Dollars,Level,6,"69,154",T10705
T10705,Y0004C,9,Less: Capital consumption adjustment,1998,Current Dollars,Level,6,"81,303",T10705
T10705,Y0004C,9,Less: Capital consumption adjustment,1999,Current Dollars,Level,6,"99,810",T10705
T10705,Y0004C,9,Less: Capital consumption adjustment,2000,Current Dollars,Level,6,"91,501",T10705
T10705,Y0004C,9,Less: Capital consumption adjustment,2001,Current Dollars,Level,6,"115,209",T10705
T10705,Y0004C,9,Less: Capital consumption adjustment,2002,Current Dollars,Level,6,"185,461",T10705
T10705,Y0004C,9,Less: Capital consumption adjustment,2003,Current Dollars,Level,6,"178,464",T10705
T10705,Y0004C,9,Less: Capital consumption adjustment,2004,Current Dollars,Level,6,"153,539",T10705
T10705,Y0004C,9,Less: Capital consumption adjustment,2005,Current Dollars,Level,6,"-96,582",T10705
T10705,Y0004C,9,Less: Capital consumption adjustment,2006,Current Dollars,Level,6,"-117,053",T10705
T10705,Y0004C,9,Less: Capital consumption adjustment,2007,Current Dollars,Level,6,"-119,291",T10705
T10705,Y0004C,9,Less: Capital consumption adjustment,2008,Current Dollars,Level,6,"59,650",T10705
T10705,Y0004C,9,Less: Capital consumption adjustment,2009,Current Dollars,Level,6,"31,634",T10705
T10705,Y0004C,9,Less: Capital consumption adjustment,2010,Current Dollars,Level,6,"69,890",T10705
T10705,Y0004C,9,Less: Capital consumption adjustment,2011,Current Dollars,Level,6,"236,860",T10705
T10705,Y0004C,9,Less: Capital consumption adjustment,2012,Current Dollars,Level,6,"-3,416",T10705
T10705,Y0004C,9,Less: Capital consumption adjustment,2013,Current Dollars,Level,6,"16,307",T10705
T10705,Y0004C,9,Less: Capital consumption adjustment,2014,Current Dollars,Level,6,"36,812",T10705
T10705,Y0004C,9,Less: Capital consumption adjustment,2015,Current Dollars,Level,6,"77,449",T10705
T10705,Y0004C,9,Less: Capital consumption adjustment,2016,Current Dollars,Level,6,"120,942",T10705
T10705,Y0004C,9,Less: Capital consumption adjustment,2017,Current Dollars,Level,6,"258,659",T10705
T10705,Y0004C,9,Less: Capital consumption adjustment,2018,Current Dollars,Level,6,"432,061",T10705
T10705,Y0004C,9,Less: Capital consumption adjustment,2019,Current Dollars,Level,6,"440,698",T10705
T10705,Y0004C,9,Less: Capital consumption adjustment,2020,Current Dollars,Level,6,"285,452",T10705
T10705,Y0004C,9,Less: Capital consumption adjustment,2021,Current Dollars,Level,6,"373,841",T10705
T10705,Y0004C,9,Less: Capital consumption adjustment,2022,Current Dollars,Level,6,"328,213",T10705
T10705,Y0004C,9,Less: Capital consumption adjustment,2023,Current Dollars,Level,6,"-15,410",T10705
T10705,Y0004C,9,Less: Capital consumption adjustment,2024,Current Dollars,Level,6,"-103,630",T10705
T10705,Y0004C,9,Less: Capital consumption adjustment,2025,Current Dollars,Level,6,"326,883",T10705
T10705,W279RC,10,Households and institutions,1929,Current Dollars,Level,6,"1,303",T10705
T10705,W279RC,10,Households and institutions,1930,Current Dollars,Level,6,"1,290",T10705
T10705,W279RC,10,Households and institutions,1931,Current Dollars,Level,6,"1,176",T10705
T10705,W279RC,10,Households and institutions,1932,Current Dollars,Level,6,964,T10705
T10705,W279RC,10,Households and institutions,1933,Current Dollars,Level,6,940,T10705
T10705,W279RC,10,Households and institutions,1934,Current Dollars,Level,6,"1,039",T10705
T10705,W279RC,10,Households and institutions,1935,Current Dollars,Level,6,"1,035",T10705
T10705,W279RC,10,Households and institutions,1936,Current Dollars,Level,6,"1,088",T10705
T10705,W279RC,10,Households and institutions,1937,Current Dollars,Level,6,"1,214",T10705
T10705,W279RC,10,Households and institutions,1938,Current Dollars,Level,6,"1,254",T10705
T10705,W279RC,10,Households and institutions,1939,Current Dollars,Level,6,"1,272",T10705
T10705,W279RC,10,Households and institutions,1940,Current Dollars,Level,6,"1,335",T10705
T10705,W279RC,10,Households and institutions,1941,Current Dollars,Level,6,"1,480",T10705
T10705,W279RC,10,Households and institutions,1942,Current Dollars,Level,6,"1,605",T10705
T10705,W279RC,10,Households and institutions,1943,Current Dollars,Level,6,"1,733",T10705
T10705,W279RC,10,Households and institutions,1944,Current Dollars,Level,6,"1,878",T10705
T10705,W279RC,10,Households and institutions,1945,Current Dollars,Level,6,"2,015",T10705
T10705,W279RC,10,Households and institutions,1946,Current Dollars,Level,6,"2,300",T10705
T10705,W279RC,10,Households and institutions,1947,Current Dollars,Level,6,"2,970",T10705
T10705,W279RC,10,Households and institutions,1948,Current Dollars,Level,6,"3,424",T10705
T10705,W279RC,10,Households and institutions,1949,Current Dollars,Level,6,"3,657",T10705
T10705,W279RC,10,Households and institutions,1950,Current Dollars,Level,6,"3,975",T10705
T10705,W279RC,10,Households and institutions,1951,Current Dollars,Level,6,"4,567",T10705
T10705,W279RC,10,Households and institutions,1952,Current Dollars,Level,6,"4,957",T10705
T10705,W279RC,10,Households and institutions,1953,Current Dollars,Level,6,"5,276",T10705
T10705,W279RC,10,Households and institutions,1954,Current Dollars,Level,6,"5,590",T10705
T10705,W279RC,10,Households and institutions,1955,Current Dollars,Level,6,"6,062",T10705
T10705,W279RC,10,Households and institutions,1956,Current Dollars,Level,6,"6,649",T10705
T10705,W279RC,10,Households and institutions,1957,Current Dollars,Level,6,"7,065",T10705
T10705,W279RC,10,Households and institutions,1958,Current Dollars,Level,6,"7,379",T10705
T10705,W279RC,10,Households and institutions,1959,Current Dollars,Level,6,"7,789",T10705
T10705,W279RC,10,Households and institutions,1960,Current Dollars,Level,6,"8,175",T10705
T10705,W279RC,10,Households and institutions,1961,Current Dollars,Level,6,"8,497",T10705
T10705,W279RC,10,Households and institutions,1962,Current Dollars,Level,6,"8,846",T10705
T10705,W279RC,10,Households and institutions,1963,Current Dollars,Level,6,"9,288",T10705
T10705,W279RC,10,Households and institutions,1964,Current Dollars,Level,6,"9,882",T10705
T10705,W279RC,10,Households and institutions,1965,Current Dollars,Level,6,"10,663",T10705
T10705,W279RC,10,Households and institutions,1966,Current Dollars,Level,6,"11,535",T10705
T10705,W279RC,10,Households and institutions,1967,Current Dollars,Level,6,"12,447",T10705
T10705,W279RC,10,Households and institutions,1968,Current Dollars,Level,6,"13,641",T10705
T10705,W279RC,10,Households and institutions,1969,Current Dollars,Level,6,"15,236",T10705
T10705,W279RC,10,Households and institutions,1970,Current Dollars,Level,6,"16,468",T10705
T10705,W279RC,10,Households and institutions,1971,Current Dollars,Level,6,"18,224",T10705
T10705,W279RC,10,Households and institutions,1972,Current Dollars,Level,6,"20,341",T10705
T10705,W279RC,10,Households and institutions,1973,Current Dollars,Level,6,"23,321",T10705
T10705,W279RC,10,Households and institutions,1974,Current Dollars,Level,6,"27,045",T10705
T10705,W279RC,10,Households and institutions,1975,Current Dollars,Level,6,"30,883",T10705
T10705,W279RC,10,Households and institutions,1976,Current Dollars,Level,6,"34,320",T10705
T10705,W279RC,10,Households and institutions,1977,Current Dollars,Level,6,"39,616",T10705
T10705,W279RC,10,Households and institutions,1978,Current Dollars,Level,6,"46,589",T10705
T10705,W279RC,10,Households and institutions,1979,Current Dollars,Level,6,"54,367",T10705
T10705,W279RC,10,Households and institutions,1980,Current Dollars,Level,6,"62,194",T10705
T10705,W279RC,10,Households and institutions,1981,Current Dollars,Level,6,"68,467",T10705
T10705,W279RC,10,Households and institutions,1982,Current Dollars,Level,6,"72,873",T10705
T10705,W279RC,10,Households and institutions,1983,Current Dollars,Level,6,"76,014",T10705
T10705,W279RC,10,Households and institutions,1984,Current Dollars,Level,6,"80,866",T10705
T10705,W279RC,10,Households and institutions,1985,Current Dollars,Level,6,"86,155",T10705
T10705,W279RC,10,Households and institutions,1986,Current Dollars,Level,6,"93,435",T10705
T10705,W279RC,10,Households and institutions,1987,Current Dollars,Level,6,"101,823",T10705
T10705,W279RC,10,Households and institutions,1988,Current Dollars,Level,6,"108,754",T10705
T10705,W279RC,10,Households and institutions,1989,Current Dollars,Level,6,"117,020",T10705
T10705,W279RC,10,Households and institutions,1990,Current Dollars,Level,6,"123,820",T10705
T10705,W279RC,10,Households and institutions,1991,Current Dollars,Level,6,"129,163",T10705
T10705,W279RC,10,Households and institutions,1992,Current Dollars,Level,6,"134,688",T10705
T10705,W279RC,10,Households and institutions,1993,Current Dollars,Level,6,"144,013",T10705
T10705,W279RC,10,Households and institutions,1994,Current Dollars,Level,6,"153,468",T10705
T10705,W279RC,10,Households and institutions,1995,Current Dollars,Level,6,"162,883",T10705
T10705,W279RC,10,Households and institutions,1996,Current Dollars,Level,6,"170,613",T10705
T10705,W279RC,10,Households and institutions,1997,Current Dollars,Level,6,"179,876",T10705
T10705,W279RC,10,Households and institutions,1998,Current Dollars,Level,6,"192,070",T10705
T10705,W279RC,10,Households and institutions,1999,Current Dollars,Level,6,"208,190",T10705
T10705,W279RC,10,Households and institutions,2000,Current Dollars,Level,6,"226,959",T10705
T10705,W279RC,10,Households and institutions,2001,Current Dollars,Level,6,"246,793",T10705
T10705,W279RC,10,Households and institutions,2002,Current Dollars,Level,6,"263,008",T10705
T10705,W279RC,10,Households and institutions,2003,Current Dollars,Level,6,"286,560",T10705
T10705,W279RC,10,Households and institutions,2004,Current Dollars,Level,6,"318,285",T10705
T10705,W279RC,10,Households and institutions,2005,Current Dollars,Level,6,"356,172",T10705
T10705,W279RC,10,Households and institutions,2006,Current Dollars,Level,6,"389,227",T10705
T10705,W279RC,10,Households and institutions,2007,Current Dollars,Level,6,"405,842",T10705
T10705,W279RC,10,Households and institutions,2008,Current Dollars,Level,6,"406,972",T10705
T10705,W279RC,10,Households and institutions,2009,Current Dollars,Level,6,"397,495",T10705
T10705,W279RC,10,Households and institutions,2010,Current Dollars,Level,6,"396,690",T10705
T10705,W279RC,10,Households and institutions,2011,Current Dollars,Level,6,"402,206",T10705
T10705,W279RC,10,Households and institutions,2012,Current Dollars,Level,6,"412,003",T10705
T10705,W279RC,10,Households and institutions,2013,Current Dollars,Level,6,"439,100",T10705
T10705,W279RC,10,Households and institutions,2014,Current Dollars,Level,6,"470,950",T10705
T10705,W279RC,10,Households and institutions,2015,Current Dollars,Level,6,"491,564",T10705
T10705,W279RC,10,Households and institutions,2016,Current Dollars,Level,6,"517,562",T10705
T10705,W279RC,10,Households and institutions,2017,Current Dollars,Level,6,"548,604",T10705
T10705,W279RC,10,Households and institutions,2018,Current Dollars,Level,6,"586,474",T10705
T10705,W279RC,10,Households and institutions,2019,Current Dollars,Level,6,"614,432",T10705
T10705,W279RC,10,Households and institutions,2020,Current Dollars,Level,6,"648,019",T10705
T10705,W279RC,10,Households and institutions,2021,Current Dollars,Level,6,"723,615",T10705
T10705,W279RC,10,Households and institutions,2022,Current Dollars,Level,6,"818,152",T10705
T10705,W279RC,10,Households and institutions,2023,Current Dollars,Level,6,"848,365",T10705
T10705,W279RC,10,Households and institutions,2024,Current Dollars,Level,6,"878,288",T10705
T10705,W279RC,10,Households and institutions,2025,Current Dollars,Level,6,"913,633",T10705
T10705,A264RC,11,Government,1929,Current Dollars,Level,6,998,T10705
T10705,A264RC,11,Government,1930,Current Dollars,Level,6,996,T10705
T10705,A264RC,11,Government,1931,Current Dollars,Level,6,964,T10705
T10705,A264RC,11,Government,1932,Current Dollars,Level,6,873,T10705
T10705,A264RC,11,Government,1933,Current Dollars,Level,6,970,T10705
T10705,A264RC,11,Government,1934,Current Dollars,Level,6,"1,142",T10705
T10705,A264RC,11,Government,1935,Current Dollars,Level,6,"1,156",T10705
T10705,A264RC,11,Government,1936,Current Dollars,Level,6,"1,293",T10705
T10705,A264RC,11,Government,1937,Current Dollars,Level,6,"1,396",T10705
T10705,A264RC,11,Government,1938,Current Dollars,Level,6,"1,462",T10705
T10705,A264RC,11,Government,1939,Current Dollars,Level,6,"1,513",T10705
T10705,A264RC,11,Government,1940,Current Dollars,Level,6,"1,601",T10705
T10705,A264RC,11,Government,1941,Current Dollars,Level,6,"2,112",T10705
T10705,A264RC,11,Government,1942,Current Dollars,Level,6,"3,665",T10705
T10705,A264RC,11,Government,1943,Current Dollars,Level,6,"6,492",T10705
T10705,A264RC,11,Government,1944,Current Dollars,Level,6,"9,303",T10705
T10705,A264RC,11,Government,1945,Current Dollars,Level,6,"10,600",T10705
T10705,A264RC,11,Government,1946,Current Dollars,Level,6,"11,444",T10705
T10705,A264RC,11,Government,1947,Current Dollars,Level,6,"11,386",T10705
T10705,A264RC,11,Government,1948,Current Dollars,Level,6,"10,505",T10705
T10705,A264RC,11,Government,1949,Current Dollars,Level,6,"9,694",T10705
T10705,A264RC,11,Government,1950,Current Dollars,Level,6,"9,060",T10705
T10705,A264RC,11,Government,1951,Current Dollars,Level,6,"9,979",T10705
T10705,A264RC,11,Government,1952,Current Dollars,Level,6,"11,062",T10705
T10705,A264RC,11,Government,1953,Current Dollars,Level,6,"12,144",T10705
T10705,A264RC,11,Government,1954,Current Dollars,Level,6,"13,022",T10705
T10705,A264RC,11,Government,1955,Current Dollars,Level,6,"13,897",T10705
T10705,A264RC,11,Government,1956,Current Dollars,Level,6,"15,316",T10705
T10705,A264RC,11,Government,1957,Current Dollars,Level,6,"16,660",T10705
T10705,A264RC,11,Government,1958,Current Dollars,Level,6,"17,544",T10705
T10705,A264RC,11,Government,1959,Current Dollars,Level,6,"18,625",T10705
T10705,A264RC,11,Government,1960,Current Dollars,Level,6,"19,693",T10705
T10705,A264RC,11,Government,1961,Current Dollars,Level,6,"20,823",T10705
T10705,A264RC,11,Government,1962,Current Dollars,Level,6,"22,305",T10705
T10705,A264RC,11,Government,1963,Current Dollars,Level,6,"23,860",T10705
T10705,A264RC,11,Government,1964,Current Dollars,Level,6,"25,114",T10705
T10705,A264RC,11,Government,1965,Current Dollars,Level,6,"26,440",T10705
T10705,A264RC,11,Government,1966,Current Dollars,Level,6,"28,139",T10705
T10705,A264RC,11,Government,1967,Current Dollars,Level,6,"30,230",T10705
T10705,A264RC,11,Government,1968,Current Dollars,Level,6,"32,754",T10705
T10705,A264RC,11,Government,1969,Current Dollars,Level,6,"35,463",T10705
T10705,A264RC,11,Government,1970,Current Dollars,Level,6,"38,579",T10705
T10705,A264RC,11,Government,1971,Current Dollars,Level,6,"41,291",T10705
T10705,A264RC,11,Government,1972,Current Dollars,Level,6,"43,517",T10705
T10705,A264RC,11,Government,1973,Current Dollars,Level,6,"47,194",T10705
T10705,A264RC,11,Government,1974,Current Dollars,Level,6,"53,735",T10705
T10705,A264RC,11,Government,1975,Current Dollars,Level,6,"59,720",T10705
T10705,A264RC,11,Government,1976,Current Dollars,Level,6,"63,714",T10705
T10705,A264RC,11,Government,1977,Current Dollars,Level,6,"68,705",T10705
T10705,A264RC,11,Government,1978,Current Dollars,Level,6,"75,081",T10705
T10705,A264RC,11,Government,1979,Current Dollars,Level,6,"83,149",T10705
T10705,A264RC,11,Government,1980,Current Dollars,Level,6,"93,454",T10705
T10705,A264RC,11,Government,1981,Current Dollars,Level,6,"105,299",T10705
T10705,A264RC,11,Government,1982,Current Dollars,Level,6,"116,571",T10705
T10705,A264RC,11,Government,1983,Current Dollars,Level,6,"123,836",T10705
T10705,A264RC,11,Government,1984,Current Dollars,Level,6,"134,879",T10705
T10705,A264RC,11,Government,1985,Current Dollars,Level,6,"143,727",T10705
T10705,A264RC,11,Government,1986,Current Dollars,Level,6,"153,723",T10705
T10705,A264RC,11,Government,1987,Current Dollars,Level,6,"164,076",T10705
T10705,A264RC,11,Government,1988,Current Dollars,Level,6,"176,583",T10705
T10705,A264RC,11,Government,1989,Current Dollars,Level,6,"188,639",T10705
T10705,A264RC,11,Government,1990,Current Dollars,Level,6,"200,135",T10705
T10705,A264RC,11,Government,1991,Current Dollars,Level,6,"210,937",T10705
T10705,A264RC,11,Government,1992,Current Dollars,Level,6,"217,361",T10705
T10705,A264RC,11,Government,1993,Current Dollars,Level,6,"225,288",T10705
T10705,A264RC,11,Government,1994,Current Dollars,Level,6,"233,102",T10705
T10705,A264RC,11,Government,1995,Current Dollars,Level,6,"241,653",T10705
T10705,A264RC,11,Government,1996,Current Dollars,Level,6,"246,195",T10705
T10705,A264RC,11,Government,1997,Current Dollars,Level,6,"251,572",T10705
T10705,A264RC,11,Government,1998,Current Dollars,Level,6,"257,571",T10705
T10705,A264RC,11,Government,1999,Current Dollars,Level,6,"266,725",T10705
T10705,A264RC,11,Government,2000,Current Dollars,Level,6,"279,713",T10705
T10705,A264RC,11,Government,2001,Current Dollars,Level,6,"287,802",T10705
T10705,A264RC,11,Government,2002,Current Dollars,Level,6,"296,160",T10705
T10705,A264RC,11,Government,2003,Current Dollars,Level,6,"307,133",T10705
T10705,A264RC,11,Government,2004,Current Dollars,Level,6,"324,717",T10705
T10705,A264RC,11,Government,2005,Current Dollars,Level,6,"348,421",T10705
T10705,A264RC,11,Government,2006,Current Dollars,Level,6,"372,324",T10705
T10705,A264RC,11,Government,2007,Current Dollars,Level,6,"400,307",T10705
T10705,A264RC,11,Government,2008,Current Dollars,Level,6,"427,020",T10705
T10705,A264RC,11,Government,2009,Current Dollars,Level,6,"442,767",T10705
T10705,A264RC,11,Government,2010,Current Dollars,Level,6,"457,152",T10705
T10705,A264RC,11,Government,2011,Current Dollars,Level,6,"477,154",T10705
T10705,A264RC,11,Government,2012,Current Dollars,Level,6,"493,618",T10705
T10705,A264RC,11,Government,2013,Current Dollars,Level,6,"505,010",T10705
T10705,A264RC,11,Government,2014,Current Dollars,Level,6,"518,335",T10705
T10705,A264RC,11,Government,2015,Current Dollars,Level,6,"525,074",T10705
T10705,A264RC,11,Government,2016,Current Dollars,Level,6,"532,528",T10705
T10705,A264RC,11,Government,2017,Current Dollars,Level,6,"549,888",T10705
T10705,A264RC,11,Government,2018,Current Dollars,Level,6,"575,302",T10705
T10705,A264RC,11,Government,2019,Current Dollars,Level,6,"597,812",T10705
T10705,A264RC,11,Government,2020,Current Dollars,Level,6,"617,129",T10705
T10705,A264RC,11,Government,2021,Current Dollars,Level,6,"658,932",T10705
T10705,A264RC,11,Government,2022,Current Dollars,Level,6,"728,998",T10705
T10705,A264RC,11,Government,2023,Current Dollars,Level,6,"770,345",T10705
T10705,A264RC,11,Government,2024,Current Dollars,Level,6,"803,792",T10705
T10705,A264RC,11,Government,2025,Current Dollars,Level,6,"849,262",T10705
T10705,A265RC,12,General government,1929,Current Dollars,Level,6,872,T10705
T10705,A265RC,12,General government,1930,Current Dollars,Level,6,864,T10705
T10705,A265RC,12,General government,1931,Current Dollars,Level,6,831,T10705
T10705,A265RC,12,General government,1932,Current Dollars,Level,6,749,T10705
T10705,A265RC,12,General government,1933,Current Dollars,Level,6,834,T10705
T10705,A265RC,12,General government,1934,Current Dollars,Level,6,967,T10705
T10705,A265RC,12,General government,1935,Current Dollars,Level,6,992,T10705
T10705,A265RC,12,General government,1936,Current Dollars,Level,6,"1,105",T10705
T10705,A265RC,12,General government,1937,Current Dollars,Level,6,"1,185",T10705
T10705,A265RC,12,General government,1938,Current Dollars,Level,6,"1,236",T10705
T10705,A265RC,12,General government,1939,Current Dollars,Level,6,"1,282",T10705
T10705,A265RC,12,General government,1940,Current Dollars,Level,6,"1,358",T10705
T10705,A265RC,12,General government,1941,Current Dollars,Level,6,"1,844",T10705
T10705,A265RC,12,General government,1942,Current Dollars,Level,6,"3,373",T10705
T10705,A265RC,12,General government,1943,Current Dollars,Level,6,"6,206",T10705
T10705,A265RC,12,General government,1944,Current Dollars,Level,6,"9,002",T10705
T10705,A265RC,12,General government,1945,Current Dollars,Level,6,"10,297",T10705
T10705,A265RC,12,General government,1946,Current Dollars,Level,6,"11,111",T10705
T10705,A265RC,12,General government,1947,Current Dollars,Level,6,"10,986",T10705
T10705,A265RC,12,General government,1948,Current Dollars,Level,6,"10,044",T10705
T10705,A265RC,12,General government,1949,Current Dollars,Level,6,"9,208",T10705
T10705,A265RC,12,General government,1950,Current Dollars,Level,6,"8,550",T10705
T10705,A265RC,12,General government,1951,Current Dollars,Level,6,"9,391",T10705
T10705,A265RC,12,General government,1952,Current Dollars,Level,6,"10,422",T10705
T10705,A265RC,12,General government,1953,Current Dollars,Level,6,"11,456",T10705
T10705,A265RC,12,General government,1954,Current Dollars,Level,6,"12,304",T10705
T10705,A265RC,12,General government,1955,Current Dollars,Level,6,"13,132",T10705
T10705,A265RC,12,General government,1956,Current Dollars,Level,6,"14,459",T10705
T10705,A265RC,12,General government,1957,Current Dollars,Level,6,"15,724",T10705
T10705,A265RC,12,General government,1958,Current Dollars,Level,6,"16,555",T10705
T10705,A265RC,12,General government,1959,Current Dollars,Level,6,"17,617",T10705
T10705,A265RC,12,General government,1960,Current Dollars,Level,6,"18,622",T10705
T10705,A265RC,12,General government,1961,Current Dollars,Level,6,"19,686",T10705
T10705,A265RC,12,General government,1962,Current Dollars,Level,6,"21,091",T10705
T10705,A265RC,12,General government,1963,Current Dollars,Level,6,"22,565",T10705
T10705,A265RC,12,General government,1964,Current Dollars,Level,6,"23,731",T10705
T10705,A265RC,12,General government,1965,Current Dollars,Level,6,"24,950",T10705
T10705,A265RC,12,General government,1966,Current Dollars,Level,6,"26,513",T10705
T10705,A265RC,12,General government,1967,Current Dollars,Level,6,"28,459",T10705
T10705,A265RC,12,General government,1968,Current Dollars,Level,6,"30,801",T10705
T10705,A265RC,12,General government,1969,Current Dollars,Level,6,"33,268",T10705
T10705,A265RC,12,General government,1970,Current Dollars,Level,6,"36,098",T10705
T10705,A265RC,12,General government,1971,Current Dollars,Level,6,"38,498",T10705
T10705,A265RC,12,General government,1972,Current Dollars,Level,6,"40,404",T10705
T10705,A265RC,12,General government,1973,Current Dollars,Level,6,"43,691",T10705
T10705,A265RC,12,General government,1974,Current Dollars,Level,6,"49,438",T10705
T10705,A265RC,12,General government,1975,Current Dollars,Level,6,"54,619",T10705
T10705,A265RC,12,General government,1976,Current Dollars,Level,6,"58,207",T10705
T10705,A265RC,12,General government,1977,Current Dollars,Level,6,"62,734",T10705
T10705,A265RC,12,General government,1978,Current Dollars,Level,6,"68,488",T10705
T10705,A265RC,12,General government,1979,Current Dollars,Level,6,"75,647",T10705
T10705,A265RC,12,General government,1980,Current Dollars,Level,6,"84,742",T10705
T10705,A265RC,12,General government,1981,Current Dollars,Level,6,"95,367",T10705
T10705,A265RC,12,General government,1982,Current Dollars,Level,6,"105,749",T10705
T10705,A265RC,12,General government,1983,Current Dollars,Level,6,"112,399",T10705
T10705,A265RC,12,General government,1984,Current Dollars,Level,6,"122,811",T10705
T10705,A265RC,12,General government,1985,Current Dollars,Level,6,"130,922",T10705
T10705,A265RC,12,General government,1986,Current Dollars,Level,6,"140,082",T10705
T10705,A265RC,12,General government,1987,Current Dollars,Level,6,"149,572",T10705
T10705,A265RC,12,General government,1988,Current Dollars,Level,6,"161,060",T10705
T10705,A265RC,12,General government,1989,Current Dollars,Level,6,"172,001",T10705
T10705,A265RC,12,General government,1990,Current Dollars,Level,6,"182,302",T10705
T10705,A265RC,12,General government,1991,Current Dollars,Level,6,"192,108",T10705
T10705,A265RC,12,General government,1992,Current Dollars,Level,6,"197,599",T10705
T10705,A265RC,12,General government,1993,Current Dollars,Level,6,"204,235",T10705
T10705,A265RC,12,General government,1994,Current Dollars,Level,6,"210,862",T10705
T10705,A265RC,12,General government,1995,Current Dollars,Level,6,"218,171",T10705
T10705,A265RC,12,General government,1996,Current Dollars,Level,6,"221,599",T10705
T10705,A265RC,12,General government,1997,Current Dollars,Level,6,"225,897",T10705
T10705,A265RC,12,General government,1998,Current Dollars,Level,6,"230,818",T10705
T10705,A265RC,12,General government,1999,Current Dollars,Level,6,"238,336",T10705
T10705,A265RC,12,General government,2000,Current Dollars,Level,6,"249,371",T10705
T10705,A265RC,12,General government,2001,Current Dollars,Level,6,"256,015",T10705
T10705,A265RC,12,General government,2002,Current Dollars,Level,6,"262,940",T10705
T10705,A265RC,12,General government,2003,Current Dollars,Level,6,"272,202",T10705
T10705,A265RC,12,General government,2004,Current Dollars,Level,6,"286,853",T10705
T10705,A265RC,12,General government,2005,Current Dollars,Level,6,"307,022",T10705
T10705,A265RC,12,General government,2006,Current Dollars,Level,6,"327,578",T10705
T10705,A265RC,12,General government,2007,Current Dollars,Level,6,"352,112",T10705
T10705,A265RC,12,General government,2008,Current Dollars,Level,6,"375,744",T10705
T10705,A265RC,12,General government,2009,Current Dollars,Level,6,"389,782",T10705
T10705,A265RC,12,General government,2010,Current Dollars,Level,6,"402,181",T10705
T10705,A265RC,12,General government,2011,Current Dollars,Level,6,"419,319",T10705
T10705,A265RC,12,General government,2012,Current Dollars,Level,6,"432,959",T10705
T10705,A265RC,12,General government,2013,Current Dollars,Level,6,"442,117",T10705
T10705,A265RC,12,General government,2014,Current Dollars,Level,6,"453,106",T10705
T10705,A265RC,12,General government,2015,Current Dollars,Level,6,"457,944",T10705
T10705,A265RC,12,General government,2016,Current Dollars,Level,6,"463,480",T10705
T10705,A265RC,12,General government,2017,Current Dollars,Level,6,"477,781",T10705
T10705,A265RC,12,General government,2018,Current Dollars,Level,6,"499,142",T10705
T10705,A265RC,12,General government,2019,Current Dollars,Level,6,"517,739",T10705
T10705,A265RC,12,General government,2020,Current Dollars,Level,6,"534,579",T10705
T10705,A265RC,12,General government,2021,Current Dollars,Level,6,"569,150",T10705
T10705,A265RC,12,General government,2022,Current Dollars,Level,6,"627,986",T10705
T10705,A265RC,12,General government,2023,Current Dollars,Level,6,"662,844",T10705
T10705,A265RC,12,General government,2024,Current Dollars,Level,6,"691,888",T10705
T10705,A265RC,12,General government,2025,Current Dollars,Level,6,"731,745",T10705
T10705,A266RC,13,Government enterprises,1929,Current Dollars,Level,6,126,T10705
T10705,A266RC,13,Government enterprises,1930,Current Dollars,Level,6,132,T10705
T10705,A266RC,13,Government enterprises,1931,Current Dollars,Level,6,133,T10705
T10705,A266RC,13,Government enterprises,1932,Current Dollars,Level,6,124,T10705
T10705,A266RC,13,Government enterprises,1933,Current Dollars,Level,6,136,T10705
T10705,A266RC,13,Government enterprises,1934,Current Dollars,Level,6,175,T10705
T10705,A266RC,13,Government enterprises,1935,Current Dollars,Level,6,164,T10705
T10705,A266RC,13,Government enterprises,1936,Current Dollars,Level,6,188,T10705
T10705,A266RC,13,Government enterprises,1937,Current Dollars,Level,6,211,T10705
T10705,A266RC,13,Government enterprises,1938,Current Dollars,Level,6,225,T10705
T10705,A266RC,13,Government enterprises,1939,Current Dollars,Level,6,230,T10705
T10705,A266RC,13,Government enterprises,1940,Current Dollars,Level,6,243,T10705
T10705,A266RC,13,Government enterprises,1941,Current Dollars,Level,6,269,T10705
T10705,A266RC,13,Government enterprises,1942,Current Dollars,Level,6,292,T10705
T10705,A266RC,13,Government enterprises,1943,Current Dollars,Level,6,285,T10705
T10705,A266RC,13,Government enterprises,1944,Current Dollars,Level,6,302,T10705
T10705,A266RC,13,Government enterprises,1945,Current Dollars,Level,6,303,T10705
T10705,A266RC,13,Government enterprises,1946,Current Dollars,Level,6,333,T10705
T10705,A266RC,13,Government enterprises,1947,Current Dollars,Level,6,399,T10705
T10705,A266RC,13,Government enterprises,1948,Current Dollars,Level,6,461,T10705
T10705,A266RC,13,Government enterprises,1949,Current Dollars,Level,6,486,T10705
T10705,A266RC,13,Government enterprises,1950,Current Dollars,Level,6,510,T10705
T10705,A266RC,13,Government enterprises,1951,Current Dollars,Level,6,589,T10705
T10705,A266RC,13,Government enterprises,1952,Current Dollars,Level,6,641,T10705
T10705,A266RC,13,Government enterprises,1953,Current Dollars,Level,6,688,T10705
T10705,A266RC,13,Government enterprises,1954,Current Dollars,Level,6,718,T10705
T10705,A266RC,13,Government enterprises,1955,Current Dollars,Level,6,765,T10705
T10705,A266RC,13,Government enterprises,1956,Current Dollars,Level,6,857,T10705
T10705,A266RC,13,Government enterprises,1957,Current Dollars,Level,6,936,T10705
T10705,A266RC,13,Government enterprises,1958,Current Dollars,Level,6,989,T10705
T10705,A266RC,13,Government enterprises,1959,Current Dollars,Level,6,"1,008",T10705
T10705,A266RC,13,Government enterprises,1960,Current Dollars,Level,6,"1,071",T10705
T10705,A266RC,13,Government enterprises,1961,Current Dollars,Level,6,"1,136",T10705
T10705,A266RC,13,Government enterprises,1962,Current Dollars,Level,6,"1,214",T10705
T10705,A266RC,13,Government enterprises,1963,Current Dollars,Level,6,"1,295",T10705
T10705,A266RC,13,Government enterprises,1964,Current Dollars,Level,6,"1,383",T10705
T10705,A266RC,13,Government enterprises,1965,Current Dollars,Level,6,"1,490",T10705
T10705,A266RC,13,Government enterprises,1966,Current Dollars,Level,6,"1,626",T10705
T10705,A266RC,13,Government enterprises,1967,Current Dollars,Level,6,"1,771",T10705
T10705,A266RC,13,Government enterprises,1968,Current Dollars,Level,6,"1,953",T10705
T10705,A266RC,13,Government enterprises,1969,Current Dollars,Level,6,"2,196",T10705
T10705,A266RC,13,Government enterprises,1970,Current Dollars,Level,6,"2,481",T10705
T10705,A266RC,13,Government enterprises,1971,Current Dollars,Level,6,"2,793",T10705
T10705,A266RC,13,Government enterprises,1972,Current Dollars,Level,6,"3,113",T10705
T10705,A266RC,13,Government enterprises,1973,Current Dollars,Level,6,"3,502",T10705
T10705,A266RC,13,Government enterprises,1974,Current Dollars,Level,6,"4,298",T10705
T10705,A266RC,13,Government enterprises,1975,Current Dollars,Level,6,"5,101",T10705
T10705,A266RC,13,Government enterprises,1976,Current Dollars,Level,6,"5,507",T10705
T10705,A266RC,13,Government enterprises,1977,Current Dollars,Level,6,"5,971",T10705
T10705,A266RC,13,Government enterprises,1978,Current Dollars,Level,6,"6,593",T10705
T10705,A266RC,13,Government enterprises,1979,Current Dollars,Level,6,"7,502",T10705
T10705,A266RC,13,Government enterprises,1980,Current Dollars,Level,6,"8,713",T10705
T10705,A266RC,13,Government enterprises,1981,Current Dollars,Level,6,"9,932",T10705
T10705,A266RC,13,Government enterprises,1982,Current Dollars,Level,6,"10,822",T10705
T10705,A266RC,13,Government enterprises,1983,Current Dollars,Level,6,"11,438",T10705
T10705,A266RC,13,Government enterprises,1984,Current Dollars,Level,6,"12,068",T10705
T10705,A266RC,13,Government enterprises,1985,Current Dollars,Level,6,"12,805",T10705
T10705,A266RC,13,Government enterprises,1986,Current Dollars,Level,6,"13,641",T10705
T10705,A266RC,13,Government enterprises,1987,Current Dollars,Level,6,"14,504",T10705
T10705,A266RC,13,Government enterprises,1988,Current Dollars,Level,6,"15,523",T10705
T10705,A266RC,13,Government enterprises,1989,Current Dollars,Level,6,"16,638",T10705
T10705,A266RC,13,Government enterprises,1990,Current Dollars,Level,6,"17,833",T10705
T10705,A266RC,13,Government enterprises,1991,Current Dollars,Level,6,"18,829",T10705
T10705,A266RC,13,Government enterprises,1992,Current Dollars,Level,6,"19,761",T10705
T10705,A266RC,13,Government enterprises,1993,Current Dollars,Level,6,"21,054",T10705
T10705,A266RC,13,Government enterprises,1994,Current Dollars,Level,6,"22,240",T10705
T10705,A266RC,13,Government enterprises,1995,Current Dollars,Level,6,"23,482",T10705
T10705,A266RC,13,Government enterprises,1996,Current Dollars,Level,6,"24,596",T10705
T10705,A266RC,13,Government enterprises,1997,Current Dollars,Level,6,"25,675",T10705
T10705,A266RC,13,Government enterprises,1998,Current Dollars,Level,6,"26,753",T10705
T10705,A266RC,13,Government enterprises,1999,Current Dollars,Level,6,"28,389",T10705
T10705,A266RC,13,Government enterprises,2000,Current Dollars,Level,6,"30,342",T10705
T10705,A266RC,13,Government enterprises,2001,Current Dollars,Level,6,"31,786",T10705
T10705,A266RC,13,Government enterprises,2002,Current Dollars,Level,6,"33,220",T10705
T10705,A266RC,13,Government enterprises,2003,Current Dollars,Level,6,"34,931",T10705
T10705,A266RC,13,Government enterprises,2004,Current Dollars,Level,6,"37,864",T10705
T10705,A266RC,13,Government enterprises,2005,Current Dollars,Level,6,"41,399",T10705
T10705,A266RC,13,Government enterprises,2006,Current Dollars,Level,6,"44,746",T10705
T10705,A266RC,13,Government enterprises,2007,Current Dollars,Level,6,"48,195",T10705
T10705,A266RC,13,Government enterprises,2008,Current Dollars,Level,6,"51,275",T10705
T10705,A266RC,13,Government enterprises,2009,Current Dollars,Level,6,"52,986",T10705
T10705,A266RC,13,Government enterprises,2010,Current Dollars,Level,6,"54,971",T10705
T10705,A266RC,13,Government enterprises,2011,Current Dollars,Level,6,"57,836",T10705
T10705,A266RC,13,Government enterprises,2012,Current Dollars,Level,6,"60,659",T10705
T10705,A266RC,13,Government enterprises,2013,Current Dollars,Level,6,"62,893",T10705
T10705,A266RC,13,Government enterprises,2014,Current Dollars,Level,6,"65,229",T10705
T10705,A266RC,13,Government enterprises,2015,Current Dollars,Level,6,"67,130",T10705
T10705,A266RC,13,Government enterprises,2016,Current Dollars,Level,6,"69,049",T10705
T10705,A266RC,13,Government enterprises,2017,Current Dollars,Level,6,"72,106",T10705
T10705,A266RC,13,Government enterprises,2018,Current Dollars,Level,6,"76,160",T10705
T10705,A266RC,13,Government enterprises,2019,Current Dollars,Level,6,"80,073",T10705
T10705,A266RC,13,Government enterprises,2020,Current Dollars,Level,6,"82,550",T10705
T10705,A266RC,13,Government enterprises,2021,Current Dollars,Level,6,"89,782",T10705
T10705,A266RC,13,Government enterprises,2022,Current Dollars,Level,6,"101,013",T10705
T10705,A266RC,13,Government enterprises,2023,Current Dollars,Level,6,"107,501",T10705
T10705,A266RC,13,Government enterprises,2024,Current Dollars,Level,6,"111,904",T10705
T10705,A266RC,13,Government enterprises,2025,Current Dollars,Level,6,"117,517",T10705
T10705,A027RC,14,Equals: Net national product,1929,Current Dollars,Level,6,"94,914",T10705
T10705,A027RC,14,Equals: Net national product,1930,Current Dollars,Level,6,"82,652",T10705
T10705,A027RC,14,Equals: Net national product,1931,Current Dollars,Level,6,"68,392",T10705
T10705,A027RC,14,Equals: Net national product,1932,Current Dollars,Level,6,"51,548",T10705
T10705,A027RC,14,Equals: Net national product,1933,Current Dollars,Level,6,"49,442",T10705
T10705,A027RC,14,Equals: Net national product,1934,Current Dollars,Level,6,"58,649",T10705
T10705,A027RC,14,Equals: Net national product,1935,Current Dollars,Level,6,"66,102",T10705
T10705,A027RC,14,Equals: Net national product,1936,Current Dollars,Level,6,"76,291",T10705
T10705,A027RC,14,Equals: Net national product,1937,Current Dollars,Level,6,"83,605",T10705
T10705,A027RC,14,Equals: Net national product,1938,Current Dollars,Level,6,"77,689",T10705
T10705,A027RC,14,Equals: Net national product,1939,Current Dollars,Level,6,"83,707",T10705
T10705,A027RC,14,Equals: Net national product,1940,Current Dollars,Level,6,"92,602",T10705
T10705,A027RC,14,Equals: Net national product,1941,Current Dollars,Level,6,"117,663",T10705
T10705,A027RC,14,Equals: Net national product,1942,Current Dollars,Level,6,"151,452",T10705
T10705,A027RC,14,Equals: Net national product,1943,Current Dollars,Level,6,"185,385",T10705
T10705,A027RC,14,Equals: Net national product,1944,Current Dollars,Level,6,"203,430",T10705
T10705,A027RC,14,Equals: Net national product,1945,Current Dollars,Level,6,"205,166",T10705
T10705,A027RC,14,Equals: Net national product,1946,Current Dollars,Level,6,"202,496",T10705
T10705,A027RC,14,Equals: Net national product,1947,Current Dollars,Level,6,"221,606",T10705
T10705,A027RC,14,Equals: Net national product,1948,Current Dollars,Level,6,"244,599",T10705
T10705,A027RC,14,Equals: Net national product,1949,Current Dollars,Level,6,"241,471",T10705
T10705,A027RC,14,Equals: Net national product,1950,Current Dollars,Level,6,"267,873",T10705
T10705,A027RC,14,Equals: Net national product,1951,Current Dollars,Level,6,"311,081",T10705
T10705,A027RC,14,Equals: Net national product,1952,Current Dollars,Level,6,"328,720",T10705
T10705,A027RC,14,Equals: Net national product,1953,Current Dollars,Level,6,"347,629",T10705
T10705,A027RC,14,Equals: Net national product,1954,Current Dollars,Level,6,"346,664",T10705
T10705,A027RC,14,Equals: Net national product,1955,Current Dollars,Level,6,"379,035",T10705
T10705,A027RC,14,Equals: Net national product,1956,Current Dollars,Level,6,"398,022",T10705
T10705,A027RC,14,Equals: Net national product,1957,Current Dollars,Level,6,"418,175",T10705
T10705,A027RC,14,Equals: Net national product,1958,Current Dollars,Level,6,"421,403",T10705
T10705,A027RC,14,Equals: Net national product,1959,Current Dollars,Level,6,"458,970",T10705
T10705,A027RC,14,Equals: Net national product,1960,Current Dollars,Level,6,"477,593",T10705
T10705,A027RC,14,Equals: Net national product,1961,Current Dollars,Level,6,"495,124",T10705
T10705,A027RC,14,Equals: Net national product,1962,Current Dollars,Level,6,"533,916",T10705
T10705,A027RC,14,Equals: Net national product,1963,Current Dollars,Level,6,"563,909",T10705
T10705,A027RC,14,Equals: Net national product,1964,Current Dollars,Level,6,"606,990",T10705
T10705,A027RC,14,Equals: Net national product,1965,Current Dollars,Level,6,"659,560",T10705
T10705,A027RC,14,Equals: Net national product,1966,Current Dollars,Level,6,"723,173",T10705
T10705,A027RC,14,Equals: Net national product,1967,Current Dollars,Level,6,"761,795",T10705
T10705,A027RC,14,Equals: Net national product,1968,Current Dollars,Level,6,"833,379",T10705
T10705,A027RC,14,Equals: Net national product,1969,Current Dollars,Level,6,"898,834",T10705
T10705,A027RC,14,Equals: Net national product,1970,Current Dollars,Level,6,"942,857",T10705
T10705,A027RC,14,Equals: Net national product,1971,Current Dollars,Level,6,"1,023,519",T10705
T10705,A027RC,14,Equals: Net national product,1972,Current Dollars,Level,6,"1,126,658",T10705
T10705,A027RC,14,Equals: Net national product,1973,Current Dollars,Level,6,"1,259,309",T10705
T10705,A027RC,14,Equals: Net national product,1974,Current Dollars,Level,6,"1,353,869",T10705
T10705,A027RC,14,Equals: Net national product,1975,Current Dollars,Level,6,"1,459,398",T10705
T10705,A027RC,14,Equals: Net national product,1976,Current Dollars,Level,6,"1,630,032",T10705
T10705,A027RC,14,Equals: Net national product,1977,Current Dollars,Level,6,"1,812,286",T10705
T10705,A027RC,14,Equals: Net national product,1978,Current Dollars,Level,6,"2,045,984",T10705
T10705,A027RC,14,Equals: Net national product,1979,Current Dollars,Level,6,"2,285,382",T10705
T10705,A027RC,14,Equals: Net national product,1980,Current Dollars,Level,6,"2,463,061",T10705
T10705,A027RC,14,Equals: Net national product,1981,Current Dollars,Level,6,"2,752,745",T10705
T10705,A027RC,14,Equals: Net national product,1982,Current Dollars,Level,6,"2,843,336",T10705
T10705,A027RC,14,Equals: Net national product,1983,Current Dollars,Level,6,"3,108,498",T10705
T10705,A027RC,14,Equals: Net national product,1984,Current Dollars,Level,6,"3,475,508",T10705
T10705,A027RC,14,Equals: Net national product,1985,Current Dollars,Level,6,"3,724,206",T10705
T10705,A027RC,14,Equals: Net national product,1986,Current Dollars,Level,6,"3,911,292",T10705
T10705,A027RC,14,Equals: Net national product,1987,Current Dollars,Level,6,"4,142,318",T10705
T10705,A027RC,14,Equals: Net national product,1988,Current Dollars,Level,6,"4,474,599",T10705
T10705,A027RC,14,Equals: Net national product,1989,Current Dollars,Level,6,"4,828,110",T10705
T10705,A027RC,14,Equals: Net national product,1990,Current Dollars,Level,6,"5,109,304",T10705
T10705,A027RC,14,Equals: Net national product,1991,Current Dollars,Level,6,"5,257,323",T10705
T10705,A027RC,14,Equals: Net national product,1992,Current Dollars,Level,6,"5,591,157",T10705
T10705,A027RC,14,Equals: Net national product,1993,Current Dollars,Level,6,"5,886,219",T10705
T10705,A027RC,14,Equals: Net national product,1994,Current Dollars,Level,6,"6,254,593",T10705
T10705,A027RC,14,Equals: Net national product,1995,Current Dollars,Level,6,"6,545,320",T10705
T10705,A027RC,14,Equals: Net national product,1996,Current Dollars,Level,6,"6,928,685",T10705
T10705,A027RC,14,Equals: Net national product,1997,Current Dollars,Level,6,"7,361,528",T10705
T10705,A027RC,14,Equals: Net national product,1998,Current Dollars,Level,6,"7,770,491",T10705
T10705,A027RC,14,Equals: Net national product,1999,Current Dollars,Level,6,"8,263,142",T10705
T10705,A027RC,14,Equals: Net national product,2000,Current Dollars,Level,6,"8,778,207",T10705
T10705,A027RC,14,Equals: Net national product,2001,Current Dollars,Level,6,"9,032,782",T10705
T10705,A027RC,14,Equals: Net national product,2002,Current Dollars,Level,6,"9,316,918",T10705
T10705,A027RC,14,Equals: Net national product,2003,Current Dollars,Level,6,"9,795,847",T10705
T10705,A027RC,14,Equals: Net national product,2004,Current Dollars,Level,6,"10,472,068",T10705
T10705,A027RC,14,Equals: Net national product,2005,Current Dollars,Level,6,"11,142,944",T10705
T10705,A027RC,14,Equals: Net national product,2006,Current Dollars,Level,6,"11,737,873",T10705
T10705,A027RC,14,Equals: Net national product,2007,Current Dollars,Level,6,"12,317,140",T10705
T10705,A027RC,14,Equals: Net national product,2008,Current Dollars,Level,6,"12,556,108",T10705
T10705,A027RC,14,Equals: Net national product,2009,Current Dollars,Level,6,"12,257,032",T10705
T10705,A027RC,14,Equals: Net national product,2010,Current Dollars,Level,6,"12,864,213",T10705
T10705,A027RC,14,Equals: Net national product,2011,Current Dollars,Level,6,"13,363,296",T10705
T10705,A027RC,14,Equals: Net national product,2012,Current Dollars,Level,6,"13,911,112",T10705
T10705,A027RC,14,Equals: Net national product,2013,Current Dollars,Level,6,"14,429,318",T10705
T10705,A027RC,14,Equals: Net national product,2014,Current Dollars,Level,6,"15,023,611",T10705
T10705,A027RC,14,Equals: Net national product,2015,Current Dollars,Level,6,"15,592,209",T10705
T10705,A027RC,14,Equals: Net national product,2016,Current Dollars,Level,6,"16,028,169",T10705
T10705,A027RC,14,Equals: Net national product,2017,Current Dollars,Level,6,"16,756,099",T10705
T10705,A027RC,14,Equals: Net national product,2018,Current Dollars,Level,6,"17,634,220",T10705
T10705,A027RC,14,Equals: Net national product,2019,Current Dollars,Level,6,"18,344,361",T10705
T10705,A027RC,14,Equals: Net national product,2020,Current Dollars,Level,6,"17,964,029",T10705
T10705,A027RC,14,Equals: Net national product,2021,Current Dollars,Level,6,"20,005,697",T10705
T10705,A027RC,14,Equals: Net national product,2022,Current Dollars,Level,6,"21,899,270",T10705
T10705,A027RC,14,Equals: Net national product,2023,Current Dollars,Level,6,"23,326,454",T10705
T10705,A027RC,14,Equals: Net national product,2024,Current Dollars,Level,6,"24,493,041",T10705
T10705,A030RC,15,Less: Statistical discrepancy,1929,Current Dollars,Level,6,735,T10705
T10705,A030RC,15,Less: Statistical discrepancy,1930,Current Dollars,Level,6,-446,T10705
T10705,A030RC,15,Less: Statistical discrepancy,1931,Current Dollars,Level,6,737,T10705
T10705,A030RC,15,Less: Statistical discrepancy,1932,Current Dollars,Level,6,273,T10705
T10705,A030RC,15,Less: Statistical discrepancy,1933,Current Dollars,Level,6,518,T10705
T10705,A030RC,15,Less: Statistical discrepancy,1934,Current Dollars,Level,6,373,T10705
T10705,A030RC,15,Less: Statistical discrepancy,1935,Current Dollars,Level,6,-231,T10705
T10705,A030RC,15,Less: Statistical discrepancy,1936,Current Dollars,Level,6,"1,182",T10705
T10705,A030RC,15,Less: Statistical discrepancy,1937,Current Dollars,Level,6,-45,T10705
T10705,A030RC,15,Less: Statistical discrepancy,1938,Current Dollars,Level,6,681,T10705
T10705,A030RC,15,Less: Statistical discrepancy,1939,Current Dollars,Level,6,"1,289",T10705
T10705,A030RC,15,Less: Statistical discrepancy,1940,Current Dollars,Level,6,"1,065",T10705
T10705,A030RC,15,Less: Statistical discrepancy,1941,Current Dollars,Level,6,318,T10705
T10705,A030RC,15,Less: Statistical discrepancy,1942,Current Dollars,Level,6,-907,T10705
T10705,A030RC,15,Less: Statistical discrepancy,1943,Current Dollars,Level,6,"-1,825",T10705
T10705,A030RC,15,Less: Statistical discrepancy,1944,Current Dollars,Level,6,"2,533",T10705
T10705,A030RC,15,Less: Statistical discrepancy,1945,Current Dollars,Level,6,"3,832",T10705
T10705,A030RC,15,Less: Statistical discrepancy,1946,Current Dollars,Level,6,"1,231",T10705
T10705,A030RC,15,Less: Statistical discrepancy,1947,Current Dollars,Level,6,"2,864",T10705
T10705,A030RC,15,Less: Statistical discrepancy,1948,Current Dollars,Level,6,-250,T10705
T10705,A030RC,15,Less: Statistical discrepancy,1949,Current Dollars,Level,6,"1,743",T10705
T10705,A030RC,15,Less: Statistical discrepancy,1950,Current Dollars,Level,6,"1,262",T10705
T10705,A030RC,15,Less: Statistical discrepancy,1951,Current Dollars,Level,6,"3,447",T10705
T10705,A030RC,15,Less: Statistical discrepancy,1952,Current Dollars,Level,6,"2,604",T10705
T10705,A030RC,15,Less: Statistical discrepancy,1953,Current Dollars,Level,6,"3,792",T10705
T10705,A030RC,15,Less: Statistical discrepancy,1954,Current Dollars,Level,6,"2,909",T10705
T10705,A030RC,15,Less: Statistical discrepancy,1955,Current Dollars,Level,6,"2,130",T10705
T10705,A030RC,15,Less: Statistical discrepancy,1956,Current Dollars,Level,6,"-2,033",T10705
T10705,A030RC,15,Less: Statistical discrepancy,1957,Current Dollars,Level,6,-357,T10705
T10705,A030RC,15,Less: Statistical discrepancy,1958,Current Dollars,Level,6,645,T10705
T10705,A030RC,15,Less: Statistical discrepancy,1959,Current Dollars,Level,6,200,T10705
T10705,A030RC,15,Less: Statistical discrepancy,1960,Current Dollars,Level,6,"-1,309",T10705
T10705,A030RC,15,Less: Statistical discrepancy,1961,Current Dollars,Level,6,-915,T10705
T10705,A030RC,15,Less: Statistical discrepancy,1962,Current Dollars,Level,6,-29,T10705
T10705,A030RC,15,Less: Statistical discrepancy,1963,Current Dollars,Level,6,"-1,467",T10705
T10705,A030RC,15,Less: Statistical discrepancy,1964,Current Dollars,Level,6,-50,T10705
T10705,A030RC,15,Less: Statistical discrepancy,1965,Current Dollars,Level,6,743,T10705
T10705,A030RC,15,Less: Statistical discrepancy,1966,Current Dollars,Level,6,"5,081",T10705
T10705,A030RC,15,Less: Statistical discrepancy,1967,Current Dollars,Level,6,"3,358",T10705
T10705,A030RC,15,Less: Statistical discrepancy,1968,Current Dollars,Level,6,"3,133",T10705
T10705,A030RC,15,Less: Statistical discrepancy,1969,Current Dollars,Level,6,"1,583",T10705
T10705,A030RC,15,Less: Statistical discrepancy,1970,Current Dollars,Level,6,"5,338",T10705
T10705,A030RC,15,Less: Statistical discrepancy,1971,Current Dollars,Level,6,"9,517",T10705
T10705,A030RC,15,Less: Statistical discrepancy,1972,Current Dollars,Level,6,"7,167",T10705
T10705,A030RC,15,Less: Statistical discrepancy,1973,Current Dollars,Level,6,"6,144",T10705
T10705,A030RC,15,Less: Statistical discrepancy,1974,Current Dollars,Level,6,"7,450",T10705
T10705,A030RC,15,Less: Statistical discrepancy,1975,Current Dollars,Level,6,"13,343",T10705
T10705,A030RC,15,Less: Statistical discrepancy,1976,Current Dollars,Level,6,"20,655",T10705
T10705,A030RC,15,Less: Statistical discrepancy,1977,Current Dollars,Level,6,"19,448",T10705
T10705,A030RC,15,Less: Statistical discrepancy,1978,Current Dollars,Level,6,"23,325",T10705
T10705,A030RC,15,Less: Statistical discrepancy,1979,Current Dollars,Level,6,"45,003",T10705
T10705,A030RC,15,Less: Statistical discrepancy,1980,Current Dollars,Level,6,"44,270",T10705
T10705,A030RC,15,Less: Statistical discrepancy,1981,Current Dollars,Level,6,"37,700",T10705
T10705,A030RC,15,Less: Statistical discrepancy,1982,Current Dollars,Level,6,"8,648",T10705
T10705,A030RC,15,Less: Statistical discrepancy,1983,Current Dollars,Level,6,"56,850",T10705
T10705,A030RC,15,Less: Statistical discrepancy,1984,Current Dollars,Level,6,"41,423",T10705
T10705,A030RC,15,Less: Statistical discrepancy,1985,Current Dollars,Level,6,"54,072",T10705
T10705,A030RC,15,Less: Statistical discrepancy,1986,Current Dollars,Level,6,"79,848",T10705
T10705,A030RC,15,Less: Statistical discrepancy,1987,Current Dollars,Level,6,"43,605",T10705
T10705,A030RC,15,Less: Statistical discrepancy,1988,Current Dollars,Level,6,"2,823",T10705
T10705,A030RC,15,Less: Statistical discrepancy,1989,Current Dollars,Level,6,"67,828",T10705
T10705,A030RC,15,Less: Statistical discrepancy,1990,Current Dollars,Level,6,"95,355",T10705
T10705,A030RC,15,Less: Statistical discrepancy,1991,Current Dollars,Level,6,"92,712",T10705
T10705,A030RC,15,Less: Statistical discrepancy,1992,Current Dollars,Level,6,"115,510",T10705
T10705,A030RC,15,Less: Statistical discrepancy,1993,Current Dollars,Level,6,"155,430",T10705
T10705,A030RC,15,Less: Statistical discrepancy,1994,Current Dollars,Level,6,"139,247",T10705
T10705,A030RC,15,Less: Statistical discrepancy,1995,Current Dollars,Level,6,"92,156",T10705
T10705,A030RC,15,Less: Statistical discrepancy,1996,Current Dollars,Level,6,"57,027",T10705
T10705,A030RC,15,Less: Statistical discrepancy,1997,Current Dollars,Level,6,"10,255",T10705
T10705,A030RC,15,Less: Statistical discrepancy,1998,Current Dollars,Level,6,"-56,401",T10705
T10705,A030RC,15,Less: Statistical discrepancy,1999,Current Dollars,Level,6,"-29,316",T10705
T10705,A030RC,15,Less: Statistical discrepancy,2000,Current Dollars,Level,6,"-95,765",T10705
T10705,A030RC,15,Less: Statistical discrepancy,2001,Current Dollars,Level,6,"-116,730",T10705
T10705,A030RC,15,Less: Statistical discrepancy,2002,Current Dollars,Level,6,"-81,670",T10705
T10705,A030RC,15,Less: Statistical discrepancy,2003,Current Dollars,Level,6,"-24,194",T10705
T10705,A030RC,15,Less: Statistical discrepancy,2004,Current Dollars,Level,6,"-28,099",T10705
T10705,A030RC,15,Less: Statistical discrepancy,2005,Current Dollars,Level,6,"-56,997",T10705
T10705,A030RC,15,Less: Statistical discrepancy,2006,Current Dollars,Level,6,"-209,792",T10705
T10705,A030RC,15,Less: Statistical discrepancy,2007,Current Dollars,Level,6,"12,294",T10705
T10705,A030RC,15,Less: Statistical discrepancy,2008,Current Dollars,Level,6,"191,195",T10705
T10705,A030RC,15,Less: Statistical discrepancy,2009,Current Dollars,Level,6,"191,720",T10705
T10705,A030RC,15,Less: Statistical discrepancy,2010,Current Dollars,Level,6,"69,445",T10705
T10705,A030RC,15,Less: Statistical discrepancy,2011,Current Dollars,Level,6,"-24,295",T10705
T10705,A030RC,15,Less: Statistical discrepancy,2012,Current Dollars,Level,6,"-153,641",T10705
T10705,A030RC,15,Less: Statistical discrepancy,2013,Current Dollars,Level,6,"-29,787",T10705
T10705,A030RC,15,Less: Statistical discrepancy,2014,Current Dollars,Level,6,"-140,940",T10705
T10705,A030RC,15,Less: Statistical discrepancy,2015,Current Dollars,Level,6,"-92,973",T10705
T10705,A030RC,15,Less: Statistical discrepancy,2016,Current Dollars,Level,6,"52,909",T10705
T10705,A030RC,15,Less: Statistical discrepancy,2017,Current Dollars,Level,6,"67,902",T10705
T10705,A030RC,15,Less: Statistical discrepancy,2018,Current Dollars,Level,6,"63,440",T10705
T10705,A030RC,15,Less: Statistical discrepancy,2019,Current Dollars,Level,6,"57,039",T10705
T10705,A030RC,15,Less: Statistical discrepancy,2020,Current Dollars,Level,6,"120,586",T10705
T10705,A030RC,15,Less: Statistical discrepancy,2021,Current Dollars,Level,6,"37,828",T10705
T10705,A030RC,15,Less: Statistical discrepancy,2022,Current Dollars,Level,6,-397,T10705
T10705,A030RC,15,Less: Statistical discrepancy,2023,Current Dollars,Level,6,"325,854",T10705
T10705,A030RC,15,Less: Statistical discrepancy,2024,Current Dollars,Level,6,"296,298",T10705
T10705,A032RC,16,Equals: National income,1929,Current Dollars,Level,6,"94,181",T10705
T10705,A032RC,16,Equals: National income,1930,Current Dollars,Level,6,"83,100",T10705
T10705,A032RC,16,Equals: National income,1931,Current Dollars,Level,6,"67,655",T10705
T10705,A032RC,16,Equals: National income,1932,Current Dollars,Level,6,"51,275",T10705
T10705,A032RC,16,Equals: National income,1933,Current Dollars,Level,6,"48,925",T10705
T10705,A032RC,16,Equals: National income,1934,Current Dollars,Level,6,"58,277",T10705
T10705,A032RC,16,Equals: National income,1935,Current Dollars,Level,6,"66,332",T10705
T10705,A032RC,16,Equals: National income,1936,Current Dollars,Level,6,"75,109",T10705
T10705,A032RC,16,Equals: National income,1937,Current Dollars,Level,6,"83,651",T10705
T10705,A032RC,16,Equals: National income,1938,Current Dollars,Level,6,"77,008",T10705
T10705,A032RC,16,Equals: National income,1939,Current Dollars,Level,6,"82,415",T10705
T10705,A032RC,16,Equals: National income,1940,Current Dollars,Level,6,"91,537",T10705
T10705,A032RC,16,Equals: National income,1941,Current Dollars,Level,6,"117,344",T10705
T10705,A032RC,16,Equals: National income,1942,Current Dollars,Level,6,"152,361",T10705
T10705,A032RC,16,Equals: National income,1943,Current Dollars,Level,6,"187,210",T10705
T10705,A032RC,16,Equals: National income,1944,Current Dollars,Level,6,"200,896",T10705
T10705,A032RC,16,Equals: National income,1945,Current Dollars,Level,6,"201,333",T10705
T10705,A032RC,16,Equals: National income,1946,Current Dollars,Level,6,"201,264",T10705
T10705,A032RC,16,Equals: National income,1947,Current Dollars,Level,6,"218,743",T10705
T10705,A032RC,16,Equals: National income,1948,Current Dollars,Level,6,"244,848",T10705
T10705,A032RC,16,Equals: National income,1949,Current Dollars,Level,6,"239,726",T10705
T10705,A032RC,16,Equals: National income,1950,Current Dollars,Level,6,"266,611",T10705
T10705,A032RC,16,Equals: National income,1951,Current Dollars,Level,6,"307,635",T10705
T10705,A032RC,16,Equals: National income,1952,Current Dollars,Level,6,"326,118",T10705
T10705,A032RC,16,Equals: National income,1953,Current Dollars,Level,6,"343,835",T10705
T10705,A032RC,16,Equals: National income,1954,Current Dollars,Level,6,"343,755",T10705
T10705,A032RC,16,Equals: National income,1955,Current Dollars,Level,6,"376,907",T10705
T10705,A032RC,16,Equals: National income,1956,Current Dollars,Level,6,"400,057",T10705
T10705,A032RC,16,Equals: National income,1957,Current Dollars,Level,6,"418,532",T10705
T10705,A032RC,16,Equals: National income,1958,Current Dollars,Level,6,"420,757",T10705
T10705,A032RC,16,Equals: National income,1959,Current Dollars,Level,6,"458,772",T10705
T10705,A032RC,16,Equals: National income,1960,Current Dollars,Level,6,"478,901",T10705
T10705,A032RC,16,Equals: National income,1961,Current Dollars,Level,6,"496,038",T10705
T10705,A032RC,16,Equals: National income,1962,Current Dollars,Level,6,"533,951",T10705
T10705,A032RC,16,Equals: National income,1963,Current Dollars,Level,6,"565,376",T10705
T10705,A032RC,16,Equals: National income,1964,Current Dollars,Level,6,"607,041",T10705
T10705,A032RC,16,Equals: National income,1965,Current Dollars,Level,6,"658,819",T10705
T10705,A032RC,16,Equals: National income,1966,Current Dollars,Level,6,"718,094",T10705
T10705,A032RC,16,Equals: National income,1967,Current Dollars,Level,6,"758,437",T10705
T10705,A032RC,16,Equals: National income,1968,Current Dollars,Level,6,"830,246",T10705
T10705,A032RC,16,Equals: National income,1969,Current Dollars,Level,6,"897,250",T10705
T10705,A032RC,16,Equals: National income,1970,Current Dollars,Level,6,"937,521",T10705
T10705,A032RC,16,Equals: National income,1971,Current Dollars,Level,6,"1,014,002",T10705
T10705,A032RC,16,Equals: National income,1972,Current Dollars,Level,6,"1,119,498",T10705
T10705,A032RC,16,Equals: National income,1973,Current Dollars,Level,6,"1,253,166",T10705
T10705,A032RC,16,Equals: National income,1974,Current Dollars,Level,6,"1,346,406",T10705
T10705,A032RC,16,Equals: National income,1975,Current Dollars,Level,6,"1,446,042",T10705
T10705,A032RC,16,Equals: National income,1976,Current Dollars,Level,6,"1,609,374",T10705
T10705,A032RC,16,Equals: National income,1977,Current Dollars,Level,6,"1,792,840",T10705
T10705,A032RC,16,Equals: National income,1978,Current Dollars,Level,6,"2,022,661",T10705
T10705,A032RC,16,Equals: National income,1979,Current Dollars,Level,6,"2,240,379",T10705
T10705,A032RC,16,Equals: National income,1980,Current Dollars,Level,6,"2,418,790",T10705
T10705,A032RC,16,Equals: National income,1981,Current Dollars,Level,6,"2,715,045",T10705
T10705,A032RC,16,Equals: National income,1982,Current Dollars,Level,6,"2,834,688",T10705
T10705,A032RC,16,Equals: National income,1983,Current Dollars,Level,6,"3,051,648",T10705
T10705,A032RC,16,Equals: National income,1984,Current Dollars,Level,6,"3,434,085",T10705
T10705,A032RC,16,Equals: National income,1985,Current Dollars,Level,6,"3,670,134",T10705
T10705,A032RC,16,Equals: National income,1986,Current Dollars,Level,6,"3,831,445",T10705
T10705,A032RC,16,Equals: National income,1987,Current Dollars,Level,6,"4,098,711",T10705
T10705,A032RC,16,Equals: National income,1988,Current Dollars,Level,6,"4,471,776",T10705
T10705,A032RC,16,Equals: National income,1989,Current Dollars,Level,6,"4,760,285",T10705
T10705,A032RC,16,Equals: National income,1990,Current Dollars,Level,6,"5,013,951",T10705
T10705,A032RC,16,Equals: National income,1991,Current Dollars,Level,6,"5,164,615",T10705
T10705,A032RC,16,Equals: National income,1992,Current Dollars,Level,6,"5,475,648",T10705
T10705,A032RC,16,Equals: National income,1993,Current Dollars,Level,6,"5,730,790",T10705
T10705,A032RC,16,Equals: National income,1994,Current Dollars,Level,6,"6,115,349",T10705
T10705,A032RC,16,Equals: National income,1995,Current Dollars,Level,6,"6,453,161",T10705
T10705,A032RC,16,Equals: National income,1996,Current Dollars,Level,6,"6,871,653",T10705
T10705,A032RC,16,Equals: National income,1997,Current Dollars,Level,6,"7,351,272",T10705
T10705,A032RC,16,Equals: National income,1998,Current Dollars,Level,6,"7,826,886",T10705
T10705,A032RC,16,Equals: National income,1999,Current Dollars,Level,6,"8,292,456",T10705
T10705,A032RC,16,Equals: National income,2000,Current Dollars,Level,6,"8,873,970",T10705
T10705,A032RC,16,Equals: National income,2001,Current Dollars,Level,6,"9,149,514",T10705
T10705,A032RC,16,Equals: National income,2002,Current Dollars,Level,6,"9,398,590",T10705
T10705,A032RC,16,Equals: National income,2003,Current Dollars,Level,6,"9,820,043",T10705
T10705,A032RC,16,Equals: National income,2004,Current Dollars,Level,6,"10,500,170",T10705
T10705,A032RC,16,Equals: National income,2005,Current Dollars,Level,6,"11,199,942",T10705
T10705,A032RC,16,Equals: National income,2006,Current Dollars,Level,6,"11,947,670",T10705
T10705,A032RC,16,Equals: National income,2007,Current Dollars,Level,6,"12,304,846",T10705
T10705,A032RC,16,Equals: National income,2008,Current Dollars,Level,6,"12,364,913",T10705
T10705,A032RC,16,Equals: National income,2009,Current Dollars,Level,6,"12,065,313",T10705
T10705,A032RC,16,Equals: National income,2010,Current Dollars,Level,6,"12,794,770",T10705
T10705,A032RC,16,Equals: National income,2011,Current Dollars,Level,6,"13,387,590",T10705
T10705,A032RC,16,Equals: National income,2012,Current Dollars,Level,6,"14,064,753",T10705
T10705,A032RC,16,Equals: National income,2013,Current Dollars,Level,6,"14,459,105",T10705
T10705,A032RC,16,Equals: National income,2014,Current Dollars,Level,6,"15,164,552",T10705
T10705,A032RC,16,Equals: National income,2015,Current Dollars,Level,6,"15,685,200",T10705
T10705,A032RC,16,Equals: National income,2016,Current Dollars,Level,6,"15,975,260",T10705
T10705,A032RC,16,Equals: National income,2017,Current Dollars,Level,6,"16,688,196",T10705
T10705,A032RC,16,Equals: National income,2018,Current Dollars,Level,6,"17,570,780",T10705
T10705,A032RC,16,Equals: National income,2019,Current Dollars,Level,6,"18,287,322",T10705
T10705,A032RC,16,Equals: National income,2020,Current Dollars,Level,6,"17,843,443",T10705
T10705,A032RC,16,Equals: National income,2021,Current Dollars,Level,6,"19,967,869",T10705
T10705,A032RC,16,Equals: National income,2022,Current Dollars,Level,6,"21,899,667",T10705
T10705,A032RC,16,Equals: National income,2023,Current Dollars,Level,6,"23,000,599",T10705
T10705,A032RC,16,Equals: National income,2024,Current Dollars,Level,6,"24,196,743",T10705
T10705,A051RC,17,Corporate profits with inventory valuation and capital consumption adjustments,1929,Current Dollars,Level,6,"10,833",T10705
T10705,A051RC,17,Corporate profits with inventory valuation and capital consumption adjustments,1930,Current Dollars,Level,6,"7,498",T10705
T10705,A051RC,17,Corporate profits with inventory valuation and capital consumption adjustments,1931,Current Dollars,Level,6,"2,951",T10705
T10705,A051RC,17,Corporate profits with inventory valuation and capital consumption adjustments,1932,Current Dollars,Level,6,-190,T10705
T10705,A051RC,17,Corporate profits with inventory valuation and capital consumption adjustments,1933,Current Dollars,Level,6,-175,T10705
T10705,A051RC,17,Corporate profits with inventory valuation and capital consumption adjustments,1934,Current Dollars,Level,6,"2,517",T10705
T10705,A051RC,17,Corporate profits with inventory valuation and capital consumption adjustments,1935,Current Dollars,Level,6,"4,018",T10705
T10705,A051RC,17,Corporate profits with inventory valuation and capital consumption adjustments,1936,Current Dollars,Level,6,"6,230",T10705
T10705,A051RC,17,Corporate profits with inventory valuation and capital consumption adjustments,1937,Current Dollars,Level,6,"7,052",T10705
T10705,A051RC,17,Corporate profits with inventory valuation and capital consumption adjustments,1938,Current Dollars,Level,6,"5,008",T10705
T10705,A051RC,17,Corporate profits with inventory valuation and capital consumption adjustments,1939,Current Dollars,Level,6,"6,592",T10705
T10705,A051RC,17,Corporate profits with inventory valuation and capital consumption adjustments,1940,Current Dollars,Level,6,"9,872",T10705
T10705,A051RC,17,Corporate profits with inventory valuation and capital consumption adjustments,1941,Current Dollars,Level,6,"15,693",T10705
T10705,A051RC,17,Corporate profits with inventory valuation and capital consumption adjustments,1942,Current Dollars,Level,6,"20,789",T10705
T10705,A051RC,17,Corporate profits with inventory valuation and capital consumption adjustments,1943,Current Dollars,Level,6,"24,900",T10705
T10705,A051RC,17,Corporate profits with inventory valuation and capital consumption adjustments,1944,Current Dollars,Level,6,"24,972",T10705
T10705,A051RC,17,Corporate profits with inventory valuation and capital consumption adjustments,1945,Current Dollars,Level,6,"20,452",T10705
T10705,A051RC,17,Corporate profits with inventory valuation and capital consumption adjustments,1946,Current Dollars,Level,6,"18,243",T10705
T10705,A051RC,17,Corporate profits with inventory valuation and capital consumption adjustments,1947,Current Dollars,Level,6,"24,164",T10705
T10705,A051RC,17,Corporate profits with inventory valuation and capital consumption adjustments,1948,Current Dollars,Level,6,"31,393",T10705
T10705,A051RC,17,Corporate profits with inventory valuation and capital consumption adjustments,1949,Current Dollars,Level,6,"29,058",T10705
T10705,A051RC,17,Corporate profits with inventory valuation and capital consumption adjustments,1950,Current Dollars,Level,6,"36,059",T10705
T10705,A051RC,17,Corporate profits with inventory valuation and capital consumption adjustments,1951,Current Dollars,Level,6,"41,198",T10705
T10705,A051RC,17,Corporate profits with inventory valuation and capital consumption adjustments,1952,Current Dollars,Level,6,"39,665",T10705
T10705,A051RC,17,Corporate profits with inventory valuation and capital consumption adjustments,1953,Current Dollars,Level,6,"40,294",T10705
T10705,A051RC,17,Corporate profits with inventory valuation and capital consumption adjustments,1954,Current Dollars,Level,6,"39,460",T10705
T10705,A051RC,17,Corporate profits with inventory valuation and capital consumption adjustments,1955,Current Dollars,Level,6,"50,168",T10705
T10705,A051RC,17,Corporate profits with inventory valuation and capital consumption adjustments,1956,Current Dollars,Level,6,"49,646",T10705
T10705,A051RC,17,Corporate profits with inventory valuation and capital consumption adjustments,1957,Current Dollars,Level,6,"49,140",T10705
T10705,A051RC,17,Corporate profits with inventory valuation and capital consumption adjustments,1958,Current Dollars,Level,6,"43,857",T10705
T10705,A051RC,17,Corporate profits with inventory valuation and capital consumption adjustments,1959,Current Dollars,Level,6,"55,514",T10705
T10705,A051RC,17,Corporate profits with inventory valuation and capital consumption adjustments,1960,Current Dollars,Level,6,"54,680",T10705
T10705,A051RC,17,Corporate profits with inventory valuation and capital consumption adjustments,1961,Current Dollars,Level,6,"55,945",T10705
T10705,A051RC,17,Corporate profits with inventory valuation and capital consumption adjustments,1962,Current Dollars,Level,6,"64,043",T10705
T10705,A051RC,17,Corporate profits with inventory valuation and capital consumption adjustments,1963,Current Dollars,Level,6,"70,508",T10705
T10705,A051RC,17,Corporate profits with inventory valuation and capital consumption adjustments,1964,Current Dollars,Level,6,"77,708",T10705
T10705,A051RC,17,Corporate profits with inventory valuation and capital consumption adjustments,1965,Current Dollars,Level,6,"89,289",T10705
T10705,A051RC,17,Corporate profits with inventory valuation and capital consumption adjustments,1966,Current Dollars,Level,6,"96,122",T10705
T10705,A051RC,17,Corporate profits with inventory valuation and capital consumption adjustments,1967,Current Dollars,Level,6,"93,866",T10705
T10705,A051RC,17,Corporate profits with inventory valuation and capital consumption adjustments,1968,Current Dollars,Level,6,"101,747",T10705
T10705,A051RC,17,Corporate profits with inventory valuation and capital consumption adjustments,1969,Current Dollars,Level,6,"98,416",T10705
T10705,A051RC,17,Corporate profits with inventory valuation and capital consumption adjustments,1970,Current Dollars,Level,6,"86,244",T10705
T10705,A051RC,17,Corporate profits with inventory valuation and capital consumption adjustments,1971,Current Dollars,Level,6,"100,647",T10705
T10705,A051RC,17,Corporate profits with inventory valuation and capital consumption adjustments,1972,Current Dollars,Level,6,"117,212",T10705
T10705,A051RC,17,Corporate profits with inventory valuation and capital consumption adjustments,1973,Current Dollars,Level,6,"133,390",T10705
T10705,A051RC,17,Corporate profits with inventory valuation and capital consumption adjustments,1974,Current Dollars,Level,6,"125,705",T10705
T10705,A051RC,17,Corporate profits with inventory valuation and capital consumption adjustments,1975,Current Dollars,Level,6,"138,859",T10705
T10705,A051RC,17,Corporate profits with inventory valuation and capital consumption adjustments,1976,Current Dollars,Level,6,"174,338",T10705
T10705,A051RC,17,Corporate profits with inventory valuation and capital consumption adjustments,1977,Current Dollars,Level,6,"205,783",T10705
T10705,A051RC,17,Corporate profits with inventory valuation and capital consumption adjustments,1978,Current Dollars,Level,6,"238,569",T10705
T10705,A051RC,17,Corporate profits with inventory valuation and capital consumption adjustments,1979,Current Dollars,Level,6,"249,216",T10705
T10705,A051RC,17,Corporate profits with inventory valuation and capital consumption adjustments,1980,Current Dollars,Level,6,"223,126",T10705
T10705,A051RC,17,Corporate profits with inventory valuation and capital consumption adjustments,1981,Current Dollars,Level,6,"245,894",T10705
T10705,A051RC,17,Corporate profits with inventory valuation and capital consumption adjustments,1982,Current Dollars,Level,6,"227,756",T10705
T10705,A051RC,17,Corporate profits with inventory valuation and capital consumption adjustments,1983,Current Dollars,Level,6,"277,903",T10705
T10705,A051RC,17,Corporate profits with inventory valuation and capital consumption adjustments,1984,Current Dollars,Level,6,"337,268",T10705
T10705,A051RC,17,Corporate profits with inventory valuation and capital consumption adjustments,1985,Current Dollars,Level,6,"353,078",T10705
T10705,A051RC,17,Corporate profits with inventory valuation and capital consumption adjustments,1986,Current Dollars,Level,6,"323,565",T10705
T10705,A051RC,17,Corporate profits with inventory valuation and capital consumption adjustments,1987,Current Dollars,Level,6,"370,812",T10705
T10705,A051RC,17,Corporate profits with inventory valuation and capital consumption adjustments,1988,Current Dollars,Level,6,"416,243",T10705
T10705,A051RC,17,Corporate profits with inventory valuation and capital consumption adjustments,1989,Current Dollars,Level,6,"418,718",T10705
T10705,A051RC,17,Corporate profits with inventory valuation and capital consumption adjustments,1990,Current Dollars,Level,6,"419,330",T10705
T10705,A051RC,17,Corporate profits with inventory valuation and capital consumption adjustments,1991,Current Dollars,Level,6,"448,742",T10705
T10705,A051RC,17,Corporate profits with inventory valuation and capital consumption adjustments,1992,Current Dollars,Level,6,"481,290",T10705
T10705,A051RC,17,Corporate profits with inventory valuation and capital consumption adjustments,1993,Current Dollars,Level,6,"530,717",T10705
T10705,A051RC,17,Corporate profits with inventory valuation and capital consumption adjustments,1994,Current Dollars,Level,6,"634,091",T10705
T10705,A051RC,17,Corporate profits with inventory valuation and capital consumption adjustments,1995,Current Dollars,Level,6,"716,678",T10705
T10705,A051RC,17,Corporate profits with inventory valuation and capital consumption adjustments,1996,Current Dollars,Level,6,"803,572",T10705
T10705,A051RC,17,Corporate profits with inventory valuation and capital consumption adjustments,1997,Current Dollars,Level,6,"889,866",T10705
T10705,A051RC,17,Corporate profits with inventory valuation and capital consumption adjustments,1998,Current Dollars,Level,6,"835,167",T10705
T10705,A051RC,17,Corporate profits with inventory valuation and capital consumption adjustments,1999,Current Dollars,Level,6,"866,758",T10705
T10705,A051RC,17,Corporate profits with inventory valuation and capital consumption adjustments,2000,Current Dollars,Level,6,"826,410",T10705
T10705,A051RC,17,Corporate profits with inventory valuation and capital consumption adjustments,2001,Current Dollars,Level,6,"787,191",T10705
T10705,A051RC,17,Corporate profits with inventory valuation and capital consumption adjustments,2002,Current Dollars,Level,6,"930,366",T10705
T10705,A051RC,17,Corporate profits with inventory valuation and capital consumption adjustments,2003,Current Dollars,Level,6,"1,077,068",T10705
T10705,A051RC,17,Corporate profits with inventory valuation and capital consumption adjustments,2004,Current Dollars,Level,6,"1,320,544",T10705
T10705,A051RC,17,Corporate profits with inventory valuation and capital consumption adjustments,2005,Current Dollars,Level,6,"1,530,044",T10705
T10705,A051RC,17,Corporate profits with inventory valuation and capital consumption adjustments,2006,Current Dollars,Level,6,"1,696,104",T10705
T10705,A051RC,17,Corporate profits with inventory valuation and capital consumption adjustments,2007,Current Dollars,Level,6,"1,595,804",T10705
T10705,A051RC,17,Corporate profits with inventory valuation and capital consumption adjustments,2008,Current Dollars,Level,6,"1,345,620",T10705
T10705,A051RC,17,Corporate profits with inventory valuation and capital consumption adjustments,2009,Current Dollars,Level,6,"1,425,652",T10705
T10705,A051RC,17,Corporate profits with inventory valuation and capital consumption adjustments,2010,Current Dollars,Level,6,"1,774,475",T10705
T10705,A051RC,17,Corporate profits with inventory valuation and capital consumption adjustments,2011,Current Dollars,Level,6,"1,862,428",T10705
T10705,A051RC,17,Corporate profits with inventory valuation and capital consumption adjustments,2012,Current Dollars,Level,6,"2,057,733",T10705
T10705,A051RC,17,Corporate profits with inventory valuation and capital consumption adjustments,2013,Current Dollars,Level,6,"2,081,140",T10705
T10705,A051RC,17,Corporate profits with inventory valuation and capital consumption adjustments,2014,Current Dollars,Level,6,"2,212,833",T10705
T10705,A051RC,17,Corporate profits with inventory valuation and capital consumption adjustments,2015,Current Dollars,Level,6,"2,173,128",T10705
T10705,A051RC,17,Corporate profits with inventory valuation and capital consumption adjustments,2016,Current Dollars,Level,6,"2,144,311",T10705
T10705,A051RC,17,Corporate profits with inventory valuation and capital consumption adjustments,2017,Current Dollars,Level,6,"2,225,241",T10705
T10705,A051RC,17,Corporate profits with inventory valuation and capital consumption adjustments,2018,Current Dollars,Level,6,"2,365,167",T10705
T10705,A051RC,17,Corporate profits with inventory valuation and capital consumption adjustments,2019,Current Dollars,Level,6,"2,471,321",T10705
T10705,A051RC,17,Corporate profits with inventory valuation and capital consumption adjustments,2020,Current Dollars,Level,6,"2,411,521",T10705
T10705,A051RC,17,Corporate profits with inventory valuation and capital consumption adjustments,2021,Current Dollars,Level,6,"3,098,008",T10705
T10705,A051RC,17,Corporate profits with inventory valuation and capital consumption adjustments,2022,Current Dollars,Level,6,"3,362,601",T10705
T10705,A051RC,17,Corporate profits with inventory valuation and capital consumption adjustments,2023,Current Dollars,Level,6,"3,617,326",T10705
T10705,A051RC,17,Corporate profits with inventory valuation and capital consumption adjustments,2024,Current Dollars,Level,6,"3,801,751",T10705
T10705,W254RC,18,Taxes on production and imports less subsidies,1929,Current Dollars,Level,6,"6,778","T10705,T10705.1"
T10705,W254RC,18,Taxes on production and imports less subsidies,1930,Current Dollars,Level,6,"6,898","T10705,T10705.1"
T10705,W254RC,18,Taxes on production and imports less subsidies,1931,Current Dollars,Level,6,"6,524","T10705,T10705.1"
T10705,W254RC,18,Taxes on production and imports less subsidies,1932,Current Dollars,Level,6,"6,453","T10705,T10705.1"
T10705,W254RC,18,Taxes on production and imports less subsidies,1933,Current Dollars,Level,6,"6,698","T10705,T10705.1"
T10705,W254RC,18,Taxes on production and imports less subsidies,1934,Current Dollars,Level,6,"7,158","T10705,T10705.1"
T10705,W254RC,18,Taxes on production and imports less subsidies,1935,Current Dollars,Level,6,"7,392","T10705,T10705.1"
T10705,W254RC,18,Taxes on production and imports less subsidies,1936,Current Dollars,Level,6,"8,172","T10705,T10705.1"
T10705,W254RC,18,Taxes on production and imports less subsidies,1937,Current Dollars,Level,6,"8,594","T10705,T10705.1"
T10705,W254RC,18,Taxes on production and imports less subsidies,1938,Current Dollars,Level,6,"8,453","T10705,T10705.1"
T10705,W254RC,18,Taxes on production and imports less subsidies,1939,Current Dollars,Level,6,"8,350","T10705,T10705.1"
T10705,W254RC,18,Taxes on production and imports less subsidies,1940,Current Dollars,Level,6,"9,047","T10705,T10705.1"
T10705,W254RC,18,Taxes on production and imports less subsidies,1941,Current Dollars,Level,6,"10,598","T10705,T10705.1"
T10705,W254RC,18,Taxes on production and imports less subsidies,1942,Current Dollars,Level,6,"10,992","T10705,T10705.1"
T10705,W254RC,18,Taxes on production and imports less subsidies,1943,Current Dollars,Level,6,"11,848","T10705,T10705.1"
T10705,W254RC,18,Taxes on production and imports less subsidies,1944,Current Dollars,Level,6,"12,670","T10705,T10705.1"
T10705,W254RC,18,Taxes on production and imports less subsidies,1945,Current Dollars,Level,6,"13,951","T10705,T10705.1"
T10705,W254RC,18,Taxes on production and imports less subsidies,1946,Current Dollars,Level,6,"15,473","T10705,T10705.1"
T10705,W254RC,18,Taxes on production and imports less subsidies,1947,Current Dollars,Level,6,"17,708","T10705,T10705.1"
T10705,W254RC,18,Taxes on production and imports less subsidies,1948,Current Dollars,Level,6,"19,186","T10705,T10705.1"
T10705,W254RC,18,Taxes on production and imports less subsidies,1949,Current Dollars,Level,6,"20,406","T10705,T10705.1"
T10705,W254RC,18,Taxes on production and imports less subsidies,1950,Current Dollars,Level,6,"22,107","T10705,T10705.1"
T10705,W254RC,18,Taxes on production and imports less subsidies,1951,Current Dollars,Level,6,"23,697","T10705,T10705.1"
T10705,W254RC,18,Taxes on production and imports less subsidies,1952,Current Dollars,Level,6,"26,347","T10705,T10705.1"
T10705,W254RC,18,Taxes on production and imports less subsidies,1953,Current Dollars,Level,6,"28,587","T10705,T10705.1"
T10705,W254RC,18,Taxes on production and imports less subsidies,1954,Current Dollars,Level,6,"28,562","T10705,T10705.1"
T10705,W254RC,18,Taxes on production and imports less subsidies,1955,Current Dollars,Level,6,"31,266","T10705,T10705.1"
T10705,W254RC,18,Taxes on production and imports less subsidies,1956,Current Dollars,Level,6,"33,495","T10705,T10705.1"
T10705,W254RC,18,Taxes on production and imports less subsidies,1957,Current Dollars,Level,6,"35,484","T10705,T10705.1"
T10705,W254RC,18,Taxes on production and imports less subsidies,1958,Current Dollars,Level,6,"36,351","T10705,T10705.1"
T10705,W254RC,18,Taxes on production and imports less subsidies,1959,Current Dollars,Level,6,"39,994","T10705,T10705.1"
T10705,W254RC,18,Taxes on production and imports less subsidies,1960,Current Dollars,Level,6,"43,401","T10705,T10705.1"
T10705,W254RC,18,Taxes on production and imports less subsidies,1961,Current Dollars,Level,6,"44,954","T10705,T10705.1"
T10705,W254RC,18,Taxes on production and imports less subsidies,1962,Current Dollars,Level,6,"48,109","T10705,T10705.1"
T10705,W254RC,18,Taxes on production and imports less subsidies,1963,Current Dollars,Level,6,"51,152","T10705,T10705.1"
T10705,W254RC,18,Taxes on production and imports less subsidies,1964,Current Dollars,Level,6,"54,540","T10705,T10705.1"
T10705,W254RC,18,Taxes on production and imports less subsidies,1965,Current Dollars,Level,6,"57,702","T10705,T10705.1"
T10705,W254RC,18,Taxes on production and imports less subsidies,1966,Current Dollars,Level,6,"59,262","T10705,T10705.1"
T10705,W254RC,18,Taxes on production and imports less subsidies,1967,Current Dollars,Level,6,"64,126","T10705,T10705.1"
T10705,W254RC,18,Taxes on production and imports less subsidies,1968,Current Dollars,Level,6,"72,233","T10705,T10705.1"
T10705,W254RC,18,Taxes on production and imports less subsidies,1969,Current Dollars,Level,6,"79,322","T10705,T10705.1"
T10705,W254RC,18,Taxes on production and imports less subsidies,1970,Current Dollars,Level,6,"86,636","T10705,T10705.1"
T10705,W254RC,18,Taxes on production and imports less subsidies,1971,Current Dollars,Level,6,"95,818","T10705,T10705.1"
T10705,W254RC,18,Taxes on production and imports less subsidies,1972,Current Dollars,Level,6,"101,292","T10705,T10705.1"
T10705,W254RC,18,Taxes on production and imports less subsidies,1973,Current Dollars,Level,6,"111,990","T10705,T10705.1"
T10705,W254RC,18,Taxes on production and imports less subsidies,1974,Current Dollars,Level,6,"121,595","T10705,T10705.1"
T10705,W254RC,18,Taxes on production and imports less subsidies,1975,Current Dollars,Level,6,"130,798","T10705,T10705.1"
T10705,W254RC,18,Taxes on production and imports less subsidies,1976,Current Dollars,Level,6,"141,263","T10705,T10705.1"
T10705,W254RC,18,Taxes on production and imports less subsidies,1977,Current Dollars,Level,6,"152,564","T10705,T10705.1"
T10705,W254RC,18,Taxes on production and imports less subsidies,1978,Current Dollars,Level,6,"161,962","T10705,T10705.1"
T10705,W254RC,18,Taxes on production and imports less subsidies,1979,Current Dollars,Level,6,"171,570","T10705,T10705.1"
T10705,W254RC,18,Taxes on production and imports less subsidies,1980,Current Dollars,Level,6,"190,530","T10705,T10705.1"
T10705,W254RC,18,Taxes on production and imports less subsidies,1981,Current Dollars,Level,6,"224,171","T10705,T10705.1"
T10705,W254RC,18,Taxes on production and imports less subsidies,1982,Current Dollars,Level,6,"225,916","T10705,T10705.1"
T10705,W254RC,18,Taxes on production and imports less subsidies,1983,Current Dollars,Level,6,"241,977","T10705,T10705.1"
T10705,W254RC,18,Taxes on production and imports less subsidies,1984,Current Dollars,Level,6,"268,708","T10705,T10705.1"
T10705,W254RC,18,Taxes on production and imports less subsidies,1985,Current Dollars,Level,6,"286,773","T10705,T10705.1"
T10705,W254RC,18,Taxes on production and imports less subsidies,1986,Current Dollars,Level,6,"298,478","T10705,T10705.1"
T10705,W254RC,18,Taxes on production and imports less subsidies,1987,Current Dollars,Level,6,"317,263","T10705,T10705.1"
T10705,W254RC,18,Taxes on production and imports less subsidies,1988,Current Dollars,Level,6,"344,963","T10705,T10705.1"
T10705,W254RC,18,Taxes on production and imports less subsidies,1989,Current Dollars,Level,6,"371,439","T10705,T10705.1"
T10705,W254RC,18,Taxes on production and imports less subsidies,1990,Current Dollars,Level,6,"397,996","T10705,T10705.1"
T10705,W254RC,18,Taxes on production and imports less subsidies,1991,Current Dollars,Level,6,"429,603","T10705,T10705.1"
T10705,W254RC,18,Taxes on production and imports less subsidies,1992,Current Dollars,Level,6,"453,287","T10705,T10705.1"
T10705,W254RC,18,Taxes on production and imports less subsidies,1993,Current Dollars,Level,6,"466,445","T10705,T10705.1"
T10705,W254RC,18,Taxes on production and imports less subsidies,1994,Current Dollars,Level,6,"512,725","T10705,T10705.1"
T10705,W254RC,18,Taxes on production and imports less subsidies,1995,Current Dollars,Level,6,"523,091","T10705,T10705.1"
T10705,W254RC,18,Taxes on production and imports less subsidies,1996,Current Dollars,Level,6,"545,519","T10705,T10705.1"
T10705,W254RC,18,Taxes on production and imports less subsidies,1997,Current Dollars,Level,6,"577,804","T10705,T10705.1"
T10705,W254RC,18,Taxes on production and imports less subsidies,1998,Current Dollars,Level,6,"603,105","T10705,T10705.1"
T10705,W254RC,18,Taxes on production and imports less subsidies,1999,Current Dollars,Level,6,"628,376","T10705,T10705.1"
T10705,W254RC,18,Taxes on production and imports less subsidies,2000,Current Dollars,Level,6,"662,716","T10705,T10705.1"
T10705,W254RC,18,Taxes on production and imports less subsidies,2001,Current Dollars,Level,6,"668,980","T10705,T10705.1"
T10705,W254RC,18,Taxes on production and imports less subsidies,2002,Current Dollars,Level,6,"718,634","T10705,T10705.1"
T10705,W254RC,18,Taxes on production and imports less subsidies,2003,Current Dollars,Level,6,"756,559","T10705,T10705.1"
T10705,W254RC,18,Taxes on production and imports less subsidies,2004,Current Dollars,Level,6,"821,711","T10705,T10705.1"
T10705,W254RC,18,Taxes on production and imports less subsidies,2005,Current Dollars,Level,6,"881,527","T10705,T10705.1"
T10705,W254RC,18,Taxes on production and imports less subsidies,2006,Current Dollars,Level,6,"945,572","T10705,T10705.1"
T10705,W254RC,18,Taxes on production and imports less subsidies,2007,Current Dollars,Level,6,"982,245","T10705,T10705.1"
T10705,W254RC,18,Taxes on production and imports less subsidies,2008,Current Dollars,Level,6,"997,183","T10705,T10705.1"
T10705,W254RC,18,Taxes on production and imports less subsidies,2009,Current Dollars,Level,6,"968,470","T10705,T10705.1"
T10705,W254RC,18,Taxes on production and imports less subsidies,2010,Current Dollars,Level,6,"1,007,265","T10705,T10705.1"
T10705,W254RC,18,Taxes on production and imports less subsidies,2011,Current Dollars,Level,6,"1,043,716","T10705,T10705.1"
T10705,W254RC,18,Taxes on production and imports less subsidies,2012,Current Dollars,Level,6,"1,078,077","T10705,T10705.1"
T10705,W254RC,18,Taxes on production and imports less subsidies,2013,Current Dollars,Level,6,"1,126,103","T10705,T10705.1"
T10705,W254RC,18,Taxes on production and imports less subsidies,2014,Current Dollars,Level,6,"1,179,622","T10705,T10705.1"
T10705,W254RC,18,Taxes on production and imports less subsidies,2015,Current Dollars,Level,6,"1,216,262","T10705,T10705.1"
T10705,W254RC,18,Taxes on production and imports less subsidies,2016,Current Dollars,Level,6,"1,247,378","T10705,T10705.1"
T10705,W254RC,18,Taxes on production and imports less subsidies,2017,Current Dollars,Level,6,"1,304,097","T10705,T10705.1"
T10705,W254RC,18,Taxes on production and imports less subsidies,2018,Current Dollars,Level,6,"1,393,774","T10705,T10705.1"
T10705,W254RC,18,Taxes on production and imports less subsidies,2019,Current Dollars,Level,6,"1,460,676","T10705,T10705.1"
T10705,W254RC,18,Taxes on production and imports less subsidies,2020,Current Dollars,Level,6,"822,758","T10705,T10705.1"
T10705,W254RC,18,Taxes on production and imports less subsidies,2021,Current Dollars,Level,6,"1,074,014","T10705,T10705.1"
T10705,W254RC,18,Taxes on production and imports less subsidies,2022,Current Dollars,Level,6,"1,706,477","T10705,T10705.1"
T10705,W254RC,18,Taxes on production and imports less subsidies,2023,Current Dollars,Level,6,"1,758,761","T10705,T10705.1"
T10705,W254RC,18,Taxes on production and imports less subsidies,2024,Current Dollars,Level,6,"1,860,446","T10705,T10705.1"
T10705,W254RC,18,Taxes on production and imports less subsidies,2025,Current Dollars,Level,6,"2,100,417","T10705,T10705.1"
T10705,A061RC,19,"Contributions for government social insurance, domestic",1929,Current Dollars,Level,6,74,T10705
T10705,A061RC,19,"Contributions for government social insurance, domestic",1930,Current Dollars,Level,6,73,T10705
T10705,A061RC,19,"Contributions for government social insurance, domestic",1931,Current Dollars,Level,6,70,T10705
T10705,A061RC,19,"Contributions for government social insurance, domestic",1932,Current Dollars,Level,6,71,T10705
T10705,A061RC,19,"Contributions for government social insurance, domestic",1933,Current Dollars,Level,6,63,T10705
T10705,A061RC,19,"Contributions for government social insurance, domestic",1934,Current Dollars,Level,6,69,T10705
T10705,A061RC,19,"Contributions for government social insurance, domestic",1935,Current Dollars,Level,6,72,T10705
T10705,A061RC,19,"Contributions for government social insurance, domestic",1936,Current Dollars,Level,6,312,T10705
T10705,A061RC,19,"Contributions for government social insurance, domestic",1937,Current Dollars,Level,6,"1,473",T10705
T10705,A061RC,19,"Contributions for government social insurance, domestic",1938,Current Dollars,Level,6,"1,617",T10705
T10705,A061RC,19,"Contributions for government social insurance, domestic",1939,Current Dollars,Level,6,"1,752",T10705
T10705,A061RC,19,"Contributions for government social insurance, domestic",1940,Current Dollars,Level,6,"1,870",T10705
T10705,A061RC,19,"Contributions for government social insurance, domestic",1941,Current Dollars,Level,6,"2,334",T10705
T10705,A061RC,19,"Contributions for government social insurance, domestic",1942,Current Dollars,Level,6,"2,892",T10705
T10705,A061RC,19,"Contributions for government social insurance, domestic",1943,Current Dollars,Level,6,"3,778",T10705
T10705,A061RC,19,"Contributions for government social insurance, domestic",1944,Current Dollars,Level,6,"4,347",T10705
T10705,A061RC,19,"Contributions for government social insurance, domestic",1945,Current Dollars,Level,6,"5,340",T10705
T10705,A061RC,19,"Contributions for government social insurance, domestic",1946,Current Dollars,Level,6,"6,618",T10705
T10705,A061RC,19,"Contributions for government social insurance, domestic",1947,Current Dollars,Level,6,"5,564",T10705
T10705,A061RC,19,"Contributions for government social insurance, domestic",1948,Current Dollars,Level,6,"4,616",T10705
T10705,A061RC,19,"Contributions for government social insurance, domestic",1949,Current Dollars,Level,6,"4,890",T10705
T10705,A061RC,19,"Contributions for government social insurance, domestic",1950,Current Dollars,Level,6,"5,482",T10705
T10705,A061RC,19,"Contributions for government social insurance, domestic",1951,Current Dollars,Level,6,"6,634",T10705
T10705,A061RC,19,"Contributions for government social insurance, domestic",1952,Current Dollars,Level,6,"6,923",T10705
T10705,A061RC,19,"Contributions for government social insurance, domestic",1953,Current Dollars,Level,6,"7,106",T10705
T10705,A061RC,19,"Contributions for government social insurance, domestic",1954,Current Dollars,Level,6,"8,074",T10705
T10705,A061RC,19,"Contributions for government social insurance, domestic",1955,Current Dollars,Level,6,"9,091",T10705
T10705,A061RC,19,"Contributions for government social insurance, domestic",1956,Current Dollars,Level,6,"9,987",T10705
T10705,A061RC,19,"Contributions for government social insurance, domestic",1957,Current Dollars,Level,6,"11,413",T10705
T10705,A061RC,19,"Contributions for government social insurance, domestic",1958,Current Dollars,Level,6,"11,384",T10705
T10705,A061RC,19,"Contributions for government social insurance, domestic",1959,Current Dollars,Level,6,"13,834",T10705
T10705,A061RC,19,"Contributions for government social insurance, domestic",1960,Current Dollars,Level,6,"16,444",T10705
T10705,A061RC,19,"Contributions for government social insurance, domestic",1961,Current Dollars,Level,6,"17,005",T10705
T10705,A061RC,19,"Contributions for government social insurance, domestic",1962,Current Dollars,Level,6,"19,117",T10705
T10705,A061RC,19,"Contributions for government social insurance, domestic",1963,Current Dollars,Level,6,"21,669",T10705
T10705,A061RC,19,"Contributions for government social insurance, domestic",1964,Current Dollars,Level,6,"22,387",T10705
T10705,A061RC,19,"Contributions for government social insurance, domestic",1965,Current Dollars,Level,6,"23,416",T10705
T10705,A061RC,19,"Contributions for government social insurance, domestic",1966,Current Dollars,Level,6,"31,336",T10705
T10705,A061RC,19,"Contributions for government social insurance, domestic",1967,Current Dollars,Level,6,"34,867",T10705
T10705,A061RC,19,"Contributions for government social insurance, domestic",1968,Current Dollars,Level,6,"38,695",T10705
T10705,A061RC,19,"Contributions for government social insurance, domestic",1969,Current Dollars,Level,6,"44,127",T10705
T10705,A061RC,19,"Contributions for government social insurance, domestic",1970,Current Dollars,Level,6,"46,359",T10705
T10705,A061RC,19,"Contributions for government social insurance, domestic",1971,Current Dollars,Level,6,"51,176",T10705
T10705,A061RC,19,"Contributions for government social insurance, domestic",1972,Current Dollars,Level,6,"59,204",T10705
T10705,A061RC,19,"Contributions for government social insurance, domestic",1973,Current Dollars,Level,6,"75,496",T10705
T10705,A061RC,19,"Contributions for government social insurance, domestic",1974,Current Dollars,Level,6,"85,181",T10705
T10705,A061RC,19,"Contributions for government social insurance, domestic",1975,Current Dollars,Level,6,"89,310",T10705
T10705,A061RC,19,"Contributions for government social insurance, domestic",1976,Current Dollars,Level,6,"101,334",T10705
T10705,A061RC,19,"Contributions for government social insurance, domestic",1977,Current Dollars,Level,6,"113,094",T10705
T10705,A061RC,19,"Contributions for government social insurance, domestic",1978,Current Dollars,Level,6,"131,260",T10705
T10705,A061RC,19,"Contributions for government social insurance, domestic",1979,Current Dollars,Level,6,"152,749",T10705
T10705,A061RC,19,"Contributions for government social insurance, domestic",1980,Current Dollars,Level,6,"166,188",T10705
T10705,A061RC,19,"Contributions for government social insurance, domestic",1981,Current Dollars,Level,6,"195,701",T10705
T10705,A061RC,19,"Contributions for government social insurance, domestic",1982,Current Dollars,Level,6,"208,894",T10705
T10705,A061RC,19,"Contributions for government social insurance, domestic",1983,Current Dollars,Level,6,"225,953",T10705
T10705,A061RC,19,"Contributions for government social insurance, domestic",1984,Current Dollars,Level,6,"257,470",T10705
T10705,A061RC,19,"Contributions for government social insurance, domestic",1985,Current Dollars,Level,6,"281,370",T10705
T10705,A061RC,19,"Contributions for government social insurance, domestic",1986,Current Dollars,Level,6,"303,438",T10705
T10705,A061RC,19,"Contributions for government social insurance, domestic",1987,Current Dollars,Level,6,"323,113",T10705
T10705,A061RC,19,"Contributions for government social insurance, domestic",1988,Current Dollars,Level,6,"361,482",T10705
T10705,A061RC,19,"Contributions for government social insurance, domestic",1989,Current Dollars,Level,6,"385,231",T10705
T10705,A061RC,19,"Contributions for government social insurance, domestic",1990,Current Dollars,Level,6,"410,108",T10705
T10705,A061RC,19,"Contributions for government social insurance, domestic",1991,Current Dollars,Level,6,"430,182",T10705
T10705,A061RC,19,"Contributions for government social insurance, domestic",1992,Current Dollars,Level,6,"454,951",T10705
T10705,A061RC,19,"Contributions for government social insurance, domestic",1993,Current Dollars,Level,6,"477,425",T10705
T10705,A061RC,19,"Contributions for government social insurance, domestic",1994,Current Dollars,Level,6,"508,180",T10705
T10705,A061RC,19,"Contributions for government social insurance, domestic",1995,Current Dollars,Level,6,"532,800",T10705
T10705,A061RC,19,"Contributions for government social insurance, domestic",1996,Current Dollars,Level,6,"555,078",T10705
T10705,A061RC,19,"Contributions for government social insurance, domestic",1997,Current Dollars,Level,6,"587,241",T10705
T10705,A061RC,19,"Contributions for government social insurance, domestic",1998,Current Dollars,Level,6,"624,651",T10705
T10705,A061RC,19,"Contributions for government social insurance, domestic",1999,Current Dollars,Level,6,"661,285",T10705
T10705,A061RC,19,"Contributions for government social insurance, domestic",2000,Current Dollars,Level,6,"705,840",T10705
T10705,A061RC,19,"Contributions for government social insurance, domestic",2001,Current Dollars,Level,6,"733,197",T10705
T10705,A061RC,19,"Contributions for government social insurance, domestic",2002,Current Dollars,Level,6,"751,496",T10705
T10705,A061RC,19,"Contributions for government social insurance, domestic",2003,Current Dollars,Level,6,"779,283",T10705
T10705,A061RC,19,"Contributions for government social insurance, domestic",2004,Current Dollars,Level,6,"829,240",T10705
T10705,A061RC,19,"Contributions for government social insurance, domestic",2005,Current Dollars,Level,6,"873,347",T10705
T10705,A061RC,19,"Contributions for government social insurance, domestic",2006,Current Dollars,Level,6,"922,538",T10705
T10705,A061RC,19,"Contributions for government social insurance, domestic",2007,Current Dollars,Level,6,"961,410",T10705
T10705,A061RC,19,"Contributions for government social insurance, domestic",2008,Current Dollars,Level,6,"988,358",T10705
T10705,A061RC,19,"Contributions for government social insurance, domestic",2009,Current Dollars,Level,6,"964,272",T10705
T10705,A061RC,19,"Contributions for government social insurance, domestic",2010,Current Dollars,Level,6,"983,747",T10705
T10705,A061RC,19,"Contributions for government social insurance, domestic",2011,Current Dollars,Level,6,"916,651",T10705
T10705,A061RC,19,"Contributions for government social insurance, domestic",2012,Current Dollars,Level,6,"950,526",T10705
T10705,A061RC,19,"Contributions for government social insurance, domestic",2013,Current Dollars,Level,6,"1,104,286",T10705
T10705,A061RC,19,"Contributions for government social insurance, domestic",2014,Current Dollars,Level,6,"1,153,553",T10705
T10705,A061RC,19,"Contributions for government social insurance, domestic",2015,Current Dollars,Level,6,"1,204,749",T10705
T10705,A061RC,19,"Contributions for government social insurance, domestic",2016,Current Dollars,Level,6,"1,238,836",T10705
T10705,A061RC,19,"Contributions for government social insurance, domestic",2017,Current Dollars,Level,6,"1,298,929",T10705
T10705,A061RC,19,"Contributions for government social insurance, domestic",2018,Current Dollars,Level,6,"1,361,683",T10705
T10705,A061RC,19,"Contributions for government social insurance, domestic",2019,Current Dollars,Level,6,"1,424,780",T10705
T10705,A061RC,19,"Contributions for government social insurance, domestic",2020,Current Dollars,Level,6,"1,449,579",T10705
T10705,A061RC,19,"Contributions for government social insurance, domestic",2021,Current Dollars,Level,6,"1,559,299",T10705
T10705,A061RC,19,"Contributions for government social insurance, domestic",2022,Current Dollars,Level,6,"1,703,838",T10705
T10705,A061RC,19,"Contributions for government social insurance, domestic",2023,Current Dollars,Level,6,"1,800,648",T10705
T10705,A061RC,19,"Contributions for government social insurance, domestic",2024,Current Dollars,Level,6,"1,923,151",T10705
T10705,A061RC,19,"Contributions for government social insurance, domestic",2025,Current Dollars,Level,6,"2,015,518",T10705
T10705,W255RC,20,Net interest and miscellaneous payments on assets,1929,Current Dollars,Level,6,"4,571",T10705
T10705,W255RC,20,Net interest and miscellaneous payments on assets,1930,Current Dollars,Level,6,"4,827",T10705
T10705,W255RC,20,Net interest and miscellaneous payments on assets,1931,Current Dollars,Level,6,"4,816",T10705
T10705,W255RC,20,Net interest and miscellaneous payments on assets,1932,Current Dollars,Level,6,"4,483",T10705
T10705,W255RC,20,Net interest and miscellaneous payments on assets,1933,Current Dollars,Level,6,"3,974",T10705
T10705,W255RC,20,Net interest and miscellaneous payments on assets,1934,Current Dollars,Level,6,"4,025",T10705
T10705,W255RC,20,Net interest and miscellaneous payments on assets,1935,Current Dollars,Level,6,"4,061",T10705
T10705,W255RC,20,Net interest and miscellaneous payments on assets,1936,Current Dollars,Level,6,"3,808",T10705
T10705,W255RC,20,Net interest and miscellaneous payments on assets,1937,Current Dollars,Level,6,"3,685",T10705
T10705,W255RC,20,Net interest and miscellaneous payments on assets,1938,Current Dollars,Level,6,"3,648",T10705
T10705,W255RC,20,Net interest and miscellaneous payments on assets,1939,Current Dollars,Level,6,"3,649",T10705
T10705,W255RC,20,Net interest and miscellaneous payments on assets,1940,Current Dollars,Level,6,"3,338",T10705
T10705,W255RC,20,Net interest and miscellaneous payments on assets,1941,Current Dollars,Level,6,"3,275",T10705
T10705,W255RC,20,Net interest and miscellaneous payments on assets,1942,Current Dollars,Level,6,"3,204",T10705
T10705,W255RC,20,Net interest and miscellaneous payments on assets,1943,Current Dollars,Level,6,"2,873",T10705
T10705,W255RC,20,Net interest and miscellaneous payments on assets,1944,Current Dollars,Level,6,"2,438",T10705
T10705,W255RC,20,Net interest and miscellaneous payments on assets,1945,Current Dollars,Level,6,"2,334",T10705
T10705,W255RC,20,Net interest and miscellaneous payments on assets,1946,Current Dollars,Level,6,"1,801",T10705
T10705,W255RC,20,Net interest and miscellaneous payments on assets,1947,Current Dollars,Level,6,"2,327",T10705
T10705,W255RC,20,Net interest and miscellaneous payments on assets,1948,Current Dollars,Level,6,"2,487",T10705
T10705,W255RC,20,Net interest and miscellaneous payments on assets,1949,Current Dollars,Level,6,"2,754",T10705
T10705,W255RC,20,Net interest and miscellaneous payments on assets,1950,Current Dollars,Level,6,"3,061",T10705
T10705,W255RC,20,Net interest and miscellaneous payments on assets,1951,Current Dollars,Level,6,"3,563",T10705
T10705,W255RC,20,Net interest and miscellaneous payments on assets,1952,Current Dollars,Level,6,"3,963",T10705
T10705,W255RC,20,Net interest and miscellaneous payments on assets,1953,Current Dollars,Level,6,"4,511",T10705
T10705,W255RC,20,Net interest and miscellaneous payments on assets,1954,Current Dollars,Level,6,"5,362",T10705
T10705,W255RC,20,Net interest and miscellaneous payments on assets,1955,Current Dollars,Level,6,"5,910",T10705
T10705,W255RC,20,Net interest and miscellaneous payments on assets,1956,Current Dollars,Level,6,"6,502",T10705
T10705,W255RC,20,Net interest and miscellaneous payments on assets,1957,Current Dollars,Level,6,"7,671",T10705
T10705,W255RC,20,Net interest and miscellaneous payments on assets,1958,Current Dollars,Level,6,"9,220",T10705
T10705,W255RC,20,Net interest and miscellaneous payments on assets,1959,Current Dollars,Level,6,"9,329",T10705
T10705,W255RC,20,Net interest and miscellaneous payments on assets,1960,Current Dollars,Level,6,"10,276",T10705
T10705,W255RC,20,Net interest and miscellaneous payments on assets,1961,Current Dollars,Level,6,"12,081",T10705
T10705,W255RC,20,Net interest and miscellaneous payments on assets,1962,Current Dollars,Level,6,"13,800",T10705
T10705,W255RC,20,Net interest and miscellaneous payments on assets,1963,Current Dollars,Level,6,"14,840",T10705
T10705,W255RC,20,Net interest and miscellaneous payments on assets,1964,Current Dollars,Level,6,"16,985",T10705
T10705,W255RC,20,Net interest and miscellaneous payments on assets,1965,Current Dollars,Level,6,"19,143",T10705
T10705,W255RC,20,Net interest and miscellaneous payments on assets,1966,Current Dollars,Level,6,"21,839",T10705
T10705,W255RC,20,Net interest and miscellaneous payments on assets,1967,Current Dollars,Level,6,"24,929",T10705
T10705,W255RC,20,Net interest and miscellaneous payments on assets,1968,Current Dollars,Level,6,"26,952",T10705
T10705,W255RC,20,Net interest and miscellaneous payments on assets,1969,Current Dollars,Level,6,"32,739",T10705
T10705,W255RC,20,Net interest and miscellaneous payments on assets,1970,Current Dollars,Level,6,"39,506",T10705
T10705,W255RC,20,Net interest and miscellaneous payments on assets,1971,Current Dollars,Level,6,"44,167",T10705
T10705,W255RC,20,Net interest and miscellaneous payments on assets,1972,Current Dollars,Level,6,"48,006",T10705
T10705,W255RC,20,Net interest and miscellaneous payments on assets,1973,Current Dollars,Level,6,"55,683",T10705
T10705,W255RC,20,Net interest and miscellaneous payments on assets,1974,Current Dollars,Level,6,"71,657",T10705
T10705,W255RC,20,Net interest and miscellaneous payments on assets,1975,Current Dollars,Level,6,"83,658",T10705
T10705,W255RC,20,Net interest and miscellaneous payments on assets,1976,Current Dollars,Level,6,"87,393",T10705
T10705,W255RC,20,Net interest and miscellaneous payments on assets,1977,Current Dollars,Level,6,"103,186",T10705
T10705,W255RC,20,Net interest and miscellaneous payments on assets,1978,Current Dollars,Level,6,"114,849",T10705
T10705,W255RC,20,Net interest and miscellaneous payments on assets,1979,Current Dollars,Level,6,"136,777",T10705
T10705,W255RC,20,Net interest and miscellaneous payments on assets,1980,Current Dollars,Level,6,"182,823",T10705
T10705,W255RC,20,Net interest and miscellaneous payments on assets,1981,Current Dollars,Level,6,"236,797",T10705
T10705,W255RC,20,Net interest and miscellaneous payments on assets,1982,Current Dollars,Level,6,"277,109",T10705
T10705,W255RC,20,Net interest and miscellaneous payments on assets,1983,Current Dollars,Level,6,"288,797",T10705
T10705,W255RC,20,Net interest and miscellaneous payments on assets,1984,Current Dollars,Level,6,"331,046",T10705
T10705,W255RC,20,Net interest and miscellaneous payments on assets,1985,Current Dollars,Level,6,"339,772",T10705
T10705,W255RC,20,Net interest and miscellaneous payments on assets,1986,Current Dollars,Level,6,"354,089",T10705
T10705,W255RC,20,Net interest and miscellaneous payments on assets,1987,Current Dollars,Level,6,"349,128",T10705
T10705,W255RC,20,Net interest and miscellaneous payments on assets,1988,Current Dollars,Level,6,"376,256",T10705
T10705,W255RC,20,Net interest and miscellaneous payments on assets,1989,Current Dollars,Level,6,"422,349",T10705
T10705,W255RC,20,Net interest and miscellaneous payments on assets,1990,Current Dollars,Level,6,"432,023",T10705
T10705,W255RC,20,Net interest and miscellaneous payments on assets,1991,Current Dollars,Level,6,"395,908",T10705
T10705,W255RC,20,Net interest and miscellaneous payments on assets,1992,Current Dollars,Level,6,"361,933",T10705
T10705,W255RC,20,Net interest and miscellaneous payments on assets,1993,Current Dollars,Level,6,"347,455",T10705
T10705,W255RC,20,Net interest and miscellaneous payments on assets,1994,Current Dollars,Level,6,"338,659",T10705
T10705,W255RC,20,Net interest and miscellaneous payments on assets,1995,Current Dollars,Level,6,"347,763",T10705
T10705,W255RC,20,Net interest and miscellaneous payments on assets,1996,Current Dollars,Level,6,"348,910",T10705
T10705,W255RC,20,Net interest and miscellaneous payments on assets,1997,Current Dollars,Level,6,"375,627",T10705
T10705,W255RC,20,Net interest and miscellaneous payments on assets,1998,Current Dollars,Level,6,"431,042",T10705
T10705,W255RC,20,Net interest and miscellaneous payments on assets,1999,Current Dollars,Level,6,"435,277",T10705
T10705,W255RC,20,Net interest and miscellaneous payments on assets,2000,Current Dollars,Level,6,"504,037",T10705
T10705,W255RC,20,Net interest and miscellaneous payments on assets,2001,Current Dollars,Level,6,"516,651",T10705
T10705,W255RC,20,Net interest and miscellaneous payments on assets,2002,Current Dollars,Level,6,"447,565",T10705
T10705,W255RC,20,Net interest and miscellaneous payments on assets,2003,Current Dollars,Level,6,"427,035",T10705
T10705,W255RC,20,Net interest and miscellaneous payments on assets,2004,Current Dollars,Level,6,"350,432",T10705
T10705,W255RC,20,Net interest and miscellaneous payments on assets,2005,Current Dollars,Level,6,"434,828",T10705
T10705,W255RC,20,Net interest and miscellaneous payments on assets,2006,Current Dollars,Level,6,"520,415",T10705
T10705,W255RC,20,Net interest and miscellaneous payments on assets,2007,Current Dollars,Level,6,"582,289",T10705
T10705,W255RC,20,Net interest and miscellaneous payments on assets,2008,Current Dollars,Level,6,"618,652",T10705
T10705,W255RC,20,Net interest and miscellaneous payments on assets,2009,Current Dollars,Level,6,"515,891",T10705
T10705,W255RC,20,Net interest and miscellaneous payments on assets,2010,Current Dollars,Level,6,"437,705",T10705
T10705,W255RC,20,Net interest and miscellaneous payments on assets,2011,Current Dollars,Level,6,"408,114",T10705
T10705,W255RC,20,Net interest and miscellaneous payments on assets,2012,Current Dollars,Level,6,"445,302",T10705
T10705,W255RC,20,Net interest and miscellaneous payments on assets,2013,Current Dollars,Level,6,"392,741",T10705
T10705,W255RC,20,Net interest and miscellaneous payments on assets,2014,Current Dollars,Level,6,"426,421",T10705
T10705,W255RC,20,Net interest and miscellaneous payments on assets,2015,Current Dollars,Level,6,"496,255",T10705
T10705,W255RC,20,Net interest and miscellaneous payments on assets,2016,Current Dollars,Level,6,"489,168",T10705
T10705,W255RC,20,Net interest and miscellaneous payments on assets,2017,Current Dollars,Level,6,"525,153",T10705
T10705,W255RC,20,Net interest and miscellaneous payments on assets,2018,Current Dollars,Level,6,"536,397",T10705
T10705,W255RC,20,Net interest and miscellaneous payments on assets,2019,Current Dollars,Level,6,"515,252",T10705
T10705,W255RC,20,Net interest and miscellaneous payments on assets,2020,Current Dollars,Level,6,"525,074",T10705
T10705,W255RC,20,Net interest and miscellaneous payments on assets,2021,Current Dollars,Level,6,"459,849",T10705
T10705,W255RC,20,Net interest and miscellaneous payments on assets,2022,Current Dollars,Level,6,"410,369",T10705
T10705,W255RC,20,Net interest and miscellaneous payments on assets,2023,Current Dollars,Level,6,"280,948",T10705
T10705,W255RC,20,Net interest and miscellaneous payments on assets,2024,Current Dollars,Level,6,"167,288",T10705
T10705,W255RC,20,Net interest and miscellaneous payments on assets,2025,Current Dollars,Level,6,"140,317",T10705
T10705,B029RC,21,Business current transfer payments (net),1929,Current Dollars,Level,6,511,T10705
T10705,B029RC,21,Business current transfer payments (net),1930,Current Dollars,Level,6,467,T10705
T10705,B029RC,21,Business current transfer payments (net),1931,Current Dollars,Level,6,538,T10705
T10705,B029RC,21,Business current transfer payments (net),1932,Current Dollars,Level,6,579,T10705
T10705,B029RC,21,Business current transfer payments (net),1933,Current Dollars,Level,6,515,T10705
T10705,B029RC,21,Business current transfer payments (net),1934,Current Dollars,Level,6,502,T10705
T10705,B029RC,21,Business current transfer payments (net),1935,Current Dollars,Level,6,506,T10705
T10705,B029RC,21,Business current transfer payments (net),1936,Current Dollars,Level,6,533,T10705
T10705,B029RC,21,Business current transfer payments (net),1937,Current Dollars,Level,6,524,T10705
T10705,B029RC,21,Business current transfer payments (net),1938,Current Dollars,Level,6,410,T10705
T10705,B029RC,21,Business current transfer payments (net),1939,Current Dollars,Level,6,435,T10705
T10705,B029RC,21,Business current transfer payments (net),1940,Current Dollars,Level,6,451,T10705
T10705,B029RC,21,Business current transfer payments (net),1941,Current Dollars,Level,6,527,T10705
T10705,B029RC,21,Business current transfer payments (net),1942,Current Dollars,Level,6,545,T10705
T10705,B029RC,21,Business current transfer payments (net),1943,Current Dollars,Level,6,642,T10705
T10705,B029RC,21,Business current transfer payments (net),1944,Current Dollars,Level,6,812,T10705
T10705,B029RC,21,Business current transfer payments (net),1945,Current Dollars,Level,6,891,T10705
T10705,B029RC,21,Business current transfer payments (net),1946,Current Dollars,Level,6,692,T10705
T10705,B029RC,21,Business current transfer payments (net),1947,Current Dollars,Level,6,715,T10705
T10705,B029RC,21,Business current transfer payments (net),1948,Current Dollars,Level,6,707,T10705
T10705,B029RC,21,Business current transfer payments (net),1949,Current Dollars,Level,6,688,T10705
T10705,B029RC,21,Business current transfer payments (net),1950,Current Dollars,Level,6,824,T10705
T10705,B029RC,21,Business current transfer payments (net),1951,Current Dollars,Level,6,"1,159",T10705
T10705,B029RC,21,Business current transfer payments (net),1952,Current Dollars,Level,6,"1,199",T10705
T10705,B029RC,21,Business current transfer payments (net),1953,Current Dollars,Level,6,"1,153",T10705
T10705,B029RC,21,Business current transfer payments (net),1954,Current Dollars,Level,6,916,T10705
T10705,B029RC,21,Business current transfer payments (net),1955,Current Dollars,Level,6,"1,298",T10705
T10705,B029RC,21,Business current transfer payments (net),1956,Current Dollars,Level,6,"1,651",T10705
T10705,B029RC,21,Business current transfer payments (net),1957,Current Dollars,Level,6,"1,823",T10705
T10705,B029RC,21,Business current transfer payments (net),1958,Current Dollars,Level,6,"1,704",T10705
T10705,B029RC,21,Business current transfer payments (net),1959,Current Dollars,Level,6,"1,656",T10705
T10705,B029RC,21,Business current transfer payments (net),1960,Current Dollars,Level,6,"1,744",T10705
T10705,B029RC,21,Business current transfer payments (net),1961,Current Dollars,Level,6,"1,899",T10705
T10705,B029RC,21,Business current transfer payments (net),1962,Current Dollars,Level,6,"2,119",T10705
T10705,B029RC,21,Business current transfer payments (net),1963,Current Dollars,Level,6,"2,527",T10705
T10705,B029RC,21,Business current transfer payments (net),1964,Current Dollars,Level,6,"3,005",T10705
T10705,B029RC,21,Business current transfer payments (net),1965,Current Dollars,Level,6,"3,485",T10705
T10705,B029RC,21,Business current transfer payments (net),1966,Current Dollars,Level,6,"3,390",T10705
T10705,B029RC,21,Business current transfer payments (net),1967,Current Dollars,Level,6,"3,628",T10705
T10705,B029RC,21,Business current transfer payments (net),1968,Current Dollars,Level,6,"4,182",T10705
T10705,B029RC,21,Business current transfer payments (net),1969,Current Dollars,Level,6,"4,799",T10705
T10705,B029RC,21,Business current transfer payments (net),1970,Current Dollars,Level,6,"4,356",T10705
T10705,B029RC,21,Business current transfer payments (net),1971,Current Dollars,Level,6,"4,158",T10705
T10705,B029RC,21,Business current transfer payments (net),1972,Current Dollars,Level,6,"4,779",T10705
T10705,B029RC,21,Business current transfer payments (net),1973,Current Dollars,Level,6,"5,741",T10705
T10705,B029RC,21,Business current transfer payments (net),1974,Current Dollars,Level,6,"6,787",T10705
T10705,B029RC,21,Business current transfer payments (net),1975,Current Dollars,Level,6,"9,036",T10705
T10705,B029RC,21,Business current transfer payments (net),1976,Current Dollars,Level,6,"9,136",T10705
T10705,B029RC,21,Business current transfer payments (net),1977,Current Dollars,Level,6,"8,081",T10705
T10705,B029RC,21,Business current transfer payments (net),1978,Current Dollars,Level,6,"10,375",T10705
T10705,B029RC,21,Business current transfer payments (net),1979,Current Dollars,Level,6,"12,753",T10705
T10705,B029RC,21,Business current transfer payments (net),1980,Current Dollars,Level,6,"13,998",T10705
T10705,B029RC,21,Business current transfer payments (net),1981,Current Dollars,Level,6,"16,914",T10705
T10705,B029RC,21,Business current transfer payments (net),1982,Current Dollars,Level,6,"19,318",T10705
T10705,B029RC,21,Business current transfer payments (net),1983,Current Dollars,Level,6,"21,681",T10705
T10705,B029RC,21,Business current transfer payments (net),1984,Current Dollars,Level,6,"29,159",T10705
T10705,B029RC,21,Business current transfer payments (net),1985,Current Dollars,Level,6,"34,060",T10705
T10705,B029RC,21,Business current transfer payments (net),1986,Current Dollars,Level,6,"35,961",T10705
T10705,B029RC,21,Business current transfer payments (net),1987,Current Dollars,Level,6,"33,292",T10705
T10705,B029RC,21,Business current transfer payments (net),1988,Current Dollars,Level,6,"32,755",T10705
T10705,B029RC,21,Business current transfer payments (net),1989,Current Dollars,Level,6,"38,266",T10705
T10705,B029RC,21,Business current transfer payments (net),1990,Current Dollars,Level,6,"39,178",T10705
T10705,B029RC,21,Business current transfer payments (net),1991,Current Dollars,Level,6,"38,890",T10705
T10705,B029RC,21,Business current transfer payments (net),1992,Current Dollars,Level,6,"39,720",T10705
T10705,B029RC,21,Business current transfer payments (net),1993,Current Dollars,Level,6,"39,388",T10705
T10705,B029RC,21,Business current transfer payments (net),1994,Current Dollars,Level,6,"40,714",T10705
T10705,B029RC,21,Business current transfer payments (net),1995,Current Dollars,Level,6,"44,967",T10705
T10705,B029RC,21,Business current transfer payments (net),1996,Current Dollars,Level,6,"52,645",T10705
T10705,B029RC,21,Business current transfer payments (net),1997,Current Dollars,Level,6,"50,061",T10705
T10705,B029RC,21,Business current transfer payments (net),1998,Current Dollars,Level,6,"64,078",T10705
T10705,B029RC,21,Business current transfer payments (net),1999,Current Dollars,Level,6,"67,684",T10705
T10705,B029RC,21,Business current transfer payments (net),2000,Current Dollars,Level,6,"85,173",T10705
T10705,B029RC,21,Business current transfer payments (net),2001,Current Dollars,Level,6,"99,226",T10705
T10705,B029RC,21,Business current transfer payments (net),2002,Current Dollars,Level,6,"80,755",T10705
T10705,B029RC,21,Business current transfer payments (net),2003,Current Dollars,Level,6,"76,048",T10705
T10705,B029RC,21,Business current transfer payments (net),2004,Current Dollars,Level,6,"81,963",T10705
T10705,B029RC,21,Business current transfer payments (net),2005,Current Dollars,Level,6,"90,641",T10705
T10705,B029RC,21,Business current transfer payments (net),2006,Current Dollars,Level,6,"79,818",T10705
T10705,B029RC,21,Business current transfer payments (net),2007,Current Dollars,Level,6,"97,247",T10705
T10705,B029RC,21,Business current transfer payments (net),2008,Current Dollars,Level,6,"112,781",T10705
T10705,B029RC,21,Business current transfer payments (net),2009,Current Dollars,Level,6,"125,118",T10705
T10705,B029RC,21,Business current transfer payments (net),2010,Current Dollars,Level,6,"126,327",T10705
T10705,B029RC,21,Business current transfer payments (net),2011,Current Dollars,Level,6,"130,122",T10705
T10705,B029RC,21,Business current transfer payments (net),2012,Current Dollars,Level,6,"95,532",T10705
T10705,B029RC,21,Business current transfer payments (net),2013,Current Dollars,Level,6,"107,299",T10705
T10705,B029RC,21,Business current transfer payments (net),2014,Current Dollars,Level,6,"135,474",T10705
T10705,B029RC,21,Business current transfer payments (net),2015,Current Dollars,Level,6,"153,909",T10705
T10705,B029RC,21,Business current transfer payments (net),2016,Current Dollars,Level,6,"162,512",T10705
T10705,B029RC,21,Business current transfer payments (net),2017,Current Dollars,Level,6,"142,925",T10705
T10705,B029RC,21,Business current transfer payments (net),2018,Current Dollars,Level,6,"155,811",T10705
T10705,B029RC,21,Business current transfer payments (net),2019,Current Dollars,Level,6,"161,396",T10705
T10705,B029RC,21,Business current transfer payments (net),2020,Current Dollars,Level,6,"146,079",T10705
T10705,B029RC,21,Business current transfer payments (net),2021,Current Dollars,Level,6,"193,174",T10705
T10705,B029RC,21,Business current transfer payments (net),2022,Current Dollars,Level,6,"252,829",T10705
T10705,B029RC,21,Business current transfer payments (net),2023,Current Dollars,Level,6,"238,648",T10705
T10705,B029RC,21,Business current transfer payments (net),2024,Current Dollars,Level,6,"286,430",T10705
T10705,B029RC,21,Business current transfer payments (net),2025,Current Dollars,Level,6,"282,597",T10705
T10705,A108RC,22,Current surplus of government enterprises,1959,Current Dollars,Level,6,545,"T10705,T10705.1"
T10705,A108RC,22,Current surplus of government enterprises,1960,Current Dollars,Level,6,467,"T10705,T10705.1"
T10705,A108RC,22,Current surplus of government enterprises,1961,Current Dollars,Level,6,338,"T10705,T10705.1"
T10705,A108RC,22,Current surplus of government enterprises,1962,Current Dollars,Level,6,398,"T10705,T10705.1"
T10705,A108RC,22,Current surplus of government enterprises,1963,Current Dollars,Level,6,814,"T10705,T10705.1"
T10705,A108RC,22,Current surplus of government enterprises,1964,Current Dollars,Level,6,866,"T10705,T10705.1"
T10705,A108RC,22,Current surplus of government enterprises,1965,Current Dollars,Level,6,788,"T10705,T10705.1"
T10705,A108RC,22,Current surplus of government enterprises,1966,Current Dollars,Level,6,388,"T10705,T10705.1"
T10705,A108RC,22,Current surplus of government enterprises,1967,Current Dollars,Level,6,278,"T10705,T10705.1"
T10705,A108RC,22,Current surplus of government enterprises,1968,Current Dollars,Level,6,453,"T10705,T10705.1"
T10705,A108RC,22,Current surplus of government enterprises,1969,Current Dollars,Level,6,163,"T10705,T10705.1"
T10705,A108RC,22,Current surplus of government enterprises,1970,Current Dollars,Level,6,"-1,034","T10705,T10705.1"
T10705,A108RC,22,Current surplus of government enterprises,1971,Current Dollars,Level,6,"-1,515","T10705,T10705.1"
T10705,A108RC,22,Current surplus of government enterprises,1972,Current Dollars,Level,6,-936,"T10705,T10705.1"
T10705,A108RC,22,Current surplus of government enterprises,1973,Current Dollars,Level,6,"-1,958","T10705,T10705.1"
T10705,A108RC,22,Current surplus of government enterprises,1974,Current Dollars,Level,6,"-2,446","T10705,T10705.1"
T10705,A108RC,22,Current surplus of government enterprises,1975,Current Dollars,Level,6,"-4,068","T10705,T10705.1"
T10705,A108RC,22,Current surplus of government enterprises,1976,Current Dollars,Level,6,"-2,385","T10705,T10705.1"
T10705,A108RC,22,Current surplus of government enterprises,1977,Current Dollars,Level,6,"-2,958","T10705,T10705.1"
T10705,A108RC,22,Current surplus of government enterprises,1978,Current Dollars,Level,6,"-2,377","T10705,T10705.1"
T10705,A108RC,22,Current surplus of government enterprises,1979,Current Dollars,Level,6,"-2,699","T10705,T10705.1"
T10705,A108RC,22,Current surplus of government enterprises,1980,Current Dollars,Level,6,"-4,481","T10705,T10705.1"
T10705,A108RC,22,Current surplus of government enterprises,1981,Current Dollars,Level,6,"-4,717","T10705,T10705.1"
T10705,A108RC,22,Current surplus of government enterprises,1982,Current Dollars,Level,6,"-3,417","T10705,T10705.1"
T10705,A108RC,22,Current surplus of government enterprises,1983,Current Dollars,Level,6,"-1,884","T10705,T10705.1"
T10705,A108RC,22,Current surplus of government enterprises,1984,Current Dollars,Level,6,-867,"T10705,T10705.1"
T10705,A108RC,22,Current surplus of government enterprises,1985,Current Dollars,Level,6,"1,871","T10705,T10705.1"
T10705,A108RC,22,Current surplus of government enterprises,1986,Current Dollars,Level,6,"2,541","T10705,T10705.1"
T10705,A108RC,22,Current surplus of government enterprises,1987,Current Dollars,Level,6,"2,748","T10705,T10705.1"
T10705,A108RC,22,Current surplus of government enterprises,1988,Current Dollars,Level,6,"5,557","T10705,T10705.1"
T10705,A108RC,22,Current surplus of government enterprises,1989,Current Dollars,Level,6,"7,258","T10705,T10705.1"
T10705,A108RC,22,Current surplus of government enterprises,1990,Current Dollars,Level,6,"3,728","T10705,T10705.1"
T10705,A108RC,22,Current surplus of government enterprises,1991,Current Dollars,Level,6,"8,218","T10705,T10705.1"
T10705,A108RC,22,Current surplus of government enterprises,1992,Current Dollars,Level,6,"10,444","T10705,T10705.1"
T10705,A108RC,22,Current surplus of government enterprises,1993,Current Dollars,Level,6,"11,431","T10705,T10705.1"
T10705,A108RC,22,Current surplus of government enterprises,1994,Current Dollars,Level,6,"12,656","T10705,T10705.1"
T10705,A108RC,22,Current surplus of government enterprises,1995,Current Dollars,Level,6,"16,507","T10705,T10705.1"
T10705,A108RC,22,Current surplus of government enterprises,1996,Current Dollars,Level,6,"17,754","T10705,T10705.1"
T10705,A108RC,22,Current surplus of government enterprises,1997,Current Dollars,Level,6,"18,079","T10705,T10705.1"
T10705,A108RC,22,Current surplus of government enterprises,1998,Current Dollars,Level,6,"16,874","T10705,T10705.1"
T10705,A108RC,22,Current surplus of government enterprises,1999,Current Dollars,Level,6,"16,829","T10705,T10705.1"
T10705,A108RC,22,Current surplus of government enterprises,2000,Current Dollars,Level,6,"11,454","T10705,T10705.1"
T10705,A108RC,22,Current surplus of government enterprises,2001,Current Dollars,Level,6,"5,658","T10705,T10705.1"
T10705,A108RC,22,Current surplus of government enterprises,2002,Current Dollars,Level,6,"7,573","T10705,T10705.1"
T10705,A108RC,22,Current surplus of government enterprises,2003,Current Dollars,Level,6,"5,121","T10705,T10705.1"
T10705,A108RC,22,Current surplus of government enterprises,2004,Current Dollars,Level,6,355,"T10705,T10705.1"
T10705,A108RC,22,Current surplus of government enterprises,2005,Current Dollars,Level,6,"-3,449","T10705,T10705.1"
T10705,A108RC,22,Current surplus of government enterprises,2006,Current Dollars,Level,6,"-5,905","T10705,T10705.1"
T10705,A108RC,22,Current surplus of government enterprises,2007,Current Dollars,Level,6,"-12,871","T10705,T10705.1"
T10705,A108RC,22,Current surplus of government enterprises,2008,Current Dollars,Level,6,"-16,728","T10705,T10705.1"
T10705,A108RC,22,Current surplus of government enterprises,2009,Current Dollars,Level,6,"-14,556","T10705,T10705.1"
T10705,A108RC,22,Current surplus of government enterprises,2010,Current Dollars,Level,6,"-18,546","T10705,T10705.1"
T10705,A108RC,22,Current surplus of government enterprises,2011,Current Dollars,Level,6,"-17,842","T10705,T10705.1"
T10705,A108RC,22,Current surplus of government enterprises,2012,Current Dollars,Level,6,"-13,646","T10705,T10705.1"
T10705,A108RC,22,Current surplus of government enterprises,2013,Current Dollars,Level,6,"-13,643","T10705,T10705.1"
T10705,A108RC,22,Current surplus of government enterprises,2014,Current Dollars,Level,6,"-8,475","T10705,T10705.1"
T10705,A108RC,22,Current surplus of government enterprises,2015,Current Dollars,Level,6,"-2,847","T10705,T10705.1"
T10705,A108RC,22,Current surplus of government enterprises,2016,Current Dollars,Level,6,"-2,154","T10705,T10705.1"
T10705,A108RC,22,Current surplus of government enterprises,2017,Current Dollars,Level,6,"-4,253","T10705,T10705.1"
T10705,A108RC,22,Current surplus of government enterprises,2018,Current Dollars,Level,6,"-4,592","T10705,T10705.1"
T10705,A108RC,22,Current surplus of government enterprises,2019,Current Dollars,Level,6,"-12,141","T10705,T10705.1"
T10705,A108RC,22,Current surplus of government enterprises,2020,Current Dollars,Level,6,"-3,062","T10705,T10705.1"
T10705,A108RC,22,Current surplus of government enterprises,2021,Current Dollars,Level,6,"-10,931","T10705,T10705.1"
T10705,A108RC,22,Current surplus of government enterprises,2022,Current Dollars,Level,6,"-16,012","T10705,T10705.1"
T10705,A108RC,22,Current surplus of government enterprises,2023,Current Dollars,Level,6,"-46,918","T10705,T10705.1"
T10705,A108RC,22,Current surplus of government enterprises,2024,Current Dollars,Level,6,"-47,460","T10705,T10705.1"
T10705,A108RC,22,Current surplus of government enterprises,2025,Current Dollars,Level,6,"-52,094","T10705,T10705.1"
T10705,W210RC,23,Plus: Personal income receipts on assets,1929,Current Dollars,Level,6,"12,686",T10705
T10705,W210RC,23,Plus: Personal income receipts on assets,1930,Current Dollars,Level,6,"11,974",T10705
T10705,W210RC,23,Plus: Personal income receipts on assets,1931,Current Dollars,Level,6,"10,564",T10705
T10705,W210RC,23,Plus: Personal income receipts on assets,1932,Current Dollars,Level,6,"8,669",T10705
T10705,W210RC,23,Plus: Personal income receipts on assets,1933,Current Dollars,Level,6,"7,693",T10705
T10705,W210RC,23,Plus: Personal income receipts on assets,1934,Current Dollars,Level,6,"8,331",T10705
T10705,W210RC,23,Plus: Personal income receipts on assets,1935,Current Dollars,Level,6,"8,584",T10705
T10705,W210RC,23,Plus: Personal income receipts on assets,1936,Current Dollars,Level,6,"10,086",T10705
T10705,W210RC,23,Plus: Personal income receipts on assets,1937,Current Dollars,Level,6,"10,412",T10705
T10705,W210RC,23,Plus: Personal income receipts on assets,1938,Current Dollars,Level,6,"8,812",T10705
T10705,W210RC,23,Plus: Personal income receipts on assets,1939,Current Dollars,Level,6,"9,476",T10705
T10705,W210RC,23,Plus: Personal income receipts on assets,1940,Current Dollars,Level,6,"9,767",T10705
T10705,W210RC,23,Plus: Personal income receipts on assets,1941,Current Dollars,Level,6,"10,305",T10705
T10705,W210RC,23,Plus: Personal income receipts on assets,1942,Current Dollars,Level,6,"10,121",T10705
T10705,W210RC,23,Plus: Personal income receipts on assets,1943,Current Dollars,Level,6,"10,529",T10705
T10705,W210RC,23,Plus: Personal income receipts on assets,1944,Current Dollars,Level,6,"10,952",T10705
T10705,W210RC,23,Plus: Personal income receipts on assets,1945,Current Dollars,Level,6,"11,778",T10705
T10705,W210RC,23,Plus: Personal income receipts on assets,1946,Current Dollars,Level,6,"13,549",T10705
T10705,W210RC,23,Plus: Personal income receipts on assets,1947,Current Dollars,Level,6,"15,397",T10705
T10705,W210RC,23,Plus: Personal income receipts on assets,1948,Current Dollars,Level,6,"16,785",T10705
T10705,W210RC,23,Plus: Personal income receipts on assets,1949,Current Dollars,Level,6,"17,927",T10705
T10705,W210RC,23,Plus: Personal income receipts on assets,1950,Current Dollars,Level,6,"20,684",T10705
T10705,W210RC,23,Plus: Personal income receipts on assets,1951,Current Dollars,Level,6,"21,437",T10705
T10705,W210RC,23,Plus: Personal income receipts on assets,1952,Current Dollars,Level,6,"22,557",T10705
T10705,W210RC,23,Plus: Personal income receipts on assets,1953,Current Dollars,Level,6,"24,526",T10705
T10705,W210RC,23,Plus: Personal income receipts on assets,1954,Current Dollars,Level,6,"26,526",T10705
T10705,W210RC,23,Plus: Personal income receipts on assets,1955,Current Dollars,Level,6,"29,301",T10705
T10705,W210RC,23,Plus: Personal income receipts on assets,1956,Current Dollars,Level,6,"32,301",T10705
T10705,W210RC,23,Plus: Personal income receipts on assets,1957,Current Dollars,Level,6,"35,454",T10705
T10705,W210RC,23,Plus: Personal income receipts on assets,1958,Current Dollars,Level,6,"37,245",T10705
T10705,W210RC,23,Plus: Personal income receipts on assets,1959,Current Dollars,Level,6,"40,726",T10705
T10705,W210RC,23,Plus: Personal income receipts on assets,1960,Current Dollars,Level,6,"44,509",T10705
T10705,W210RC,23,Plus: Personal income receipts on assets,1961,Current Dollars,Level,6,"47,311",T10705
T10705,W210RC,23,Plus: Personal income receipts on assets,1962,Current Dollars,Level,6,"52,081",T10705
T10705,W210RC,23,Plus: Personal income receipts on assets,1963,Current Dollars,Level,6,"56,700",T10705
T10705,W210RC,23,Plus: Personal income receipts on assets,1964,Current Dollars,Level,6,"63,138",T10705
T10705,W210RC,23,Plus: Personal income receipts on assets,1965,Current Dollars,Level,6,"69,483",T10705
T10705,W210RC,23,Plus: Personal income receipts on assets,1966,Current Dollars,Level,6,"74,966",T10705
T10705,W210RC,23,Plus: Personal income receipts on assets,1967,Current Dollars,Level,6,"80,966",T10705
T10705,W210RC,23,Plus: Personal income receipts on assets,1968,Current Dollars,Level,6,"88,837",T10705
T10705,W210RC,23,Plus: Personal income receipts on assets,1969,Current Dollars,Level,6,"100,348",T10705
T10705,W210RC,23,Plus: Personal income receipts on assets,1970,Current Dollars,Level,6,"114,928",T10705
T10705,W210RC,23,Plus: Personal income receipts on assets,1971,Current Dollars,Level,6,"125,126",T10705
T10705,W210RC,23,Plus: Personal income receipts on assets,1972,Current Dollars,Level,6,"136,594",T10705
T10705,W210RC,23,Plus: Personal income receipts on assets,1973,Current Dollars,Level,6,"155,388",T10705
T10705,W210RC,23,Plus: Personal income receipts on assets,1974,Current Dollars,Level,6,"180,597",T10705
T10705,W210RC,23,Plus: Personal income receipts on assets,1975,Current Dollars,Level,6,"200,960",T10705
T10705,W210RC,23,Plus: Personal income receipts on assets,1976,Current Dollars,Level,6,"220,015",T10705
T10705,W210RC,23,Plus: Personal income receipts on assets,1977,Current Dollars,Level,6,"251,574",T10705
T10705,W210RC,23,Plus: Personal income receipts on assets,1978,Current Dollars,Level,6,"285,807",T10705
T10705,W210RC,23,Plus: Personal income receipts on assets,1979,Current Dollars,Level,6,"327,138",T10705
T10705,W210RC,23,Plus: Personal income receipts on assets,1980,Current Dollars,Level,6,"397,723",T10705
T10705,W210RC,23,Plus: Personal income receipts on assets,1981,Current Dollars,Level,6,"483,931",T10705
T10705,W210RC,23,Plus: Personal income receipts on assets,1982,Current Dollars,Level,6,"554,883",T10705
T10705,W210RC,23,Plus: Personal income receipts on assets,1983,Current Dollars,Level,6,"600,199",T10705
T10705,W210RC,23,Plus: Personal income receipts on assets,1984,Current Dollars,Level,6,"676,737",T10705
T10705,W210RC,23,Plus: Personal income receipts on assets,1985,Current Dollars,Level,6,"724,311",T10705
T10705,W210RC,23,Plus: Personal income receipts on assets,1986,Current Dollars,Level,6,"766,266",T10705
T10705,W210RC,23,Plus: Personal income receipts on assets,1987,Current Dollars,Level,6,"776,310",T10705
T10705,W210RC,23,Plus: Personal income receipts on assets,1988,Current Dollars,Level,6,"848,040",T10705
T10705,W210RC,23,Plus: Personal income receipts on assets,1989,Current Dollars,Level,6,"959,746",T10705
T10705,W210RC,23,Plus: Personal income receipts on assets,1990,Current Dollars,Level,6,"1,004,849",T10705
T10705,W210RC,23,Plus: Personal income receipts on assets,1991,Current Dollars,Level,6,"1,008,698",T10705
T10705,W210RC,23,Plus: Personal income receipts on assets,1992,Current Dollars,Level,6,"995,434",T10705
T10705,W210RC,23,Plus: Personal income receipts on assets,1993,Current Dollars,Level,6,"1,001,948",T10705
T10705,W210RC,23,Plus: Personal income receipts on assets,1994,Current Dollars,Level,6,"1,043,635",T10705
T10705,W210RC,23,Plus: Personal income receipts on assets,1995,Current Dollars,Level,6,"1,128,549",T10705
T10705,W210RC,23,Plus: Personal income receipts on assets,1996,Current Dollars,Level,6,"1,188,819",T10705
T10705,W210RC,23,Plus: Personal income receipts on assets,1997,Current Dollars,Level,6,"1,266,516",T10705
T10705,W210RC,23,Plus: Personal income receipts on assets,1998,Current Dollars,Level,6,"1,352,478",T10705
T10705,W210RC,23,Plus: Personal income receipts on assets,1999,Current Dollars,Level,6,"1,336,177",T10705
T10705,W210RC,23,Plus: Personal income receipts on assets,2000,Current Dollars,Level,6,"1,455,648",T10705
T10705,W210RC,23,Plus: Personal income receipts on assets,2001,Current Dollars,Level,6,"1,461,935",T10705
T10705,W210RC,23,Plus: Personal income receipts on assets,2002,Current Dollars,Level,6,"1,402,632",T10705
T10705,W210RC,23,Plus: Personal income receipts on assets,2003,Current Dollars,Level,6,"1,435,569",T10705
T10705,W210RC,23,Plus: Personal income receipts on assets,2004,Current Dollars,Level,6,"1,498,706",T10705
T10705,W210RC,23,Plus: Personal income receipts on assets,2005,Current Dollars,Level,6,"1,636,354",T10705
T10705,W210RC,23,Plus: Personal income receipts on assets,2006,Current Dollars,Level,6,"1,899,026",T10705
T10705,W210RC,23,Plus: Personal income receipts on assets,2007,Current Dollars,Level,6,"2,105,303",T10705
T10705,W210RC,23,Plus: Personal income receipts on assets,2008,Current Dollars,Level,6,"2,151,519",T10705
T10705,W210RC,23,Plus: Personal income receipts on assets,2009,Current Dollars,Level,6,"1,838,471",T10705
T10705,W210RC,23,Plus: Personal income receipts on assets,2010,Current Dollars,Level,6,"1,747,679",T10705
T10705,W210RC,23,Plus: Personal income receipts on assets,2011,Current Dollars,Level,6,"1,906,485",T10705
T10705,W210RC,23,Plus: Personal income receipts on assets,2012,Current Dollars,Level,6,"2,103,551",T10705
T10705,W210RC,23,Plus: Personal income receipts on assets,2013,Current Dollars,Level,6,"1,983,244",T10705
T10705,W210RC,23,Plus: Personal income receipts on assets,2014,Current Dollars,Level,6,"2,177,401",T10705
T10705,W210RC,23,Plus: Personal income receipts on assets,2015,Current Dollars,Level,6,"2,344,590",T10705
T10705,W210RC,23,Plus: Personal income receipts on assets,2016,Current Dollars,Level,6,"2,415,419",T10705
T10705,W210RC,23,Plus: Personal income receipts on assets,2017,Current Dollars,Level,6,"2,610,966",T10705
T10705,W210RC,23,Plus: Personal income receipts on assets,2018,Current Dollars,Level,6,"2,789,376",T10705
T10705,W210RC,23,Plus: Personal income receipts on assets,2019,Current Dollars,Level,6,"2,950,022",T10705
T10705,W210RC,23,Plus: Personal income receipts on assets,2020,Current Dollars,Level,6,"2,904,977",T10705
T10705,W210RC,23,Plus: Personal income receipts on assets,2021,Current Dollars,Level,6,"3,244,256",T10705
T10705,W210RC,23,Plus: Personal income receipts on assets,2022,Current Dollars,Level,6,"3,534,598",T10705
T10705,W210RC,23,Plus: Personal income receipts on assets,2023,Current Dollars,Level,6,"3,977,134",T10705
T10705,W210RC,23,Plus: Personal income receipts on assets,2024,Current Dollars,Level,6,"4,145,344",T10705
T10705,W210RC,23,Plus: Personal income receipts on assets,2025,Current Dollars,Level,6,"4,215,017",T10705
T10705,A577RC,24,Plus: Personal current transfer receipts,1929,Current Dollars,Level,6,"1,189",T10705
T10705,A577RC,24,Plus: Personal current transfer receipts,1930,Current Dollars,Level,6,"1,221",T10705
T10705,A577RC,24,Plus: Personal current transfer receipts,1931,Current Dollars,Level,6,"2,348",T10705
T10705,A577RC,24,Plus: Personal current transfer receipts,1932,Current Dollars,Level,6,"1,745",T10705
T10705,A577RC,24,Plus: Personal current transfer receipts,1933,Current Dollars,Level,6,"1,691",T10705
T10705,A577RC,24,Plus: Personal current transfer receipts,1934,Current Dollars,Level,6,"1,752",T10705
T10705,A577RC,24,Plus: Personal current transfer receipts,1935,Current Dollars,Level,6,"1,976",T10705
T10705,A577RC,24,Plus: Personal current transfer receipts,1936,Current Dollars,Level,6,"3,081",T10705
T10705,A577RC,24,Plus: Personal current transfer receipts,1937,Current Dollars,Level,6,"1,975",T10705
T10705,A577RC,24,Plus: Personal current transfer receipts,1938,Current Dollars,Level,6,"2,399",T10705
T10705,A577RC,24,Plus: Personal current transfer receipts,1939,Current Dollars,Level,6,"2,518",T10705
T10705,A577RC,24,Plus: Personal current transfer receipts,1940,Current Dollars,Level,6,"2,681",T10705
T10705,A577RC,24,Plus: Personal current transfer receipts,1941,Current Dollars,Level,6,"2,656",T10705
T10705,A577RC,24,Plus: Personal current transfer receipts,1942,Current Dollars,Level,6,"2,664",T10705
T10705,A577RC,24,Plus: Personal current transfer receipts,1943,Current Dollars,Level,6,"2,489",T10705
T10705,A577RC,24,Plus: Personal current transfer receipts,1944,Current Dollars,Level,6,"3,107",T10705
T10705,A577RC,24,Plus: Personal current transfer receipts,1945,Current Dollars,Level,6,"5,642",T10705
T10705,A577RC,24,Plus: Personal current transfer receipts,1946,Current Dollars,Level,6,"10,548",T10705
T10705,A577RC,24,Plus: Personal current transfer receipts,1947,Current Dollars,Level,6,"10,820",T10705
T10705,A577RC,24,Plus: Personal current transfer receipts,1948,Current Dollars,Level,6,"10,252",T10705
T10705,A577RC,24,Plus: Personal current transfer receipts,1949,Current Dollars,Level,6,"11,212",T10705
T10705,A577RC,24,Plus: Personal current transfer receipts,1950,Current Dollars,Level,6,"13,972",T10705
T10705,A577RC,24,Plus: Personal current transfer receipts,1951,Current Dollars,Level,6,"11,411",T10705
T10705,A577RC,24,Plus: Personal current transfer receipts,1952,Current Dollars,Level,6,"11,882",T10705
T10705,A577RC,24,Plus: Personal current transfer receipts,1953,Current Dollars,Level,6,"12,516",T10705
T10705,A577RC,24,Plus: Personal current transfer receipts,1954,Current Dollars,Level,6,"14,314",T10705
T10705,A577RC,24,Plus: Personal current transfer receipts,1955,Current Dollars,Level,6,"15,684",T10705
T10705,A577RC,24,Plus: Personal current transfer receipts,1956,Current Dollars,Level,6,"16,827",T10705
T10705,A577RC,24,Plus: Personal current transfer receipts,1957,Current Dollars,Level,6,"19,527",T10705
T10705,A577RC,24,Plus: Personal current transfer receipts,1958,Current Dollars,Level,6,"23,466",T10705
T10705,A577RC,24,Plus: Personal current transfer receipts,1959,Current Dollars,Level,6,"24,239",T10705
T10705,A577RC,24,Plus: Personal current transfer receipts,1960,Current Dollars,Level,6,"25,740",T10705
T10705,A577RC,24,Plus: Personal current transfer receipts,1961,Current Dollars,Level,6,"29,450",T10705
T10705,A577RC,24,Plus: Personal current transfer receipts,1962,Current Dollars,Level,6,"30,392",T10705
T10705,A577RC,24,Plus: Personal current transfer receipts,1963,Current Dollars,Level,6,"32,209",T10705
T10705,A577RC,24,Plus: Personal current transfer receipts,1964,Current Dollars,Level,6,"33,504",T10705
T10705,A577RC,24,Plus: Personal current transfer receipts,1965,Current Dollars,Level,6,"36,178",T10705
T10705,A577RC,24,Plus: Personal current transfer receipts,1966,Current Dollars,Level,6,"39,617",T10705
T10705,A577RC,24,Plus: Personal current transfer receipts,1967,Current Dollars,Level,6,"48,014",T10705
T10705,A577RC,24,Plus: Personal current transfer receipts,1968,Current Dollars,Level,6,"56,094",T10705
T10705,A577RC,24,Plus: Personal current transfer receipts,1969,Current Dollars,Level,6,"62,304",T10705
T10705,A577RC,24,Plus: Personal current transfer receipts,1970,Current Dollars,Level,6,"74,663",T10705
T10705,A577RC,24,Plus: Personal current transfer receipts,1971,Current Dollars,Level,6,"88,108",T10705
T10705,A577RC,24,Plus: Personal current transfer receipts,1972,Current Dollars,Level,6,"97,920",T10705
T10705,A577RC,24,Plus: Personal current transfer receipts,1973,Current Dollars,Level,6,"112,568",T10705
T10705,A577RC,24,Plus: Personal current transfer receipts,1974,Current Dollars,Level,6,"133,294",T10705
T10705,A577RC,24,Plus: Personal current transfer receipts,1975,Current Dollars,Level,6,"169,978",T10705
T10705,A577RC,24,Plus: Personal current transfer receipts,1976,Current Dollars,Level,6,"184,337",T10705
T10705,A577RC,24,Plus: Personal current transfer receipts,1977,Current Dollars,Level,6,"194,572",T10705
T10705,A577RC,24,Plus: Personal current transfer receipts,1978,Current Dollars,Level,6,"209,890",T10705
T10705,A577RC,24,Plus: Personal current transfer receipts,1979,Current Dollars,Level,6,"235,559",T10705
T10705,A577RC,24,Plus: Personal current transfer receipts,1980,Current Dollars,Level,6,"280,128",T10705
T10705,A577RC,24,Plus: Personal current transfer receipts,1981,Current Dollars,Level,6,"318,984",T10705
T10705,A577RC,24,Plus: Personal current transfer receipts,1982,Current Dollars,Level,6,"355,465",T10705
T10705,A577RC,24,Plus: Personal current transfer receipts,1983,Current Dollars,Level,6,"384,295",T10705
T10705,A577RC,24,Plus: Personal current transfer receipts,1984,Current Dollars,Level,6,"400,636",T10705
T10705,A577RC,24,Plus: Personal current transfer receipts,1985,Current Dollars,Level,6,"425,372",T10705
T10705,A577RC,24,Plus: Personal current transfer receipts,1986,Current Dollars,Level,6,"451,555",T10705
T10705,A577RC,24,Plus: Personal current transfer receipts,1987,Current Dollars,Level,6,"468,141",T10705
T10705,A577RC,24,Plus: Personal current transfer receipts,1988,Current Dollars,Level,6,"497,460",T10705
T10705,A577RC,24,Plus: Personal current transfer receipts,1989,Current Dollars,Level,6,"544,241",T10705
T10705,A577RC,24,Plus: Personal current transfer receipts,1990,Current Dollars,Level,6,"596,867",T10705
T10705,A577RC,24,Plus: Personal current transfer receipts,1991,Current Dollars,Level,6,"668,143",T10705
T10705,A577RC,24,Plus: Personal current transfer receipts,1992,Current Dollars,Level,6,"748,037",T10705
T10705,A577RC,24,Plus: Personal current transfer receipts,1993,Current Dollars,Level,6,"792,989",T10705
T10705,A577RC,24,Plus: Personal current transfer receipts,1994,Current Dollars,Level,6,"828,963",T10705
T10705,A577RC,24,Plus: Personal current transfer receipts,1995,Current Dollars,Level,6,"883,455",T10705
T10705,A577RC,24,Plus: Personal current transfer receipts,1996,Current Dollars,Level,6,"929,203",T10705
T10705,A577RC,24,Plus: Personal current transfer receipts,1997,Current Dollars,Level,6,"954,864",T10705
T10705,A577RC,24,Plus: Personal current transfer receipts,1998,Current Dollars,Level,6,"983,911",T10705
T10705,A577RC,24,Plus: Personal current transfer receipts,1999,Current Dollars,Level,6,"1,026,175",T10705
T10705,A577RC,24,Plus: Personal current transfer receipts,2000,Current Dollars,Level,6,"1,087,311",T10705
T10705,A577RC,24,Plus: Personal current transfer receipts,2001,Current Dollars,Level,6,"1,192,597",T10705
T10705,A577RC,24,Plus: Personal current transfer receipts,2002,Current Dollars,Level,6,"1,285,216",T10705
T10705,A577RC,24,Plus: Personal current transfer receipts,2003,Current Dollars,Level,6,"1,347,256",T10705
T10705,A577RC,24,Plus: Personal current transfer receipts,2004,Current Dollars,Level,6,"1,421,242",T10705
T10705,A577RC,24,Plus: Personal current transfer receipts,2005,Current Dollars,Level,6,"1,516,743",T10705
T10705,A577RC,24,Plus: Personal current transfer receipts,2006,Current Dollars,Level,6,"1,613,843",T10705
T10705,A577RC,24,Plus: Personal current transfer receipts,2007,Current Dollars,Level,6,"1,728,094",T10705
T10705,A577RC,24,Plus: Personal current transfer receipts,2008,Current Dollars,Level,6,"1,955,114",T10705
T10705,A577RC,24,Plus: Personal current transfer receipts,2009,Current Dollars,Level,6,"2,146,744",T10705
T10705,A577RC,24,Plus: Personal current transfer receipts,2010,Current Dollars,Level,6,"2,325,153",T10705
T10705,A577RC,24,Plus: Personal current transfer receipts,2011,Current Dollars,Level,6,"2,358,685",T10705
T10705,A577RC,24,Plus: Personal current transfer receipts,2012,Current Dollars,Level,6,"2,363,017",T10705
T10705,A577RC,24,Plus: Personal current transfer receipts,2013,Current Dollars,Level,6,"2,424,348",T10705
T10705,A577RC,24,Plus: Personal current transfer receipts,2014,Current Dollars,Level,6,"2,541,550",T10705
T10705,A577RC,24,Plus: Personal current transfer receipts,2015,Current Dollars,Level,6,"2,685,407",T10705
T10705,A577RC,24,Plus: Personal current transfer receipts,2016,Current Dollars,Level,6,"2,777,022",T10705
T10705,A577RC,24,Plus: Personal current transfer receipts,2017,Current Dollars,Level,6,"2,855,685",T10705
T10705,A577RC,24,Plus: Personal current transfer receipts,2018,Current Dollars,Level,6,"2,976,276",T10705
T10705,A577RC,24,Plus: Personal current transfer receipts,2019,Current Dollars,Level,6,"3,147,101",T10705
T10705,A577RC,24,Plus: Personal current transfer receipts,2020,Current Dollars,Level,6,"4,235,181",T10705
T10705,A577RC,24,Plus: Personal current transfer receipts,2021,Current Dollars,Level,6,"4,660,198",T10705
T10705,A577RC,24,Plus: Personal current transfer receipts,2022,Current Dollars,Level,6,"4,139,640",T10705
T10705,A577RC,24,Plus: Personal current transfer receipts,2023,Current Dollars,Level,6,"4,256,694",T10705
T10705,A577RC,24,Plus: Personal current transfer receipts,2024,Current Dollars,Level,6,"4,555,419",T10705
T10705,A577RC,24,Plus: Personal current transfer receipts,2025,Current Dollars,Level,6,"4,958,036",T10705
T10705,A065RC,25,Equals: Personal income,1929,Current Dollars,Level,6,"85,289",T10705
T10705,A065RC,25,Equals: Personal income,1930,Current Dollars,Level,6,"76,533",T10705
T10705,A065RC,25,Equals: Personal income,1931,Current Dollars,Level,6,"65,668",T10705
T10705,A065RC,25,Equals: Personal income,1932,Current Dollars,Level,6,"50,294",T10705
T10705,A065RC,25,Equals: Personal income,1933,Current Dollars,Level,6,"47,234",T10705
T10705,A065RC,25,Equals: Personal income,1934,Current Dollars,Level,6,"54,090",T10705
T10705,A065RC,25,Equals: Personal income,1935,Current Dollars,Level,6,"60,843",T10705
T10705,A065RC,25,Equals: Personal income,1936,Current Dollars,Level,6,"69,221",T10705
T10705,A065RC,25,Equals: Personal income,1937,Current Dollars,Level,6,"74,710",T10705
T10705,A065RC,25,Equals: Personal income,1938,Current Dollars,Level,6,"69,084",T10705
T10705,A065RC,25,Equals: Personal income,1939,Current Dollars,Level,6,"73,632",T10705
T10705,A065RC,25,Equals: Personal income,1940,Current Dollars,Level,6,"79,408",T10705
T10705,A065RC,25,Equals: Personal income,1941,Current Dollars,Level,6,"97,878",T10705
T10705,A065RC,25,Equals: Personal income,1942,Current Dollars,Level,6,"126,724",T10705
T10705,A065RC,25,Equals: Personal income,1943,Current Dollars,Level,6,"156,187",T10705
T10705,A065RC,25,Equals: Personal income,1944,Current Dollars,Level,6,"169,717",T10705
T10705,A065RC,25,Equals: Personal income,1945,Current Dollars,Level,6,"175,786",T10705
T10705,A065RC,25,Equals: Personal income,1946,Current Dollars,Level,6,"182,534",T10705
T10705,A065RC,25,Equals: Personal income,1947,Current Dollars,Level,6,"194,481",T10705
T10705,A065RC,25,Equals: Personal income,1948,Current Dollars,Level,6,"213,496",T10705
T10705,A065RC,25,Equals: Personal income,1949,Current Dollars,Level,6,"211,071",T10705
T10705,A065RC,25,Equals: Personal income,1950,Current Dollars,Level,6,"233,735",T10705
T10705,A065RC,25,Equals: Personal income,1951,Current Dollars,Level,6,"264,232",T10705
T10705,A065RC,25,Equals: Personal income,1952,Current Dollars,Level,6,"282,460",T10705
T10705,A065RC,25,Equals: Personal income,1953,Current Dollars,Level,6,"299,227",T10705
T10705,A065RC,25,Equals: Personal income,1954,Current Dollars,Level,6,"302,221",T10705
T10705,A065RC,25,Equals: Personal income,1955,Current Dollars,Level,6,"324,159",T10705
T10705,A065RC,25,Equals: Personal income,1956,Current Dollars,Level,6,"347,903",T10705
T10705,A065RC,25,Equals: Personal income,1957,Current Dollars,Level,6,"367,983",T10705
T10705,A065RC,25,Equals: Personal income,1958,Current Dollars,Level,6,"378,953",T10705
T10705,A065RC,25,Equals: Personal income,1959,Current Dollars,Level,6,"402,865",T10705
T10705,A065RC,25,Equals: Personal income,1960,Current Dollars,Level,6,"422,138",T10705
T10705,A065RC,25,Equals: Personal income,1961,Current Dollars,Level,6,"440,576",T10705
T10705,A065RC,25,Equals: Personal income,1962,Current Dollars,Level,6,"468,837",T10705
T10705,A065RC,25,Equals: Personal income,1963,Current Dollars,Level,6,"492,774",T10705
T10705,A065RC,25,Equals: Personal income,1964,Current Dollars,Level,6,"528,193",T10705
T10705,A065RC,25,Equals: Personal income,1965,Current Dollars,Level,6,"570,659",T10705
T10705,A065RC,25,Equals: Personal income,1966,Current Dollars,Level,6,"620,339",T10705
T10705,A065RC,25,Equals: Personal income,1967,Current Dollars,Level,6,"665,723",T10705
T10705,A065RC,25,Equals: Personal income,1968,Current Dollars,Level,6,"730,915",T10705
T10705,A065RC,25,Equals: Personal income,1969,Current Dollars,Level,6,"800,336",T10705
T10705,A065RC,25,Equals: Personal income,1970,Current Dollars,Level,6,"865,045",T10705
T10705,A065RC,25,Equals: Personal income,1971,Current Dollars,Level,6,"932,785",T10705
T10705,A065RC,25,Equals: Personal income,1972,Current Dollars,Level,6,"1,024,456",T10705
T10705,A065RC,25,Equals: Personal income,1973,Current Dollars,Level,6,"1,140,780",T10705
T10705,A065RC,25,Equals: Personal income,1974,Current Dollars,Level,6,"1,251,819",T10705
T10705,A065RC,25,Equals: Personal income,1975,Current Dollars,Level,6,"1,369,389",T10705
T10705,A065RC,25,Equals: Personal income,1976,Current Dollars,Level,6,"1,502,647",T10705
T10705,A065RC,25,Equals: Personal income,1977,Current Dollars,Level,6,"1,659,236",T10705
T10705,A065RC,25,Equals: Personal income,1978,Current Dollars,Level,6,"1,863,721",T10705
T10705,A065RC,25,Equals: Personal income,1979,Current Dollars,Level,6,"2,082,709",T10705
T10705,A065RC,25,Equals: Personal income,1980,Current Dollars,Level,6,"2,324,458",T10705
T10705,A065RC,25,Equals: Personal income,1981,Current Dollars,Level,6,"2,603,200",T10705
T10705,A065RC,25,Equals: Personal income,1982,Current Dollars,Level,6,"2,789,461",T10705
T10705,A065RC,25,Equals: Personal income,1983,Current Dollars,Level,6,"2,981,716",T10705
T10705,A065RC,25,Equals: Personal income,1984,Current Dollars,Level,6,"3,288,674",T10705
T10705,A065RC,25,Equals: Personal income,1985,Current Dollars,Level,6,"3,522,893",T10705
T10705,A065RC,25,Equals: Personal income,1986,Current Dollars,Level,6,"3,731,193",T10705
T10705,A065RC,25,Equals: Personal income,1987,Current Dollars,Level,6,"3,946,806",T10705
T10705,A065RC,25,Equals: Personal income,1988,Current Dollars,Level,6,"4,280,021",T10705
T10705,A065RC,25,Equals: Personal income,1989,Current Dollars,Level,6,"4,621,012",T10705
T10705,A065RC,25,Equals: Personal income,1990,Current Dollars,Level,6,"4,913,303",T10705
T10705,A065RC,25,Equals: Personal income,1991,Current Dollars,Level,6,"5,089,913",T10705
T10705,A065RC,25,Equals: Personal income,1992,Current Dollars,Level,6,"5,417,494",T10705
T10705,A065RC,25,Equals: Personal income,1993,Current Dollars,Level,6,"5,652,865",T10705
T10705,A065RC,25,Equals: Personal income,1994,Current Dollars,Level,6,"5,940,921",T10705
T10705,A065RC,25,Equals: Personal income,1995,Current Dollars,Level,6,"6,283,359",T10705
T10705,A065RC,25,Equals: Personal income,1996,Current Dollars,Level,6,"6,666,199",T10705
T10705,A065RC,25,Equals: Personal income,1997,Current Dollars,Level,6,"7,073,974",T10705
T10705,A065RC,25,Equals: Personal income,1998,Current Dollars,Level,6,"7,588,358",T10705
T10705,A065RC,25,Equals: Personal income,1999,Current Dollars,Level,6,"7,978,599",T10705
T10705,A065RC,25,Equals: Personal income,2000,Current Dollars,Level,6,"8,621,299",T10705
T10705,A065RC,25,Equals: Personal income,2001,Current Dollars,Level,6,"8,993,143",T10705
T10705,A065RC,25,Equals: Personal income,2002,Current Dollars,Level,6,"9,150,049",T10705
T10705,A065RC,25,Equals: Personal income,2003,Current Dollars,Level,6,"9,481,755",T10705
T10705,A065RC,25,Equals: Personal income,2004,Current Dollars,Level,6,"10,015,873",T10705
T10705,A065RC,25,Equals: Personal income,2005,Current Dollars,Level,6,"10,546,102",T10705
T10705,A065RC,25,Equals: Personal income,2006,Current Dollars,Level,6,"11,301,996",T10705
T10705,A065RC,25,Equals: Personal income,2007,Current Dollars,Level,6,"11,932,119",T10705
T10705,A065RC,25,Equals: Personal income,2008,Current Dollars,Level,6,"12,425,679",T10705
T10705,A065RC,25,Equals: Personal income,2009,Current Dollars,Level,6,"12,065,682",T10705
T10705,A065RC,25,Equals: Personal income,2010,Current Dollars,Level,6,"12,556,628",T10705
T10705,A065RC,25,Equals: Personal income,2011,Current Dollars,Level,6,"13,309,571",T10705
T10705,A065RC,25,Equals: Personal income,2012,Current Dollars,Level,6,"13,917,794",T10705
T10705,A065RC,25,Equals: Personal income,2013,Current Dollars,Level,6,"14,068,770",T10705
T10705,A065RC,25,Equals: Personal income,2014,Current Dollars,Level,6,"14,784,074",T10705
T10705,A065RC,25,Equals: Personal income,2015,Current Dollars,Level,6,"15,473,741",T10705
T10705,A065RC,25,Equals: Personal income,2016,Current Dollars,Level,6,"15,887,651",T10705
T10705,A065RC,25,Equals: Personal income,2017,Current Dollars,Level,6,"16,662,756",T10705
T10705,A065RC,25,Equals: Personal income,2018,Current Dollars,Level,6,"17,528,192",T10705
T10705,A065RC,25,Equals: Personal income,2019,Current Dollars,Level,6,"18,363,160",T10705
T10705,A065RC,25,Equals: Personal income,2020,Current Dollars,Level,6,"19,631,652",T10705
T10705,A065RC,25,Equals: Personal income,2021,Current Dollars,Level,6,"21,498,910",T10705
T10705,A065RC,25,Equals: Personal income,2022,Current Dollars,Level,6,"22,153,803",T10705
T10705,A065RC,25,Equals: Personal income,2023,Current Dollars,Level,6,"23,585,016",T10705
T10705,A065RC,25,Equals: Personal income,2024,Current Dollars,Level,6,"24,905,900",T10705
T10705,A065RC,25,Equals: Personal income,2025,Current Dollars,Level,6,"26,081,296",T10705
T10705,A261RC,26,Gross domestic income (GDI),1929,Current Dollars,Level,6,"103,822",T10705
T10705,A261RC,26,Gross domestic income (GDI),1930,Current Dollars,Level,6,"92,606",T10705
T10705,A261RC,26,Gross domestic income (GDI),1931,Current Dollars,Level,6,"76,653",T10705
T10705,A261RC,26,Gross domestic income (GDI),1932,Current Dollars,Level,6,"59,248",T10705
T10705,A261RC,26,Gross domestic income (GDI),1933,Current Dollars,Level,6,"56,636",T10705
T10705,A261RC,26,Gross domestic income (GDI),1934,Current Dollars,Level,6,"66,428",T10705
T10705,A261RC,26,Gross domestic income (GDI),1935,Current Dollars,Level,6,"74,471",T10705
T10705,A261RC,26,Gross domestic income (GDI),1936,Current Dollars,Level,6,"83,648",T10705
T10705,A261RC,26,Gross domestic income (GDI),1937,Current Dollars,Level,6,"93,048",T10705
T10705,A261RC,26,Gross domestic income (GDI),1938,Current Dollars,Level,6,"86,671",T10705
T10705,A261RC,26,Gross domestic income (GDI),1939,Current Dollars,Level,6,"92,148",T10705
T10705,A261RC,26,Gross domestic income (GDI),1940,Current Dollars,Level,6,"101,834",T10705
T10705,A261RC,26,Gross domestic income (GDI),1941,Current Dollars,Level,6,"128,991",T10705
T10705,A261RC,26,Gross domestic income (GDI),1942,Current Dollars,Level,6,"166,859",T10705
T10705,A261RC,26,Gross domestic income (GDI),1943,Current Dollars,Level,6,"204,909",T10705
T10705,A261RC,26,Gross domestic income (GDI),1944,Current Dollars,Level,6,"221,915",T10705
T10705,A261RC,26,Gross domestic income (GDI),1945,Current Dollars,Level,6,"224,176",T10705
T10705,A261RC,26,Gross domestic income (GDI),1946,Current Dollars,Level,6,"226,303",T10705
T10705,A261RC,26,Gross domestic income (GDI),1947,Current Dollars,Level,6,"246,753",T10705
T10705,A261RC,26,Gross domestic income (GDI),1948,Current Dollars,Level,6,"274,719",T10705
T10705,A261RC,26,Gross domestic income (GDI),1949,Current Dollars,Level,6,"270,731",T10705
T10705,A261RC,26,Gross domestic income (GDI),1950,Current Dollars,Level,6,"298,565",T10705
T10705,A261RC,26,Gross domestic income (GDI),1951,Current Dollars,Level,6,"343,468",T10705
T10705,A261RC,26,Gross domestic income (GDI),1952,Current Dollars,Level,6,"364,737",T10705
T10705,A261RC,26,Gross domestic income (GDI),1953,Current Dollars,Level,6,"385,426",T10705
T10705,A261RC,26,Gross domestic income (GDI),1954,Current Dollars,Level,6,"387,641",T10705
T10705,A261RC,26,Gross domestic income (GDI),1955,Current Dollars,Level,6,"423,348",T10705
T10705,A261RC,26,Gross domestic income (GDI),1956,Current Dollars,Level,6,"451,386",T10705
T10705,A261RC,26,Gross domestic income (GDI),1957,Current Dollars,Level,6,"474,395",T10705
T10705,A261RC,26,Gross domestic income (GDI),1958,Current Dollars,Level,6,"480,584",T10705
T10705,A261RC,26,Gross domestic income (GDI),1959,Current Dollars,Level,6,"521,454",T10705
T10705,A261RC,26,Gross domestic income (GDI),1960,Current Dollars,Level,6,"543,690",T10705
T10705,A261RC,26,Gross domestic income (GDI),1961,Current Dollars,Level,6,"563,124",T10705
T10705,A261RC,26,Gross domestic income (GDI),1962,Current Dollars,Level,6,"603,951",T10705
T10705,A261RC,26,Gross domestic income (GDI),1963,Current Dollars,Level,6,"638,918",T10705
T10705,A261RC,26,Gross domestic income (GDI),1964,Current Dollars,Level,6,"684,510",T10705
T10705,A261RC,26,Gross domestic income (GDI),1965,Current Dollars,Level,6,"741,547",T10705
T10705,A261RC,26,Gross domestic income (GDI),1966,Current Dollars,Level,6,"808,333",T10705
T10705,A261RC,26,Gross domestic income (GDI),1967,Current Dollars,Level,6,"856,600",T10705
T10705,A261RC,26,Gross domestic income (GDI),1968,Current Dollars,Level,6,"937,518",T10705
T10705,A261RC,26,Gross domestic income (GDI),1969,Current Dollars,Level,6,"1,016,032",T10705
T10705,A261RC,26,Gross domestic income (GDI),1970,Current Dollars,Level,6,"1,067,965",T10705
T10705,A261RC,26,Gross domestic income (GDI),1971,Current Dollars,Level,6,"1,155,333",T10705
T10705,A261RC,26,Gross domestic income (GDI),1972,Current Dollars,Level,6,"1,271,943",T10705
T10705,A261RC,26,Gross domestic income (GDI),1973,Current Dollars,Level,6,"1,419,232",T10705
T10705,A261RC,26,Gross domestic income (GDI),1974,Current Dollars,Level,6,"1,537,793",T10705
T10705,A261RC,26,Gross domestic income (GDI),1975,Current Dollars,Level,6,"1,671,561",T10705
T10705,A261RC,26,Gross domestic income (GDI),1976,Current Dollars,Level,6,"1,852,757",T10705
T10705,A261RC,26,Gross domestic income (GDI),1977,Current Dollars,Level,6,"2,062,378",T10705
T10705,A261RC,26,Gross domestic income (GDI),1978,Current Dollars,Level,6,"2,328,274",T10705
T10705,A261RC,26,Gross domestic income (GDI),1979,Current Dollars,Level,6,"2,582,331",T10705
T10705,A261RC,26,Gross domestic income (GDI),1980,Current Dollars,Level,6,"2,813,037",T10705
T10705,A261RC,26,Gross domestic income (GDI),1981,Current Dollars,Level,6,"3,169,341",T10705
T10705,A261RC,26,Gross domestic income (GDI),1982,Current Dollars,Level,6,"3,335,141",T10705
T10705,A261RC,26,Gross domestic income (GDI),1983,Current Dollars,Level,6,"3,577,187",T10705
T10705,A261RC,26,Gross domestic income (GDI),1984,Current Dollars,Level,6,"3,996,190",T10705
T10705,A261RC,26,Gross domestic income (GDI),1985,Current Dollars,Level,6,"4,284,907",T10705
T10705,A261RC,26,Gross domestic income (GDI),1986,Current Dollars,Level,6,"4,499,783",T10705
T10705,A261RC,26,Gross domestic income (GDI),1987,Current Dollars,Level,6,"4,811,610",T10705
T10705,A261RC,26,Gross domestic income (GDI),1988,Current Dollars,Level,6,"5,233,615",T10705
T10705,A261RC,26,Gross domestic income (GDI),1989,Current Dollars,Level,6,"5,573,751",T10705
T10705,A261RC,26,Gross domestic income (GDI),1990,Current Dollars,Level,6,"5,867,789",T10705
T10705,A261RC,26,Gross domestic income (GDI),1991,Current Dollars,Level,6,"6,065,418",T10705
T10705,A261RC,26,Gross domestic income (GDI),1992,Current Dollars,Level,6,"6,404,817",T10705
T10705,A261RC,26,Gross domestic income (GDI),1993,Current Dollars,Level,6,"6,703,129",T10705
T10705,A261RC,26,Gross domestic income (GDI),1994,Current Dollars,Level,6,"7,147,990",T10705
T10705,A261RC,26,Gross domestic income (GDI),1995,Current Dollars,Level,6,"7,547,593",T10705
T10705,A261RC,26,Gross domestic income (GDI),1996,Current Dollars,Level,6,"8,016,095",T10705
T10705,A261RC,26,Gross domestic income (GDI),1997,Current Dollars,Level,6,"8,567,298",T10705
T10705,A261RC,26,Gross domestic income (GDI),1998,Current Dollars,Level,6,"9,119,217",T10705
T10705,A261RC,26,Gross domestic income (GDI),1999,Current Dollars,Level,6,"9,660,488",T10705
T10705,A261RC,26,Gross domestic income (GDI),2000,Current Dollars,Level,6,"10,346,717",T10705
T10705,A261RC,26,Gross domestic income (GDI),2001,Current Dollars,Level,6,"10,698,659",T10705
T10705,A261RC,26,Gross domestic income (GDI),2002,Current Dollars,Level,6,"11,010,778",T10705
T10705,A261RC,26,Gross domestic income (GDI),2003,Current Dollars,Level,6,"11,480,643",T10705
T10705,A261RC,26,Gross domestic income (GDI),2004,Current Dollars,Level,6,"12,245,295",T10705
T10705,A261RC,26,Gross domestic income (GDI),2005,Current Dollars,Level,6,"13,096,193",T10705
T10705,A261RC,26,Gross domestic income (GDI),2006,Current Dollars,Level,6,"14,025,375",T10705
T10705,A261RC,26,Gross domestic income (GDI),2007,Current Dollars,Level,6,"14,461,933",T10705
T10705,A261RC,26,Gross domestic income (GDI),2008,Current Dollars,Level,6,"14,578,667",T10705
T10705,A261RC,26,Gross domestic income (GDI),2009,Current Dollars,Level,6,"14,286,347",T10705
T10705,A261RC,26,Gross domestic income (GDI),2010,Current Dollars,Level,6,"14,979,526",T10705
T10705,A261RC,26,Gross domestic income (GDI),2011,Current Dollars,Level,6,"15,624,026",T10705
T10705,A261RC,26,Gross domestic income (GDI),2012,Current Dollars,Level,6,"16,407,611",T10705
T10705,A261RC,26,Gross domestic income (GDI),2013,Current Dollars,Level,6,"16,910,471",T10705
T10705,A261RC,26,Gross domestic income (GDI),2014,Current Dollars,Level,6,"17,749,078",T10705
T10705,A261RC,26,Gross domestic income (GDI),2015,Current Dollars,Level,6,"18,387,992",T10705
T10705,A261RC,26,Gross domestic income (GDI),2016,Current Dollars,Level,6,"18,752,004",T10705
T10705,A261RC,26,Gross domestic income (GDI),2017,Current Dollars,Level,6,"19,544,200",T10705
T10705,A261RC,26,Gross domestic income (GDI),2018,Current Dollars,Level,6,"20,593,076",T10705
T10705,A261RC,26,Gross domestic income (GDI),2019,Current Dollars,Level,6,"21,482,943",T10705
T10705,A261RC,26,Gross domestic income (GDI),2020,Current Dollars,Level,6,"21,254,695",T10705
T10705,A261RC,26,Gross domestic income (GDI),2021,Current Dollars,Level,6,"23,687,817",T10705
T10705,A261RC,26,Gross domestic income (GDI),2022,Current Dollars,Level,6,"26,055,012",T10705
T10705,A261RC,26,Gross domestic income (GDI),2023,Current Dollars,Level,6,"27,485,663",T10705
T10705,A261RC,26,Gross domestic income (GDI),2024,Current Dollars,Level,6,"29,001,715",T10705
T10705,LA000009,27,Average of GDP and GDI,1929,Current Dollars,Level,6,"104,189","T10705,T10705.2"
T10705,LA000009,27,Average of GDP and GDI,1930,Current Dollars,Level,6,"92,383","T10705,T10705.2"
T10705,LA000009,27,Average of GDP and GDI,1931,Current Dollars,Level,6,"77,022","T10705,T10705.2"
T10705,LA000009,27,Average of GDP and GDI,1932,Current Dollars,Level,6,"59,385","T10705,T10705.2"
T10705,LA000009,27,Average of GDP and GDI,1933,Current Dollars,Level,6,"56,895","T10705,T10705.2"
T10705,LA000009,27,Average of GDP and GDI,1934,Current Dollars,Level,6,"66,614","T10705,T10705.2"
T10705,LA000009,27,Average of GDP and GDI,1935,Current Dollars,Level,6,"74,356","T10705,T10705.2"
T10705,LA000009,27,Average of GDP and GDI,1936,Current Dollars,Level,6,"84,239","T10705,T10705.2"
T10705,LA000009,27,Average of GDP and GDI,1937,Current Dollars,Level,6,"93,026","T10705,T10705.2"
T10705,LA000009,27,Average of GDP and GDI,1938,Current Dollars,Level,6,"87,011","T10705,T10705.2"
T10705,LA000009,27,Average of GDP and GDI,1939,Current Dollars,Level,6,"92,792","T10705,T10705.2"
T10705,LA000009,27,Average of GDP and GDI,1940,Current Dollars,Level,6,"102,366","T10705,T10705.2"
T10705,LA000009,27,Average of GDP and GDI,1941,Current Dollars,Level,6,"129,150","T10705,T10705.2"
T10705,LA000009,27,Average of GDP and GDI,1942,Current Dollars,Level,6,"166,405","T10705,T10705.2"
T10705,LA000009,27,Average of GDP and GDI,1943,Current Dollars,Level,6,"203,997","T10705,T10705.2"
T10705,LA000009,27,Average of GDP and GDI,1944,Current Dollars,Level,6,"223,181","T10705,T10705.2"
T10705,LA000009,27,Average of GDP and GDI,1945,Current Dollars,Level,6,"226,091","T10705,T10705.2"
T10705,LA000009,27,Average of GDP and GDI,1946,Current Dollars,Level,6,"226,919","T10705,T10705.2"
T10705,LA000009,27,Average of GDP and GDI,1947,Current Dollars,Level,6,"248,185","T10705,T10705.2"
T10705,LA000009,27,Average of GDP and GDI,1948,Current Dollars,Level,6,"274,593","T10705,T10705.2"
T10705,LA000009,27,Average of GDP and GDI,1949,Current Dollars,Level,6,"271,603","T10705,T10705.2"
T10705,LA000009,27,Average of GDP and GDI,1950,Current Dollars,Level,6,"299,196","T10705,T10705.2"
T10705,LA000009,27,Average of GDP and GDI,1951,Current Dollars,Level,6,"345,191","T10705,T10705.2"
T10705,LA000009,27,Average of GDP and GDI,1952,Current Dollars,Level,6,"366,039","T10705,T10705.2"
T10705,LA000009,27,Average of GDP and GDI,1953,Current Dollars,Level,6,"387,322","T10705,T10705.2"
T10705,LA000009,27,Average of GDP and GDI,1954,Current Dollars,Level,6,"389,095","T10705,T10705.2"
T10705,LA000009,27,Average of GDP and GDI,1955,Current Dollars,Level,6,"424,413","T10705,T10705.2"
T10705,LA000009,27,Average of GDP and GDI,1956,Current Dollars,Level,6,"450,369","T10705,T10705.2"
T10705,LA000009,27,Average of GDP and GDI,1957,Current Dollars,Level,6,"474,217","T10705,T10705.2"
T10705,LA000009,27,Average of GDP and GDI,1958,Current Dollars,Level,6,"480,907","T10705,T10705.2"
T10705,LA000009,27,Average of GDP and GDI,1959,Current Dollars,Level,6,"521,554","T10705,T10705.2"
T10705,LA000009,27,Average of GDP and GDI,1960,Current Dollars,Level,6,"543,036","T10705,T10705.2"
T10705,LA000009,27,Average of GDP and GDI,1961,Current Dollars,Level,6,"562,667","T10705,T10705.2"
T10705,LA000009,27,Average of GDP and GDI,1962,Current Dollars,Level,6,"603,937","T10705,T10705.2"
T10705,LA000009,27,Average of GDP and GDI,1963,Current Dollars,Level,6,"638,184","T10705,T10705.2"
T10705,LA000009,27,Average of GDP and GDI,1964,Current Dollars,Level,6,"684,485","T10705,T10705.2"
T10705,LA000009,27,Average of GDP and GDI,1965,Current Dollars,Level,6,"741,918","T10705,T10705.2"
T10705,LA000009,27,Average of GDP and GDI,1966,Current Dollars,Level,6,"810,874","T10705,T10705.2"
T10705,LA000009,27,Average of GDP and GDI,1967,Current Dollars,Level,6,"858,279","T10705,T10705.2"
T10705,LA000009,27,Average of GDP and GDI,1968,Current Dollars,Level,6,"939,085","T10705,T10705.2"
T10705,LA000009,27,Average of GDP and GDI,1969,Current Dollars,Level,6,"1,016,823","T10705,T10705.2"
T10705,LA000009,27,Average of GDP and GDI,1970,Current Dollars,Level,6,"1,070,634","T10705,T10705.2"
T10705,LA000009,27,Average of GDP and GDI,1971,Current Dollars,Level,6,"1,160,092","T10705,T10705.2"
T10705,LA000009,27,Average of GDP and GDI,1972,Current Dollars,Level,6,"1,275,527","T10705,T10705.2"
T10705,LA000009,27,Average of GDP and GDI,1973,Current Dollars,Level,6,"1,422,304","T10705,T10705.2"
T10705,LA000009,27,Average of GDP and GDI,1974,Current Dollars,Level,6,"1,541,518","T10705,T10705.2"
T10705,LA000009,27,Average of GDP and GDI,1975,Current Dollars,Level,6,"1,678,233","T10705,T10705.2"
T10705,LA000009,27,Average of GDP and GDI,1976,Current Dollars,Level,6,"1,863,084","T10705,T10705.2"
T10705,LA000009,27,Average of GDP and GDI,1977,Current Dollars,Level,6,"2,072,102","T10705,T10705.2"
T10705,LA000009,27,Average of GDP and GDI,1978,Current Dollars,Level,6,"2,339,937","T10705,T10705.2"
T10705,LA000009,27,Average of GDP and GDI,1979,Current Dollars,Level,6,"2,604,832","T10705,T10705.2"
T10705,LA000009,27,Average of GDP and GDI,1980,Current Dollars,Level,6,"2,835,172","T10705,T10705.2"
T10705,LA000009,27,Average of GDP and GDI,1981,Current Dollars,Level,6,"3,188,191","T10705,T10705.2"
T10705,LA000009,27,Average of GDP and GDI,1982,Current Dollars,Level,6,"3,339,465","T10705,T10705.2"
T10705,LA000009,27,Average of GDP and GDI,1983,Current Dollars,Level,6,"3,605,612","T10705,T10705.2"
T10705,LA000009,27,Average of GDP and GDI,1984,Current Dollars,Level,6,"4,016,901","T10705,T10705.2"
T10705,LA000009,27,Average of GDP and GDI,1985,Current Dollars,Level,6,"4,311,943","T10705,T10705.2"
T10705,LA000009,27,Average of GDP and GDI,1986,Current Dollars,Level,6,"4,539,707","T10705,T10705.2"
T10705,LA000009,27,Average of GDP and GDI,1987,Current Dollars,Level,6,"4,833,413","T10705,T10705.2"
T10705,LA000009,27,Average of GDP and GDI,1988,Current Dollars,Level,6,"5,235,026","T10705,T10705.2"
T10705,LA000009,27,Average of GDP and GDI,1989,Current Dollars,Level,6,"5,607,665","T10705,T10705.2"
T10705,LA000009,27,Average of GDP and GDI,1990,Current Dollars,Level,6,"5,915,467","T10705,T10705.2"
T10705,LA000009,27,Average of GDP and GDI,1991,Current Dollars,Level,6,"6,111,774","T10705,T10705.2"
T10705,LA000009,27,Average of GDP and GDI,1992,Current Dollars,Level,6,"6,462,572","T10705,T10705.2"
T10705,LA000009,27,Average of GDP and GDI,1993,Current Dollars,Level,6,"6,780,844","T10705,T10705.2"
T10705,LA000009,27,Average of GDP and GDI,1994,Current Dollars,Level,6,"7,217,613","T10705,T10705.2"
T10705,LA000009,27,Average of GDP and GDI,1995,Current Dollars,Level,6,"7,593,671","T10705,T10705.2"
T10705,LA000009,27,Average of GDP and GDI,1996,Current Dollars,Level,6,"8,044,608","T10705,T10705.2"
T10705,LA000009,27,Average of GDP and GDI,1997,Current Dollars,Level,6,"8,572,425","T10705,T10705.2"
T10705,LA000009,27,Average of GDP and GDI,1998,Current Dollars,Level,6,"9,091,017","T10705,T10705.2"
T10705,LA000009,27,Average of GDP and GDI,1999,Current Dollars,Level,6,"9,645,830","T10705,T10705.2"
T10705,LA000009,27,Average of GDP and GDI,2000,Current Dollars,Level,6,"10,298,834","T10705,T10705.2"
T10705,LA000009,27,Average of GDP and GDI,2001,Current Dollars,Level,6,"10,640,294","T10705,T10705.2"
T10705,LA000009,27,Average of GDP and GDI,2002,Current Dollars,Level,6,"10,969,943","T10705,T10705.2"
T10705,LA000009,27,Average of GDP and GDI,2003,Current Dollars,Level,6,"11,468,547","T10705,T10705.2"
T10705,LA000009,27,Average of GDP and GDI,2004,Current Dollars,Level,6,"12,231,245","T10705,T10705.2"
T10705,LA000009,27,Average of GDP and GDI,2005,Current Dollars,Level,6,"13,067,695","T10705,T10705.2"
T10705,LA000009,27,Average of GDP and GDI,2006,Current Dollars,Level,6,"13,920,479","T10705,T10705.2"
T10705,LA000009,27,Average of GDP and GDI,2007,Current Dollars,Level,6,"14,468,080","T10705,T10705.2"
T10705,LA000009,27,Average of GDP and GDI,2008,Current Dollars,Level,6,"14,674,264","T10705,T10705.2"
T10705,LA000009,27,Average of GDP and GDI,2009,Current Dollars,Level,6,"14,382,207","T10705,T10705.2"
T10705,LA000009,27,Average of GDP and GDI,2010,Current Dollars,Level,6,"15,014,249","T10705,T10705.2"
T10705,LA000009,27,Average of GDP and GDI,2011,Current Dollars,Level,6,"15,611,879","T10705,T10705.2"
T10705,LA000009,27,Average of GDP and GDI,2012,Current Dollars,Level,6,"16,330,790","T10705,T10705.2"
T10705,LA000009,27,Average of GDP and GDI,2013,Current Dollars,Level,6,"16,895,577","T10705,T10705.2"
T10705,LA000009,27,Average of GDP and GDI,2014,Current Dollars,Level,6,"17,678,608","T10705,T10705.2"
T10705,LA000009,27,Average of GDP and GDI,2015,Current Dollars,Level,6,"18,341,506","T10705,T10705.2"
T10705,LA000009,27,Average of GDP and GDI,2016,Current Dollars,Level,6,"18,778,458","T10705,T10705.2"
T10705,LA000009,27,Average of GDP and GDI,2017,Current Dollars,Level,6,"19,578,151","T10705,T10705.2"
T10705,LA000009,27,Average of GDP and GDI,2018,Current Dollars,Level,6,"20,624,796","T10705,T10705.2"
T10705,LA000009,27,Average of GDP and GDI,2019,Current Dollars,Level,6,"21,511,462","T10705,T10705.2"
T10705,LA000009,27,Average of GDP and GDI,2020,Current Dollars,Level,6,"21,314,988","T10705,T10705.2"
T10705,LA000009,27,Average of GDP and GDI,2021,Current Dollars,Level,6,"23,706,731","T10705,T10705.2"
T10705,LA000009,27,Average of GDP and GDI,2022,Current Dollars,Level,6,"26,054,813","T10705,T10705.2"
T10705,LA000009,27,Average of GDP and GDI,2023,Current Dollars,Level,6,"27,648,590","T10705,T10705.2"
T10705,LA000009,27,Average of GDP and GDI,2024,Current Dollars,Level,6,"29,149,864","T10705,T10705.2"
T10705,A023RC,28,Gross national income,1929,Current Dollars,Level,6,"104,588",T10705
T10705,A023RC,28,Gross national income,1930,Current Dollars,Level,6,"93,315",T10705
T10705,A023RC,28,Gross national income,1931,Current Dollars,Level,6,"77,168",T10705
T10705,A023RC,28,Gross national income,1932,Current Dollars,Level,6,"59,612",T10705
T10705,A023RC,28,Gross national income,1933,Current Dollars,Level,6,"56,936",T10705
T10705,A023RC,28,Gross national income,1934,Current Dollars,Level,6,"66,707",T10705
T10705,A023RC,28,Gross national income,1935,Current Dollars,Level,6,"74,812",T10705
T10705,A023RC,28,Gross national income,1936,Current Dollars,Level,6,"83,910",T10705
T10705,A023RC,28,Gross national income,1937,Current Dollars,Level,6,"93,417",T10705
T10705,A023RC,28,Gross national income,1938,Current Dollars,Level,6,"87,050",T10705
T10705,A023RC,28,Gross national income,1939,Current Dollars,Level,6,"92,521",T10705
T10705,A023RC,28,Gross national income,1940,Current Dollars,Level,6,"102,114",T10705
T10705,A023RC,28,Gross national income,1941,Current Dollars,Level,6,"129,407",T10705
T10705,A023RC,28,Gross national income,1942,Current Dollars,Level,6,"167,270",T10705
T10705,A023RC,28,Gross national income,1943,Current Dollars,Level,6,"205,240",T10705
T10705,A023RC,28,Gross national income,1944,Current Dollars,Level,6,"222,239",T10705
T10705,A023RC,28,Gross national income,1945,Current Dollars,Level,6,"224,441",T10705
T10705,A023RC,28,Gross national income,1946,Current Dollars,Level,6,"226,955",T10705
T10705,A023RC,28,Gross national income,1947,Current Dollars,Level,6,"247,863",T10705
T10705,A023RC,28,Gross national income,1948,Current Dollars,Level,6,"276,175",T10705
T10705,A023RC,28,Gross national income,1949,Current Dollars,Level,6,"272,011",T10705
T10705,A023RC,28,Gross national income,1950,Current Dollars,Level,6,"300,005",T10705
T10705,A023RC,28,Gross national income,1951,Current Dollars,Level,6,"345,360",T10705
T10705,A023RC,28,Gross national income,1952,Current Dollars,Level,6,"366,722",T10705
T10705,A023RC,28,Gross national income,1953,Current Dollars,Level,6,"387,325",T10705
T10705,A023RC,28,Gross national income,1954,Current Dollars,Level,6,"389,736",T10705
T10705,A023RC,28,Gross national income,1955,Current Dollars,Level,6,"425,797",T10705
T10705,A023RC,28,Gross national income,1956,Current Dollars,Level,6,"454,182",T10705
T10705,A023RC,28,Gross national income,1957,Current Dollars,Level,6,"477,450",T10705
T10705,A023RC,28,Gross national income,1958,Current Dollars,Level,6,"483,212",T10705
T10705,A023RC,28,Gross national income,1959,Current Dollars,Level,6,"524,215",T10705
T10705,A023RC,28,Gross national income,1960,Current Dollars,Level,6,"546,802",T10705
T10705,A023RC,28,Gross national income,1961,Current Dollars,Level,6,"566,643",T10705
T10705,A023RC,28,Gross national income,1962,Current Dollars,Level,6,"608,048",T10705
T10705,A023RC,28,Gross national income,1963,Current Dollars,Level,6,"643,394",T10705
T10705,A023RC,28,Gross national income,1964,Current Dollars,Level,6,"689,430",T10705
T10705,A023RC,28,Gross national income,1965,Current Dollars,Level,6,"746,827",T10705
T10705,A023RC,28,Gross national income,1966,Current Dollars,Level,6,"813,404",T10705
T10705,A023RC,28,Gross national income,1967,Current Dollars,Level,6,"861,994",T10705
T10705,A023RC,28,Gross national income,1968,Current Dollars,Level,6,"943,603",T10705
T10705,A023RC,28,Gross national income,1969,Current Dollars,Level,6,"1,022,147",T10705
T10705,A023RC,28,Gross national income,1970,Current Dollars,Level,6,"1,074,358",T10705
T10705,A023RC,28,Gross national income,1971,Current Dollars,Level,6,"1,162,927",T10705
T10705,A023RC,28,Gross national income,1972,Current Dollars,Level,6,"1,280,507",T10705
T10705,A023RC,28,Gross national income,1973,Current Dollars,Level,6,"1,431,849",T10705
T10705,A023RC,28,Gross national income,1974,Current Dollars,Level,6,"1,553,299",T10705
T10705,A023RC,28,Gross national income,1975,Current Dollars,Level,6,"1,684,554",T10705
T10705,A023RC,28,Gross national income,1976,Current Dollars,Level,6,"1,869,603",T10705
T10705,A023RC,28,Gross national income,1977,Current Dollars,Level,6,"2,082,670",T10705
T10705,A023RC,28,Gross national income,1978,Current Dollars,Level,6,"2,349,856",T10705
T10705,A023RC,28,Gross national income,1979,Current Dollars,Level,6,"2,614,260",T10705
T10705,A023RC,28,Gross national income,1980,Current Dollars,Level,6,"2,847,221",T10705
T10705,A023RC,28,Gross national income,1981,Current Dollars,Level,6,"3,202,274",T10705
T10705,A023RC,28,Gross national income,1982,Current Dollars,Level,6,"3,371,652",T10705
T10705,A023RC,28,Gross national income,1983,Current Dollars,Level,6,"3,614,271",T10705
T10705,A023RC,28,Gross national income,1984,Current Dollars,Level,6,"4,032,481",T10705
T10705,A023RC,28,Gross national income,1985,Current Dollars,Level,6,"4,310,272",T10705
T10705,A023RC,28,Gross national income,1986,Current Dollars,Level,6,"4,516,740",T10705
T10705,A023RC,28,Gross national income,1987,Current Dollars,Level,6,"4,829,096",T10705
T10705,A023RC,28,Gross national income,1988,Current Dollars,Level,6,"5,256,272",T10705
T10705,A023RC,28,Gross national income,1989,Current Dollars,Level,6,"5,598,542",T10705
T10705,A023RC,28,Gross national income,1990,Current Dollars,Level,6,"5,902,482",T10705
T10705,A023RC,28,Gross national income,1991,Current Dollars,Level,6,"6,097,007",T10705
T10705,A023RC,28,Gross national income,1992,Current Dollars,Level,6,"6,435,893",T10705
T10705,A023RC,28,Gross national income,1993,Current Dollars,Level,6,"6,734,288",T10705
T10705,A023RC,28,Gross national income,1994,Current Dollars,Level,6,"7,170,956",T10705
T10705,A023RC,28,Gross national income,1995,Current Dollars,Level,6,"7,575,542",T10705
T10705,A023RC,28,Gross national income,1996,Current Dollars,Level,6,"8,046,960",T10705
T10705,A023RC,28,Gross national income,1997,Current Dollars,Level,6,"8,590,598",T10705
T10705,A023RC,28,Gross national income,1998,Current Dollars,Level,6,"9,136,625",T10705
T10705,A023RC,28,Gross national income,1999,Current Dollars,Level,6,"9,691,392",T10705
T10705,A023RC,28,Gross national income,2000,Current Dollars,Level,6,"10,385,197",T10705
T10705,A023RC,28,Gross national income,2001,Current Dollars,Level,6,"10,749,023",T10705
T10705,A023RC,28,Gross national income,2002,Current Dollars,Level,6,"11,056,572",T10705
T10705,A023RC,28,Gross national income,2003,Current Dollars,Level,6,"11,539,140",T10705
T10705,A023RC,28,Gross national income,2004,Current Dollars,Level,6,"12,322,009",T10705
T10705,A023RC,28,Gross national income,2005,Current Dollars,Level,6,"13,170,993",T10705
T10705,A023RC,28,Gross national income,2006,Current Dollars,Level,6,"14,071,835",T10705
T10705,A023RC,28,Gross national income,2007,Current Dollars,Level,6,"14,557,597",T10705
T10705,A023RC,28,Gross national income,2008,Current Dollars,Level,6,"14,723,881",T10705
T10705,A023RC,28,Gross national income,2009,Current Dollars,Level,6,"14,436,590",T10705
T10705,A023RC,28,Gross national income,2010,Current Dollars,Level,6,"15,185,160",T10705
T10705,A023RC,28,Gross national income,2011,Current Dollars,Level,6,"15,861,958",T10705
T10705,A023RC,28,Gross national income,2012,Current Dollars,Level,6,"16,640,301",T10705
T10705,A023RC,28,Gross national income,2013,Current Dollars,Level,6,"17,140,708",T10705
T10705,A023RC,28,Gross national income,2014,Current Dollars,Level,6,"17,984,237",T10705
T10705,A023RC,28,Gross national income,2015,Current Dollars,Level,6,"18,608,138",T10705
T10705,A023RC,28,Gross national income,2016,Current Dollars,Level,6,"18,983,369",T10705
T10705,A023RC,28,Gross national income,2017,Current Dollars,Level,6,"19,837,150",T10705
T10705,A023RC,28,Gross national income,2018,Current Dollars,Level,6,"20,883,383",T10705
T10705,A023RC,28,Gross national income,2019,Current Dollars,Level,6,"21,764,838",T10705
T10705,A023RC,28,Gross national income,2020,Current Dollars,Level,6,"21,466,292",T10705
T10705,A023RC,28,Gross national income,2021,Current Dollars,Level,6,"23,838,657",T10705
T10705,A023RC,28,Gross national income,2022,Current Dollars,Level,6,"26,207,041",T10705
T10705,A023RC,28,Gross national income,2023,Current Dollars,Level,6,"27,571,322",T10705
T10705,A023RC,28,Gross national income,2024,Current Dollars,Level,6,"28,993,443",T10705
T10705,X023RC,29,Gross national factor income,1929,Current Dollars,Level,6,"97,298","T10705,T10705.3"
T10705,X023RC,29,Gross national factor income,1930,Current Dollars,Level,6,"85,951","T10705,T10705.3"
T10705,X023RC,29,Gross national factor income,1931,Current Dollars,Level,6,"70,106","T10705,T10705.3"
T10705,X023RC,29,Gross national factor income,1932,Current Dollars,Level,6,"52,581","T10705,T10705.3"
T10705,X023RC,29,Gross national factor income,1933,Current Dollars,Level,6,"49,722","T10705,T10705.3"
T10705,X023RC,29,Gross national factor income,1934,Current Dollars,Level,6,"59,047","T10705,T10705.3"
T10705,X023RC,29,Gross national factor income,1935,Current Dollars,Level,6,"66,915","T10705,T10705.3"
T10705,X023RC,29,Gross national factor income,1936,Current Dollars,Level,6,"75,205","T10705,T10705.3"
T10705,X023RC,29,Gross national factor income,1937,Current Dollars,Level,6,"84,300","T10705,T10705.3"
T10705,X023RC,29,Gross national factor income,1938,Current Dollars,Level,6,"78,187","T10705,T10705.3"
T10705,X023RC,29,Gross national factor income,1939,Current Dollars,Level,6,"83,736","T10705,T10705.3"
T10705,X023RC,29,Gross national factor income,1940,Current Dollars,Level,6,"92,616","T10705,T10705.3"
T10705,X023RC,29,Gross national factor income,1941,Current Dollars,Level,6,"118,282","T10705,T10705.3"
T10705,X023RC,29,Gross national factor income,1942,Current Dollars,Level,6,"155,734","T10705,T10705.3"
T10705,X023RC,29,Gross national factor income,1943,Current Dollars,Level,6,"192,750","T10705,T10705.3"
T10705,X023RC,29,Gross national factor income,1944,Current Dollars,Level,6,"208,757","T10705,T10705.3"
T10705,X023RC,29,Gross national factor income,1945,Current Dollars,Level,6,"209,599","T10705,T10705.3"
T10705,X023RC,29,Gross national factor income,1946,Current Dollars,Level,6,"210,790","T10705,T10705.3"
T10705,X023RC,29,Gross national factor income,1947,Current Dollars,Level,6,"229,440","T10705,T10705.3"
T10705,X023RC,29,Gross national factor income,1948,Current Dollars,Level,6,"256,281","T10705,T10705.3"
T10705,X023RC,29,Gross national factor income,1949,Current Dollars,Level,6,"250,918","T10705,T10705.3"
T10705,X023RC,29,Gross national factor income,1950,Current Dollars,Level,6,"277,074","T10705,T10705.3"
T10705,X023RC,29,Gross national factor income,1951,Current Dollars,Level,6,"320,504","T10705,T10705.3"
T10705,X023RC,29,Gross national factor income,1952,Current Dollars,Level,6,"339,176","T10705,T10705.3"
T10705,X023RC,29,Gross national factor income,1953,Current Dollars,Level,6,"357,585","T10705,T10705.3"
T10705,X023RC,29,Gross national factor income,1954,Current Dollars,Level,6,"360,258","T10705,T10705.3"
T10705,X023RC,29,Gross national factor income,1955,Current Dollars,Level,6,"393,234","T10705,T10705.3"
T10705,X023RC,29,Gross national factor income,1956,Current Dollars,Level,6,"419,035","T10705,T10705.3"
T10705,X023RC,29,Gross national factor income,1957,Current Dollars,Level,6,"440,143","T10705,T10705.3"
T10705,X023RC,29,Gross national factor income,1958,Current Dollars,Level,6,"445,157","T10705,T10705.3"
T10705,X023RC,29,Gross national factor income,1959,Current Dollars,Level,6,"482,020","T10705,T10705.3"
T10705,X023RC,29,Gross national factor income,1960,Current Dollars,Level,6,"501,190","T10705,T10705.3"
T10705,X023RC,29,Gross national factor income,1961,Current Dollars,Level,6,"519,452","T10705,T10705.3"
T10705,X023RC,29,Gross national factor income,1962,Current Dollars,Level,6,"557,422","T10705,T10705.3"
T10705,X023RC,29,Gross national factor income,1963,Current Dollars,Level,6,"588,900","T10705,T10705.3"
T10705,X023RC,29,Gross national factor income,1964,Current Dollars,Level,6,"631,019","T10705,T10705.3"
T10705,X023RC,29,Gross national factor income,1965,Current Dollars,Level,6,"684,852","T10705,T10705.3"
T10705,X023RC,29,Gross national factor income,1966,Current Dollars,Level,6,"750,364","T10705,T10705.3"
T10705,X023RC,29,Gross national factor income,1967,Current Dollars,Level,6,"793,962","T10705,T10705.3"
T10705,X023RC,29,Gross national factor income,1968,Current Dollars,Level,6,"866,735","T10705,T10705.3"
T10705,X023RC,29,Gross national factor income,1969,Current Dollars,Level,6,"937,863","T10705,T10705.3"
T10705,X023RC,29,Gross national factor income,1970,Current Dollars,Level,6,"984,400","T10705,T10705.3"
T10705,X023RC,29,Gross national factor income,1971,Current Dollars,Level,6,"1,064,466","T10705,T10705.3"
T10705,X023RC,29,Gross national factor income,1972,Current Dollars,Level,6,"1,175,372","T10705,T10705.3"
T10705,X023RC,29,Gross national factor income,1973,Current Dollars,Level,6,"1,316,076","T10705,T10705.3"
T10705,X023RC,29,Gross national factor income,1974,Current Dollars,Level,6,"1,427,363","T10705,T10705.3"
T10705,X023RC,29,Gross national factor income,1975,Current Dollars,Level,6,"1,548,789","T10705,T10705.3"
T10705,X023RC,29,Gross national factor income,1976,Current Dollars,Level,6,"1,721,589","T10705,T10705.3"
T10705,X023RC,29,Gross national factor income,1977,Current Dollars,Level,6,"1,924,983","T10705,T10705.3"
T10705,X023RC,29,Gross national factor income,1978,Current Dollars,Level,6,"2,179,897","T10705,T10705.3"
T10705,X023RC,29,Gross national factor income,1979,Current Dollars,Level,6,"2,432,636","T10705,T10705.3"
T10705,X023RC,29,Gross national factor income,1980,Current Dollars,Level,6,"2,647,174","T10705,T10705.3"
T10705,X023RC,29,Gross national factor income,1981,Current Dollars,Level,6,"2,965,907","T10705,T10705.3"
T10705,X023RC,29,Gross national factor income,1982,Current Dollars,Level,6,"3,129,835","T10705,T10705.3"
T10705,X023RC,29,Gross national factor income,1983,Current Dollars,Level,6,"3,352,498","T10705,T10705.3"
T10705,X023RC,29,Gross national factor income,1984,Current Dollars,Level,6,"3,735,481","T10705,T10705.3"
T10705,X023RC,29,Gross national factor income,1985,Current Dollars,Level,6,"3,987,568","T10705,T10705.3"
T10705,X023RC,29,Gross national factor income,1986,Current Dollars,Level,6,"4,179,759","T10705,T10705.3"
T10705,X023RC,29,Gross national factor income,1987,Current Dollars,Level,6,"4,475,793","T10705,T10705.3"
T10705,X023RC,29,Gross national factor income,1988,Current Dollars,Level,6,"4,872,998","T10705,T10705.3"
T10705,X023RC,29,Gross national factor income,1989,Current Dollars,Level,6,"5,181,580","T10705,T10705.3"
T10705,X023RC,29,Gross national factor income,1990,Current Dollars,Level,6,"5,461,580","T10705,T10705.3"
T10705,X023RC,29,Gross national factor income,1991,Current Dollars,Level,6,"5,620,296","T10705,T10705.3"
T10705,X023RC,29,Gross national factor income,1992,Current Dollars,Level,6,"5,932,443","T10705,T10705.3"
T10705,X023RC,29,Gross national factor income,1993,Current Dollars,Level,6,"6,217,024","T10705,T10705.3"
T10705,X023RC,29,Gross national factor income,1994,Current Dollars,Level,6,"6,604,862","T10705,T10705.3"
T10705,X023RC,29,Gross national factor income,1995,Current Dollars,Level,6,"6,990,978","T10705,T10705.3"
T10705,X023RC,29,Gross national factor income,1996,Current Dollars,Level,6,"7,431,043","T10705,T10705.3"
T10705,X023RC,29,Gross national factor income,1997,Current Dollars,Level,6,"7,944,654","T10705,T10705.3"
T10705,X023RC,29,Gross national factor income,1998,Current Dollars,Level,6,"8,452,568","T10705,T10705.3"
T10705,X023RC,29,Gross national factor income,1999,Current Dollars,Level,6,"8,978,503","T10705,T10705.3"
T10705,X023RC,29,Gross national factor income,2000,Current Dollars,Level,6,"9,625,855","T10705,T10705.3"
T10705,X023RC,29,Gross national factor income,2001,Current Dollars,Level,6,"9,975,159","T10705,T10705.3"
T10705,X023RC,29,Gross national factor income,2002,Current Dollars,Level,6,"10,249,610","T10705,T10705.3"
T10705,X023RC,29,Gross national factor income,2003,Current Dollars,Level,6,"10,701,413","T10705,T10705.3"
T10705,X023RC,29,Gross national factor income,2004,Current Dollars,Level,6,"11,417,979","T10705,T10705.3"
T10705,X023RC,29,Gross national factor income,2005,Current Dollars,Level,6,"12,202,274","T10705,T10705.3"
T10705,X023RC,29,Gross national factor income,2006,Current Dollars,Level,6,"13,052,349","T10705,T10705.3"
T10705,X023RC,29,Gross national factor income,2007,Current Dollars,Level,6,"13,490,976","T10705,T10705.3"
T10705,X023RC,29,Gross national factor income,2008,Current Dollars,Level,6,"13,630,645","T10705,T10705.3"
T10705,X023RC,29,Gross national factor income,2009,Current Dollars,Level,6,"13,357,558","T10705,T10705.3"
T10705,X023RC,29,Gross national factor income,2010,Current Dollars,Level,6,"14,070,113","T10705,T10705.3"
T10705,X023RC,29,Gross national factor income,2011,Current Dollars,Level,6,"14,705,962","T10705,T10705.3"
T10705,X023RC,29,Gross national factor income,2012,Current Dollars,Level,6,"15,480,337","T10705,T10705.3"
T10705,X023RC,29,Gross national factor income,2013,Current Dollars,Level,6,"15,920,949","T10705,T10705.3"
T10705,X023RC,29,Gross national factor income,2014,Current Dollars,Level,6,"16,677,615","T10705,T10705.3"
T10705,X023RC,29,Gross national factor income,2015,Current Dollars,Level,6,"17,240,814","T10705,T10705.3"
T10705,X023RC,29,Gross national factor income,2016,Current Dollars,Level,6,"17,575,634","T10705,T10705.3"
T10705,X023RC,29,Gross national factor income,2017,Current Dollars,Level,6,"18,394,381","T10705,T10705.3"
T10705,X023RC,29,Gross national factor income,2018,Current Dollars,Level,6,"19,338,390","T10705,T10705.3"
T10705,X023RC,29,Gross national factor income,2019,Current Dollars,Level,6,"20,154,907","T10705,T10705.3"
T10705,X023RC,29,Gross national factor income,2020,Current Dollars,Level,6,"20,500,517","T10705,T10705.3"
T10705,X023RC,29,Gross national factor income,2021,Current Dollars,Level,6,"22,582,400","T10705,T10705.3"
T10705,X023RC,29,Gross national factor income,2022,Current Dollars,Level,6,"24,263,746","T10705,T10705.3"
T10705,X023RC,29,Gross national factor income,2023,Current Dollars,Level,6,"25,620,832","T10705,T10705.3"
T10705,X023RC,29,Gross national factor income,2024,Current Dollars,Level,6,"26,894,026","T10705,T10705.3"
T10705,A362RC,30,Net domestic product,1929,Current Dollars,Level,6,"94,148",T10705
T10705,A362RC,30,Net domestic product,1930,Current Dollars,Level,6,"81,943",T10705
T10705,A362RC,30,Net domestic product,1931,Current Dollars,Level,6,"67,877",T10705
T10705,A362RC,30,Net domestic product,1932,Current Dollars,Level,6,"51,184",T10705
T10705,A362RC,30,Net domestic product,1933,Current Dollars,Level,6,"49,142",T10705
T10705,A362RC,30,Net domestic product,1934,Current Dollars,Level,6,"58,370",T10705
T10705,A362RC,30,Net domestic product,1935,Current Dollars,Level,6,"65,761",T10705
T10705,A362RC,30,Net domestic product,1936,Current Dollars,Level,6,"76,029",T10705
T10705,A362RC,30,Net domestic product,1937,Current Dollars,Level,6,"83,236",T10705
T10705,A362RC,30,Net domestic product,1938,Current Dollars,Level,6,"77,310",T10705
T10705,A362RC,30,Net domestic product,1939,Current Dollars,Level,6,"83,334",T10705
T10705,A362RC,30,Net domestic product,1940,Current Dollars,Level,6,"92,322",T10705
T10705,A362RC,30,Net domestic product,1941,Current Dollars,Level,6,"117,247",T10705
T10705,A362RC,30,Net domestic product,1942,Current Dollars,Level,6,"151,041",T10705
T10705,A362RC,30,Net domestic product,1943,Current Dollars,Level,6,"185,054",T10705
T10705,A362RC,30,Net domestic product,1944,Current Dollars,Level,6,"203,106",T10705
T10705,A362RC,30,Net domestic product,1945,Current Dollars,Level,6,"204,901",T10705
T10705,A362RC,30,Net domestic product,1946,Current Dollars,Level,6,"201,844",T10705
T10705,A362RC,30,Net domestic product,1947,Current Dollars,Level,6,"220,496",T10705
T10705,A362RC,30,Net domestic product,1948,Current Dollars,Level,6,"243,143",T10705
T10705,A362RC,30,Net domestic product,1949,Current Dollars,Level,6,"240,191",T10705
T10705,A362RC,30,Net domestic product,1950,Current Dollars,Level,6,"266,433",T10705
T10705,A362RC,30,Net domestic product,1951,Current Dollars,Level,6,"309,189",T10705
T10705,A362RC,30,Net domestic product,1952,Current Dollars,Level,6,"326,735",T10705
T10705,A362RC,30,Net domestic product,1953,Current Dollars,Level,6,"345,730",T10705
T10705,A362RC,30,Net domestic product,1954,Current Dollars,Level,6,"344,569",T10705
T10705,A362RC,30,Net domestic product,1955,Current Dollars,Level,6,"376,586",T10705
T10705,A362RC,30,Net domestic product,1956,Current Dollars,Level,6,"395,226",T10705
T10705,A362RC,30,Net domestic product,1957,Current Dollars,Level,6,"415,120",T10705
T10705,A362RC,30,Net domestic product,1958,Current Dollars,Level,6,"418,775",T10705
T10705,A362RC,30,Net domestic product,1959,Current Dollars,Level,6,"456,209",T10705
T10705,A362RC,30,Net domestic product,1960,Current Dollars,Level,6,"474,481",T10705
T10705,A362RC,30,Net domestic product,1961,Current Dollars,Level,6,"491,605",T10705
T10705,A362RC,30,Net domestic product,1962,Current Dollars,Level,6,"529,822",T10705
T10705,A362RC,30,Net domestic product,1963,Current Dollars,Level,6,"559,432",T10705
T10705,A362RC,30,Net domestic product,1964,Current Dollars,Level,6,"602,070",T10705
T10705,A362RC,30,Net domestic product,1965,Current Dollars,Level,6,"654,281",T10705
T10705,A362RC,30,Net domestic product,1966,Current Dollars,Level,6,"718,103",T10705
T10705,A362RC,30,Net domestic product,1967,Current Dollars,Level,6,"756,402",T10705
T10705,A362RC,30,Net domestic product,1968,Current Dollars,Level,6,"827,294",T10705
T10705,A362RC,30,Net domestic product,1969,Current Dollars,Level,6,"892,719",T10705
T10705,A362RC,30,Net domestic product,1970,Current Dollars,Level,6,"936,464",T10705
T10705,A362RC,30,Net domestic product,1971,Current Dollars,Level,6,"1,015,924",T10705
T10705,A362RC,30,Net domestic product,1972,Current Dollars,Level,6,"1,118,099",T10705
T10705,A362RC,30,Net domestic product,1973,Current Dollars,Level,6,"1,246,690",T10705
T10705,A362RC,30,Net domestic product,1974,Current Dollars,Level,6,"1,338,349",T10705
T10705,A362RC,30,Net domestic product,1975,Current Dollars,Level,6,"1,446,394",T10705
T10705,A362RC,30,Net domestic product,1976,Current Dollars,Level,6,"1,613,186",T10705
T10705,A362RC,30,Net domestic product,1977,Current Dollars,Level,6,"1,791,994",T10705
T10705,A362RC,30,Net domestic product,1978,Current Dollars,Level,6,"2,024,403",T10705
T10705,A362RC,30,Net domestic product,1979,Current Dollars,Level,6,"2,253,451",T10705
T10705,A362RC,30,Net domestic product,1980,Current Dollars,Level,6,"2,428,876",T10705
T10705,A362RC,30,Net domestic product,1981,Current Dollars,Level,6,"2,719,810",T10705
T10705,A362RC,30,Net domestic product,1982,Current Dollars,Level,6,"2,806,826",T10705
T10705,A362RC,30,Net domestic product,1983,Current Dollars,Level,6,"3,071,413",T10705
T10705,A362RC,30,Net domestic product,1984,Current Dollars,Level,6,"3,439,218",T10705
T10705,A362RC,30,Net domestic product,1985,Current Dollars,Level,6,"3,698,842",T10705
T10705,A362RC,30,Net domestic product,1986,Current Dollars,Level,6,"3,894,335",T10705
T10705,A362RC,30,Net domestic product,1987,Current Dollars,Level,6,"4,124,830",T10705
T10705,A362RC,30,Net domestic product,1988,Current Dollars,Level,6,"4,451,942",T10705
T10705,A362RC,30,Net domestic product,1989,Current Dollars,Level,6,"4,803,321",T10705
T10705,A362RC,30,Net domestic product,1990,Current Dollars,Level,6,"5,074,612",T10705
T10705,A362RC,30,Net domestic product,1991,Current Dollars,Level,6,"5,225,736",T10705
T10705,A362RC,30,Net domestic product,1992,Current Dollars,Level,6,"5,560,080",T10705
T10705,A362RC,30,Net domestic product,1993,Current Dollars,Level,6,"5,855,061",T10705
T10705,A362RC,30,Net domestic product,1994,Current Dollars,Level,6,"6,231,627",T10705
T10705,A362RC,30,Net domestic product,1995,Current Dollars,Level,6,"6,517,369",T10705
T10705,A362RC,30,Net domestic product,1996,Current Dollars,Level,6,"6,897,816",T10705
T10705,A362RC,30,Net domestic product,1997,Current Dollars,Level,6,"7,338,228",T10705
T10705,A362RC,30,Net domestic product,1998,Current Dollars,Level,6,"7,753,080",T10705
T10705,A362RC,30,Net domestic product,1999,Current Dollars,Level,6,"8,232,238",T10705
T10705,A362RC,30,Net domestic product,2000,Current Dollars,Level,6,"8,739,727",T10705
T10705,A362RC,30,Net domestic product,2001,Current Dollars,Level,6,"8,982,418",T10705
T10705,A362RC,30,Net domestic product,2002,Current Dollars,Level,6,"9,271,124",T10705
T10705,A362RC,30,Net domestic product,2003,Current Dollars,Level,6,"9,737,351",T10705
T10705,A362RC,30,Net domestic product,2004,Current Dollars,Level,6,"10,395,355",T10705
T10705,A362RC,30,Net domestic product,2005,Current Dollars,Level,6,"11,068,144",T10705
T10705,A362RC,30,Net domestic product,2006,Current Dollars,Level,6,"11,691,413",T10705
T10705,A362RC,30,Net domestic product,2007,Current Dollars,Level,6,"12,221,476",T10705
T10705,A362RC,30,Net domestic product,2008,Current Dollars,Level,6,"12,410,894",T10705
T10705,A362RC,30,Net domestic product,2009,Current Dollars,Level,6,"12,106,790",T10705
T10705,A362RC,30,Net domestic product,2010,Current Dollars,Level,6,"12,658,580",T10705
T10705,A362RC,30,Net domestic product,2011,Current Dollars,Level,6,"13,125,364",T10705
T10705,A362RC,30,Net domestic product,2012,Current Dollars,Level,6,"13,678,422",T10705
T10705,A362RC,30,Net domestic product,2013,Current Dollars,Level,6,"14,199,080",T10705
T10705,A362RC,30,Net domestic product,2014,Current Dollars,Level,6,"14,788,453",T10705
T10705,A362RC,30,Net domestic product,2015,Current Dollars,Level,6,"15,372,081",T10705
T10705,A362RC,30,Net domestic product,2016,Current Dollars,Level,6,"15,796,804",T10705
T10705,A362RC,30,Net domestic product,2017,Current Dollars,Level,6,"16,463,149",T10705
T10705,A362RC,30,Net domestic product,2018,Current Dollars,Level,6,"17,343,913",T10705
T10705,A362RC,30,Net domestic product,2019,Current Dollars,Level,6,"18,062,466",T10705
T10705,A362RC,30,Net domestic product,2020,Current Dollars,Level,6,"17,752,432",T10705
T10705,A362RC,30,Net domestic product,2021,Current Dollars,Level,6,"19,854,857",T10705
T10705,A362RC,30,Net domestic product,2022,Current Dollars,Level,6,"21,747,240",T10705
T10705,A362RC,30,Net domestic product,2023,Current Dollars,Level,6,"23,240,794",T10705
T10705,A362RC,30,Net domestic product,2024,Current Dollars,Level,6,"24,501,313",T10705
T10705,A362RC,30,Net domestic product,2025,Current Dollars,Level,6,"25,714,144",T10705
T10705,W256RC,31,Net domestic income,1929,Current Dollars,Level,6,"93,415",T10705
T10705,W256RC,31,Net domestic income,1930,Current Dollars,Level,6,"82,391",T10705
T10705,W256RC,31,Net domestic income,1931,Current Dollars,Level,6,"67,140",T10705
T10705,W256RC,31,Net domestic income,1932,Current Dollars,Level,6,"50,911",T10705
T10705,W256RC,31,Net domestic income,1933,Current Dollars,Level,6,"48,625",T10705
T10705,W256RC,31,Net domestic income,1934,Current Dollars,Level,6,"57,998",T10705
T10705,W256RC,31,Net domestic income,1935,Current Dollars,Level,6,"65,991",T10705
T10705,W256RC,31,Net domestic income,1936,Current Dollars,Level,6,"74,847",T10705
T10705,W256RC,31,Net domestic income,1937,Current Dollars,Level,6,"83,282",T10705
T10705,W256RC,31,Net domestic income,1938,Current Dollars,Level,6,"76,629",T10705
T10705,W256RC,31,Net domestic income,1939,Current Dollars,Level,6,"82,042",T10705
T10705,W256RC,31,Net domestic income,1940,Current Dollars,Level,6,"91,257",T10705
T10705,W256RC,31,Net domestic income,1941,Current Dollars,Level,6,"116,928",T10705
T10705,W256RC,31,Net domestic income,1942,Current Dollars,Level,6,"151,950",T10705
T10705,W256RC,31,Net domestic income,1943,Current Dollars,Level,6,"186,879",T10705
T10705,W256RC,31,Net domestic income,1944,Current Dollars,Level,6,"200,572",T10705
T10705,W256RC,31,Net domestic income,1945,Current Dollars,Level,6,"201,068",T10705
T10705,W256RC,31,Net domestic income,1946,Current Dollars,Level,6,"200,612",T10705
T10705,W256RC,31,Net domestic income,1947,Current Dollars,Level,6,"217,633",T10705
T10705,W256RC,31,Net domestic income,1948,Current Dollars,Level,6,"243,392",T10705
T10705,W256RC,31,Net domestic income,1949,Current Dollars,Level,6,"238,446",T10705
T10705,W256RC,31,Net domestic income,1950,Current Dollars,Level,6,"265,171",T10705
T10705,W256RC,31,Net domestic income,1951,Current Dollars,Level,6,"305,743",T10705
T10705,W256RC,31,Net domestic income,1952,Current Dollars,Level,6,"324,133",T10705
T10705,W256RC,31,Net domestic income,1953,Current Dollars,Level,6,"341,936",T10705
T10705,W256RC,31,Net domestic income,1954,Current Dollars,Level,6,"341,660",T10705
T10705,W256RC,31,Net domestic income,1955,Current Dollars,Level,6,"374,458",T10705
T10705,W256RC,31,Net domestic income,1956,Current Dollars,Level,6,"397,261",T10705
T10705,W256RC,31,Net domestic income,1957,Current Dollars,Level,6,"415,477",T10705
T10705,W256RC,31,Net domestic income,1958,Current Dollars,Level,6,"418,129",T10705
T10705,W256RC,31,Net domestic income,1959,Current Dollars,Level,6,"456,011",T10705
T10705,W256RC,31,Net domestic income,1960,Current Dollars,Level,6,"475,789",T10705
T10705,W256RC,31,Net domestic income,1961,Current Dollars,Level,6,"492,519",T10705
T10705,W256RC,31,Net domestic income,1962,Current Dollars,Level,6,"529,854",T10705
T10705,W256RC,31,Net domestic income,1963,Current Dollars,Level,6,"560,900",T10705
T10705,W256RC,31,Net domestic income,1964,Current Dollars,Level,6,"602,121",T10705
T10705,W256RC,31,Net domestic income,1965,Current Dollars,Level,6,"653,539",T10705
T10705,W256RC,31,Net domestic income,1966,Current Dollars,Level,6,"713,023",T10705
T10705,W256RC,31,Net domestic income,1967,Current Dollars,Level,6,"753,043",T10705
T10705,W256RC,31,Net domestic income,1968,Current Dollars,Level,6,"824,161",T10705
T10705,W256RC,31,Net domestic income,1969,Current Dollars,Level,6,"891,135",T10705
T10705,W256RC,31,Net domestic income,1970,Current Dollars,Level,6,"931,128",T10705
T10705,W256RC,31,Net domestic income,1971,Current Dollars,Level,6,"1,006,408",T10705
T10705,W256RC,31,Net domestic income,1972,Current Dollars,Level,6,"1,110,934",T10705
T10705,W256RC,31,Net domestic income,1973,Current Dollars,Level,6,"1,240,549",T10705
T10705,W256RC,31,Net domestic income,1974,Current Dollars,Level,6,"1,330,900",T10705
T10705,W256RC,31,Net domestic income,1975,Current Dollars,Level,6,"1,433,049",T10705
T10705,W256RC,31,Net domestic income,1976,Current Dollars,Level,6,"1,592,528",T10705
T10705,W256RC,31,Net domestic income,1977,Current Dollars,Level,6,"1,772,548",T10705
T10705,W256RC,31,Net domestic income,1978,Current Dollars,Level,6,"2,001,079",T10705
T10705,W256RC,31,Net domestic income,1979,Current Dollars,Level,6,"2,208,449",T10705
T10705,W256RC,31,Net domestic income,1980,Current Dollars,Level,6,"2,384,606",T10705
T10705,W256RC,31,Net domestic income,1981,Current Dollars,Level,6,"2,682,112",T10705
T10705,W256RC,31,Net domestic income,1982,Current Dollars,Level,6,"2,798,177",T10705
T10705,W256RC,31,Net domestic income,1983,Current Dollars,Level,6,"3,014,564",T10705
T10705,W256RC,31,Net domestic income,1984,Current Dollars,Level,6,"3,397,794",T10705
T10705,W256RC,31,Net domestic income,1985,Current Dollars,Level,6,"3,644,769",T10705
T10705,W256RC,31,Net domestic income,1986,Current Dollars,Level,6,"3,814,488",T10705
T10705,W256RC,31,Net domestic income,1987,Current Dollars,Level,6,"4,081,226",T10705
T10705,W256RC,31,Net domestic income,1988,Current Dollars,Level,6,"4,449,118",T10705
T10705,W256RC,31,Net domestic income,1989,Current Dollars,Level,6,"4,735,494",T10705
T10705,W256RC,31,Net domestic income,1990,Current Dollars,Level,6,"4,979,257",T10705
T10705,W256RC,31,Net domestic income,1991,Current Dollars,Level,6,"5,133,025",T10705
T10705,W256RC,31,Net domestic income,1992,Current Dollars,Level,6,"5,444,572",T10705
T10705,W256RC,31,Net domestic income,1993,Current Dollars,Level,6,"5,699,631",T10705
T10705,W256RC,31,Net domestic income,1994,Current Dollars,Level,6,"6,092,383",T10705
T10705,W256RC,31,Net domestic income,1995,Current Dollars,Level,6,"6,425,212",T10705
T10705,W256RC,31,Net domestic income,1996,Current Dollars,Level,6,"6,840,787",T10705
T10705,W256RC,31,Net domestic income,1997,Current Dollars,Level,6,"7,327,972",T10705
T10705,W256RC,31,Net domestic income,1998,Current Dollars,Level,6,"7,809,479",T10705
T10705,W256RC,31,Net domestic income,1999,Current Dollars,Level,6,"8,261,552",T10705
T10705,W256RC,31,Net domestic income,2000,Current Dollars,Level,6,"8,835,489",T10705
T10705,W256RC,31,Net domestic income,2001,Current Dollars,Level,6,"9,099,150",T10705
T10705,W256RC,31,Net domestic income,2002,Current Dollars,Level,6,"9,352,797",T10705
T10705,W256RC,31,Net domestic income,2003,Current Dollars,Level,6,"9,761,547",T10705
T10705,W256RC,31,Net domestic income,2004,Current Dollars,Level,6,"10,423,456",T10705
T10705,W256RC,31,Net domestic income,2005,Current Dollars,Level,6,"11,125,143",T10705
T10705,W256RC,31,Net domestic income,2006,Current Dollars,Level,6,"11,901,210",T10705
T10705,W256RC,31,Net domestic income,2007,Current Dollars,Level,6,"12,209,182",T10705
T10705,W256RC,31,Net domestic income,2008,Current Dollars,Level,6,"12,219,699",T10705
T10705,W256RC,31,Net domestic income,2009,Current Dollars,Level,6,"11,915,070",T10705
T10705,W256RC,31,Net domestic income,2010,Current Dollars,Level,6,"12,589,136",T10705
T10705,W256RC,31,Net domestic income,2011,Current Dollars,Level,6,"13,149,658",T10705
T10705,W256RC,31,Net domestic income,2012,Current Dollars,Level,6,"13,832,062",T10705
T10705,W256RC,31,Net domestic income,2013,Current Dollars,Level,6,"14,228,868",T10705
T10705,W256RC,31,Net domestic income,2014,Current Dollars,Level,6,"14,929,393",T10705
T10705,W256RC,31,Net domestic income,2015,Current Dollars,Level,6,"15,465,054",T10705
T10705,W256RC,31,Net domestic income,2016,Current Dollars,Level,6,"15,743,895",T10705
T10705,W256RC,31,Net domestic income,2017,Current Dollars,Level,6,"16,395,247",T10705
T10705,W256RC,31,Net domestic income,2018,Current Dollars,Level,6,"17,280,473",T10705
T10705,W256RC,31,Net domestic income,2019,Current Dollars,Level,6,"18,005,427",T10705
T10705,W256RC,31,Net domestic income,2020,Current Dollars,Level,6,"17,631,846",T10705
T10705,W256RC,31,Net domestic income,2021,Current Dollars,Level,6,"19,817,029",T10705
T10705,W256RC,31,Net domestic income,2022,Current Dollars,Level,6,"21,747,637",T10705
T10705,W256RC,31,Net domestic income,2023,Current Dollars,Level,6,"22,914,940",T10705
T10705,W256RC,31,Net domestic income,2024,Current Dollars,Level,6,"24,205,016",T10705
T10705,X032RC,32,Net national factor income,1929,Current Dollars,Level,6,"86,891","T10705,T10705.4"
T10705,X032RC,32,Net national factor income,1930,Current Dollars,Level,6,"75,736","T10705,T10705.4"
T10705,X032RC,32,Net national factor income,1931,Current Dollars,Level,6,"60,593","T10705,T10705.4"
T10705,X032RC,32,Net national factor income,1932,Current Dollars,Level,6,"44,243","T10705,T10705.4"
T10705,X032RC,32,Net national factor income,1933,Current Dollars,Level,6,"41,711","T10705,T10705.4"
T10705,X032RC,32,Net national factor income,1934,Current Dollars,Level,6,"50,617","T10705,T10705.4"
T10705,X032RC,32,Net national factor income,1935,Current Dollars,Level,6,"58,434","T10705,T10705.4"
T10705,X032RC,32,Net national factor income,1936,Current Dollars,Level,6,"66,404","T10705,T10705.4"
T10705,X032RC,32,Net national factor income,1937,Current Dollars,Level,6,"74,533","T10705,T10705.4"
T10705,X032RC,32,Net national factor income,1938,Current Dollars,Level,6,"68,146","T10705,T10705.4"
T10705,X032RC,32,Net national factor income,1939,Current Dollars,Level,6,"73,630","T10705,T10705.4"
T10705,X032RC,32,Net national factor income,1940,Current Dollars,Level,6,"82,039","T10705,T10705.4"
T10705,X032RC,32,Net national factor income,1941,Current Dollars,Level,6,"106,219","T10705,T10705.4"
T10705,X032RC,32,Net national factor income,1942,Current Dollars,Level,6,"140,824","T10705,T10705.4"
T10705,X032RC,32,Net national factor income,1943,Current Dollars,Level,6,"174,720","T10705,T10705.4"
T10705,X032RC,32,Net national factor income,1944,Current Dollars,Level,6,"187,414","T10705,T10705.4"
T10705,X032RC,32,Net national factor income,1945,Current Dollars,Level,6,"186,491","T10705,T10705.4"
T10705,X032RC,32,Net national factor income,1946,Current Dollars,Level,6,"185,099","T10705,T10705.4"
T10705,X032RC,32,Net national factor income,1947,Current Dollars,Level,6,"200,320","T10705,T10705.4"
T10705,X032RC,32,Net national factor income,1948,Current Dollars,Level,6,"224,955","T10705,T10705.4"
T10705,X032RC,32,Net national factor income,1949,Current Dollars,Level,6,"218,633","T10705,T10705.4"
T10705,X032RC,32,Net national factor income,1950,Current Dollars,Level,6,"243,680","T10705,T10705.4"
T10705,X032RC,32,Net national factor income,1951,Current Dollars,Level,6,"282,779","T10705,T10705.4"
T10705,X032RC,32,Net national factor income,1952,Current Dollars,Level,6,"298,571","T10705,T10705.4"
T10705,X032RC,32,Net national factor income,1953,Current Dollars,Level,6,"314,095","T10705,T10705.4"
T10705,X032RC,32,Net national factor income,1954,Current Dollars,Level,6,"314,277","T10705,T10705.4"
T10705,X032RC,32,Net national factor income,1955,Current Dollars,Level,6,"344,344","T10705,T10705.4"
T10705,X032RC,32,Net national factor income,1956,Current Dollars,Level,6,"364,910","T10705,T10705.4"
T10705,X032RC,32,Net national factor income,1957,Current Dollars,Level,6,"381,225","T10705,T10705.4"
T10705,X032RC,32,Net national factor income,1958,Current Dollars,Level,6,"382,702","T10705,T10705.4"
T10705,X032RC,32,Net national factor income,1959,Current Dollars,Level,6,"416,577","T10705,T10705.4"
T10705,X032RC,32,Net national factor income,1960,Current Dollars,Level,6,"433,289","T10705,T10705.4"
T10705,X032RC,32,Net national factor income,1961,Current Dollars,Level,6,"448,846","T10705,T10705.4"
T10705,X032RC,32,Net national factor income,1962,Current Dollars,Level,6,"483,325","T10705,T10705.4"
T10705,X032RC,32,Net national factor income,1963,Current Dollars,Level,6,"510,882","T10705,T10705.4"
T10705,X032RC,32,Net national factor income,1964,Current Dollars,Level,6,"548,630","T10705,T10705.4"
T10705,X032RC,32,Net national factor income,1965,Current Dollars,Level,6,"596,844","T10705,T10705.4"
T10705,X032RC,32,Net national factor income,1966,Current Dollars,Level,6,"655,054","T10705,T10705.4"
T10705,X032RC,32,Net national factor income,1967,Current Dollars,Level,6,"690,405","T10705,T10705.4"
T10705,X032RC,32,Net national factor income,1968,Current Dollars,Level,6,"753,378","T10705,T10705.4"
T10705,X032RC,32,Net national factor income,1969,Current Dollars,Level,6,"812,966","T10705,T10705.4"
T10705,X032RC,32,Net national factor income,1970,Current Dollars,Level,6,"847,563","T10705,T10705.4"
T10705,X032RC,32,Net national factor income,1971,Current Dollars,Level,6,"915,541","T10705,T10705.4"
T10705,X032RC,32,Net national factor income,1972,Current Dollars,Level,6,"1,014,363","T10705,T10705.4"
T10705,X032RC,32,Net national factor income,1973,Current Dollars,Level,6,"1,137,392","T10705,T10705.4"
T10705,X032RC,32,Net national factor income,1974,Current Dollars,Level,6,"1,220,470","T10705,T10705.4"
T10705,X032RC,32,Net national factor income,1975,Current Dollars,Level,6,"1,310,277","T10705,T10705.4"
T10705,X032RC,32,Net national factor income,1976,Current Dollars,Level,6,"1,461,361","T10705,T10705.4"
T10705,X032RC,32,Net national factor income,1977,Current Dollars,Level,6,"1,635,153","T10705,T10705.4"
T10705,X032RC,32,Net national factor income,1978,Current Dollars,Level,6,"1,852,701","T10705,T10705.4"
T10705,X032RC,32,Net national factor income,1979,Current Dollars,Level,6,"2,058,755","T10705,T10705.4"
T10705,X032RC,32,Net national factor income,1980,Current Dollars,Level,6,"2,218,744","T10705,T10705.4"
T10705,X032RC,32,Net national factor income,1981,Current Dollars,Level,6,"2,478,677","T10705,T10705.4"
T10705,X032RC,32,Net national factor income,1982,Current Dollars,Level,6,"2,592,871","T10705,T10705.4"
T10705,X032RC,32,Net national factor income,1983,Current Dollars,Level,6,"2,789,874","T10705,T10705.4"
T10705,X032RC,32,Net national factor income,1984,Current Dollars,Level,6,"3,137,085","T10705,T10705.4"
T10705,X032RC,32,Net national factor income,1985,Current Dollars,Level,6,"3,347,430","T10705,T10705.4"
T10705,X032RC,32,Net national factor income,1986,Current Dollars,Level,6,"3,494,464","T10705,T10705.4"
T10705,X032RC,32,Net national factor income,1987,Current Dollars,Level,6,"3,745,408","T10705,T10705.4"
T10705,X032RC,32,Net national factor income,1988,Current Dollars,Level,6,"4,088,502","T10705,T10705.4"
T10705,X032RC,32,Net national factor income,1989,Current Dollars,Level,6,"4,343,322","T10705,T10705.4"
T10705,X032RC,32,Net national factor income,1990,Current Dollars,Level,6,"4,573,048","T10705,T10705.4"
T10705,X032RC,32,Net national factor income,1991,Current Dollars,Level,6,"4,687,904","T10705,T10705.4"
T10705,X032RC,32,Net national factor income,1992,Current Dollars,Level,6,"4,972,197","T10705,T10705.4"
T10705,X032RC,32,Net national factor income,1993,Current Dollars,Level,6,"5,213,526","T10705,T10705.4"
T10705,X032RC,32,Net national factor income,1994,Current Dollars,Level,6,"5,549,254","T10705,T10705.4"
T10705,X032RC,32,Net national factor income,1995,Current Dollars,Level,6,"5,868,597","T10705,T10705.4"
T10705,X032RC,32,Net national factor income,1996,Current Dollars,Level,6,"6,255,735","T10705,T10705.4"
T10705,X032RC,32,Net national factor income,1997,Current Dollars,Level,6,"6,705,328","T10705,T10705.4"
T10705,X032RC,32,Net national factor income,1998,Current Dollars,Level,6,"7,142,829","T10705,T10705.4"
T10705,X032RC,32,Net national factor income,1999,Current Dollars,Level,6,"7,579,567","T10705,T10705.4"
T10705,X032RC,32,Net national factor income,2000,Current Dollars,Level,6,"8,114,628","T10705,T10705.4"
T10705,X032RC,32,Net national factor income,2001,Current Dollars,Level,6,"8,375,650","T10705,T10705.4"
T10705,X032RC,32,Net national factor income,2002,Current Dollars,Level,6,"8,591,628","T10705,T10705.4"
T10705,X032RC,32,Net national factor income,2003,Current Dollars,Level,6,"8,982,316","T10705,T10705.4"
T10705,X032RC,32,Net national factor income,2004,Current Dollars,Level,6,"9,596,140","T10705,T10705.4"
T10705,X032RC,32,Net national factor income,2005,Current Dollars,Level,6,"10,231,223","T10705,T10705.4"
T10705,X032RC,32,Net national factor income,2006,Current Dollars,Level,6,"10,928,184","T10705,T10705.4"
T10705,X032RC,32,Net national factor income,2007,Current Dollars,Level,6,"11,238,225","T10705,T10705.4"
T10705,X032RC,32,Net national factor income,2008,Current Dollars,Level,6,"11,271,677","T10705,T10705.4"
T10705,X032RC,32,Net national factor income,2009,Current Dollars,Level,6,"10,986,281","T10705,T10705.4"
T10705,X032RC,32,Net national factor income,2010,Current Dollars,Level,6,"11,679,723","T10705,T10705.4"
T10705,X032RC,32,Net national factor income,2011,Current Dollars,Level,6,"12,231,594","T10705,T10705.4"
T10705,X032RC,32,Net national factor income,2012,Current Dollars,Level,6,"12,904,789","T10705,T10705.4"
T10705,X032RC,32,Net national factor income,2013,Current Dollars,Level,6,"13,239,345","T10705,T10705.4"
T10705,X032RC,32,Net national factor income,2014,Current Dollars,Level,6,"13,857,930","T10705,T10705.4"
T10705,X032RC,32,Net national factor income,2015,Current Dollars,Level,6,"14,317,876","T10705,T10705.4"
T10705,X032RC,32,Net national factor income,2016,Current Dollars,Level,6,"14,567,525","T10705,T10705.4"
T10705,X032RC,32,Net national factor income,2017,Current Dollars,Level,6,"15,245,427","T10705,T10705.4"
T10705,X032RC,32,Net national factor income,2018,Current Dollars,Level,6,"16,025,787","T10705,T10705.4"
T10705,X032RC,32,Net national factor income,2019,Current Dollars,Level,6,"16,677,391","T10705,T10705.4"
T10705,X032RC,32,Net national factor income,2020,Current Dollars,Level,6,"16,877,668","T10705,T10705.4"
T10705,X032RC,32,Net national factor income,2021,Current Dollars,Level,6,"18,711,612","T10705,T10705.4"
T10705,X032RC,32,Net national factor income,2022,Current Dollars,Level,6,"19,956,372","T10705,T10705.4"
T10705,X032RC,32,Net national factor income,2023,Current Dollars,Level,6,"21,050,109","T10705,T10705.4"
T10705,X032RC,32,Net national factor income,2024,Current Dollars,Level,6,"22,097,327","T10705,T10705.4"
T10705,W367RC,33,Net domestic purchases,1929,Current Dollars,Level,6,"93,765",T10705
T10705,W367RC,33,Net domestic purchases,1930,Current Dollars,Level,6,"81,620",T10705
T10705,W367RC,33,Net domestic purchases,1931,Current Dollars,Level,6,"67,876",T10705
T10705,W367RC,33,Net domestic purchases,1932,Current Dollars,Level,6,"51,141",T10705
T10705,W367RC,33,Net domestic purchases,1933,Current Dollars,Level,6,"49,084",T10705
T10705,W367RC,33,Net domestic purchases,1934,Current Dollars,Level,6,"58,048",T10705
T10705,W367RC,33,Net domestic purchases,1935,Current Dollars,Level,6,"65,974",T10705
T10705,W367RC,33,Net domestic purchases,1936,Current Dollars,Level,6,"76,176",T10705
T10705,W367RC,33,Net domestic purchases,1937,Current Dollars,Level,6,"83,158",T10705
T10705,W367RC,33,Net domestic purchases,1938,Current Dollars,Level,6,"76,344",T10705
T10705,W367RC,33,Net domestic purchases,1939,Current Dollars,Level,6,"82,501",T10705
T10705,W367RC,33,Net domestic purchases,1940,Current Dollars,Level,6,"90,851",T10705
T10705,W367RC,33,Net domestic purchases,1941,Current Dollars,Level,6,"116,214",T10705
T10705,W367RC,33,Net domestic purchases,1942,Current Dollars,Level,6,"151,293",T10705
T10705,W367RC,33,Net domestic purchases,1943,Current Dollars,Level,6,"187,300",T10705
T10705,W367RC,33,Net domestic purchases,1944,Current Dollars,Level,6,"205,130",T10705
T10705,W367RC,33,Net domestic purchases,1945,Current Dollars,Level,6,"205,667",T10705
T10705,W367RC,33,Net domestic purchases,1946,Current Dollars,Level,6,"194,662",T10705
T10705,W367RC,33,Net domestic purchases,1947,Current Dollars,Level,6,"209,689",T10705
T10705,W367RC,33,Net domestic purchases,1948,Current Dollars,Level,6,"237,656",T10705
T10705,W367RC,33,Net domestic purchases,1949,Current Dollars,Level,6,"234,956",T10705
T10705,W367RC,33,Net domestic purchases,1950,Current Dollars,Level,6,"265,695",T10705
T10705,W367RC,33,Net domestic purchases,1951,Current Dollars,Level,6,"306,676",T10705
T10705,W367RC,33,Net domestic purchases,1952,Current Dollars,Level,6,"325,571",T10705
T10705,W367RC,33,Net domestic purchases,1953,Current Dollars,Level,6,"346,431",T10705
T10705,W367RC,33,Net domestic purchases,1954,Current Dollars,Level,6,"344,165",T10705
T10705,W367RC,33,Net domestic purchases,1955,Current Dollars,Level,6,"376,108",T10705
T10705,W367RC,33,Net domestic purchases,1956,Current Dollars,Level,6,"392,865",T10705
T10705,W367RC,33,Net domestic purchases,1957,Current Dollars,Level,6,"411,045",T10705
T10705,W367RC,33,Net domestic purchases,1958,Current Dollars,Level,6,"418,236",T10705
T10705,W367RC,33,Net domestic purchases,1959,Current Dollars,Level,6,"455,812",T10705
T10705,W367RC,33,Net domestic purchases,1960,Current Dollars,Level,6,"470,277",T10705
T10705,W367RC,33,Net domestic purchases,1961,Current Dollars,Level,6,"486,692",T10705
T10705,W367RC,33,Net domestic purchases,1962,Current Dollars,Level,6,"525,721",T10705
T10705,W367RC,33,Net domestic purchases,1963,Current Dollars,Level,6,"554,494",T10705
T10705,W367RC,33,Net domestic purchases,1964,Current Dollars,Level,6,"595,156",T10705
T10705,W367RC,33,Net domestic purchases,1965,Current Dollars,Level,6,"648,664",T10705
T10705,W367RC,33,Net domestic purchases,1966,Current Dollars,Level,6,"714,241",T10705
T10705,W367RC,33,Net domestic purchases,1967,Current Dollars,Level,6,"752,846",T10705
T10705,W367RC,33,Net domestic purchases,1968,Current Dollars,Level,6,"825,945",T10705
T10705,W367RC,33,Net domestic purchases,1969,Current Dollars,Level,6,"891,288",T10705
T10705,W367RC,33,Net domestic purchases,1970,Current Dollars,Level,6,"932,516",T10705
T10705,W367RC,33,Net domestic purchases,1971,Current Dollars,Level,6,"1,015,304",T10705
T10705,W367RC,33,Net domestic purchases,1972,Current Dollars,Level,6,"1,121,472",T10705
T10705,W367RC,33,Net domestic purchases,1973,Current Dollars,Level,6,"1,242,579",T10705
T10705,W367RC,33,Net domestic purchases,1974,Current Dollars,Level,6,"1,339,163",T10705
T10705,W367RC,33,Net domestic purchases,1975,Current Dollars,Level,6,"1,430,417",T10705
T10705,W367RC,33,Net domestic purchases,1976,Current Dollars,Level,6,"1,614,816",T10705
T10705,W367RC,33,Net domestic purchases,1977,Current Dollars,Level,6,"1,815,088",T10705
T10705,W367RC,33,Net domestic purchases,1978,Current Dollars,Level,6,"2,049,770",T10705
T10705,W367RC,33,Net domestic purchases,1979,Current Dollars,Level,6,"2,275,996",T10705
T10705,W367RC,33,Net domestic purchases,1980,Current Dollars,Level,6,"2,441,932",T10705
T10705,W367RC,33,Net domestic purchases,1981,Current Dollars,Level,6,"2,732,330",T10705
T10705,W367RC,33,Net domestic purchases,1982,Current Dollars,Level,6,"2,826,800",T10705
T10705,W367RC,33,Net domestic purchases,1983,Current Dollars,Level,6,"3,123,055",T10705
T10705,W367RC,33,Net domestic purchases,1984,Current Dollars,Level,6,"3,541,946",T10705
T10705,W367RC,33,Net domestic purchases,1985,Current Dollars,Level,6,"3,812,860",T10705
T10705,W367RC,33,Net domestic purchases,1986,Current Dollars,Level,6,"4,026,204",T10705
T10705,W367RC,33,Net domestic purchases,1987,Current Dollars,Level,6,"4,269,600",T10705
T10705,W367RC,33,Net domestic purchases,1988,Current Dollars,Level,6,"4,561,335",T10705
T10705,W367RC,33,Net domestic purchases,1989,Current Dollars,Level,6,"4,890,062",T10705
T10705,W367RC,33,Net domestic purchases,1990,Current Dollars,Level,6,"5,152,467",T10705
T10705,W367RC,33,Net domestic purchases,1991,Current Dollars,Level,6,"5,254,350",T10705
T10705,W367RC,33,Net domestic purchases,1992,Current Dollars,Level,6,"5,594,818",T10705
T10705,W367RC,33,Net domestic purchases,1993,Current Dollars,Level,6,"5,920,234",T10705
T10705,W367RC,33,Net domestic purchases,1994,Current Dollars,Level,6,"6,324,114",T10705
T10705,W367RC,33,Net domestic purchases,1995,Current Dollars,Level,6,"6,607,130",T10705
T10705,W367RC,33,Net domestic purchases,1996,Current Dollars,Level,6,"6,994,192",T10705
T10705,W367RC,33,Net domestic purchases,1997,Current Dollars,Level,6,"7,440,199",T10705
T10705,W367RC,33,Net domestic purchases,1998,Current Dollars,Level,6,"7,915,791",T10705
T10705,W367RC,33,Net domestic purchases,1999,Current Dollars,Level,6,"8,491,788",T10705
T10705,W367RC,33,Net domestic purchases,2000,Current Dollars,Level,6,"9,120,800",T10705
T10705,W367RC,33,Net domestic purchases,2001,Current Dollars,Level,6,"9,359,166",T10705
T10705,W367RC,33,Net domestic purchases,2002,Current Dollars,Level,6,"9,710,869",T10705
T10705,W367RC,33,Net domestic purchases,2003,Current Dollars,Level,6,"10,259,306",T10705
T10705,W367RC,33,Net domestic purchases,2004,Current Dollars,Level,6,"11,029,496",T10705
T10705,W367RC,33,Net domestic purchases,2005,Current Dollars,Level,6,"11,808,046",T10705
T10705,W367RC,33,Net domestic purchases,2006,Current Dollars,Level,6,"12,477,866",T10705
T10705,W367RC,33,Net domestic purchases,2007,Current Dollars,Level,6,"12,957,409",T10705
T10705,W367RC,33,Net domestic purchases,2008,Current Dollars,Level,6,"13,151,764",T10705
T10705,W367RC,33,Net domestic purchases,2009,Current Dollars,Level,6,"12,525,943",T10705
T10705,W367RC,33,Net domestic purchases,2010,Current Dollars,Level,6,"13,190,889",T10705
T10705,W367RC,33,Net domestic purchases,2011,Current Dollars,Level,6,"13,704,980",T10705
T10705,W367RC,33,Net domestic purchases,2012,Current Dollars,Level,6,"14,230,039",T10705
T10705,W367RC,33,Net domestic purchases,2013,Current Dollars,Level,6,"14,677,534",T10705
T10705,W367RC,33,Net domestic purchases,2014,Current Dollars,Level,6,"15,297,353",T10705
T10705,W367RC,33,Net domestic purchases,2015,Current Dollars,Level,6,"15,896,401",T10705
T10705,W367RC,33,Net domestic purchases,2016,Current Dollars,Level,6,"16,300,076",T10705
T10705,W367RC,33,Net domestic purchases,2017,Current Dollars,Level,6,"17,006,477",T10705
T10705,W367RC,33,Net domestic purchases,2018,Current Dollars,Level,6,"17,936,989",T10705
T10705,W367RC,33,Net domestic purchases,2019,Current Dollars,Level,6,"18,639,756",T10705
T10705,W367RC,33,Net domestic purchases,2020,Current Dollars,Level,6,"18,370,986",T10705
T10705,W367RC,33,Net domestic purchases,2021,Current Dollars,Level,6,"20,704,090",T10705
T10705,W367RC,33,Net domestic purchases,2022,Current Dollars,Level,6,"22,685,129",T10705
T10705,W367RC,33,Net domestic purchases,2023,Current Dollars,Level,6,"24,027,290",T10705
T10705,W367RC,33,Net domestic purchases,2024,Current Dollars,Level,6,"25,399,773",T10705
T10705,W367RC,33,Net domestic purchases,2025,Current Dollars,Level,6,"26,634,976",T10705
T10705,SB000008,34,Statistical discrepancy as a percentage of GDP,1929,Current Dollar Shares,Level,0,0.7,T10705
T10705,SB000008,34,Statistical discrepancy as a percentage of GDP,1930,Current Dollar Shares,Level,0,-0.5,T10705
T10705,SB000008,34,Statistical discrepancy as a percentage of GDP,1931,Current Dollar Shares,Level,0,1.0,T10705
T10705,SB000008,34,Statistical discrepancy as a percentage of GDP,1932,Current Dollar Shares,Level,0,0.5,T10705
T10705,SB000008,34,Statistical discrepancy as a percentage of GDP,1933,Current Dollar Shares,Level,0,0.9,T10705
T10705,SB000008,34,Statistical discrepancy as a percentage of GDP,1934,Current Dollar Shares,Level,0,0.6,T10705
T10705,SB000008,34,Statistical discrepancy as a percentage of GDP,1935,Current Dollar Shares,Level,0,-0.3,T10705
T10705,SB000008,34,Statistical discrepancy as a percentage of GDP,1936,Current Dollar Shares,Level,0,1.4,T10705
T10705,SB000008,34,Statistical discrepancy as a percentage of GDP,1937,Current Dollar Shares,Level,0,0.0,T10705
T10705,SB000008,34,Statistical discrepancy as a percentage of GDP,1938,Current Dollar Shares,Level,0,0.8,T10705
T10705,SB000008,34,Statistical discrepancy as a percentage of GDP,1939,Current Dollar Shares,Level,0,1.4,T10705
T10705,SB000008,34,Statistical discrepancy as a percentage of GDP,1940,Current Dollar Shares,Level,0,1.0,T10705
T10705,SB000008,34,Statistical discrepancy as a percentage of GDP,1941,Current Dollar Shares,Level,0,0.2,T10705
T10705,SB000008,34,Statistical discrepancy as a percentage of GDP,1942,Current Dollar Shares,Level,0,-0.5,T10705
T10705,SB000008,34,Statistical discrepancy as a percentage of GDP,1943,Current Dollar Shares,Level,0,-0.9,T10705
T10705,SB000008,34,Statistical discrepancy as a percentage of GDP,1944,Current Dollar Shares,Level,0,1.1,T10705
T10705,SB000008,34,Statistical discrepancy as a percentage of GDP,1945,Current Dollar Shares,Level,0,1.7,T10705
T10705,SB000008,34,Statistical discrepancy as a percentage of GDP,1946,Current Dollar Shares,Level,0,0.5,T10705
T10705,SB000008,34,Statistical discrepancy as a percentage of GDP,1947,Current Dollar Shares,Level,0,1.1,T10705
T10705,SB000008,34,Statistical discrepancy as a percentage of GDP,1948,Current Dollar Shares,Level,0,-0.1,T10705
T10705,SB000008,34,Statistical discrepancy as a percentage of GDP,1949,Current Dollar Shares,Level,0,0.6,T10705
T10705,SB000008,34,Statistical discrepancy as a percentage of GDP,1950,Current Dollar Shares,Level,0,0.4,T10705
T10705,SB000008,34,Statistical discrepancy as a percentage of GDP,1951,Current Dollar Shares,Level,0,1.0,T10705
T10705,SB000008,34,Statistical discrepancy as a percentage of GDP,1952,Current Dollar Shares,Level,0,0.7,T10705
T10705,SB000008,34,Statistical discrepancy as a percentage of GDP,1953,Current Dollar Shares,Level,0,1.0,T10705
T10705,SB000008,34,Statistical discrepancy as a percentage of GDP,1954,Current Dollar Shares,Level,0,0.7,T10705
T10705,SB000008,34,Statistical discrepancy as a percentage of GDP,1955,Current Dollar Shares,Level,0,0.5,T10705
T10705,SB000008,34,Statistical discrepancy as a percentage of GDP,1956,Current Dollar Shares,Level,0,-0.5,T10705
T10705,SB000008,34,Statistical discrepancy as a percentage of GDP,1957,Current Dollar Shares,Level,0,-0.1,T10705
T10705,SB000008,34,Statistical discrepancy as a percentage of GDP,1958,Current Dollar Shares,Level,0,0.1,T10705
T10705,SB000008,34,Statistical discrepancy as a percentage of GDP,1959,Current Dollar Shares,Level,0,0.0,T10705
T10705,SB000008,34,Statistical discrepancy as a percentage of GDP,1960,Current Dollar Shares,Level,0,-0.2,T10705
T10705,SB000008,34,Statistical discrepancy as a percentage of GDP,1961,Current Dollar Shares,Level,0,-0.2,T10705
T10705,SB000008,34,Statistical discrepancy as a percentage of GDP,1962,Current Dollar Shares,Level,0,0.0,T10705
T10705,SB000008,34,Statistical discrepancy as a percentage of GDP,1963,Current Dollar Shares,Level,0,-0.2,T10705
T10705,SB000008,34,Statistical discrepancy as a percentage of GDP,1964,Current Dollar Shares,Level,0,0.0,T10705
T10705,SB000008,34,Statistical discrepancy as a percentage of GDP,1965,Current Dollar Shares,Level,0,0.1,T10705
T10705,SB000008,34,Statistical discrepancy as a percentage of GDP,1966,Current Dollar Shares,Level,0,0.6,T10705
T10705,SB000008,34,Statistical discrepancy as a percentage of GDP,1967,Current Dollar Shares,Level,0,0.4,T10705
T10705,SB000008,34,Statistical discrepancy as a percentage of GDP,1968,Current Dollar Shares,Level,0,0.3,T10705
T10705,SB000008,34,Statistical discrepancy as a percentage of GDP,1969,Current Dollar Shares,Level,0,0.2,T10705
T10705,SB000008,34,Statistical discrepancy as a percentage of GDP,1970,Current Dollar Shares,Level,0,0.5,T10705
T10705,SB000008,34,Statistical discrepancy as a percentage of GDP,1971,Current Dollar Shares,Level,0,0.8,T10705
T10705,SB000008,34,Statistical discrepancy as a percentage of GDP,1972,Current Dollar Shares,Level,0,0.6,T10705
T10705,SB000008,34,Statistical discrepancy as a percentage of GDP,1973,Current Dollar Shares,Level,0,0.4,T10705
T10705,SB000008,34,Statistical discrepancy as a percentage of GDP,1974,Current Dollar Shares,Level,0,0.5,T10705
T10705,SB000008,34,Statistical discrepancy as a percentage of GDP,1975,Current Dollar Shares,Level,0,0.8,T10705
T10705,SB000008,34,Statistical discrepancy as a percentage of GDP,1976,Current Dollar Shares,Level,0,1.1,T10705
T10705,SB000008,34,Statistical discrepancy as a percentage of GDP,1977,Current Dollar Shares,Level,0,0.9,T10705
T10705,SB000008,34,Statistical discrepancy as a percentage of GDP,1978,Current Dollar Shares,Level,0,1.0,T10705
T10705,SB000008,34,Statistical discrepancy as a percentage of GDP,1979,Current Dollar Shares,Level,0,1.7,T10705
T10705,SB000008,34,Statistical discrepancy as a percentage of GDP,1980,Current Dollar Shares,Level,0,1.5,T10705
T10705,SB000008,34,Statistical discrepancy as a percentage of GDP,1981,Current Dollar Shares,Level,0,1.2,T10705
T10705,SB000008,34,Statistical discrepancy as a percentage of GDP,1982,Current Dollar Shares,Level,0,0.3,T10705
T10705,SB000008,34,Statistical discrepancy as a percentage of GDP,1983,Current Dollar Shares,Level,0,1.6,T10705
T10705,SB000008,34,Statistical discrepancy as a percentage of GDP,1984,Current Dollar Shares,Level,0,1.0,T10705
T10705,SB000008,34,Statistical discrepancy as a percentage of GDP,1985,Current Dollar Shares,Level,0,1.2,T10705
T10705,SB000008,34,Statistical discrepancy as a percentage of GDP,1986,Current Dollar Shares,Level,0,1.7,T10705
T10705,SB000008,34,Statistical discrepancy as a percentage of GDP,1987,Current Dollar Shares,Level,0,0.9,T10705
T10705,SB000008,34,Statistical discrepancy as a percentage of GDP,1988,Current Dollar Shares,Level,0,0.1,T10705
T10705,SB000008,34,Statistical discrepancy as a percentage of GDP,1989,Current Dollar Shares,Level,0,1.2,T10705
T10705,SB000008,34,Statistical discrepancy as a percentage of GDP,1990,Current Dollar Shares,Level,0,1.6,T10705
T10705,SB000008,34,Statistical discrepancy as a percentage of GDP,1991,Current Dollar Shares,Level,0,1.5,T10705
T10705,SB000008,34,Statistical discrepancy as a percentage of GDP,1992,Current Dollar Shares,Level,0,1.8,T10705
T10705,SB000008,34,Statistical discrepancy as a percentage of GDP,1993,Current Dollar Shares,Level,0,2.3,T10705
T10705,SB000008,34,Statistical discrepancy as a percentage of GDP,1994,Current Dollar Shares,Level,0,1.9,T10705
T10705,SB000008,34,Statistical discrepancy as a percentage of GDP,1995,Current Dollar Shares,Level,0,1.2,T10705
T10705,SB000008,34,Statistical discrepancy as a percentage of GDP,1996,Current Dollar Shares,Level,0,0.7,T10705
T10705,SB000008,34,Statistical discrepancy as a percentage of GDP,1997,Current Dollar Shares,Level,0,0.1,T10705
T10705,SB000008,34,Statistical discrepancy as a percentage of GDP,1998,Current Dollar Shares,Level,0,-0.6,T10705
T10705,SB000008,34,Statistical discrepancy as a percentage of GDP,1999,Current Dollar Shares,Level,0,-0.3,T10705
T10705,SB000008,34,Statistical discrepancy as a percentage of GDP,2000,Current Dollar Shares,Level,0,-0.9,T10705
T10705,SB000008,34,Statistical discrepancy as a percentage of GDP,2001,Current Dollar Shares,Level,0,-1.1,T10705
T10705,SB000008,34,Statistical discrepancy as a percentage of GDP,2002,Current Dollar Shares,Level,0,-0.7,T10705
T10705,SB000008,34,Statistical discrepancy as a percentage of GDP,2003,Current Dollar Shares,Level,0,-0.2,T10705
T10705,SB000008,34,Statistical discrepancy as a percentage of GDP,2004,Current Dollar Shares,Level,0,-0.2,T10705
T10705,SB000008,34,Statistical discrepancy as a percentage of GDP,2005,Current Dollar Shares,Level,0,-0.4,T10705
T10705,SB000008,34,Statistical discrepancy as a percentage of GDP,2006,Current Dollar Shares,Level,0,-1.5,T10705
T10705,SB000008,34,Statistical discrepancy as a percentage of GDP,2007,Current Dollar Shares,Level,0,0.1,T10705
T10705,SB000008,34,Statistical discrepancy as a percentage of GDP,2008,Current Dollar Shares,Level,0,1.3,T10705
T10705,SB000008,34,Statistical discrepancy as a percentage of GDP,2009,Current Dollar Shares,Level,0,1.3,T10705
T10705,SB000008,34,Statistical discrepancy as a percentage of GDP,2010,Current Dollar Shares,Level,0,0.5,T10705
T10705,SB000008,34,Statistical discrepancy as a percentage of GDP,2011,Current Dollar Shares,Level,0,-0.2,T10705
T10705,SB000008,34,Statistical discrepancy as a percentage of GDP,2012,Current Dollar Shares,Level,0,-0.9,T10705
T10705,SB000008,34,Statistical discrepancy as a percentage of GDP,2013,Current Dollar Shares,Level,0,-0.2,T10705
T10705,SB000008,34,Statistical discrepancy as a percentage of GDP,2014,Current Dollar Shares,Level,0,-0.8,T10705
T10705,SB000008,34,Statistical discrepancy as a percentage of GDP,2015,Current Dollar Shares,Level,0,-0.5,T10705
T10705,SB000008,34,Statistical discrepancy as a percentage of GDP,2016,Current Dollar Shares,Level,0,0.3,T10705
T10705,SB000008,34,Statistical discrepancy as a percentage of GDP,2017,Current Dollar Shares,Level,0,0.3,T10705
T10705,SB000008,34,Statistical discrepancy as a percentage of GDP,2018,Current Dollar Shares,Level,0,0.3,T10705
T10705,SB000008,34,Statistical discrepancy as a percentage of GDP,2019,Current Dollar Shares,Level,0,0.3,T10705
T10705,SB000008,34,Statistical discrepancy as a percentage of GDP,2020,Current Dollar Shares,Level,0,0.6,T10705
T10705,SB000008,34,Statistical discrepancy as a percentage of GDP,2021,Current Dollar Shares,Level,0,0.2,T10705
T10705,SB000008,34,Statistical discrepancy as a percentage of GDP,2022,Current Dollar Shares,Level,0,0.0,T10705
T10705,SB000008,34,Statistical discrepancy as a percentage of GDP,2023,Current Dollar Shares,Level,0,1.2,T10705
T10705,SB000008,34,Statistical discrepancy as a percentage of GDP,2024,Current Dollar Shares,Level,0,1.0,T10705
