TableName,SeriesCode,LineNumber,LineDescription,TimePeriod,METRIC_NAME,CL_UNIT,UNIT_MULT,DataValue,NoteRef
T30200,W005RC,1,Current receipts,1929,Current Dollars,Level,6,"3,694",T30200
T30200,W005RC,1,Current receipts,1930,Current Dollars,Level,6,"2,936",T30200
T30200,W005RC,1,Current receipts,1931,Current Dollars,Level,6,"1,939",T30200
T30200,W005RC,1,Current receipts,1932,Current Dollars,Level,6,"1,624",T30200
T30200,W005RC,1,Current receipts,1933,Current Dollars,Level,6,"2,550",T30200
T30200,W005RC,1,Current receipts,1934,Current Dollars,Level,6,"3,362",T30200
T30200,W005RC,1,Current receipts,1935,Current Dollars,Level,6,"3,667",T30200
T30200,W005RC,1,Current receipts,1936,Current Dollars,Level,6,"4,601",T30200
T30200,W005RC,1,Current receipts,1937,Current Dollars,Level,6,"6,582",T30200
T30200,W005RC,1,Current receipts,1938,Current Dollars,Level,6,"6,019",T30200
T30200,W005RC,1,Current receipts,1939,Current Dollars,Level,6,"6,272",T30200
T30200,W005RC,1,Current receipts,1940,Current Dollars,Level,6,"8,211",T30200
T30200,W005RC,1,Current receipts,1941,Current Dollars,Level,6,"14,910",T30200
T30200,W005RC,1,Current receipts,1942,Current Dollars,Level,6,"22,271",T30200
T30200,W005RC,1,Current receipts,1943,Current Dollars,Level,6,"38,473",T30200
T30200,W005RC,1,Current receipts,1944,Current Dollars,Level,6,"40,067",T30200
T30200,W005RC,1,Current receipts,1945,Current Dollars,Level,6,"41,529",T30200
T30200,W005RC,1,Current receipts,1946,Current Dollars,Level,6,"39,452",T30200
T30200,W005RC,1,Current receipts,1947,Current Dollars,Level,6,"42,814",T30200
T30200,W005RC,1,Current receipts,1948,Current Dollars,Level,6,"42,376",T30200
T30200,W005RC,1,Current receipts,1949,Current Dollars,Level,6,"37,860",T30200
T30200,W005RC,1,Current receipts,1950,Current Dollars,Level,6,"48,803",T30200
T30200,W005RC,1,Current receipts,1951,Current Dollars,Level,6,"62,915",T30200
T30200,W005RC,1,Current receipts,1952,Current Dollars,Level,6,"65,811",T30200
T30200,W005RC,1,Current receipts,1953,Current Dollars,Level,6,"68,607",T30200
T30200,W005RC,1,Current receipts,1954,Current Dollars,Level,6,"62,511",T30200
T30200,W005RC,1,Current receipts,1955,Current Dollars,Level,6,"71,072",T30200
T30200,W005RC,1,Current receipts,1956,Current Dollars,Level,6,"75,843",T30200
T30200,W005RC,1,Current receipts,1957,Current Dollars,Level,6,"79,317",T30200
T30200,W005RC,1,Current receipts,1958,Current Dollars,Level,6,"76,056",T30200
T30200,W005RC,1,Current receipts,1959,Current Dollars,Level,6,"86,603",T30200
T30200,W005RC,1,Current receipts,1960,Current Dollars,Level,6,"93,555",T30200
T30200,W005RC,1,Current receipts,1961,Current Dollars,Level,6,"95,079",T30200
T30200,W005RC,1,Current receipts,1962,Current Dollars,Level,6,"103,187",T30200
T30200,W005RC,1,Current receipts,1963,Current Dollars,Level,6,"111,337",T30200
T30200,W005RC,1,Current receipts,1964,Current Dollars,Level,6,"111,318",T30200
T30200,W005RC,1,Current receipts,1965,Current Dollars,Level,6,"120,427",T30200
T30200,W005RC,1,Current receipts,1966,Current Dollars,Level,6,"137,387",T30200
T30200,W005RC,1,Current receipts,1967,Current Dollars,Level,6,"146,257",T30200
T30200,W005RC,1,Current receipts,1968,Current Dollars,Level,6,"170,578",T30200
T30200,W005RC,1,Current receipts,1969,Current Dollars,Level,6,"191,835",T30200
T30200,W005RC,1,Current receipts,1970,Current Dollars,Level,6,"185,128",T30200
T30200,W005RC,1,Current receipts,1971,Current Dollars,Level,6,"190,706",T30200
T30200,W005RC,1,Current receipts,1972,Current Dollars,Level,6,"219,009",T30200
T30200,W005RC,1,Current receipts,1973,Current Dollars,Level,6,"249,246",T30200
T30200,W005RC,1,Current receipts,1974,Current Dollars,Level,6,"278,501",T30200
T30200,W005RC,1,Current receipts,1975,Current Dollars,Level,6,"276,834",T30200
T30200,W005RC,1,Current receipts,1976,Current Dollars,Level,6,"322,588",T30200
T30200,W005RC,1,Current receipts,1977,Current Dollars,Level,6,"363,870",T30200
T30200,W005RC,1,Current receipts,1978,Current Dollars,Level,6,"423,825",T30200
T30200,W005RC,1,Current receipts,1979,Current Dollars,Level,6,"487,022",T30200
T30200,W005RC,1,Current receipts,1980,Current Dollars,Level,6,"533,695",T30200
T30200,W005RC,1,Current receipts,1981,Current Dollars,Level,6,"621,062",T30200
T30200,W005RC,1,Current receipts,1982,Current Dollars,Level,6,"618,663",T30200
T30200,W005RC,1,Current receipts,1983,Current Dollars,Level,6,"644,765",T30200
T30200,W005RC,1,Current receipts,1984,Current Dollars,Level,6,"711,169",T30200
T30200,W005RC,1,Current receipts,1985,Current Dollars,Level,6,"775,726",T30200
T30200,W005RC,1,Current receipts,1986,Current Dollars,Level,6,"817,908",T30200
T30200,W005RC,1,Current receipts,1987,Current Dollars,Level,6,"899,491",T30200
T30200,W005RC,1,Current receipts,1988,Current Dollars,Level,6,"962,431",T30200
T30200,W005RC,1,Current receipts,1989,Current Dollars,Level,6,"1,042,474",T30200
T30200,W005RC,1,Current receipts,1990,Current Dollars,Level,6,"1,087,629",T30200
T30200,W005RC,1,Current receipts,1991,Current Dollars,Level,6,"1,107,824",T30200
T30200,W005RC,1,Current receipts,1992,Current Dollars,Level,6,"1,154,353",T30200
T30200,W005RC,1,Current receipts,1993,Current Dollars,Level,6,"1,231,038",T30200
T30200,W005RC,1,Current receipts,1994,Current Dollars,Level,6,"1,329,345",T30200
T30200,W005RC,1,Current receipts,1995,Current Dollars,Level,6,"1,417,432",T30200
T30200,W005RC,1,Current receipts,1996,Current Dollars,Level,6,"1,536,346",T30200
T30200,W005RC,1,Current receipts,1997,Current Dollars,Level,6,"1,667,387",T30200
T30200,W005RC,1,Current receipts,1998,Current Dollars,Level,6,"1,789,838",T30200
T30200,W005RC,1,Current receipts,1999,Current Dollars,Level,6,"1,905,951",T30200
T30200,W005RC,1,Current receipts,2000,Current Dollars,Level,6,"2,067,777",T30200
T30200,W005RC,1,Current receipts,2001,Current Dollars,Level,6,"2,032,368",T30200
T30200,W005RC,1,Current receipts,2002,Current Dollars,Level,6,"1,870,886",T30200
T30200,W005RC,1,Current receipts,2003,Current Dollars,Level,6,"1,896,115",T30200
T30200,W005RC,1,Current receipts,2004,Current Dollars,Level,6,"2,028,081",T30200
T30200,W005RC,1,Current receipts,2005,Current Dollars,Level,6,"2,304,706",T30200
T30200,W005RC,1,Current receipts,2006,Current Dollars,Level,6,"2,538,778",T30200
T30200,W005RC,1,Current receipts,2007,Current Dollars,Level,6,"2,668,327",T30200
T30200,W005RC,1,Current receipts,2008,Current Dollars,Level,6,"2,582,050",T30200
T30200,W005RC,1,Current receipts,2009,Current Dollars,Level,6,"2,242,065",T30200
T30200,W005RC,1,Current receipts,2010,Current Dollars,Level,6,"2,446,264",T30200
T30200,W005RC,1,Current receipts,2011,Current Dollars,Level,6,"2,573,610",T30200
T30200,W005RC,1,Current receipts,2012,Current Dollars,Level,6,"2,700,817",T30200
T30200,W005RC,1,Current receipts,2013,Current Dollars,Level,6,"3,136,319",T30200
T30200,W005RC,1,Current receipts,2014,Current Dollars,Level,6,"3,294,416",T30200
T30200,W005RC,1,Current receipts,2015,Current Dollars,Level,6,"3,448,386",T30200
T30200,W005RC,1,Current receipts,2016,Current Dollars,Level,6,"3,460,672",T30200
T30200,W005RC,1,Current receipts,2017,Current Dollars,Level,6,"3,503,747",T30200
T30200,W005RC,1,Current receipts,2018,Current Dollars,Level,6,"3,583,094",T30200
T30200,W005RC,1,Current receipts,2019,Current Dollars,Level,6,"3,704,330",T30200
T30200,W005RC,1,Current receipts,2020,Current Dollars,Level,6,"3,766,665",T30200
T30200,W005RC,1,Current receipts,2021,Current Dollars,Level,6,"4,429,089",T30200
T30200,W005RC,1,Current receipts,2022,Current Dollars,Level,6,"5,115,520",T30200
T30200,W005RC,1,Current receipts,2023,Current Dollars,Level,6,"4,820,876",T30200
T30200,W005RC,1,Current receipts,2024,Current Dollars,Level,6,"5,178,912",T30200
T30200,W006RC,2,Current tax receipts,1929,Current Dollars,Level,6,"3,536",T30200
T30200,W006RC,2,Current tax receipts,1930,Current Dollars,Level,6,"2,778",T30200
T30200,W006RC,2,Current tax receipts,1931,Current Dollars,Level,6,"1,800",T30200
T30200,W006RC,2,Current tax receipts,1932,Current Dollars,Level,6,"1,492",T30200
T30200,W006RC,2,Current tax receipts,1933,Current Dollars,Level,6,"2,435",T30200
T30200,W006RC,2,Current tax receipts,1934,Current Dollars,Level,6,"3,243",T30200
T30200,W006RC,2,Current tax receipts,1935,Current Dollars,Level,6,"3,530",T30200
T30200,W006RC,2,Current tax receipts,1936,Current Dollars,Level,6,"4,196",T30200
T30200,W006RC,2,Current tax receipts,1937,Current Dollars,Level,6,"5,006",T30200
T30200,W006RC,2,Current tax receipts,1938,Current Dollars,Level,6,"4,297",T30200
T30200,W006RC,2,Current tax receipts,1939,Current Dollars,Level,6,"4,418",T30200
T30200,W006RC,2,Current tax receipts,1940,Current Dollars,Level,6,"6,230",T30200
T30200,W006RC,2,Current tax receipts,1941,Current Dollars,Level,6,"12,446",T30200
T30200,W006RC,2,Current tax receipts,1942,Current Dollars,Level,6,"19,211",T30200
T30200,W006RC,2,Current tax receipts,1943,Current Dollars,Level,6,"34,435",T30200
T30200,W006RC,2,Current tax receipts,1944,Current Dollars,Level,6,"35,312",T30200
T30200,W006RC,2,Current tax receipts,1945,Current Dollars,Level,6,"35,759",T30200
T30200,W006RC,2,Current tax receipts,1946,Current Dollars,Level,6,"32,684",T30200
T30200,W006RC,2,Current tax receipts,1947,Current Dollars,Level,6,"37,046",T30200
T30200,W006RC,2,Current tax receipts,1948,Current Dollars,Level,6,"37,476",T30200
T30200,W006RC,2,Current tax receipts,1949,Current Dollars,Level,6,"32,651",T30200
T30200,W006RC,2,Current tax receipts,1950,Current Dollars,Level,6,"43,124",T30200
T30200,W006RC,2,Current tax receipts,1951,Current Dollars,Level,6,"55,986",T30200
T30200,W006RC,2,Current tax receipts,1952,Current Dollars,Level,6,"58,569",T30200
T30200,W006RC,2,Current tax receipts,1953,Current Dollars,Level,6,"61,148",T30200
T30200,W006RC,2,Current tax receipts,1954,Current Dollars,Level,6,"54,150",T30200
T30200,W006RC,2,Current tax receipts,1955,Current Dollars,Level,6,"61,719",T30200
T30200,W006RC,2,Current tax receipts,1956,Current Dollars,Level,6,"65,426",T30200
T30200,W006RC,2,Current tax receipts,1957,Current Dollars,Level,6,"67,355",T30200
T30200,W006RC,2,Current tax receipts,1958,Current Dollars,Level,6,"64,119",T30200
T30200,W006RC,2,Current tax receipts,1959,Current Dollars,Level,6,"72,334",T30200
T30200,W006RC,2,Current tax receipts,1960,Current Dollars,Level,6,"75,555",T30200
T30200,W006RC,2,Current tax receipts,1961,Current Dollars,Level,6,"76,771",T30200
T30200,W006RC,2,Current tax receipts,1962,Current Dollars,Level,6,"82,476",T30200
T30200,W006RC,2,Current tax receipts,1963,Current Dollars,Level,6,"87,710",T30200
T30200,W006RC,2,Current tax receipts,1964,Current Dollars,Level,6,"86,151",T30200
T30200,W006RC,2,Current tax receipts,1965,Current Dollars,Level,6,"94,303",T30200
T30200,W006RC,2,Current tax receipts,1966,Current Dollars,Level,6,"103,058",T30200
T30200,W006RC,2,Current tax receipts,1967,Current Dollars,Level,6,"107,917",T30200
T30200,W006RC,2,Current tax receipts,1968,Current Dollars,Level,6,"127,217",T30200
T30200,W006RC,2,Current tax receipts,1969,Current Dollars,Level,6,"142,951",T30200
T30200,W006RC,2,Current tax receipts,1970,Current Dollars,Level,6,"134,430",T30200
T30200,W006RC,2,Current tax receipts,1971,Current Dollars,Level,6,"135,261",T30200
T30200,W006RC,2,Current tax receipts,1972,Current Dollars,Level,6,"155,017",T30200
T30200,W006RC,2,Current tax receipts,1973,Current Dollars,Level,6,"168,677",T30200
T30200,W006RC,2,Current tax receipts,1974,Current Dollars,Level,6,"186,521",T30200
T30200,W006RC,2,Current tax receipts,1975,Current Dollars,Level,6,"181,455",T30200
T30200,W006RC,2,Current tax receipts,1976,Current Dollars,Level,6,"212,392",T30200
T30200,W006RC,2,Current tax receipts,1977,Current Dollars,Level,6,"241,641",T30200
T30200,W006RC,2,Current tax receipts,1978,Current Dollars,Level,6,"279,825",T30200
T30200,W006RC,2,Current tax receipts,1979,Current Dollars,Level,6,"316,862",T30200
T30200,W006RC,2,Current tax receipts,1980,Current Dollars,Level,6,"344,494",T30200
T30200,W006RC,2,Current tax receipts,1981,Current Dollars,Level,6,"394,288",T30200
T30200,W006RC,2,Current tax receipts,1982,Current Dollars,Level,6,"371,766",T30200
T30200,W006RC,2,Current tax receipts,1983,Current Dollars,Level,6,"379,484",T30200
T30200,W006RC,2,Current tax receipts,1984,Current Dollars,Level,6,"409,681",T30200
T30200,W006RC,2,Current tax receipts,1985,Current Dollars,Level,6,"442,913",T30200
T30200,W006RC,2,Current tax receipts,1986,Current Dollars,Level,6,"462,034",T30200
T30200,W006RC,2,Current tax receipts,1987,Current Dollars,Level,6,"526,416",T30200
T30200,W006RC,2,Current tax receipts,1988,Current Dollars,Level,6,"549,808",T30200
T30200,W006RC,2,Current tax receipts,1989,Current Dollars,Level,6,"601,144",T30200
T30200,W006RC,2,Current tax receipts,1990,Current Dollars,Level,6,"620,563",T30200
T30200,W006RC,2,Current tax receipts,1991,Current Dollars,Level,6,"617,116",T30200
T30200,W006RC,2,Current tax receipts,1992,Current Dollars,Level,6,"645,424",T30200
T30200,W006RC,2,Current tax receipts,1993,Current Dollars,Level,6,"699,268",T30200
T30200,W006RC,2,Current tax receipts,1994,Current Dollars,Level,6,"763,463",T30200
T30200,W006RC,2,Current tax receipts,1995,Current Dollars,Level,6,"825,697",T30200
T30200,W006RC,2,Current tax receipts,1996,Current Dollars,Level,6,"916,958",T30200
T30200,W006RC,2,Current tax receipts,1997,Current Dollars,Level,6,"1,015,091",T30200
T30200,W006RC,2,Current tax receipts,1998,Current Dollars,Level,6,"1,095,258",T30200
T30200,W006RC,2,Current tax receipts,1999,Current Dollars,Level,6,"1,174,537",T30200
T30200,W006RC,2,Current tax receipts,2000,Current Dollars,Level,6,"1,288,531",T30200
T30200,W006RC,2,Current tax receipts,2001,Current Dollars,Level,6,"1,226,823",T30200
T30200,W006RC,2,Current tax receipts,2002,Current Dollars,Level,6,"1,053,184",T30200
T30200,W006RC,2,Current tax receipts,2003,Current Dollars,Level,6,"1,053,864",T30200
T30200,W006RC,2,Current tax receipts,2004,Current Dollars,Level,6,"1,140,597",T30200
T30200,W006RC,2,Current tax receipts,2005,Current Dollars,Level,6,"1,367,823",T30200
T30200,W006RC,2,Current tax receipts,2006,Current Dollars,Level,6,"1,534,776",T30200
T30200,W006RC,2,Current tax receipts,2007,Current Dollars,Level,6,"1,607,657",T30200
T30200,W006RC,2,Current tax receipts,2008,Current Dollars,Level,6,"1,489,516",T30200
T30200,W006RC,2,Current tax receipts,2009,Current Dollars,Level,6,"1,123,665",T30200
T30200,W006RC,2,Current tax receipts,2010,Current Dollars,Level,6,"1,273,598",T30200
T30200,W006RC,2,Current tax receipts,2011,Current Dollars,Level,6,"1,478,403",T30200
T30200,W006RC,2,Current tax receipts,2012,Current Dollars,Level,6,"1,572,950",T30200
T30200,W006RC,2,Current tax receipts,2013,Current Dollars,Level,6,"1,744,886",T30200
T30200,W006RC,2,Current tax receipts,2014,Current Dollars,Level,6,"1,900,450",T30200
T30200,W006RC,2,Current tax receipts,2015,Current Dollars,Level,6,"2,025,710",T30200
T30200,W006RC,2,Current tax receipts,2016,Current Dollars,Level,6,"2,021,131",T30200
T30200,W006RC,2,Current tax receipts,2017,Current Dollars,Level,6,"1,999,804",T30200
T30200,W006RC,2,Current tax receipts,2018,Current Dollars,Level,6,"2,028,439",T30200
T30200,W006RC,2,Current tax receipts,2019,Current Dollars,Level,6,"2,112,971",T30200
T30200,W006RC,2,Current tax receipts,2020,Current Dollars,Level,6,"2,149,223",T30200
T30200,W006RC,2,Current tax receipts,2021,Current Dollars,Level,6,"2,675,072",T30200
T30200,W006RC,2,Current tax receipts,2022,Current Dollars,Level,6,"3,252,924",T30200
T30200,W006RC,2,Current tax receipts,2023,Current Dollars,Level,6,"2,918,060",T30200
T30200,W006RC,2,Current tax receipts,2024,Current Dollars,Level,6,"3,118,885",T30200
T30200,A074RC,3,Personal current taxes,1929,Current Dollars,Level,6,"1,179","T30200,T30200.1"
T30200,A074RC,3,Personal current taxes,1930,Current Dollars,Level,6,"1,045","T30200,T30200.1"
T30200,A074RC,3,Personal current taxes,1931,Current Dollars,Level,6,532,"T30200,T30200.1"
T30200,A074RC,3,Personal current taxes,1932,Current Dollars,Level,6,285,"T30200,T30200.1"
T30200,A074RC,3,Personal current taxes,1933,Current Dollars,Level,6,390,"T30200,T30200.1"
T30200,A074RC,3,Personal current taxes,1934,Current Dollars,Level,6,455,"T30200,T30200.1"
T30200,A074RC,3,Personal current taxes,1935,Current Dollars,Level,6,568,"T30200,T30200.1"
T30200,A074RC,3,Personal current taxes,1936,Current Dollars,Level,6,732,"T30200,T30200.1"
T30200,A074RC,3,Personal current taxes,1937,Current Dollars,Level,6,"1,305","T30200,T30200.1"
T30200,A074RC,3,Personal current taxes,1938,Current Dollars,Level,6,"1,231","T30200,T30200.1"
T30200,A074RC,3,Personal current taxes,1939,Current Dollars,Level,6,855,"T30200,T30200.1"
T30200,A074RC,3,Personal current taxes,1940,Current Dollars,Level,6,"1,014","T30200,T30200.1"
T30200,A074RC,3,Personal current taxes,1941,Current Dollars,Level,6,"1,601","T30200,T30200.1"
T30200,A074RC,3,Personal current taxes,1942,Current Dollars,Level,6,"4,164","T30200,T30200.1"
T30200,A074RC,3,Personal current taxes,1943,Current Dollars,Level,6,"15,987","T30200,T30200.1"
T30200,A074RC,3,Personal current taxes,1944,Current Dollars,Level,6,"16,876","T30200,T30200.1"
T30200,A074RC,3,Personal current taxes,1945,Current Dollars,Level,6,"18,613","T30200,T30200.1"
T30200,A074RC,3,Personal current taxes,1946,Current Dollars,Level,6,"16,351","T30200,T30200.1"
T30200,A074RC,3,Personal current taxes,1947,Current Dollars,Level,6,"18,793","T30200,T30200.1"
T30200,A074RC,3,Personal current taxes,1948,Current Dollars,Level,6,"18,065","T30200,T30200.1"
T30200,A074RC,3,Personal current taxes,1949,Current Dollars,Level,6,"15,376","T30200,T30200.1"
T30200,A074RC,3,Personal current taxes,1950,Current Dollars,Level,6,"17,432","T30200,T30200.1"
T30200,A074RC,3,Personal current taxes,1951,Current Dollars,Level,6,"25,375","T30200,T30200.1"
T30200,A074RC,3,Personal current taxes,1952,Current Dollars,Level,6,"30,167","T30200,T30200.1"
T30200,A074RC,3,Personal current taxes,1953,Current Dollars,Level,6,"31,306","T30200,T30200.1"
T30200,A074RC,3,Personal current taxes,1954,Current Dollars,Level,6,"28,068","T30200,T30200.1"
T30200,A074RC,3,Personal current taxes,1955,Current Dollars,Level,6,"30,470","T30200,T30200.1"
T30200,A074RC,3,Personal current taxes,1956,Current Dollars,Level,6,"33,913","T30200,T30200.1"
T30200,A074RC,3,Personal current taxes,1957,Current Dollars,Level,6,"35,994","T30200,T30200.1"
T30200,A074RC,3,Personal current taxes,1958,Current Dollars,Level,6,"35,485","T30200,T30200.1"
T30200,A074RC,3,Personal current taxes,1959,Current Dollars,Level,6,"38,466","T30200,T30200.1"
T30200,A074RC,3,Personal current taxes,1960,Current Dollars,Level,6,"41,838","T30200,T30200.1"
T30200,A074RC,3,Personal current taxes,1961,Current Dollars,Level,6,"42,694","T30200,T30200.1"
T30200,A074RC,3,Personal current taxes,1962,Current Dollars,Level,6,"46,529","T30200,T30200.1"
T30200,A074RC,3,Personal current taxes,1963,Current Dollars,Level,6,"49,138","T30200,T30200.1"
T30200,A074RC,3,Personal current taxes,1964,Current Dollars,Level,6,"45,985","T30200,T30200.1"
T30200,A074RC,3,Personal current taxes,1965,Current Dollars,Level,6,"51,068","T30200,T30200.1"
T30200,A074RC,3,Personal current taxes,1966,Current Dollars,Level,6,"58,602","T30200,T30200.1"
T30200,A074RC,3,Personal current taxes,1967,Current Dollars,Level,6,"64,386","T30200,T30200.1"
T30200,A074RC,3,Personal current taxes,1968,Current Dollars,Level,6,"76,435","T30200,T30200.1"
T30200,A074RC,3,Personal current taxes,1969,Current Dollars,Level,6,"91,700","T30200,T30200.1"
T30200,A074RC,3,Personal current taxes,1970,Current Dollars,Level,6,"88,853","T30200,T30200.1"
T30200,A074RC,3,Personal current taxes,1971,Current Dollars,Level,6,"85,803","T30200,T30200.1"
T30200,A074RC,3,Personal current taxes,1972,Current Dollars,Level,6,"102,757","T30200,T30200.1"
T30200,A074RC,3,Personal current taxes,1973,Current Dollars,Level,6,"109,581","T30200,T30200.1"
T30200,A074RC,3,Personal current taxes,1974,Current Dollars,Level,6,"126,525","T30200,T30200.1"
T30200,A074RC,3,Personal current taxes,1975,Current Dollars,Level,6,"120,730","T30200,T30200.1"
T30200,A074RC,3,Personal current taxes,1976,Current Dollars,Level,6,"141,597","T30200,T30200.1"
T30200,A074RC,3,Personal current taxes,1977,Current Dollars,Level,6,"162,513","T30200,T30200.1"
T30200,A074RC,3,Personal current taxes,1978,Current Dollars,Level,6,"189,199","T30200,T30200.1"
T30200,A074RC,3,Personal current taxes,1979,Current Dollars,Level,6,"224,881","T30200,T30200.1"
T30200,A074RC,3,Personal current taxes,1980,Current Dollars,Level,6,"250,621","T30200,T30200.1"
T30200,A074RC,3,Personal current taxes,1981,Current Dollars,Level,6,"291,165","T30200,T30200.1"
T30200,A074RC,3,Personal current taxes,1982,Current Dollars,Level,6,"295,596","T30200,T30200.1"
T30200,A074RC,3,Personal current taxes,1983,Current Dollars,Level,6,"286,774","T30200,T30200.1"
T30200,A074RC,3,Personal current taxes,1984,Current Dollars,Level,6,"301,893","T30200,T30200.1"
T30200,A074RC,3,Personal current taxes,1985,Current Dollars,Level,6,"336,453","T30200,T30200.1"
T30200,A074RC,3,Personal current taxes,1986,Current Dollars,Level,6,"350,601","T30200,T30200.1"
T30200,A074RC,3,Personal current taxes,1987,Current Dollars,Level,6,"392,987","T30200,T30200.1"
T30200,A074RC,3,Personal current taxes,1988,Current Dollars,Level,6,"403,845","T30200,T30200.1"
T30200,A074RC,3,Personal current taxes,1989,Current Dollars,Level,6,"453,095","T30200,T30200.1"
T30200,A074RC,3,Personal current taxes,1990,Current Dollars,Level,6,"472,109","T30200,T30200.1"
T30200,A074RC,3,Personal current taxes,1991,Current Dollars,Level,6,"463,590","T30200,T30200.1"
T30200,A074RC,3,Personal current taxes,1992,Current Dollars,Level,6,"477,497","T30200,T30200.1"
T30200,A074RC,3,Personal current taxes,1993,Current Dollars,Level,6,"507,688","T30200,T30200.1"
T30200,A074RC,3,Personal current taxes,1994,Current Dollars,Level,6,"545,082","T30200,T30200.1"
T30200,A074RC,3,Personal current taxes,1995,Current Dollars,Level,6,"590,297","T30200,T30200.1"
T30200,A074RC,3,Personal current taxes,1996,Current Dollars,Level,6,"668,410","T30200,T30200.1"
T30200,A074RC,3,Personal current taxes,1997,Current Dollars,Level,6,"749,822","T30200,T30200.1"
T30200,A074RC,3,Personal current taxes,1998,Current Dollars,Level,6,"831,199","T30200,T30200.1"
T30200,A074RC,3,Personal current taxes,1999,Current Dollars,Level,6,"897,427","T30200,T30200.1"
T30200,A074RC,3,Personal current taxes,2000,Current Dollars,Level,6,"999,621","T30200,T30200.1"
T30200,A074RC,3,Personal current taxes,2001,Current Dollars,Level,6,"996,029","T30200,T30200.1"
T30200,A074RC,3,Personal current taxes,2002,Current Dollars,Level,6,"832,333","T30200,T30200.1"
T30200,A074RC,3,Personal current taxes,2003,Current Dollars,Level,6,"778,631","T30200,T30200.1"
T30200,A074RC,3,Personal current taxes,2004,Current Dollars,Level,6,"803,019","T30200,T30200.1"
T30200,A074RC,3,Personal current taxes,2005,Current Dollars,Level,6,"937,217","T30200,T30200.1"
T30200,A074RC,3,Personal current taxes,2006,Current Dollars,Level,6,"1,055,847","T30200,T30200.1"
T30200,A074RC,3,Personal current taxes,2007,Current Dollars,Level,6,"1,170,901","T30200,T30200.1"
T30200,A074RC,3,Personal current taxes,2008,Current Dollars,Level,6,"1,176,631","T30200,T30200.1"
T30200,A074RC,3,Personal current taxes,2009,Current Dollars,Level,6,"866,552","T30200,T30200.1"
T30200,A074RC,3,Personal current taxes,2010,Current Dollars,Level,6,"943,569","T30200,T30200.1"
T30200,A074RC,3,Personal current taxes,2011,Current Dollars,Level,6,"1,130,762","T30200,T30200.1"
T30200,A074RC,3,Personal current taxes,2012,Current Dollars,Level,6,"1,166,385","T30200,T30200.1"
T30200,A074RC,3,Personal current taxes,2013,Current Dollars,Level,6,"1,302,850","T30200,T30200.1"
T30200,A074RC,3,Personal current taxes,2014,Current Dollars,Level,6,"1,403,727","T30200,T30200.1"
T30200,A074RC,3,Personal current taxes,2015,Current Dollars,Level,6,"1,532,578","T30200,T30200.1"
T30200,A074RC,3,Personal current taxes,2016,Current Dollars,Level,6,"1,547,946","T30200,T30200.1"
T30200,A074RC,3,Personal current taxes,2017,Current Dollars,Level,6,"1,613,098","T30200,T30200.1"
T30200,A074RC,3,Personal current taxes,2018,Current Dollars,Level,6,"1,614,291","T30200,T30200.1"
T30200,A074RC,3,Personal current taxes,2019,Current Dollars,Level,6,"1,701,123","T30200,T30200.1"
T30200,A074RC,3,Personal current taxes,2020,Current Dollars,Level,6,"1,740,940","T30200,T30200.1"
T30200,A074RC,3,Personal current taxes,2021,Current Dollars,Level,6,"2,127,623","T30200,T30200.1"
T30200,A074RC,3,Personal current taxes,2022,Current Dollars,Level,6,"2,605,339","T30200,T30200.1"
T30200,A074RC,3,Personal current taxes,2023,Current Dollars,Level,6,"2,278,569","T30200,T30200.1"
T30200,A074RC,3,Personal current taxes,2024,Current Dollars,Level,6,"2,403,242","T30200,T30200.1"
T30200,A074RC,3,Personal current taxes,2025,Current Dollars,Level,6,"2,594,840","T30200,T30200.1"
T30200,W007RC,4,Taxes on production and imports,1929,Current Dollars,Level,6,"1,137","T30200,T30200.2"
T30200,W007RC,4,Taxes on production and imports,1930,Current Dollars,Level,6,989,"T30200,T30200.2"
T30200,W007RC,4,Taxes on production and imports,1931,Current Dollars,Level,6,845,"T30200,T30200.2"
T30200,W007RC,4,Taxes on production and imports,1932,Current Dollars,Level,6,881,"T30200,T30200.2"
T30200,W007RC,4,Taxes on production and imports,1933,Current Dollars,Level,6,"1,583","T30200,T30200.2"
T30200,W007RC,4,Taxes on production and imports,1934,Current Dollars,Level,6,"2,144","T30200,T30200.2"
T30200,W007RC,4,Taxes on production and imports,1935,Current Dollars,Level,6,"2,142","T30200,T30200.2"
T30200,W007RC,4,Taxes on production and imports,1936,Current Dollars,Level,6,"2,212","T30200,T30200.2"
T30200,W007RC,4,Taxes on production and imports,1937,Current Dollars,Level,6,"2,364","T30200,T30200.2"
T30200,W007RC,4,Taxes on production and imports,1938,Current Dollars,Level,6,"2,171","T30200,T30200.2"
T30200,W007RC,4,Taxes on production and imports,1939,Current Dollars,Level,6,"2,278","T30200,T30200.2"
T30200,W007RC,4,Taxes on production and imports,1940,Current Dollars,Level,6,"2,581","T30200,T30200.2"
T30200,W007RC,4,Taxes on production and imports,1941,Current Dollars,Level,6,"3,512","T30200,T30200.2"
T30200,W007RC,4,Taxes on production and imports,1942,Current Dollars,Level,6,"3,982","T30200,T30200.2"
T30200,W007RC,4,Taxes on production and imports,1943,Current Dollars,Level,6,"4,832","T30200,T30200.2"
T30200,W007RC,4,Taxes on production and imports,1944,Current Dollars,Level,6,"5,952","T30200,T30200.2"
T30200,W007RC,4,Taxes on production and imports,1945,Current Dollars,Level,6,"6,912","T30200,T30200.2"
T30200,W007RC,4,Taxes on production and imports,1946,Current Dollars,Level,6,"7,691","T30200,T30200.2"
T30200,W007RC,4,Taxes on production and imports,1947,Current Dollars,Level,6,"7,664","T30200,T30200.2"
T30200,W007RC,4,Taxes on production and imports,1948,Current Dollars,Level,6,"7,828","T30200,T30200.2"
T30200,W007RC,4,Taxes on production and imports,1949,Current Dollars,Level,6,"7,870","T30200,T30200.2"
T30200,W007RC,4,Taxes on production and imports,1950,Current Dollars,Level,6,"8,734","T30200,T30200.2"
T30200,W007RC,4,Taxes on production and imports,1951,Current Dollars,Level,6,"9,190","T30200,T30200.2"
T30200,W007RC,4,Taxes on production and imports,1952,Current Dollars,Level,6,"10,121","T30200,T30200.2"
T30200,W007RC,4,Taxes on production and imports,1953,Current Dollars,Level,6,"10,707","T30200,T30200.2"
T30200,W007RC,4,Taxes on production and imports,1954,Current Dollars,Level,6,"9,507","T30200,T30200.2"
T30200,W007RC,4,Taxes on production and imports,1955,Current Dollars,Level,6,"10,428","T30200,T30200.2"
T30200,W007RC,4,Taxes on production and imports,1956,Current Dollars,Level,6,"10,966","T30200,T30200.2"
T30200,W007RC,4,Taxes on production and imports,1957,Current Dollars,Level,6,"11,500","T30200,T30200.2"
T30200,W007RC,4,Taxes on production and imports,1958,Current Dollars,Level,6,"11,198","T30200,T30200.2"
T30200,W007RC,4,Taxes on production and imports,1959,Current Dollars,Level,6,"12,211","T30200,T30200.2"
T30200,W007RC,4,Taxes on production and imports,1960,Current Dollars,Level,6,"13,072","T30200,T30200.2"
T30200,W007RC,4,Taxes on production and imports,1961,Current Dollars,Level,6,"13,161","T30200,T30200.2"
T30200,W007RC,4,Taxes on production and imports,1962,Current Dollars,Level,6,"14,131","T30200,T30200.2"
T30200,W007RC,4,Taxes on production and imports,1963,Current Dollars,Level,6,"14,686","T30200,T30200.2"
T30200,W007RC,4,Taxes on production and imports,1964,Current Dollars,Level,6,"15,424","T30200,T30200.2"
T30200,W007RC,4,Taxes on production and imports,1965,Current Dollars,Level,6,"15,427","T30200,T30200.2"
T30200,W007RC,4,Taxes on production and imports,1966,Current Dollars,Level,6,"14,449","T30200,T30200.2"
T30200,W007RC,4,Taxes on production and imports,1967,Current Dollars,Level,6,"15,164","T30200,T30200.2"
T30200,W007RC,4,Taxes on production and imports,1968,Current Dollars,Level,6,"16,872","T30200,T30200.2"
T30200,W007RC,4,Taxes on production and imports,1969,Current Dollars,Level,6,"17,812","T30200,T30200.2"
T30200,W007RC,4,Taxes on production and imports,1970,Current Dollars,Level,6,"18,081","T30200,T30200.2"
T30200,W007RC,4,Taxes on production and imports,1971,Current Dollars,Level,6,"18,992","T30200,T30200.2"
T30200,W007RC,4,Taxes on production and imports,1972,Current Dollars,Level,6,"18,481","T30200,T30200.2"
T30200,W007RC,4,Taxes on production and imports,1973,Current Dollars,Level,6,"19,799","T30200,T30200.2"
T30200,W007RC,4,Taxes on production and imports,1974,Current Dollars,Level,6,"20,064","T30200,T30200.2"
T30200,W007RC,4,Taxes on production and imports,1975,Current Dollars,Level,6,"22,077","T30200,T30200.2"
T30200,W007RC,4,Taxes on production and imports,1976,Current Dollars,Level,6,"21,374","T30200,T30200.2"
T30200,W007RC,4,Taxes on production and imports,1977,Current Dollars,Level,6,"22,723","T30200,T30200.2"
T30200,W007RC,4,Taxes on production and imports,1978,Current Dollars,Level,6,"25,278","T30200,T30200.2"
T30200,W007RC,4,Taxes on production and imports,1979,Current Dollars,Level,6,"25,684","T30200,T30200.2"
T30200,W007RC,4,Taxes on production and imports,1980,Current Dollars,Level,6,"33,663","T30200,T30200.2"
T30200,W007RC,4,Taxes on production and imports,1981,Current Dollars,Level,6,"49,929","T30200,T30200.2"
T30200,W007RC,4,Taxes on production and imports,1982,Current Dollars,Level,6,"40,956","T30200,T30200.2"
T30200,W007RC,4,Taxes on production and imports,1983,Current Dollars,Level,6,"44,383","T30200,T30200.2"
T30200,W007RC,4,Taxes on production and imports,1984,Current Dollars,Level,6,"47,300","T30200,T30200.2"
T30200,W007RC,4,Taxes on production and imports,1985,Current Dollars,Level,6,"46,052","T30200,T30200.2"
T30200,W007RC,4,Taxes on production and imports,1986,Current Dollars,Level,6,"43,698","T30200,T30200.2"
T30200,W007RC,4,Taxes on production and imports,1987,Current Dollars,Level,6,"45,940","T30200,T30200.2"
T30200,W007RC,4,Taxes on production and imports,1988,Current Dollars,Level,6,"49,827","T30200,T30200.2"
T30200,W007RC,4,Taxes on production and imports,1989,Current Dollars,Level,6,"49,741","T30200,T30200.2"
T30200,W007RC,4,Taxes on production and imports,1990,Current Dollars,Level,6,"50,912","T30200,T30200.2"
T30200,W007RC,4,Taxes on production and imports,1991,Current Dollars,Level,6,"61,765","T30200,T30200.2"
T30200,W007RC,4,Taxes on production and imports,1992,Current Dollars,Level,6,"63,295","T30200,T30200.2"
T30200,W007RC,4,Taxes on production and imports,1993,Current Dollars,Level,6,"66,358","T30200,T30200.2"
T30200,W007RC,4,Taxes on production and imports,1994,Current Dollars,Level,6,"78,986","T30200,T30200.2"
T30200,W007RC,4,Taxes on production and imports,1995,Current Dollars,Level,6,"75,553","T30200,T30200.2"
T30200,W007RC,4,Taxes on production and imports,1996,Current Dollars,Level,6,"72,854","T30200,T30200.2"
T30200,W007RC,4,Taxes on production and imports,1997,Current Dollars,Level,6,"77,837","T30200,T30200.2"
T30200,W007RC,4,Taxes on production and imports,1998,Current Dollars,Level,6,"80,698","T30200,T30200.2"
T30200,W007RC,4,Taxes on production and imports,1999,Current Dollars,Level,6,"83,432","T30200,T30200.2"
T30200,W007RC,4,Taxes on production and imports,2000,Current Dollars,Level,6,"87,251","T30200,T30200.2"
T30200,W007RC,4,Taxes on production and imports,2001,Current Dollars,Level,6,"85,283","T30200,T30200.2"
T30200,W007RC,4,Taxes on production and imports,2002,Current Dollars,Level,6,"86,824","T30200,T30200.2"
T30200,W007RC,4,Taxes on production and imports,2003,Current Dollars,Level,6,"90,207","T30200,T30200.2"
T30200,W007RC,4,Taxes on production and imports,2004,Current Dollars,Level,6,"95,264","T30200,T30200.2"
T30200,W007RC,4,Taxes on production and imports,2005,Current Dollars,Level,6,"99,411","T30200,T30200.2"
T30200,W007RC,4,Taxes on production and imports,2006,Current Dollars,Level,6,"99,248","T30200,T30200.2"
T30200,W007RC,4,Taxes on production and imports,2007,Current Dollars,Level,6,"94,625","T30200,T30200.2"
T30200,W007RC,4,Taxes on production and imports,2008,Current Dollars,Level,6,"93,988","T30200,T30200.2"
T30200,W007RC,4,Taxes on production and imports,2009,Current Dollars,Level,6,"91,384","T30200,T30200.2"
T30200,W007RC,4,Taxes on production and imports,2010,Current Dollars,Level,6,"96,780","T30200,T30200.2"
T30200,W007RC,4,Taxes on production and imports,2011,Current Dollars,Level,6,"108,623","T30200,T30200.2"
T30200,W007RC,4,Taxes on production and imports,2012,Current Dollars,Level,6,"115,164","T30200,T30200.2"
T30200,W007RC,4,Taxes on production and imports,2013,Current Dollars,Level,6,"125,477","T30200,T30200.2"
T30200,W007RC,4,Taxes on production and imports,2014,Current Dollars,Level,6,"136,687","T30200,T30200.2"
T30200,W007RC,4,Taxes on production and imports,2015,Current Dollars,Level,6,"141,864","T30200,T30200.2"
T30200,W007RC,4,Taxes on production and imports,2016,Current Dollars,Level,6,"137,269","T30200,T30200.2"
T30200,W007RC,4,Taxes on production and imports,2017,Current Dollars,Level,6,"131,434","T30200,T30200.2"
T30200,W007RC,4,Taxes on production and imports,2018,Current Dollars,Level,6,"163,454","T30200,T30200.2"
T30200,W007RC,4,Taxes on production and imports,2019,Current Dollars,Level,6,"174,916","T30200,T30200.2"
T30200,W007RC,4,Taxes on production and imports,2020,Current Dollars,Level,6,"155,349","T30200,T30200.2"
T30200,W007RC,4,Taxes on production and imports,2021,Current Dollars,Level,6,"180,564","T30200,T30200.2"
T30200,W007RC,4,Taxes on production and imports,2022,Current Dollars,Level,6,"201,741","T30200,T30200.2"
T30200,W007RC,4,Taxes on production and imports,2023,Current Dollars,Level,6,"176,994","T30200,T30200.2"
T30200,W007RC,4,Taxes on production and imports,2024,Current Dollars,Level,6,"185,131","T30200,T30200.2"
T30200,W007RC,4,Taxes on production and imports,2025,Current Dollars,Level,6,"367,632","T30200,T30200.2"
T30200,B234RC,5,Excise taxes,1929,Current Dollars,Level,6,562,T30200
T30200,B234RC,5,Excise taxes,1930,Current Dollars,Level,6,535,T30200
T30200,B234RC,5,Excise taxes,1931,Current Dollars,Level,6,489,T30200
T30200,B234RC,5,Excise taxes,1932,Current Dollars,Level,6,633,T30200
T30200,B234RC,5,Excise taxes,1933,Current Dollars,Level,6,"1,220",T30200
T30200,B234RC,5,Excise taxes,1934,Current Dollars,Level,6,"1,761",T30200
T30200,B234RC,5,Excise taxes,1935,Current Dollars,Level,6,"1,694",T30200
T30200,B234RC,5,Excise taxes,1936,Current Dollars,Level,6,"1,687",T30200
T30200,B234RC,5,Excise taxes,1937,Current Dollars,Level,6,"1,771",T30200
T30200,B234RC,5,Excise taxes,1938,Current Dollars,Level,6,"1,702",T30200
T30200,B234RC,5,Excise taxes,1939,Current Dollars,Level,6,"1,818",T30200
T30200,B234RC,5,Excise taxes,1940,Current Dollars,Level,6,"2,109",T30200
T30200,B234RC,5,Excise taxes,1941,Current Dollars,Level,6,"2,814",T30200
T30200,B234RC,5,Excise taxes,1942,Current Dollars,Level,6,"3,358",T30200
T30200,B234RC,5,Excise taxes,1943,Current Dollars,Level,6,"4,055",T30200
T30200,B234RC,5,Excise taxes,1944,Current Dollars,Level,6,"5,217",T30200
T30200,B234RC,5,Excise taxes,1945,Current Dollars,Level,6,"6,175",T30200
T30200,B234RC,5,Excise taxes,1946,Current Dollars,Level,6,"7,202",T30200
T30200,B234RC,5,Excise taxes,1947,Current Dollars,Level,6,"7,246",T30200
T30200,B234RC,5,Excise taxes,1948,Current Dollars,Level,6,"7,436",T30200
T30200,B234RC,5,Excise taxes,1949,Current Dollars,Level,6,"7,505",T30200
T30200,B234RC,5,Excise taxes,1950,Current Dollars,Level,6,"8,200",T30200
T30200,B234RC,5,Excise taxes,1951,Current Dollars,Level,6,"8,615",T30200
T30200,B234RC,5,Excise taxes,1952,Current Dollars,Level,6,"9,557",T30200
T30200,B234RC,5,Excise taxes,1953,Current Dollars,Level,6,"10,137",T30200
T30200,B234RC,5,Excise taxes,1954,Current Dollars,Level,6,"8,963",T30200
T30200,B234RC,5,Excise taxes,1955,Current Dollars,Level,6,"9,771",T30200
T30200,B234RC,5,Excise taxes,1956,Current Dollars,Level,6,"10,245",T30200
T30200,B234RC,5,Excise taxes,1957,Current Dollars,Level,6,"10,732",T30200
T30200,B234RC,5,Excise taxes,1958,Current Dollars,Level,6,"10,373",T30200
T30200,B234RC,5,Excise taxes,1959,Current Dollars,Level,6,"11,162",T30200
T30200,B234RC,5,Excise taxes,1960,Current Dollars,Level,6,"12,006",T30200
T30200,B234RC,5,Excise taxes,1961,Current Dollars,Level,6,"12,131",T30200
T30200,B234RC,5,Excise taxes,1962,Current Dollars,Level,6,"12,929",T30200
T30200,B234RC,5,Excise taxes,1963,Current Dollars,Level,6,"13,459",T30200
T30200,B234RC,5,Excise taxes,1964,Current Dollars,Level,6,"14,106",T30200
T30200,B234RC,5,Excise taxes,1965,Current Dollars,Level,6,"13,814",T30200
T30200,B234RC,5,Excise taxes,1966,Current Dollars,Level,6,"12,580",T30200
T30200,B234RC,5,Excise taxes,1967,Current Dollars,Level,6,"13,255",T30200
T30200,B234RC,5,Excise taxes,1968,Current Dollars,Level,6,"14,614",T30200
T30200,B234RC,5,Excise taxes,1969,Current Dollars,Level,6,"15,442",T30200
T30200,B234RC,5,Excise taxes,1970,Current Dollars,Level,6,"15,597",T30200
T30200,B234RC,5,Excise taxes,1971,Current Dollars,Level,6,"15,880",T30200
T30200,B234RC,5,Excise taxes,1972,Current Dollars,Level,6,"15,484",T30200
T30200,B234RC,5,Excise taxes,1973,Current Dollars,Level,6,"16,528",T30200
T30200,B234RC,5,Excise taxes,1974,Current Dollars,Level,6,"16,406",T30200
T30200,B234RC,5,Excise taxes,1975,Current Dollars,Level,6,"16,213",T30200
T30200,B234RC,5,Excise taxes,1976,Current Dollars,Level,6,"16,814",T30200
T30200,B234RC,5,Excise taxes,1977,Current Dollars,Level,6,"17,320",T30200
T30200,B234RC,5,Excise taxes,1978,Current Dollars,Level,6,"18,178",T30200
T30200,B234RC,5,Excise taxes,1979,Current Dollars,Level,6,"18,230",T30200
T30200,B234RC,5,Excise taxes,1980,Current Dollars,Level,6,"26,503",T30200
T30200,B234RC,5,Excise taxes,1981,Current Dollars,Level,6,"41,340",T30200
T30200,B234RC,5,Excise taxes,1982,Current Dollars,Level,6,"32,347",T30200
T30200,B234RC,5,Excise taxes,1983,Current Dollars,Level,6,"35,292",T30200
T30200,B234RC,5,Excise taxes,1984,Current Dollars,Level,6,"35,397",T30200
T30200,B234RC,5,Excise taxes,1985,Current Dollars,Level,6,"33,894",T30200
T30200,B234RC,5,Excise taxes,1986,Current Dollars,Level,6,"30,001",T30200
T30200,B234RC,5,Excise taxes,1987,Current Dollars,Level,6,"30,407",T30200
T30200,B234RC,5,Excise taxes,1988,Current Dollars,Level,6,"33,415",T30200
T30200,B234RC,5,Excise taxes,1989,Current Dollars,Level,6,"32,260",T30200
T30200,B234RC,5,Excise taxes,1990,Current Dollars,Level,6,"33,422",T30200
T30200,B234RC,5,Excise taxes,1991,Current Dollars,Level,6,"44,929",T30200
T30200,B234RC,5,Excise taxes,1992,Current Dollars,Level,6,"44,968",T30200
T30200,B234RC,5,Excise taxes,1993,Current Dollars,Level,6,"46,548",T30200
T30200,B234RC,5,Excise taxes,1994,Current Dollars,Level,6,"57,544",T30200
T30200,B234RC,5,Excise taxes,1995,Current Dollars,Level,6,"55,734",T30200
T30200,B234RC,5,Excise taxes,1996,Current Dollars,Level,6,"53,633",T30200
T30200,B234RC,5,Excise taxes,1997,Current Dollars,Level,6,"58,220",T30200
T30200,B234RC,5,Excise taxes,1998,Current Dollars,Level,6,"60,204",T30200
T30200,B234RC,5,Excise taxes,1999,Current Dollars,Level,6,"63,277",T30200
T30200,B234RC,5,Excise taxes,2000,Current Dollars,Level,6,"65,124",T30200
T30200,B234RC,5,Excise taxes,2001,Current Dollars,Level,6,"63,665",T30200
T30200,B234RC,5,Excise taxes,2002,Current Dollars,Level,6,"65,876",T30200
T30200,B234RC,5,Excise taxes,2003,Current Dollars,Level,6,"67,695",T30200
T30200,B234RC,5,Excise taxes,2004,Current Dollars,Level,6,"70,941",T30200
T30200,B234RC,5,Excise taxes,2005,Current Dollars,Level,6,"72,735",T30200
T30200,B234RC,5,Excise taxes,2006,Current Dollars,Level,6,"71,468",T30200
T30200,B234RC,5,Excise taxes,2007,Current Dollars,Level,6,"64,750",T30200
T30200,B234RC,5,Excise taxes,2008,Current Dollars,Level,6,"63,740",T30200
T30200,B234RC,5,Excise taxes,2009,Current Dollars,Level,6,"67,349",T30200
T30200,B234RC,5,Excise taxes,2010,Current Dollars,Level,6,"67,183",T30200
T30200,B234RC,5,Excise taxes,2011,Current Dollars,Level,6,"75,689",T30200
T30200,B234RC,5,Excise taxes,2012,Current Dollars,Level,6,"80,600",T30200
T30200,B234RC,5,Excise taxes,2013,Current Dollars,Level,6,"88,975",T30200
T30200,B234RC,5,Excise taxes,2014,Current Dollars,Level,6,"98,198",T30200
T30200,B234RC,5,Excise taxes,2015,Current Dollars,Level,6,"102,568",T30200
T30200,B234RC,5,Excise taxes,2016,Current Dollars,Level,6,"98,563",T30200
T30200,B234RC,5,Excise taxes,2017,Current Dollars,Level,6,"91,717",T30200
T30200,B234RC,5,Excise taxes,2018,Current Dollars,Level,6,"108,917",T30200
T30200,B234RC,5,Excise taxes,2019,Current Dollars,Level,6,"95,884",T30200
T30200,B234RC,5,Excise taxes,2020,Current Dollars,Level,6,"85,426",T30200
T30200,B234RC,5,Excise taxes,2021,Current Dollars,Level,6,"90,065",T30200
T30200,B234RC,5,Excise taxes,2022,Current Dollars,Level,6,"97,947",T30200
T30200,B234RC,5,Excise taxes,2023,Current Dollars,Level,6,"93,780",T30200
T30200,B234RC,5,Excise taxes,2024,Current Dollars,Level,6,"99,964",T30200
T30200,B234RC,5,Excise taxes,2025,Current Dollars,Level,6,"100,953",T30200
T30200,B235RC,6,Customs duties,1929,Current Dollars,Level,6,575,T30200
T30200,B235RC,6,Customs duties,1930,Current Dollars,Level,6,454,T30200
T30200,B235RC,6,Customs duties,1931,Current Dollars,Level,6,356,T30200
T30200,B235RC,6,Customs duties,1932,Current Dollars,Level,6,248,T30200
T30200,B235RC,6,Customs duties,1933,Current Dollars,Level,6,283,T30200
T30200,B235RC,6,Customs duties,1934,Current Dollars,Level,6,291,T30200
T30200,B235RC,6,Customs duties,1935,Current Dollars,Level,6,353,T30200
T30200,B235RC,6,Customs duties,1936,Current Dollars,Level,6,387,T30200
T30200,B235RC,6,Customs duties,1937,Current Dollars,Level,6,454,T30200
T30200,B235RC,6,Customs duties,1938,Current Dollars,Level,6,342,T30200
T30200,B235RC,6,Customs duties,1939,Current Dollars,Level,6,327,T30200
T30200,B235RC,6,Customs duties,1940,Current Dollars,Level,6,305,T30200
T30200,B235RC,6,Customs duties,1941,Current Dollars,Level,6,416,T30200
T30200,B235RC,6,Customs duties,1942,Current Dollars,Level,6,295,T30200
T30200,B235RC,6,Customs duties,1943,Current Dollars,Level,6,396,T30200
T30200,B235RC,6,Customs duties,1944,Current Dollars,Level,6,363,T30200
T30200,B235RC,6,Customs duties,1945,Current Dollars,Level,6,384,T30200
T30200,B235RC,6,Customs duties,1946,Current Dollars,Level,6,489,T30200
T30200,B235RC,6,Customs duties,1947,Current Dollars,Level,6,418,T30200
T30200,B235RC,6,Customs duties,1948,Current Dollars,Level,6,392,T30200
T30200,B235RC,6,Customs duties,1949,Current Dollars,Level,6,365,T30200
T30200,B235RC,6,Customs duties,1950,Current Dollars,Level,6,534,T30200
T30200,B235RC,6,Customs duties,1951,Current Dollars,Level,6,575,T30200
T30200,B235RC,6,Customs duties,1952,Current Dollars,Level,6,564,T30200
T30200,B235RC,6,Customs duties,1953,Current Dollars,Level,6,570,T30200
T30200,B235RC,6,Customs duties,1954,Current Dollars,Level,6,544,T30200
T30200,B235RC,6,Customs duties,1955,Current Dollars,Level,6,657,T30200
T30200,B235RC,6,Customs duties,1956,Current Dollars,Level,6,721,T30200
T30200,B235RC,6,Customs duties,1957,Current Dollars,Level,6,768,T30200
T30200,B235RC,6,Customs duties,1958,Current Dollars,Level,6,825,T30200
T30200,B235RC,6,Customs duties,1959,Current Dollars,Level,6,"1,049",T30200
T30200,B235RC,6,Customs duties,1960,Current Dollars,Level,6,"1,066",T30200
T30200,B235RC,6,Customs duties,1961,Current Dollars,Level,6,"1,030",T30200
T30200,B235RC,6,Customs duties,1962,Current Dollars,Level,6,"1,202",T30200
T30200,B235RC,6,Customs duties,1963,Current Dollars,Level,6,"1,227",T30200
T30200,B235RC,6,Customs duties,1964,Current Dollars,Level,6,"1,318",T30200
T30200,B235RC,6,Customs duties,1965,Current Dollars,Level,6,"1,613",T30200
T30200,B235RC,6,Customs duties,1966,Current Dollars,Level,6,"1,869",T30200
T30200,B235RC,6,Customs duties,1967,Current Dollars,Level,6,"1,909",T30200
T30200,B235RC,6,Customs duties,1968,Current Dollars,Level,6,"2,258",T30200
T30200,B235RC,6,Customs duties,1969,Current Dollars,Level,6,"2,370",T30200
T30200,B235RC,6,Customs duties,1970,Current Dollars,Level,6,"2,484",T30200
T30200,B235RC,6,Customs duties,1971,Current Dollars,Level,6,"3,112",T30200
T30200,B235RC,6,Customs duties,1972,Current Dollars,Level,6,"2,997",T30200
T30200,B235RC,6,Customs duties,1973,Current Dollars,Level,6,"3,271",T30200
T30200,B235RC,6,Customs duties,1974,Current Dollars,Level,6,"3,658",T30200
T30200,B235RC,6,Customs duties,1975,Current Dollars,Level,6,"5,864",T30200
T30200,B235RC,6,Customs duties,1976,Current Dollars,Level,6,"4,560",T30200
T30200,B235RC,6,Customs duties,1977,Current Dollars,Level,6,"5,403",T30200
T30200,B235RC,6,Customs duties,1978,Current Dollars,Level,6,"7,100",T30200
T30200,B235RC,6,Customs duties,1979,Current Dollars,Level,6,"7,454",T30200
T30200,B235RC,6,Customs duties,1980,Current Dollars,Level,6,"7,160",T30200
T30200,B235RC,6,Customs duties,1981,Current Dollars,Level,6,"8,589",T30200
T30200,B235RC,6,Customs duties,1982,Current Dollars,Level,6,"8,609",T30200
T30200,B235RC,6,Customs duties,1983,Current Dollars,Level,6,"9,091",T30200
T30200,B235RC,6,Customs duties,1984,Current Dollars,Level,6,"11,903",T30200
T30200,B235RC,6,Customs duties,1985,Current Dollars,Level,6,"12,158",T30200
T30200,B235RC,6,Customs duties,1986,Current Dollars,Level,6,"13,697",T30200
T30200,B235RC,6,Customs duties,1987,Current Dollars,Level,6,"15,533",T30200
T30200,B235RC,6,Customs duties,1988,Current Dollars,Level,6,"16,412",T30200
T30200,B235RC,6,Customs duties,1989,Current Dollars,Level,6,"17,481",T30200
T30200,B235RC,6,Customs duties,1990,Current Dollars,Level,6,"17,490",T30200
T30200,B235RC,6,Customs duties,1991,Current Dollars,Level,6,"16,836",T30200
T30200,B235RC,6,Customs duties,1992,Current Dollars,Level,6,"18,327",T30200
T30200,B235RC,6,Customs duties,1993,Current Dollars,Level,6,"19,810",T30200
T30200,B235RC,6,Customs duties,1994,Current Dollars,Level,6,"21,442",T30200
T30200,B235RC,6,Customs duties,1995,Current Dollars,Level,6,"19,819",T30200
T30200,B235RC,6,Customs duties,1996,Current Dollars,Level,6,"19,221",T30200
T30200,B235RC,6,Customs duties,1997,Current Dollars,Level,6,"19,617",T30200
T30200,B235RC,6,Customs duties,1998,Current Dollars,Level,6,"19,586",T30200
T30200,B235RC,6,Customs duties,1999,Current Dollars,Level,6,"19,182",T30200
T30200,B235RC,6,Customs duties,2000,Current Dollars,Level,6,"21,123",T30200
T30200,B235RC,6,Customs duties,2001,Current Dollars,Level,6,"20,636",T30200
T30200,B235RC,6,Customs duties,2002,Current Dollars,Level,6,"19,938",T30200
T30200,B235RC,6,Customs duties,2003,Current Dollars,Level,6,"21,458",T30200
T30200,B235RC,6,Customs duties,2004,Current Dollars,Level,6,"23,283",T30200
T30200,B235RC,6,Customs duties,2005,Current Dollars,Level,6,"25,335",T30200
T30200,B235RC,6,Customs duties,2006,Current Dollars,Level,6,"26,687",T30200
T30200,B235RC,6,Customs duties,2007,Current Dollars,Level,6,"28,793",T30200
T30200,B235RC,6,Customs duties,2008,Current Dollars,Level,6,"29,243",T30200
T30200,B235RC,6,Customs duties,2009,Current Dollars,Level,6,"23,081",T30200
T30200,B235RC,6,Customs duties,2010,Current Dollars,Level,6,"28,603",T30200
T30200,B235RC,6,Customs duties,2011,Current Dollars,Level,6,"31,891",T30200
T30200,B235RC,6,Customs duties,2012,Current Dollars,Level,6,"33,503",T30200
T30200,B235RC,6,Customs duties,2013,Current Dollars,Level,6,"35,468",T30200
T30200,B235RC,6,Customs duties,2014,Current Dollars,Level,6,"37,363",T30200
T30200,B235RC,6,Customs duties,2015,Current Dollars,Level,6,"38,123",T30200
T30200,B235RC,6,Customs duties,2016,Current Dollars,Level,6,"37,534",T30200
T30200,B235RC,6,Customs duties,2017,Current Dollars,Level,6,"38,513",T30200
T30200,B235RC,6,Customs duties,2018,Current Dollars,Level,6,"53,284",T30200
T30200,B235RC,6,Customs duties,2019,Current Dollars,Level,6,"77,752",T30200
T30200,B235RC,6,Customs duties,2020,Current Dollars,Level,6,"68,627",T30200
T30200,B235RC,6,Customs duties,2021,Current Dollars,Level,6,"89,101",T30200
T30200,B235RC,6,Customs duties,2022,Current Dollars,Level,6,"102,333",T30200
T30200,B235RC,6,Customs duties,2023,Current Dollars,Level,6,"81,633",T30200
T30200,B235RC,6,Customs duties,2024,Current Dollars,Level,6,"83,587",T30200
T30200,B235RC,6,Customs duties,2025,Current Dollars,Level,6,"265,098",T30200
T30200,LA000237,7,Other,1998,Current Dollars,Level,6,908,T30200
T30200,LA000237,7,Other,1999,Current Dollars,Level,6,973,T30200
T30200,LA000237,7,Other,2000,Current Dollars,Level,6,"1,004",T30200
T30200,LA000237,7,Other,2001,Current Dollars,Level,6,982,T30200
T30200,LA000237,7,Other,2002,Current Dollars,Level,6,"1,010",T30200
T30200,LA000237,7,Other,2003,Current Dollars,Level,6,"1,055",T30200
T30200,LA000237,7,Other,2004,Current Dollars,Level,6,"1,040",T30200
T30200,LA000237,7,Other,2005,Current Dollars,Level,6,"1,341",T30200
T30200,LA000237,7,Other,2006,Current Dollars,Level,6,"1,093",T30200
T30200,LA000237,7,Other,2007,Current Dollars,Level,6,"1,083",T30200
T30200,LA000237,7,Other,2008,Current Dollars,Level,6,"1,005",T30200
T30200,LA000237,7,Other,2009,Current Dollars,Level,6,954,T30200
T30200,LA000237,7,Other,2010,Current Dollars,Level,6,993,T30200
T30200,LA000237,7,Other,2011,Current Dollars,Level,6,"1,043",T30200
T30200,LA000237,7,Other,2012,Current Dollars,Level,6,"1,061",T30200
T30200,LA000237,7,Other,2013,Current Dollars,Level,6,"1,034",T30200
T30200,LA000237,7,Other,2014,Current Dollars,Level,6,"1,126",T30200
T30200,LA000237,7,Other,2015,Current Dollars,Level,6,"1,173",T30200
T30200,LA000237,7,Other,2016,Current Dollars,Level,6,"1,172",T30200
T30200,LA000237,7,Other,2017,Current Dollars,Level,6,"1,204",T30200
T30200,LA000237,7,Other,2018,Current Dollars,Level,6,"1,253",T30200
T30200,LA000237,7,Other,2019,Current Dollars,Level,6,"1,280",T30200
T30200,LA000237,7,Other,2020,Current Dollars,Level,6,"1,296",T30200
T30200,LA000237,7,Other,2021,Current Dollars,Level,6,"1,397",T30200
T30200,LA000237,7,Other,2022,Current Dollars,Level,6,"1,461",T30200
T30200,LA000237,7,Other,2023,Current Dollars,Level,6,"1,581",T30200
T30200,LA000237,7,Other,2024,Current Dollars,Level,6,"1,580",T30200
T30200,LA000237,7,Other,2025,Current Dollars,Level,6,"1,581",T30200
T30200,B075RC,8,Taxes on corporate income,1929,Current Dollars,Level,6,"1,220",T30200
T30200,B075RC,8,Taxes on corporate income,1930,Current Dollars,Level,6,744,T30200
T30200,B075RC,8,Taxes on corporate income,1931,Current Dollars,Level,6,423,T30200
T30200,B075RC,8,Taxes on corporate income,1932,Current Dollars,Level,6,326,T30200
T30200,B075RC,8,Taxes on corporate income,1933,Current Dollars,Level,6,462,T30200
T30200,B075RC,8,Taxes on corporate income,1934,Current Dollars,Level,6,644,T30200
T30200,B075RC,8,Taxes on corporate income,1935,Current Dollars,Level,6,820,T30200
T30200,B075RC,8,Taxes on corporate income,1936,Current Dollars,Level,6,"1,252",T30200
T30200,B075RC,8,Taxes on corporate income,1937,Current Dollars,Level,6,"1,337",T30200
T30200,B075RC,8,Taxes on corporate income,1938,Current Dollars,Level,6,895,T30200
T30200,B075RC,8,Taxes on corporate income,1939,Current Dollars,Level,6,"1,285",T30200
T30200,B075RC,8,Taxes on corporate income,1940,Current Dollars,Level,6,"2,635",T30200
T30200,B075RC,8,Taxes on corporate income,1941,Current Dollars,Level,6,"7,333",T30200
T30200,B075RC,8,Taxes on corporate income,1942,Current Dollars,Level,6,"11,065",T30200
T30200,B075RC,8,Taxes on corporate income,1943,Current Dollars,Level,6,"13,616",T30200
T30200,B075RC,8,Taxes on corporate income,1944,Current Dollars,Level,6,"12,484",T30200
T30200,B075RC,8,Taxes on corporate income,1945,Current Dollars,Level,6,"10,234",T30200
T30200,B075RC,8,Taxes on corporate income,1946,Current Dollars,Level,6,"8,642",T30200
T30200,B075RC,8,Taxes on corporate income,1947,Current Dollars,Level,6,"10,589",T30200
T30200,B075RC,8,Taxes on corporate income,1948,Current Dollars,Level,6,"11,583",T30200
T30200,B075RC,8,Taxes on corporate income,1949,Current Dollars,Level,6,"9,405",T30200
T30200,B075RC,8,Taxes on corporate income,1950,Current Dollars,Level,6,"16,958",T30200
T30200,B075RC,8,Taxes on corporate income,1951,Current Dollars,Level,6,"21,421",T30200
T30200,B075RC,8,Taxes on corporate income,1952,Current Dollars,Level,6,"18,281",T30200
T30200,B075RC,8,Taxes on corporate income,1953,Current Dollars,Level,6,"19,135",T30200
T30200,B075RC,8,Taxes on corporate income,1954,Current Dollars,Level,6,"16,575",T30200
T30200,B075RC,8,Taxes on corporate income,1955,Current Dollars,Level,6,"20,821",T30200
T30200,B075RC,8,Taxes on corporate income,1956,Current Dollars,Level,6,"20,547",T30200
T30200,B075RC,8,Taxes on corporate income,1957,Current Dollars,Level,6,"19,861",T30200
T30200,B075RC,8,Taxes on corporate income,1958,Current Dollars,Level,6,"17,436",T30200
T30200,B075RC,8,Taxes on corporate income,1959,Current Dollars,Level,6,"21,573",T30200
T30200,B075RC,8,Taxes on corporate income,1960,Current Dollars,Level,6,"20,550",T30200
T30200,B075RC,8,Taxes on corporate income,1961,Current Dollars,Level,6,"20,804",T30200
T30200,B075RC,8,Taxes on corporate income,1962,Current Dollars,Level,6,"21,671",T30200
T30200,B075RC,8,Taxes on corporate income,1963,Current Dollars,Level,6,"23,698",T30200
T30200,B075RC,8,Taxes on corporate income,1964,Current Dollars,Level,6,"24,559",T30200
T30200,B075RC,8,Taxes on corporate income,1965,Current Dollars,Level,6,"27,602",T30200
T30200,B075RC,8,Taxes on corporate income,1966,Current Dollars,Level,6,"29,779",T30200
T30200,B075RC,8,Taxes on corporate income,1967,Current Dollars,Level,6,"28,119",T30200
T30200,B075RC,8,Taxes on corporate income,1968,Current Dollars,Level,6,"33,591",T30200
T30200,B075RC,8,Taxes on corporate income,1969,Current Dollars,Level,6,"33,045",T30200
T30200,B075RC,8,Taxes on corporate income,1970,Current Dollars,Level,6,"27,122",T30200
T30200,B075RC,8,Taxes on corporate income,1971,Current Dollars,Level,6,"30,099",T30200
T30200,B075RC,8,Taxes on corporate income,1972,Current Dollars,Level,6,"33,376",T30200
T30200,B075RC,8,Taxes on corporate income,1973,Current Dollars,Level,6,"38,919",T30200
T30200,B075RC,8,Taxes on corporate income,1974,Current Dollars,Level,6,"39,565",T30200
T30200,B075RC,8,Taxes on corporate income,1975,Current Dollars,Level,6,"38,177",T30200
T30200,B075RC,8,Taxes on corporate income,1976,Current Dollars,Level,6,"48,707",T30200
T30200,B075RC,8,Taxes on corporate income,1977,Current Dollars,Level,6,"55,678",T30200
T30200,B075RC,8,Taxes on corporate income,1978,Current Dollars,Level,6,"64,394",T30200
T30200,B075RC,8,Taxes on corporate income,1979,Current Dollars,Level,6,"65,149",T30200
T30200,B075RC,8,Taxes on corporate income,1980,Current Dollars,Level,6,"58,613",T30200
T30200,B075RC,8,Taxes on corporate income,1981,Current Dollars,Level,6,"51,677",T30200
T30200,B075RC,8,Taxes on corporate income,1982,Current Dollars,Level,6,"33,842",T30200
T30200,B075RC,8,Taxes on corporate income,1983,Current Dollars,Level,6,"47,116",T30200
T30200,B075RC,8,Taxes on corporate income,1984,Current Dollars,Level,6,"59,184",T30200
T30200,B075RC,8,Taxes on corporate income,1985,Current Dollars,Level,6,"58,469",T30200
T30200,B075RC,8,Taxes on corporate income,1986,Current Dollars,Level,6,"66,022",T30200
T30200,B075RC,8,Taxes on corporate income,1987,Current Dollars,Level,6,"85,449",T30200
T30200,B075RC,8,Taxes on corporate income,1988,Current Dollars,Level,6,"93,762",T30200
T30200,B075RC,8,Taxes on corporate income,1989,Current Dollars,Level,6,"95,568",T30200
T30200,B075RC,8,Taxes on corporate income,1990,Current Dollars,Level,6,"94,512",T30200
T30200,B075RC,8,Taxes on corporate income,1991,Current Dollars,Level,6,"89,159",T30200
T30200,B075RC,8,Taxes on corporate income,1992,Current Dollars,Level,6,"101,994",T30200
T30200,B075RC,8,Taxes on corporate income,1993,Current Dollars,Level,6,"122,482",T30200
T30200,B075RC,8,Taxes on corporate income,1994,Current Dollars,Level,6,"136,253",T30200
T30200,B075RC,8,Taxes on corporate income,1995,Current Dollars,Level,6,"155,931",T30200
T30200,B075RC,8,Taxes on corporate income,1996,Current Dollars,Level,6,"170,539",T30200
T30200,B075RC,8,Taxes on corporate income,1997,Current Dollars,Level,6,"182,336",T30200
T30200,B075RC,8,Taxes on corporate income,1998,Current Dollars,Level,6,"177,681",T30200
T30200,B075RC,8,Taxes on corporate income,1999,Current Dollars,Level,6,"187,557",T30200
T30200,B075RC,8,Taxes on corporate income,2000,Current Dollars,Level,6,"194,096",T30200
T30200,B075RC,8,Taxes on corporate income,2001,Current Dollars,Level,6,"137,581",T30200
T30200,B075RC,8,Taxes on corporate income,2002,Current Dollars,Level,6,"125,963",T30200
T30200,B075RC,8,Taxes on corporate income,2003,Current Dollars,Level,6,"175,783",T30200
T30200,B075RC,8,Taxes on corporate income,2004,Current Dollars,Level,6,"232,204",T30200
T30200,B075RC,8,Taxes on corporate income,2005,Current Dollars,Level,6,"319,490",T30200
T30200,B075RC,8,Taxes on corporate income,2006,Current Dollars,Level,6,"365,958",T30200
T30200,B075RC,8,Taxes on corporate income,2007,Current Dollars,Level,6,"328,240",T30200
T30200,B075RC,8,Taxes on corporate income,2008,Current Dollars,Level,6,"201,961",T30200
T30200,B075RC,8,Taxes on corporate income,2009,Current Dollars,Level,6,"152,962",T30200
T30200,B075RC,8,Taxes on corporate income,2010,Current Dollars,Level,6,"219,387",T30200
T30200,B075RC,8,Taxes on corporate income,2011,Current Dollars,Level,6,"223,953",T30200
T30200,B075RC,8,Taxes on corporate income,2012,Current Dollars,Level,6,"274,700",T30200
T30200,B075RC,8,Taxes on corporate income,2013,Current Dollars,Level,6,"298,431",T30200
T30200,B075RC,8,Taxes on corporate income,2014,Current Dollars,Level,6,"339,649",T30200
T30200,B075RC,8,Taxes on corporate income,2015,Current Dollars,Level,6,"329,088",T30200
T30200,B075RC,8,Taxes on corporate income,2016,Current Dollars,Level,6,"311,863",T30200
T30200,B075RC,8,Taxes on corporate income,2017,Current Dollars,Level,6,"230,345",T30200
T30200,B075RC,8,Taxes on corporate income,2018,Current Dollars,Level,6,"224,956",T30200
T30200,B075RC,8,Taxes on corporate income,2019,Current Dollars,Level,6,"210,451",T30200
T30200,B075RC,8,Taxes on corporate income,2020,Current Dollars,Level,6,"225,234",T30200
T30200,B075RC,8,Taxes on corporate income,2021,Current Dollars,Level,6,"335,475",T30200
T30200,B075RC,8,Taxes on corporate income,2022,Current Dollars,Level,6,"411,708",T30200
T30200,B075RC,8,Taxes on corporate income,2023,Current Dollars,Level,6,"426,455",T30200
T30200,B075RC,8,Taxes on corporate income,2024,Current Dollars,Level,6,"491,660",T30200
T30200,W008RC,9,Taxes from the rest of the world,1959,Current Dollars,Level,6,84,T30200
T30200,W008RC,9,Taxes from the rest of the world,1960,Current Dollars,Level,6,95,T30200
T30200,W008RC,9,Taxes from the rest of the world,1961,Current Dollars,Level,6,112,T30200
T30200,W008RC,9,Taxes from the rest of the world,1962,Current Dollars,Level,6,145,T30200
T30200,W008RC,9,Taxes from the rest of the world,1963,Current Dollars,Level,6,188,T30200
T30200,W008RC,9,Taxes from the rest of the world,1964,Current Dollars,Level,6,183,T30200
T30200,W008RC,9,Taxes from the rest of the world,1965,Current Dollars,Level,6,206,T30200
T30200,W008RC,9,Taxes from the rest of the world,1966,Current Dollars,Level,6,228,T30200
T30200,W008RC,9,Taxes from the rest of the world,1967,Current Dollars,Level,6,248,T30200
T30200,W008RC,9,Taxes from the rest of the world,1968,Current Dollars,Level,6,319,T30200
T30200,W008RC,9,Taxes from the rest of the world,1969,Current Dollars,Level,6,394,T30200
T30200,W008RC,9,Taxes from the rest of the world,1970,Current Dollars,Level,6,374,T30200
T30200,W008RC,9,Taxes from the rest of the world,1971,Current Dollars,Level,6,367,T30200
T30200,W008RC,9,Taxes from the rest of the world,1972,Current Dollars,Level,6,403,T30200
T30200,W008RC,9,Taxes from the rest of the world,1973,Current Dollars,Level,6,378,T30200
T30200,W008RC,9,Taxes from the rest of the world,1974,Current Dollars,Level,6,367,T30200
T30200,W008RC,9,Taxes from the rest of the world,1975,Current Dollars,Level,6,471,T30200
T30200,W008RC,9,Taxes from the rest of the world,1976,Current Dollars,Level,6,714,T30200
T30200,W008RC,9,Taxes from the rest of the world,1977,Current Dollars,Level,6,727,T30200
T30200,W008RC,9,Taxes from the rest of the world,1978,Current Dollars,Level,6,954,T30200
T30200,W008RC,9,Taxes from the rest of the world,1979,Current Dollars,Level,6,"1,148",T30200
T30200,W008RC,9,Taxes from the rest of the world,1980,Current Dollars,Level,6,"1,597",T30200
T30200,W008RC,9,Taxes from the rest of the world,1981,Current Dollars,Level,6,"1,517",T30200
T30200,W008RC,9,Taxes from the rest of the world,1982,Current Dollars,Level,6,"1,372",T30200
T30200,W008RC,9,Taxes from the rest of the world,1983,Current Dollars,Level,6,"1,211",T30200
T30200,W008RC,9,Taxes from the rest of the world,1984,Current Dollars,Level,6,"1,304",T30200
T30200,W008RC,9,Taxes from the rest of the world,1985,Current Dollars,Level,6,"1,939",T30200
T30200,W008RC,9,Taxes from the rest of the world,1986,Current Dollars,Level,6,"1,713",T30200
T30200,W008RC,9,Taxes from the rest of the world,1987,Current Dollars,Level,6,"2,040",T30200
T30200,W008RC,9,Taxes from the rest of the world,1988,Current Dollars,Level,6,"2,374",T30200
T30200,W008RC,9,Taxes from the rest of the world,1989,Current Dollars,Level,6,"2,740",T30200
T30200,W008RC,9,Taxes from the rest of the world,1990,Current Dollars,Level,6,"3,030",T30200
T30200,W008RC,9,Taxes from the rest of the world,1991,Current Dollars,Level,6,"2,602",T30200
T30200,W008RC,9,Taxes from the rest of the world,1992,Current Dollars,Level,6,"2,638",T30200
T30200,W008RC,9,Taxes from the rest of the world,1993,Current Dollars,Level,6,"2,740",T30200
T30200,W008RC,9,Taxes from the rest of the world,1994,Current Dollars,Level,6,"3,142",T30200
T30200,W008RC,9,Taxes from the rest of the world,1995,Current Dollars,Level,6,"3,916",T30200
T30200,W008RC,9,Taxes from the rest of the world,1996,Current Dollars,Level,6,"5,155",T30200
T30200,W008RC,9,Taxes from the rest of the world,1997,Current Dollars,Level,6,"5,096",T30200
T30200,W008RC,9,Taxes from the rest of the world,1998,Current Dollars,Level,6,"5,680",T30200
T30200,W008RC,9,Taxes from the rest of the world,1999,Current Dollars,Level,6,"6,121",T30200
T30200,W008RC,9,Taxes from the rest of the world,2000,Current Dollars,Level,6,"7,563",T30200
T30200,W008RC,9,Taxes from the rest of the world,2001,Current Dollars,Level,6,"7,930",T30200
T30200,W008RC,9,Taxes from the rest of the world,2002,Current Dollars,Level,6,"8,064",T30200
T30200,W008RC,9,Taxes from the rest of the world,2003,Current Dollars,Level,6,"9,243",T30200
T30200,W008RC,9,Taxes from the rest of the world,2004,Current Dollars,Level,6,"10,110",T30200
T30200,W008RC,9,Taxes from the rest of the world,2005,Current Dollars,Level,6,"11,705",T30200
T30200,W008RC,9,Taxes from the rest of the world,2006,Current Dollars,Level,6,"13,723",T30200
T30200,W008RC,9,Taxes from the rest of the world,2007,Current Dollars,Level,6,"13,890",T30200
T30200,W008RC,9,Taxes from the rest of the world,2008,Current Dollars,Level,6,"16,937",T30200
T30200,W008RC,9,Taxes from the rest of the world,2009,Current Dollars,Level,6,"12,768",T30200
T30200,W008RC,9,Taxes from the rest of the world,2010,Current Dollars,Level,6,"13,862",T30200
T30200,W008RC,9,Taxes from the rest of the world,2011,Current Dollars,Level,6,"15,066",T30200
T30200,W008RC,9,Taxes from the rest of the world,2012,Current Dollars,Level,6,"16,701",T30200
T30200,W008RC,9,Taxes from the rest of the world,2013,Current Dollars,Level,6,"18,127",T30200
T30200,W008RC,9,Taxes from the rest of the world,2014,Current Dollars,Level,6,"20,386",T30200
T30200,W008RC,9,Taxes from the rest of the world,2015,Current Dollars,Level,6,"22,179",T30200
T30200,W008RC,9,Taxes from the rest of the world,2016,Current Dollars,Level,6,"24,053",T30200
T30200,W008RC,9,Taxes from the rest of the world,2017,Current Dollars,Level,6,"24,927",T30200
T30200,W008RC,9,Taxes from the rest of the world,2018,Current Dollars,Level,6,"25,738",T30200
T30200,W008RC,9,Taxes from the rest of the world,2019,Current Dollars,Level,6,"26,481",T30200
T30200,W008RC,9,Taxes from the rest of the world,2020,Current Dollars,Level,6,"27,700",T30200
T30200,W008RC,9,Taxes from the rest of the world,2021,Current Dollars,Level,6,"31,409",T30200
T30200,W008RC,9,Taxes from the rest of the world,2022,Current Dollars,Level,6,"34,136",T30200
T30200,W008RC,9,Taxes from the rest of the world,2023,Current Dollars,Level,6,"36,043",T30200
T30200,W008RC,9,Taxes from the rest of the world,2024,Current Dollars,Level,6,"38,852",T30200
T30200,W008RC,9,Taxes from the rest of the world,2025,Current Dollars,Level,6,"41,415",T30200
T30200,W780RC,10,Contributions for government social insurance,1929,Current Dollars,Level,6,74,T30200
T30200,W780RC,10,Contributions for government social insurance,1930,Current Dollars,Level,6,73,T30200
T30200,W780RC,10,Contributions for government social insurance,1931,Current Dollars,Level,6,70,T30200
T30200,W780RC,10,Contributions for government social insurance,1932,Current Dollars,Level,6,71,T30200
T30200,W780RC,10,Contributions for government social insurance,1933,Current Dollars,Level,6,63,T30200
T30200,W780RC,10,Contributions for government social insurance,1934,Current Dollars,Level,6,69,T30200
T30200,W780RC,10,Contributions for government social insurance,1935,Current Dollars,Level,6,72,T30200
T30200,W780RC,10,Contributions for government social insurance,1936,Current Dollars,Level,6,312,T30200
T30200,W780RC,10,Contributions for government social insurance,1937,Current Dollars,Level,6,"1,473",T30200
T30200,W780RC,10,Contributions for government social insurance,1938,Current Dollars,Level,6,"1,617",T30200
T30200,W780RC,10,Contributions for government social insurance,1939,Current Dollars,Level,6,"1,752",T30200
T30200,W780RC,10,Contributions for government social insurance,1940,Current Dollars,Level,6,"1,870",T30200
T30200,W780RC,10,Contributions for government social insurance,1941,Current Dollars,Level,6,"2,334",T30200
T30200,W780RC,10,Contributions for government social insurance,1942,Current Dollars,Level,6,"2,890",T30200
T30200,W780RC,10,Contributions for government social insurance,1943,Current Dollars,Level,6,"3,773",T30200
T30200,W780RC,10,Contributions for government social insurance,1944,Current Dollars,Level,6,"4,342",T30200
T30200,W780RC,10,Contributions for government social insurance,1945,Current Dollars,Level,6,"5,336",T30200
T30200,W780RC,10,Contributions for government social insurance,1946,Current Dollars,Level,6,"6,463",T30200
T30200,W780RC,10,Contributions for government social insurance,1947,Current Dollars,Level,6,"5,389",T30200
T30200,W780RC,10,Contributions for government social insurance,1948,Current Dollars,Level,6,"4,415",T30200
T30200,W780RC,10,Contributions for government social insurance,1949,Current Dollars,Level,6,"4,696",T30200
T30200,W780RC,10,Contributions for government social insurance,1950,Current Dollars,Level,6,"5,259",T30200
T30200,W780RC,10,Contributions for government social insurance,1951,Current Dollars,Level,6,"6,410",T30200
T30200,W780RC,10,Contributions for government social insurance,1952,Current Dollars,Level,6,"6,667",T30200
T30200,W780RC,10,Contributions for government social insurance,1953,Current Dollars,Level,6,"6,823",T30200
T30200,W780RC,10,Contributions for government social insurance,1954,Current Dollars,Level,6,"7,776",T30200
T30200,W780RC,10,Contributions for government social insurance,1955,Current Dollars,Level,6,"8,780",T30200
T30200,W780RC,10,Contributions for government social insurance,1956,Current Dollars,Level,6,"9,647",T30200
T30200,W780RC,10,Contributions for government social insurance,1957,Current Dollars,Level,6,"11,047",T30200
T30200,W780RC,10,Contributions for government social insurance,1958,Current Dollars,Level,6,"11,026",T30200
T30200,W780RC,10,Contributions for government social insurance,1959,Current Dollars,Level,6,"13,461",T30200
T30200,W780RC,10,Contributions for government social insurance,1960,Current Dollars,Level,6,"16,017",T30200
T30200,W780RC,10,Contributions for government social insurance,1961,Current Dollars,Level,6,"16,565",T30200
T30200,W780RC,10,Contributions for government social insurance,1962,Current Dollars,Level,6,"18,626",T30200
T30200,W780RC,10,Contributions for government social insurance,1963,Current Dollars,Level,6,"21,106",T30200
T30200,W780RC,10,Contributions for government social insurance,1964,Current Dollars,Level,6,"21,782",T30200
T30200,W780RC,10,Contributions for government social insurance,1965,Current Dollars,Level,6,"22,742",T30200
T30200,W780RC,10,Contributions for government social insurance,1966,Current Dollars,Level,6,"30,620",T30200
T30200,W780RC,10,Contributions for government social insurance,1967,Current Dollars,Level,6,"34,102",T30200
T30200,W780RC,10,Contributions for government social insurance,1968,Current Dollars,Level,6,"37,897",T30200
T30200,W780RC,10,Contributions for government social insurance,1969,Current Dollars,Level,6,"43,314",T30200
T30200,W780RC,10,Contributions for government social insurance,1970,Current Dollars,Level,6,"45,504",T30200
T30200,W780RC,10,Contributions for government social insurance,1971,Current Dollars,Level,6,"50,330",T30200
T30200,W780RC,10,Contributions for government social insurance,1972,Current Dollars,Level,6,"58,258",T30200
T30200,W780RC,10,Contributions for government social insurance,1973,Current Dollars,Level,6,"74,546",T30200
T30200,W780RC,10,Contributions for government social insurance,1974,Current Dollars,Level,6,"84,085",T30200
T30200,W780RC,10,Contributions for government social insurance,1975,Current Dollars,Level,6,"88,054",T30200
T30200,W780RC,10,Contributions for government social insurance,1976,Current Dollars,Level,6,"99,786",T30200
T30200,W780RC,10,Contributions for government social insurance,1977,Current Dollars,Level,6,"111,078",T30200
T30200,W780RC,10,Contributions for government social insurance,1978,Current Dollars,Level,6,"128,715",T30200
T30200,W780RC,10,Contributions for government social insurance,1979,Current Dollars,Level,6,"149,798",T30200
T30200,W780RC,10,Contributions for government social insurance,1980,Current Dollars,Level,6,"163,631",T30200
T30200,W780RC,10,Contributions for government social insurance,1981,Current Dollars,Level,6,"193,009",T30200
T30200,W780RC,10,Contributions for government social insurance,1982,Current Dollars,Level,6,"206,043",T30200
T30200,W780RC,10,Contributions for government social insurance,1983,Current Dollars,Level,6,"223,068",T30200
T30200,W780RC,10,Contributions for government social insurance,1984,Current Dollars,Level,6,"254,129",T30200
T30200,W780RC,10,Contributions for government social insurance,1985,Current Dollars,Level,6,"277,909",T30200
T30200,W780RC,10,Contributions for government social insurance,1986,Current Dollars,Level,6,"298,933",T30200
T30200,W780RC,10,Contributions for government social insurance,1987,Current Dollars,Level,6,"317,431",T30200
T30200,W780RC,10,Contributions for government social insurance,1988,Current Dollars,Level,6,"354,779",T30200
T30200,W780RC,10,Contributions for government social insurance,1989,Current Dollars,Level,6,"377,963",T30200
T30200,W780RC,10,Contributions for government social insurance,1990,Current Dollars,Level,6,"402,040",T30200
T30200,W780RC,10,Contributions for government social insurance,1991,Current Dollars,Level,6,"420,613",T30200
T30200,W780RC,10,Contributions for government social insurance,1992,Current Dollars,Level,6,"443,965",T30200
T30200,W780RC,10,Contributions for government social insurance,1993,Current Dollars,Level,6,"465,517",T30200
T30200,W780RC,10,Contributions for government social insurance,1994,Current Dollars,Level,6,"496,152",T30200
T30200,W780RC,10,Contributions for government social insurance,1995,Current Dollars,Level,6,"521,903",T30200
T30200,W780RC,10,Contributions for government social insurance,1996,Current Dollars,Level,6,"545,413",T30200
T30200,W780RC,10,Contributions for government social insurance,1997,Current Dollars,Level,6,"579,432",T30200
T30200,W780RC,10,Contributions for government social insurance,1998,Current Dollars,Level,6,"617,402",T30200
T30200,W780RC,10,Contributions for government social insurance,1999,Current Dollars,Level,6,"654,826",T30200
T30200,W780RC,10,Contributions for government social insurance,2000,Current Dollars,Level,6,"698,571",T30200
T30200,W780RC,10,Contributions for government social insurance,2001,Current Dollars,Level,6,"723,262",T30200
T30200,W780RC,10,Contributions for government social insurance,2002,Current Dollars,Level,6,"739,425",T30200
T30200,W780RC,10,Contributions for government social insurance,2003,Current Dollars,Level,6,"763,276",T30200
T30200,W780RC,10,Contributions for government social insurance,2004,Current Dollars,Level,6,"808,979",T30200
T30200,W780RC,10,Contributions for government social insurance,2005,Current Dollars,Level,6,"853,397",T30200
T30200,W780RC,10,Contributions for government social insurance,2006,Current Dollars,Level,6,"905,682",T30200
T30200,W780RC,10,Contributions for government social insurance,2007,Current Dollars,Level,6,"947,297",T30200
T30200,W780RC,10,Contributions for government social insurance,2008,Current Dollars,Level,6,"974,497",T30200
T30200,W780RC,10,Contributions for government social insurance,2009,Current Dollars,Level,6,"950,663",T30200
T30200,W780RC,10,Contributions for government social insurance,2010,Current Dollars,Level,6,"970,903",T30200
T30200,W780RC,10,Contributions for government social insurance,2011,Current Dollars,Level,6,"903,206",T30200
T30200,W780RC,10,Contributions for government social insurance,2012,Current Dollars,Level,6,"937,959",T30200
T30200,W780RC,10,Contributions for government social insurance,2013,Current Dollars,Level,6,"1,091,780",T30200
T30200,W780RC,10,Contributions for government social insurance,2014,Current Dollars,Level,6,"1,140,055",T30200
T30200,W780RC,10,Contributions for government social insurance,2015,Current Dollars,Level,6,"1,190,781",T30200
T30200,W780RC,10,Contributions for government social insurance,2016,Current Dollars,Level,6,"1,224,406",T30200
T30200,W780RC,10,Contributions for government social insurance,2017,Current Dollars,Level,6,"1,284,313",T30200
T30200,W780RC,10,Contributions for government social insurance,2018,Current Dollars,Level,6,"1,346,609",T30200
T30200,W780RC,10,Contributions for government social insurance,2019,Current Dollars,Level,6,"1,409,502",T30200
T30200,W780RC,10,Contributions for government social insurance,2020,Current Dollars,Level,6,"1,434,871",T30200
T30200,W780RC,10,Contributions for government social insurance,2021,Current Dollars,Level,6,"1,542,812",T30200
T30200,W780RC,10,Contributions for government social insurance,2022,Current Dollars,Level,6,"1,687,214",T30200
T30200,W780RC,10,Contributions for government social insurance,2023,Current Dollars,Level,6,"1,785,016",T30200
T30200,W780RC,10,Contributions for government social insurance,2024,Current Dollars,Level,6,"1,902,739",T30200
T30200,W780RC,10,Contributions for government social insurance,2025,Current Dollars,Level,6,"1,992,912",T30200
T30200,LA000012,11,From persons,1929,Current Dollars,Level,6,74,T30200
T30200,LA000012,11,From persons,1930,Current Dollars,Level,6,73,T30200
T30200,LA000012,11,From persons,1931,Current Dollars,Level,6,70,T30200
T30200,LA000012,11,From persons,1932,Current Dollars,Level,6,71,T30200
T30200,LA000012,11,From persons,1933,Current Dollars,Level,6,63,T30200
T30200,LA000012,11,From persons,1934,Current Dollars,Level,6,69,T30200
T30200,LA000012,11,From persons,1935,Current Dollars,Level,6,72,T30200
T30200,LA000012,11,From persons,1936,Current Dollars,Level,6,312,T30200
T30200,LA000012,11,From persons,1937,Current Dollars,Level,6,"1,473",T30200
T30200,LA000012,11,From persons,1938,Current Dollars,Level,6,"1,617",T30200
T30200,LA000012,11,From persons,1939,Current Dollars,Level,6,"1,752",T30200
T30200,LA000012,11,From persons,1940,Current Dollars,Level,6,"1,870",T30200
T30200,LA000012,11,From persons,1941,Current Dollars,Level,6,"2,334",T30200
T30200,LA000012,11,From persons,1942,Current Dollars,Level,6,"2,890",T30200
T30200,LA000012,11,From persons,1943,Current Dollars,Level,6,"3,773",T30200
T30200,LA000012,11,From persons,1944,Current Dollars,Level,6,"4,342",T30200
T30200,LA000012,11,From persons,1945,Current Dollars,Level,6,"5,336",T30200
T30200,LA000012,11,From persons,1946,Current Dollars,Level,6,"6,463",T30200
T30200,LA000012,11,From persons,1947,Current Dollars,Level,6,"5,389",T30200
T30200,LA000012,11,From persons,1948,Current Dollars,Level,6,"4,415",T30200
T30200,LA000012,11,From persons,1949,Current Dollars,Level,6,"4,696",T30200
T30200,LA000012,11,From persons,1950,Current Dollars,Level,6,"5,259",T30200
T30200,LA000012,11,From persons,1951,Current Dollars,Level,6,"6,392",T30200
T30200,LA000012,11,From persons,1952,Current Dollars,Level,6,"6,645",T30200
T30200,LA000012,11,From persons,1953,Current Dollars,Level,6,"6,800",T30200
T30200,LA000012,11,From persons,1954,Current Dollars,Level,6,"7,750",T30200
T30200,LA000012,11,From persons,1955,Current Dollars,Level,6,"8,754",T30200
T30200,LA000012,11,From persons,1956,Current Dollars,Level,6,"9,617",T30200
T30200,LA000012,11,From persons,1957,Current Dollars,Level,6,"11,016",T30200
T30200,LA000012,11,From persons,1958,Current Dollars,Level,6,"10,989",T30200
T30200,LA000012,11,From persons,1959,Current Dollars,Level,6,"13,421",T30200
T30200,LA000012,11,From persons,1960,Current Dollars,Level,6,"15,983",T30200
T30200,LA000012,11,From persons,1961,Current Dollars,Level,6,"16,513",T30200
T30200,LA000012,11,From persons,1962,Current Dollars,Level,6,"18,569",T30200
T30200,LA000012,11,From persons,1963,Current Dollars,Level,6,"21,040",T30200
T30200,LA000012,11,From persons,1964,Current Dollars,Level,6,"21,705",T30200
T30200,LA000012,11,From persons,1965,Current Dollars,Level,6,"22,658",T30200
T30200,LA000012,11,From persons,1966,Current Dollars,Level,6,"30,515",T30200
T30200,LA000012,11,From persons,1967,Current Dollars,Level,6,"33,990",T30200
T30200,LA000012,11,From persons,1968,Current Dollars,Level,6,"37,753",T30200
T30200,LA000012,11,From persons,1969,Current Dollars,Level,6,"43,101",T30200
T30200,LA000012,11,From persons,1970,Current Dollars,Level,6,"45,270",T30200
T30200,LA000012,11,From persons,1971,Current Dollars,Level,6,"50,002",T30200
T30200,LA000012,11,From persons,1972,Current Dollars,Level,6,"57,884",T30200
T30200,LA000012,11,From persons,1973,Current Dollars,Level,6,"74,004",T30200
T30200,LA000012,11,From persons,1974,Current Dollars,Level,6,"83,516",T30200
T30200,LA000012,11,From persons,1975,Current Dollars,Level,6,"87,467",T30200
T30200,LA000012,11,From persons,1976,Current Dollars,Level,6,"99,147",T30200
T30200,LA000012,11,From persons,1977,Current Dollars,Level,6,"110,319",T30200
T30200,LA000012,11,From persons,1978,Current Dollars,Level,6,"127,850",T30200
T30200,LA000012,11,From persons,1979,Current Dollars,Level,6,"148,869",T30200
T30200,LA000012,11,From persons,1980,Current Dollars,Level,6,"162,616",T30200
T30200,LA000012,11,From persons,1981,Current Dollars,Level,6,"191,841",T30200
T30200,LA000012,11,From persons,1982,Current Dollars,Level,6,"204,851",T30200
T30200,LA000012,11,From persons,1983,Current Dollars,Level,6,"221,813",T30200
T30200,LA000012,11,From persons,1984,Current Dollars,Level,6,"252,793",T30200
T30200,LA000012,11,From persons,1985,Current Dollars,Level,6,"276,484",T30200
T30200,LA000012,11,From persons,1986,Current Dollars,Level,6,"297,481",T30200
T30200,LA000012,11,From persons,1987,Current Dollars,Level,6,"315,906",T30200
T30200,LA000012,11,From persons,1988,Current Dollars,Level,6,"353,105",T30200
T30200,LA000012,11,From persons,1989,Current Dollars,Level,6,"376,257",T30200
T30200,LA000012,11,From persons,1990,Current Dollars,Level,6,"400,073",T30200
T30200,LA000012,11,From persons,1991,Current Dollars,Level,6,"418,563",T30200
T30200,LA000012,11,From persons,1992,Current Dollars,Level,6,"441,828",T30200
T30200,LA000012,11,From persons,1993,Current Dollars,Level,6,"463,296",T30200
T30200,LA000012,11,From persons,1994,Current Dollars,Level,6,"493,665",T30200
T30200,LA000012,11,From persons,1995,Current Dollars,Level,6,"519,200",T30200
T30200,LA000012,11,From persons,1996,Current Dollars,Level,6,"542,625",T30200
T30200,LA000012,11,From persons,1997,Current Dollars,Level,6,"576,418",T30200
T30200,LA000012,11,From persons,1998,Current Dollars,Level,6,"614,300",T30200
T30200,LA000012,11,From persons,1999,Current Dollars,Level,6,"651,533",T30200
T30200,LA000012,11,From persons,2000,Current Dollars,Level,6,"695,018",T30200
T30200,LA000012,11,From persons,2001,Current Dollars,Level,6,"719,506",T30200
T30200,LA000012,11,From persons,2002,Current Dollars,Level,6,"735,670",T30200
T30200,LA000012,11,From persons,2003,Current Dollars,Level,6,"759,351",T30200
T30200,LA000012,11,From persons,2004,Current Dollars,Level,6,"804,586",T30200
T30200,LA000012,11,From persons,2005,Current Dollars,Level,6,"848,732",T30200
T30200,LA000012,11,From persons,2006,Current Dollars,Level,6,"901,085",T30200
T30200,LA000012,11,From persons,2007,Current Dollars,Level,6,"942,581",T30200
T30200,LA000012,11,From persons,2008,Current Dollars,Level,6,"969,668",T30200
T30200,LA000012,11,From persons,2009,Current Dollars,Level,6,"945,704",T30200
T30200,LA000012,11,From persons,2010,Current Dollars,Level,6,"965,980",T30200
T30200,LA000012,11,From persons,2011,Current Dollars,Level,6,"898,796",T30200
T30200,LA000012,11,From persons,2012,Current Dollars,Level,6,"933,325",T30200
T30200,LA000012,11,From persons,2013,Current Dollars,Level,6,"1,086,626",T30200
T30200,LA000012,11,From persons,2014,Current Dollars,Level,6,"1,134,807",T30200
T30200,LA000012,11,From persons,2015,Current Dollars,Level,6,"1,185,515",T30200
T30200,LA000012,11,From persons,2016,Current Dollars,Level,6,"1,218,876",T30200
T30200,LA000012,11,From persons,2017,Current Dollars,Level,6,"1,279,087",T30200
T30200,LA000012,11,From persons,2018,Current Dollars,Level,6,"1,341,254",T30200
T30200,LA000012,11,From persons,2019,Current Dollars,Level,6,"1,404,123",T30200
T30200,LA000012,11,From persons,2020,Current Dollars,Level,6,"1,429,564",T30200
T30200,LA000012,11,From persons,2021,Current Dollars,Level,6,"1,537,035",T30200
T30200,LA000012,11,From persons,2022,Current Dollars,Level,6,"1,680,642",T30200
T30200,LA000012,11,From persons,2023,Current Dollars,Level,6,"1,778,602",T30200
T30200,LA000012,11,From persons,2024,Current Dollars,Level,6,"1,896,282",T30200
T30200,LA000012,11,From persons,2025,Current Dollars,Level,6,"1,986,176",T30200
T30200,W781RC,12,From the rest of the world,1951,Current Dollars,Level,6,18,"T30200,T30200.3"
T30200,W781RC,12,From the rest of the world,1952,Current Dollars,Level,6,22,"T30200,T30200.3"
T30200,W781RC,12,From the rest of the world,1953,Current Dollars,Level,6,23,"T30200,T30200.3"
T30200,W781RC,12,From the rest of the world,1954,Current Dollars,Level,6,26,"T30200,T30200.3"
T30200,W781RC,12,From the rest of the world,1955,Current Dollars,Level,6,26,"T30200,T30200.3"
T30200,W781RC,12,From the rest of the world,1956,Current Dollars,Level,6,30,"T30200,T30200.3"
T30200,W781RC,12,From the rest of the world,1957,Current Dollars,Level,6,31,"T30200,T30200.3"
T30200,W781RC,12,From the rest of the world,1958,Current Dollars,Level,6,37,"T30200,T30200.3"
T30200,W781RC,12,From the rest of the world,1959,Current Dollars,Level,6,40,"T30200,T30200.3"
T30200,W781RC,12,From the rest of the world,1960,Current Dollars,Level,6,34,"T30200,T30200.3"
T30200,W781RC,12,From the rest of the world,1961,Current Dollars,Level,6,52,"T30200,T30200.3"
T30200,W781RC,12,From the rest of the world,1962,Current Dollars,Level,6,57,"T30200,T30200.3"
T30200,W781RC,12,From the rest of the world,1963,Current Dollars,Level,6,66,"T30200,T30200.3"
T30200,W781RC,12,From the rest of the world,1964,Current Dollars,Level,6,77,"T30200,T30200.3"
T30200,W781RC,12,From the rest of the world,1965,Current Dollars,Level,6,84,"T30200,T30200.3"
T30200,W781RC,12,From the rest of the world,1966,Current Dollars,Level,6,105,"T30200,T30200.3"
T30200,W781RC,12,From the rest of the world,1967,Current Dollars,Level,6,112,"T30200,T30200.3"
T30200,W781RC,12,From the rest of the world,1968,Current Dollars,Level,6,144,"T30200,T30200.3"
T30200,W781RC,12,From the rest of the world,1969,Current Dollars,Level,6,213,"T30200,T30200.3"
T30200,W781RC,12,From the rest of the world,1970,Current Dollars,Level,6,234,"T30200,T30200.3"
T30200,W781RC,12,From the rest of the world,1971,Current Dollars,Level,6,328,"T30200,T30200.3"
T30200,W781RC,12,From the rest of the world,1972,Current Dollars,Level,6,374,"T30200,T30200.3"
T30200,W781RC,12,From the rest of the world,1973,Current Dollars,Level,6,542,"T30200,T30200.3"
T30200,W781RC,12,From the rest of the world,1974,Current Dollars,Level,6,569,"T30200,T30200.3"
T30200,W781RC,12,From the rest of the world,1975,Current Dollars,Level,6,587,"T30200,T30200.3"
T30200,W781RC,12,From the rest of the world,1976,Current Dollars,Level,6,639,"T30200,T30200.3"
T30200,W781RC,12,From the rest of the world,1977,Current Dollars,Level,6,759,"T30200,T30200.3"
T30200,W781RC,12,From the rest of the world,1978,Current Dollars,Level,6,865,"T30200,T30200.3"
T30200,W781RC,12,From the rest of the world,1979,Current Dollars,Level,6,929,"T30200,T30200.3"
T30200,W781RC,12,From the rest of the world,1980,Current Dollars,Level,6,"1,015","T30200,T30200.3"
T30200,W781RC,12,From the rest of the world,1981,Current Dollars,Level,6,"1,168","T30200,T30200.3"
T30200,W781RC,12,From the rest of the world,1982,Current Dollars,Level,6,"1,192","T30200,T30200.3"
T30200,W781RC,12,From the rest of the world,1983,Current Dollars,Level,6,"1,255","T30200,T30200.3"
T30200,W781RC,12,From the rest of the world,1984,Current Dollars,Level,6,"1,336","T30200,T30200.3"
T30200,W781RC,12,From the rest of the world,1985,Current Dollars,Level,6,"1,425","T30200,T30200.3"
T30200,W781RC,12,From the rest of the world,1986,Current Dollars,Level,6,"1,452","T30200,T30200.3"
T30200,W781RC,12,From the rest of the world,1987,Current Dollars,Level,6,"1,525","T30200,T30200.3"
T30200,W781RC,12,From the rest of the world,1988,Current Dollars,Level,6,"1,674","T30200,T30200.3"
T30200,W781RC,12,From the rest of the world,1989,Current Dollars,Level,6,"1,706","T30200,T30200.3"
T30200,W781RC,12,From the rest of the world,1990,Current Dollars,Level,6,"1,967","T30200,T30200.3"
T30200,W781RC,12,From the rest of the world,1991,Current Dollars,Level,6,"2,050","T30200,T30200.3"
T30200,W781RC,12,From the rest of the world,1992,Current Dollars,Level,6,"2,137","T30200,T30200.3"
T30200,W781RC,12,From the rest of the world,1993,Current Dollars,Level,6,"2,221","T30200,T30200.3"
T30200,W781RC,12,From the rest of the world,1994,Current Dollars,Level,6,"2,487","T30200,T30200.3"
T30200,W781RC,12,From the rest of the world,1995,Current Dollars,Level,6,"2,703","T30200,T30200.3"
T30200,W781RC,12,From the rest of the world,1996,Current Dollars,Level,6,"2,788","T30200,T30200.3"
T30200,W781RC,12,From the rest of the world,1997,Current Dollars,Level,6,"3,014","T30200,T30200.3"
T30200,W781RC,12,From the rest of the world,1998,Current Dollars,Level,6,"3,102","T30200,T30200.3"
T30200,W781RC,12,From the rest of the world,1999,Current Dollars,Level,6,"3,293","T30200,T30200.3"
T30200,W781RC,12,From the rest of the world,2000,Current Dollars,Level,6,"3,553","T30200,T30200.3"
T30200,W781RC,12,From the rest of the world,2001,Current Dollars,Level,6,"3,756","T30200,T30200.3"
T30200,W781RC,12,From the rest of the world,2002,Current Dollars,Level,6,"3,755","T30200,T30200.3"
T30200,W781RC,12,From the rest of the world,2003,Current Dollars,Level,6,"3,925","T30200,T30200.3"
T30200,W781RC,12,From the rest of the world,2004,Current Dollars,Level,6,"4,393","T30200,T30200.3"
T30200,W781RC,12,From the rest of the world,2005,Current Dollars,Level,6,"4,665","T30200,T30200.3"
T30200,W781RC,12,From the rest of the world,2006,Current Dollars,Level,6,"4,597","T30200,T30200.3"
T30200,W781RC,12,From the rest of the world,2007,Current Dollars,Level,6,"4,716","T30200,T30200.3"
T30200,W781RC,12,From the rest of the world,2008,Current Dollars,Level,6,"4,829","T30200,T30200.3"
T30200,W781RC,12,From the rest of the world,2009,Current Dollars,Level,6,"4,959","T30200,T30200.3"
T30200,W781RC,12,From the rest of the world,2010,Current Dollars,Level,6,"4,923","T30200,T30200.3"
T30200,W781RC,12,From the rest of the world,2011,Current Dollars,Level,6,"4,410","T30200,T30200.3"
T30200,W781RC,12,From the rest of the world,2012,Current Dollars,Level,6,"4,634","T30200,T30200.3"
T30200,W781RC,12,From the rest of the world,2013,Current Dollars,Level,6,"5,154","T30200,T30200.3"
T30200,W781RC,12,From the rest of the world,2014,Current Dollars,Level,6,"5,248","T30200,T30200.3"
T30200,W781RC,12,From the rest of the world,2015,Current Dollars,Level,6,"5,266","T30200,T30200.3"
T30200,W781RC,12,From the rest of the world,2016,Current Dollars,Level,6,"5,530","T30200,T30200.3"
T30200,W781RC,12,From the rest of the world,2017,Current Dollars,Level,6,"5,226","T30200,T30200.3"
T30200,W781RC,12,From the rest of the world,2018,Current Dollars,Level,6,"5,355","T30200,T30200.3"
T30200,W781RC,12,From the rest of the world,2019,Current Dollars,Level,6,"5,379","T30200,T30200.3"
T30200,W781RC,12,From the rest of the world,2020,Current Dollars,Level,6,"5,307","T30200,T30200.3"
T30200,W781RC,12,From the rest of the world,2021,Current Dollars,Level,6,"5,777","T30200,T30200.3"
T30200,W781RC,12,From the rest of the world,2022,Current Dollars,Level,6,"6,572","T30200,T30200.3"
T30200,W781RC,12,From the rest of the world,2023,Current Dollars,Level,6,"6,414","T30200,T30200.3"
T30200,W781RC,12,From the rest of the world,2024,Current Dollars,Level,6,"6,457","T30200,T30200.3"
T30200,W781RC,12,From the rest of the world,2025,Current Dollars,Level,6,"6,736","T30200,T30200.3"
T30200,W009RC,13,Income receipts on assets,1929,Current Dollars,Level,6,4,T30200
T30200,W009RC,13,Income receipts on assets,1930,Current Dollars,Level,6,0,T30200
T30200,W009RC,13,Income receipts on assets,1931,Current Dollars,Level,6,0,T30200
T30200,W009RC,13,Income receipts on assets,1932,Current Dollars,Level,6,2,T30200
T30200,W009RC,13,Income receipts on assets,1933,Current Dollars,Level,6,0,T30200
T30200,W009RC,13,Income receipts on assets,1934,Current Dollars,Level,6,0,T30200
T30200,W009RC,13,Income receipts on assets,1935,Current Dollars,Level,6,0,T30200
T30200,W009RC,13,Income receipts on assets,1936,Current Dollars,Level,6,0,T30200
T30200,W009RC,13,Income receipts on assets,1937,Current Dollars,Level,6,0,T30200
T30200,W009RC,13,Income receipts on assets,1938,Current Dollars,Level,6,0,T30200
T30200,W009RC,13,Income receipts on assets,1939,Current Dollars,Level,6,0,T30200
T30200,W009RC,13,Income receipts on assets,1940,Current Dollars,Level,6,0,T30200
T30200,W009RC,13,Income receipts on assets,1941,Current Dollars,Level,6,0,T30200
T30200,W009RC,13,Income receipts on assets,1942,Current Dollars,Level,6,0,T30200
T30200,W009RC,13,Income receipts on assets,1943,Current Dollars,Level,6,0,T30200
T30200,W009RC,13,Income receipts on assets,1944,Current Dollars,Level,6,0,T30200
T30200,W009RC,13,Income receipts on assets,1945,Current Dollars,Level,6,0,T30200
T30200,W009RC,13,Income receipts on assets,1946,Current Dollars,Level,6,0,T30200
T30200,W009RC,13,Income receipts on assets,1947,Current Dollars,Level,6,77,T30200
T30200,W009RC,13,Income receipts on assets,1948,Current Dollars,Level,6,193,T30200
T30200,W009RC,13,Income receipts on assets,1949,Current Dollars,Level,6,233,T30200
T30200,W009RC,13,Income receipts on assets,1950,Current Dollars,Level,6,233,T30200
T30200,W009RC,13,Income receipts on assets,1951,Current Dollars,Level,6,308,T30200
T30200,W009RC,13,Income receipts on assets,1952,Current Dollars,Level,6,349,T30200
T30200,W009RC,13,Income receipts on assets,1953,Current Dollars,Level,6,404,T30200
T30200,W009RC,13,Income receipts on assets,1954,Current Dollars,Level,6,346,T30200
T30200,W009RC,13,Income receipts on assets,1955,Current Dollars,Level,6,326,T30200
T30200,W009RC,13,Income receipts on assets,1956,Current Dollars,Level,6,483,T30200
T30200,W009RC,13,Income receipts on assets,1957,Current Dollars,Level,6,635,T30200
T30200,W009RC,13,Income receipts on assets,1958,Current Dollars,Level,6,622,T30200
T30200,W009RC,13,Income receipts on assets,1959,Current Dollars,Level,6,"1,036",T30200
T30200,W009RC,13,Income receipts on assets,1960,Current Dollars,Level,6,"2,377",T30200
T30200,W009RC,13,Income receipts on assets,1961,Current Dollars,Level,6,"2,278",T30200
T30200,W009RC,13,Income receipts on assets,1962,Current Dollars,Level,6,"2,592",T30200
T30200,W009RC,13,Income receipts on assets,1963,Current Dollars,Level,6,"2,774",T30200
T30200,W009RC,13,Income receipts on assets,1964,Current Dollars,Level,6,"3,530",T30200
T30200,W009RC,13,Income receipts on assets,1965,Current Dollars,Level,6,"3,320",T30200
T30200,W009RC,13,Income receipts on assets,1966,Current Dollars,Level,6,"3,885",T30200
T30200,W009RC,13,Income receipts on assets,1967,Current Dollars,Level,6,"4,543",T30200
T30200,W009RC,13,Income receipts on assets,1968,Current Dollars,Level,6,"5,536",T30200
T30200,W009RC,13,Income receipts on assets,1969,Current Dollars,Level,6,"5,835",T30200
T30200,W009RC,13,Income receipts on assets,1970,Current Dollars,Level,6,"6,701",T30200
T30200,W009RC,13,Income receipts on assets,1971,Current Dollars,Level,6,"6,971",T30200
T30200,W009RC,13,Income receipts on assets,1972,Current Dollars,Level,6,"6,991",T30200
T30200,W009RC,13,Income receipts on assets,1973,Current Dollars,Level,6,"8,360",T30200
T30200,W009RC,13,Income receipts on assets,1974,Current Dollars,Level,6,"10,063",T30200
T30200,W009RC,13,Income receipts on assets,1975,Current Dollars,Level,6,"10,636",T30200
T30200,W009RC,13,Income receipts on assets,1976,Current Dollars,Level,6,"12,093",T30200
T30200,W009RC,13,Income receipts on assets,1977,Current Dollars,Level,6,"13,003",T30200
T30200,W009RC,13,Income receipts on assets,1978,Current Dollars,Level,6,"15,952",T30200
T30200,W009RC,13,Income receipts on assets,1979,Current Dollars,Level,6,"20,487",T30200
T30200,W009RC,13,Income receipts on assets,1980,Current Dollars,Level,6,"26,069",T30200
T30200,W009RC,13,Income receipts on assets,1981,Current Dollars,Level,6,"33,251",T30200
T30200,W009RC,13,Income receipts on assets,1982,Current Dollars,Level,6,"38,612",T30200
T30200,W009RC,13,Income receipts on assets,1983,Current Dollars,Level,6,"38,938",T30200
T30200,W009RC,13,Income receipts on assets,1984,Current Dollars,Level,6,"43,769",T30200
T30200,W009RC,13,Income receipts on assets,1985,Current Dollars,Level,6,"47,932",T30200
T30200,W009RC,13,Income receipts on assets,1986,Current Dollars,Level,6,"49,918",T30200
T30200,W009RC,13,Income receipts on assets,1987,Current Dollars,Level,6,"45,937",T30200
T30200,W009RC,13,Income receipts on assets,1988,Current Dollars,Level,6,"47,581",T30200
T30200,W009RC,13,Income receipts on assets,1989,Current Dollars,Level,6,"50,513",T30200
T30200,W009RC,13,Income receipts on assets,1990,Current Dollars,Level,6,"54,049",T30200
T30200,W009RC,13,Income receipts on assets,1991,Current Dollars,Level,6,"50,784",T30200
T30200,W009RC,13,Income receipts on assets,1992,Current Dollars,Level,6,"42,426",T30200
T30200,W009RC,13,Income receipts on assets,1993,Current Dollars,Level,6,"42,644",T30200
T30200,W009RC,13,Income receipts on assets,1994,Current Dollars,Level,6,"44,099",T30200
T30200,W009RC,13,Income receipts on assets,1995,Current Dollars,Level,6,"47,246",T30200
T30200,W009RC,13,Income receipts on assets,1996,Current Dollars,Level,6,"46,789",T30200
T30200,W009RC,13,Income receipts on assets,1997,Current Dollars,Level,6,"46,227",T30200
T30200,W009RC,13,Income receipts on assets,1998,Current Dollars,Level,6,"48,161",T30200
T30200,W009RC,13,Income receipts on assets,1999,Current Dollars,Level,6,"45,955",T30200
T30200,W009RC,13,Income receipts on assets,2000,Current Dollars,Level,6,"50,424",T30200
T30200,W009RC,13,Income receipts on assets,2001,Current Dollars,Level,6,"53,758",T30200
T30200,W009RC,13,Income receipts on assets,2002,Current Dollars,Level,6,"46,495",T30200
T30200,W009RC,13,Income receipts on assets,2003,Current Dollars,Level,6,"46,113",T30200
T30200,W009RC,13,Income receipts on assets,2004,Current Dollars,Level,6,"43,817",T30200
T30200,W009RC,13,Income receipts on assets,2005,Current Dollars,Level,6,"48,836",T30200
T30200,W009RC,13,Income receipts on assets,2006,Current Dollars,Level,6,"58,315",T30200
T30200,W009RC,13,Income receipts on assets,2007,Current Dollars,Level,6,"68,567",T30200
T30200,W009RC,13,Income receipts on assets,2008,Current Dollars,Level,6,"67,236",T30200
T30200,W009RC,13,Income receipts on assets,2009,Current Dollars,Level,6,"99,591",T30200
T30200,W009RC,13,Income receipts on assets,2010,Current Dollars,Level,6,"136,023",T30200
T30200,W009RC,13,Income receipts on assets,2011,Current Dollars,Level,6,"131,238",T30200
T30200,W009RC,13,Income receipts on assets,2012,Current Dollars,Level,6,"141,596",T30200
T30200,W009RC,13,Income receipts on assets,2013,Current Dollars,Level,6,"243,725",T30200
T30200,W009RC,13,Income receipts on assets,2014,Current Dollars,Level,6,"172,730",T30200
T30200,W009RC,13,Income receipts on assets,2015,Current Dollars,Level,6,"161,211",T30200
T30200,W009RC,13,Income receipts on assets,2016,Current Dollars,Level,6,"140,684",T30200
T30200,W009RC,13,Income receipts on assets,2017,Current Dollars,Level,6,"138,938",T30200
T30200,W009RC,13,Income receipts on assets,2018,Current Dollars,Level,6,"121,687",T30200
T30200,W009RC,13,Income receipts on assets,2019,Current Dollars,Level,6,"109,991",T30200
T30200,W009RC,13,Income receipts on assets,2020,Current Dollars,Level,6,"118,601",T30200
T30200,W009RC,13,Income receipts on assets,2021,Current Dollars,Level,6,"140,148",T30200
T30200,W009RC,13,Income receipts on assets,2022,Current Dollars,Level,6,"98,300",T30200
T30200,W009RC,13,Income receipts on assets,2023,Current Dollars,Level,6,"45,337",T30200
T30200,W009RC,13,Income receipts on assets,2024,Current Dollars,Level,6,"72,699",T30200
T30200,W009RC,13,Income receipts on assets,2025,Current Dollars,Level,6,"88,322",T30200
T30200,B094RC,14,Interest receipts,1960,Current Dollars,Level,6,"1,328","T30200,T30200.4"
T30200,B094RC,14,Interest receipts,1961,Current Dollars,Level,6,"1,413","T30200,T30200.4"
T30200,B094RC,14,Interest receipts,1962,Current Dollars,Level,6,"1,598","T30200,T30200.4"
T30200,B094RC,14,Interest receipts,1963,Current Dollars,Level,6,"1,685","T30200,T30200.4"
T30200,B094RC,14,Interest receipts,1964,Current Dollars,Level,6,"1,723","T30200,T30200.4"
T30200,B094RC,14,Interest receipts,1965,Current Dollars,Level,6,"1,800","T30200,T30200.4"
T30200,B094RC,14,Interest receipts,1966,Current Dollars,Level,6,"1,991","T30200,T30200.4"
T30200,B094RC,14,Interest receipts,1967,Current Dollars,Level,6,"2,334","T30200,T30200.4"
T30200,B094RC,14,Interest receipts,1968,Current Dollars,Level,6,"2,735","T30200,T30200.4"
T30200,B094RC,14,Interest receipts,1969,Current Dollars,Level,6,"2,490","T30200,T30200.4"
T30200,B094RC,14,Interest receipts,1970,Current Dollars,Level,6,"2,809","T30200,T30200.4"
T30200,B094RC,14,Interest receipts,1971,Current Dollars,Level,6,"3,108","T30200,T30200.4"
T30200,B094RC,14,Interest receipts,1972,Current Dollars,Level,6,"3,250","T30200,T30200.4"
T30200,B094RC,14,Interest receipts,1973,Current Dollars,Level,6,"3,365","T30200,T30200.4"
T30200,B094RC,14,Interest receipts,1974,Current Dollars,Level,6,"3,635","T30200,T30200.4"
T30200,B094RC,14,Interest receipts,1975,Current Dollars,Level,6,"4,281","T30200,T30200.4"
T30200,B094RC,14,Interest receipts,1976,Current Dollars,Level,6,"5,155","T30200,T30200.4"
T30200,B094RC,14,Interest receipts,1977,Current Dollars,Level,6,"5,779","T30200,T30200.4"
T30200,B094RC,14,Interest receipts,1978,Current Dollars,Level,6,"7,425","T30200,T30200.4"
T30200,B094RC,14,Interest receipts,1979,Current Dollars,Level,6,"9,151","T30200,T30200.4"
T30200,B094RC,14,Interest receipts,1980,Current Dollars,Level,6,"11,314","T30200,T30200.4"
T30200,B094RC,14,Interest receipts,1981,Current Dollars,Level,6,"14,819","T30200,T30200.4"
T30200,B094RC,14,Interest receipts,1982,Current Dollars,Level,6,"18,337","T30200,T30200.4"
T30200,B094RC,14,Interest receipts,1983,Current Dollars,Level,6,"20,365","T30200,T30200.4"
T30200,B094RC,14,Interest receipts,1984,Current Dollars,Level,6,"22,786","T30200,T30200.4"
T30200,B094RC,14,Interest receipts,1985,Current Dollars,Level,6,"25,577","T30200,T30200.4"
T30200,B094RC,14,Interest receipts,1986,Current Dollars,Level,6,"28,842","T30200,T30200.4"
T30200,B094RC,14,Interest receipts,1987,Current Dollars,Level,6,"25,130","T30200,T30200.4"
T30200,B094RC,14,Interest receipts,1988,Current Dollars,Level,6,"27,394","T30200,T30200.4"
T30200,B094RC,14,Interest receipts,1989,Current Dollars,Level,6,"25,880","T30200,T30200.4"
T30200,B094RC,14,Interest receipts,1990,Current Dollars,Level,6,"26,943","T30200,T30200.4"
T30200,B094RC,14,Interest receipts,1991,Current Dollars,Level,6,"26,249","T30200,T30200.4"
T30200,B094RC,14,Interest receipts,1992,Current Dollars,Level,6,"22,193","T30200,T30200.4"
T30200,B094RC,14,Interest receipts,1993,Current Dollars,Level,6,"22,899","T30200,T30200.4"
T30200,B094RC,14,Interest receipts,1994,Current Dollars,Level,6,"20,072","T30200,T30200.4"
T30200,B094RC,14,Interest receipts,1995,Current Dollars,Level,6,"20,888","T30200,T30200.4"
T30200,B094RC,14,Interest receipts,1996,Current Dollars,Level,6,"22,598","T30200,T30200.4"
T30200,B094RC,14,Interest receipts,1997,Current Dollars,Level,6,"21,047","T30200,T30200.4"
T30200,B094RC,14,Interest receipts,1998,Current Dollars,Level,6,"17,389","T30200,T30200.4"
T30200,B094RC,14,Interest receipts,1999,Current Dollars,Level,6,"16,536","T30200,T30200.4"
T30200,B094RC,14,Interest receipts,2000,Current Dollars,Level,6,"18,792","T30200,T30200.4"
T30200,B094RC,14,Interest receipts,2001,Current Dollars,Level,6,"18,277","T30200,T30200.4"
T30200,B094RC,14,Interest receipts,2002,Current Dollars,Level,6,"15,524","T30200,T30200.4"
T30200,B094RC,14,Interest receipts,2003,Current Dollars,Level,6,"17,066","T30200,T30200.4"
T30200,B094RC,14,Interest receipts,2004,Current Dollars,Level,6,"17,021","T30200,T30200.4"
T30200,B094RC,14,Interest receipts,2005,Current Dollars,Level,6,"17,459","T30200,T30200.4"
T30200,B094RC,14,Interest receipts,2006,Current Dollars,Level,6,"19,073","T30200,T30200.4"
T30200,B094RC,14,Interest receipts,2007,Current Dollars,Level,6,"22,638","T30200,T30200.4"
T30200,B094RC,14,Interest receipts,2008,Current Dollars,Level,6,"21,216","T30200,T30200.4"
T30200,B094RC,14,Interest receipts,2009,Current Dollars,Level,6,"26,396","T30200,T30200.4"
T30200,B094RC,14,Interest receipts,2010,Current Dollars,Level,6,"31,718","T30200,T30200.4"
T30200,B094RC,14,Interest receipts,2011,Current Dollars,Level,6,"27,101","T30200,T30200.4"
T30200,B094RC,14,Interest receipts,2012,Current Dollars,Level,6,"21,848","T30200,T30200.4"
T30200,B094RC,14,Interest receipts,2013,Current Dollars,Level,6,"23,493","T30200,T30200.4"
T30200,B094RC,14,Interest receipts,2014,Current Dollars,Level,6,"24,849","T30200,T30200.4"
T30200,B094RC,14,Interest receipts,2015,Current Dollars,Level,6,"28,119","T30200,T30200.4"
T30200,B094RC,14,Interest receipts,2016,Current Dollars,Level,6,"29,609","T30200,T30200.4"
T30200,B094RC,14,Interest receipts,2017,Current Dollars,Level,6,"29,157","T30200,T30200.4"
T30200,B094RC,14,Interest receipts,2018,Current Dollars,Level,6,"34,753","T30200,T30200.4"
T30200,B094RC,14,Interest receipts,2019,Current Dollars,Level,6,"37,826","T30200,T30200.4"
T30200,B094RC,14,Interest receipts,2020,Current Dollars,Level,6,"26,132","T30200,T30200.4"
T30200,B094RC,14,Interest receipts,2021,Current Dollars,Level,6,"21,865","T30200,T30200.4"
T30200,B094RC,14,Interest receipts,2022,Current Dollars,Level,6,"21,873","T30200,T30200.4"
T30200,B094RC,14,Interest receipts,2023,Current Dollars,Level,6,"30,427","T30200,T30200.4"
T30200,B094RC,14,Interest receipts,2024,Current Dollars,Level,6,"58,903","T30200,T30200.4"
T30200,B094RC,14,Interest receipts,2025,Current Dollars,Level,6,"68,741","T30200,T30200.4"
T30200,W053RC,15,Dividends,1929,Current Dollars,Level,6,4,T30200
T30200,W053RC,15,Dividends,1930,Current Dollars,Level,6,0,T30200
T30200,W053RC,15,Dividends,1931,Current Dollars,Level,6,0,T30200
T30200,W053RC,15,Dividends,1932,Current Dollars,Level,6,2,T30200
T30200,W053RC,15,Dividends,1933,Current Dollars,Level,6,0,T30200
T30200,W053RC,15,Dividends,1934,Current Dollars,Level,6,0,T30200
T30200,W053RC,15,Dividends,1935,Current Dollars,Level,6,0,T30200
T30200,W053RC,15,Dividends,1936,Current Dollars,Level,6,0,T30200
T30200,W053RC,15,Dividends,1937,Current Dollars,Level,6,0,T30200
T30200,W053RC,15,Dividends,1938,Current Dollars,Level,6,0,T30200
T30200,W053RC,15,Dividends,1939,Current Dollars,Level,6,0,T30200
T30200,W053RC,15,Dividends,1940,Current Dollars,Level,6,0,T30200
T30200,W053RC,15,Dividends,1941,Current Dollars,Level,6,0,T30200
T30200,W053RC,15,Dividends,1942,Current Dollars,Level,6,0,T30200
T30200,W053RC,15,Dividends,1943,Current Dollars,Level,6,0,T30200
T30200,W053RC,15,Dividends,1944,Current Dollars,Level,6,0,T30200
T30200,W053RC,15,Dividends,1945,Current Dollars,Level,6,0,T30200
T30200,W053RC,15,Dividends,1946,Current Dollars,Level,6,0,T30200
T30200,W053RC,15,Dividends,1947,Current Dollars,Level,6,75,T30200
T30200,W053RC,15,Dividends,1948,Current Dollars,Level,6,167,T30200
T30200,W053RC,15,Dividends,1949,Current Dollars,Level,6,193,T30200
T30200,W053RC,15,Dividends,1950,Current Dollars,Level,6,197,T30200
T30200,W053RC,15,Dividends,1951,Current Dollars,Level,6,255,T30200
T30200,W053RC,15,Dividends,1952,Current Dollars,Level,6,292,T30200
T30200,W053RC,15,Dividends,1953,Current Dollars,Level,6,343,T30200
T30200,W053RC,15,Dividends,1954,Current Dollars,Level,6,276,T30200
T30200,W053RC,15,Dividends,1955,Current Dollars,Level,6,252,T30200
T30200,W053RC,15,Dividends,1956,Current Dollars,Level,6,402,T30200
T30200,W053RC,15,Dividends,1957,Current Dollars,Level,6,543,T30200
T30200,W053RC,15,Dividends,1958,Current Dollars,Level,6,524,T30200
T30200,W053RC,15,Dividends,1959,Current Dollars,Level,6,911,T30200
T30200,W053RC,15,Dividends,1960,Current Dollars,Level,6,897,T30200
T30200,W053RC,15,Dividends,1961,Current Dollars,Level,6,687,T30200
T30200,W053RC,15,Dividends,1962,Current Dollars,Level,6,799,T30200
T30200,W053RC,15,Dividends,1963,Current Dollars,Level,6,880,T30200
T30200,W053RC,15,Dividends,1964,Current Dollars,Level,6,"1,582",T30200
T30200,W053RC,15,Dividends,1965,Current Dollars,Level,6,"1,297",T30200
T30200,W053RC,15,Dividends,1966,Current Dollars,Level,6,"1,649",T30200
T30200,W053RC,15,Dividends,1967,Current Dollars,Level,6,"1,907",T30200
T30200,W053RC,15,Dividends,1968,Current Dollars,Level,6,"2,464",T30200
T30200,W053RC,15,Dividends,1969,Current Dollars,Level,6,"3,019",T30200
T30200,W053RC,15,Dividends,1970,Current Dollars,Level,6,"3,494",T30200
T30200,W053RC,15,Dividends,1971,Current Dollars,Level,6,"3,357",T30200
T30200,W053RC,15,Dividends,1972,Current Dollars,Level,6,"3,231",T30200
T30200,W053RC,15,Dividends,1973,Current Dollars,Level,6,"4,341",T30200
T30200,W053RC,15,Dividends,1974,Current Dollars,Level,6,"5,550",T30200
T30200,W053RC,15,Dividends,1975,Current Dollars,Level,6,"5,382",T30200
T30200,W053RC,15,Dividends,1976,Current Dollars,Level,6,"5,870",T30200
T30200,W053RC,15,Dividends,1977,Current Dollars,Level,6,"5,937",T30200
T30200,W053RC,15,Dividends,1978,Current Dollars,Level,6,"7,006",T30200
T30200,W053RC,15,Dividends,1979,Current Dollars,Level,6,"9,279",T30200
T30200,W053RC,15,Dividends,1980,Current Dollars,Level,6,"11,706",T30200
T30200,W053RC,15,Dividends,1981,Current Dollars,Level,6,"14,024",T30200
T30200,W053RC,15,Dividends,1982,Current Dollars,Level,6,"15,205",T30200
T30200,W053RC,15,Dividends,1983,Current Dollars,Level,6,"14,229",T30200
T30200,W053RC,15,Dividends,1984,Current Dollars,Level,6,"16,054",T30200
T30200,W053RC,15,Dividends,1985,Current Dollars,Level,6,"17,796",T30200
T30200,W053RC,15,Dividends,1986,Current Dollars,Level,6,"17,804",T30200
T30200,W053RC,15,Dividends,1987,Current Dollars,Level,6,"17,739",T30200
T30200,W053RC,15,Dividends,1988,Current Dollars,Level,6,"17,364",T30200
T30200,W053RC,15,Dividends,1989,Current Dollars,Level,6,"21,646",T30200
T30200,W053RC,15,Dividends,1990,Current Dollars,Level,6,"23,608",T30200
T30200,W053RC,15,Dividends,1991,Current Dollars,Level,6,"20,778",T30200
T30200,W053RC,15,Dividends,1992,Current Dollars,Level,6,"16,774",T30200
T30200,W053RC,15,Dividends,1993,Current Dollars,Level,6,"15,987",T30200
T30200,W053RC,15,Dividends,1994,Current Dollars,Level,6,"20,470",T30200
T30200,W053RC,15,Dividends,1995,Current Dollars,Level,6,"23,389",T30200
T30200,W053RC,15,Dividends,1996,Current Dollars,Level,6,"20,083",T30200
T30200,W053RC,15,Dividends,1997,Current Dollars,Level,6,"20,659",T30200
T30200,W053RC,15,Dividends,1998,Current Dollars,Level,6,"26,561",T30200
T30200,W053RC,15,Dividends,1999,Current Dollars,Level,6,"25,410",T30200
T30200,W053RC,15,Dividends,2000,Current Dollars,Level,6,"25,344",T30200
T30200,W053RC,15,Dividends,2001,Current Dollars,Level,6,"27,089",T30200
T30200,W053RC,15,Dividends,2002,Current Dollars,Level,6,"24,495",T30200
T30200,W053RC,15,Dividends,2003,Current Dollars,Level,6,"22,022",T30200
T30200,W053RC,15,Dividends,2004,Current Dollars,Level,6,"18,138",T30200
T30200,W053RC,15,Dividends,2005,Current Dollars,Level,6,"21,714",T30200
T30200,W053RC,15,Dividends,2006,Current Dollars,Level,6,"29,307",T30200
T30200,W053RC,15,Dividends,2007,Current Dollars,Level,6,"34,818",T30200
T30200,W053RC,15,Dividends,2008,Current Dollars,Level,6,"32,267",T30200
T30200,W053RC,15,Dividends,2009,Current Dollars,Level,6,"66,175",T30200
T30200,W053RC,15,Dividends,2010,Current Dollars,Level,6,"96,300",T30200
T30200,W053RC,15,Dividends,2011,Current Dollars,Level,6,"94,206",T30200
T30200,W053RC,15,Dividends,2012,Current Dollars,Level,6,"109,516",T30200
T30200,W053RC,15,Dividends,2013,Current Dollars,Level,6,"210,918",T30200
T30200,W053RC,15,Dividends,2014,Current Dollars,Level,6,"137,605",T30200
T30200,W053RC,15,Dividends,2015,Current Dollars,Level,6,"126,415",T30200
T30200,W053RC,15,Dividends,2016,Current Dollars,Level,6,"106,272",T30200
T30200,W053RC,15,Dividends,2017,Current Dollars,Level,6,"103,712",T30200
T30200,W053RC,15,Dividends,2018,Current Dollars,Level,6,"79,023",T30200
T30200,W053RC,15,Dividends,2019,Current Dollars,Level,6,"63,823",T30200
T30200,W053RC,15,Dividends,2020,Current Dollars,Level,6,"87,046",T30200
T30200,W053RC,15,Dividends,2021,Current Dollars,Level,6,"109,211",T30200
T30200,W053RC,15,Dividends,2022,Current Dollars,Level,6,"59,590",T30200
T30200,W053RC,15,Dividends,2023,Current Dollars,Level,6,147,T30200
T30200,W053RC,15,Dividends,2024,Current Dollars,Level,6,148,T30200
T30200,W053RC,15,Dividends,2025,Current Dollars,Level,6,"6,118",T30200
T30200,LA000248,16,Federal Reserve banks,1929,Current Dollars,Level,6,4,T30200
T30200,LA000248,16,Federal Reserve banks,1930,Current Dollars,Level,6,0,T30200
T30200,LA000248,16,Federal Reserve banks,1931,Current Dollars,Level,6,0,T30200
T30200,LA000248,16,Federal Reserve banks,1932,Current Dollars,Level,6,2,T30200
T30200,LA000248,16,Federal Reserve banks,1933,Current Dollars,Level,6,0,T30200
T30200,LA000248,16,Federal Reserve banks,1934,Current Dollars,Level,6,0,T30200
T30200,LA000248,16,Federal Reserve banks,1935,Current Dollars,Level,6,0,T30200
T30200,LA000248,16,Federal Reserve banks,1936,Current Dollars,Level,6,0,T30200
T30200,LA000248,16,Federal Reserve banks,1937,Current Dollars,Level,6,0,T30200
T30200,LA000248,16,Federal Reserve banks,1938,Current Dollars,Level,6,0,T30200
T30200,LA000248,16,Federal Reserve banks,1939,Current Dollars,Level,6,0,T30200
T30200,LA000248,16,Federal Reserve banks,1940,Current Dollars,Level,6,0,T30200
T30200,LA000248,16,Federal Reserve banks,1941,Current Dollars,Level,6,0,T30200
T30200,LA000248,16,Federal Reserve banks,1942,Current Dollars,Level,6,0,T30200
T30200,LA000248,16,Federal Reserve banks,1943,Current Dollars,Level,6,0,T30200
T30200,LA000248,16,Federal Reserve banks,1944,Current Dollars,Level,6,0,T30200
T30200,LA000248,16,Federal Reserve banks,1945,Current Dollars,Level,6,0,T30200
T30200,LA000248,16,Federal Reserve banks,1946,Current Dollars,Level,6,0,T30200
T30200,LA000248,16,Federal Reserve banks,1947,Current Dollars,Level,6,75,T30200
T30200,LA000248,16,Federal Reserve banks,1948,Current Dollars,Level,6,167,T30200
T30200,LA000248,16,Federal Reserve banks,1949,Current Dollars,Level,6,193,T30200
T30200,LA000248,16,Federal Reserve banks,1950,Current Dollars,Level,6,197,T30200
T30200,LA000248,16,Federal Reserve banks,1951,Current Dollars,Level,6,255,T30200
T30200,LA000248,16,Federal Reserve banks,1952,Current Dollars,Level,6,292,T30200
T30200,LA000248,16,Federal Reserve banks,1953,Current Dollars,Level,6,343,T30200
T30200,LA000248,16,Federal Reserve banks,1954,Current Dollars,Level,6,276,T30200
T30200,LA000248,16,Federal Reserve banks,1955,Current Dollars,Level,6,252,T30200
T30200,LA000248,16,Federal Reserve banks,1956,Current Dollars,Level,6,402,T30200
T30200,LA000248,16,Federal Reserve banks,1957,Current Dollars,Level,6,543,T30200
T30200,LA000248,16,Federal Reserve banks,1958,Current Dollars,Level,6,524,T30200
T30200,LA000248,16,Federal Reserve banks,1959,Current Dollars,Level,6,911,T30200
T30200,LA000248,16,Federal Reserve banks,1960,Current Dollars,Level,6,897,T30200
T30200,LA000248,16,Federal Reserve banks,1961,Current Dollars,Level,6,687,T30200
T30200,LA000248,16,Federal Reserve banks,1962,Current Dollars,Level,6,799,T30200
T30200,LA000248,16,Federal Reserve banks,1963,Current Dollars,Level,6,880,T30200
T30200,LA000248,16,Federal Reserve banks,1964,Current Dollars,Level,6,"1,582",T30200
T30200,LA000248,16,Federal Reserve banks,1965,Current Dollars,Level,6,"1,297",T30200
T30200,LA000248,16,Federal Reserve banks,1966,Current Dollars,Level,6,"1,649",T30200
T30200,LA000248,16,Federal Reserve banks,1967,Current Dollars,Level,6,"1,907",T30200
T30200,LA000248,16,Federal Reserve banks,1968,Current Dollars,Level,6,"2,464",T30200
T30200,LA000248,16,Federal Reserve banks,1969,Current Dollars,Level,6,"3,019",T30200
T30200,LA000248,16,Federal Reserve banks,1970,Current Dollars,Level,6,"3,494",T30200
T30200,LA000248,16,Federal Reserve banks,1971,Current Dollars,Level,6,"3,357",T30200
T30200,LA000248,16,Federal Reserve banks,1972,Current Dollars,Level,6,"3,231",T30200
T30200,LA000248,16,Federal Reserve banks,1973,Current Dollars,Level,6,"4,341",T30200
T30200,LA000248,16,Federal Reserve banks,1974,Current Dollars,Level,6,"5,550",T30200
T30200,LA000248,16,Federal Reserve banks,1975,Current Dollars,Level,6,"5,382",T30200
T30200,LA000248,16,Federal Reserve banks,1976,Current Dollars,Level,6,"5,870",T30200
T30200,LA000248,16,Federal Reserve banks,1977,Current Dollars,Level,6,"5,937",T30200
T30200,LA000248,16,Federal Reserve banks,1978,Current Dollars,Level,6,"7,006",T30200
T30200,LA000248,16,Federal Reserve banks,1979,Current Dollars,Level,6,"9,279",T30200
T30200,LA000248,16,Federal Reserve banks,1980,Current Dollars,Level,6,"11,706",T30200
T30200,LA000248,16,Federal Reserve banks,1981,Current Dollars,Level,6,"14,024",T30200
T30200,LA000248,16,Federal Reserve banks,1982,Current Dollars,Level,6,"15,205",T30200
T30200,LA000248,16,Federal Reserve banks,1983,Current Dollars,Level,6,"14,229",T30200
T30200,LA000248,16,Federal Reserve banks,1984,Current Dollars,Level,6,"16,054",T30200
T30200,LA000248,16,Federal Reserve banks,1985,Current Dollars,Level,6,"17,796",T30200
T30200,LA000248,16,Federal Reserve banks,1986,Current Dollars,Level,6,"17,804",T30200
T30200,LA000248,16,Federal Reserve banks,1987,Current Dollars,Level,6,"17,739",T30200
T30200,LA000248,16,Federal Reserve banks,1988,Current Dollars,Level,6,"17,364",T30200
T30200,LA000248,16,Federal Reserve banks,1989,Current Dollars,Level,6,"21,646",T30200
T30200,LA000248,16,Federal Reserve banks,1990,Current Dollars,Level,6,"23,608",T30200
T30200,LA000248,16,Federal Reserve banks,1991,Current Dollars,Level,6,"20,778",T30200
T30200,LA000248,16,Federal Reserve banks,1992,Current Dollars,Level,6,"16,774",T30200
T30200,LA000248,16,Federal Reserve banks,1993,Current Dollars,Level,6,"15,987",T30200
T30200,LA000248,16,Federal Reserve banks,1994,Current Dollars,Level,6,"20,470",T30200
T30200,LA000248,16,Federal Reserve banks,1995,Current Dollars,Level,6,"23,389",T30200
T30200,LA000248,16,Federal Reserve banks,1996,Current Dollars,Level,6,"20,083",T30200
T30200,LA000248,16,Federal Reserve banks,1997,Current Dollars,Level,6,"20,659",T30200
T30200,LA000248,16,Federal Reserve banks,1998,Current Dollars,Level,6,"26,561",T30200
T30200,LA000248,16,Federal Reserve banks,1999,Current Dollars,Level,6,"25,410",T30200
T30200,LA000248,16,Federal Reserve banks,2000,Current Dollars,Level,6,"25,344",T30200
T30200,LA000248,16,Federal Reserve banks,2001,Current Dollars,Level,6,"27,089",T30200
T30200,LA000248,16,Federal Reserve banks,2002,Current Dollars,Level,6,"24,495",T30200
T30200,LA000248,16,Federal Reserve banks,2003,Current Dollars,Level,6,"22,022",T30200
T30200,LA000248,16,Federal Reserve banks,2004,Current Dollars,Level,6,"18,078",T30200
T30200,LA000248,16,Federal Reserve banks,2005,Current Dollars,Level,6,"21,468",T30200
T30200,LA000248,16,Federal Reserve banks,2006,Current Dollars,Level,6,"29,052",T30200
T30200,LA000248,16,Federal Reserve banks,2007,Current Dollars,Level,6,"34,598",T30200
T30200,LA000248,16,Federal Reserve banks,2008,Current Dollars,Level,6,"31,689",T30200
T30200,LA000248,16,Federal Reserve banks,2009,Current Dollars,Level,6,"47,430",T30200
T30200,LA000248,16,Federal Reserve banks,2010,Current Dollars,Level,6,"79,268",T30200
T30200,LA000248,16,Federal Reserve banks,2011,Current Dollars,Level,6,"75,424",T30200
T30200,LA000248,16,Federal Reserve banks,2012,Current Dollars,Level,6,"88,418",T30200
T30200,LA000248,16,Federal Reserve banks,2013,Current Dollars,Level,6,"79,633",T30200
T30200,LA000248,16,Federal Reserve banks,2014,Current Dollars,Level,6,"96,902",T30200
T30200,LA000248,16,Federal Reserve banks,2015,Current Dollars,Level,6,"110,443",T30200
T30200,LA000248,16,Federal Reserve banks,2016,Current Dollars,Level,6,"91,467",T30200
T30200,LA000248,16,Federal Reserve banks,2017,Current Dollars,Level,6,"80,560",T30200
T30200,LA000248,16,Federal Reserve banks,2018,Current Dollars,Level,6,"65,319",T30200
T30200,LA000248,16,Federal Reserve banks,2019,Current Dollars,Level,6,"54,893",T30200
T30200,LA000248,16,Federal Reserve banks,2020,Current Dollars,Level,6,"86,890",T30200
T30200,LA000248,16,Federal Reserve banks,2021,Current Dollars,Level,6,"109,025",T30200
T30200,LA000248,16,Federal Reserve banks,2022,Current Dollars,Level,6,"59,446",T30200
T30200,LA000248,16,Federal Reserve banks,2023,Current Dollars,Level,6,0,T30200
T30200,LA000248,16,Federal Reserve banks,2024,Current Dollars,Level,6,0,T30200
T30200,LA000248,16,Federal Reserve banks,2025,Current Dollars,Level,6,"5,989",T30200
T30200,LA000249,17,Other,2004,Current Dollars,Level,6,60,T30200
T30200,LA000249,17,Other,2005,Current Dollars,Level,6,246,T30200
T30200,LA000249,17,Other,2006,Current Dollars,Level,6,255,T30200
T30200,LA000249,17,Other,2007,Current Dollars,Level,6,220,T30200
T30200,LA000249,17,Other,2008,Current Dollars,Level,6,578,T30200
T30200,LA000249,17,Other,2009,Current Dollars,Level,6,"18,745",T30200
T30200,LA000249,17,Other,2010,Current Dollars,Level,6,"17,032",T30200
T30200,LA000249,17,Other,2011,Current Dollars,Level,6,"18,782",T30200
T30200,LA000249,17,Other,2012,Current Dollars,Level,6,"21,098",T30200
T30200,LA000249,17,Other,2013,Current Dollars,Level,6,"131,285",T30200
T30200,LA000249,17,Other,2014,Current Dollars,Level,6,"40,703",T30200
T30200,LA000249,17,Other,2015,Current Dollars,Level,6,"15,972",T30200
T30200,LA000249,17,Other,2016,Current Dollars,Level,6,"14,805",T30200
T30200,LA000249,17,Other,2017,Current Dollars,Level,6,"23,152",T30200
T30200,LA000249,17,Other,2018,Current Dollars,Level,6,"13,704",T30200
T30200,LA000249,17,Other,2019,Current Dollars,Level,6,"8,930",T30200
T30200,LA000249,17,Other,2020,Current Dollars,Level,6,156,T30200
T30200,LA000249,17,Other,2021,Current Dollars,Level,6,186,T30200
T30200,LA000249,17,Other,2022,Current Dollars,Level,6,144,T30200
T30200,LA000249,17,Other,2023,Current Dollars,Level,6,147,T30200
T30200,LA000249,17,Other,2024,Current Dollars,Level,6,148,T30200
T30200,LA000249,17,Other,2025,Current Dollars,Level,6,129,T30200
T30200,B1040C,18,Rents and royalties,1947,Current Dollars,Level,6,2,"T30200,T30200.5"
T30200,B1040C,18,Rents and royalties,1948,Current Dollars,Level,6,26,"T30200,T30200.5"
T30200,B1040C,18,Rents and royalties,1949,Current Dollars,Level,6,40,"T30200,T30200.5"
T30200,B1040C,18,Rents and royalties,1950,Current Dollars,Level,6,36,"T30200,T30200.5"
T30200,B1040C,18,Rents and royalties,1951,Current Dollars,Level,6,53,"T30200,T30200.5"
T30200,B1040C,18,Rents and royalties,1952,Current Dollars,Level,6,57,"T30200,T30200.5"
T30200,B1040C,18,Rents and royalties,1953,Current Dollars,Level,6,61,"T30200,T30200.5"
T30200,B1040C,18,Rents and royalties,1954,Current Dollars,Level,6,70,"T30200,T30200.5"
T30200,B1040C,18,Rents and royalties,1955,Current Dollars,Level,6,74,"T30200,T30200.5"
T30200,B1040C,18,Rents and royalties,1956,Current Dollars,Level,6,81,"T30200,T30200.5"
T30200,B1040C,18,Rents and royalties,1957,Current Dollars,Level,6,92,"T30200,T30200.5"
T30200,B1040C,18,Rents and royalties,1958,Current Dollars,Level,6,98,"T30200,T30200.5"
T30200,B1040C,18,Rents and royalties,1959,Current Dollars,Level,6,125,"T30200,T30200.5"
T30200,B1040C,18,Rents and royalties,1960,Current Dollars,Level,6,152,"T30200,T30200.5"
T30200,B1040C,18,Rents and royalties,1961,Current Dollars,Level,6,178,"T30200,T30200.5"
T30200,B1040C,18,Rents and royalties,1962,Current Dollars,Level,6,195,"T30200,T30200.5"
T30200,B1040C,18,Rents and royalties,1963,Current Dollars,Level,6,209,"T30200,T30200.5"
T30200,B1040C,18,Rents and royalties,1964,Current Dollars,Level,6,225,"T30200,T30200.5"
T30200,B1040C,18,Rents and royalties,1965,Current Dollars,Level,6,223,"T30200,T30200.5"
T30200,B1040C,18,Rents and royalties,1966,Current Dollars,Level,6,245,"T30200,T30200.5"
T30200,B1040C,18,Rents and royalties,1967,Current Dollars,Level,6,302,"T30200,T30200.5"
T30200,B1040C,18,Rents and royalties,1968,Current Dollars,Level,6,337,"T30200,T30200.5"
T30200,B1040C,18,Rents and royalties,1969,Current Dollars,Level,6,326,"T30200,T30200.5"
T30200,B1040C,18,Rents and royalties,1970,Current Dollars,Level,6,398,"T30200,T30200.5"
T30200,B1040C,18,Rents and royalties,1971,Current Dollars,Level,6,506,"T30200,T30200.5"
T30200,B1040C,18,Rents and royalties,1972,Current Dollars,Level,6,510,"T30200,T30200.5"
T30200,B1040C,18,Rents and royalties,1973,Current Dollars,Level,6,654,"T30200,T30200.5"
T30200,B1040C,18,Rents and royalties,1974,Current Dollars,Level,6,878,"T30200,T30200.5"
T30200,B1040C,18,Rents and royalties,1975,Current Dollars,Level,6,973,"T30200,T30200.5"
T30200,B1040C,18,Rents and royalties,1976,Current Dollars,Level,6,"1,068","T30200,T30200.5"
T30200,B1040C,18,Rents and royalties,1977,Current Dollars,Level,6,"1,287","T30200,T30200.5"
T30200,B1040C,18,Rents and royalties,1978,Current Dollars,Level,6,"1,521","T30200,T30200.5"
T30200,B1040C,18,Rents and royalties,1979,Current Dollars,Level,6,"2,057","T30200,T30200.5"
T30200,B1040C,18,Rents and royalties,1980,Current Dollars,Level,6,"3,049","T30200,T30200.5"
T30200,B1040C,18,Rents and royalties,1981,Current Dollars,Level,6,"4,408","T30200,T30200.5"
T30200,B1040C,18,Rents and royalties,1982,Current Dollars,Level,6,"5,070","T30200,T30200.5"
T30200,B1040C,18,Rents and royalties,1983,Current Dollars,Level,6,"4,344","T30200,T30200.5"
T30200,B1040C,18,Rents and royalties,1984,Current Dollars,Level,6,"4,929","T30200,T30200.5"
T30200,B1040C,18,Rents and royalties,1985,Current Dollars,Level,6,"4,559","T30200,T30200.5"
T30200,B1040C,18,Rents and royalties,1986,Current Dollars,Level,6,"3,272","T30200,T30200.5"
T30200,B1040C,18,Rents and royalties,1987,Current Dollars,Level,6,"3,068","T30200,T30200.5"
T30200,B1040C,18,Rents and royalties,1988,Current Dollars,Level,6,"2,823","T30200,T30200.5"
T30200,B1040C,18,Rents and royalties,1989,Current Dollars,Level,6,"2,987","T30200,T30200.5"
T30200,B1040C,18,Rents and royalties,1990,Current Dollars,Level,6,"3,498","T30200,T30200.5"
T30200,B1040C,18,Rents and royalties,1991,Current Dollars,Level,6,"3,757","T30200,T30200.5"
T30200,B1040C,18,Rents and royalties,1992,Current Dollars,Level,6,"3,459","T30200,T30200.5"
T30200,B1040C,18,Rents and royalties,1993,Current Dollars,Level,6,"3,758","T30200,T30200.5"
T30200,B1040C,18,Rents and royalties,1994,Current Dollars,Level,6,"3,556","T30200,T30200.5"
T30200,B1040C,18,Rents and royalties,1995,Current Dollars,Level,6,"2,969","T30200,T30200.5"
T30200,B1040C,18,Rents and royalties,1996,Current Dollars,Level,6,"4,108","T30200,T30200.5"
T30200,B1040C,18,Rents and royalties,1997,Current Dollars,Level,6,"4,521","T30200,T30200.5"
T30200,B1040C,18,Rents and royalties,1998,Current Dollars,Level,6,"4,211","T30200,T30200.5"
T30200,B1040C,18,Rents and royalties,1999,Current Dollars,Level,6,"4,009","T30200,T30200.5"
T30200,B1040C,18,Rents and royalties,2000,Current Dollars,Level,6,"6,288","T30200,T30200.5"
T30200,B1040C,18,Rents and royalties,2001,Current Dollars,Level,6,"8,392","T30200,T30200.5"
T30200,B1040C,18,Rents and royalties,2002,Current Dollars,Level,6,"6,476","T30200,T30200.5"
T30200,B1040C,18,Rents and royalties,2003,Current Dollars,Level,6,"7,025","T30200,T30200.5"
T30200,B1040C,18,Rents and royalties,2004,Current Dollars,Level,6,"8,658","T30200,T30200.5"
T30200,B1040C,18,Rents and royalties,2005,Current Dollars,Level,6,"9,663","T30200,T30200.5"
T30200,B1040C,18,Rents and royalties,2006,Current Dollars,Level,6,"9,935","T30200,T30200.5"
T30200,B1040C,18,Rents and royalties,2007,Current Dollars,Level,6,"11,112","T30200,T30200.5"
T30200,B1040C,18,Rents and royalties,2008,Current Dollars,Level,6,"13,753","T30200,T30200.5"
T30200,B1040C,18,Rents and royalties,2009,Current Dollars,Level,6,"7,020","T30200,T30200.5"
T30200,B1040C,18,Rents and royalties,2010,Current Dollars,Level,6,"8,005","T30200,T30200.5"
T30200,B1040C,18,Rents and royalties,2011,Current Dollars,Level,6,"9,931","T30200,T30200.5"
T30200,B1040C,18,Rents and royalties,2012,Current Dollars,Level,6,"10,232","T30200,T30200.5"
T30200,B1040C,18,Rents and royalties,2013,Current Dollars,Level,6,"9,314","T30200,T30200.5"
T30200,B1040C,18,Rents and royalties,2014,Current Dollars,Level,6,"10,276","T30200,T30200.5"
T30200,B1040C,18,Rents and royalties,2015,Current Dollars,Level,6,"6,676","T30200,T30200.5"
T30200,B1040C,18,Rents and royalties,2016,Current Dollars,Level,6,"4,803","T30200,T30200.5"
T30200,B1040C,18,Rents and royalties,2017,Current Dollars,Level,6,"6,069","T30200,T30200.5"
T30200,B1040C,18,Rents and royalties,2018,Current Dollars,Level,6,"7,910","T30200,T30200.5"
T30200,B1040C,18,Rents and royalties,2019,Current Dollars,Level,6,"8,342","T30200,T30200.5"
T30200,B1040C,18,Rents and royalties,2020,Current Dollars,Level,6,"5,423","T30200,T30200.5"
T30200,B1040C,18,Rents and royalties,2021,Current Dollars,Level,6,"9,072","T30200,T30200.5"
T30200,B1040C,18,Rents and royalties,2022,Current Dollars,Level,6,"16,837","T30200,T30200.5"
T30200,B1040C,18,Rents and royalties,2023,Current Dollars,Level,6,"14,763","T30200,T30200.5"
T30200,B1040C,18,Rents and royalties,2024,Current Dollars,Level,6,"13,648","T30200,T30200.5"
T30200,B1040C,18,Rents and royalties,2025,Current Dollars,Level,6,"13,464","T30200,T30200.5"
T30200,W011RC,19,Current transfer receipts,1929,Current Dollars,Level,6,80,T30200
T30200,W011RC,19,Current transfer receipts,1930,Current Dollars,Level,6,85,T30200
T30200,W011RC,19,Current transfer receipts,1931,Current Dollars,Level,6,69,T30200
T30200,W011RC,19,Current transfer receipts,1932,Current Dollars,Level,6,59,T30200
T30200,W011RC,19,Current transfer receipts,1933,Current Dollars,Level,6,52,T30200
T30200,W011RC,19,Current transfer receipts,1934,Current Dollars,Level,6,50,T30200
T30200,W011RC,19,Current transfer receipts,1935,Current Dollars,Level,6,65,T30200
T30200,W011RC,19,Current transfer receipts,1936,Current Dollars,Level,6,93,T30200
T30200,W011RC,19,Current transfer receipts,1937,Current Dollars,Level,6,103,T30200
T30200,W011RC,19,Current transfer receipts,1938,Current Dollars,Level,6,105,T30200
T30200,W011RC,19,Current transfer receipts,1939,Current Dollars,Level,6,102,T30200
T30200,W011RC,19,Current transfer receipts,1940,Current Dollars,Level,6,111,T30200
T30200,W011RC,19,Current transfer receipts,1941,Current Dollars,Level,6,130,T30200
T30200,W011RC,19,Current transfer receipts,1942,Current Dollars,Level,6,170,T30200
T30200,W011RC,19,Current transfer receipts,1943,Current Dollars,Level,6,265,T30200
T30200,W011RC,19,Current transfer receipts,1944,Current Dollars,Level,6,413,T30200
T30200,W011RC,19,Current transfer receipts,1945,Current Dollars,Level,6,434,T30200
T30200,W011RC,19,Current transfer receipts,1946,Current Dollars,Level,6,305,T30200
T30200,W011RC,19,Current transfer receipts,1947,Current Dollars,Level,6,302,T30200
T30200,W011RC,19,Current transfer receipts,1948,Current Dollars,Level,6,292,T30200
T30200,W011RC,19,Current transfer receipts,1949,Current Dollars,Level,6,280,T30200
T30200,W011RC,19,Current transfer receipts,1950,Current Dollars,Level,6,187,T30200
T30200,W011RC,19,Current transfer receipts,1951,Current Dollars,Level,6,211,T30200
T30200,W011RC,19,Current transfer receipts,1952,Current Dollars,Level,6,226,T30200
T30200,W011RC,19,Current transfer receipts,1953,Current Dollars,Level,6,232,T30200
T30200,W011RC,19,Current transfer receipts,1954,Current Dollars,Level,6,239,T30200
T30200,W011RC,19,Current transfer receipts,1955,Current Dollars,Level,6,247,T30200
T30200,W011RC,19,Current transfer receipts,1956,Current Dollars,Level,6,287,T30200
T30200,W011RC,19,Current transfer receipts,1957,Current Dollars,Level,6,280,T30200
T30200,W011RC,19,Current transfer receipts,1958,Current Dollars,Level,6,289,T30200
T30200,W011RC,19,Current transfer receipts,1959,Current Dollars,Level,6,273,T30200
T30200,W011RC,19,Current transfer receipts,1960,Current Dollars,Level,6,302,T30200
T30200,W011RC,19,Current transfer receipts,1961,Current Dollars,Level,6,357,T30200
T30200,W011RC,19,Current transfer receipts,1962,Current Dollars,Level,6,394,T30200
T30200,W011RC,19,Current transfer receipts,1963,Current Dollars,Level,6,463,T30200
T30200,W011RC,19,Current transfer receipts,1964,Current Dollars,Level,6,617,T30200
T30200,W011RC,19,Current transfer receipts,1965,Current Dollars,Level,6,937,T30200
T30200,W011RC,19,Current transfer receipts,1966,Current Dollars,Level,6,"1,019",T30200
T30200,W011RC,19,Current transfer receipts,1967,Current Dollars,Level,6,968,T30200
T30200,W011RC,19,Current transfer receipts,1968,Current Dollars,Level,6,953,T30200
T30200,W011RC,19,Current transfer receipts,1969,Current Dollars,Level,6,998,T30200
T30200,W011RC,19,Current transfer receipts,1970,Current Dollars,Level,6,959,T30200
T30200,W011RC,19,Current transfer receipts,1971,Current Dollars,Level,6,928,T30200
T30200,W011RC,19,Current transfer receipts,1972,Current Dollars,Level,6,"1,120",T30200
T30200,W011RC,19,Current transfer receipts,1973,Current Dollars,Level,6,"1,048",T30200
T30200,W011RC,19,Current transfer receipts,1974,Current Dollars,Level,6,"1,081",T30200
T30200,W011RC,19,Current transfer receipts,1975,Current Dollars,Level,6,"1,106",T30200
T30200,W011RC,19,Current transfer receipts,1976,Current Dollars,Level,6,"1,223",T30200
T30200,W011RC,19,Current transfer receipts,1977,Current Dollars,Level,6,"1,577",T30200
T30200,W011RC,19,Current transfer receipts,1978,Current Dollars,Level,6,"2,228",T30200
T30200,W011RC,19,Current transfer receipts,1979,Current Dollars,Level,6,"2,543",T30200
T30200,W011RC,19,Current transfer receipts,1980,Current Dollars,Level,6,"3,142",T30200
T30200,W011RC,19,Current transfer receipts,1981,Current Dollars,Level,6,"3,128",T30200
T30200,W011RC,19,Current transfer receipts,1982,Current Dollars,Level,6,"4,381",T30200
T30200,W011RC,19,Current transfer receipts,1983,Current Dollars,Level,6,"5,220",T30200
T30200,W011RC,19,Current transfer receipts,1984,Current Dollars,Level,6,"6,274",T30200
T30200,W011RC,19,Current transfer receipts,1985,Current Dollars,Level,6,"8,596",T30200
T30200,W011RC,19,Current transfer receipts,1986,Current Dollars,Level,6,"7,611",T30200
T30200,W011RC,19,Current transfer receipts,1987,Current Dollars,Level,6,"10,206",T30200
T30200,W011RC,19,Current transfer receipts,1988,Current Dollars,Level,6,"9,607",T30200
T30200,W011RC,19,Current transfer receipts,1989,Current Dollars,Level,6,"11,787",T30200
T30200,W011RC,19,Current transfer receipts,1990,Current Dollars,Level,6,"13,309",T30200
T30200,W011RC,19,Current transfer receipts,1991,Current Dollars,Level,6,"17,187",T30200
T30200,W011RC,19,Current transfer receipts,1992,Current Dollars,Level,6,"18,419",T30200
T30200,W011RC,19,Current transfer receipts,1993,Current Dollars,Level,6,"20,154",T30200
T30200,W011RC,19,Current transfer receipts,1994,Current Dollars,Level,6,"21,591",T30200
T30200,W011RC,19,Current transfer receipts,1995,Current Dollars,Level,6,"17,536",T30200
T30200,W011RC,19,Current transfer receipts,1996,Current Dollars,Level,6,"22,727",T30200
T30200,W011RC,19,Current transfer receipts,1997,Current Dollars,Level,6,"20,064",T30200
T30200,W011RC,19,Current transfer receipts,1998,Current Dollars,Level,6,"21,466",T30200
T30200,W011RC,19,Current transfer receipts,1999,Current Dollars,Level,6,"23,431",T30200
T30200,W011RC,19,Current transfer receipts,2000,Current Dollars,Level,6,"24,933",T30200
T30200,W011RC,19,Current transfer receipts,2001,Current Dollars,Level,6,"25,727",T30200
T30200,W011RC,19,Current transfer receipts,2002,Current Dollars,Level,6,"24,971",T30200
T30200,W011RC,19,Current transfer receipts,2003,Current Dollars,Level,6,"26,232",T30200
T30200,W011RC,19,Current transfer receipts,2004,Current Dollars,Level,6,"29,566",T30200
T30200,W011RC,19,Current transfer receipts,2005,Current Dollars,Level,6,"32,622",T30200
T30200,W011RC,19,Current transfer receipts,2006,Current Dollars,Level,6,"37,033",T30200
T30200,W011RC,19,Current transfer receipts,2007,Current Dollars,Level,6,"41,380",T30200
T30200,W011RC,19,Current transfer receipts,2008,Current Dollars,Level,6,"48,204",T30200
T30200,W011RC,19,Current transfer receipts,2009,Current Dollars,Level,6,"65,684",T30200
T30200,W011RC,19,Current transfer receipts,2010,Current Dollars,Level,6,"66,602",T30200
T30200,W011RC,19,Current transfer receipts,2011,Current Dollars,Level,6,"65,500",T30200
T30200,W011RC,19,Current transfer receipts,2012,Current Dollars,Level,6,"54,322",T30200
T30200,W011RC,19,Current transfer receipts,2013,Current Dollars,Level,6,"63,731",T30200
T30200,W011RC,19,Current transfer receipts,2014,Current Dollars,Level,6,"85,805",T30200
T30200,W011RC,19,Current transfer receipts,2015,Current Dollars,Level,6,"71,617",T30200
T30200,W011RC,19,Current transfer receipts,2016,Current Dollars,Level,6,"73,762",T30200
T30200,W011RC,19,Current transfer receipts,2017,Current Dollars,Level,6,"77,612",T30200
T30200,W011RC,19,Current transfer receipts,2018,Current Dollars,Level,6,"83,041",T30200
T30200,W011RC,19,Current transfer receipts,2019,Current Dollars,Level,6,"70,500",T30200
T30200,W011RC,19,Current transfer receipts,2020,Current Dollars,Level,6,"58,692",T30200
T30200,W011RC,19,Current transfer receipts,2021,Current Dollars,Level,6,"63,639",T30200
T30200,W011RC,19,Current transfer receipts,2022,Current Dollars,Level,6,"72,939",T30200
T30200,W011RC,19,Current transfer receipts,2023,Current Dollars,Level,6,"75,251",T30200
T30200,W011RC,19,Current transfer receipts,2024,Current Dollars,Level,6,"86,411",T30200
T30200,W011RC,19,Current transfer receipts,2025,Current Dollars,Level,6,"83,710",T30200
T30200,W012RC,20,From business,1929,Current Dollars,Level,6,56,T30200
T30200,W012RC,20,From business,1930,Current Dollars,Level,6,56,T30200
T30200,W012RC,20,From business,1931,Current Dollars,Level,6,49,T30200
T30200,W012RC,20,From business,1932,Current Dollars,Level,6,43,T30200
T30200,W012RC,20,From business,1933,Current Dollars,Level,6,36,T30200
T30200,W012RC,20,From business,1934,Current Dollars,Level,6,37,T30200
T30200,W012RC,20,From business,1935,Current Dollars,Level,6,51,T30200
T30200,W012RC,20,From business,1936,Current Dollars,Level,6,76,T30200
T30200,W012RC,20,From business,1937,Current Dollars,Level,6,82,T30200
T30200,W012RC,20,From business,1938,Current Dollars,Level,6,85,T30200
T30200,W012RC,20,From business,1939,Current Dollars,Level,6,87,T30200
T30200,W012RC,20,From business,1940,Current Dollars,Level,6,95,T30200
T30200,W012RC,20,From business,1941,Current Dollars,Level,6,109,T30200
T30200,W012RC,20,From business,1942,Current Dollars,Level,6,128,T30200
T30200,W012RC,20,From business,1943,Current Dollars,Level,6,186,T30200
T30200,W012RC,20,From business,1944,Current Dollars,Level,6,305,T30200
T30200,W012RC,20,From business,1945,Current Dollars,Level,6,316,T30200
T30200,W012RC,20,From business,1946,Current Dollars,Level,6,208,T30200
T30200,W012RC,20,From business,1947,Current Dollars,Level,6,262,T30200
T30200,W012RC,20,From business,1948,Current Dollars,Level,6,258,T30200
T30200,W012RC,20,From business,1949,Current Dollars,Level,6,245,T30200
T30200,W012RC,20,From business,1950,Current Dollars,Level,6,155,T30200
T30200,W012RC,20,From business,1951,Current Dollars,Level,6,165,T30200
T30200,W012RC,20,From business,1952,Current Dollars,Level,6,173,T30200
T30200,W012RC,20,From business,1953,Current Dollars,Level,6,168,T30200
T30200,W012RC,20,From business,1954,Current Dollars,Level,6,176,T30200
T30200,W012RC,20,From business,1955,Current Dollars,Level,6,197,T30200
T30200,W012RC,20,From business,1956,Current Dollars,Level,6,232,T30200
T30200,W012RC,20,From business,1957,Current Dollars,Level,6,235,T30200
T30200,W012RC,20,From business,1958,Current Dollars,Level,6,242,T30200
T30200,W012RC,20,From business,1959,Current Dollars,Level,6,229,T30200
T30200,W012RC,20,From business,1960,Current Dollars,Level,6,261,T30200
T30200,W012RC,20,From business,1961,Current Dollars,Level,6,312,T30200
T30200,W012RC,20,From business,1962,Current Dollars,Level,6,342,T30200
T30200,W012RC,20,From business,1963,Current Dollars,Level,6,406,T30200
T30200,W012RC,20,From business,1964,Current Dollars,Level,6,559,T30200
T30200,W012RC,20,From business,1965,Current Dollars,Level,6,885,T30200
T30200,W012RC,20,From business,1966,Current Dollars,Level,6,971,T30200
T30200,W012RC,20,From business,1967,Current Dollars,Level,6,909,T30200
T30200,W012RC,20,From business,1968,Current Dollars,Level,6,911,T30200
T30200,W012RC,20,From business,1969,Current Dollars,Level,6,937,T30200
T30200,W012RC,20,From business,1970,Current Dollars,Level,6,871,T30200
T30200,W012RC,20,From business,1971,Current Dollars,Level,6,863,T30200
T30200,W012RC,20,From business,1972,Current Dollars,Level,6,985,T30200
T30200,W012RC,20,From business,1973,Current Dollars,Level,6,920,T30200
T30200,W012RC,20,From business,1974,Current Dollars,Level,6,966,T30200
T30200,W012RC,20,From business,1975,Current Dollars,Level,6,981,T30200
T30200,W012RC,20,From business,1976,Current Dollars,Level,6,"1,077",T30200
T30200,W012RC,20,From business,1977,Current Dollars,Level,6,"1,409",T30200
T30200,W012RC,20,From business,1978,Current Dollars,Level,6,"2,045",T30200
T30200,W012RC,20,From business,1979,Current Dollars,Level,6,"2,358",T30200
T30200,W012RC,20,From business,1980,Current Dollars,Level,6,"2,910",T30200
T30200,W012RC,20,From business,1981,Current Dollars,Level,6,"2,869",T30200
T30200,W012RC,20,From business,1982,Current Dollars,Level,6,"3,681",T30200
T30200,W012RC,20,From business,1983,Current Dollars,Level,6,"4,240",T30200
T30200,W012RC,20,From business,1984,Current Dollars,Level,6,"5,246",T30200
T30200,W012RC,20,From business,1985,Current Dollars,Level,6,"7,401",T30200
T30200,W012RC,20,From business,1986,Current Dollars,Level,6,"6,293",T30200
T30200,W012RC,20,From business,1987,Current Dollars,Level,6,"8,177",T30200
T30200,W012RC,20,From business,1988,Current Dollars,Level,6,"6,778",T30200
T30200,W012RC,20,From business,1989,Current Dollars,Level,6,"8,701",T30200
T30200,W012RC,20,From business,1990,Current Dollars,Level,6,"9,896",T30200
T30200,W012RC,20,From business,1991,Current Dollars,Level,6,"13,304",T30200
T30200,W012RC,20,From business,1992,Current Dollars,Level,6,"14,316",T30200
T30200,W012RC,20,From business,1993,Current Dollars,Level,6,"15,112",T30200
T30200,W012RC,20,From business,1994,Current Dollars,Level,6,"15,948",T30200
T30200,W012RC,20,From business,1995,Current Dollars,Level,6,"11,362",T30200
T30200,W012RC,20,From business,1996,Current Dollars,Level,6,"15,558",T30200
T30200,W012RC,20,From business,1997,Current Dollars,Level,6,"12,144",T30200
T30200,W012RC,20,From business,1998,Current Dollars,Level,6,"12,693",T30200
T30200,W012RC,20,From business,1999,Current Dollars,Level,6,"12,441",T30200
T30200,W012RC,20,From business,2000,Current Dollars,Level,6,"13,357",T30200
T30200,W012RC,20,From business,2001,Current Dollars,Level,6,"14,041",T30200
T30200,W012RC,20,From business,2002,Current Dollars,Level,6,"13,674",T30200
T30200,W012RC,20,From business,2003,Current Dollars,Level,6,"14,467",T30200
T30200,W012RC,20,From business,2004,Current Dollars,Level,6,"15,597",T30200
T30200,W012RC,20,From business,2005,Current Dollars,Level,6,"15,761",T30200
T30200,W012RC,20,From business,2006,Current Dollars,Level,6,"18,370",T30200
T30200,W012RC,20,From business,2007,Current Dollars,Level,6,"20,185",T30200
T30200,W012RC,20,From business,2008,Current Dollars,Level,6,"25,520",T30200
T30200,W012RC,20,From business,2009,Current Dollars,Level,6,"42,919",T30200
T30200,W012RC,20,From business,2010,Current Dollars,Level,6,"42,226",T30200
T30200,W012RC,20,From business,2011,Current Dollars,Level,6,"43,440",T30200
T30200,W012RC,20,From business,2012,Current Dollars,Level,6,"26,795",T30200
T30200,W012RC,20,From business,2013,Current Dollars,Level,6,"36,343",T30200
T30200,W012RC,20,From business,2014,Current Dollars,Level,6,"53,586",T30200
T30200,W012RC,20,From business,2015,Current Dollars,Level,6,"42,610",T30200
T30200,W012RC,20,From business,2016,Current Dollars,Level,6,"45,011",T30200
T30200,W012RC,20,From business,2017,Current Dollars,Level,6,"43,113",T30200
T30200,W012RC,20,From business,2018,Current Dollars,Level,6,"46,914",T30200
T30200,W012RC,20,From business,2019,Current Dollars,Level,6,"37,621",T30200
T30200,W012RC,20,From business,2020,Current Dollars,Level,6,"38,965",T30200
T30200,W012RC,20,From business,2021,Current Dollars,Level,6,"39,081",T30200
T30200,W012RC,20,From business,2022,Current Dollars,Level,6,"46,216",T30200
T30200,W012RC,20,From business,2023,Current Dollars,Level,6,"44,887",T30200
T30200,W012RC,20,From business,2024,Current Dollars,Level,6,"58,029",T30200
T30200,W012RC,20,From business,2025,Current Dollars,Level,6,"56,228",T30200
T30200,B233RC,21,From persons,1929,Current Dollars,Level,6,24,T30200
T30200,B233RC,21,From persons,1930,Current Dollars,Level,6,29,T30200
T30200,B233RC,21,From persons,1931,Current Dollars,Level,6,20,T30200
T30200,B233RC,21,From persons,1932,Current Dollars,Level,6,16,T30200
T30200,B233RC,21,From persons,1933,Current Dollars,Level,6,16,T30200
T30200,B233RC,21,From persons,1934,Current Dollars,Level,6,13,T30200
T30200,B233RC,21,From persons,1935,Current Dollars,Level,6,14,T30200
T30200,B233RC,21,From persons,1936,Current Dollars,Level,6,17,T30200
T30200,B233RC,21,From persons,1937,Current Dollars,Level,6,21,T30200
T30200,B233RC,21,From persons,1938,Current Dollars,Level,6,20,T30200
T30200,B233RC,21,From persons,1939,Current Dollars,Level,6,15,T30200
T30200,B233RC,21,From persons,1940,Current Dollars,Level,6,16,T30200
T30200,B233RC,21,From persons,1941,Current Dollars,Level,6,21,T30200
T30200,B233RC,21,From persons,1942,Current Dollars,Level,6,42,T30200
T30200,B233RC,21,From persons,1943,Current Dollars,Level,6,79,T30200
T30200,B233RC,21,From persons,1944,Current Dollars,Level,6,108,T30200
T30200,B233RC,21,From persons,1945,Current Dollars,Level,6,118,T30200
T30200,B233RC,21,From persons,1946,Current Dollars,Level,6,97,T30200
T30200,B233RC,21,From persons,1947,Current Dollars,Level,6,40,T30200
T30200,B233RC,21,From persons,1948,Current Dollars,Level,6,34,T30200
T30200,B233RC,21,From persons,1949,Current Dollars,Level,6,35,T30200
T30200,B233RC,21,From persons,1950,Current Dollars,Level,6,32,T30200
T30200,B233RC,21,From persons,1951,Current Dollars,Level,6,46,T30200
T30200,B233RC,21,From persons,1952,Current Dollars,Level,6,53,T30200
T30200,B233RC,21,From persons,1953,Current Dollars,Level,6,64,T30200
T30200,B233RC,21,From persons,1954,Current Dollars,Level,6,63,T30200
T30200,B233RC,21,From persons,1955,Current Dollars,Level,6,50,T30200
T30200,B233RC,21,From persons,1956,Current Dollars,Level,6,55,T30200
T30200,B233RC,21,From persons,1957,Current Dollars,Level,6,45,T30200
T30200,B233RC,21,From persons,1958,Current Dollars,Level,6,47,T30200
T30200,B233RC,21,From persons,1959,Current Dollars,Level,6,44,T30200
T30200,B233RC,21,From persons,1960,Current Dollars,Level,6,41,T30200
T30200,B233RC,21,From persons,1961,Current Dollars,Level,6,45,T30200
T30200,B233RC,21,From persons,1962,Current Dollars,Level,6,52,T30200
T30200,B233RC,21,From persons,1963,Current Dollars,Level,6,57,T30200
T30200,B233RC,21,From persons,1964,Current Dollars,Level,6,58,T30200
T30200,B233RC,21,From persons,1965,Current Dollars,Level,6,52,T30200
T30200,B233RC,21,From persons,1966,Current Dollars,Level,6,48,T30200
T30200,B233RC,21,From persons,1967,Current Dollars,Level,6,59,T30200
T30200,B233RC,21,From persons,1968,Current Dollars,Level,6,42,T30200
T30200,B233RC,21,From persons,1969,Current Dollars,Level,6,61,T30200
T30200,B233RC,21,From persons,1970,Current Dollars,Level,6,88,T30200
T30200,B233RC,21,From persons,1971,Current Dollars,Level,6,65,T30200
T30200,B233RC,21,From persons,1972,Current Dollars,Level,6,135,T30200
T30200,B233RC,21,From persons,1973,Current Dollars,Level,6,128,T30200
T30200,B233RC,21,From persons,1974,Current Dollars,Level,6,115,T30200
T30200,B233RC,21,From persons,1975,Current Dollars,Level,6,125,T30200
T30200,B233RC,21,From persons,1976,Current Dollars,Level,6,146,T30200
T30200,B233RC,21,From persons,1977,Current Dollars,Level,6,168,T30200
T30200,B233RC,21,From persons,1978,Current Dollars,Level,6,183,T30200
T30200,B233RC,21,From persons,1979,Current Dollars,Level,6,185,T30200
T30200,B233RC,21,From persons,1980,Current Dollars,Level,6,232,T30200
T30200,B233RC,21,From persons,1981,Current Dollars,Level,6,259,T30200
T30200,B233RC,21,From persons,1982,Current Dollars,Level,6,700,T30200
T30200,B233RC,21,From persons,1983,Current Dollars,Level,6,980,T30200
T30200,B233RC,21,From persons,1984,Current Dollars,Level,6,"1,028",T30200
T30200,B233RC,21,From persons,1985,Current Dollars,Level,6,"1,195",T30200
T30200,B233RC,21,From persons,1986,Current Dollars,Level,6,"1,318",T30200
T30200,B233RC,21,From persons,1987,Current Dollars,Level,6,"2,029",T30200
T30200,B233RC,21,From persons,1988,Current Dollars,Level,6,"2,829",T30200
T30200,B233RC,21,From persons,1989,Current Dollars,Level,6,"3,086",T30200
T30200,B233RC,21,From persons,1990,Current Dollars,Level,6,"3,413",T30200
T30200,B233RC,21,From persons,1991,Current Dollars,Level,6,"3,883",T30200
T30200,B233RC,21,From persons,1992,Current Dollars,Level,6,"4,103",T30200
T30200,B233RC,21,From persons,1993,Current Dollars,Level,6,"5,042",T30200
T30200,B233RC,21,From persons,1994,Current Dollars,Level,6,"5,643",T30200
T30200,B233RC,21,From persons,1995,Current Dollars,Level,6,"6,174",T30200
T30200,B233RC,21,From persons,1996,Current Dollars,Level,6,"7,169",T30200
T30200,B233RC,21,From persons,1997,Current Dollars,Level,6,"7,920",T30200
T30200,B233RC,21,From persons,1998,Current Dollars,Level,6,"8,773",T30200
T30200,B233RC,21,From persons,1999,Current Dollars,Level,6,"9,829",T30200
T30200,B233RC,21,From persons,2000,Current Dollars,Level,6,"10,726",T30200
T30200,B233RC,21,From persons,2001,Current Dollars,Level,6,"10,881",T30200
T30200,B233RC,21,From persons,2002,Current Dollars,Level,6,"10,754",T30200
T30200,B233RC,21,From persons,2003,Current Dollars,Level,6,"11,040",T30200
T30200,B233RC,21,From persons,2004,Current Dollars,Level,6,"13,155",T30200
T30200,B233RC,21,From persons,2005,Current Dollars,Level,6,"15,117",T30200
T30200,B233RC,21,From persons,2006,Current Dollars,Level,6,"17,358",T30200
T30200,B233RC,21,From persons,2007,Current Dollars,Level,6,"19,509",T30200
T30200,B233RC,21,From persons,2008,Current Dollars,Level,6,"19,495",T30200
T30200,B233RC,21,From persons,2009,Current Dollars,Level,6,"19,523",T30200
T30200,B233RC,21,From persons,2010,Current Dollars,Level,6,"20,622",T30200
T30200,B233RC,21,From persons,2011,Current Dollars,Level,6,"20,014",T30200
T30200,B233RC,21,From persons,2012,Current Dollars,Level,6,"21,024",T30200
T30200,B233RC,21,From persons,2013,Current Dollars,Level,6,"19,638",T30200
T30200,B233RC,21,From persons,2014,Current Dollars,Level,6,"20,252",T30200
T30200,B233RC,21,From persons,2015,Current Dollars,Level,6,"22,441",T30200
T30200,B233RC,21,From persons,2016,Current Dollars,Level,6,"24,357",T30200
T30200,B233RC,21,From persons,2017,Current Dollars,Level,6,"24,780",T30200
T30200,B233RC,21,From persons,2018,Current Dollars,Level,6,"26,116",T30200
T30200,B233RC,21,From persons,2019,Current Dollars,Level,6,"25,863",T30200
T30200,B233RC,21,From persons,2020,Current Dollars,Level,6,"16,668",T30200
T30200,B233RC,21,From persons,2021,Current Dollars,Level,6,"20,510",T30200
T30200,B233RC,21,From persons,2022,Current Dollars,Level,6,"23,135",T30200
T30200,B233RC,21,From persons,2023,Current Dollars,Level,6,"23,727",T30200
T30200,B233RC,21,From persons,2024,Current Dollars,Level,6,"25,361",T30200
T30200,B233RC,21,From persons,2025,Current Dollars,Level,6,"25,920",T30200
T30200,LA000028,22,From the rest of the world,1999,Current Dollars,Level,6,"1,161","T30200,T30200.6"
T30200,LA000028,22,From the rest of the world,2000,Current Dollars,Level,6,850,"T30200,T30200.6"
T30200,LA000028,22,From the rest of the world,2001,Current Dollars,Level,6,805,"T30200,T30200.6"
T30200,LA000028,22,From the rest of the world,2002,Current Dollars,Level,6,543,"T30200,T30200.6"
T30200,LA000028,22,From the rest of the world,2003,Current Dollars,Level,6,725,"T30200,T30200.6"
T30200,LA000028,22,From the rest of the world,2004,Current Dollars,Level,6,814,"T30200,T30200.6"
T30200,LA000028,22,From the rest of the world,2005,Current Dollars,Level,6,"1,744","T30200,T30200.6"
T30200,LA000028,22,From the rest of the world,2006,Current Dollars,Level,6,"1,305","T30200,T30200.6"
T30200,LA000028,22,From the rest of the world,2007,Current Dollars,Level,6,"1,686","T30200,T30200.6"
T30200,LA000028,22,From the rest of the world,2008,Current Dollars,Level,6,"3,189","T30200,T30200.6"
T30200,LA000028,22,From the rest of the world,2009,Current Dollars,Level,6,"3,242","T30200,T30200.6"
T30200,LA000028,22,From the rest of the world,2010,Current Dollars,Level,6,"3,754","T30200,T30200.6"
T30200,LA000028,22,From the rest of the world,2011,Current Dollars,Level,6,"2,046","T30200,T30200.6"
T30200,LA000028,22,From the rest of the world,2012,Current Dollars,Level,6,"6,503","T30200,T30200.6"
T30200,LA000028,22,From the rest of the world,2013,Current Dollars,Level,6,"7,750","T30200,T30200.6"
T30200,LA000028,22,From the rest of the world,2014,Current Dollars,Level,6,"11,967","T30200,T30200.6"
T30200,LA000028,22,From the rest of the world,2015,Current Dollars,Level,6,"6,566","T30200,T30200.6"
T30200,LA000028,22,From the rest of the world,2016,Current Dollars,Level,6,"4,394","T30200,T30200.6"
T30200,LA000028,22,From the rest of the world,2017,Current Dollars,Level,6,"9,718","T30200,T30200.6"
T30200,LA000028,22,From the rest of the world,2018,Current Dollars,Level,6,"10,011","T30200,T30200.6"
T30200,LA000028,22,From the rest of the world,2019,Current Dollars,Level,6,"7,015","T30200,T30200.6"
T30200,LA000028,22,From the rest of the world,2020,Current Dollars,Level,6,"3,059","T30200,T30200.6"
T30200,LA000028,22,From the rest of the world,2021,Current Dollars,Level,6,"4,048","T30200,T30200.6"
T30200,LA000028,22,From the rest of the world,2022,Current Dollars,Level,6,"3,588","T30200,T30200.6"
T30200,LA000028,22,From the rest of the world,2023,Current Dollars,Level,6,"6,637","T30200,T30200.6"
T30200,LA000028,22,From the rest of the world,2024,Current Dollars,Level,6,"3,021","T30200,T30200.6"
T30200,LA000028,22,From the rest of the world,2025,Current Dollars,Level,6,"1,562","T30200,T30200.6"
T30200,B097RC,23,Current surplus of government enterprises,1959,Current Dollars,Level,6,-501,"T30200,T30200.7"
T30200,B097RC,23,Current surplus of government enterprises,1960,Current Dollars,Level,6,-696,"T30200,T30200.7"
T30200,B097RC,23,Current surplus of government enterprises,1961,Current Dollars,Level,6,-892,"T30200,T30200.7"
T30200,B097RC,23,Current surplus of government enterprises,1962,Current Dollars,Level,6,-901,"T30200,T30200.7"
T30200,B097RC,23,Current surplus of government enterprises,1963,Current Dollars,Level,6,-716,"T30200,T30200.7"
T30200,B097RC,23,Current surplus of government enterprises,1964,Current Dollars,Level,6,-762,"T30200,T30200.7"
T30200,B097RC,23,Current surplus of government enterprises,1965,Current Dollars,Level,6,-875,"T30200,T30200.7"
T30200,B097RC,23,Current surplus of government enterprises,1966,Current Dollars,Level,6,"-1,195","T30200,T30200.7"
T30200,B097RC,23,Current surplus of government enterprises,1967,Current Dollars,Level,6,"-1,273","T30200,T30200.7"
T30200,B097RC,23,Current surplus of government enterprises,1968,Current Dollars,Level,6,"-1,025","T30200,T30200.7"
T30200,B097RC,23,Current surplus of government enterprises,1969,Current Dollars,Level,6,"-1,263","T30200,T30200.7"
T30200,B097RC,23,Current surplus of government enterprises,1970,Current Dollars,Level,6,"-2,466","T30200,T30200.7"
T30200,B097RC,23,Current surplus of government enterprises,1971,Current Dollars,Level,6,"-2,783","T30200,T30200.7"
T30200,B097RC,23,Current surplus of government enterprises,1972,Current Dollars,Level,6,"-2,377","T30200,T30200.7"
T30200,B097RC,23,Current surplus of government enterprises,1973,Current Dollars,Level,6,"-3,385","T30200,T30200.7"
T30200,B097RC,23,Current surplus of government enterprises,1974,Current Dollars,Level,6,"-3,249","T30200,T30200.7"
T30200,B097RC,23,Current surplus of government enterprises,1975,Current Dollars,Level,6,"-4,416","T30200,T30200.7"
T30200,B097RC,23,Current surplus of government enterprises,1976,Current Dollars,Level,6,"-2,906","T30200,T30200.7"
T30200,B097RC,23,Current surplus of government enterprises,1977,Current Dollars,Level,6,"-3,429","T30200,T30200.7"
T30200,B097RC,23,Current surplus of government enterprises,1978,Current Dollars,Level,6,"-2,895","T30200,T30200.7"
T30200,B097RC,23,Current surplus of government enterprises,1979,Current Dollars,Level,6,"-2,668","T30200,T30200.7"
T30200,B097RC,23,Current surplus of government enterprises,1980,Current Dollars,Level,6,"-3,641","T30200,T30200.7"
T30200,B097RC,23,Current surplus of government enterprises,1981,Current Dollars,Level,6,"-2,614","T30200,T30200.7"
T30200,B097RC,23,Current surplus of government enterprises,1982,Current Dollars,Level,6,"-2,139","T30200,T30200.7"
T30200,B097RC,23,Current surplus of government enterprises,1983,Current Dollars,Level,6,"-1,945","T30200,T30200.7"
T30200,B097RC,23,Current surplus of government enterprises,1984,Current Dollars,Level,6,"-2,685","T30200,T30200.7"
T30200,B097RC,23,Current surplus of government enterprises,1985,Current Dollars,Level,6,"-1,624","T30200,T30200.7"
T30200,B097RC,23,Current surplus of government enterprises,1986,Current Dollars,Level,6,-588,"T30200,T30200.7"
T30200,B097RC,23,Current surplus of government enterprises,1987,Current Dollars,Level,6,-499,"T30200,T30200.7"
T30200,B097RC,23,Current surplus of government enterprises,1988,Current Dollars,Level,6,657,"T30200,T30200.7"
T30200,B097RC,23,Current surplus of government enterprises,1989,Current Dollars,Level,6,"1,067","T30200,T30200.7"
T30200,B097RC,23,Current surplus of government enterprises,1990,Current Dollars,Level,6,"-2,332","T30200,T30200.7"
T30200,B097RC,23,Current surplus of government enterprises,1991,Current Dollars,Level,6,"2,124","T30200,T30200.7"
T30200,B097RC,23,Current surplus of government enterprises,1992,Current Dollars,Level,6,"4,120","T30200,T30200.7"
T30200,B097RC,23,Current surplus of government enterprises,1993,Current Dollars,Level,6,"3,456","T30200,T30200.7"
T30200,B097RC,23,Current surplus of government enterprises,1994,Current Dollars,Level,6,"4,040","T30200,T30200.7"
T30200,B097RC,23,Current surplus of government enterprises,1995,Current Dollars,Level,6,"5,049","T30200,T30200.7"
T30200,B097RC,23,Current surplus of government enterprises,1996,Current Dollars,Level,6,"4,460","T30200,T30200.7"
T30200,B097RC,23,Current surplus of government enterprises,1997,Current Dollars,Level,6,"6,574","T30200,T30200.7"
T30200,B097RC,23,Current surplus of government enterprises,1998,Current Dollars,Level,6,"7,551","T30200,T30200.7"
T30200,B097RC,23,Current surplus of government enterprises,1999,Current Dollars,Level,6,"7,202","T30200,T30200.7"
T30200,B097RC,23,Current surplus of government enterprises,2000,Current Dollars,Level,6,"5,318","T30200,T30200.7"
T30200,B097RC,23,Current surplus of government enterprises,2001,Current Dollars,Level,6,"2,798","T30200,T30200.7"
T30200,B097RC,23,Current surplus of government enterprises,2002,Current Dollars,Level,6,"6,811","T30200,T30200.7"
T30200,B097RC,23,Current surplus of government enterprises,2003,Current Dollars,Level,6,"6,631","T30200,T30200.7"
T30200,B097RC,23,Current surplus of government enterprises,2004,Current Dollars,Level,6,"5,122","T30200,T30200.7"
T30200,B097RC,23,Current surplus of government enterprises,2005,Current Dollars,Level,6,"2,028","T30200,T30200.7"
T30200,B097RC,23,Current surplus of government enterprises,2006,Current Dollars,Level,6,"2,973","T30200,T30200.7"
T30200,B097RC,23,Current surplus of government enterprises,2007,Current Dollars,Level,6,"3,425","T30200,T30200.7"
T30200,B097RC,23,Current surplus of government enterprises,2008,Current Dollars,Level,6,"2,597","T30200,T30200.7"
T30200,B097RC,23,Current surplus of government enterprises,2009,Current Dollars,Level,6,"2,462","T30200,T30200.7"
T30200,B097RC,23,Current surplus of government enterprises,2010,Current Dollars,Level,6,-862,"T30200,T30200.7"
T30200,B097RC,23,Current surplus of government enterprises,2011,Current Dollars,Level,6,"-4,737","T30200,T30200.7"
T30200,B097RC,23,Current surplus of government enterprises,2012,Current Dollars,Level,6,"-6,010","T30200,T30200.7"
T30200,B097RC,23,Current surplus of government enterprises,2013,Current Dollars,Level,6,"-7,802","T30200,T30200.7"
T30200,B097RC,23,Current surplus of government enterprises,2014,Current Dollars,Level,6,"-4,624","T30200,T30200.7"
T30200,B097RC,23,Current surplus of government enterprises,2015,Current Dollars,Level,6,-933,"T30200,T30200.7"
T30200,B097RC,23,Current surplus of government enterprises,2016,Current Dollars,Level,6,689,"T30200,T30200.7"
T30200,B097RC,23,Current surplus of government enterprises,2017,Current Dollars,Level,6,"3,080","T30200,T30200.7"
T30200,B097RC,23,Current surplus of government enterprises,2018,Current Dollars,Level,6,"3,319","T30200,T30200.7"
T30200,B097RC,23,Current surplus of government enterprises,2019,Current Dollars,Level,6,"1,366","T30200,T30200.7"
T30200,B097RC,23,Current surplus of government enterprises,2020,Current Dollars,Level,6,"5,278","T30200,T30200.7"
T30200,B097RC,23,Current surplus of government enterprises,2021,Current Dollars,Level,6,"7,419","T30200,T30200.7"
T30200,B097RC,23,Current surplus of government enterprises,2022,Current Dollars,Level,6,"4,144","T30200,T30200.7"
T30200,B097RC,23,Current surplus of government enterprises,2023,Current Dollars,Level,6,"-2,788","T30200,T30200.7"
T30200,B097RC,23,Current surplus of government enterprises,2024,Current Dollars,Level,6,"-1,822","T30200,T30200.7"
T30200,B097RC,23,Current surplus of government enterprises,2025,Current Dollars,Level,6,"-1,193","T30200,T30200.7"
T30200,W013RC,24,Current expenditures,1929,Current Dollars,Level,6,"2,920",T30200
T30200,W013RC,24,Current expenditures,1930,Current Dollars,Level,6,"2,978",T30200
T30200,W013RC,24,Current expenditures,1931,Current Dollars,Level,6,"4,301",T30200
T30200,W013RC,24,Current expenditures,1932,Current Dollars,Level,6,"3,227",T30200
T30200,W013RC,24,Current expenditures,1933,Current Dollars,Level,6,"3,732",T30200
T30200,W013RC,24,Current expenditures,1934,Current Dollars,Level,6,"5,946",T30200
T30200,W013RC,24,Current expenditures,1935,Current Dollars,Level,6,"5,964",T30200
T30200,W013RC,24,Current expenditures,1936,Current Dollars,Level,6,"8,219",T30200
T30200,W013RC,24,Current expenditures,1937,Current Dollars,Level,6,"6,777",T30200
T30200,W013RC,24,Current expenditures,1938,Current Dollars,Level,6,"7,783",T30200
T30200,W013RC,24,Current expenditures,1939,Current Dollars,Level,6,"8,834",T30200
T30200,W013RC,24,Current expenditures,1940,Current Dollars,Level,6,"9,231",T30200
T30200,W013RC,24,Current expenditures,1941,Current Dollars,Level,6,"14,293",T30200
T30200,W013RC,24,Current expenditures,1942,Current Dollars,Level,6,"33,690",T30200
T30200,W013RC,24,Current expenditures,1943,Current Dollars,Level,6,"55,552",T30200
T30200,W013RC,24,Current expenditures,1944,Current Dollars,Level,6,"69,487",T30200
T30200,W013RC,24,Current expenditures,1945,Current Dollars,Level,6,"73,514",T30200
T30200,W013RC,24,Current expenditures,1946,Current Dollars,Level,6,"47,542",T30200
T30200,W013RC,24,Current expenditures,1947,Current Dollars,Level,6,"40,351",T30200
T30200,W013RC,24,Current expenditures,1948,Current Dollars,Level,6,"41,402",T30200
T30200,W013RC,24,Current expenditures,1949,Current Dollars,Level,6,"46,333",T30200
T30200,W013RC,24,Current expenditures,1950,Current Dollars,Level,6,"46,920",T30200
T30200,W013RC,24,Current expenditures,1951,Current Dollars,Level,6,"58,414",T30200
T30200,W013RC,24,Current expenditures,1952,Current Dollars,Level,6,"67,929",T30200
T30200,W013RC,24,Current expenditures,1953,Current Dollars,Level,6,"72,766",T30200
T30200,W013RC,24,Current expenditures,1954,Current Dollars,Level,6,"70,504",T30200
T30200,W013RC,24,Current expenditures,1955,Current Dollars,Level,6,"71,642",T30200
T30200,W013RC,24,Current expenditures,1956,Current Dollars,Level,6,"74,437",T30200
T30200,W013RC,24,Current expenditures,1957,Current Dollars,Level,6,"81,942",T30200
T30200,W013RC,24,Current expenditures,1958,Current Dollars,Level,6,"88,115",T30200
T30200,W013RC,24,Current expenditures,1959,Current Dollars,Level,6,"90,510",T30200
T30200,W013RC,24,Current expenditures,1960,Current Dollars,Level,6,"93,398",T30200
T30200,W013RC,24,Current expenditures,1961,Current Dollars,Level,6,"99,811",T30200
T30200,W013RC,24,Current expenditures,1962,Current Dollars,Level,6,"108,557",T30200
T30200,W013RC,24,Current expenditures,1963,Current Dollars,Level,6,"113,498",T30200
T30200,W013RC,24,Current expenditures,1964,Current Dollars,Level,6,"118,210",T30200
T30200,W013RC,24,Current expenditures,1965,Current Dollars,Level,6,"125,942",T30200
T30200,W013RC,24,Current expenditures,1966,Current Dollars,Level,6,"144,374",T30200
T30200,W013RC,24,Current expenditures,1967,Current Dollars,Level,6,"165,783",T30200
T30200,W013RC,24,Current expenditures,1968,Current Dollars,Level,6,"184,345",T30200
T30200,W013RC,24,Current expenditures,1969,Current Dollars,Level,6,"196,984",T30200
T30200,W013RC,24,Current expenditures,1970,Current Dollars,Level,6,"219,944",T30200
T30200,W013RC,24,Current expenditures,1971,Current Dollars,Level,6,"241,602",T30200
T30200,W013RC,24,Current expenditures,1972,Current Dollars,Level,6,"268,020",T30200
T30200,W013RC,24,Current expenditures,1973,Current Dollars,Level,6,"287,556",T30200
T30200,W013RC,24,Current expenditures,1974,Current Dollars,Level,6,"319,849",T30200
T30200,W013RC,24,Current expenditures,1975,Current Dollars,Level,6,"374,759",T30200
T30200,W013RC,24,Current expenditures,1976,Current Dollars,Level,6,"403,484",T30200
T30200,W013RC,24,Current expenditures,1977,Current Dollars,Level,6,"437,317",T30200
T30200,W013RC,24,Current expenditures,1978,Current Dollars,Level,6,"485,865",T30200
T30200,W013RC,24,Current expenditures,1979,Current Dollars,Level,6,"534,386",T30200
T30200,W013RC,24,Current expenditures,1980,Current Dollars,Level,6,"622,455",T30200
T30200,W013RC,24,Current expenditures,1981,Current Dollars,Level,6,"709,135",T30200
T30200,W013RC,24,Current expenditures,1982,Current Dollars,Level,6,"786,017",T30200
T30200,W013RC,24,Current expenditures,1983,Current Dollars,Level,6,"851,942",T30200
T30200,W013RC,24,Current expenditures,1984,Current Dollars,Level,6,"907,686",T30200
T30200,W013RC,24,Current expenditures,1985,Current Dollars,Level,6,"974,971",T30200
T30200,W013RC,24,Current expenditures,1986,Current Dollars,Level,6,"1,033,848",T30200
T30200,W013RC,24,Current expenditures,1987,Current Dollars,Level,6,"1,065,228",T30200
T30200,W013RC,24,Current expenditures,1988,Current Dollars,Level,6,"1,122,388",T30200
T30200,W013RC,24,Current expenditures,1989,Current Dollars,Level,6,"1,201,839",T30200
T30200,W013RC,24,Current expenditures,1990,Current Dollars,Level,6,"1,290,904",T30200
T30200,W013RC,24,Current expenditures,1991,Current Dollars,Level,6,"1,356,230",T30200
T30200,W013RC,24,Current expenditures,1992,Current Dollars,Level,6,"1,488,857",T30200
T30200,W013RC,24,Current expenditures,1993,Current Dollars,Level,6,"1,544,575",T30200
T30200,W013RC,24,Current expenditures,1994,Current Dollars,Level,6,"1,584,968",T30200
T30200,W013RC,24,Current expenditures,1995,Current Dollars,Level,6,"1,659,541",T30200
T30200,W013RC,24,Current expenditures,1996,Current Dollars,Level,6,"1,715,729",T30200
T30200,W013RC,24,Current expenditures,1997,Current Dollars,Level,6,"1,759,350",T30200
T30200,W013RC,24,Current expenditures,1998,Current Dollars,Level,6,"1,788,439",T30200
T30200,W013RC,24,Current expenditures,1999,Current Dollars,Level,6,"1,836,827",T30200
T30200,W013RC,24,Current expenditures,2000,Current Dollars,Level,6,"1,908,092",T30200
T30200,W013RC,24,Current expenditures,2001,Current Dollars,Level,6,"2,017,329",T30200
T30200,W013RC,24,Current expenditures,2002,Current Dollars,Level,6,"2,138,700",T30200
T30200,W013RC,24,Current expenditures,2003,Current Dollars,Level,6,"2,293,495",T30200
T30200,W013RC,24,Current expenditures,2004,Current Dollars,Level,6,"2,421,571",T30200
T30200,W013RC,24,Current expenditures,2005,Current Dollars,Level,6,"2,598,463",T30200
T30200,W013RC,24,Current expenditures,2006,Current Dollars,Level,6,"2,760,722",T30200
T30200,W013RC,24,Current expenditures,2007,Current Dollars,Level,6,"2,928,003",T30200
T30200,W013RC,24,Current expenditures,2008,Current Dollars,Level,6,"3,206,987",T30200
T30200,W013RC,24,Current expenditures,2009,Current Dollars,Level,6,"3,485,240",T30200
T30200,W013RC,24,Current expenditures,2010,Current Dollars,Level,6,"3,764,625",T30200
T30200,W013RC,24,Current expenditures,2011,Current Dollars,Level,6,"3,807,750",T30200
T30200,W013RC,24,Current expenditures,2012,Current Dollars,Level,6,"3,773,503",T30200
T30200,W013RC,24,Current expenditures,2013,Current Dollars,Level,6,"3,770,255",T30200
T30200,W013RC,24,Current expenditures,2014,Current Dollars,Level,6,"3,888,437",T30200
T30200,W013RC,24,Current expenditures,2015,Current Dollars,Level,6,"4,005,825",T30200
T30200,W013RC,24,Current expenditures,2016,Current Dollars,Level,6,"4,127,974",T30200
T30200,W013RC,24,Current expenditures,2017,Current Dollars,Level,6,"4,240,545",T30200
T30200,W013RC,24,Current expenditures,2018,Current Dollars,Level,6,"4,489,479",T30200
T30200,W013RC,24,Current expenditures,2019,Current Dollars,Level,6,"4,748,122",T30200
T30200,W013RC,24,Current expenditures,2020,Current Dollars,Level,6,"6,715,113",T30200
T30200,W013RC,24,Current expenditures,2021,Current Dollars,Level,6,"7,284,058",T30200
T30200,W013RC,24,Current expenditures,2022,Current Dollars,Level,6,"6,144,892",T30200
T30200,W013RC,24,Current expenditures,2023,Current Dollars,Level,6,"6,538,015",T30200
T30200,W013RC,24,Current expenditures,2024,Current Dollars,Level,6,"7,053,367",T30200
T30200,W013RC,24,Current expenditures,2025,Current Dollars,Level,6,"7,490,641",T30200
T30200,A957RC,25,Consumption expenditures,1929,Current Dollars,Level,6,"1,675",T30200
T30200,A957RC,25,Consumption expenditures,1930,Current Dollars,Level,6,"1,700",T30200
T30200,A957RC,25,Consumption expenditures,1931,Current Dollars,Level,6,"1,662",T30200
T30200,A957RC,25,Consumption expenditures,1932,Current Dollars,Level,6,"1,540",T30200
T30200,A957RC,25,Consumption expenditures,1933,Current Dollars,Level,6,"1,782",T30200
T30200,A957RC,25,Consumption expenditures,1934,Current Dollars,Level,6,"2,585",T30200
T30200,A957RC,25,Consumption expenditures,1935,Current Dollars,Level,6,"2,352",T30200
T30200,A957RC,25,Consumption expenditures,1936,Current Dollars,Level,6,"4,484",T30200
T30200,A957RC,25,Consumption expenditures,1937,Current Dollars,Level,6,"3,993",T30200
T30200,A957RC,25,Consumption expenditures,1938,Current Dollars,Level,6,"4,632",T30200
T30200,A957RC,25,Consumption expenditures,1939,Current Dollars,Level,6,"5,056",T30200
T30200,A957RC,25,Consumption expenditures,1940,Current Dollars,Level,6,"5,201",T30200
T30200,A957RC,25,Consumption expenditures,1941,Current Dollars,Level,6,"10,592",T30200
T30200,A957RC,25,Consumption expenditures,1942,Current Dollars,Level,6,"29,289",T30200
T30200,A957RC,25,Consumption expenditures,1943,Current Dollars,Level,6,"50,504",T30200
T30200,A957RC,25,Consumption expenditures,1944,Current Dollars,Level,6,"62,675",T30200
T30200,A957RC,25,Consumption expenditures,1945,Current Dollars,Level,6,"62,765",T30200
T30200,A957RC,25,Consumption expenditures,1946,Current Dollars,Level,6,"28,907",T30200
T30200,A957RC,25,Consumption expenditures,1947,Current Dollars,Level,6,"22,940",T30200
T30200,A957RC,25,Consumption expenditures,1948,Current Dollars,Level,6,"22,629",T30200
T30200,A957RC,25,Consumption expenditures,1949,Current Dollars,Level,6,"24,505",T30200
T30200,A957RC,25,Consumption expenditures,1950,Current Dollars,Level,6,"23,887",T30200
T30200,A957RC,25,Consumption expenditures,1951,Current Dollars,Level,6,"37,403",T30200
T30200,A957RC,25,Consumption expenditures,1952,Current Dollars,Level,6,"47,592",T30200
T30200,A957RC,25,Consumption expenditures,1953,Current Dollars,Level,6,"51,604",T30200
T30200,A957RC,25,Consumption expenditures,1954,Current Dollars,Level,6,"47,153",T30200
T30200,A957RC,25,Consumption expenditures,1955,Current Dollars,Level,6,"46,802",T30200
T30200,A957RC,25,Consumption expenditures,1956,Current Dollars,Level,6,"47,353",T30200
T30200,A957RC,25,Consumption expenditures,1957,Current Dollars,Level,6,"50,879",T30200
T30200,A957RC,25,Consumption expenditures,1958,Current Dollars,Level,6,"52,582",T30200
T30200,A957RC,25,Consumption expenditures,1959,Current Dollars,Level,6,"51,802",T30200
T30200,A957RC,25,Consumption expenditures,1960,Current Dollars,Level,6,"50,978",T30200
T30200,A957RC,25,Consumption expenditures,1961,Current Dollars,Level,6,"52,734",T30200
T30200,A957RC,25,Consumption expenditures,1962,Current Dollars,Level,6,"59,018",T30200
T30200,A957RC,25,Consumption expenditures,1963,Current Dollars,Level,6,"61,206",T30200
T30200,A957RC,25,Consumption expenditures,1964,Current Dollars,Level,6,"63,138",T30200
T30200,A957RC,25,Consumption expenditures,1965,Current Dollars,Level,6,"66,497",T30200
T30200,A957RC,25,Consumption expenditures,1966,Current Dollars,Level,6,"76,486",T30200
T30200,A957RC,25,Consumption expenditures,1967,Current Dollars,Level,6,"88,059",T30200
T30200,A957RC,25,Consumption expenditures,1968,Current Dollars,Level,6,"96,845",T30200
T30200,A957RC,25,Consumption expenditures,1969,Current Dollars,Level,6,"100,464",T30200
T30200,A957RC,25,Consumption expenditures,1970,Current Dollars,Level,6,"102,344",T30200
T30200,A957RC,25,Consumption expenditures,1971,Current Dollars,Level,6,"106,681",T30200
T30200,A957RC,25,Consumption expenditures,1972,Current Dollars,Level,6,"112,297",T30200
T30200,A957RC,25,Consumption expenditures,1973,Current Dollars,Level,6,"114,534",T30200
T30200,A957RC,25,Consumption expenditures,1974,Current Dollars,Level,6,"123,169",T30200
T30200,A957RC,25,Consumption expenditures,1975,Current Dollars,Level,6,"133,876",T30200
T30200,A957RC,25,Consumption expenditures,1976,Current Dollars,Level,6,"140,046",T30200
T30200,A957RC,25,Consumption expenditures,1977,Current Dollars,Level,6,"151,137",T30200
T30200,A957RC,25,Consumption expenditures,1978,Current Dollars,Level,6,"164,180",T30200
T30200,A957RC,25,Consumption expenditures,1979,Current Dollars,Level,6,"178,833",T30200
T30200,A957RC,25,Consumption expenditures,1980,Current Dollars,Level,6,"204,620",T30200
T30200,A957RC,25,Consumption expenditures,1981,Current Dollars,Level,6,"233,556",T30200
T30200,A957RC,25,Consumption expenditures,1982,Current Dollars,Level,6,"258,386",T30200
T30200,A957RC,25,Consumption expenditures,1983,Current Dollars,Level,6,"280,020",T30200
T30200,A957RC,25,Consumption expenditures,1984,Current Dollars,Level,6,"296,211",T30200
T30200,A957RC,25,Consumption expenditures,1985,Current Dollars,Level,6,"320,380",T30200
T30200,A957RC,25,Consumption expenditures,1986,Current Dollars,Level,6,"339,771",T30200
T30200,A957RC,25,Consumption expenditures,1987,Current Dollars,Level,6,"350,342",T30200
T30200,A957RC,25,Consumption expenditures,1988,Current Dollars,Level,6,"363,450",T30200
T30200,A957RC,25,Consumption expenditures,1989,Current Dollars,Level,6,"382,885",T30200
T30200,A957RC,25,Consumption expenditures,1990,Current Dollars,Level,6,"404,170",T30200
T30200,A957RC,25,Consumption expenditures,1991,Current Dollars,Level,6,"426,137",T30200
T30200,A957RC,25,Consumption expenditures,1992,Current Dollars,Level,6,"432,059",T30200
T30200,A957RC,25,Consumption expenditures,1993,Current Dollars,Level,6,"429,489",T30200
T30200,A957RC,25,Consumption expenditures,1994,Current Dollars,Level,6,"429,323",T30200
T30200,A957RC,25,Consumption expenditures,1995,Current Dollars,Level,6,"428,973",T30200
T30200,A957RC,25,Consumption expenditures,1996,Current Dollars,Level,6,"429,360",T30200
T30200,A957RC,25,Consumption expenditures,1997,Current Dollars,Level,6,"439,569",T30200
T30200,A957RC,25,Consumption expenditures,1998,Current Dollars,Level,6,"437,839",T30200
T30200,A957RC,25,Consumption expenditures,1999,Current Dollars,Level,6,"455,864",T30200
T30200,A957RC,25,Consumption expenditures,2000,Current Dollars,Level,6,"475,681",T30200
T30200,A957RC,25,Consumption expenditures,2001,Current Dollars,Level,6,"506,369",T30200
T30200,A957RC,25,Consumption expenditures,2002,Current Dollars,Level,6,"560,945",T30200
T30200,A957RC,25,Consumption expenditures,2003,Current Dollars,Level,6,"631,606",T30200
T30200,A957RC,25,Consumption expenditures,2004,Current Dollars,Level,6,"683,704",T30200
T30200,A957RC,25,Consumption expenditures,2005,Current Dollars,Level,6,"725,774",T30200
T30200,A957RC,25,Consumption expenditures,2006,Current Dollars,Level,6,"765,548",T30200
T30200,A957RC,25,Consumption expenditures,2007,Current Dollars,Level,6,"800,988",T30200
T30200,A957RC,25,Consumption expenditures,2008,Current Dollars,Level,6,"880,271",T30200
T30200,A957RC,25,Consumption expenditures,2009,Current Dollars,Level,6,"938,164",T30200
T30200,A957RC,25,Consumption expenditures,2010,Current Dollars,Level,6,"1,002,908",T30200
T30200,A957RC,25,Consumption expenditures,2011,Current Dollars,Level,6,"1,004,097",T30200
T30200,A957RC,25,Consumption expenditures,2012,Current Dollars,Level,6,"999,721",T30200
T30200,A957RC,25,Consumption expenditures,2013,Current Dollars,Level,6,"956,428",T30200
T30200,A957RC,25,Consumption expenditures,2014,Current Dollars,Level,6,"950,287",T30200
T30200,A957RC,25,Consumption expenditures,2015,Current Dollars,Level,6,"951,747",T30200
T30200,A957RC,25,Consumption expenditures,2016,Current Dollars,Level,6,"962,316",T30200
T30200,A957RC,25,Consumption expenditures,2017,Current Dollars,Level,6,"978,501",T30200
T30200,A957RC,25,Consumption expenditures,2018,Current Dollars,Level,6,"1,034,417",T30200
T30200,A957RC,25,Consumption expenditures,2019,Current Dollars,Level,6,"1,087,242",T30200
T30200,A957RC,25,Consumption expenditures,2020,Current Dollars,Level,6,"1,158,700",T30200
T30200,A957RC,25,Consumption expenditures,2021,Current Dollars,Level,6,"1,223,619",T30200
T30200,A957RC,25,Consumption expenditures,2022,Current Dollars,Level,6,"1,230,524",T30200
T30200,A957RC,25,Consumption expenditures,2023,Current Dollars,Level,6,"1,339,694",T30200
T30200,A957RC,25,Consumption expenditures,2024,Current Dollars,Level,6,"1,441,478",T30200
T30200,A957RC,25,Consumption expenditures,2025,Current Dollars,Level,6,"1,495,576",T30200
T30200,W014RC,26,Current transfer payments,1929,Current Dollars,Level,6,793,T30200
T30200,W014RC,26,Current transfer payments,1930,Current Dollars,Level,6,840,T30200
T30200,W014RC,26,Current transfer payments,1931,Current Dollars,Level,6,"2,006",T30200
T30200,W014RC,26,Current transfer payments,1932,Current Dollars,Level,6,"1,017",T30200
T30200,W014RC,26,Current transfer payments,1933,Current Dollars,Level,6,"1,139",T30200
T30200,W014RC,26,Current transfer payments,1934,Current Dollars,Level,6,"2,150",T30200
T30200,W014RC,26,Current transfer payments,1935,Current Dollars,Level,6,"2,259",T30200
T30200,W014RC,26,Current transfer payments,1936,Current Dollars,Level,6,"2,712",T30200
T30200,W014RC,26,Current transfer payments,1937,Current Dollars,Level,6,"1,474",T30200
T30200,W014RC,26,Current transfer payments,1938,Current Dollars,Level,6,"1,757",T30200
T30200,W014RC,26,Current transfer payments,1939,Current Dollars,Level,6,"2,014",T30200
T30200,W014RC,26,Current transfer payments,1940,Current Dollars,Level,6,"2,042",T30200
T30200,W014RC,26,Current transfer payments,1941,Current Dollars,Level,6,"1,856",T30200
T30200,W014RC,26,Current transfer payments,1942,Current Dollars,Level,6,"2,124",T30200
T30200,W014RC,26,Current transfer payments,1943,Current Dollars,Level,6,"1,862",T30200
T30200,W014RC,26,Current transfer payments,1944,Current Dollars,Level,6,"2,405",T30200
T30200,W014RC,26,Current transfer payments,1945,Current Dollars,Level,6,"5,175",T30200
T30200,W014RC,26,Current transfer payments,1946,Current Dollars,Level,6,"11,796",T30200
T30200,W014RC,26,Current transfer payments,1947,Current Dollars,Level,6,"11,299",T30200
T30200,W014RC,26,Current transfer payments,1948,Current Dollars,Level,6,"12,405",T30200
T30200,W014RC,26,Current transfer payments,1949,Current Dollars,Level,6,"15,128",T30200
T30200,W014RC,26,Current transfer payments,1950,Current Dollars,Level,6,"15,649",T30200
T30200,W014RC,26,Current transfer payments,1951,Current Dollars,Level,6,"13,029",T30200
T30200,W014RC,26,Current transfer payments,1952,Current Dollars,Level,6,"12,333",T30200
T30200,W014RC,26,Current transfer payments,1953,Current Dollars,Level,6,"12,967",T30200
T30200,W014RC,26,Current transfer payments,1954,Current Dollars,Level,6,"14,807",T30200
T30200,W014RC,26,Current transfer payments,1955,Current Dollars,Level,6,"15,978",T30200
T30200,W014RC,26,Current transfer payments,1956,Current Dollars,Level,6,"16,733",T30200
T30200,W014RC,26,Current transfer payments,1957,Current Dollars,Level,6,"19,269",T30200
T30200,W014RC,26,Current transfer payments,1958,Current Dollars,Level,6,"23,366",T30200
T30200,W014RC,26,Current transfer payments,1959,Current Dollars,Level,6,"26,209",T30200
T30200,W014RC,26,Current transfer payments,1960,Current Dollars,Level,6,"27,396",T30200
T30200,W014RC,26,Current transfer payments,1961,Current Dollars,Level,6,"31,162",T30200
T30200,W014RC,26,Current transfer payments,1962,Current Dollars,Level,6,"32,159",T30200
T30200,W014RC,26,Current transfer payments,1963,Current Dollars,Level,6,"33,816",T30200
T30200,W014RC,26,Current transfer payments,1964,Current Dollars,Level,6,"34,862",T30200
T30200,W014RC,26,Current transfer payments,1965,Current Dollars,Level,6,"37,864",T30200
T30200,W014RC,26,Current transfer payments,1966,Current Dollars,Level,6,"43,699",T30200
T30200,W014RC,26,Current transfer payments,1967,Current Dollars,Level,6,"52,008",T30200
T30200,W014RC,26,Current transfer payments,1968,Current Dollars,Level,6,"58,801",T30200
T30200,W014RC,26,Current transfer payments,1969,Current Dollars,Level,6,"64,547",T30200
T30200,W014RC,26,Current transfer payments,1970,Current Dollars,Level,6,"79,517",T30200
T30200,W014RC,26,Current transfer payments,1971,Current Dollars,Level,6,"95,045",T30200
T30200,W014RC,26,Current transfer payments,1972,Current Dollars,Level,6,"111,510",T30200
T30200,W014RC,26,Current transfer payments,1973,Current Dollars,Level,6,"124,582",T30200
T30200,W014RC,26,Current transfer payments,1974,Current Dollars,Level,6,"145,505",T30200
T30200,W014RC,26,Current transfer payments,1975,Current Dollars,Level,6,"184,080",T30200
T30200,W014RC,26,Current transfer payments,1976,Current Dollars,Level,6,"199,606",T30200
T30200,W014RC,26,Current transfer payments,1977,Current Dollars,Level,6,"214,029",T30200
T30200,W014RC,26,Current transfer payments,1978,Current Dollars,Level,6,"233,876",T30200
T30200,W014RC,26,Current transfer payments,1979,Current Dollars,Level,6,"255,893",T30200
T30200,W014RC,26,Current transfer payments,1980,Current Dollars,Level,6,"300,860",T30200
T30200,W014RC,26,Current transfer payments,1981,Current Dollars,Level,6,"331,079",T30200
T30200,W014RC,26,Current transfer payments,1982,Current Dollars,Level,6,"360,387",T30200
T30200,W014RC,26,Current transfer payments,1983,Current Dollars,Level,6,"384,089",T30200
T30200,W014RC,26,Current transfer payments,1984,Current Dollars,Level,6,"396,968",T30200
T30200,W014RC,26,Current transfer payments,1985,Current Dollars,Level,6,"419,816",T30200
T30200,W014RC,26,Current transfer payments,1986,Current Dollars,Level,6,"445,284",T30200
T30200,W014RC,26,Current transfer payments,1987,Current Dollars,Level,6,"452,564",T30200
T30200,W014RC,26,Current transfer payments,1988,Current Dollars,Level,6,"481,873",T30200
T30200,W014RC,26,Current transfer payments,1989,Current Dollars,Level,6,"522,242",T30200
T30200,W014RC,26,Current transfer payments,1990,Current Dollars,Level,6,"571,069",T30200
T30200,W014RC,26,Current transfer payments,1991,Current Dollars,Level,6,"598,659",T30200
T30200,W014RC,26,Current transfer payments,1992,Current Dollars,Level,6,"720,211",T30200
T30200,W014RC,26,Current transfer payments,1993,Current Dollars,Level,6,"767,328",T30200
T30200,W014RC,26,Current transfer payments,1994,Current Dollars,Level,6,"802,623",T30200
T30200,W014RC,26,Current transfer payments,1995,Current Dollars,Level,6,"843,740",T30200
T30200,W014RC,26,Current transfer payments,1996,Current Dollars,Level,6,"891,479",T30200
T30200,W014RC,26,Current transfer payments,1997,Current Dollars,Level,6,"920,808",T30200
T30200,W014RC,26,Current transfer payments,1998,Current Dollars,Level,6,"949,110",T30200
T30200,W014RC,26,Current transfer payments,1999,Current Dollars,Level,6,"983,999",T30200
T30200,W014RC,26,Current transfer payments,2000,Current Dollars,Level,6,"1,033,377",T30200
T30200,W014RC,26,Current transfer payments,2001,Current Dollars,Level,6,"1,128,677",T30200
T30200,W014RC,26,Current transfer payments,2002,Current Dollars,Level,6,"1,236,005",T30200
T30200,W014RC,26,Current transfer payments,2003,Current Dollars,Level,6,"1,321,196",T30200
T30200,W014RC,26,Current transfer payments,2004,Current Dollars,Level,6,"1,385,827",T30200
T30200,W014RC,26,Current transfer payments,2005,Current Dollars,Level,6,"1,467,776",T30200
T30200,W014RC,26,Current transfer payments,2006,Current Dollars,Level,6,"1,571,868",T30200
T30200,W014RC,26,Current transfer payments,2007,Current Dollars,Level,6,"1,671,586",T30200
T30200,W014RC,26,Current transfer payments,2008,Current Dollars,Level,6,"1,888,731",T30200
T30200,W014RC,26,Current transfer payments,2009,Current Dollars,Level,6,"2,135,603",T30200
T30200,W014RC,26,Current transfer payments,2010,Current Dollars,Level,6,"2,325,988",T30200
T30200,W014RC,26,Current transfer payments,2011,Current Dollars,Level,6,"2,318,749",T30200
T30200,W014RC,26,Current transfer payments,2012,Current Dollars,Level,6,"2,293,579",T30200
T30200,W014RC,26,Current transfer payments,2013,Current Dollars,Level,6,"2,338,257",T30200
T30200,W014RC,26,Current transfer payments,2014,Current Dollars,Level,6,"2,441,462",T30200
T30200,W014RC,26,Current transfer payments,2015,Current Dollars,Level,6,"2,568,118",T30200
T30200,W014RC,26,Current transfer payments,2016,Current Dollars,Level,6,"2,650,141",T30200
T30200,W014RC,26,Current transfer payments,2017,Current Dollars,Level,6,"2,726,028",T30200
T30200,W014RC,26,Current transfer payments,2018,Current Dollars,Level,6,"2,851,689",T30200
T30200,W014RC,26,Current transfer payments,2019,Current Dollars,Level,6,"3,011,369",T30200
T30200,W014RC,26,Current transfer payments,2020,Current Dollars,Level,6,"4,337,633",T30200
T30200,W014RC,26,Current transfer payments,2021,Current Dollars,Level,6,"4,863,894",T30200
T30200,W014RC,26,Current transfer payments,2022,Current Dollars,Level,6,"4,062,813",T30200
T30200,W014RC,26,Current transfer payments,2023,Current Dollars,Level,6,"4,158,323",T30200
T30200,W014RC,26,Current transfer payments,2024,Current Dollars,Level,6,"4,399,229",T30200
T30200,W014RC,26,Current transfer payments,2025,Current Dollars,Level,6,"4,700,373",T30200
T30200,W015RC,27,Government social benefits,1929,Current Dollars,Level,6,645,T30200
T30200,W015RC,27,Government social benefits,1930,Current Dollars,Level,6,683,T30200
T30200,W015RC,27,Government social benefits,1931,Current Dollars,Level,6,"1,658",T30200
T30200,W015RC,27,Government social benefits,1932,Current Dollars,Level,6,867,T30200
T30200,W015RC,27,Government social benefits,1933,Current Dollars,Level,6,625,T30200
T30200,W015RC,27,Government social benefits,1934,Current Dollars,Level,6,513,T30200
T30200,W015RC,27,Government social benefits,1935,Current Dollars,Level,6,539,T30200
T30200,W015RC,27,Government social benefits,1936,Current Dollars,Level,6,"1,962",T30200
T30200,W015RC,27,Government social benefits,1937,Current Dollars,Level,6,721,T30200
T30200,W015RC,27,Government social benefits,1938,Current Dollars,Level,6,"1,084",T30200
T30200,W015RC,27,Government social benefits,1939,Current Dollars,Level,6,"1,122",T30200
T30200,W015RC,27,Government social benefits,1940,Current Dollars,Level,6,"1,295",T30200
T30200,W015RC,27,Government social benefits,1941,Current Dollars,Level,6,"1,239",T30200
T30200,W015RC,27,Government social benefits,1942,Current Dollars,Level,6,"1,287",T30200
T30200,W015RC,27,Government social benefits,1943,Current Dollars,Level,6,"1,092",T30200
T30200,W015RC,27,Government social benefits,1944,Current Dollars,Level,6,"1,651",T30200
T30200,W015RC,27,Government social benefits,1945,Current Dollars,Level,6,"4,054",T30200
T30200,W015RC,27,Government social benefits,1946,Current Dollars,Level,6,"8,652",T30200
T30200,W015RC,27,Government social benefits,1947,Current Dollars,Level,6,"8,383",T30200
T30200,W015RC,27,Government social benefits,1948,Current Dollars,Level,6,"7,186",T30200
T30200,W015RC,27,Government social benefits,1949,Current Dollars,Level,6,"8,200",T30200
T30200,W015RC,27,Government social benefits,1950,Current Dollars,Level,6,"10,227",T30200
T30200,W015RC,27,Government social benefits,1951,Current Dollars,Level,6,"7,894",T30200
T30200,W015RC,27,Government social benefits,1952,Current Dollars,Level,6,"8,081",T30200
T30200,W015RC,27,Government social benefits,1953,Current Dollars,Level,6,"8,702",T30200
T30200,W015RC,27,Government social benefits,1954,Current Dollars,Level,6,"10,680",T30200
T30200,W015RC,27,Government social benefits,1955,Current Dollars,Level,6,"11,502",T30200
T30200,W015RC,27,Government social benefits,1956,Current Dollars,Level,6,"12,300",T30200
T30200,W015RC,27,Government social benefits,1957,Current Dollars,Level,6,"14,531",T30200
T30200,W015RC,27,Government social benefits,1958,Current Dollars,Level,6,"18,191",T30200
T30200,W015RC,27,Government social benefits,1959,Current Dollars,Level,6,"18,578",T30200
T30200,W015RC,27,Government social benefits,1960,Current Dollars,Level,6,"20,113",T30200
T30200,W015RC,27,Government social benefits,1961,Current Dollars,Level,6,"23,383",T30200
T30200,W015RC,27,Government social benefits,1962,Current Dollars,Level,6,"23,802",T30200
T30200,W015RC,27,Government social benefits,1963,Current Dollars,Level,6,"24,968",T30200
T30200,W015RC,27,Government social benefits,1964,Current Dollars,Level,6,"25,509",T30200
T30200,W015RC,27,Government social benefits,1965,Current Dollars,Level,6,"27,715",T30200
T30200,W015RC,27,Government social benefits,1966,Current Dollars,Level,6,"30,347",T30200
T30200,W015RC,27,Government social benefits,1967,Current Dollars,Level,6,"37,075",T30200
T30200,W015RC,27,Government social benefits,1968,Current Dollars,Level,6,"42,417",T30200
T30200,W015RC,27,Government social benefits,1969,Current Dollars,Level,6,"46,341",T30200
T30200,W015RC,27,Government social benefits,1970,Current Dollars,Level,6,"56,357",T30200
T30200,W015RC,27,Government social benefits,1971,Current Dollars,Level,6,"66,891",T30200
T30200,W015RC,27,Government social benefits,1972,Current Dollars,Level,6,"73,820",T30200
T30200,W015RC,27,Government social benefits,1973,Current Dollars,Level,6,"85,702",T30200
T30200,W015RC,27,Government social benefits,1974,Current Dollars,Level,6,"104,602",T30200
T30200,W015RC,27,Government social benefits,1975,Current Dollars,Level,6,"134,319",T30200
T30200,W015RC,27,Government social benefits,1976,Current Dollars,Level,6,"145,995",T30200
T30200,W015RC,27,Government social benefits,1977,Current Dollars,Level,6,"155,022",T30200
T30200,W015RC,27,Government social benefits,1978,Current Dollars,Level,6,"165,402",T30200
T30200,W015RC,27,Government social benefits,1979,Current Dollars,Level,6,"186,067",T30200
T30200,W015RC,27,Government social benefits,1980,Current Dollars,Level,6,"223,840",T30200
T30200,W015RC,27,Government social benefits,1981,Current Dollars,Level,6,"255,007",T30200
T30200,W015RC,27,Government social benefits,1982,Current Dollars,Level,6,"285,985",T30200
T30200,W015RC,27,Government social benefits,1983,Current Dollars,Level,6,"307,218",T30200
T30200,W015RC,27,Government social benefits,1984,Current Dollars,Level,6,"313,413",T30200
T30200,W015RC,27,Government social benefits,1985,Current Dollars,Level,6,"329,880",T30200
T30200,W015RC,27,Government social benefits,1986,Current Dollars,Level,6,"348,661",T30200
T30200,W015RC,27,Government social benefits,1987,Current Dollars,Level,6,"361,467",T30200
T30200,W015RC,27,Government social benefits,1988,Current Dollars,Level,6,"382,943",T30200
T30200,W015RC,27,Government social benefits,1989,Current Dollars,Level,6,"416,854",T30200
T30200,W015RC,27,Government social benefits,1990,Current Dollars,Level,6,"453,183",T30200
T30200,W015RC,27,Government social benefits,1991,Current Dollars,Level,6,"500,262",T30200
T30200,W015RC,27,Government social benefits,1992,Current Dollars,Level,6,"557,979",T30200
T30200,W015RC,27,Government social benefits,1993,Current Dollars,Level,6,"589,924",T30200
T30200,W015RC,27,Government social benefits,1994,Current Dollars,Level,6,"615,827",T30200
T30200,W015RC,27,Government social benefits,1995,Current Dollars,Level,6,"653,884",T30200
T30200,W015RC,27,Government social benefits,1996,Current Dollars,Level,6,"689,644",T30200
T30200,W015RC,27,Government social benefits,1997,Current Dollars,Level,6,"715,710",T30200
T30200,W015RC,27,Government social benefits,1998,Current Dollars,Level,6,"730,344",T30200
T30200,W015RC,27,Government social benefits,1999,Current Dollars,Level,6,"748,585",T30200
T30200,W015RC,27,Government social benefits,2000,Current Dollars,Level,6,"782,338",T30200
T30200,W015RC,27,Government social benefits,2001,Current Dollars,Level,6,"850,558",T30200
T30200,W015RC,27,Government social benefits,2002,Current Dollars,Level,6,"927,905",T30200
T30200,W015RC,27,Government social benefits,2003,Current Dollars,Level,6,"977,830",T30200
T30200,W015RC,27,Government social benefits,2004,Current Dollars,Level,6,"1,030,533",T30200
T30200,W015RC,27,Government social benefits,2005,Current Dollars,Level,6,"1,095,955",T30200
T30200,W015RC,27,Government social benefits,2006,Current Dollars,Level,6,"1,201,514",T30200
T30200,W015RC,27,Government social benefits,2007,Current Dollars,Level,6,"1,276,630",T30200
T30200,W015RC,27,Government social benefits,2008,Current Dollars,Level,6,"1,478,687",T30200
T30200,W015RC,27,Government social benefits,2009,Current Dollars,Level,6,"1,630,544",T30200
T30200,W015RC,27,Government social benefits,2010,Current Dollars,Level,6,"1,773,973",T30200
T30200,W015RC,27,Government social benefits,2011,Current Dollars,Level,6,"1,796,502",T30200
T30200,W015RC,27,Government social benefits,2012,Current Dollars,Level,6,"1,799,785",T30200
T30200,W015RC,27,Government social benefits,2013,Current Dollars,Level,6,"1,840,391",T30200
T30200,W015RC,27,Government social benefits,2014,Current Dollars,Level,6,"1,900,595",T30200
T30200,W015RC,27,Government social benefits,2015,Current Dollars,Level,6,"1,990,268",T30200
T30200,W015RC,27,Government social benefits,2016,Current Dollars,Level,6,"2,045,156",T30200
T30200,W015RC,27,Government social benefits,2017,Current Dollars,Level,6,"2,119,581",T30200
T30200,W015RC,27,Government social benefits,2018,Current Dollars,Level,6,"2,217,625",T30200
T30200,W015RC,27,Government social benefits,2019,Current Dollars,Level,6,"2,352,014",T30200
T30200,W015RC,27,Government social benefits,2020,Current Dollars,Level,6,"3,405,762",T30200
T30200,W015RC,27,Government social benefits,2021,Current Dollars,Level,6,"3,691,471",T30200
T30200,W015RC,27,Government social benefits,2022,Current Dollars,Level,6,"3,021,761",T30200
T30200,W015RC,27,Government social benefits,2023,Current Dollars,Level,6,"3,116,730",T30200
T30200,W015RC,27,Government social benefits,2024,Current Dollars,Level,6,"3,350,020",T30200
T30200,W015RC,27,Government social benefits,2025,Current Dollars,Level,6,"3,667,756",T30200
T30200,B087RC,28,To persons,1929,Current Dollars,Level,6,645,T30200
T30200,B087RC,28,To persons,1930,Current Dollars,Level,6,683,T30200
T30200,B087RC,28,To persons,1931,Current Dollars,Level,6,"1,658",T30200
T30200,B087RC,28,To persons,1932,Current Dollars,Level,6,867,T30200
T30200,B087RC,28,To persons,1933,Current Dollars,Level,6,625,T30200
T30200,B087RC,28,To persons,1934,Current Dollars,Level,6,513,T30200
T30200,B087RC,28,To persons,1935,Current Dollars,Level,6,539,T30200
T30200,B087RC,28,To persons,1936,Current Dollars,Level,6,"1,962",T30200
T30200,B087RC,28,To persons,1937,Current Dollars,Level,6,721,T30200
T30200,B087RC,28,To persons,1938,Current Dollars,Level,6,"1,084",T30200
T30200,B087RC,28,To persons,1939,Current Dollars,Level,6,"1,122",T30200
T30200,B087RC,28,To persons,1940,Current Dollars,Level,6,"1,295",T30200
T30200,B087RC,28,To persons,1941,Current Dollars,Level,6,"1,239",T30200
T30200,B087RC,28,To persons,1942,Current Dollars,Level,6,"1,287",T30200
T30200,B087RC,28,To persons,1943,Current Dollars,Level,6,"1,092",T30200
T30200,B087RC,28,To persons,1944,Current Dollars,Level,6,"1,651",T30200
T30200,B087RC,28,To persons,1945,Current Dollars,Level,6,"4,054",T30200
T30200,B087RC,28,To persons,1946,Current Dollars,Level,6,"8,652",T30200
T30200,B087RC,28,To persons,1947,Current Dollars,Level,6,"8,383",T30200
T30200,B087RC,28,To persons,1948,Current Dollars,Level,6,"7,186",T30200
T30200,B087RC,28,To persons,1949,Current Dollars,Level,6,"8,200",T30200
T30200,B087RC,28,To persons,1950,Current Dollars,Level,6,"10,227",T30200
T30200,B087RC,28,To persons,1951,Current Dollars,Level,6,"7,894",T30200
T30200,B087RC,28,To persons,1952,Current Dollars,Level,6,"8,081",T30200
T30200,B087RC,28,To persons,1953,Current Dollars,Level,6,"8,702",T30200
T30200,B087RC,28,To persons,1954,Current Dollars,Level,6,"10,680",T30200
T30200,B087RC,28,To persons,1955,Current Dollars,Level,6,"11,502",T30200
T30200,B087RC,28,To persons,1956,Current Dollars,Level,6,"12,300",T30200
T30200,B087RC,28,To persons,1957,Current Dollars,Level,6,"14,531",T30200
T30200,B087RC,28,To persons,1958,Current Dollars,Level,6,"18,191",T30200
T30200,B087RC,28,To persons,1959,Current Dollars,Level,6,"18,578",T30200
T30200,B087RC,28,To persons,1960,Current Dollars,Level,6,"19,867",T30200
T30200,B087RC,28,To persons,1961,Current Dollars,Level,6,"23,107",T30200
T30200,B087RC,28,To persons,1962,Current Dollars,Level,6,"23,503",T30200
T30200,B087RC,28,To persons,1963,Current Dollars,Level,6,"24,644",T30200
T30200,B087RC,28,To persons,1964,Current Dollars,Level,6,"25,163",T30200
T30200,B087RC,28,To persons,1965,Current Dollars,Level,6,"27,262",T30200
T30200,B087RC,28,To persons,1966,Current Dollars,Level,6,"29,883",T30200
T30200,B087RC,28,To persons,1967,Current Dollars,Level,6,"36,520",T30200
T30200,B087RC,28,To persons,1968,Current Dollars,Level,6,"41,860",T30200
T30200,B087RC,28,To persons,1969,Current Dollars,Level,6,"45,756",T30200
T30200,B087RC,28,To persons,1970,Current Dollars,Level,6,"55,636",T30200
T30200,B087RC,28,To persons,1971,Current Dollars,Level,6,"66,080",T30200
T30200,B087RC,28,To persons,1972,Current Dollars,Level,6,"72,855",T30200
T30200,B087RC,28,To persons,1973,Current Dollars,Level,6,"84,544",T30200
T30200,B087RC,28,To persons,1974,Current Dollars,Level,6,"103,280",T30200
T30200,B087RC,28,To persons,1975,Current Dollars,Level,6,"132,332",T30200
T30200,B087RC,28,To persons,1976,Current Dollars,Level,6,"143,505",T30200
T30200,B087RC,28,To persons,1977,Current Dollars,Level,6,"152,443",T30200
T30200,B087RC,28,To persons,1978,Current Dollars,Level,6,"162,660",T30200
T30200,B087RC,28,To persons,1979,Current Dollars,Level,6,"183,018",T30200
T30200,B087RC,28,To persons,1980,Current Dollars,Level,6,"220,297",T30200
T30200,B087RC,28,To persons,1981,Current Dollars,Level,6,"250,719",T30200
T30200,B087RC,28,To persons,1982,Current Dollars,Level,6,"281,882",T30200
T30200,B087RC,28,To persons,1983,Current Dollars,Level,6,"303,593",T30200
T30200,B087RC,28,To persons,1984,Current Dollars,Level,6,"309,740",T30200
T30200,B087RC,28,To persons,1985,Current Dollars,Level,6,"325,852",T30200
T30200,B087RC,28,To persons,1986,Current Dollars,Level,6,"344,263",T30200
T30200,B087RC,28,To persons,1987,Current Dollars,Level,6,"357,187",T30200
T30200,B087RC,28,To persons,1988,Current Dollars,Level,6,"378,363",T30200
T30200,B087RC,28,To persons,1989,Current Dollars,Level,6,"411,722",T30200
T30200,B087RC,28,To persons,1990,Current Dollars,Level,6,"447,019",T30200
T30200,B087RC,28,To persons,1991,Current Dollars,Level,6,"493,990",T30200
T30200,B087RC,28,To persons,1992,Current Dollars,Level,6,"551,754",T30200
T30200,B087RC,28,To persons,1993,Current Dollars,Level,6,"583,725",T30200
T30200,B087RC,28,To persons,1994,Current Dollars,Level,6,"609,001",T30200
T30200,B087RC,28,To persons,1995,Current Dollars,Level,6,"647,091",T30200
T30200,B087RC,28,To persons,1996,Current Dollars,Level,6,"682,070",T30200
T30200,B087RC,28,To persons,1997,Current Dollars,Level,6,"707,860",T30200
T30200,B087RC,28,To persons,1998,Current Dollars,Level,6,"722,136",T30200
T30200,B087RC,28,To persons,1999,Current Dollars,Level,6,"739,853",T30200
T30200,B087RC,28,To persons,2000,Current Dollars,Level,6,"773,442",T30200
T30200,B087RC,28,To persons,2001,Current Dollars,Level,6,"840,760",T30200
T30200,B087RC,28,To persons,2002,Current Dollars,Level,6,"917,996",T30200
T30200,B087RC,28,To persons,2003,Current Dollars,Level,6,"967,471",T30200
T30200,B087RC,28,To persons,2004,Current Dollars,Level,6,"1,019,503",T30200
T30200,B087RC,28,To persons,2005,Current Dollars,Level,6,"1,084,373",T30200
T30200,B087RC,28,To persons,2006,Current Dollars,Level,6,"1,189,108",T30200
T30200,B087RC,28,To persons,2007,Current Dollars,Level,6,"1,263,340",T30200
T30200,B087RC,28,To persons,2008,Current Dollars,Level,6,"1,463,239",T30200
T30200,B087RC,28,To persons,2009,Current Dollars,Level,6,"1,614,549",T30200
T30200,B087RC,28,To persons,2010,Current Dollars,Level,6,"1,757,485",T30200
T30200,B087RC,28,To persons,2011,Current Dollars,Level,6,"1,779,454",T30200
T30200,B087RC,28,To persons,2012,Current Dollars,Level,6,"1,781,834",T30200
T30200,B087RC,28,To persons,2013,Current Dollars,Level,6,"1,821,528",T30200
T30200,B087RC,28,To persons,2014,Current Dollars,Level,6,"1,881,083",T30200
T30200,B087RC,28,To persons,2015,Current Dollars,Level,6,"1,969,866",T30200
T30200,B087RC,28,To persons,2016,Current Dollars,Level,6,"2,024,223",T30200
T30200,B087RC,28,To persons,2017,Current Dollars,Level,6,"2,097,779",T30200
T30200,B087RC,28,To persons,2018,Current Dollars,Level,6,"2,194,853",T30200
T30200,B087RC,28,To persons,2019,Current Dollars,Level,6,"2,328,027",T30200
T30200,B087RC,28,To persons,2020,Current Dollars,Level,6,"3,371,781",T30200
T30200,B087RC,28,To persons,2021,Current Dollars,Level,6,"3,659,038",T30200
T30200,B087RC,28,To persons,2022,Current Dollars,Level,6,"2,992,963",T30200
T30200,B087RC,28,To persons,2023,Current Dollars,Level,6,"3,084,765",T30200
T30200,B087RC,28,To persons,2024,Current Dollars,Level,6,"3,315,697",T30200
T30200,B087RC,28,To persons,2025,Current Dollars,Level,6,"3,629,454",T30200
T30200,W016RC,29,To the rest of the world,1960,Current Dollars,Level,6,246,"T30200,T30200.8"
T30200,W016RC,29,To the rest of the world,1961,Current Dollars,Level,6,276,"T30200,T30200.8"
T30200,W016RC,29,To the rest of the world,1962,Current Dollars,Level,6,299,"T30200,T30200.8"
T30200,W016RC,29,To the rest of the world,1963,Current Dollars,Level,6,324,"T30200,T30200.8"
T30200,W016RC,29,To the rest of the world,1964,Current Dollars,Level,6,346,"T30200,T30200.8"
T30200,W016RC,29,To the rest of the world,1965,Current Dollars,Level,6,453,"T30200,T30200.8"
T30200,W016RC,29,To the rest of the world,1966,Current Dollars,Level,6,464,"T30200,T30200.8"
T30200,W016RC,29,To the rest of the world,1967,Current Dollars,Level,6,555,"T30200,T30200.8"
T30200,W016RC,29,To the rest of the world,1968,Current Dollars,Level,6,557,"T30200,T30200.8"
T30200,W016RC,29,To the rest of the world,1969,Current Dollars,Level,6,585,"T30200,T30200.8"
T30200,W016RC,29,To the rest of the world,1970,Current Dollars,Level,6,721,"T30200,T30200.8"
T30200,W016RC,29,To the rest of the world,1971,Current Dollars,Level,6,811,"T30200,T30200.8"
T30200,W016RC,29,To the rest of the world,1972,Current Dollars,Level,6,965,"T30200,T30200.8"
T30200,W016RC,29,To the rest of the world,1973,Current Dollars,Level,6,"1,158","T30200,T30200.8"
T30200,W016RC,29,To the rest of the world,1974,Current Dollars,Level,6,"1,322","T30200,T30200.8"
T30200,W016RC,29,To the rest of the world,1975,Current Dollars,Level,6,"1,987","T30200,T30200.8"
T30200,W016RC,29,To the rest of the world,1976,Current Dollars,Level,6,"2,490","T30200,T30200.8"
T30200,W016RC,29,To the rest of the world,1977,Current Dollars,Level,6,"2,579","T30200,T30200.8"
T30200,W016RC,29,To the rest of the world,1978,Current Dollars,Level,6,"2,742","T30200,T30200.8"
T30200,W016RC,29,To the rest of the world,1979,Current Dollars,Level,6,"3,049","T30200,T30200.8"
T30200,W016RC,29,To the rest of the world,1980,Current Dollars,Level,6,"3,543","T30200,T30200.8"
T30200,W016RC,29,To the rest of the world,1981,Current Dollars,Level,6,"4,288","T30200,T30200.8"
T30200,W016RC,29,To the rest of the world,1982,Current Dollars,Level,6,"4,103","T30200,T30200.8"
T30200,W016RC,29,To the rest of the world,1983,Current Dollars,Level,6,"3,625","T30200,T30200.8"
T30200,W016RC,29,To the rest of the world,1984,Current Dollars,Level,6,"3,673","T30200,T30200.8"
T30200,W016RC,29,To the rest of the world,1985,Current Dollars,Level,6,"4,028","T30200,T30200.8"
T30200,W016RC,29,To the rest of the world,1986,Current Dollars,Level,6,"4,398","T30200,T30200.8"
T30200,W016RC,29,To the rest of the world,1987,Current Dollars,Level,6,"4,280","T30200,T30200.8"
T30200,W016RC,29,To the rest of the world,1988,Current Dollars,Level,6,"4,580","T30200,T30200.8"
T30200,W016RC,29,To the rest of the world,1989,Current Dollars,Level,6,"5,132","T30200,T30200.8"
T30200,W016RC,29,To the rest of the world,1990,Current Dollars,Level,6,"6,164","T30200,T30200.8"
T30200,W016RC,29,To the rest of the world,1991,Current Dollars,Level,6,"6,272","T30200,T30200.8"
T30200,W016RC,29,To the rest of the world,1992,Current Dollars,Level,6,"6,225","T30200,T30200.8"
T30200,W016RC,29,To the rest of the world,1993,Current Dollars,Level,6,"6,199","T30200,T30200.8"
T30200,W016RC,29,To the rest of the world,1994,Current Dollars,Level,6,"6,826","T30200,T30200.8"
T30200,W016RC,29,To the rest of the world,1995,Current Dollars,Level,6,"6,793","T30200,T30200.8"
T30200,W016RC,29,To the rest of the world,1996,Current Dollars,Level,6,"7,574","T30200,T30200.8"
T30200,W016RC,29,To the rest of the world,1997,Current Dollars,Level,6,"7,850","T30200,T30200.8"
T30200,W016RC,29,To the rest of the world,1998,Current Dollars,Level,6,"8,208","T30200,T30200.8"
T30200,W016RC,29,To the rest of the world,1999,Current Dollars,Level,6,"8,732","T30200,T30200.8"
T30200,W016RC,29,To the rest of the world,2000,Current Dollars,Level,6,"8,896","T30200,T30200.8"
T30200,W016RC,29,To the rest of the world,2001,Current Dollars,Level,6,"9,798","T30200,T30200.8"
T30200,W016RC,29,To the rest of the world,2002,Current Dollars,Level,6,"9,909","T30200,T30200.8"
T30200,W016RC,29,To the rest of the world,2003,Current Dollars,Level,6,"10,359","T30200,T30200.8"
T30200,W016RC,29,To the rest of the world,2004,Current Dollars,Level,6,"11,030","T30200,T30200.8"
T30200,W016RC,29,To the rest of the world,2005,Current Dollars,Level,6,"11,582","T30200,T30200.8"
T30200,W016RC,29,To the rest of the world,2006,Current Dollars,Level,6,"12,405","T30200,T30200.8"
T30200,W016RC,29,To the rest of the world,2007,Current Dollars,Level,6,"13,289","T30200,T30200.8"
T30200,W016RC,29,To the rest of the world,2008,Current Dollars,Level,6,"15,447","T30200,T30200.8"
T30200,W016RC,29,To the rest of the world,2009,Current Dollars,Level,6,"15,995","T30200,T30200.8"
T30200,W016RC,29,To the rest of the world,2010,Current Dollars,Level,6,"16,489","T30200,T30200.8"
T30200,W016RC,29,To the rest of the world,2011,Current Dollars,Level,6,"17,048","T30200,T30200.8"
T30200,W016RC,29,To the rest of the world,2012,Current Dollars,Level,6,"17,951","T30200,T30200.8"
T30200,W016RC,29,To the rest of the world,2013,Current Dollars,Level,6,"18,863","T30200,T30200.8"
T30200,W016RC,29,To the rest of the world,2014,Current Dollars,Level,6,"19,512","T30200,T30200.8"
T30200,W016RC,29,To the rest of the world,2015,Current Dollars,Level,6,"20,402","T30200,T30200.8"
T30200,W016RC,29,To the rest of the world,2016,Current Dollars,Level,6,"20,933","T30200,T30200.8"
T30200,W016RC,29,To the rest of the world,2017,Current Dollars,Level,6,"21,802","T30200,T30200.8"
T30200,W016RC,29,To the rest of the world,2018,Current Dollars,Level,6,"22,772","T30200,T30200.8"
T30200,W016RC,29,To the rest of the world,2019,Current Dollars,Level,6,"23,986","T30200,T30200.8"
T30200,W016RC,29,To the rest of the world,2020,Current Dollars,Level,6,"33,981","T30200,T30200.8"
T30200,W016RC,29,To the rest of the world,2021,Current Dollars,Level,6,"32,433","T30200,T30200.8"
T30200,W016RC,29,To the rest of the world,2022,Current Dollars,Level,6,"28,798","T30200,T30200.8"
T30200,W016RC,29,To the rest of the world,2023,Current Dollars,Level,6,"31,964","T30200,T30200.8"
T30200,W016RC,29,To the rest of the world,2024,Current Dollars,Level,6,"34,323","T30200,T30200.8"
T30200,W016RC,29,To the rest of the world,2025,Current Dollars,Level,6,"38,303","T30200,T30200.8"
T30200,W010RC,30,Other current transfer payments,1929,Current Dollars,Level,6,148,T30200
T30200,W010RC,30,Other current transfer payments,1930,Current Dollars,Level,6,157,T30200
T30200,W010RC,30,Other current transfer payments,1931,Current Dollars,Level,6,348,T30200
T30200,W010RC,30,Other current transfer payments,1932,Current Dollars,Level,6,150,T30200
T30200,W010RC,30,Other current transfer payments,1933,Current Dollars,Level,6,514,T30200
T30200,W010RC,30,Other current transfer payments,1934,Current Dollars,Level,6,"1,637",T30200
T30200,W010RC,30,Other current transfer payments,1935,Current Dollars,Level,6,"1,720",T30200
T30200,W010RC,30,Other current transfer payments,1936,Current Dollars,Level,6,750,T30200
T30200,W010RC,30,Other current transfer payments,1937,Current Dollars,Level,6,753,T30200
T30200,W010RC,30,Other current transfer payments,1938,Current Dollars,Level,6,673,T30200
T30200,W010RC,30,Other current transfer payments,1939,Current Dollars,Level,6,892,T30200
T30200,W010RC,30,Other current transfer payments,1940,Current Dollars,Level,6,747,T30200
T30200,W010RC,30,Other current transfer payments,1941,Current Dollars,Level,6,617,T30200
T30200,W010RC,30,Other current transfer payments,1942,Current Dollars,Level,6,837,T30200
T30200,W010RC,30,Other current transfer payments,1943,Current Dollars,Level,6,770,T30200
T30200,W010RC,30,Other current transfer payments,1944,Current Dollars,Level,6,754,T30200
T30200,W010RC,30,Other current transfer payments,1945,Current Dollars,Level,6,"1,121",T30200
T30200,W010RC,30,Other current transfer payments,1946,Current Dollars,Level,6,"3,144",T30200
T30200,W010RC,30,Other current transfer payments,1947,Current Dollars,Level,6,"2,916",T30200
T30200,W010RC,30,Other current transfer payments,1948,Current Dollars,Level,6,"5,219",T30200
T30200,W010RC,30,Other current transfer payments,1949,Current Dollars,Level,6,"6,928",T30200
T30200,W010RC,30,Other current transfer payments,1950,Current Dollars,Level,6,"5,422",T30200
T30200,W010RC,30,Other current transfer payments,1951,Current Dollars,Level,6,"5,135",T30200
T30200,W010RC,30,Other current transfer payments,1952,Current Dollars,Level,6,"4,252",T30200
T30200,W010RC,30,Other current transfer payments,1953,Current Dollars,Level,6,"4,265",T30200
T30200,W010RC,30,Other current transfer payments,1954,Current Dollars,Level,6,"4,127",T30200
T30200,W010RC,30,Other current transfer payments,1955,Current Dollars,Level,6,"4,476",T30200
T30200,W010RC,30,Other current transfer payments,1956,Current Dollars,Level,6,"4,433",T30200
T30200,W010RC,30,Other current transfer payments,1957,Current Dollars,Level,6,"4,738",T30200
T30200,W010RC,30,Other current transfer payments,1958,Current Dollars,Level,6,"5,175",T30200
T30200,W010RC,30,Other current transfer payments,1959,Current Dollars,Level,6,"7,631",T30200
T30200,W010RC,30,Other current transfer payments,1960,Current Dollars,Level,6,"7,283",T30200
T30200,W010RC,30,Other current transfer payments,1961,Current Dollars,Level,6,"7,779",T30200
T30200,W010RC,30,Other current transfer payments,1962,Current Dollars,Level,6,"8,357",T30200
T30200,W010RC,30,Other current transfer payments,1963,Current Dollars,Level,6,"8,848",T30200
T30200,W010RC,30,Other current transfer payments,1964,Current Dollars,Level,6,"9,353",T30200
T30200,W010RC,30,Other current transfer payments,1965,Current Dollars,Level,6,"10,149",T30200
T30200,W010RC,30,Other current transfer payments,1966,Current Dollars,Level,6,"13,352",T30200
T30200,W010RC,30,Other current transfer payments,1967,Current Dollars,Level,6,"14,933",T30200
T30200,W010RC,30,Other current transfer payments,1968,Current Dollars,Level,6,"16,384",T30200
T30200,W010RC,30,Other current transfer payments,1969,Current Dollars,Level,6,"18,206",T30200
T30200,W010RC,30,Other current transfer payments,1970,Current Dollars,Level,6,"23,160",T30200
T30200,W010RC,30,Other current transfer payments,1971,Current Dollars,Level,6,"28,154",T30200
T30200,W010RC,30,Other current transfer payments,1972,Current Dollars,Level,6,"37,690",T30200
T30200,W010RC,30,Other current transfer payments,1973,Current Dollars,Level,6,"38,880",T30200
T30200,W010RC,30,Other current transfer payments,1974,Current Dollars,Level,6,"40,903",T30200
T30200,W010RC,30,Other current transfer payments,1975,Current Dollars,Level,6,"49,761",T30200
T30200,W010RC,30,Other current transfer payments,1976,Current Dollars,Level,6,"53,611",T30200
T30200,W010RC,30,Other current transfer payments,1977,Current Dollars,Level,6,"59,007",T30200
T30200,W010RC,30,Other current transfer payments,1978,Current Dollars,Level,6,"68,474",T30200
T30200,W010RC,30,Other current transfer payments,1979,Current Dollars,Level,6,"69,826",T30200
T30200,W010RC,30,Other current transfer payments,1980,Current Dollars,Level,6,"77,020",T30200
T30200,W010RC,30,Other current transfer payments,1981,Current Dollars,Level,6,"76,072",T30200
T30200,W010RC,30,Other current transfer payments,1982,Current Dollars,Level,6,"74,402",T30200
T30200,W010RC,30,Other current transfer payments,1983,Current Dollars,Level,6,"76,871",T30200
T30200,W010RC,30,Other current transfer payments,1984,Current Dollars,Level,6,"83,555",T30200
T30200,W010RC,30,Other current transfer payments,1985,Current Dollars,Level,6,"89,936",T30200
T30200,W010RC,30,Other current transfer payments,1986,Current Dollars,Level,6,"96,623",T30200
T30200,W010RC,30,Other current transfer payments,1987,Current Dollars,Level,6,"91,097",T30200
T30200,W010RC,30,Other current transfer payments,1988,Current Dollars,Level,6,"98,930",T30200
T30200,W010RC,30,Other current transfer payments,1989,Current Dollars,Level,6,"105,388",T30200
T30200,W010RC,30,Other current transfer payments,1990,Current Dollars,Level,6,"117,886",T30200
T30200,W010RC,30,Other current transfer payments,1991,Current Dollars,Level,6,"98,397",T30200
T30200,W010RC,30,Other current transfer payments,1992,Current Dollars,Level,6,"162,232",T30200
T30200,W010RC,30,Other current transfer payments,1993,Current Dollars,Level,6,"177,405",T30200
T30200,W010RC,30,Other current transfer payments,1994,Current Dollars,Level,6,"186,796",T30200
T30200,W010RC,30,Other current transfer payments,1995,Current Dollars,Level,6,"189,856",T30200
T30200,W010RC,30,Other current transfer payments,1996,Current Dollars,Level,6,"201,835",T30200
T30200,W010RC,30,Other current transfer payments,1997,Current Dollars,Level,6,"205,098",T30200
T30200,W010RC,30,Other current transfer payments,1998,Current Dollars,Level,6,"218,766",T30200
T30200,W010RC,30,Other current transfer payments,1999,Current Dollars,Level,6,"235,414",T30200
T30200,W010RC,30,Other current transfer payments,2000,Current Dollars,Level,6,"251,039",T30200
T30200,W010RC,30,Other current transfer payments,2001,Current Dollars,Level,6,"278,119",T30200
T30200,W010RC,30,Other current transfer payments,2002,Current Dollars,Level,6,"308,099",T30200
T30200,W010RC,30,Other current transfer payments,2003,Current Dollars,Level,6,"343,366",T30200
T30200,W010RC,30,Other current transfer payments,2004,Current Dollars,Level,6,"355,294",T30200
T30200,W010RC,30,Other current transfer payments,2005,Current Dollars,Level,6,"371,821",T30200
T30200,W010RC,30,Other current transfer payments,2006,Current Dollars,Level,6,"370,355",T30200
T30200,W010RC,30,Other current transfer payments,2007,Current Dollars,Level,6,"394,956",T30200
T30200,W010RC,30,Other current transfer payments,2008,Current Dollars,Level,6,"410,045",T30200
T30200,W010RC,30,Other current transfer payments,2009,Current Dollars,Level,6,"505,059",T30200
T30200,W010RC,30,Other current transfer payments,2010,Current Dollars,Level,6,"552,014",T30200
T30200,W010RC,30,Other current transfer payments,2011,Current Dollars,Level,6,"522,247",T30200
T30200,W010RC,30,Other current transfer payments,2012,Current Dollars,Level,6,"493,794",T30200
T30200,W010RC,30,Other current transfer payments,2013,Current Dollars,Level,6,"497,866",T30200
T30200,W010RC,30,Other current transfer payments,2014,Current Dollars,Level,6,"540,867",T30200
T30200,W010RC,30,Other current transfer payments,2015,Current Dollars,Level,6,"577,850",T30200
T30200,W010RC,30,Other current transfer payments,2016,Current Dollars,Level,6,"604,985",T30200
T30200,W010RC,30,Other current transfer payments,2017,Current Dollars,Level,6,"606,448",T30200
T30200,W010RC,30,Other current transfer payments,2018,Current Dollars,Level,6,"634,064",T30200
T30200,W010RC,30,Other current transfer payments,2019,Current Dollars,Level,6,"659,355",T30200
T30200,W010RC,30,Other current transfer payments,2020,Current Dollars,Level,6,"931,871",T30200
T30200,W010RC,30,Other current transfer payments,2021,Current Dollars,Level,6,"1,172,423",T30200
T30200,W010RC,30,Other current transfer payments,2022,Current Dollars,Level,6,"1,041,052",T30200
T30200,W010RC,30,Other current transfer payments,2023,Current Dollars,Level,6,"1,041,593",T30200
T30200,W010RC,30,Other current transfer payments,2024,Current Dollars,Level,6,"1,049,209",T30200
T30200,W010RC,30,Other current transfer payments,2025,Current Dollars,Level,6,"1,032,617",T30200
T30200,B089RC,31,Grants-in-aid to state and local governments,1929,Current Dollars,Level,6,114,T30200
T30200,B089RC,31,Grants-in-aid to state and local governments,1930,Current Dollars,Level,6,121,T30200
T30200,B089RC,31,Grants-in-aid to state and local governments,1931,Current Dollars,Level,6,308,T30200
T30200,B089RC,31,Grants-in-aid to state and local governments,1932,Current Dollars,Level,6,129,T30200
T30200,B089RC,31,Grants-in-aid to state and local governments,1933,Current Dollars,Level,6,497,T30200
T30200,B089RC,31,Grants-in-aid to state and local governments,1934,Current Dollars,Level,6,"1,628",T30200
T30200,B089RC,31,Grants-in-aid to state and local governments,1935,Current Dollars,Level,6,"1,701",T30200
T30200,B089RC,31,Grants-in-aid to state and local governments,1936,Current Dollars,Level,6,719,T30200
T30200,B089RC,31,Grants-in-aid to state and local governments,1937,Current Dollars,Level,6,695,T30200
T30200,B089RC,31,Grants-in-aid to state and local governments,1938,Current Dollars,Level,6,646,T30200
T30200,B089RC,31,Grants-in-aid to state and local governments,1939,Current Dollars,Level,6,867,T30200
T30200,B089RC,31,Grants-in-aid to state and local governments,1940,Current Dollars,Level,6,717,T30200
T30200,B089RC,31,Grants-in-aid to state and local governments,1941,Current Dollars,Level,6,633,T30200
T30200,B089RC,31,Grants-in-aid to state and local governments,1942,Current Dollars,Level,6,748,T30200
T30200,B089RC,31,Grants-in-aid to state and local governments,1943,Current Dollars,Level,6,825,T30200
T30200,B089RC,31,Grants-in-aid to state and local governments,1944,Current Dollars,Level,6,844,T30200
T30200,B089RC,31,Grants-in-aid to state and local governments,1945,Current Dollars,Level,6,772,T30200
T30200,B089RC,31,Grants-in-aid to state and local governments,1946,Current Dollars,Level,6,888,T30200
T30200,B089RC,31,Grants-in-aid to state and local governments,1947,Current Dollars,Level,6,951,T30200
T30200,B089RC,31,Grants-in-aid to state and local governments,1948,Current Dollars,Level,6,"1,371",T30200
T30200,B089RC,31,Grants-in-aid to state and local governments,1949,Current Dollars,Level,6,"1,798",T30200
T30200,B089RC,31,Grants-in-aid to state and local governments,1950,Current Dollars,Level,6,"1,839",T30200
T30200,B089RC,31,Grants-in-aid to state and local governments,1951,Current Dollars,Level,6,"1,978",T30200
T30200,B089RC,31,Grants-in-aid to state and local governments,1952,Current Dollars,Level,6,"2,083",T30200
T30200,B089RC,31,Grants-in-aid to state and local governments,1953,Current Dollars,Level,6,"2,197",T30200
T30200,B089RC,31,Grants-in-aid to state and local governments,1954,Current Dollars,Level,6,"2,249",T30200
T30200,B089RC,31,Grants-in-aid to state and local governments,1955,Current Dollars,Level,6,"2,316",T30200
T30200,B089RC,31,Grants-in-aid to state and local governments,1956,Current Dollars,Level,6,"2,432",T30200
T30200,B089RC,31,Grants-in-aid to state and local governments,1957,Current Dollars,Level,6,"2,799",T30200
T30200,B089RC,31,Grants-in-aid to state and local governments,1958,Current Dollars,Level,6,"3,209",T30200
T30200,B089RC,31,Grants-in-aid to state and local governments,1959,Current Dollars,Level,6,"3,630",T30200
T30200,B089RC,31,Grants-in-aid to state and local governments,1960,Current Dollars,Level,6,"3,820",T30200
T30200,B089RC,31,Grants-in-aid to state and local governments,1961,Current Dollars,Level,6,"4,282",T30200
T30200,B089RC,31,Grants-in-aid to state and local governments,1962,Current Dollars,Level,6,"4,736",T30200
T30200,B089RC,31,Grants-in-aid to state and local governments,1963,Current Dollars,Level,6,"5,245",T30200
T30200,B089RC,31,Grants-in-aid to state and local governments,1964,Current Dollars,Level,6,"5,953",T30200
T30200,B089RC,31,Grants-in-aid to state and local governments,1965,Current Dollars,Level,6,"6,560",T30200
T30200,B089RC,31,Grants-in-aid to state and local governments,1966,Current Dollars,Level,6,"9,366",T30200
T30200,B089RC,31,Grants-in-aid to state and local governments,1967,Current Dollars,Level,6,"10,934",T30200
T30200,B089RC,31,Grants-in-aid to state and local governments,1968,Current Dollars,Level,6,"11,838",T30200
T30200,B089RC,31,Grants-in-aid to state and local governments,1969,Current Dollars,Level,6,"13,660",T30200
T30200,B089RC,31,Grants-in-aid to state and local governments,1970,Current Dollars,Level,6,"18,342",T30200
T30200,B089RC,31,Grants-in-aid to state and local governments,1971,Current Dollars,Level,6,"22,142",T30200
T30200,B089RC,31,Grants-in-aid to state and local governments,1972,Current Dollars,Level,6,"30,513",T30200
T30200,B089RC,31,Grants-in-aid to state and local governments,1973,Current Dollars,Level,6,"33,489",T30200
T30200,B089RC,31,Grants-in-aid to state and local governments,1974,Current Dollars,Level,6,"34,908",T30200
T30200,B089RC,31,Grants-in-aid to state and local governments,1975,Current Dollars,Level,6,"43,626",T30200
T30200,B089RC,31,Grants-in-aid to state and local governments,1976,Current Dollars,Level,6,"49,077",T30200
T30200,B089RC,31,Grants-in-aid to state and local governments,1977,Current Dollars,Level,6,"54,760",T30200
T30200,B089RC,31,Grants-in-aid to state and local governments,1978,Current Dollars,Level,6,"63,482",T30200
T30200,B089RC,31,Grants-in-aid to state and local governments,1979,Current Dollars,Level,6,"63,980",T30200
T30200,B089RC,31,Grants-in-aid to state and local governments,1980,Current Dollars,Level,6,"69,690",T30200
T30200,B089RC,31,Grants-in-aid to state and local governments,1981,Current Dollars,Level,6,"69,410",T30200
T30200,B089RC,31,Grants-in-aid to state and local governments,1982,Current Dollars,Level,6,"66,261",T30200
T30200,B089RC,31,Grants-in-aid to state and local governments,1983,Current Dollars,Level,6,"67,940",T30200
T30200,B089RC,31,Grants-in-aid to state and local governments,1984,Current Dollars,Level,6,"72,339",T30200
T30200,B089RC,31,Grants-in-aid to state and local governments,1985,Current Dollars,Level,6,"76,169",T30200
T30200,B089RC,31,Grants-in-aid to state and local governments,1986,Current Dollars,Level,6,"82,425",T30200
T30200,B089RC,31,Grants-in-aid to state and local governments,1987,Current Dollars,Level,6,"78,382",T30200
T30200,B089RC,31,Grants-in-aid to state and local governments,1988,Current Dollars,Level,6,"85,736",T30200
T30200,B089RC,31,Grants-in-aid to state and local governments,1989,Current Dollars,Level,6,"91,841",T30200
T30200,B089RC,31,Grants-in-aid to state and local governments,1990,Current Dollars,Level,6,"104,357",T30200
T30200,B089RC,31,Grants-in-aid to state and local governments,1991,Current Dollars,Level,6,"124,022",T30200
T30200,B089RC,31,Grants-in-aid to state and local governments,1992,Current Dollars,Level,6,"141,681",T30200
T30200,B089RC,31,Grants-in-aid to state and local governments,1993,Current Dollars,Level,6,"155,713",T30200
T30200,B089RC,31,Grants-in-aid to state and local governments,1994,Current Dollars,Level,6,"166,849",T30200
T30200,B089RC,31,Grants-in-aid to state and local governments,1995,Current Dollars,Level,6,"174,477",T30200
T30200,B089RC,31,Grants-in-aid to state and local governments,1996,Current Dollars,Level,6,"181,457",T30200
T30200,B089RC,31,Grants-in-aid to state and local governments,1997,Current Dollars,Level,6,"188,142",T30200
T30200,B089RC,31,Grants-in-aid to state and local governments,1998,Current Dollars,Level,6,"200,799",T30200
T30200,B089RC,31,Grants-in-aid to state and local governments,1999,Current Dollars,Level,6,"219,155",T30200
T30200,B089RC,31,Grants-in-aid to state and local governments,2000,Current Dollars,Level,6,"233,106",T30200
T30200,B089RC,31,Grants-in-aid to state and local governments,2001,Current Dollars,Level,6,"261,258",T30200
T30200,B089RC,31,Grants-in-aid to state and local governments,2002,Current Dollars,Level,6,"288,703",T30200
T30200,B089RC,31,Grants-in-aid to state and local governments,2003,Current Dollars,Level,6,"321,705",T30200
T30200,B089RC,31,Grants-in-aid to state and local governments,2004,Current Dollars,Level,6,"332,317",T30200
T30200,B089RC,31,Grants-in-aid to state and local governments,2005,Current Dollars,Level,6,"343,509",T30200
T30200,B089RC,31,Grants-in-aid to state and local governments,2006,Current Dollars,Level,6,"341,016",T30200
T30200,B089RC,31,Grants-in-aid to state and local governments,2007,Current Dollars,Level,6,"359,097",T30200
T30200,B089RC,31,Grants-in-aid to state and local governments,2008,Current Dollars,Level,6,"371,170",T30200
T30200,B089RC,31,Grants-in-aid to state and local governments,2009,Current Dollars,Level,6,"458,120",T30200
T30200,B089RC,31,Grants-in-aid to state and local governments,2010,Current Dollars,Level,6,"505,245",T30200
T30200,B089RC,31,Grants-in-aid to state and local governments,2011,Current Dollars,Level,6,"472,487",T30200
T30200,B089RC,31,Grants-in-aid to state and local governments,2012,Current Dollars,Level,6,"444,446",T30200
T30200,B089RC,31,Grants-in-aid to state and local governments,2013,Current Dollars,Level,6,"450,133",T30200
T30200,B089RC,31,Grants-in-aid to state and local governments,2014,Current Dollars,Level,6,"495,035",T30200
T30200,B089RC,31,Grants-in-aid to state and local governments,2015,Current Dollars,Level,6,"533,072",T30200
T30200,B089RC,31,Grants-in-aid to state and local governments,2016,Current Dollars,Level,6,"556,737",T30200
T30200,B089RC,31,Grants-in-aid to state and local governments,2017,Current Dollars,Level,6,"560,412",T30200
T30200,B089RC,31,Grants-in-aid to state and local governments,2018,Current Dollars,Level,6,"582,569",T30200
T30200,B089RC,31,Grants-in-aid to state and local governments,2019,Current Dollars,Level,6,"608,944",T30200
T30200,B089RC,31,Grants-in-aid to state and local governments,2020,Current Dollars,Level,6,"878,702",T30200
T30200,B089RC,31,Grants-in-aid to state and local governments,2021,Current Dollars,Level,6,"1,110,084",T30200
T30200,B089RC,31,Grants-in-aid to state and local governments,2022,Current Dollars,Level,6,"948,260",T30200
T30200,B089RC,31,Grants-in-aid to state and local governments,2023,Current Dollars,Level,6,"951,871",T30200
T30200,B089RC,31,Grants-in-aid to state and local governments,2024,Current Dollars,Level,6,"961,474",T30200
T30200,B089RC,31,Grants-in-aid to state and local governments,2025,Current Dollars,Level,6,"979,119",T30200
T30200,W017RC,32,To the rest of the world,1929,Current Dollars,Level,6,34,"T30200,T30200.6,8"
T30200,W017RC,32,To the rest of the world,1930,Current Dollars,Level,6,36,"T30200,T30200.6,8"
T30200,W017RC,32,To the rest of the world,1931,Current Dollars,Level,6,40,"T30200,T30200.6,8"
T30200,W017RC,32,To the rest of the world,1932,Current Dollars,Level,6,21,"T30200,T30200.6,8"
T30200,W017RC,32,To the rest of the world,1933,Current Dollars,Level,6,17,"T30200,T30200.6,8"
T30200,W017RC,32,To the rest of the world,1934,Current Dollars,Level,6,9,"T30200,T30200.6,8"
T30200,W017RC,32,To the rest of the world,1935,Current Dollars,Level,6,19,"T30200,T30200.6,8"
T30200,W017RC,32,To the rest of the world,1936,Current Dollars,Level,6,31,"T30200,T30200.6,8"
T30200,W017RC,32,To the rest of the world,1937,Current Dollars,Level,6,58,"T30200,T30200.6,8"
T30200,W017RC,32,To the rest of the world,1938,Current Dollars,Level,6,27,"T30200,T30200.6,8"
T30200,W017RC,32,To the rest of the world,1939,Current Dollars,Level,6,25,"T30200,T30200.6,8"
T30200,W017RC,32,To the rest of the world,1940,Current Dollars,Level,6,30,"T30200,T30200.6,8"
T30200,W017RC,32,To the rest of the world,1941,Current Dollars,Level,6,-16,"T30200,T30200.6,8"
T30200,W017RC,32,To the rest of the world,1942,Current Dollars,Level,6,89,"T30200,T30200.6,8"
T30200,W017RC,32,To the rest of the world,1943,Current Dollars,Level,6,-55,"T30200,T30200.6,8"
T30200,W017RC,32,To the rest of the world,1944,Current Dollars,Level,6,-90,"T30200,T30200.6,8"
T30200,W017RC,32,To the rest of the world,1945,Current Dollars,Level,6,349,"T30200,T30200.6,8"
T30200,W017RC,32,To the rest of the world,1946,Current Dollars,Level,6,"2,256","T30200,T30200.6,8"
T30200,W017RC,32,To the rest of the world,1947,Current Dollars,Level,6,"1,965","T30200,T30200.6,8"
T30200,W017RC,32,To the rest of the world,1948,Current Dollars,Level,6,"3,848","T30200,T30200.6,8"
T30200,W017RC,32,To the rest of the world,1949,Current Dollars,Level,6,"5,130","T30200,T30200.6,8"
T30200,W017RC,32,To the rest of the world,1950,Current Dollars,Level,6,"3,583","T30200,T30200.6,8"
T30200,W017RC,32,To the rest of the world,1951,Current Dollars,Level,6,"3,157","T30200,T30200.6,8"
T30200,W017RC,32,To the rest of the world,1952,Current Dollars,Level,6,"2,169","T30200,T30200.6,8"
T30200,W017RC,32,To the rest of the world,1953,Current Dollars,Level,6,"2,068","T30200,T30200.6,8"
T30200,W017RC,32,To the rest of the world,1954,Current Dollars,Level,6,"1,878","T30200,T30200.6,8"
T30200,W017RC,32,To the rest of the world,1955,Current Dollars,Level,6,"2,160","T30200,T30200.6,8"
T30200,W017RC,32,To the rest of the world,1956,Current Dollars,Level,6,"2,001","T30200,T30200.6,8"
T30200,W017RC,32,To the rest of the world,1957,Current Dollars,Level,6,"1,939","T30200,T30200.6,8"
T30200,W017RC,32,To the rest of the world,1958,Current Dollars,Level,6,"1,966","T30200,T30200.6,8"
T30200,W017RC,32,To the rest of the world,1959,Current Dollars,Level,6,"4,001","T30200,T30200.6,8"
T30200,W017RC,32,To the rest of the world,1960,Current Dollars,Level,6,"3,463","T30200,T30200.6,8"
T30200,W017RC,32,To the rest of the world,1961,Current Dollars,Level,6,"3,497","T30200,T30200.6,8"
T30200,W017RC,32,To the rest of the world,1962,Current Dollars,Level,6,"3,621","T30200,T30200.6,8"
T30200,W017RC,32,To the rest of the world,1963,Current Dollars,Level,6,"3,603","T30200,T30200.6,8"
T30200,W017RC,32,To the rest of the world,1964,Current Dollars,Level,6,"3,400","T30200,T30200.6,8"
T30200,W017RC,32,To the rest of the world,1965,Current Dollars,Level,6,"3,589","T30200,T30200.6,8"
T30200,W017RC,32,To the rest of the world,1966,Current Dollars,Level,6,"3,986","T30200,T30200.6,8"
T30200,W017RC,32,To the rest of the world,1967,Current Dollars,Level,6,"3,999","T30200,T30200.6,8"
T30200,W017RC,32,To the rest of the world,1968,Current Dollars,Level,6,"4,546","T30200,T30200.6,8"
T30200,W017RC,32,To the rest of the world,1969,Current Dollars,Level,6,"4,546","T30200,T30200.6,8"
T30200,W017RC,32,To the rest of the world,1970,Current Dollars,Level,6,"4,818","T30200,T30200.6,8"
T30200,W017RC,32,To the rest of the world,1971,Current Dollars,Level,6,"6,012","T30200,T30200.6,8"
T30200,W017RC,32,To the rest of the world,1972,Current Dollars,Level,6,"7,177","T30200,T30200.6,8"
T30200,W017RC,32,To the rest of the world,1973,Current Dollars,Level,6,"5,391","T30200,T30200.6,8"
T30200,W017RC,32,To the rest of the world,1974,Current Dollars,Level,6,"5,995","T30200,T30200.6,8"
T30200,W017RC,32,To the rest of the world,1975,Current Dollars,Level,6,"6,135","T30200,T30200.6,8"
T30200,W017RC,32,To the rest of the world,1976,Current Dollars,Level,6,"4,534","T30200,T30200.6,8"
T30200,W017RC,32,To the rest of the world,1977,Current Dollars,Level,6,"4,247","T30200,T30200.6,8"
T30200,W017RC,32,To the rest of the world,1978,Current Dollars,Level,6,"4,992","T30200,T30200.6,8"
T30200,W017RC,32,To the rest of the world,1979,Current Dollars,Level,6,"5,846","T30200,T30200.6,8"
T30200,W017RC,32,To the rest of the world,1980,Current Dollars,Level,6,"7,330","T30200,T30200.6,8"
T30200,W017RC,32,To the rest of the world,1981,Current Dollars,Level,6,"6,662","T30200,T30200.6,8"
T30200,W017RC,32,To the rest of the world,1982,Current Dollars,Level,6,"8,141","T30200,T30200.6,8"
T30200,W017RC,32,To the rest of the world,1983,Current Dollars,Level,6,"8,931","T30200,T30200.6,8"
T30200,W017RC,32,To the rest of the world,1984,Current Dollars,Level,6,"11,216","T30200,T30200.6,8"
T30200,W017RC,32,To the rest of the world,1985,Current Dollars,Level,6,"13,767","T30200,T30200.6,8"
T30200,W017RC,32,To the rest of the world,1986,Current Dollars,Level,6,"14,198","T30200,T30200.6,8"
T30200,W017RC,32,To the rest of the world,1987,Current Dollars,Level,6,"12,715","T30200,T30200.6,8"
T30200,W017RC,32,To the rest of the world,1988,Current Dollars,Level,6,"13,194","T30200,T30200.6,8"
T30200,W017RC,32,To the rest of the world,1989,Current Dollars,Level,6,"13,547","T30200,T30200.6,8"
T30200,W017RC,32,To the rest of the world,1990,Current Dollars,Level,6,"13,529","T30200,T30200.6,8"
T30200,W017RC,32,To the rest of the world,1991,Current Dollars,Level,6,"-25,625","T30200,T30200.6,8"
T30200,W017RC,32,To the rest of the world,1992,Current Dollars,Level,6,"20,551","T30200,T30200.6,8"
T30200,W017RC,32,To the rest of the world,1993,Current Dollars,Level,6,"21,692","T30200,T30200.6,8"
T30200,W017RC,32,To the rest of the world,1994,Current Dollars,Level,6,"19,947","T30200,T30200.6,8"
T30200,W017RC,32,To the rest of the world,1995,Current Dollars,Level,6,"15,379","T30200,T30200.6,8"
T30200,W017RC,32,To the rest of the world,1996,Current Dollars,Level,6,"20,378","T30200,T30200.6,8"
T30200,W017RC,32,To the rest of the world,1997,Current Dollars,Level,6,"16,956","T30200,T30200.6,8"
T30200,W017RC,32,To the rest of the world,1998,Current Dollars,Level,6,"17,967","T30200,T30200.6,8"
T30200,W017RC,32,To the rest of the world,1999,Current Dollars,Level,6,"16,259","T30200,T30200.6,8"
T30200,W017RC,32,To the rest of the world,2000,Current Dollars,Level,6,"17,933","T30200,T30200.6,8"
T30200,W017RC,32,To the rest of the world,2001,Current Dollars,Level,6,"16,862","T30200,T30200.6,8"
T30200,W017RC,32,To the rest of the world,2002,Current Dollars,Level,6,"19,396","T30200,T30200.6,8"
T30200,W017RC,32,To the rest of the world,2003,Current Dollars,Level,6,"21,661","T30200,T30200.6,8"
T30200,W017RC,32,To the rest of the world,2004,Current Dollars,Level,6,"22,977","T30200,T30200.6,8"
T30200,W017RC,32,To the rest of the world,2005,Current Dollars,Level,6,"28,311","T30200,T30200.6,8"
T30200,W017RC,32,To the rest of the world,2006,Current Dollars,Level,6,"29,339","T30200,T30200.6,8"
T30200,W017RC,32,To the rest of the world,2007,Current Dollars,Level,6,"35,859","T30200,T30200.6,8"
T30200,W017RC,32,To the rest of the world,2008,Current Dollars,Level,6,"38,875","T30200,T30200.6,8"
T30200,W017RC,32,To the rest of the world,2009,Current Dollars,Level,6,"46,940","T30200,T30200.6,8"
T30200,W017RC,32,To the rest of the world,2010,Current Dollars,Level,6,"46,769","T30200,T30200.6,8"
T30200,W017RC,32,To the rest of the world,2011,Current Dollars,Level,6,"49,759","T30200,T30200.6,8"
T30200,W017RC,32,To the rest of the world,2012,Current Dollars,Level,6,"49,348","T30200,T30200.6,8"
T30200,W017RC,32,To the rest of the world,2013,Current Dollars,Level,6,"47,733","T30200,T30200.6,8"
T30200,W017RC,32,To the rest of the world,2014,Current Dollars,Level,6,"45,832","T30200,T30200.6,8"
T30200,W017RC,32,To the rest of the world,2015,Current Dollars,Level,6,"44,778","T30200,T30200.6,8"
T30200,W017RC,32,To the rest of the world,2016,Current Dollars,Level,6,"48,248","T30200,T30200.6,8"
T30200,W017RC,32,To the rest of the world,2017,Current Dollars,Level,6,"46,036","T30200,T30200.6,8"
T30200,W017RC,32,To the rest of the world,2018,Current Dollars,Level,6,"51,495","T30200,T30200.6,8"
T30200,W017RC,32,To the rest of the world,2019,Current Dollars,Level,6,"50,411","T30200,T30200.6,8"
T30200,W017RC,32,To the rest of the world,2020,Current Dollars,Level,6,"53,169","T30200,T30200.6,8"
T30200,W017RC,32,To the rest of the world,2021,Current Dollars,Level,6,"62,339","T30200,T30200.6,8"
T30200,W017RC,32,To the rest of the world,2022,Current Dollars,Level,6,"92,792","T30200,T30200.6,8"
T30200,W017RC,32,To the rest of the world,2023,Current Dollars,Level,6,"89,722","T30200,T30200.6,8"
T30200,W017RC,32,To the rest of the world,2024,Current Dollars,Level,6,"87,735","T30200,T30200.6,8"
T30200,W017RC,32,To the rest of the world,2025,Current Dollars,Level,6,"53,498","T30200,T30200.6,8"
T30200,A091RC,33,Interest payments,1929,Current Dollars,Level,6,309,"T30200,T30200.4"
T30200,A091RC,33,Interest payments,1930,Current Dollars,Level,6,264,"T30200,T30200.4"
T30200,A091RC,33,Interest payments,1931,Current Dollars,Level,6,406,"T30200,T30200.4"
T30200,A091RC,33,Interest payments,1932,Current Dollars,Level,6,470,"T30200,T30200.4"
T30200,A091RC,33,Interest payments,1933,Current Dollars,Level,6,549,"T30200,T30200.4"
T30200,A091RC,33,Interest payments,1934,Current Dollars,Level,6,622,"T30200,T30200.4"
T30200,A091RC,33,Interest payments,1935,Current Dollars,Level,6,595,"T30200,T30200.4"
T30200,A091RC,33,Interest payments,1936,Current Dollars,Level,6,552,"T30200,T30200.4"
T30200,A091RC,33,Interest payments,1937,Current Dollars,Level,6,774,"T30200,T30200.4"
T30200,A091RC,33,Interest payments,1938,Current Dollars,Level,6,746,"T30200,T30200.4"
T30200,A091RC,33,Interest payments,1939,Current Dollars,Level,6,764,"T30200,T30200.4"
T30200,A091RC,33,Interest payments,1940,Current Dollars,Level,6,"1,000","T30200,T30200.4"
T30200,A091RC,33,Interest payments,1941,Current Dollars,Level,6,"1,108","T30200,T30200.4"
T30200,A091RC,33,Interest payments,1942,Current Dollars,Level,6,"1,440","T30200,T30200.4"
T30200,A091RC,33,Interest payments,1943,Current Dollars,Level,6,"2,227","T30200,T30200.4"
T30200,A091RC,33,Interest payments,1944,Current Dollars,Level,6,"2,963","T30200,T30200.4"
T30200,A091RC,33,Interest payments,1945,Current Dollars,Level,6,"3,990","T30200,T30200.4"
T30200,A091RC,33,Interest payments,1946,Current Dollars,Level,6,"5,110","T30200,T30200.4"
T30200,A091RC,33,Interest payments,1947,Current Dollars,Level,6,"5,377","T30200,T30200.4"
T30200,A091RC,33,Interest payments,1948,Current Dollars,Level,6,"5,554","T30200,T30200.4"
T30200,A091RC,33,Interest payments,1949,Current Dollars,Level,6,"5,878","T30200,T30200.4"
T30200,A091RC,33,Interest payments,1950,Current Dollars,Level,6,"6,187","T30200,T30200.4"
T30200,A091RC,33,Interest payments,1951,Current Dollars,Level,6,"6,534","T30200,T30200.4"
T30200,A091RC,33,Interest payments,1952,Current Dollars,Level,6,"6,827","T30200,T30200.4"
T30200,A091RC,33,Interest payments,1953,Current Dollars,Level,6,"7,229","T30200,T30200.4"
T30200,A091RC,33,Interest payments,1954,Current Dollars,Level,6,"7,646","T30200,T30200.4"
T30200,A091RC,33,Interest payments,1955,Current Dollars,Level,6,"7,921","T30200,T30200.4"
T30200,A091RC,33,Interest payments,1956,Current Dollars,Level,6,"8,845","T30200,T30200.4"
T30200,A091RC,33,Interest payments,1957,Current Dollars,Level,6,"9,898","T30200,T30200.4"
T30200,A091RC,33,Interest payments,1958,Current Dollars,Level,6,"10,045","T30200,T30200.4"
T30200,A091RC,33,Interest payments,1959,Current Dollars,Level,6,"11,441","T30200,T30200.4"
T30200,A091RC,33,Interest payments,1960,Current Dollars,Level,6,"13,878","T30200,T30200.4"
T30200,A091RC,33,Interest payments,1961,Current Dollars,Level,6,"13,901","T30200,T30200.4"
T30200,A091RC,33,Interest payments,1962,Current Dollars,Level,6,"15,107","T30200,T30200.4"
T30200,A091RC,33,Interest payments,1963,Current Dollars,Level,6,"16,254","T30200,T30200.4"
T30200,A091RC,33,Interest payments,1964,Current Dollars,Level,6,"17,491","T30200,T30200.4"
T30200,A091RC,33,Interest payments,1965,Current Dollars,Level,6,"18,592","T30200,T30200.4"
T30200,A091RC,33,Interest payments,1966,Current Dollars,Level,6,"20,264","T30200,T30200.4"
T30200,A091RC,33,Interest payments,1967,Current Dollars,Level,6,"21,931","T30200,T30200.4"
T30200,A091RC,33,Interest payments,1968,Current Dollars,Level,6,"24,552","T30200,T30200.4"
T30200,A091RC,33,Interest payments,1969,Current Dollars,Level,6,"27,464","T30200,T30200.4"
T30200,A091RC,33,Interest payments,1970,Current Dollars,Level,6,"33,330","T30200,T30200.4"
T30200,A091RC,33,Interest payments,1971,Current Dollars,Level,6,"35,235","T30200,T30200.4"
T30200,A091RC,33,Interest payments,1972,Current Dollars,Level,6,"37,630","T30200,T30200.4"
T30200,A091RC,33,Interest payments,1973,Current Dollars,Level,6,"43,291","T30200,T30200.4"
T30200,A091RC,33,Interest payments,1974,Current Dollars,Level,6,"47,984","T30200,T30200.4"
T30200,A091RC,33,Interest payments,1975,Current Dollars,Level,6,"52,467","T30200,T30200.4"
T30200,A091RC,33,Interest payments,1976,Current Dollars,Level,6,"58,896","T30200,T30200.4"
T30200,A091RC,33,Interest payments,1977,Current Dollars,Level,6,"65,261","T30200,T30200.4"
T30200,A091RC,33,Interest payments,1978,Current Dollars,Level,6,"79,112","T30200,T30200.4"
T30200,A091RC,33,Interest payments,1979,Current Dollars,Level,6,"91,456","T30200,T30200.4"
T30200,A091RC,33,Interest payments,1980,Current Dollars,Level,6,"107,529","T30200,T30200.4"
T30200,A091RC,33,Interest payments,1981,Current Dollars,Level,6,"133,429","T30200,T30200.4"
T30200,A091RC,33,Interest payments,1982,Current Dollars,Level,6,"152,681","T30200,T30200.4"
T30200,A091RC,33,Interest payments,1983,Current Dollars,Level,6,"166,971","T30200,T30200.4"
T30200,A091RC,33,Interest payments,1984,Current Dollars,Level,6,"193,827","T30200,T30200.4"
T30200,A091RC,33,Interest payments,1985,Current Dollars,Level,6,"213,742","T30200,T30200.4"
T30200,A091RC,33,Interest payments,1986,Current Dollars,Level,6,"224,204","T30200,T30200.4"
T30200,A091RC,33,Interest payments,1987,Current Dollars,Level,6,"232,315","T30200,T30200.4"
T30200,A091RC,33,Interest payments,1988,Current Dollars,Level,6,"247,915","T30200,T30200.4"
T30200,A091RC,33,Interest payments,1989,Current Dollars,Level,6,"269,660","T30200,T30200.4"
T30200,A091RC,33,Interest payments,1990,Current Dollars,Level,6,"289,046","T30200,T30200.4"
T30200,A091RC,33,Interest payments,1991,Current Dollars,Level,6,"304,358","T30200,T30200.4"
T30200,A091RC,33,Interest payments,1992,Current Dollars,Level,6,"306,887","T30200,T30200.4"
T30200,A091RC,33,Interest payments,1993,Current Dollars,Level,6,"311,439","T30200,T30200.4"
T30200,A091RC,33,Interest payments,1994,Current Dollars,Level,6,"320,840","T30200,T30200.4"
T30200,A091RC,33,Interest payments,1995,Current Dollars,Level,6,"352,326","T30200,T30200.4"
T30200,A091RC,33,Interest payments,1996,Current Dollars,Level,6,"359,988","T30200,T30200.4"
T30200,A091RC,33,Interest payments,1997,Current Dollars,Level,6,"365,600","T30200,T30200.4"
T30200,A091RC,33,Interest payments,1998,Current Dollars,Level,6,"365,569","T30200,T30200.4"
T30200,A091RC,33,Interest payments,1999,Current Dollars,Level,6,"352,184","T30200,T30200.4"
T30200,A091RC,33,Interest payments,2000,Current Dollars,Level,6,"353,728","T30200,T30200.4"
T30200,A091RC,33,Interest payments,2001,Current Dollars,Level,6,"331,226","T30200,T30200.4"
T30200,A091RC,33,Interest payments,2002,Current Dollars,Level,6,"301,271","T30200,T30200.4"
T30200,A091RC,33,Interest payments,2003,Current Dollars,Level,6,"291,721","T30200,T30200.4"
T30200,A091RC,33,Interest payments,2004,Current Dollars,Level,6,"306,022","T30200,T30200.4"
T30200,A091RC,33,Interest payments,2005,Current Dollars,Level,6,"344,375","T30200,T30200.4"
T30200,A091RC,33,Interest payments,2006,Current Dollars,Level,6,"372,212","T30200,T30200.4"
T30200,A091RC,33,Interest payments,2007,Current Dollars,Level,6,"407,978","T30200,T30200.4"
T30200,A091RC,33,Interest payments,2008,Current Dollars,Level,6,"388,397","T30200,T30200.4"
T30200,A091RC,33,Interest payments,2009,Current Dollars,Level,6,"354,533","T30200,T30200.4"
T30200,A091RC,33,Interest payments,2010,Current Dollars,Level,6,"381,487","T30200,T30200.4"
T30200,A091RC,33,Interest payments,2011,Current Dollars,Level,6,"425,442","T30200,T30200.4"
T30200,A091RC,33,Interest payments,2012,Current Dollars,Level,6,"422,624","T30200,T30200.4"
T30200,A091RC,33,Interest payments,2013,Current Dollars,Level,6,"416,326","T30200,T30200.4"
T30200,A091RC,33,Interest payments,2014,Current Dollars,Level,6,"439,092","T30200,T30200.4"
T30200,A091RC,33,Interest payments,2015,Current Dollars,Level,6,"429,282","T30200,T30200.4"
T30200,A091RC,33,Interest payments,2016,Current Dollars,Level,6,"454,304","T30200,T30200.4"
T30200,A091RC,33,Interest payments,2017,Current Dollars,Level,6,"476,695","T30200,T30200.4"
T30200,A091RC,33,Interest payments,2018,Current Dollars,Level,6,"540,629","T30200,T30200.4"
T30200,A091RC,33,Interest payments,2019,Current Dollars,Level,6,"577,155","T30200,T30200.4"
T30200,A091RC,33,Interest payments,2020,Current Dollars,Level,6,"520,895","T30200,T30200.4"
T30200,A091RC,33,Interest payments,2021,Current Dollars,Level,6,"573,589","T30200,T30200.4"
T30200,A091RC,33,Interest payments,2022,Current Dollars,Level,6,"724,228","T30200,T30200.4"
T30200,A091RC,33,Interest payments,2023,Current Dollars,Level,6,"938,438","T30200,T30200.4"
T30200,A091RC,33,Interest payments,2024,Current Dollars,Level,6,"1,119,134","T30200,T30200.4"
T30200,A091RC,33,Interest payments,2025,Current Dollars,Level,6,"1,182,949","T30200,T30200.4"
T30200,B092RC,34,To persons and business,1960,Current Dollars,Level,6,"13,546","T30200,T30200.4"
T30200,B092RC,34,To persons and business,1961,Current Dollars,Level,6,"13,623","T30200,T30200.4"
T30200,B092RC,34,To persons and business,1962,Current Dollars,Level,6,"14,768","T30200,T30200.4"
T30200,B092RC,34,To persons and business,1963,Current Dollars,Level,6,"15,853","T30200,T30200.4"
T30200,B092RC,34,To persons and business,1964,Current Dollars,Level,6,"17,038","T30200,T30200.4"
T30200,B092RC,34,To persons and business,1965,Current Dollars,Level,6,"18,103","T30200,T30200.4"
T30200,B092RC,34,To persons and business,1966,Current Dollars,Level,6,"19,715","T30200,T30200.4"
T30200,B092RC,34,To persons and business,1967,Current Dollars,Level,6,"21,333","T30200,T30200.4"
T30200,B092RC,34,To persons and business,1968,Current Dollars,Level,6,"23,850","T30200,T30200.4"
T30200,B092RC,34,To persons and business,1969,Current Dollars,Level,6,"26,687","T30200,T30200.4"
T30200,B092RC,34,To persons and business,1970,Current Dollars,Level,6,"32,381","T30200,T30200.4"
T30200,B092RC,34,To persons and business,1971,Current Dollars,Level,6,"33,483","T30200,T30200.4"
T30200,B092RC,34,To persons and business,1972,Current Dollars,Level,6,"35,079","T30200,T30200.4"
T30200,B092RC,34,To persons and business,1973,Current Dollars,Level,6,"39,640","T30200,T30200.4"
T30200,B092RC,34,To persons and business,1974,Current Dollars,Level,6,"43,937","T30200,T30200.4"
T30200,B092RC,34,To persons and business,1975,Current Dollars,Level,6,"48,134","T30200,T30200.4"
T30200,B092RC,34,To persons and business,1976,Current Dollars,Level,6,"54,626","T30200,T30200.4"
T30200,B092RC,34,To persons and business,1977,Current Dollars,Level,6,"60,024","T30200,T30200.4"
T30200,B092RC,34,To persons and business,1978,Current Dollars,Level,6,"70,879","T30200,T30200.4"
T30200,B092RC,34,To persons and business,1979,Current Dollars,Level,6,"80,899","T30200,T30200.4"
T30200,B092RC,34,To persons and business,1980,Current Dollars,Level,6,"95,663","T30200,T30200.4"
T30200,B092RC,34,To persons and business,1981,Current Dollars,Level,6,"117,153","T30200,T30200.4"
T30200,B092RC,34,To persons and business,1982,Current Dollars,Level,6,"134,690","T30200,T30200.4"
T30200,B092RC,34,To persons and business,1983,Current Dollars,Level,6,"148,911","T30200,T30200.4"
T30200,B092RC,34,To persons and business,1984,Current Dollars,Level,6,"173,660","T30200,T30200.4"
T30200,B092RC,34,To persons and business,1985,Current Dollars,Level,6,"191,588","T30200,T30200.4"
T30200,B092RC,34,To persons and business,1986,Current Dollars,Level,6,"200,860","T30200,T30200.4"
T30200,B092RC,34,To persons and business,1987,Current Dollars,Level,6,"208,211","T30200,T30200.4"
T30200,B092RC,34,To persons and business,1988,Current Dollars,Level,6,"219,160","T30200,T30200.4"
T30200,B092RC,34,To persons and business,1989,Current Dollars,Level,6,"235,119","T30200,T30200.4"
T30200,B092RC,34,To persons and business,1990,Current Dollars,Level,6,"252,980","T30200,T30200.4"
T30200,B092RC,34,To persons and business,1991,Current Dollars,Level,6,"268,289","T30200,T30200.4"
T30200,B092RC,34,To persons and business,1992,Current Dollars,Level,6,"272,615","T30200,T30200.4"
T30200,B092RC,34,To persons and business,1993,Current Dollars,Level,6,"277,275","T30200,T30200.4"
T30200,B092RC,34,To persons and business,1994,Current Dollars,Level,6,"284,485","T30200,T30200.4"
T30200,B092RC,34,To persons and business,1995,Current Dollars,Level,6,"305,239","T30200,T30200.4"
T30200,B092RC,34,To persons and business,1996,Current Dollars,Level,6,"303,224","T30200,T30200.4"
T30200,B092RC,34,To persons and business,1997,Current Dollars,Level,6,"295,908","T30200,T30200.4"
T30200,B092RC,34,To persons and business,1998,Current Dollars,Level,6,"293,485","T30200,T30200.4"
T30200,B092RC,34,To persons and business,1999,Current Dollars,Level,6,"285,058","T30200,T30200.4"
T30200,B092RC,34,To persons and business,2000,Current Dollars,Level,6,"288,645","T30200,T30200.4"
T30200,B092RC,34,To persons and business,2001,Current Dollars,Level,6,"273,584","T30200,T30200.4"
T30200,B092RC,34,To persons and business,2002,Current Dollars,Level,6,"251,312","T30200,T30200.4"
T30200,B092RC,34,To persons and business,2003,Current Dollars,Level,6,"243,534","T30200,T30200.4"
T30200,B092RC,34,To persons and business,2004,Current Dollars,Level,6,"249,362","T30200,T30200.4"
T30200,B092RC,34,To persons and business,2005,Current Dollars,Level,6,"272,550","T30200,T30200.4"
T30200,B092RC,34,To persons and business,2006,Current Dollars,Level,6,"285,030","T30200,T30200.4"
T30200,B092RC,34,To persons and business,2007,Current Dollars,Level,6,"305,039","T30200,T30200.4"
T30200,B092RC,34,To persons and business,2008,Current Dollars,Level,6,"286,300","T30200,T30200.4"
T30200,B092RC,34,To persons and business,2009,Current Dollars,Level,6,"265,874","T30200,T30200.4"
T30200,B092RC,34,To persons and business,2010,Current Dollars,Level,6,"286,867","T30200,T30200.4"
T30200,B092RC,34,To persons and business,2011,Current Dollars,Level,6,"320,696","T30200,T30200.4"
T30200,B092RC,34,To persons and business,2012,Current Dollars,Level,6,"320,626","T30200,T30200.4"
T30200,B092RC,34,To persons and business,2013,Current Dollars,Level,6,"316,372","T30200,T30200.4"
T30200,B092RC,34,To persons and business,2014,Current Dollars,Level,6,"338,523","T30200,T30200.4"
T30200,B092RC,34,To persons and business,2015,Current Dollars,Level,6,"334,313","T30200,T30200.4"
T30200,B092RC,34,To persons and business,2016,Current Dollars,Level,6,"348,802","T30200,T30200.4"
T30200,B092RC,34,To persons and business,2017,Current Dollars,Level,6,"360,143","T30200,T30200.4"
T30200,B092RC,34,To persons and business,2018,Current Dollars,Level,6,"403,221","T30200,T30200.4"
T30200,B092RC,34,To persons and business,2019,Current Dollars,Level,6,"431,324","T30200,T30200.4"
T30200,B092RC,34,To persons and business,2020,Current Dollars,Level,6,"399,407","T30200,T30200.4"
T30200,B092RC,34,To persons and business,2021,Current Dollars,Level,6,"430,418","T30200,T30200.4"
T30200,B092RC,34,To persons and business,2022,Current Dollars,Level,6,"544,761","T30200,T30200.4"
T30200,B092RC,34,To persons and business,2023,Current Dollars,Level,6,"711,634","T30200,T30200.4"
T30200,B092RC,34,To persons and business,2024,Current Dollars,Level,6,"844,262","T30200,T30200.4"
T30200,B093RC,35,To the rest of the world,1929,Current Dollars,Level,6,0,T30200
T30200,B093RC,35,To the rest of the world,1930,Current Dollars,Level,6,0,T30200
T30200,B093RC,35,To the rest of the world,1931,Current Dollars,Level,6,0,T30200
T30200,B093RC,35,To the rest of the world,1932,Current Dollars,Level,6,0,T30200
T30200,B093RC,35,To the rest of the world,1933,Current Dollars,Level,6,0,T30200
T30200,B093RC,35,To the rest of the world,1934,Current Dollars,Level,6,0,T30200
T30200,B093RC,35,To the rest of the world,1935,Current Dollars,Level,6,0,T30200
T30200,B093RC,35,To the rest of the world,1936,Current Dollars,Level,6,0,T30200
T30200,B093RC,35,To the rest of the world,1937,Current Dollars,Level,6,0,T30200
T30200,B093RC,35,To the rest of the world,1938,Current Dollars,Level,6,0,T30200
T30200,B093RC,35,To the rest of the world,1939,Current Dollars,Level,6,0,T30200
T30200,B093RC,35,To the rest of the world,1940,Current Dollars,Level,6,6,T30200
T30200,B093RC,35,To the rest of the world,1941,Current Dollars,Level,6,6,T30200
T30200,B093RC,35,To the rest of the world,1942,Current Dollars,Level,6,7,T30200
T30200,B093RC,35,To the rest of the world,1943,Current Dollars,Level,6,9,T30200
T30200,B093RC,35,To the rest of the world,1944,Current Dollars,Level,6,12,T30200
T30200,B093RC,35,To the rest of the world,1945,Current Dollars,Level,6,17,T30200
T30200,B093RC,35,To the rest of the world,1946,Current Dollars,Level,6,15,T30200
T30200,B093RC,35,To the rest of the world,1947,Current Dollars,Level,6,16,T30200
T30200,B093RC,35,To the rest of the world,1948,Current Dollars,Level,6,17,T30200
T30200,B093RC,35,To the rest of the world,1949,Current Dollars,Level,6,25,T30200
T30200,B093RC,35,To the rest of the world,1950,Current Dollars,Level,6,31,T30200
T30200,B093RC,35,To the rest of the world,1951,Current Dollars,Level,6,47,T30200
T30200,B093RC,35,To the rest of the world,1952,Current Dollars,Level,6,64,T30200
T30200,B093RC,35,To the rest of the world,1953,Current Dollars,Level,6,86,T30200
T30200,B093RC,35,To the rest of the world,1954,Current Dollars,Level,6,59,T30200
T30200,B093RC,35,To the rest of the world,1955,Current Dollars,Level,6,94,T30200
T30200,B093RC,35,To the rest of the world,1956,Current Dollars,Level,6,154,T30200
T30200,B093RC,35,To the rest of the world,1957,Current Dollars,Level,6,201,T30200
T30200,B093RC,35,To the rest of the world,1958,Current Dollars,Level,6,139,T30200
T30200,B093RC,35,To the rest of the world,1959,Current Dollars,Level,6,281,T30200
T30200,B093RC,35,To the rest of the world,1960,Current Dollars,Level,6,332,T30200
T30200,B093RC,35,To the rest of the world,1961,Current Dollars,Level,6,278,T30200
T30200,B093RC,35,To the rest of the world,1962,Current Dollars,Level,6,339,T30200
T30200,B093RC,35,To the rest of the world,1963,Current Dollars,Level,6,401,T30200
T30200,B093RC,35,To the rest of the world,1964,Current Dollars,Level,6,453,T30200
T30200,B093RC,35,To the rest of the world,1965,Current Dollars,Level,6,489,T30200
T30200,B093RC,35,To the rest of the world,1966,Current Dollars,Level,6,549,T30200
T30200,B093RC,35,To the rest of the world,1967,Current Dollars,Level,6,598,T30200
T30200,B093RC,35,To the rest of the world,1968,Current Dollars,Level,6,702,T30200
T30200,B093RC,35,To the rest of the world,1969,Current Dollars,Level,6,777,T30200
T30200,B093RC,35,To the rest of the world,1970,Current Dollars,Level,6,949,T30200
T30200,B093RC,35,To the rest of the world,1971,Current Dollars,Level,6,"1,752",T30200
T30200,B093RC,35,To the rest of the world,1972,Current Dollars,Level,6,"2,551",T30200
T30200,B093RC,35,To the rest of the world,1973,Current Dollars,Level,6,"3,651",T30200
T30200,B093RC,35,To the rest of the world,1974,Current Dollars,Level,6,"4,047",T30200
T30200,B093RC,35,To the rest of the world,1975,Current Dollars,Level,6,"4,333",T30200
T30200,B093RC,35,To the rest of the world,1976,Current Dollars,Level,6,"4,270",T30200
T30200,B093RC,35,To the rest of the world,1977,Current Dollars,Level,6,"5,237",T30200
T30200,B093RC,35,To the rest of the world,1978,Current Dollars,Level,6,"8,233",T30200
T30200,B093RC,35,To the rest of the world,1979,Current Dollars,Level,6,"10,557",T30200
T30200,B093RC,35,To the rest of the world,1980,Current Dollars,Level,6,"11,866",T30200
T30200,B093RC,35,To the rest of the world,1981,Current Dollars,Level,6,"16,276",T30200
T30200,B093RC,35,To the rest of the world,1982,Current Dollars,Level,6,"17,991",T30200
T30200,B093RC,35,To the rest of the world,1983,Current Dollars,Level,6,"18,060",T30200
T30200,B093RC,35,To the rest of the world,1984,Current Dollars,Level,6,"20,167",T30200
T30200,B093RC,35,To the rest of the world,1985,Current Dollars,Level,6,"22,154",T30200
T30200,B093RC,35,To the rest of the world,1986,Current Dollars,Level,6,"23,344",T30200
T30200,B093RC,35,To the rest of the world,1987,Current Dollars,Level,6,"24,104",T30200
T30200,B093RC,35,To the rest of the world,1988,Current Dollars,Level,6,"28,755",T30200
T30200,B093RC,35,To the rest of the world,1989,Current Dollars,Level,6,"34,541",T30200
T30200,B093RC,35,To the rest of the world,1990,Current Dollars,Level,6,"36,066",T30200
T30200,B093RC,35,To the rest of the world,1991,Current Dollars,Level,6,"36,069",T30200
T30200,B093RC,35,To the rest of the world,1992,Current Dollars,Level,6,"34,272",T30200
T30200,B093RC,35,To the rest of the world,1993,Current Dollars,Level,6,"34,164",T30200
T30200,B093RC,35,To the rest of the world,1994,Current Dollars,Level,6,"36,355",T30200
T30200,B093RC,35,To the rest of the world,1995,Current Dollars,Level,6,"47,087",T30200
T30200,B093RC,35,To the rest of the world,1996,Current Dollars,Level,6,"56,764",T30200
T30200,B093RC,35,To the rest of the world,1997,Current Dollars,Level,6,"69,692",T30200
T30200,B093RC,35,To the rest of the world,1998,Current Dollars,Level,6,"72,084",T30200
T30200,B093RC,35,To the rest of the world,1999,Current Dollars,Level,6,"67,126",T30200
T30200,B093RC,35,To the rest of the world,2000,Current Dollars,Level,6,"65,083",T30200
T30200,B093RC,35,To the rest of the world,2001,Current Dollars,Level,6,"57,641",T30200
T30200,B093RC,35,To the rest of the world,2002,Current Dollars,Level,6,"49,959",T30200
T30200,B093RC,35,To the rest of the world,2003,Current Dollars,Level,6,"48,187",T30200
T30200,B093RC,35,To the rest of the world,2004,Current Dollars,Level,6,"56,661",T30200
T30200,B093RC,35,To the rest of the world,2005,Current Dollars,Level,6,"71,825",T30200
T30200,B093RC,35,To the rest of the world,2006,Current Dollars,Level,6,"87,182",T30200
T30200,B093RC,35,To the rest of the world,2007,Current Dollars,Level,6,"102,939",T30200
T30200,B093RC,35,To the rest of the world,2008,Current Dollars,Level,6,"102,098",T30200
T30200,B093RC,35,To the rest of the world,2009,Current Dollars,Level,6,"88,659",T30200
T30200,B093RC,35,To the rest of the world,2010,Current Dollars,Level,6,"94,620",T30200
T30200,B093RC,35,To the rest of the world,2011,Current Dollars,Level,6,"104,746",T30200
T30200,B093RC,35,To the rest of the world,2012,Current Dollars,Level,6,"101,998",T30200
T30200,B093RC,35,To the rest of the world,2013,Current Dollars,Level,6,"99,954",T30200
T30200,B093RC,35,To the rest of the world,2014,Current Dollars,Level,6,"100,570",T30200
T30200,B093RC,35,To the rest of the world,2015,Current Dollars,Level,6,"94,970",T30200
T30200,B093RC,35,To the rest of the world,2016,Current Dollars,Level,6,"105,502",T30200
T30200,B093RC,35,To the rest of the world,2017,Current Dollars,Level,6,"116,552",T30200
T30200,B093RC,35,To the rest of the world,2018,Current Dollars,Level,6,"137,409",T30200
T30200,B093RC,35,To the rest of the world,2019,Current Dollars,Level,6,"145,831",T30200
T30200,B093RC,35,To the rest of the world,2020,Current Dollars,Level,6,"121,488",T30200
T30200,B093RC,35,To the rest of the world,2021,Current Dollars,Level,6,"143,170",T30200
T30200,B093RC,35,To the rest of the world,2022,Current Dollars,Level,6,"179,467",T30200
T30200,B093RC,35,To the rest of the world,2023,Current Dollars,Level,6,"226,804",T30200
T30200,B093RC,35,To the rest of the world,2024,Current Dollars,Level,6,"274,872",T30200
T30200,B096RC,36,Subsidies,1929,Current Dollars,Level,6,143,"T30200,T30200.7"
T30200,B096RC,36,Subsidies,1930,Current Dollars,Level,6,173,"T30200,T30200.7"
T30200,B096RC,36,Subsidies,1931,Current Dollars,Level,6,227,"T30200,T30200.7"
T30200,B096RC,36,Subsidies,1932,Current Dollars,Level,6,199,"T30200,T30200.7"
T30200,B096RC,36,Subsidies,1933,Current Dollars,Level,6,262,"T30200,T30200.7"
T30200,B096RC,36,Subsidies,1934,Current Dollars,Level,6,589,"T30200,T30200.7"
T30200,B096RC,36,Subsidies,1935,Current Dollars,Level,6,758,"T30200,T30200.7"
T30200,B096RC,36,Subsidies,1936,Current Dollars,Level,6,471,"T30200,T30200.7"
T30200,B096RC,36,Subsidies,1937,Current Dollars,Level,6,535,"T30200,T30200.7"
T30200,B096RC,36,Subsidies,1938,Current Dollars,Level,6,648,"T30200,T30200.7"
T30200,B096RC,36,Subsidies,1939,Current Dollars,Level,6,999,"T30200,T30200.7"
T30200,B096RC,36,Subsidies,1940,Current Dollars,Level,6,989,"T30200,T30200.7"
T30200,B096RC,36,Subsidies,1941,Current Dollars,Level,6,738,"T30200,T30200.7"
T30200,B096RC,36,Subsidies,1942,Current Dollars,Level,6,837,"T30200,T30200.7"
T30200,B096RC,36,Subsidies,1943,Current Dollars,Level,6,959,"T30200,T30200.7"
T30200,B096RC,36,Subsidies,1944,Current Dollars,Level,6,"1,444","T30200,T30200.7"
T30200,B096RC,36,Subsidies,1945,Current Dollars,Level,6,"1,584","T30200,T30200.7"
T30200,B096RC,36,Subsidies,1946,Current Dollars,Level,6,"1,728","T30200,T30200.7"
T30200,B096RC,36,Subsidies,1947,Current Dollars,Level,6,735,"T30200,T30200.7"
T30200,B096RC,36,Subsidies,1948,Current Dollars,Level,6,815,"T30200,T30200.7"
T30200,B096RC,36,Subsidies,1949,Current Dollars,Level,6,822,"T30200,T30200.7"
T30200,B096RC,36,Subsidies,1950,Current Dollars,Level,6,"1,197","T30200,T30200.7"
T30200,B096RC,36,Subsidies,1951,Current Dollars,Level,6,"1,448","T30200,T30200.7"
T30200,B096RC,36,Subsidies,1952,Current Dollars,Level,6,"1,177","T30200,T30200.7"
T30200,B096RC,36,Subsidies,1953,Current Dollars,Level,6,967,"T30200,T30200.7"
T30200,B096RC,36,Subsidies,1954,Current Dollars,Level,6,898,"T30200,T30200.7"
T30200,B096RC,36,Subsidies,1955,Current Dollars,Level,6,940,"T30200,T30200.7"
T30200,B096RC,36,Subsidies,1956,Current Dollars,Level,6,"1,506","T30200,T30200.7"
T30200,B096RC,36,Subsidies,1957,Current Dollars,Level,6,"1,896","T30200,T30200.7"
T30200,B096RC,36,Subsidies,1958,Current Dollars,Level,6,"2,122","T30200,T30200.7"
T30200,B096RC,36,Subsidies,1959,Current Dollars,Level,6,"1,058","T30200,T30200.7"
T30200,B096RC,36,Subsidies,1960,Current Dollars,Level,6,"1,146","T30200,T30200.7"
T30200,B096RC,36,Subsidies,1961,Current Dollars,Level,6,"2,014","T30200,T30200.7"
T30200,B096RC,36,Subsidies,1962,Current Dollars,Level,6,"2,273","T30200,T30200.7"
T30200,B096RC,36,Subsidies,1963,Current Dollars,Level,6,"2,222","T30200,T30200.7"
T30200,B096RC,36,Subsidies,1964,Current Dollars,Level,6,"2,719","T30200,T30200.7"
T30200,B096RC,36,Subsidies,1965,Current Dollars,Level,6,"2,989","T30200,T30200.7"
T30200,B096RC,36,Subsidies,1966,Current Dollars,Level,6,"3,925","T30200,T30200.7"
T30200,B096RC,36,Subsidies,1967,Current Dollars,Level,6,"3,785","T30200,T30200.7"
T30200,B096RC,36,Subsidies,1968,Current Dollars,Level,6,"4,147","T30200,T30200.7"
T30200,B096RC,36,Subsidies,1969,Current Dollars,Level,6,"4,509","T30200,T30200.7"
T30200,B096RC,36,Subsidies,1970,Current Dollars,Level,6,"4,753","T30200,T30200.7"
T30200,B096RC,36,Subsidies,1971,Current Dollars,Level,6,"4,641","T30200,T30200.7"
T30200,B096RC,36,Subsidies,1972,Current Dollars,Level,6,"6,583","T30200,T30200.7"
T30200,B096RC,36,Subsidies,1973,Current Dollars,Level,6,"5,149","T30200,T30200.7"
T30200,B096RC,36,Subsidies,1974,Current Dollars,Level,6,"3,191","T30200,T30200.7"
T30200,B096RC,36,Subsidies,1975,Current Dollars,Level,6,"4,336","T30200,T30200.7"
T30200,B096RC,36,Subsidies,1976,Current Dollars,Level,6,"4,936","T30200,T30200.7"
T30200,B096RC,36,Subsidies,1977,Current Dollars,Level,6,"6,890","T30200,T30200.7"
T30200,B096RC,36,Subsidies,1978,Current Dollars,Level,6,"8,697","T30200,T30200.7"
T30200,B096RC,36,Subsidies,1979,Current Dollars,Level,6,"8,204","T30200,T30200.7"
T30200,B096RC,36,Subsidies,1980,Current Dollars,Level,6,"9,446","T30200,T30200.7"
T30200,B096RC,36,Subsidies,1981,Current Dollars,Level,6,"11,071","T30200,T30200.7"
T30200,B096RC,36,Subsidies,1982,Current Dollars,Level,6,"14,563","T30200,T30200.7"
T30200,B096RC,36,Subsidies,1983,Current Dollars,Level,6,"20,862","T30200,T30200.7"
T30200,B096RC,36,Subsidies,1984,Current Dollars,Level,6,"20,680","T30200,T30200.7"
T30200,B096RC,36,Subsidies,1985,Current Dollars,Level,6,"21,033","T30200,T30200.7"
T30200,B096RC,36,Subsidies,1986,Current Dollars,Level,6,"24,589","T30200,T30200.7"
T30200,B096RC,36,Subsidies,1987,Current Dollars,Level,6,"30,007","T30200,T30200.7"
T30200,B096RC,36,Subsidies,1988,Current Dollars,Level,6,"29,150","T30200,T30200.7"
T30200,B096RC,36,Subsidies,1989,Current Dollars,Level,6,"27,052","T30200,T30200.7"
T30200,B096RC,36,Subsidies,1990,Current Dollars,Level,6,"26,619","T30200,T30200.7"
T30200,B096RC,36,Subsidies,1991,Current Dollars,Level,6,"27,076","T30200,T30200.7"
T30200,B096RC,36,Subsidies,1992,Current Dollars,Level,6,"29,700","T30200,T30200.7"
T30200,B096RC,36,Subsidies,1993,Current Dollars,Level,6,"36,318","T30200,T30200.7"
T30200,B096RC,36,Subsidies,1994,Current Dollars,Level,6,"32,183","T30200,T30200.7"
T30200,B096RC,36,Subsidies,1995,Current Dollars,Level,6,"34,502","T30200,T30200.7"
T30200,B096RC,36,Subsidies,1996,Current Dollars,Level,6,"34,903","T30200,T30200.7"
T30200,B096RC,36,Subsidies,1997,Current Dollars,Level,6,"33,374","T30200,T30200.7"
T30200,B096RC,36,Subsidies,1998,Current Dollars,Level,6,"35,922","T30200,T30200.7"
T30200,B096RC,36,Subsidies,1999,Current Dollars,Level,6,"44,780","T30200,T30200.7"
T30200,B096RC,36,Subsidies,2000,Current Dollars,Level,6,"45,306","T30200,T30200.7"
T30200,B096RC,36,Subsidies,2001,Current Dollars,Level,6,"51,057","T30200,T30200.7"
T30200,B096RC,36,Subsidies,2002,Current Dollars,Level,6,"40,478","T30200,T30200.7"
T30200,B096RC,36,Subsidies,2003,Current Dollars,Level,6,"48,973","T30200,T30200.7"
T30200,B096RC,36,Subsidies,2004,Current Dollars,Level,6,"46,017","T30200,T30200.7"
T30200,B096RC,36,Subsidies,2005,Current Dollars,Level,6,"60,539","T30200,T30200.7"
T30200,B096RC,36,Subsidies,2006,Current Dollars,Level,6,"51,094","T30200,T30200.7"
T30200,B096RC,36,Subsidies,2007,Current Dollars,Level,6,"47,452","T30200,T30200.7"
T30200,B096RC,36,Subsidies,2008,Current Dollars,Level,6,"49,588","T30200,T30200.7"
T30200,B096RC,36,Subsidies,2009,Current Dollars,Level,6,"56,940","T30200,T30200.7"
T30200,B096RC,36,Subsidies,2010,Current Dollars,Level,6,"54,242","T30200,T30200.7"
T30200,B096RC,36,Subsidies,2011,Current Dollars,Level,6,"59,462","T30200,T30200.7"
T30200,B096RC,36,Subsidies,2012,Current Dollars,Level,6,"57,579","T30200,T30200.7"
T30200,B096RC,36,Subsidies,2013,Current Dollars,Level,6,"59,244","T30200,T30200.7"
T30200,B096RC,36,Subsidies,2014,Current Dollars,Level,6,"57,595","T30200,T30200.7"
T30200,B096RC,36,Subsidies,2015,Current Dollars,Level,6,"56,678","T30200,T30200.7"
T30200,B096RC,36,Subsidies,2016,Current Dollars,Level,6,"61,214","T30200,T30200.7"
T30200,B096RC,36,Subsidies,2017,Current Dollars,Level,6,"59,320","T30200,T30200.7"
T30200,B096RC,36,Subsidies,2018,Current Dollars,Level,6,"62,743","T30200,T30200.7"
T30200,B096RC,36,Subsidies,2019,Current Dollars,Level,6,"72,357","T30200,T30200.7"
T30200,B096RC,36,Subsidies,2020,Current Dollars,Level,6,"697,884","T30200,T30200.7"
T30200,B096RC,36,Subsidies,2021,Current Dollars,Level,6,"622,956","T30200,T30200.7"
T30200,B096RC,36,Subsidies,2022,Current Dollars,Level,6,"127,326","T30200,T30200.7"
T30200,B096RC,36,Subsidies,2023,Current Dollars,Level,6,"101,560","T30200,T30200.7"
T30200,B096RC,36,Subsidies,2024,Current Dollars,Level,6,"93,526","T30200,T30200.7"
T30200,B096RC,36,Subsidies,2025,Current Dollars,Level,6,"111,742","T30200,T30200.7"
T30200,A923RC,37,Net federal government saving,1929,Current Dollars,Level,6,774,T30200
T30200,A923RC,37,Net federal government saving,1930,Current Dollars,Level,6,-42,T30200
T30200,A923RC,37,Net federal government saving,1931,Current Dollars,Level,6,"-2,362",T30200
T30200,A923RC,37,Net federal government saving,1932,Current Dollars,Level,6,"-1,603",T30200
T30200,A923RC,37,Net federal government saving,1933,Current Dollars,Level,6,"-1,182",T30200
T30200,A923RC,37,Net federal government saving,1934,Current Dollars,Level,6,"-2,584",T30200
T30200,A923RC,37,Net federal government saving,1935,Current Dollars,Level,6,"-2,297",T30200
T30200,A923RC,37,Net federal government saving,1936,Current Dollars,Level,6,"-3,618",T30200
T30200,A923RC,37,Net federal government saving,1937,Current Dollars,Level,6,-195,T30200
T30200,A923RC,37,Net federal government saving,1938,Current Dollars,Level,6,"-1,764",T30200
T30200,A923RC,37,Net federal government saving,1939,Current Dollars,Level,6,"-2,562",T30200
T30200,A923RC,37,Net federal government saving,1940,Current Dollars,Level,6,"-1,020",T30200
T30200,A923RC,37,Net federal government saving,1941,Current Dollars,Level,6,617,T30200
T30200,A923RC,37,Net federal government saving,1942,Current Dollars,Level,6,"-11,419",T30200
T30200,A923RC,37,Net federal government saving,1943,Current Dollars,Level,6,"-17,079",T30200
T30200,A923RC,37,Net federal government saving,1944,Current Dollars,Level,6,"-29,420",T30200
T30200,A923RC,37,Net federal government saving,1945,Current Dollars,Level,6,"-31,985",T30200
T30200,A923RC,37,Net federal government saving,1946,Current Dollars,Level,6,"-8,090",T30200
T30200,A923RC,37,Net federal government saving,1947,Current Dollars,Level,6,"2,463",T30200
T30200,A923RC,37,Net federal government saving,1948,Current Dollars,Level,6,974,T30200
T30200,A923RC,37,Net federal government saving,1949,Current Dollars,Level,6,"-8,473",T30200
T30200,A923RC,37,Net federal government saving,1950,Current Dollars,Level,6,"1,883",T30200
T30200,A923RC,37,Net federal government saving,1951,Current Dollars,Level,6,"4,501",T30200
T30200,A923RC,37,Net federal government saving,1952,Current Dollars,Level,6,"-2,119",T30200
T30200,A923RC,37,Net federal government saving,1953,Current Dollars,Level,6,"-4,160",T30200
T30200,A923RC,37,Net federal government saving,1954,Current Dollars,Level,6,"-7,994",T30200
T30200,A923RC,37,Net federal government saving,1955,Current Dollars,Level,6,-569,T30200
T30200,A923RC,37,Net federal government saving,1956,Current Dollars,Level,6,"1,406",T30200
T30200,A923RC,37,Net federal government saving,1957,Current Dollars,Level,6,"-2,625",T30200
T30200,A923RC,37,Net federal government saving,1958,Current Dollars,Level,6,"-12,059",T30200
T30200,A923RC,37,Net federal government saving,1959,Current Dollars,Level,6,"-3,907",T30200
T30200,A923RC,37,Net federal government saving,1960,Current Dollars,Level,6,157,T30200
T30200,A923RC,37,Net federal government saving,1961,Current Dollars,Level,6,"-4,732",T30200
T30200,A923RC,37,Net federal government saving,1962,Current Dollars,Level,6,"-5,370",T30200
T30200,A923RC,37,Net federal government saving,1963,Current Dollars,Level,6,"-2,161",T30200
T30200,A923RC,37,Net federal government saving,1964,Current Dollars,Level,6,"-6,892",T30200
T30200,A923RC,37,Net federal government saving,1965,Current Dollars,Level,6,"-5,516",T30200
T30200,A923RC,37,Net federal government saving,1966,Current Dollars,Level,6,"-6,987",T30200
T30200,A923RC,37,Net federal government saving,1967,Current Dollars,Level,6,"-19,526",T30200
T30200,A923RC,37,Net federal government saving,1968,Current Dollars,Level,6,"-13,767",T30200
T30200,A923RC,37,Net federal government saving,1969,Current Dollars,Level,6,"-5,149",T30200
T30200,A923RC,37,Net federal government saving,1970,Current Dollars,Level,6,"-34,817",T30200
T30200,A923RC,37,Net federal government saving,1971,Current Dollars,Level,6,"-50,895",T30200
T30200,A923RC,37,Net federal government saving,1972,Current Dollars,Level,6,"-49,011",T30200
T30200,A923RC,37,Net federal government saving,1973,Current Dollars,Level,6,"-38,309",T30200
T30200,A923RC,37,Net federal government saving,1974,Current Dollars,Level,6,"-41,348",T30200
T30200,A923RC,37,Net federal government saving,1975,Current Dollars,Level,6,"-97,925",T30200
T30200,A923RC,37,Net federal government saving,1976,Current Dollars,Level,6,"-80,896",T30200
T30200,A923RC,37,Net federal government saving,1977,Current Dollars,Level,6,"-73,446",T30200
T30200,A923RC,37,Net federal government saving,1978,Current Dollars,Level,6,"-62,040",T30200
T30200,A923RC,37,Net federal government saving,1979,Current Dollars,Level,6,"-47,364",T30200
T30200,A923RC,37,Net federal government saving,1980,Current Dollars,Level,6,"-88,761",T30200
T30200,A923RC,37,Net federal government saving,1981,Current Dollars,Level,6,"-88,074",T30200
T30200,A923RC,37,Net federal government saving,1982,Current Dollars,Level,6,"-167,353",T30200
T30200,A923RC,37,Net federal government saving,1983,Current Dollars,Level,6,"-207,177",T30200
T30200,A923RC,37,Net federal government saving,1984,Current Dollars,Level,6,"-196,517",T30200
T30200,A923RC,37,Net federal government saving,1985,Current Dollars,Level,6,"-199,244",T30200
T30200,A923RC,37,Net federal government saving,1986,Current Dollars,Level,6,"-215,939",T30200
T30200,A923RC,37,Net federal government saving,1987,Current Dollars,Level,6,"-165,736",T30200
T30200,A923RC,37,Net federal government saving,1988,Current Dollars,Level,6,"-159,957",T30200
T30200,A923RC,37,Net federal government saving,1989,Current Dollars,Level,6,"-159,365",T30200
T30200,A923RC,37,Net federal government saving,1990,Current Dollars,Level,6,"-203,275",T30200
T30200,A923RC,37,Net federal government saving,1991,Current Dollars,Level,6,"-248,407",T30200
T30200,A923RC,37,Net federal government saving,1992,Current Dollars,Level,6,"-334,504",T30200
T30200,A923RC,37,Net federal government saving,1993,Current Dollars,Level,6,"-313,536",T30200
T30200,A923RC,37,Net federal government saving,1994,Current Dollars,Level,6,"-255,624",T30200
T30200,A923RC,37,Net federal government saving,1995,Current Dollars,Level,6,"-242,109",T30200
T30200,A923RC,37,Net federal government saving,1996,Current Dollars,Level,6,"-179,383",T30200
T30200,A923RC,37,Net federal government saving,1997,Current Dollars,Level,6,"-91,963",T30200
T30200,A923RC,37,Net federal government saving,1998,Current Dollars,Level,6,"1,398",T30200
T30200,A923RC,37,Net federal government saving,1999,Current Dollars,Level,6,"69,124",T30200
T30200,A923RC,37,Net federal government saving,2000,Current Dollars,Level,6,"159,685",T30200
T30200,A923RC,37,Net federal government saving,2001,Current Dollars,Level,6,"15,039",T30200
T30200,A923RC,37,Net federal government saving,2002,Current Dollars,Level,6,"-267,813",T30200
T30200,A923RC,37,Net federal government saving,2003,Current Dollars,Level,6,"-397,380",T30200
T30200,A923RC,37,Net federal government saving,2004,Current Dollars,Level,6,"-393,490",T30200
T30200,A923RC,37,Net federal government saving,2005,Current Dollars,Level,6,"-293,757",T30200
T30200,A923RC,37,Net federal government saving,2006,Current Dollars,Level,6,"-221,944",T30200
T30200,A923RC,37,Net federal government saving,2007,Current Dollars,Level,6,"-259,677",T30200
T30200,A923RC,37,Net federal government saving,2008,Current Dollars,Level,6,"-624,937",T30200
T30200,A923RC,37,Net federal government saving,2009,Current Dollars,Level,6,"-1,243,174",T30200
T30200,A923RC,37,Net federal government saving,2010,Current Dollars,Level,6,"-1,318,361",T30200
T30200,A923RC,37,Net federal government saving,2011,Current Dollars,Level,6,"-1,234,140",T30200
T30200,A923RC,37,Net federal government saving,2012,Current Dollars,Level,6,"-1,072,686",T30200
T30200,A923RC,37,Net federal government saving,2013,Current Dollars,Level,6,"-633,936",T30200
T30200,A923RC,37,Net federal government saving,2014,Current Dollars,Level,6,"-594,021",T30200
T30200,A923RC,37,Net federal government saving,2015,Current Dollars,Level,6,"-557,440",T30200
T30200,A923RC,37,Net federal government saving,2016,Current Dollars,Level,6,"-667,302",T30200
T30200,A923RC,37,Net federal government saving,2017,Current Dollars,Level,6,"-736,797",T30200
T30200,A923RC,37,Net federal government saving,2018,Current Dollars,Level,6,"-906,384",T30200
T30200,A923RC,37,Net federal government saving,2019,Current Dollars,Level,6,"-1,043,792",T30200
T30200,A923RC,37,Net federal government saving,2020,Current Dollars,Level,6,"-2,948,447",T30200
T30200,A923RC,37,Net federal government saving,2021,Current Dollars,Level,6,"-2,854,969",T30200
T30200,A923RC,37,Net federal government saving,2022,Current Dollars,Level,6,"-1,029,371",T30200
T30200,A923RC,37,Net federal government saving,2023,Current Dollars,Level,6,"-1,717,139",T30200
T30200,A923RC,37,Net federal government saving,2024,Current Dollars,Level,6,"-1,874,456",T30200
T30200,B243RC,38,Social insurance funds,1929,Current Dollars,Level,6,61,T30200
T30200,B243RC,38,Social insurance funds,1930,Current Dollars,Level,6,64,T30200
T30200,B243RC,38,Social insurance funds,1931,Current Dollars,Level,6,56,T30200
T30200,B243RC,38,Social insurance funds,1932,Current Dollars,Level,6,42,T30200
T30200,B243RC,38,Social insurance funds,1933,Current Dollars,Level,6,39,T30200
T30200,B243RC,38,Social insurance funds,1934,Current Dollars,Level,6,39,T30200
T30200,B243RC,38,Social insurance funds,1935,Current Dollars,Level,6,45,T30200
T30200,B243RC,38,Social insurance funds,1936,Current Dollars,Level,6,247,T30200
T30200,B243RC,38,Social insurance funds,1937,Current Dollars,Level,6,"1,387",T30200
T30200,B243RC,38,Social insurance funds,1938,Current Dollars,Level,6,990,T30200
T30200,B243RC,38,Social insurance funds,1939,Current Dollars,Level,6,"1,031",T30200
T30200,B243RC,38,Social insurance funds,1940,Current Dollars,Level,6,"1,036",T30200
T30200,B243RC,38,Social insurance funds,1941,Current Dollars,Level,6,"1,611",T30200
T30200,B243RC,38,Social insurance funds,1942,Current Dollars,Level,6,"2,178",T30200
T30200,B243RC,38,Social insurance funds,1943,Current Dollars,Level,6,"3,289",T30200
T30200,B243RC,38,Social insurance funds,1944,Current Dollars,Level,6,"3,883",T30200
T30200,B243RC,38,Social insurance funds,1945,Current Dollars,Level,6,"4,260",T30200
T30200,B243RC,38,Social insurance funds,1946,Current Dollars,Level,6,"3,214",T30200
T30200,B243RC,38,Social insurance funds,1947,Current Dollars,Level,6,"3,181",T30200
T30200,B243RC,38,Social insurance funds,1948,Current Dollars,Level,6,"2,401",T30200
T30200,B243RC,38,Social insurance funds,1949,Current Dollars,Level,6,"1,513",T30200
T30200,B243RC,38,Social insurance funds,1950,Current Dollars,Level,6,-248,T30200
T30200,B243RC,38,Social insurance funds,1951,Current Dollars,Level,6,"2,627",T30200
T30200,B243RC,38,Social insurance funds,1952,Current Dollars,Level,6,"2,662",T30200
T30200,B243RC,38,Social insurance funds,1953,Current Dollars,Level,6,"2,086",T30200
T30200,B243RC,38,Social insurance funds,1954,Current Dollars,Level,6,"1,203",T30200
T30200,B243RC,38,Social insurance funds,1955,Current Dollars,Level,6,"1,557",T30200
T30200,B243RC,38,Social insurance funds,1956,Current Dollars,Level,6,"1,714",T30200
T30200,B243RC,38,Social insurance funds,1957,Current Dollars,Level,6,"1,105",T30200
T30200,B243RC,38,Social insurance funds,1958,Current Dollars,Level,6,"-2,674",T30200
T30200,B243RC,38,Social insurance funds,1959,Current Dollars,Level,6,-685,T30200
T30200,B243RC,38,Social insurance funds,1960,Current Dollars,Level,6,381,T30200
T30200,B243RC,38,Social insurance funds,1961,Current Dollars,Level,6,"-2,340",T30200
T30200,B243RC,38,Social insurance funds,1962,Current Dollars,Level,6,-585,T30200
T30200,B243RC,38,Social insurance funds,1963,Current Dollars,Level,6,828,T30200
T30200,B243RC,38,Social insurance funds,1964,Current Dollars,Level,6,"1,249",T30200
T30200,B243RC,38,Social insurance funds,1965,Current Dollars,Level,6,429,T30200
T30200,B243RC,38,Social insurance funds,1966,Current Dollars,Level,6,"5,994",T30200
T30200,B243RC,38,Social insurance funds,1967,Current Dollars,Level,6,"4,103",T30200
T30200,B243RC,38,Social insurance funds,1968,Current Dollars,Level,6,"3,164",T30200
T30200,B243RC,38,Social insurance funds,1969,Current Dollars,Level,6,"5,692",T30200
T30200,B243RC,38,Social insurance funds,1970,Current Dollars,Level,6,954,T30200
T30200,B243RC,38,Social insurance funds,1971,Current Dollars,Level,6,"-3,014",T30200
T30200,B243RC,38,Social insurance funds,1972,Current Dollars,Level,6,-649,T30200
T30200,B243RC,38,Social insurance funds,1973,Current Dollars,Level,6,"5,870",T30200
T30200,B243RC,38,Social insurance funds,1974,Current Dollars,Level,6,"3,197",T30200
T30200,B243RC,38,Social insurance funds,1975,Current Dollars,Level,6,"-16,294",T30200
T30200,B243RC,38,Social insurance funds,1976,Current Dollars,Level,6,"-16,042",T30200
T30200,B243RC,38,Social insurance funds,1977,Current Dollars,Level,6,"-14,077",T30200
T30200,B243RC,38,Social insurance funds,1978,Current Dollars,Level,6,"-4,718",T30200
T30200,B243RC,38,Social insurance funds,1979,Current Dollars,Level,6,-70,T30200
T30200,B243RC,38,Social insurance funds,1980,Current Dollars,Level,6,"-15,800",T30200
T30200,B243RC,38,Social insurance funds,1981,Current Dollars,Level,6,"-14,309",T30200
T30200,B243RC,38,Social insurance funds,1982,Current Dollars,Level,6,"-34,407",T30200
T30200,B243RC,38,Social insurance funds,1983,Current Dollars,Level,6,"-37,900",T30200
T30200,B243RC,38,Social insurance funds,1984,Current Dollars,Level,6,"-9,403",T30200
T30200,B243RC,38,Social insurance funds,1985,Current Dollars,Level,6,833,T30200
T30200,B243RC,38,Social insurance funds,1986,Current Dollars,Level,6,"5,606",T30200
T30200,B243RC,38,Social insurance funds,1987,Current Dollars,Level,6,"14,416",T30200
T30200,B243RC,38,Social insurance funds,1988,Current Dollars,Level,6,"38,991",T30200
T30200,B243RC,38,Social insurance funds,1989,Current Dollars,Level,6,"42,581",T30200
T30200,B243RC,38,Social insurance funds,1990,Current Dollars,Level,6,"42,314",T30200
T30200,B243RC,38,Social insurance funds,1991,Current Dollars,Level,6,"24,594",T30200
T30200,B243RC,38,Social insurance funds,1992,Current Dollars,Level,6,"5,293",T30200
T30200,B243RC,38,Social insurance funds,1993,Current Dollars,Level,6,"2,755",T30200
T30200,B243RC,38,Social insurance funds,1994,Current Dollars,Level,6,"15,276",T30200
T30200,B243RC,38,Social insurance funds,1995,Current Dollars,Level,6,"15,535",T30200
T30200,B243RC,38,Social insurance funds,1996,Current Dollars,Level,6,"12,819",T30200
T30200,B243RC,38,Social insurance funds,1997,Current Dollars,Level,6,"28,839",T30200
T30200,B243RC,38,Social insurance funds,1998,Current Dollars,Level,6,"58,181",T30200
T30200,B243RC,38,Social insurance funds,1999,Current Dollars,Level,6,"92,233",T30200
T30200,B243RC,38,Social insurance funds,2000,Current Dollars,Level,6,"113,964",T30200
T30200,B243RC,38,Social insurance funds,2001,Current Dollars,Level,6,"87,671",T30200
T30200,B243RC,38,Social insurance funds,2002,Current Dollars,Level,6,"48,788",T30200
T30200,B243RC,38,Social insurance funds,2003,Current Dollars,Level,6,"37,505",T30200
T30200,B243RC,38,Social insurance funds,2004,Current Dollars,Level,6,"50,796",T30200
T30200,B243RC,38,Social insurance funds,2005,Current Dollars,Level,6,"47,983",T30200
T30200,B243RC,38,Social insurance funds,2006,Current Dollars,Level,6,"11,767",T30200
T30200,B243RC,38,Social insurance funds,2007,Current Dollars,Level,6,"-3,207",T30200
T30200,B243RC,38,Social insurance funds,2008,Current Dollars,Level,6,"-53,608",T30200
T30200,B243RC,38,Social insurance funds,2009,Current Dollars,Level,6,"-251,711",T30200
T30200,B243RC,38,Social insurance funds,2010,Current Dollars,Level,6,"-290,610",T30200
T30200,B243RC,38,Social insurance funds,2011,Current Dollars,Level,6,"-271,484",T30200
T30200,B243RC,38,Social insurance funds,2012,Current Dollars,Level,6,"-287,674",T30200
T30200,B243RC,38,Social insurance funds,2013,Current Dollars,Level,6,"-288,638",T30200
T30200,B243RC,38,Social insurance funds,2014,Current Dollars,Level,6,"-287,246",T30200
T30200,B243RC,38,Social insurance funds,2015,Current Dollars,Level,6,"-310,863",T30200
T30200,B243RC,38,Social insurance funds,2016,Current Dollars,Level,6,"-330,365",T30200
T30200,B243RC,38,Social insurance funds,2017,Current Dollars,Level,6,"-329,064",T30200
T30200,B243RC,38,Social insurance funds,2018,Current Dollars,Level,6,"-355,118",T30200
T30200,B243RC,38,Social insurance funds,2019,Current Dollars,Level,6,"-410,671",T30200
T30200,B243RC,38,Social insurance funds,2020,Current Dollars,Level,6,"-987,390",T30200
T30200,B243RC,38,Social insurance funds,2021,Current Dollars,Level,6,"-771,601",T30200
T30200,B243RC,38,Social insurance funds,2022,Current Dollars,Level,6,"-486,921",T30200
T30200,B243RC,38,Social insurance funds,2023,Current Dollars,Level,6,"-627,201",T30200
T30200,B243RC,38,Social insurance funds,2024,Current Dollars,Level,6,"-680,037",T30200
T30200,B243RC,38,Social insurance funds,2025,Current Dollars,Level,6,"-839,387",T30200
T30200,B244RC,39,Other,1929,Current Dollars,Level,6,713,T30200
T30200,B244RC,39,Other,1930,Current Dollars,Level,6,-106,T30200
T30200,B244RC,39,Other,1931,Current Dollars,Level,6,"-2,418",T30200
T30200,B244RC,39,Other,1932,Current Dollars,Level,6,"-1,645",T30200
T30200,B244RC,39,Other,1933,Current Dollars,Level,6,"-1,221",T30200
T30200,B244RC,39,Other,1934,Current Dollars,Level,6,"-2,623",T30200
T30200,B244RC,39,Other,1935,Current Dollars,Level,6,"-2,342",T30200
T30200,B244RC,39,Other,1936,Current Dollars,Level,6,"-3,865",T30200
T30200,B244RC,39,Other,1937,Current Dollars,Level,6,"-1,582",T30200
T30200,B244RC,39,Other,1938,Current Dollars,Level,6,"-2,754",T30200
T30200,B244RC,39,Other,1939,Current Dollars,Level,6,"-3,593",T30200
T30200,B244RC,39,Other,1940,Current Dollars,Level,6,"-2,056",T30200
T30200,B244RC,39,Other,1941,Current Dollars,Level,6,-994,T30200
T30200,B244RC,39,Other,1942,Current Dollars,Level,6,"-13,597",T30200
T30200,B244RC,39,Other,1943,Current Dollars,Level,6,"-20,368",T30200
T30200,B244RC,39,Other,1944,Current Dollars,Level,6,"-33,303",T30200
T30200,B244RC,39,Other,1945,Current Dollars,Level,6,"-36,245",T30200
T30200,B244RC,39,Other,1946,Current Dollars,Level,6,"-11,304",T30200
T30200,B244RC,39,Other,1947,Current Dollars,Level,6,-718,T30200
T30200,B244RC,39,Other,1948,Current Dollars,Level,6,"-1,427",T30200
T30200,B244RC,39,Other,1949,Current Dollars,Level,6,"-9,986",T30200
T30200,B244RC,39,Other,1950,Current Dollars,Level,6,"2,131",T30200
T30200,B244RC,39,Other,1951,Current Dollars,Level,6,"1,874",T30200
T30200,B244RC,39,Other,1952,Current Dollars,Level,6,"-4,781",T30200
T30200,B244RC,39,Other,1953,Current Dollars,Level,6,"-6,246",T30200
T30200,B244RC,39,Other,1954,Current Dollars,Level,6,"-9,197",T30200
T30200,B244RC,39,Other,1955,Current Dollars,Level,6,"-2,126",T30200
T30200,B244RC,39,Other,1956,Current Dollars,Level,6,-308,T30200
T30200,B244RC,39,Other,1957,Current Dollars,Level,6,"-3,730",T30200
T30200,B244RC,39,Other,1958,Current Dollars,Level,6,"-9,385",T30200
T30200,B244RC,39,Other,1959,Current Dollars,Level,6,"-3,222",T30200
T30200,B244RC,39,Other,1960,Current Dollars,Level,6,-224,T30200
T30200,B244RC,39,Other,1961,Current Dollars,Level,6,"-2,392",T30200
T30200,B244RC,39,Other,1962,Current Dollars,Level,6,"-4,785",T30200
T30200,B244RC,39,Other,1963,Current Dollars,Level,6,"-2,989",T30200
T30200,B244RC,39,Other,1964,Current Dollars,Level,6,"-8,141",T30200
T30200,B244RC,39,Other,1965,Current Dollars,Level,6,"-5,945",T30200
T30200,B244RC,39,Other,1966,Current Dollars,Level,6,"-12,981",T30200
T30200,B244RC,39,Other,1967,Current Dollars,Level,6,"-23,629",T30200
T30200,B244RC,39,Other,1968,Current Dollars,Level,6,"-16,931",T30200
T30200,B244RC,39,Other,1969,Current Dollars,Level,6,"-10,841",T30200
T30200,B244RC,39,Other,1970,Current Dollars,Level,6,"-35,771",T30200
T30200,B244RC,39,Other,1971,Current Dollars,Level,6,"-47,881",T30200
T30200,B244RC,39,Other,1972,Current Dollars,Level,6,"-48,362",T30200
T30200,B244RC,39,Other,1973,Current Dollars,Level,6,"-44,179",T30200
T30200,B244RC,39,Other,1974,Current Dollars,Level,6,"-44,545",T30200
T30200,B244RC,39,Other,1975,Current Dollars,Level,6,"-81,631",T30200
T30200,B244RC,39,Other,1976,Current Dollars,Level,6,"-64,854",T30200
T30200,B244RC,39,Other,1977,Current Dollars,Level,6,"-59,369",T30200
T30200,B244RC,39,Other,1978,Current Dollars,Level,6,"-57,322",T30200
T30200,B244RC,39,Other,1979,Current Dollars,Level,6,"-47,294",T30200
T30200,B244RC,39,Other,1980,Current Dollars,Level,6,"-72,961",T30200
T30200,B244RC,39,Other,1981,Current Dollars,Level,6,"-73,765",T30200
T30200,B244RC,39,Other,1982,Current Dollars,Level,6,"-132,946",T30200
T30200,B244RC,39,Other,1983,Current Dollars,Level,6,"-169,277",T30200
T30200,B244RC,39,Other,1984,Current Dollars,Level,6,"-187,114",T30200
T30200,B244RC,39,Other,1985,Current Dollars,Level,6,"-200,077",T30200
T30200,B244RC,39,Other,1986,Current Dollars,Level,6,"-221,545",T30200
T30200,B244RC,39,Other,1987,Current Dollars,Level,6,"-180,152",T30200
T30200,B244RC,39,Other,1988,Current Dollars,Level,6,"-198,948",T30200
T30200,B244RC,39,Other,1989,Current Dollars,Level,6,"-201,946",T30200
T30200,B244RC,39,Other,1990,Current Dollars,Level,6,"-245,589",T30200
T30200,B244RC,39,Other,1991,Current Dollars,Level,6,"-273,001",T30200
T30200,B244RC,39,Other,1992,Current Dollars,Level,6,"-339,797",T30200
T30200,B244RC,39,Other,1993,Current Dollars,Level,6,"-316,291",T30200
T30200,B244RC,39,Other,1994,Current Dollars,Level,6,"-270,900",T30200
T30200,B244RC,39,Other,1995,Current Dollars,Level,6,"-257,644",T30200
T30200,B244RC,39,Other,1996,Current Dollars,Level,6,"-192,202",T30200
T30200,B244RC,39,Other,1997,Current Dollars,Level,6,"-120,802",T30200
T30200,B244RC,39,Other,1998,Current Dollars,Level,6,"-56,783",T30200
T30200,B244RC,39,Other,1999,Current Dollars,Level,6,"-23,109",T30200
T30200,B244RC,39,Other,2000,Current Dollars,Level,6,"45,721",T30200
T30200,B244RC,39,Other,2001,Current Dollars,Level,6,"-72,632",T30200
T30200,B244RC,39,Other,2002,Current Dollars,Level,6,"-316,601",T30200
T30200,B244RC,39,Other,2003,Current Dollars,Level,6,"-434,885",T30200
T30200,B244RC,39,Other,2004,Current Dollars,Level,6,"-444,287",T30200
T30200,B244RC,39,Other,2005,Current Dollars,Level,6,"-341,741",T30200
T30200,B244RC,39,Other,2006,Current Dollars,Level,6,"-233,711",T30200
T30200,B244RC,39,Other,2007,Current Dollars,Level,6,"-256,469",T30200
T30200,B244RC,39,Other,2008,Current Dollars,Level,6,"-571,329",T30200
T30200,B244RC,39,Other,2009,Current Dollars,Level,6,"-991,463",T30200
T30200,B244RC,39,Other,2010,Current Dollars,Level,6,"-1,027,751",T30200
T30200,B244RC,39,Other,2011,Current Dollars,Level,6,"-962,657",T30200
T30200,B244RC,39,Other,2012,Current Dollars,Level,6,"-785,012",T30200
T30200,B244RC,39,Other,2013,Current Dollars,Level,6,"-345,298",T30200
T30200,B244RC,39,Other,2014,Current Dollars,Level,6,"-306,774",T30200
T30200,B244RC,39,Other,2015,Current Dollars,Level,6,"-246,576",T30200
T30200,B244RC,39,Other,2016,Current Dollars,Level,6,"-336,937",T30200
T30200,B244RC,39,Other,2017,Current Dollars,Level,6,"-407,733",T30200
T30200,B244RC,39,Other,2018,Current Dollars,Level,6,"-551,267",T30200
T30200,B244RC,39,Other,2019,Current Dollars,Level,6,"-633,121",T30200
T30200,B244RC,39,Other,2020,Current Dollars,Level,6,"-1,961,058",T30200
T30200,B244RC,39,Other,2021,Current Dollars,Level,6,"-2,083,368",T30200
T30200,B244RC,39,Other,2022,Current Dollars,Level,6,"-542,450",T30200
T30200,B244RC,39,Other,2023,Current Dollars,Level,6,"-1,089,938",T30200
T30200,B244RC,39,Other,2024,Current Dollars,Level,6,"-1,194,419",T30200
T30200,W018RC,40,Total receipts,1929,Current Dollars,Level,6,"3,754",T30200
T30200,W018RC,40,Total receipts,1930,Current Dollars,Level,6,"2,996",T30200
T30200,W018RC,40,Total receipts,1931,Current Dollars,Level,6,"1,994",T30200
T30200,W018RC,40,Total receipts,1932,Current Dollars,Level,6,"1,654",T30200
T30200,W018RC,40,Total receipts,1933,Current Dollars,Level,6,"2,618",T30200
T30200,W018RC,40,Total receipts,1934,Current Dollars,Level,6,"3,489",T30200
T30200,W018RC,40,Total receipts,1935,Current Dollars,Level,6,"3,912",T30200
T30200,W018RC,40,Total receipts,1936,Current Dollars,Level,6,"4,982",T30200
T30200,W018RC,40,Total receipts,1937,Current Dollars,Level,6,"6,979",T30200
T30200,W018RC,40,Total receipts,1938,Current Dollars,Level,6,"6,404",T30200
T30200,W018RC,40,Total receipts,1939,Current Dollars,Level,6,"6,638",T30200
T30200,W018RC,40,Total receipts,1940,Current Dollars,Level,6,"8,547",T30200
T30200,W018RC,40,Total receipts,1941,Current Dollars,Level,6,"15,306",T30200
T30200,W018RC,40,Total receipts,1942,Current Dollars,Level,6,"22,736",T30200
T30200,W018RC,40,Total receipts,1943,Current Dollars,Level,6,"38,928",T30200
T30200,W018RC,40,Total receipts,1944,Current Dollars,Level,6,"40,624",T30200
T30200,W018RC,40,Total receipts,1945,Current Dollars,Level,6,"42,183",T30200
T30200,W018RC,40,Total receipts,1946,Current Dollars,Level,6,"40,177",T30200
T30200,W018RC,40,Total receipts,1947,Current Dollars,Level,6,"43,633",T30200
T30200,W018RC,40,Total receipts,1948,Current Dollars,Level,6,"43,261",T30200
T30200,W018RC,40,Total receipts,1949,Current Dollars,Level,6,"38,600",T30200
T30200,W018RC,40,Total receipts,1950,Current Dollars,Level,6,"49,446",T30200
T30200,W018RC,40,Total receipts,1951,Current Dollars,Level,6,"63,646",T30200
T30200,W018RC,40,Total receipts,1952,Current Dollars,Level,6,"66,648",T30200
T30200,W018RC,40,Total receipts,1953,Current Dollars,Level,6,"69,517",T30200
T30200,W018RC,40,Total receipts,1954,Current Dollars,Level,6,"63,419",T30200
T30200,W018RC,40,Total receipts,1955,Current Dollars,Level,6,"72,040",T30200
T30200,W018RC,40,Total receipts,1956,Current Dollars,Level,6,"77,111",T30200
T30200,W018RC,40,Total receipts,1957,Current Dollars,Level,6,"80,747",T30200
T30200,W018RC,40,Total receipts,1958,Current Dollars,Level,6,"77,385",T30200
T30200,W018RC,40,Total receipts,1959,Current Dollars,Level,6,"88,007",T30200
T30200,W018RC,40,Total receipts,1960,Current Dollars,Level,6,"95,314",T30200
T30200,W018RC,40,Total receipts,1961,Current Dollars,Level,6,"97,029",T30200
T30200,W018RC,40,Total receipts,1962,Current Dollars,Level,6,"105,241",T30200
T30200,W018RC,40,Total receipts,1963,Current Dollars,Level,6,"113,578",T30200
T30200,W018RC,40,Total receipts,1964,Current Dollars,Level,6,"113,885",T30200
T30200,W018RC,40,Total receipts,1965,Current Dollars,Level,6,"123,242",T30200
T30200,W018RC,40,Total receipts,1966,Current Dollars,Level,6,"140,433",T30200
T30200,W018RC,40,Total receipts,1967,Current Dollars,Level,6,"149,322",T30200
T30200,W018RC,40,Total receipts,1968,Current Dollars,Level,6,"173,706",T30200
T30200,W018RC,40,Total receipts,1969,Current Dollars,Level,6,"195,398",T30200
T30200,W018RC,40,Total receipts,1970,Current Dollars,Level,6,"188,810",T30200
T30200,W018RC,40,Total receipts,1971,Current Dollars,Level,6,"195,294",T30200
T30200,W018RC,40,Total receipts,1972,Current Dollars,Level,6,"224,370",T30200
T30200,W018RC,40,Total receipts,1973,Current Dollars,Level,6,"254,338",T30200
T30200,W018RC,40,Total receipts,1974,Current Dollars,Level,6,"283,296",T30200
T30200,W018RC,40,Total receipts,1975,Current Dollars,Level,6,"281,721",T30200
T30200,W018RC,40,Total receipts,1976,Current Dollars,Level,6,"328,171",T30200
T30200,W018RC,40,Total receipts,1977,Current Dollars,Level,6,"371,027",T30200
T30200,W018RC,40,Total receipts,1978,Current Dollars,Level,6,"429,037",T30200
T30200,W018RC,40,Total receipts,1979,Current Dollars,Level,6,"492,516",T30200
T30200,W018RC,40,Total receipts,1980,Current Dollars,Level,6,"540,209",T30200
T30200,W018RC,40,Total receipts,1981,Current Dollars,Level,6,"627,953",T30200
T30200,W018RC,40,Total receipts,1982,Current Dollars,Level,6,"626,178",T30200
T30200,W018RC,40,Total receipts,1983,Current Dollars,Level,6,"650,538",T30200
T30200,W018RC,40,Total receipts,1984,Current Dollars,Level,6,"717,139",T30200
T30200,W018RC,40,Total receipts,1985,Current Dollars,Level,6,"782,099",T30200
T30200,W018RC,40,Total receipts,1986,Current Dollars,Level,6,"824,879",T30200
T30200,W018RC,40,Total receipts,1987,Current Dollars,Level,6,"906,699",T30200
T30200,W018RC,40,Total receipts,1988,Current Dollars,Level,6,"970,074",T30200
T30200,W018RC,40,Total receipts,1989,Current Dollars,Level,6,"1,051,373",T30200
T30200,W018RC,40,Total receipts,1990,Current Dollars,Level,6,"1,099,226",T30200
T30200,W018RC,40,Total receipts,1991,Current Dollars,Level,6,"1,118,824",T30200
T30200,W018RC,40,Total receipts,1992,Current Dollars,Level,6,"1,165,634",T30200
T30200,W018RC,40,Total receipts,1993,Current Dollars,Level,6,"1,243,941",T30200
T30200,W018RC,40,Total receipts,1994,Current Dollars,Level,6,"1,344,453",T30200
T30200,W018RC,40,Total receipts,1995,Current Dollars,Level,6,"1,432,380",T30200
T30200,W018RC,40,Total receipts,1996,Current Dollars,Level,6,"1,553,835",T30200
T30200,W018RC,40,Total receipts,1997,Current Dollars,Level,6,"1,687,951",T30200
T30200,W018RC,40,Total receipts,1998,Current Dollars,Level,6,"1,814,997",T30200
T30200,W018RC,40,Total receipts,1999,Current Dollars,Level,6,"1,934,721",T30200
T30200,W018RC,40,Total receipts,2000,Current Dollars,Level,6,"2,095,878",T30200
T30200,W018RC,40,Total receipts,2001,Current Dollars,Level,6,"2,060,319",T30200
T30200,W018RC,40,Total receipts,2002,Current Dollars,Level,6,"1,896,188",T30200
T30200,W018RC,40,Total receipts,2003,Current Dollars,Level,6,"1,918,091",T30200
T30200,W018RC,40,Total receipts,2004,Current Dollars,Level,6,"2,052,696",T30200
T30200,W018RC,40,Total receipts,2005,Current Dollars,Level,6,"2,329,695",T30200
T30200,W018RC,40,Total receipts,2006,Current Dollars,Level,6,"2,566,611",T30200
T30200,W018RC,40,Total receipts,2007,Current Dollars,Level,6,"2,694,798",T30200
T30200,W018RC,40,Total receipts,2008,Current Dollars,Level,6,"2,610,313",T30200
T30200,W018RC,40,Total receipts,2009,Current Dollars,Level,6,"2,262,676",T30200
T30200,W018RC,40,Total receipts,2010,Current Dollars,Level,6,"2,461,343",T30200
T30200,W018RC,40,Total receipts,2011,Current Dollars,Level,6,"2,583,254",T30200
T30200,W018RC,40,Total receipts,2012,Current Dollars,Level,6,"2,714,891",T30200
T30200,W018RC,40,Total receipts,2013,Current Dollars,Level,6,"3,157,191",T30200
T30200,W018RC,40,Total receipts,2014,Current Dollars,Level,6,"3,313,209",T30200
T30200,W018RC,40,Total receipts,2015,Current Dollars,Level,6,"3,468,577",T30200
T30200,W018RC,40,Total receipts,2016,Current Dollars,Level,6,"3,480,723",T30200
T30200,W018RC,40,Total receipts,2017,Current Dollars,Level,6,"3,760,098",T30200
T30200,W018RC,40,Total receipts,2018,Current Dollars,Level,6,"3,605,752",T30200
T30200,W018RC,40,Total receipts,2019,Current Dollars,Level,6,"3,720,541",T30200
T30200,W018RC,40,Total receipts,2020,Current Dollars,Level,6,"3,785,748",T30200
T30200,W018RC,40,Total receipts,2021,Current Dollars,Level,6,"4,456,431",T30200
T30200,W018RC,40,Total receipts,2022,Current Dollars,Level,6,"5,148,351",T30200
T30200,W018RC,40,Total receipts,2023,Current Dollars,Level,6,"4,855,778",T30200
T30200,W018RC,40,Total receipts,2024,Current Dollars,Level,6,"5,215,269",T30200
T30200,W005RC,41,Current receipts,1929,Current Dollars,Level,6,"3,694",T30200
T30200,W005RC,41,Current receipts,1930,Current Dollars,Level,6,"2,936",T30200
T30200,W005RC,41,Current receipts,1931,Current Dollars,Level,6,"1,939",T30200
T30200,W005RC,41,Current receipts,1932,Current Dollars,Level,6,"1,624",T30200
T30200,W005RC,41,Current receipts,1933,Current Dollars,Level,6,"2,550",T30200
T30200,W005RC,41,Current receipts,1934,Current Dollars,Level,6,"3,362",T30200
T30200,W005RC,41,Current receipts,1935,Current Dollars,Level,6,"3,667",T30200
T30200,W005RC,41,Current receipts,1936,Current Dollars,Level,6,"4,601",T30200
T30200,W005RC,41,Current receipts,1937,Current Dollars,Level,6,"6,582",T30200
T30200,W005RC,41,Current receipts,1938,Current Dollars,Level,6,"6,019",T30200
T30200,W005RC,41,Current receipts,1939,Current Dollars,Level,6,"6,272",T30200
T30200,W005RC,41,Current receipts,1940,Current Dollars,Level,6,"8,211",T30200
T30200,W005RC,41,Current receipts,1941,Current Dollars,Level,6,"14,910",T30200
T30200,W005RC,41,Current receipts,1942,Current Dollars,Level,6,"22,271",T30200
T30200,W005RC,41,Current receipts,1943,Current Dollars,Level,6,"38,473",T30200
T30200,W005RC,41,Current receipts,1944,Current Dollars,Level,6,"40,067",T30200
T30200,W005RC,41,Current receipts,1945,Current Dollars,Level,6,"41,529",T30200
T30200,W005RC,41,Current receipts,1946,Current Dollars,Level,6,"39,452",T30200
T30200,W005RC,41,Current receipts,1947,Current Dollars,Level,6,"42,814",T30200
T30200,W005RC,41,Current receipts,1948,Current Dollars,Level,6,"42,376",T30200
T30200,W005RC,41,Current receipts,1949,Current Dollars,Level,6,"37,860",T30200
T30200,W005RC,41,Current receipts,1950,Current Dollars,Level,6,"48,803",T30200
T30200,W005RC,41,Current receipts,1951,Current Dollars,Level,6,"62,915",T30200
T30200,W005RC,41,Current receipts,1952,Current Dollars,Level,6,"65,811",T30200
T30200,W005RC,41,Current receipts,1953,Current Dollars,Level,6,"68,607",T30200
T30200,W005RC,41,Current receipts,1954,Current Dollars,Level,6,"62,511",T30200
T30200,W005RC,41,Current receipts,1955,Current Dollars,Level,6,"71,072",T30200
T30200,W005RC,41,Current receipts,1956,Current Dollars,Level,6,"75,843",T30200
T30200,W005RC,41,Current receipts,1957,Current Dollars,Level,6,"79,317",T30200
T30200,W005RC,41,Current receipts,1958,Current Dollars,Level,6,"76,056",T30200
T30200,W005RC,41,Current receipts,1959,Current Dollars,Level,6,"86,603",T30200
T30200,W005RC,41,Current receipts,1960,Current Dollars,Level,6,"93,555",T30200
T30200,W005RC,41,Current receipts,1961,Current Dollars,Level,6,"95,079",T30200
T30200,W005RC,41,Current receipts,1962,Current Dollars,Level,6,"103,187",T30200
T30200,W005RC,41,Current receipts,1963,Current Dollars,Level,6,"111,337",T30200
T30200,W005RC,41,Current receipts,1964,Current Dollars,Level,6,"111,318",T30200
T30200,W005RC,41,Current receipts,1965,Current Dollars,Level,6,"120,427",T30200
T30200,W005RC,41,Current receipts,1966,Current Dollars,Level,6,"137,387",T30200
T30200,W005RC,41,Current receipts,1967,Current Dollars,Level,6,"146,257",T30200
T30200,W005RC,41,Current receipts,1968,Current Dollars,Level,6,"170,578",T30200
T30200,W005RC,41,Current receipts,1969,Current Dollars,Level,6,"191,835",T30200
T30200,W005RC,41,Current receipts,1970,Current Dollars,Level,6,"185,128",T30200
T30200,W005RC,41,Current receipts,1971,Current Dollars,Level,6,"190,706",T30200
T30200,W005RC,41,Current receipts,1972,Current Dollars,Level,6,"219,009",T30200
T30200,W005RC,41,Current receipts,1973,Current Dollars,Level,6,"249,246",T30200
T30200,W005RC,41,Current receipts,1974,Current Dollars,Level,6,"278,501",T30200
T30200,W005RC,41,Current receipts,1975,Current Dollars,Level,6,"276,834",T30200
T30200,W005RC,41,Current receipts,1976,Current Dollars,Level,6,"322,588",T30200
T30200,W005RC,41,Current receipts,1977,Current Dollars,Level,6,"363,870",T30200
T30200,W005RC,41,Current receipts,1978,Current Dollars,Level,6,"423,825",T30200
T30200,W005RC,41,Current receipts,1979,Current Dollars,Level,6,"487,022",T30200
T30200,W005RC,41,Current receipts,1980,Current Dollars,Level,6,"533,695",T30200
T30200,W005RC,41,Current receipts,1981,Current Dollars,Level,6,"621,062",T30200
T30200,W005RC,41,Current receipts,1982,Current Dollars,Level,6,"618,663",T30200
T30200,W005RC,41,Current receipts,1983,Current Dollars,Level,6,"644,765",T30200
T30200,W005RC,41,Current receipts,1984,Current Dollars,Level,6,"711,169",T30200
T30200,W005RC,41,Current receipts,1985,Current Dollars,Level,6,"775,726",T30200
T30200,W005RC,41,Current receipts,1986,Current Dollars,Level,6,"817,908",T30200
T30200,W005RC,41,Current receipts,1987,Current Dollars,Level,6,"899,491",T30200
T30200,W005RC,41,Current receipts,1988,Current Dollars,Level,6,"962,431",T30200
T30200,W005RC,41,Current receipts,1989,Current Dollars,Level,6,"1,042,474",T30200
T30200,W005RC,41,Current receipts,1990,Current Dollars,Level,6,"1,087,629",T30200
T30200,W005RC,41,Current receipts,1991,Current Dollars,Level,6,"1,107,824",T30200
T30200,W005RC,41,Current receipts,1992,Current Dollars,Level,6,"1,154,353",T30200
T30200,W005RC,41,Current receipts,1993,Current Dollars,Level,6,"1,231,038",T30200
T30200,W005RC,41,Current receipts,1994,Current Dollars,Level,6,"1,329,345",T30200
T30200,W005RC,41,Current receipts,1995,Current Dollars,Level,6,"1,417,432",T30200
T30200,W005RC,41,Current receipts,1996,Current Dollars,Level,6,"1,536,346",T30200
T30200,W005RC,41,Current receipts,1997,Current Dollars,Level,6,"1,667,387",T30200
T30200,W005RC,41,Current receipts,1998,Current Dollars,Level,6,"1,789,838",T30200
T30200,W005RC,41,Current receipts,1999,Current Dollars,Level,6,"1,905,951",T30200
T30200,W005RC,41,Current receipts,2000,Current Dollars,Level,6,"2,067,777",T30200
T30200,W005RC,41,Current receipts,2001,Current Dollars,Level,6,"2,032,368",T30200
T30200,W005RC,41,Current receipts,2002,Current Dollars,Level,6,"1,870,886",T30200
T30200,W005RC,41,Current receipts,2003,Current Dollars,Level,6,"1,896,115",T30200
T30200,W005RC,41,Current receipts,2004,Current Dollars,Level,6,"2,028,081",T30200
T30200,W005RC,41,Current receipts,2005,Current Dollars,Level,6,"2,304,706",T30200
T30200,W005RC,41,Current receipts,2006,Current Dollars,Level,6,"2,538,778",T30200
T30200,W005RC,41,Current receipts,2007,Current Dollars,Level,6,"2,668,327",T30200
T30200,W005RC,41,Current receipts,2008,Current Dollars,Level,6,"2,582,050",T30200
T30200,W005RC,41,Current receipts,2009,Current Dollars,Level,6,"2,242,065",T30200
T30200,W005RC,41,Current receipts,2010,Current Dollars,Level,6,"2,446,264",T30200
T30200,W005RC,41,Current receipts,2011,Current Dollars,Level,6,"2,573,610",T30200
T30200,W005RC,41,Current receipts,2012,Current Dollars,Level,6,"2,700,817",T30200
T30200,W005RC,41,Current receipts,2013,Current Dollars,Level,6,"3,136,319",T30200
T30200,W005RC,41,Current receipts,2014,Current Dollars,Level,6,"3,294,416",T30200
T30200,W005RC,41,Current receipts,2015,Current Dollars,Level,6,"3,448,386",T30200
T30200,W005RC,41,Current receipts,2016,Current Dollars,Level,6,"3,460,672",T30200
T30200,W005RC,41,Current receipts,2017,Current Dollars,Level,6,"3,503,747",T30200
T30200,W005RC,41,Current receipts,2018,Current Dollars,Level,6,"3,583,094",T30200
T30200,W005RC,41,Current receipts,2019,Current Dollars,Level,6,"3,704,330",T30200
T30200,W005RC,41,Current receipts,2020,Current Dollars,Level,6,"3,766,665",T30200
T30200,W005RC,41,Current receipts,2021,Current Dollars,Level,6,"4,429,089",T30200
T30200,W005RC,41,Current receipts,2022,Current Dollars,Level,6,"5,115,520",T30200
T30200,W005RC,41,Current receipts,2023,Current Dollars,Level,6,"4,820,876",T30200
T30200,W005RC,41,Current receipts,2024,Current Dollars,Level,6,"5,178,912",T30200
T30200,B232RC,42,Capital transfer receipts,1929,Current Dollars,Level,6,60,T30200
T30200,B232RC,42,Capital transfer receipts,1930,Current Dollars,Level,6,60,T30200
T30200,B232RC,42,Capital transfer receipts,1931,Current Dollars,Level,6,55,T30200
T30200,B232RC,42,Capital transfer receipts,1932,Current Dollars,Level,6,30,T30200
T30200,B232RC,42,Capital transfer receipts,1933,Current Dollars,Level,6,68,T30200
T30200,B232RC,42,Capital transfer receipts,1934,Current Dollars,Level,6,127,T30200
T30200,B232RC,42,Capital transfer receipts,1935,Current Dollars,Level,6,245,T30200
T30200,B232RC,42,Capital transfer receipts,1936,Current Dollars,Level,6,381,T30200
T30200,B232RC,42,Capital transfer receipts,1937,Current Dollars,Level,6,397,T30200
T30200,B232RC,42,Capital transfer receipts,1938,Current Dollars,Level,6,385,T30200
T30200,B232RC,42,Capital transfer receipts,1939,Current Dollars,Level,6,366,T30200
T30200,B232RC,42,Capital transfer receipts,1940,Current Dollars,Level,6,336,T30200
T30200,B232RC,42,Capital transfer receipts,1941,Current Dollars,Level,6,396,T30200
T30200,B232RC,42,Capital transfer receipts,1942,Current Dollars,Level,6,465,T30200
T30200,B232RC,42,Capital transfer receipts,1943,Current Dollars,Level,6,455,T30200
T30200,B232RC,42,Capital transfer receipts,1944,Current Dollars,Level,6,557,T30200
T30200,B232RC,42,Capital transfer receipts,1945,Current Dollars,Level,6,654,T30200
T30200,B232RC,42,Capital transfer receipts,1946,Current Dollars,Level,6,725,T30200
T30200,B232RC,42,Capital transfer receipts,1947,Current Dollars,Level,6,819,T30200
T30200,B232RC,42,Capital transfer receipts,1948,Current Dollars,Level,6,885,T30200
T30200,B232RC,42,Capital transfer receipts,1949,Current Dollars,Level,6,740,T30200
T30200,B232RC,42,Capital transfer receipts,1950,Current Dollars,Level,6,643,T30200
T30200,B232RC,42,Capital transfer receipts,1951,Current Dollars,Level,6,731,T30200
T30200,B232RC,42,Capital transfer receipts,1952,Current Dollars,Level,6,837,T30200
T30200,B232RC,42,Capital transfer receipts,1953,Current Dollars,Level,6,910,T30200
T30200,B232RC,42,Capital transfer receipts,1954,Current Dollars,Level,6,908,T30200
T30200,B232RC,42,Capital transfer receipts,1955,Current Dollars,Level,6,968,T30200
T30200,B232RC,42,Capital transfer receipts,1956,Current Dollars,Level,6,"1,268",T30200
T30200,B232RC,42,Capital transfer receipts,1957,Current Dollars,Level,6,"1,430",T30200
T30200,B232RC,42,Capital transfer receipts,1958,Current Dollars,Level,6,"1,329",T30200
T30200,B232RC,42,Capital transfer receipts,1959,Current Dollars,Level,6,"1,404",T30200
T30200,B232RC,42,Capital transfer receipts,1960,Current Dollars,Level,6,"1,759",T30200
T30200,B232RC,42,Capital transfer receipts,1961,Current Dollars,Level,6,"1,950",T30200
T30200,B232RC,42,Capital transfer receipts,1962,Current Dollars,Level,6,"2,054",T30200
T30200,B232RC,42,Capital transfer receipts,1963,Current Dollars,Level,6,"2,241",T30200
T30200,B232RC,42,Capital transfer receipts,1964,Current Dollars,Level,6,"2,567",T30200
T30200,B232RC,42,Capital transfer receipts,1965,Current Dollars,Level,6,"2,815",T30200
T30200,B232RC,42,Capital transfer receipts,1966,Current Dollars,Level,6,"3,046",T30200
T30200,B232RC,42,Capital transfer receipts,1967,Current Dollars,Level,6,"3,065",T30200
T30200,B232RC,42,Capital transfer receipts,1968,Current Dollars,Level,6,"3,128",T30200
T30200,B232RC,42,Capital transfer receipts,1969,Current Dollars,Level,6,"3,563",T30200
T30200,B232RC,42,Capital transfer receipts,1970,Current Dollars,Level,6,"3,682",T30200
T30200,B232RC,42,Capital transfer receipts,1971,Current Dollars,Level,6,"4,588",T30200
T30200,B232RC,42,Capital transfer receipts,1972,Current Dollars,Level,6,"5,361",T30200
T30200,B232RC,42,Capital transfer receipts,1973,Current Dollars,Level,6,"5,092",T30200
T30200,B232RC,42,Capital transfer receipts,1974,Current Dollars,Level,6,"4,795",T30200
T30200,B232RC,42,Capital transfer receipts,1975,Current Dollars,Level,6,"4,887",T30200
T30200,B232RC,42,Capital transfer receipts,1976,Current Dollars,Level,6,"5,583",T30200
T30200,B232RC,42,Capital transfer receipts,1977,Current Dollars,Level,6,"7,157",T30200
T30200,B232RC,42,Capital transfer receipts,1978,Current Dollars,Level,6,"5,212",T30200
T30200,B232RC,42,Capital transfer receipts,1979,Current Dollars,Level,6,"5,494",T30200
T30200,B232RC,42,Capital transfer receipts,1980,Current Dollars,Level,6,"6,514",T30200
T30200,B232RC,42,Capital transfer receipts,1981,Current Dollars,Level,6,"6,891",T30200
T30200,B232RC,42,Capital transfer receipts,1982,Current Dollars,Level,6,"7,515",T30200
T30200,B232RC,42,Capital transfer receipts,1983,Current Dollars,Level,6,"5,773",T30200
T30200,B232RC,42,Capital transfer receipts,1984,Current Dollars,Level,6,"5,970",T30200
T30200,B232RC,42,Capital transfer receipts,1985,Current Dollars,Level,6,"6,373",T30200
T30200,B232RC,42,Capital transfer receipts,1986,Current Dollars,Level,6,"6,971",T30200
T30200,B232RC,42,Capital transfer receipts,1987,Current Dollars,Level,6,"7,208",T30200
T30200,B232RC,42,Capital transfer receipts,1988,Current Dollars,Level,6,"7,643",T30200
T30200,B232RC,42,Capital transfer receipts,1989,Current Dollars,Level,6,"8,899",T30200
T30200,B232RC,42,Capital transfer receipts,1990,Current Dollars,Level,6,"11,597",T30200
T30200,B232RC,42,Capital transfer receipts,1991,Current Dollars,Level,6,"11,000",T30200
T30200,B232RC,42,Capital transfer receipts,1992,Current Dollars,Level,6,"11,281",T30200
T30200,B232RC,42,Capital transfer receipts,1993,Current Dollars,Level,6,"12,903",T30200
T30200,B232RC,42,Capital transfer receipts,1994,Current Dollars,Level,6,"15,108",T30200
T30200,B232RC,42,Capital transfer receipts,1995,Current Dollars,Level,6,"14,948",T30200
T30200,B232RC,42,Capital transfer receipts,1996,Current Dollars,Level,6,"17,489",T30200
T30200,B232RC,42,Capital transfer receipts,1997,Current Dollars,Level,6,"20,564",T30200
T30200,B232RC,42,Capital transfer receipts,1998,Current Dollars,Level,6,"25,159",T30200
T30200,B232RC,42,Capital transfer receipts,1999,Current Dollars,Level,6,"28,770",T30200
T30200,B232RC,42,Capital transfer receipts,2000,Current Dollars,Level,6,"28,101",T30200
T30200,B232RC,42,Capital transfer receipts,2001,Current Dollars,Level,6,"27,951",T30200
T30200,B232RC,42,Capital transfer receipts,2002,Current Dollars,Level,6,"25,302",T30200
T30200,B232RC,42,Capital transfer receipts,2003,Current Dollars,Level,6,"21,976",T30200
T30200,B232RC,42,Capital transfer receipts,2004,Current Dollars,Level,6,"24,615",T30200
T30200,B232RC,42,Capital transfer receipts,2005,Current Dollars,Level,6,"24,989",T30200
T30200,B232RC,42,Capital transfer receipts,2006,Current Dollars,Level,6,"27,833",T30200
T30200,B232RC,42,Capital transfer receipts,2007,Current Dollars,Level,6,"26,471",T30200
T30200,B232RC,42,Capital transfer receipts,2008,Current Dollars,Level,6,"28,263",T30200
T30200,B232RC,42,Capital transfer receipts,2009,Current Dollars,Level,6,"20,611",T30200
T30200,B232RC,42,Capital transfer receipts,2010,Current Dollars,Level,6,"15,079",T30200
T30200,B232RC,42,Capital transfer receipts,2011,Current Dollars,Level,6,"9,644",T30200
T30200,B232RC,42,Capital transfer receipts,2012,Current Dollars,Level,6,"14,074",T30200
T30200,B232RC,42,Capital transfer receipts,2013,Current Dollars,Level,6,"20,872",T30200
T30200,B232RC,42,Capital transfer receipts,2014,Current Dollars,Level,6,"18,793",T30200
T30200,B232RC,42,Capital transfer receipts,2015,Current Dollars,Level,6,"20,191",T30200
T30200,B232RC,42,Capital transfer receipts,2016,Current Dollars,Level,6,"20,051",T30200
T30200,B232RC,42,Capital transfer receipts,2017,Current Dollars,Level,6,"256,350",T30200
T30200,B232RC,42,Capital transfer receipts,2018,Current Dollars,Level,6,"22,658",T30200
T30200,B232RC,42,Capital transfer receipts,2019,Current Dollars,Level,6,"16,211",T30200
T30200,B232RC,42,Capital transfer receipts,2020,Current Dollars,Level,6,"19,083",T30200
T30200,B232RC,42,Capital transfer receipts,2021,Current Dollars,Level,6,"27,342",T30200
T30200,B232RC,42,Capital transfer receipts,2022,Current Dollars,Level,6,"32,831",T30200
T30200,B232RC,42,Capital transfer receipts,2023,Current Dollars,Level,6,"34,902",T30200
T30200,B232RC,42,Capital transfer receipts,2024,Current Dollars,Level,6,"36,357",T30200
T30200,B232RC,42,Capital transfer receipts,2025,Current Dollars,Level,6,"39,707",T30200
T30200,W019RC,43,Total expenditures,1960,Current Dollars,Level,6,"103,195",T30200
T30200,W019RC,43,Total expenditures,1961,Current Dollars,Level,6,"111,770",T30200
T30200,W019RC,43,Total expenditures,1962,Current Dollars,Level,6,"121,549",T30200
T30200,W019RC,43,Total expenditures,1963,Current Dollars,Level,6,"125,925",T30200
T30200,W019RC,43,Total expenditures,1964,Current Dollars,Level,6,"130,815",T30200
T30200,W019RC,43,Total expenditures,1965,Current Dollars,Level,6,"137,133",T30200
T30200,W019RC,43,Total expenditures,1966,Current Dollars,Level,6,"158,444",T30200
T30200,W019RC,43,Total expenditures,1967,Current Dollars,Level,6,"179,295",T30200
T30200,W019RC,43,Total expenditures,1968,Current Dollars,Level,6,"196,386",T30200
T30200,W019RC,43,Total expenditures,1969,Current Dollars,Level,6,"207,859",T30200
T30200,W019RC,43,Total expenditures,1970,Current Dollars,Level,6,"227,762",T30200
T30200,W019RC,43,Total expenditures,1971,Current Dollars,Level,6,"245,846",T30200
T30200,W019RC,43,Total expenditures,1972,Current Dollars,Level,6,"272,502",T30200
T30200,W019RC,43,Total expenditures,1973,Current Dollars,Level,6,"289,646",T30200
T30200,W019RC,43,Total expenditures,1974,Current Dollars,Level,6,"322,385",T30200
T30200,W019RC,43,Total expenditures,1975,Current Dollars,Level,6,"385,146",T30200
T30200,W019RC,43,Total expenditures,1976,Current Dollars,Level,6,"414,797",T30200
T30200,W019RC,43,Total expenditures,1977,Current Dollars,Level,6,"451,022",T30200
T30200,W019RC,43,Total expenditures,1978,Current Dollars,Level,6,"502,285",T30200
T30200,W019RC,43,Total expenditures,1979,Current Dollars,Level,6,"553,210",T30200
T30200,W019RC,43,Total expenditures,1980,Current Dollars,Level,6,"644,982",T30200
T30200,W019RC,43,Total expenditures,1981,Current Dollars,Level,6,"732,246",T30200
T30200,W019RC,43,Total expenditures,1982,Current Dollars,Level,6,"811,566",T30200
T30200,W019RC,43,Total expenditures,1983,Current Dollars,Level,6,"883,789",T30200
T30200,W019RC,43,Total expenditures,1984,Current Dollars,Level,6,"946,523",T30200
T30200,W019RC,43,Total expenditures,1985,Current Dollars,Level,6,"1,028,892",T30200
T30200,W019RC,43,Total expenditures,1986,Current Dollars,Level,6,"1,089,204",T30200
T30200,W019RC,43,Total expenditures,1987,Current Dollars,Level,6,"1,126,225",T30200
T30200,W019RC,43,Total expenditures,1988,Current Dollars,Level,6,"1,171,061",T30200
T30200,W019RC,43,Total expenditures,1989,Current Dollars,Level,6,"1,245,662",T30200
T30200,W019RC,43,Total expenditures,1990,Current Dollars,Level,6,"1,343,040",T30200
T30200,W019RC,43,Total expenditures,1991,Current Dollars,Level,6,"1,399,589",T30200
T30200,W019RC,43,Total expenditures,1992,Current Dollars,Level,6,"1,524,785",T30200
T30200,W019RC,43,Total expenditures,1993,Current Dollars,Level,6,"1,572,685",T30200
T30200,W019RC,43,Total expenditures,1994,Current Dollars,Level,6,"1,606,120",T30200
T30200,W019RC,43,Total expenditures,1995,Current Dollars,Level,6,"1,673,693",T30200
T30200,W019RC,43,Total expenditures,1996,Current Dollars,Level,6,"1,735,498",T30200
T30200,W019RC,43,Total expenditures,1997,Current Dollars,Level,6,"1,769,179",T30200
T30200,W019RC,43,Total expenditures,1998,Current Dollars,Level,6,"1,803,607",T30200
T30200,W019RC,43,Total expenditures,1999,Current Dollars,Level,6,"1,871,144",T30200
T30200,W019RC,43,Total expenditures,2000,Current Dollars,Level,6,"1,942,965",T30200
T30200,W019RC,43,Total expenditures,2001,Current Dollars,Level,6,"2,058,840",T30200
T30200,W019RC,43,Total expenditures,2002,Current Dollars,Level,6,"2,207,122",T30200
T30200,W019RC,43,Total expenditures,2003,Current Dollars,Level,6,"2,385,334",T30200
T30200,W019RC,43,Total expenditures,2004,Current Dollars,Level,6,"2,520,229",T30200
T30200,W019RC,43,Total expenditures,2005,Current Dollars,Level,6,"2,725,650",T30200
T30200,W019RC,43,Total expenditures,2006,Current Dollars,Level,6,"2,857,529",T30200
T30200,W019RC,43,Total expenditures,2007,Current Dollars,Level,6,"3,047,783",T30200
T30200,W019RC,43,Total expenditures,2008,Current Dollars,Level,6,"3,384,478",T30200
T30200,W019RC,43,Total expenditures,2009,Current Dollars,Level,6,"3,737,987",T30200
T30200,W019RC,43,Total expenditures,2010,Current Dollars,Level,6,"3,965,309",T30200
T30200,W019RC,43,Total expenditures,2011,Current Dollars,Level,6,"3,978,839",T30200
T30200,W019RC,43,Total expenditures,2012,Current Dollars,Level,6,"3,902,144",T30200
T30200,W019RC,43,Total expenditures,2013,Current Dollars,Level,6,"3,857,798",T30200
T30200,W019RC,43,Total expenditures,2014,Current Dollars,Level,6,"3,965,010",T30200
T30200,W019RC,43,Total expenditures,2015,Current Dollars,Level,6,"4,053,659",T30200
T30200,W019RC,43,Total expenditures,2016,Current Dollars,Level,6,"4,200,989",T30200
T30200,W019RC,43,Total expenditures,2017,Current Dollars,Level,6,"4,337,514",T30200
T30200,W019RC,43,Total expenditures,2018,Current Dollars,Level,6,"4,592,927",T30200
T30200,W019RC,43,Total expenditures,2019,Current Dollars,Level,6,"4,874,823",T30200
T30200,W019RC,43,Total expenditures,2020,Current Dollars,Level,6,"6,860,711",T30200
T30200,W019RC,43,Total expenditures,2021,Current Dollars,Level,6,"7,471,303",T30200
T30200,W019RC,43,Total expenditures,2022,Current Dollars,Level,6,"6,309,562",T30200
T30200,W019RC,43,Total expenditures,2023,Current Dollars,Level,6,"6,873,464",T30200
T30200,W019RC,43,Total expenditures,2024,Current Dollars,Level,6,"7,321,490",T30200
T30200,W019RC,43,Total expenditures,2025,Current Dollars,Level,6,"7,689,092",T30200
T30200,W013RC,44,Current expenditures,1929,Current Dollars,Level,6,"2,920",T30200
T30200,W013RC,44,Current expenditures,1930,Current Dollars,Level,6,"2,978",T30200
T30200,W013RC,44,Current expenditures,1931,Current Dollars,Level,6,"4,301",T30200
T30200,W013RC,44,Current expenditures,1932,Current Dollars,Level,6,"3,227",T30200
T30200,W013RC,44,Current expenditures,1933,Current Dollars,Level,6,"3,732",T30200
T30200,W013RC,44,Current expenditures,1934,Current Dollars,Level,6,"5,946",T30200
T30200,W013RC,44,Current expenditures,1935,Current Dollars,Level,6,"5,964",T30200
T30200,W013RC,44,Current expenditures,1936,Current Dollars,Level,6,"8,219",T30200
T30200,W013RC,44,Current expenditures,1937,Current Dollars,Level,6,"6,777",T30200
T30200,W013RC,44,Current expenditures,1938,Current Dollars,Level,6,"7,783",T30200
T30200,W013RC,44,Current expenditures,1939,Current Dollars,Level,6,"8,834",T30200
T30200,W013RC,44,Current expenditures,1940,Current Dollars,Level,6,"9,231",T30200
T30200,W013RC,44,Current expenditures,1941,Current Dollars,Level,6,"14,293",T30200
T30200,W013RC,44,Current expenditures,1942,Current Dollars,Level,6,"33,690",T30200
T30200,W013RC,44,Current expenditures,1943,Current Dollars,Level,6,"55,552",T30200
T30200,W013RC,44,Current expenditures,1944,Current Dollars,Level,6,"69,487",T30200
T30200,W013RC,44,Current expenditures,1945,Current Dollars,Level,6,"73,514",T30200
T30200,W013RC,44,Current expenditures,1946,Current Dollars,Level,6,"47,542",T30200
T30200,W013RC,44,Current expenditures,1947,Current Dollars,Level,6,"40,351",T30200
T30200,W013RC,44,Current expenditures,1948,Current Dollars,Level,6,"41,402",T30200
T30200,W013RC,44,Current expenditures,1949,Current Dollars,Level,6,"46,333",T30200
T30200,W013RC,44,Current expenditures,1950,Current Dollars,Level,6,"46,920",T30200
T30200,W013RC,44,Current expenditures,1951,Current Dollars,Level,6,"58,414",T30200
T30200,W013RC,44,Current expenditures,1952,Current Dollars,Level,6,"67,929",T30200
T30200,W013RC,44,Current expenditures,1953,Current Dollars,Level,6,"72,766",T30200
T30200,W013RC,44,Current expenditures,1954,Current Dollars,Level,6,"70,504",T30200
T30200,W013RC,44,Current expenditures,1955,Current Dollars,Level,6,"71,642",T30200
T30200,W013RC,44,Current expenditures,1956,Current Dollars,Level,6,"74,437",T30200
T30200,W013RC,44,Current expenditures,1957,Current Dollars,Level,6,"81,942",T30200
T30200,W013RC,44,Current expenditures,1958,Current Dollars,Level,6,"88,115",T30200
T30200,W013RC,44,Current expenditures,1959,Current Dollars,Level,6,"90,510",T30200
T30200,W013RC,44,Current expenditures,1960,Current Dollars,Level,6,"93,398",T30200
T30200,W013RC,44,Current expenditures,1961,Current Dollars,Level,6,"99,811",T30200
T30200,W013RC,44,Current expenditures,1962,Current Dollars,Level,6,"108,557",T30200
T30200,W013RC,44,Current expenditures,1963,Current Dollars,Level,6,"113,498",T30200
T30200,W013RC,44,Current expenditures,1964,Current Dollars,Level,6,"118,210",T30200
T30200,W013RC,44,Current expenditures,1965,Current Dollars,Level,6,"125,942",T30200
T30200,W013RC,44,Current expenditures,1966,Current Dollars,Level,6,"144,374",T30200
T30200,W013RC,44,Current expenditures,1967,Current Dollars,Level,6,"165,783",T30200
T30200,W013RC,44,Current expenditures,1968,Current Dollars,Level,6,"184,345",T30200
T30200,W013RC,44,Current expenditures,1969,Current Dollars,Level,6,"196,984",T30200
T30200,W013RC,44,Current expenditures,1970,Current Dollars,Level,6,"219,944",T30200
T30200,W013RC,44,Current expenditures,1971,Current Dollars,Level,6,"241,602",T30200
T30200,W013RC,44,Current expenditures,1972,Current Dollars,Level,6,"268,020",T30200
T30200,W013RC,44,Current expenditures,1973,Current Dollars,Level,6,"287,556",T30200
T30200,W013RC,44,Current expenditures,1974,Current Dollars,Level,6,"319,849",T30200
T30200,W013RC,44,Current expenditures,1975,Current Dollars,Level,6,"374,759",T30200
T30200,W013RC,44,Current expenditures,1976,Current Dollars,Level,6,"403,484",T30200
T30200,W013RC,44,Current expenditures,1977,Current Dollars,Level,6,"437,317",T30200
T30200,W013RC,44,Current expenditures,1978,Current Dollars,Level,6,"485,865",T30200
T30200,W013RC,44,Current expenditures,1979,Current Dollars,Level,6,"534,386",T30200
T30200,W013RC,44,Current expenditures,1980,Current Dollars,Level,6,"622,455",T30200
T30200,W013RC,44,Current expenditures,1981,Current Dollars,Level,6,"709,135",T30200
T30200,W013RC,44,Current expenditures,1982,Current Dollars,Level,6,"786,017",T30200
T30200,W013RC,44,Current expenditures,1983,Current Dollars,Level,6,"851,942",T30200
T30200,W013RC,44,Current expenditures,1984,Current Dollars,Level,6,"907,686",T30200
T30200,W013RC,44,Current expenditures,1985,Current Dollars,Level,6,"974,971",T30200
T30200,W013RC,44,Current expenditures,1986,Current Dollars,Level,6,"1,033,848",T30200
T30200,W013RC,44,Current expenditures,1987,Current Dollars,Level,6,"1,065,228",T30200
T30200,W013RC,44,Current expenditures,1988,Current Dollars,Level,6,"1,122,388",T30200
T30200,W013RC,44,Current expenditures,1989,Current Dollars,Level,6,"1,201,839",T30200
T30200,W013RC,44,Current expenditures,1990,Current Dollars,Level,6,"1,290,904",T30200
T30200,W013RC,44,Current expenditures,1991,Current Dollars,Level,6,"1,356,230",T30200
T30200,W013RC,44,Current expenditures,1992,Current Dollars,Level,6,"1,488,857",T30200
T30200,W013RC,44,Current expenditures,1993,Current Dollars,Level,6,"1,544,575",T30200
T30200,W013RC,44,Current expenditures,1994,Current Dollars,Level,6,"1,584,968",T30200
T30200,W013RC,44,Current expenditures,1995,Current Dollars,Level,6,"1,659,541",T30200
T30200,W013RC,44,Current expenditures,1996,Current Dollars,Level,6,"1,715,729",T30200
T30200,W013RC,44,Current expenditures,1997,Current Dollars,Level,6,"1,759,350",T30200
T30200,W013RC,44,Current expenditures,1998,Current Dollars,Level,6,"1,788,439",T30200
T30200,W013RC,44,Current expenditures,1999,Current Dollars,Level,6,"1,836,827",T30200
T30200,W013RC,44,Current expenditures,2000,Current Dollars,Level,6,"1,908,092",T30200
T30200,W013RC,44,Current expenditures,2001,Current Dollars,Level,6,"2,017,329",T30200
T30200,W013RC,44,Current expenditures,2002,Current Dollars,Level,6,"2,138,700",T30200
T30200,W013RC,44,Current expenditures,2003,Current Dollars,Level,6,"2,293,495",T30200
T30200,W013RC,44,Current expenditures,2004,Current Dollars,Level,6,"2,421,571",T30200
T30200,W013RC,44,Current expenditures,2005,Current Dollars,Level,6,"2,598,463",T30200
T30200,W013RC,44,Current expenditures,2006,Current Dollars,Level,6,"2,760,722",T30200
T30200,W013RC,44,Current expenditures,2007,Current Dollars,Level,6,"2,928,003",T30200
T30200,W013RC,44,Current expenditures,2008,Current Dollars,Level,6,"3,206,987",T30200
T30200,W013RC,44,Current expenditures,2009,Current Dollars,Level,6,"3,485,240",T30200
T30200,W013RC,44,Current expenditures,2010,Current Dollars,Level,6,"3,764,625",T30200
T30200,W013RC,44,Current expenditures,2011,Current Dollars,Level,6,"3,807,750",T30200
T30200,W013RC,44,Current expenditures,2012,Current Dollars,Level,6,"3,773,503",T30200
T30200,W013RC,44,Current expenditures,2013,Current Dollars,Level,6,"3,770,255",T30200
T30200,W013RC,44,Current expenditures,2014,Current Dollars,Level,6,"3,888,437",T30200
T30200,W013RC,44,Current expenditures,2015,Current Dollars,Level,6,"4,005,825",T30200
T30200,W013RC,44,Current expenditures,2016,Current Dollars,Level,6,"4,127,974",T30200
T30200,W013RC,44,Current expenditures,2017,Current Dollars,Level,6,"4,240,545",T30200
T30200,W013RC,44,Current expenditures,2018,Current Dollars,Level,6,"4,489,479",T30200
T30200,W013RC,44,Current expenditures,2019,Current Dollars,Level,6,"4,748,122",T30200
T30200,W013RC,44,Current expenditures,2020,Current Dollars,Level,6,"6,715,113",T30200
T30200,W013RC,44,Current expenditures,2021,Current Dollars,Level,6,"7,284,058",T30200
T30200,W013RC,44,Current expenditures,2022,Current Dollars,Level,6,"6,144,892",T30200
T30200,W013RC,44,Current expenditures,2023,Current Dollars,Level,6,"6,538,015",T30200
T30200,W013RC,44,Current expenditures,2024,Current Dollars,Level,6,"7,053,367",T30200
T30200,W013RC,44,Current expenditures,2025,Current Dollars,Level,6,"7,490,641",T30200
T30200,A787RC,45,Gross government investment,1929,Current Dollars,Level,6,232,T30200
T30200,A787RC,45,Gross government investment,1930,Current Dollars,Level,6,316,T30200
T30200,A787RC,45,Gross government investment,1931,Current Dollars,Level,6,405,T30200
T30200,A787RC,45,Gross government investment,1932,Current Dollars,Level,6,465,T30200
T30200,A787RC,45,Gross government investment,1933,Current Dollars,Level,6,676,T30200
T30200,A787RC,45,Gross government investment,1934,Current Dollars,Level,6,872,T30200
T30200,A787RC,45,Gross government investment,1935,Current Dollars,Level,6,"1,217",T30200
T30200,A787RC,45,Gross government investment,1936,Current Dollars,Level,6,"1,293",T30200
T30200,A787RC,45,Gross government investment,1937,Current Dollars,Level,6,"1,297",T30200
T30200,A787RC,45,Gross government investment,1938,Current Dollars,Level,6,"1,283",T30200
T30200,A787RC,45,Gross government investment,1939,Current Dollars,Level,6,"1,180",T30200
T30200,A787RC,45,Gross government investment,1940,Current Dollars,Level,6,"1,636",T30200
T30200,A787RC,45,Gross government investment,1941,Current Dollars,Level,6,"8,517",T30200
T30200,A787RC,45,Gross government investment,1942,Current Dollars,Level,6,"27,410",T30200
T30200,A787RC,45,Gross government investment,1943,Current Dollars,Level,6,"38,984",T30200
T30200,A787RC,45,Gross government investment,1944,Current Dollars,Level,6,"37,411",T30200
T30200,A787RC,45,Gross government investment,1945,Current Dollars,Level,6,"24,457",T30200
T30200,A787RC,45,Gross government investment,1946,Current Dollars,Level,6,"3,079",T30200
T30200,A787RC,45,Gross government investment,1947,Current Dollars,Level,6,"2,796",T30200
T30200,A787RC,45,Gross government investment,1948,Current Dollars,Level,6,"4,412",T30200
T30200,A787RC,45,Gross government investment,1949,Current Dollars,Level,6,"5,918",T30200
T30200,A787RC,45,Gross government investment,1950,Current Dollars,Level,6,"5,531",T30200
T30200,A787RC,45,Gross government investment,1951,Current Dollars,Level,6,"12,544",T30200
T30200,A787RC,45,Gross government investment,1952,Current Dollars,Level,6,"17,223",T30200
T30200,A787RC,45,Gross government investment,1953,Current Dollars,Level,6,"18,671",T30200
T30200,A787RC,45,Gross government investment,1954,Current Dollars,Level,6,"16,102",T30200
T30200,A787RC,45,Gross government investment,1955,Current Dollars,Level,6,"14,213",T30200
T30200,A787RC,45,Gross government investment,1956,Current Dollars,Level,6,"15,762",T30200
T30200,A787RC,45,Gross government investment,1957,Current Dollars,Level,6,"17,574",T30200
T30200,A787RC,45,Gross government investment,1958,Current Dollars,Level,6,"18,939",T30200
T30200,A787RC,45,Gross government investment,1959,Current Dollars,Level,6,"21,777",T30200
T30200,A787RC,45,Gross government investment,1960,Current Dollars,Level,6,"21,897",T30200
T30200,A787RC,45,Gross government investment,1961,Current Dollars,Level,6,"24,645",T30200
T30200,A787RC,45,Gross government investment,1962,Current Dollars,Level,6,"26,500",T30200
T30200,A787RC,45,Gross government investment,1963,Current Dollars,Level,6,"26,669",T30200
T30200,A787RC,45,Gross government investment,1964,Current Dollars,Level,6,"27,118",T30200
T30200,A787RC,45,Gross government investment,1965,Current Dollars,Level,6,"26,698",T30200
T30200,A787RC,45,Gross government investment,1966,Current Dollars,Level,6,"30,089",T30200
T30200,A787RC,45,Gross government investment,1967,Current Dollars,Level,6,"31,947",T30200
T30200,A787RC,45,Gross government investment,1968,Current Dollars,Level,6,"31,117",T30200
T30200,A787RC,45,Gross government investment,1969,Current Dollars,Level,6,"30,729",T30200
T30200,A787RC,45,Gross government investment,1970,Current Dollars,Level,6,"30,460",T30200
T30200,A787RC,45,Gross government investment,1971,Current Dollars,Level,6,"27,798",T30200
T30200,A787RC,45,Gross government investment,1972,Current Dollars,Level,6,"29,349",T30200
T30200,A787RC,45,Gross government investment,1973,Current Dollars,Level,6,"31,652",T30200
T30200,A787RC,45,Gross government investment,1974,Current Dollars,Level,6,"35,665",T30200
T30200,A787RC,45,Gross government investment,1975,Current Dollars,Level,6,"39,853",T30200
T30200,A787RC,45,Gross government investment,1976,Current Dollars,Level,6,"44,754",T30200
T30200,A787RC,45,Gross government investment,1977,Current Dollars,Level,6,"49,203",T30200
T30200,A787RC,45,Gross government investment,1978,Current Dollars,Level,6,"54,742",T30200
T30200,A787RC,45,Gross government investment,1979,Current Dollars,Level,6,"61,741",T30200
T30200,A787RC,45,Gross government investment,1980,Current Dollars,Level,6,"70,249",T30200
T30200,A787RC,45,Gross government investment,1981,Current Dollars,Level,6,"80,423",T30200
T30200,A787RC,45,Gross government investment,1982,Current Dollars,Level,6,"89,951",T30200
T30200,A787RC,45,Gross government investment,1983,Current Dollars,Level,6,"102,337",T30200
T30200,A787RC,45,Gross government investment,1984,Current Dollars,Level,6,"115,594",T30200
T30200,A787RC,45,Gross government investment,1985,Current Dollars,Level,6,"132,529",T30200
T30200,A787RC,45,Gross government investment,1986,Current Dollars,Level,6,"141,887",T30200
T30200,A787RC,45,Gross government investment,1987,Current Dollars,Level,6,"152,443",T30200
T30200,A787RC,45,Gross government investment,1988,Current Dollars,Level,6,"147,989",T30200
T30200,A787RC,45,Gross government investment,1989,Current Dollars,Level,6,"151,219",T30200
T30200,A787RC,45,Gross government investment,1990,Current Dollars,Level,6,"158,207",T30200
T30200,A787RC,45,Gross government investment,1991,Current Dollars,Level,6,"156,799",T30200
T30200,A787RC,45,Gross government investment,1992,Current Dollars,Level,6,"156,394",T30200
T30200,A787RC,45,Gross government investment,1993,Current Dollars,Level,6,"150,680",T30200
T30200,A787RC,45,Gross government investment,1994,Current Dollars,Level,6,"145,361",T30200
T30200,A787RC,45,Gross government investment,1995,Current Dollars,Level,6,"147,709",T30200
T30200,A787RC,45,Gross government investment,1996,Current Dollars,Level,6,"149,800",T30200
T30200,A787RC,45,Gross government investment,1997,Current Dollars,Level,6,"143,721",T30200
T30200,A787RC,45,Gross government investment,1998,Current Dollars,Level,6,"147,677",T30200
T30200,A787RC,45,Gross government investment,1999,Current Dollars,Level,6,"154,858",T30200
T30200,A787RC,45,Gross government investment,2000,Current Dollars,Level,6,"157,388",T30200
T30200,A787RC,45,Gross government investment,2001,Current Dollars,Level,6,"163,843",T30200
T30200,A787RC,45,Gross government investment,2002,Current Dollars,Level,6,"182,151",T30200
T30200,A787RC,45,Gross government investment,2003,Current Dollars,Level,6,"195,163",T30200
T30200,A787RC,45,Gross government investment,2004,Current Dollars,Level,6,"208,419",T30200
T30200,A787RC,45,Gross government investment,2005,Current Dollars,Level,6,"222,013",T30200
T30200,A787RC,45,Gross government investment,2006,Current Dollars,Level,6,"235,642",T30200
T30200,A787RC,45,Gross government investment,2007,Current Dollars,Level,6,"250,037",T30200
T30200,A787RC,45,Gross government investment,2008,Current Dollars,Level,6,"271,689",T30200
T30200,A787RC,45,Gross government investment,2009,Current Dollars,Level,6,"282,621",T30200
T30200,A787RC,45,Gross government investment,2010,Current Dollars,Level,6,"297,249",T30200
T30200,A787RC,45,Gross government investment,2011,Current Dollars,Level,6,"295,665",T30200
T30200,A787RC,45,Gross government investment,2012,Current Dollars,Level,6,"287,289",T30200
T30200,A787RC,45,Gross government investment,2013,Current Dollars,Level,6,"270,956",T30200
T30200,A787RC,45,Gross government investment,2014,Current Dollars,Level,6,"266,785",T30200
T30200,A787RC,45,Gross government investment,2015,Current Dollars,Level,6,"271,030",T30200
T30200,A787RC,45,Gross government investment,2016,Current Dollars,Level,6,"275,037",T30200
T30200,A787RC,45,Gross government investment,2017,Current Dollars,Level,6,"287,553",T30200
T30200,A787RC,45,Gross government investment,2018,Current Dollars,Level,6,"311,878",T30200
T30200,A787RC,45,Gross government investment,2019,Current Dollars,Level,6,"332,258",T30200
T30200,A787RC,45,Gross government investment,2020,Current Dollars,Level,6,"365,864",T30200
T30200,A787RC,45,Gross government investment,2021,Current Dollars,Level,6,"380,779",T30200
T30200,A787RC,45,Gross government investment,2022,Current Dollars,Level,6,"409,975",T30200
T30200,A787RC,45,Gross government investment,2023,Current Dollars,Level,6,"426,006",T30200
T30200,A787RC,45,Gross government investment,2024,Current Dollars,Level,6,"450,925",T30200
T30200,A787RC,45,Gross government investment,2025,Current Dollars,Level,6,"471,391",T30200
T30200,W020RC,46,Capital transfer payments,1937,Current Dollars,Level,6,63,T30200
T30200,W020RC,46,Capital transfer payments,1938,Current Dollars,Level,6,125,T30200
T30200,W020RC,46,Capital transfer payments,1939,Current Dollars,Level,6,113,T30200
T30200,W020RC,46,Capital transfer payments,1940,Current Dollars,Level,6,130,T30200
T30200,W020RC,46,Capital transfer payments,1941,Current Dollars,Level,6,162,T30200
T30200,W020RC,46,Capital transfer payments,1942,Current Dollars,Level,6,122,T30200
T30200,W020RC,46,Capital transfer payments,1943,Current Dollars,Level,6,91,T30200
T30200,W020RC,46,Capital transfer payments,1944,Current Dollars,Level,6,71,T30200
T30200,W020RC,46,Capital transfer payments,1945,Current Dollars,Level,6,65,T30200
T30200,W020RC,46,Capital transfer payments,1946,Current Dollars,Level,6,83,T30200
T30200,W020RC,46,Capital transfer payments,1947,Current Dollars,Level,6,143,T30200
T30200,W020RC,46,Capital transfer payments,1948,Current Dollars,Level,6,266,T30200
T30200,W020RC,46,Capital transfer payments,1949,Current Dollars,Level,6,372,T30200
T30200,W020RC,46,Capital transfer payments,1950,Current Dollars,Level,6,442,T30200
T30200,W020RC,46,Capital transfer payments,1951,Current Dollars,Level,6,442,T30200
T30200,W020RC,46,Capital transfer payments,1952,Current Dollars,Level,6,490,T30200
T30200,W020RC,46,Capital transfer payments,1953,Current Dollars,Level,6,560,T30200
T30200,W020RC,46,Capital transfer payments,1954,Current Dollars,Level,6,585,T30200
T30200,W020RC,46,Capital transfer payments,1955,Current Dollars,Level,6,721,T30200
T30200,W020RC,46,Capital transfer payments,1956,Current Dollars,Level,6,809,T30200
T30200,W020RC,46,Capital transfer payments,1957,Current Dollars,Level,6,"1,312",T30200
T30200,W020RC,46,Capital transfer payments,1958,Current Dollars,Level,6,"2,332",T30200
T30200,W020RC,46,Capital transfer payments,1959,Current Dollars,Level,6,"3,122",T30200
T30200,W020RC,46,Capital transfer payments,1960,Current Dollars,Level,6,"2,616",T30200
T30200,W020RC,46,Capital transfer payments,1961,Current Dollars,Level,6,"2,854",T30200
T30200,W020RC,46,Capital transfer payments,1962,Current Dollars,Level,6,"3,067",T30200
T30200,W020RC,46,Capital transfer payments,1963,Current Dollars,Level,6,"3,586",T30200
T30200,W020RC,46,Capital transfer payments,1964,Current Dollars,Level,6,"4,064",T30200
T30200,W020RC,46,Capital transfer payments,1965,Current Dollars,Level,6,"4,035",T30200
T30200,W020RC,46,Capital transfer payments,1966,Current Dollars,Level,6,"4,387",T30200
T30200,W020RC,46,Capital transfer payments,1967,Current Dollars,Level,6,"4,260",T30200
T30200,W020RC,46,Capital transfer payments,1968,Current Dollars,Level,6,"5,993",T30200
T30200,W020RC,46,Capital transfer payments,1969,Current Dollars,Level,6,"5,860",T30200
T30200,W020RC,46,Capital transfer payments,1970,Current Dollars,Level,6,"5,260",T30200
T30200,W020RC,46,Capital transfer payments,1971,Current Dollars,Level,6,"5,949",T30200
T30200,W020RC,46,Capital transfer payments,1972,Current Dollars,Level,6,"6,051",T30200
T30200,W020RC,46,Capital transfer payments,1973,Current Dollars,Level,6,"5,997",T30200
T30200,W020RC,46,Capital transfer payments,1974,Current Dollars,Level,6,"7,926",T30200
T30200,W020RC,46,Capital transfer payments,1975,Current Dollars,Level,6,"9,711",T30200
T30200,W020RC,46,Capital transfer payments,1976,Current Dollars,Level,6,"10,617",T30200
T30200,W020RC,46,Capital transfer payments,1977,Current Dollars,Level,6,"11,193",T30200
T30200,W020RC,46,Capital transfer payments,1978,Current Dollars,Level,6,"11,984",T30200
T30200,W020RC,46,Capital transfer payments,1979,Current Dollars,Level,6,"14,522",T30200
T30200,W020RC,46,Capital transfer payments,1980,Current Dollars,Level,6,"16,739",T30200
T30200,W020RC,46,Capital transfer payments,1981,Current Dollars,Level,6,"15,736",T30200
T30200,W020RC,46,Capital transfer payments,1982,Current Dollars,Level,6,"14,670",T30200
T30200,W020RC,46,Capital transfer payments,1983,Current Dollars,Level,6,"15,582",T30200
T30200,W020RC,46,Capital transfer payments,1984,Current Dollars,Level,6,"17,783",T30200
T30200,W020RC,46,Capital transfer payments,1985,Current Dollars,Level,6,"19,565",T30200
T30200,W020RC,46,Capital transfer payments,1986,Current Dollars,Level,6,"20,081",T30200
T30200,W020RC,46,Capital transfer payments,1987,Current Dollars,Level,6,"19,099",T30200
T30200,W020RC,46,Capital transfer payments,1988,Current Dollars,Level,6,"19,754",T30200
T30200,W020RC,46,Capital transfer payments,1989,Current Dollars,Level,6,"20,211",T30200
T30200,W020RC,46,Capital transfer payments,1990,Current Dollars,Level,6,"28,205",T30200
T30200,W020RC,46,Capital transfer payments,1991,Current Dollars,Level,6,"26,507",T30200
T30200,W020RC,46,Capital transfer payments,1992,Current Dollars,Level,6,"22,613",T30200
T30200,W020RC,46,Capital transfer payments,1993,Current Dollars,Level,6,"24,304",T30200
T30200,W020RC,46,Capital transfer payments,1994,Current Dollars,Level,6,"26,047",T30200
T30200,W020RC,46,Capital transfer payments,1995,Current Dollars,Level,6,"27,900",T30200
T30200,W020RC,46,Capital transfer payments,1996,Current Dollars,Level,6,"28,420",T30200
T30200,W020RC,46,Capital transfer payments,1997,Current Dollars,Level,6,"29,214",T30200
T30200,W020RC,46,Capital transfer payments,1998,Current Dollars,Level,6,"28,926",T30200
T30200,W020RC,46,Capital transfer payments,1999,Current Dollars,Level,6,"38,828",T30200
T30200,W020RC,46,Capital transfer payments,2000,Current Dollars,Level,6,"41,230",T30200
T30200,W020RC,46,Capital transfer payments,2001,Current Dollars,Level,6,"43,566",T30200
T30200,W020RC,46,Capital transfer payments,2002,Current Dollars,Level,6,"53,364",T30200
T30200,W020RC,46,Capital transfer payments,2003,Current Dollars,Level,6,"69,769",T30200
T30200,W020RC,46,Capital transfer payments,2004,Current Dollars,Level,6,"71,358",T30200
T30200,W020RC,46,Capital transfer payments,2005,Current Dollars,Level,6,"97,497",T30200
T30200,W020RC,46,Capital transfer payments,2006,Current Dollars,Level,6,"76,694",T30200
T30200,W020RC,46,Capital transfer payments,2007,Current Dollars,Level,6,"85,880",T30200
T30200,W020RC,46,Capital transfer payments,2008,Current Dollars,Level,6,"152,053",T30200
T30200,W020RC,46,Capital transfer payments,2009,Current Dollars,Level,6,"212,632",T30200
T30200,W020RC,46,Capital transfer payments,2010,Current Dollars,Level,6,"148,124",T30200
T30200,W020RC,46,Capital transfer payments,2011,Current Dollars,Level,6,"131,247",T30200
T30200,W020RC,46,Capital transfer payments,2012,Current Dollars,Level,6,"104,953",T30200
T30200,W020RC,46,Capital transfer payments,2013,Current Dollars,Level,6,"85,145",T30200
T30200,W020RC,46,Capital transfer payments,2014,Current Dollars,Level,6,"83,670",T30200
T30200,W020RC,46,Capital transfer payments,2015,Current Dollars,Level,6,"80,138",T30200
T30200,W020RC,46,Capital transfer payments,2016,Current Dollars,Level,6,"80,568",T30200
T30200,W020RC,46,Capital transfer payments,2017,Current Dollars,Level,6,"91,826",T30200
T30200,W020RC,46,Capital transfer payments,2018,Current Dollars,Level,6,"83,304",T30200
T30200,W020RC,46,Capital transfer payments,2019,Current Dollars,Level,6,"95,202",T30200
T30200,W020RC,46,Capital transfer payments,2020,Current Dollars,Level,6,"92,518",T30200
T30200,W020RC,46,Capital transfer payments,2021,Current Dollars,Level,6,"143,441",T30200
T30200,W020RC,46,Capital transfer payments,2022,Current Dollars,Level,6,"219,833",T30200
T30200,W020RC,46,Capital transfer payments,2023,Current Dollars,Level,6,"285,373",T30200
T30200,W020RC,46,Capital transfer payments,2024,Current Dollars,Level,6,"210,992",T30200
T30200,W020RC,46,Capital transfer payments,2025,Current Dollars,Level,6,"144,825",T30200
T30200,AD08RC,47,Net purchases of nonproduced assets,1960,Current Dollars,Level,6,451,T30200
T30200,AD08RC,47,Net purchases of nonproduced assets,1961,Current Dollars,Level,6,493,T30200
T30200,AD08RC,47,Net purchases of nonproduced assets,1962,Current Dollars,Level,6,594,T30200
T30200,AD08RC,47,Net purchases of nonproduced assets,1963,Current Dollars,Level,6,525,T30200
T30200,AD08RC,47,Net purchases of nonproduced assets,1964,Current Dollars,Level,6,626,T30200
T30200,AD08RC,47,Net purchases of nonproduced assets,1965,Current Dollars,Level,6,471,T30200
T30200,AD08RC,47,Net purchases of nonproduced assets,1966,Current Dollars,Level,6,642,T30200
T30200,AD08RC,47,Net purchases of nonproduced assets,1967,Current Dollars,Level,6,-231,T30200
T30200,AD08RC,47,Net purchases of nonproduced assets,1968,Current Dollars,Level,6,-914,T30200
T30200,AD08RC,47,Net purchases of nonproduced assets,1969,Current Dollars,Level,6,104,T30200
T30200,AD08RC,47,Net purchases of nonproduced assets,1970,Current Dollars,Level,6,-269,T30200
T30200,AD08RC,47,Net purchases of nonproduced assets,1971,Current Dollars,Level,6,-439,T30200
T30200,AD08RC,47,Net purchases of nonproduced assets,1972,Current Dollars,Level,6,-714,T30200
T30200,AD08RC,47,Net purchases of nonproduced assets,1973,Current Dollars,Level,6,"-3,205",T30200
T30200,AD08RC,47,Net purchases of nonproduced assets,1974,Current Dollars,Level,6,"-5,673",T30200
T30200,AD08RC,47,Net purchases of nonproduced assets,1975,Current Dollars,Level,6,-433,T30200
T30200,AD08RC,47,Net purchases of nonproduced assets,1976,Current Dollars,Level,6,"-2,387",T30200
T30200,AD08RC,47,Net purchases of nonproduced assets,1977,Current Dollars,Level,6,"-1,421",T30200
T30200,AD08RC,47,Net purchases of nonproduced assets,1978,Current Dollars,Level,6,-639,T30200
T30200,AD08RC,47,Net purchases of nonproduced assets,1979,Current Dollars,Level,6,"-2,848",T30200
T30200,AD08RC,47,Net purchases of nonproduced assets,1980,Current Dollars,Level,6,"-4,068",T30200
T30200,AD08RC,47,Net purchases of nonproduced assets,1981,Current Dollars,Level,6,"-5,526",T30200
T30200,AD08RC,47,Net purchases of nonproduced assets,1982,Current Dollars,Level,6,"-3,692",T30200
T30200,AD08RC,47,Net purchases of nonproduced assets,1983,Current Dollars,Level,6,"-4,949",T30200
T30200,AD08RC,47,Net purchases of nonproduced assets,1984,Current Dollars,Level,6,"-3,957",T30200
T30200,AD08RC,47,Net purchases of nonproduced assets,1985,Current Dollars,Level,6,"-1,202",T30200
T30200,AD08RC,47,Net purchases of nonproduced assets,1986,Current Dollars,Level,6,"-3,024",T30200
T30200,AD08RC,47,Net purchases of nonproduced assets,1987,Current Dollars,Level,6,-438,T30200
T30200,AD08RC,47,Net purchases of nonproduced assets,1988,Current Dollars,Level,6,-156,T30200
T30200,AD08RC,47,Net purchases of nonproduced assets,1989,Current Dollars,Level,6,-736,T30200
T30200,AD08RC,47,Net purchases of nonproduced assets,1990,Current Dollars,Level,6,-781,T30200
T30200,AD08RC,47,Net purchases of nonproduced assets,1991,Current Dollars,Level,6,149,T30200
T30200,AD08RC,47,Net purchases of nonproduced assets,1992,Current Dollars,Level,6,189,T30200
T30200,AD08RC,47,Net purchases of nonproduced assets,1993,Current Dollars,Level,6,154,T30200
T30200,AD08RC,47,Net purchases of nonproduced assets,1994,Current Dollars,Level,6,74,T30200
T30200,AD08RC,47,Net purchases of nonproduced assets,1995,Current Dollars,Level,6,"-7,929",T30200
T30200,AD08RC,47,Net purchases of nonproduced assets,1996,Current Dollars,Level,6,"-4,785",T30200
T30200,AD08RC,47,Net purchases of nonproduced assets,1997,Current Dollars,Level,6,"-8,801",T30200
T30200,AD08RC,47,Net purchases of nonproduced assets,1998,Current Dollars,Level,6,"-6,025",T30200
T30200,AD08RC,47,Net purchases of nonproduced assets,1999,Current Dollars,Level,6,"-1,217",T30200
T30200,AD08RC,47,Net purchases of nonproduced assets,2000,Current Dollars,Level,6,-625,T30200
T30200,AD08RC,47,Net purchases of nonproduced assets,2001,Current Dollars,Level,6,"-1,450",T30200
T30200,AD08RC,47,Net purchases of nonproduced assets,2002,Current Dollars,Level,6,-277,T30200
T30200,AD08RC,47,Net purchases of nonproduced assets,2003,Current Dollars,Level,6,-844,T30200
T30200,AD08RC,47,Net purchases of nonproduced assets,2004,Current Dollars,Level,6,-633,T30200
T30200,AD08RC,47,Net purchases of nonproduced assets,2005,Current Dollars,Level,6,"-1,790",T30200
T30200,AD08RC,47,Net purchases of nonproduced assets,2006,Current Dollars,Level,6,"-14,243",T30200
T30200,AD08RC,47,Net purchases of nonproduced assets,2007,Current Dollars,Level,6,"-3,334",T30200
T30200,AD08RC,47,Net purchases of nonproduced assets,2008,Current Dollars,Level,6,"-20,393",T30200
T30200,AD08RC,47,Net purchases of nonproduced assets,2009,Current Dollars,Level,6,"-8,866",T30200
T30200,AD08RC,47,Net purchases of nonproduced assets,2010,Current Dollars,Level,6,-950,T30200
T30200,AD08RC,47,Net purchases of nonproduced assets,2011,Current Dollars,Level,6,-885,T30200
T30200,AD08RC,47,Net purchases of nonproduced assets,2012,Current Dollars,Level,6,"-1,964",T30200
T30200,AD08RC,47,Net purchases of nonproduced assets,2013,Current Dollars,Level,6,"-2,478",T30200
T30200,AD08RC,47,Net purchases of nonproduced assets,2014,Current Dollars,Level,6,"-2,603",T30200
T30200,AD08RC,47,Net purchases of nonproduced assets,2015,Current Dollars,Level,6,"-30,899",T30200
T30200,AD08RC,47,Net purchases of nonproduced assets,2016,Current Dollars,Level,6,"-8,895",T30200
T30200,AD08RC,47,Net purchases of nonproduced assets,2017,Current Dollars,Level,6,"-2,237",T30200
T30200,AD08RC,47,Net purchases of nonproduced assets,2018,Current Dollars,Level,6,"-1,583",T30200
T30200,AD08RC,47,Net purchases of nonproduced assets,2019,Current Dollars,Level,6,"-1,900",T30200
T30200,AD08RC,47,Net purchases of nonproduced assets,2020,Current Dollars,Level,6,"-2,849",T30200
T30200,AD08RC,47,Net purchases of nonproduced assets,2021,Current Dollars,Level,6,"-9,028",T30200
T30200,AD08RC,47,Net purchases of nonproduced assets,2022,Current Dollars,Level,6,"-108,152",T30200
T30200,AD08RC,47,Net purchases of nonproduced assets,2023,Current Dollars,Level,6,-772,T30200
T30200,AD08RC,47,Net purchases of nonproduced assets,2024,Current Dollars,Level,6,-438,T30200
T30200,AD08RC,47,Net purchases of nonproduced assets,2025,Current Dollars,Level,6,-154,T30200
T30200,A918RC,48,Less: Consumption of fixed capital,1929,Current Dollars,Level,6,244,T30200
T30200,A918RC,48,Less: Consumption of fixed capital,1930,Current Dollars,Level,6,233,T30200
T30200,A918RC,48,Less: Consumption of fixed capital,1931,Current Dollars,Level,6,229,T30200
T30200,A918RC,48,Less: Consumption of fixed capital,1932,Current Dollars,Level,6,222,T30200
T30200,A918RC,48,Less: Consumption of fixed capital,1933,Current Dollars,Level,6,232,T30200
T30200,A918RC,48,Less: Consumption of fixed capital,1934,Current Dollars,Level,6,276,T30200
T30200,A918RC,48,Less: Consumption of fixed capital,1935,Current Dollars,Level,6,306,T30200
T30200,A918RC,48,Less: Consumption of fixed capital,1936,Current Dollars,Level,6,355,T30200
T30200,A918RC,48,Less: Consumption of fixed capital,1937,Current Dollars,Level,6,400,T30200
T30200,A918RC,48,Less: Consumption of fixed capital,1938,Current Dollars,Level,6,431,T30200
T30200,A918RC,48,Less: Consumption of fixed capital,1939,Current Dollars,Level,6,456,T30200
T30200,A918RC,48,Less: Consumption of fixed capital,1940,Current Dollars,Level,6,499,T30200
T30200,A918RC,48,Less: Consumption of fixed capital,1941,Current Dollars,Level,6,874,T30200
T30200,A918RC,48,Less: Consumption of fixed capital,1942,Current Dollars,Level,6,"2,223",T30200
T30200,A918RC,48,Less: Consumption of fixed capital,1943,Current Dollars,Level,6,"4,970",T30200
T30200,A918RC,48,Less: Consumption of fixed capital,1944,Current Dollars,Level,6,"7,840",T30200
T30200,A918RC,48,Less: Consumption of fixed capital,1945,Current Dollars,Level,6,"9,165",T30200
T30200,A918RC,48,Less: Consumption of fixed capital,1946,Current Dollars,Level,6,"9,875",T30200
T30200,A918RC,48,Less: Consumption of fixed capital,1947,Current Dollars,Level,6,"9,512",T30200
T30200,A918RC,48,Less: Consumption of fixed capital,1948,Current Dollars,Level,6,"8,368",T30200
T30200,A918RC,48,Less: Consumption of fixed capital,1949,Current Dollars,Level,6,"7,518",T30200
T30200,A918RC,48,Less: Consumption of fixed capital,1950,Current Dollars,Level,6,"6,879",T30200
T30200,A918RC,48,Less: Consumption of fixed capital,1951,Current Dollars,Level,6,"7,358",T30200
T30200,A918RC,48,Less: Consumption of fixed capital,1952,Current Dollars,Level,6,"8,266",T30200
T30200,A918RC,48,Less: Consumption of fixed capital,1953,Current Dollars,Level,6,"9,250",T30200
T30200,A918RC,48,Less: Consumption of fixed capital,1954,Current Dollars,Level,6,"10,061",T30200
T30200,A918RC,48,Less: Consumption of fixed capital,1955,Current Dollars,Level,6,"10,736",T30200
T30200,A918RC,48,Less: Consumption of fixed capital,1956,Current Dollars,Level,6,"11,686",T30200
T30200,A918RC,48,Less: Consumption of fixed capital,1957,Current Dollars,Level,6,"12,711",T30200
T30200,A918RC,48,Less: Consumption of fixed capital,1958,Current Dollars,Level,6,"13,425",T30200
T30200,A918RC,48,Less: Consumption of fixed capital,1959,Current Dollars,Level,6,"14,295",T30200
T30200,A918RC,48,Less: Consumption of fixed capital,1960,Current Dollars,Level,6,"15,167",T30200
T30200,A918RC,48,Less: Consumption of fixed capital,1961,Current Dollars,Level,6,"16,034",T30200
T30200,A918RC,48,Less: Consumption of fixed capital,1962,Current Dollars,Level,6,"17,170",T30200
T30200,A918RC,48,Less: Consumption of fixed capital,1963,Current Dollars,Level,6,"18,353",T30200
T30200,A918RC,48,Less: Consumption of fixed capital,1964,Current Dollars,Level,6,"19,204",T30200
T30200,A918RC,48,Less: Consumption of fixed capital,1965,Current Dollars,Level,6,"20,013",T30200
T30200,A918RC,48,Less: Consumption of fixed capital,1966,Current Dollars,Level,6,"21,048",T30200
T30200,A918RC,48,Less: Consumption of fixed capital,1967,Current Dollars,Level,6,"22,463",T30200
T30200,A918RC,48,Less: Consumption of fixed capital,1968,Current Dollars,Level,6,"24,155",T30200
T30200,A918RC,48,Less: Consumption of fixed capital,1969,Current Dollars,Level,6,"25,819",T30200
T30200,A918RC,48,Less: Consumption of fixed capital,1970,Current Dollars,Level,6,"27,634",T30200
T30200,A918RC,48,Less: Consumption of fixed capital,1971,Current Dollars,Level,6,"29,063",T30200
T30200,A918RC,48,Less: Consumption of fixed capital,1972,Current Dollars,Level,6,"30,204",T30200
T30200,A918RC,48,Less: Consumption of fixed capital,1973,Current Dollars,Level,6,"32,354",T30200
T30200,A918RC,48,Less: Consumption of fixed capital,1974,Current Dollars,Level,6,"35,383",T30200
T30200,A918RC,48,Less: Consumption of fixed capital,1975,Current Dollars,Level,6,"38,744",T30200
T30200,A918RC,48,Less: Consumption of fixed capital,1976,Current Dollars,Level,6,"41,671",T30200
T30200,A918RC,48,Less: Consumption of fixed capital,1977,Current Dollars,Level,6,"45,269",T30200
T30200,A918RC,48,Less: Consumption of fixed capital,1978,Current Dollars,Level,6,"49,668",T30200
T30200,A918RC,48,Less: Consumption of fixed capital,1979,Current Dollars,Level,6,"54,591",T30200
T30200,A918RC,48,Less: Consumption of fixed capital,1980,Current Dollars,Level,6,"60,394",T30200
T30200,A918RC,48,Less: Consumption of fixed capital,1981,Current Dollars,Level,6,"67,523",T30200
T30200,A918RC,48,Less: Consumption of fixed capital,1982,Current Dollars,Level,6,"75,379",T30200
T30200,A918RC,48,Less: Consumption of fixed capital,1983,Current Dollars,Level,6,"81,124",T30200
T30200,A918RC,48,Less: Consumption of fixed capital,1984,Current Dollars,Level,6,"90,583",T30200
T30200,A918RC,48,Less: Consumption of fixed capital,1985,Current Dollars,Level,6,"96,971",T30200
T30200,A918RC,48,Less: Consumption of fixed capital,1986,Current Dollars,Level,6,"103,588",T30200
T30200,A918RC,48,Less: Consumption of fixed capital,1987,Current Dollars,Level,6,"110,107",T30200
T30200,A918RC,48,Less: Consumption of fixed capital,1988,Current Dollars,Level,6,"118,915",T30200
T30200,A918RC,48,Less: Consumption of fixed capital,1989,Current Dollars,Level,6,"126,871",T30200
T30200,A918RC,48,Less: Consumption of fixed capital,1990,Current Dollars,Level,6,"133,495",T30200
T30200,A918RC,48,Less: Consumption of fixed capital,1991,Current Dollars,Level,6,"140,096",T30200
T30200,A918RC,48,Less: Consumption of fixed capital,1992,Current Dollars,Level,6,"143,268",T30200
T30200,A918RC,48,Less: Consumption of fixed capital,1993,Current Dollars,Level,6,"147,028",T30200
T30200,A918RC,48,Less: Consumption of fixed capital,1994,Current Dollars,Level,6,"150,330",T30200
T30200,A918RC,48,Less: Consumption of fixed capital,1995,Current Dollars,Level,6,"153,528",T30200
T30200,A918RC,48,Less: Consumption of fixed capital,1996,Current Dollars,Level,6,"153,666",T30200
T30200,A918RC,48,Less: Consumption of fixed capital,1997,Current Dollars,Level,6,"154,305",T30200
T30200,A918RC,48,Less: Consumption of fixed capital,1998,Current Dollars,Level,6,"155,410",T30200
T30200,A918RC,48,Less: Consumption of fixed capital,1999,Current Dollars,Level,6,"158,153",T30200
T30200,A918RC,48,Less: Consumption of fixed capital,2000,Current Dollars,Level,6,"163,120",T30200
T30200,A918RC,48,Less: Consumption of fixed capital,2001,Current Dollars,Level,6,"164,448",T30200
T30200,A918RC,48,Less: Consumption of fixed capital,2002,Current Dollars,Level,6,"166,816",T30200
T30200,A918RC,48,Less: Consumption of fixed capital,2003,Current Dollars,Level,6,"172,249",T30200
T30200,A918RC,48,Less: Consumption of fixed capital,2004,Current Dollars,Level,6,"180,486",T30200
T30200,A918RC,48,Less: Consumption of fixed capital,2005,Current Dollars,Level,6,"190,535",T30200
T30200,A918RC,48,Less: Consumption of fixed capital,2006,Current Dollars,Level,6,"201,286",T30200
T30200,A918RC,48,Less: Consumption of fixed capital,2007,Current Dollars,Level,6,"212,804",T30200
T30200,A918RC,48,Less: Consumption of fixed capital,2008,Current Dollars,Level,6,"225,859",T30200
T30200,A918RC,48,Less: Consumption of fixed capital,2009,Current Dollars,Level,6,"233,640",T30200
T30200,A918RC,48,Less: Consumption of fixed capital,2010,Current Dollars,Level,6,"243,740",T30200
T30200,A918RC,48,Less: Consumption of fixed capital,2011,Current Dollars,Level,6,"254,938",T30200
T30200,A918RC,48,Less: Consumption of fixed capital,2012,Current Dollars,Level,6,"261,637",T30200
T30200,A918RC,48,Less: Consumption of fixed capital,2013,Current Dollars,Level,6,"266,081",T30200
T30200,A918RC,48,Less: Consumption of fixed capital,2014,Current Dollars,Level,6,"271,279",T30200
T30200,A918RC,48,Less: Consumption of fixed capital,2015,Current Dollars,Level,6,"272,434",T30200
T30200,A918RC,48,Less: Consumption of fixed capital,2016,Current Dollars,Level,6,"273,695",T30200
T30200,A918RC,48,Less: Consumption of fixed capital,2017,Current Dollars,Level,6,"280,173",T30200
T30200,A918RC,48,Less: Consumption of fixed capital,2018,Current Dollars,Level,6,"290,150",T30200
T30200,A918RC,48,Less: Consumption of fixed capital,2019,Current Dollars,Level,6,"298,859",T30200
T30200,A918RC,48,Less: Consumption of fixed capital,2020,Current Dollars,Level,6,"309,934",T30200
T30200,A918RC,48,Less: Consumption of fixed capital,2021,Current Dollars,Level,6,"327,947",T30200
T30200,A918RC,48,Less: Consumption of fixed capital,2022,Current Dollars,Level,6,"356,985",T30200
T30200,A918RC,48,Less: Consumption of fixed capital,2023,Current Dollars,Level,6,"375,159",T30200
T30200,A918RC,48,Less: Consumption of fixed capital,2024,Current Dollars,Level,6,"393,355",T30200
T30200,A918RC,48,Less: Consumption of fixed capital,2025,Current Dollars,Level,6,"417,611",T30200
T30200,AD02RC,49,Net lending or net borrowing (-),1960,Current Dollars,Level,6,"-7,881",T30200
T30200,AD02RC,49,Net lending or net borrowing (-),1961,Current Dollars,Level,6,"-14,741",T30200
T30200,AD02RC,49,Net lending or net borrowing (-),1962,Current Dollars,Level,6,"-16,308",T30200
T30200,AD02RC,49,Net lending or net borrowing (-),1963,Current Dollars,Level,6,"-12,346",T30200
T30200,AD02RC,49,Net lending or net borrowing (-),1964,Current Dollars,Level,6,"-16,930",T30200
T30200,AD02RC,49,Net lending or net borrowing (-),1965,Current Dollars,Level,6,"-13,892",T30200
T30200,AD02RC,49,Net lending or net borrowing (-),1966,Current Dollars,Level,6,"-18,011",T30200
T30200,AD02RC,49,Net lending or net borrowing (-),1967,Current Dollars,Level,6,"-29,973",T30200
T30200,AD02RC,49,Net lending or net borrowing (-),1968,Current Dollars,Level,6,"-22,680",T30200
T30200,AD02RC,49,Net lending or net borrowing (-),1969,Current Dollars,Level,6,"-12,461",T30200
T30200,AD02RC,49,Net lending or net borrowing (-),1970,Current Dollars,Level,6,"-38,952",T30200
T30200,AD02RC,49,Net lending or net borrowing (-),1971,Current Dollars,Level,6,"-50,551",T30200
T30200,AD02RC,49,Net lending or net borrowing (-),1972,Current Dollars,Level,6,"-48,132",T30200
T30200,AD02RC,49,Net lending or net borrowing (-),1973,Current Dollars,Level,6,"-35,307",T30200
T30200,AD02RC,49,Net lending or net borrowing (-),1974,Current Dollars,Level,6,"-39,089",T30200
T30200,AD02RC,49,Net lending or net borrowing (-),1975,Current Dollars,Level,6,"-103,425",T30200
T30200,AD02RC,49,Net lending or net borrowing (-),1976,Current Dollars,Level,6,"-86,626",T30200
T30200,AD02RC,49,Net lending or net borrowing (-),1977,Current Dollars,Level,6,"-79,995",T30200
T30200,AD02RC,49,Net lending or net borrowing (-),1978,Current Dollars,Level,6,"-73,247",T30200
T30200,AD02RC,49,Net lending or net borrowing (-),1979,Current Dollars,Level,6,"-60,694",T30200
T30200,AD02RC,49,Net lending or net borrowing (-),1980,Current Dollars,Level,6,"-104,773",T30200
T30200,AD02RC,49,Net lending or net borrowing (-),1981,Current Dollars,Level,6,"-104,293",T30200
T30200,AD02RC,49,Net lending or net borrowing (-),1982,Current Dollars,Level,6,"-185,388",T30200
T30200,AD02RC,49,Net lending or net borrowing (-),1983,Current Dollars,Level,6,"-233,251",T30200
T30200,AD02RC,49,Net lending or net borrowing (-),1984,Current Dollars,Level,6,"-229,384",T30200
T30200,AD02RC,49,Net lending or net borrowing (-),1985,Current Dollars,Level,6,"-246,793",T30200
T30200,AD02RC,49,Net lending or net borrowing (-),1986,Current Dollars,Level,6,"-264,325",T30200
T30200,AD02RC,49,Net lending or net borrowing (-),1987,Current Dollars,Level,6,"-219,526",T30200
T30200,AD02RC,49,Net lending or net borrowing (-),1988,Current Dollars,Level,6,"-200,987",T30200
T30200,AD02RC,49,Net lending or net borrowing (-),1989,Current Dollars,Level,6,"-194,289",T30200
T30200,AD02RC,49,Net lending or net borrowing (-),1990,Current Dollars,Level,6,"-243,814",T30200
T30200,AD02RC,49,Net lending or net borrowing (-),1991,Current Dollars,Level,6,"-280,766",T30200
T30200,AD02RC,49,Net lending or net borrowing (-),1992,Current Dollars,Level,6,"-359,151",T30200
T30200,AD02RC,49,Net lending or net borrowing (-),1993,Current Dollars,Level,6,"-328,744",T30200
T30200,AD02RC,49,Net lending or net borrowing (-),1994,Current Dollars,Level,6,"-261,667",T30200
T30200,AD02RC,49,Net lending or net borrowing (-),1995,Current Dollars,Level,6,"-241,313",T30200
T30200,AD02RC,49,Net lending or net borrowing (-),1996,Current Dollars,Level,6,"-181,662",T30200
T30200,AD02RC,49,Net lending or net borrowing (-),1997,Current Dollars,Level,6,"-81,228",T30200
T30200,AD02RC,49,Net lending or net borrowing (-),1998,Current Dollars,Level,6,"11,389",T30200
T30200,AD02RC,49,Net lending or net borrowing (-),1999,Current Dollars,Level,6,"63,577",T30200
T30200,AD02RC,49,Net lending or net borrowing (-),2000,Current Dollars,Level,6,"152,913",T30200
T30200,AD02RC,49,Net lending or net borrowing (-),2001,Current Dollars,Level,6,"1,480",T30200
T30200,AD02RC,49,Net lending or net borrowing (-),2002,Current Dollars,Level,6,"-310,934",T30200
T30200,AD02RC,49,Net lending or net borrowing (-),2003,Current Dollars,Level,6,"-467,243",T30200
T30200,AD02RC,49,Net lending or net borrowing (-),2004,Current Dollars,Level,6,"-467,534",T30200
T30200,AD02RC,49,Net lending or net borrowing (-),2005,Current Dollars,Level,6,"-395,954",T30200
T30200,AD02RC,49,Net lending or net borrowing (-),2006,Current Dollars,Level,6,"-290,918",T30200
T30200,AD02RC,49,Net lending or net borrowing (-),2007,Current Dollars,Level,6,"-352,985",T30200
T30200,AD02RC,49,Net lending or net borrowing (-),2008,Current Dollars,Level,6,"-774,164",T30200
T30200,AD02RC,49,Net lending or net borrowing (-),2009,Current Dollars,Level,6,"-1,475,311",T30200
T30200,AD02RC,49,Net lending or net borrowing (-),2010,Current Dollars,Level,6,"-1,503,966",T30200
T30200,AD02RC,49,Net lending or net borrowing (-),2011,Current Dollars,Level,6,"-1,395,585",T30200
T30200,AD02RC,49,Net lending or net borrowing (-),2012,Current Dollars,Level,6,"-1,187,253",T30200
T30200,AD02RC,49,Net lending or net borrowing (-),2013,Current Dollars,Level,6,"-700,606",T30200
T30200,AD02RC,49,Net lending or net borrowing (-),2014,Current Dollars,Level,6,"-651,801",T30200
T30200,AD02RC,49,Net lending or net borrowing (-),2015,Current Dollars,Level,6,"-585,082",T30200
T30200,AD02RC,49,Net lending or net borrowing (-),2016,Current Dollars,Level,6,"-720,266",T30200
T30200,AD02RC,49,Net lending or net borrowing (-),2017,Current Dollars,Level,6,"-577,416",T30200
T30200,AD02RC,49,Net lending or net borrowing (-),2018,Current Dollars,Level,6,"-987,175",T30200
T30200,AD02RC,49,Net lending or net borrowing (-),2019,Current Dollars,Level,6,"-1,154,281",T30200
T30200,AD02RC,49,Net lending or net borrowing (-),2020,Current Dollars,Level,6,"-3,074,962",T30200
T30200,AD02RC,49,Net lending or net borrowing (-),2021,Current Dollars,Level,6,"-3,014,872",T30200
T30200,AD02RC,49,Net lending or net borrowing (-),2022,Current Dollars,Level,6,"-1,161,211",T30200
T30200,AD02RC,49,Net lending or net borrowing (-),2023,Current Dollars,Level,6,"-2,017,686",T30200
T30200,AD02RC,49,Net lending or net borrowing (-),2024,Current Dollars,Level,6,"-2,106,222",T30200
