TableName,SeriesCode,LineNumber,LineDescription,TimePeriod,METRIC_NAME,CL_UNIT,UNIT_MULT,DataValue,NoteRef
T60500D,A4301C,1,Full-time equivalent employees,1998,Persons,Level,3,"117,761","T60500D,T60500D.1"
T60500D,A4301C,1,Full-time equivalent employees,1999,Persons,Level,3,"120,323","T60500D,T60500D.1"
T60500D,A4301C,1,Full-time equivalent employees,2000,Persons,Level,3,"122,988","T60500D,T60500D.1"
T60500D,A4301C,1,Full-time equivalent employees,2001,Persons,Level,3,"123,184","T60500D,T60500D.1"
T60500D,A4301C,1,Full-time equivalent employees,2002,Persons,Level,3,"121,925","T60500D,T60500D.1"
T60500D,A4301C,1,Full-time equivalent employees,2003,Persons,Level,3,"121,372","T60500D,T60500D.1"
T60500D,A4301C,1,Full-time equivalent employees,2004,Persons,Level,3,"122,473","T60500D,T60500D.1"
T60500D,A4301C,1,Full-time equivalent employees,2005,Persons,Level,3,"124,694","T60500D,T60500D.1"
T60500D,A4301C,1,Full-time equivalent employees,2006,Persons,Level,3,"126,892","T60500D,T60500D.1"
T60500D,A4301C,1,Full-time equivalent employees,2007,Persons,Level,3,"128,197","T60500D,T60500D.1"
T60500D,A4301C,1,Full-time equivalent employees,2008,Persons,Level,3,"127,127","T60500D,T60500D.1"
T60500D,A4301C,1,Full-time equivalent employees,2009,Persons,Level,3,"120,655","T60500D,T60500D.1"
T60500D,A4301C,1,Full-time equivalent employees,2010,Persons,Level,3,"119,697","T60500D,T60500D.1"
T60500D,A4301C,1,Full-time equivalent employees,2011,Persons,Level,3,"121,139","T60500D,T60500D.1"
T60500D,A4301C,1,Full-time equivalent employees,2012,Persons,Level,3,"123,521","T60500D,T60500D.1"
T60500D,A4301C,1,Full-time equivalent employees,2013,Persons,Level,3,"125,540","T60500D,T60500D.1"
T60500D,A4301C,1,Full-time equivalent employees,2014,Persons,Level,3,"128,130","T60500D,T60500D.1"
T60500D,A4301C,1,Full-time equivalent employees,2015,Persons,Level,3,"131,007","T60500D,T60500D.1"
T60500D,A4301C,1,Full-time equivalent employees,2016,Persons,Level,3,"133,022","T60500D,T60500D.1"
T60500D,A4301C,1,Full-time equivalent employees,2017,Persons,Level,3,"135,101","T60500D,T60500D.1"
T60500D,A4301C,1,Full-time equivalent employees,2018,Persons,Level,3,"137,554","T60500D,T60500D.1"
T60500D,A4301C,1,Full-time equivalent employees,2019,Persons,Level,3,"139,763","T60500D,T60500D.1"
T60500D,A4301C,1,Full-time equivalent employees,2020,Persons,Level,3,"132,393","T60500D,T60500D.1"
T60500D,A4301C,1,Full-time equivalent employees,2021,Persons,Level,3,"136,174","T60500D,T60500D.1"
T60500D,A4301C,1,Full-time equivalent employees,2022,Persons,Level,3,"141,528","T60500D,T60500D.1"
T60500D,A4301C,1,Full-time equivalent employees,2023,Persons,Level,3,"143,979","T60500D,T60500D.1"
T60500D,A4301C,1,Full-time equivalent employees,2024,Persons,Level,3,"145,124","T60500D,T60500D.1"
T60500D,A4302C,2,Domestic industries,1998,Persons,Level,3,"118,162",T60500D
T60500D,A4302C,2,Domestic industries,1999,Persons,Level,3,"120,764",T60500D
T60500D,A4302C,2,Domestic industries,2000,Persons,Level,3,"123,384",T60500D
T60500D,A4302C,2,Domestic industries,2001,Persons,Level,3,"123,725",T60500D
T60500D,A4302C,2,Domestic industries,2002,Persons,Level,3,"122,474",T60500D
T60500D,A4302C,2,Domestic industries,2003,Persons,Level,3,"121,964",T60500D
T60500D,A4302C,2,Domestic industries,2004,Persons,Level,3,"123,101",T60500D
T60500D,A4302C,2,Domestic industries,2005,Persons,Level,3,"125,359",T60500D
T60500D,A4302C,2,Domestic industries,2006,Persons,Level,3,"127,578",T60500D
T60500D,A4302C,2,Domestic industries,2007,Persons,Level,3,"128,922",T60500D
T60500D,A4302C,2,Domestic industries,2008,Persons,Level,3,"128,227",T60500D
T60500D,A4302C,2,Domestic industries,2009,Persons,Level,3,"121,457",T60500D
T60500D,A4302C,2,Domestic industries,2010,Persons,Level,3,"120,519",T60500D
T60500D,A4302C,2,Domestic industries,2011,Persons,Level,3,"121,965",T60500D
T60500D,A4302C,2,Domestic industries,2012,Persons,Level,3,"124,500",T60500D
T60500D,A4302C,2,Domestic industries,2013,Persons,Level,3,"126,606",T60500D
T60500D,A4302C,2,Domestic industries,2014,Persons,Level,3,"129,326",T60500D
T60500D,A4302C,2,Domestic industries,2015,Persons,Level,3,"132,262",T60500D
T60500D,A4302C,2,Domestic industries,2016,Persons,Level,3,"134,426",T60500D
T60500D,A4302C,2,Domestic industries,2017,Persons,Level,3,"136,565",T60500D
T60500D,A4302C,2,Domestic industries,2018,Persons,Level,3,"138,990",T60500D
T60500D,A4302C,2,Domestic industries,2019,Persons,Level,3,"141,249",T60500D
T60500D,A4302C,2,Domestic industries,2020,Persons,Level,3,"133,370",T60500D
T60500D,A4302C,2,Domestic industries,2021,Persons,Level,3,"137,562",T60500D
T60500D,A4302C,2,Domestic industries,2022,Persons,Level,3,"143,395",T60500D
T60500D,A4302C,2,Domestic industries,2023,Persons,Level,3,"146,061",T60500D
T60500D,A4302C,2,Domestic industries,2024,Persons,Level,3,"147,349",T60500D
T60500D,A4303C,3,Private industries,1998,Persons,Level,3,"99,461",T60500D
T60500D,A4303C,3,Private industries,1999,Persons,Level,3,"101,920",T60500D
T60500D,A4303C,3,Private industries,2000,Persons,Level,3,"104,283",T60500D
T60500D,A4303C,3,Private industries,2001,Persons,Level,3,"104,294",T60500D
T60500D,A4303C,3,Private industries,2002,Persons,Level,3,"102,658",T60500D
T60500D,A4303C,3,Private industries,2003,Persons,Level,3,"102,043",T60500D
T60500D,A4303C,3,Private industries,2004,Persons,Level,3,"103,144",T60500D
T60500D,A4303C,3,Private industries,2005,Persons,Level,3,"105,361",T60500D
T60500D,A4303C,3,Private industries,2006,Persons,Level,3,"107,547",T60500D
T60500D,A4303C,3,Private industries,2007,Persons,Level,3,"108,663",T60500D
T60500D,A4303C,3,Private industries,2008,Persons,Level,3,"107,656",T60500D
T60500D,A4303C,3,Private industries,2009,Persons,Level,3,"100,849",T60500D
T60500D,A4303C,3,Private industries,2010,Persons,Level,3,"99,955",T60500D
T60500D,A4303C,3,Private industries,2011,Persons,Level,3,"101,690",T60500D
T60500D,A4303C,3,Private industries,2012,Persons,Level,3,"104,465",T60500D
T60500D,A4303C,3,Private industries,2013,Persons,Level,3,"106,686",T60500D
T60500D,A4303C,3,Private industries,2014,Persons,Level,3,"109,296",T60500D
T60500D,A4303C,3,Private industries,2015,Persons,Level,3,"112,269",T60500D
T60500D,A4303C,3,Private industries,2016,Persons,Level,3,"114,150",T60500D
T60500D,A4303C,3,Private industries,2017,Persons,Level,3,"116,190",T60500D
T60500D,A4303C,3,Private industries,2018,Persons,Level,3,"118,452",T60500D
T60500D,A4303C,3,Private industries,2019,Persons,Level,3,"120,461",T60500D
T60500D,A4303C,3,Private industries,2020,Persons,Level,3,"113,084",T60500D
T60500D,A4303C,3,Private industries,2021,Persons,Level,3,"117,272",T60500D
T60500D,A4303C,3,Private industries,2022,Persons,Level,3,"122,779",T60500D
T60500D,A4303C,3,Private industries,2023,Persons,Level,3,"125,067",T60500D
T60500D,A4303C,3,Private industries,2024,Persons,Level,3,"125,716",T60500D
T60500D,N4304C,4,"Agriculture, forestry, fishing, and hunting",1998,Persons,Level,3,"1,173",T60500D
T60500D,N4304C,4,"Agriculture, forestry, fishing, and hunting",1999,Persons,Level,3,"1,198",T60500D
T60500D,N4304C,4,"Agriculture, forestry, fishing, and hunting",2000,Persons,Level,3,"1,170",T60500D
T60500D,N4304C,4,"Agriculture, forestry, fishing, and hunting",2001,Persons,Level,3,"1,095",T60500D
T60500D,N4304C,4,"Agriculture, forestry, fishing, and hunting",2002,Persons,Level,3,"1,085",T60500D
T60500D,N4304C,4,"Agriculture, forestry, fishing, and hunting",2003,Persons,Level,3,"1,098",T60500D
T60500D,N4304C,4,"Agriculture, forestry, fishing, and hunting",2004,Persons,Level,3,"1,043",T60500D
T60500D,N4304C,4,"Agriculture, forestry, fishing, and hunting",2005,Persons,Level,3,"1,016",T60500D
T60500D,N4304C,4,"Agriculture, forestry, fishing, and hunting",2006,Persons,Level,3,"1,099",T60500D
T60500D,N4304C,4,"Agriculture, forestry, fishing, and hunting",2007,Persons,Level,3,"1,102",T60500D
T60500D,N4304C,4,"Agriculture, forestry, fishing, and hunting",2008,Persons,Level,3,"1,087",T60500D
T60500D,N4304C,4,"Agriculture, forestry, fishing, and hunting",2009,Persons,Level,3,"1,060",T60500D
T60500D,N4304C,4,"Agriculture, forestry, fishing, and hunting",2010,Persons,Level,3,"1,099",T60500D
T60500D,N4304C,4,"Agriculture, forestry, fishing, and hunting",2011,Persons,Level,3,"1,112",T60500D
T60500D,N4304C,4,"Agriculture, forestry, fishing, and hunting",2012,Persons,Level,3,"1,141",T60500D
T60500D,N4304C,4,"Agriculture, forestry, fishing, and hunting",2013,Persons,Level,3,"1,167",T60500D
T60500D,N4304C,4,"Agriculture, forestry, fishing, and hunting",2014,Persons,Level,3,"1,187",T60500D
T60500D,N4304C,4,"Agriculture, forestry, fishing, and hunting",2015,Persons,Level,3,"1,239",T60500D
T60500D,N4304C,4,"Agriculture, forestry, fishing, and hunting",2016,Persons,Level,3,"1,219",T60500D
T60500D,N4304C,4,"Agriculture, forestry, fishing, and hunting",2017,Persons,Level,3,"1,220",T60500D
T60500D,N4304C,4,"Agriculture, forestry, fishing, and hunting",2018,Persons,Level,3,"1,219",T60500D
T60500D,N4304C,4,"Agriculture, forestry, fishing, and hunting",2019,Persons,Level,3,"1,222",T60500D
T60500D,N4304C,4,"Agriculture, forestry, fishing, and hunting",2020,Persons,Level,3,"1,195",T60500D
T60500D,N4304C,4,"Agriculture, forestry, fishing, and hunting",2021,Persons,Level,3,"1,203",T60500D
T60500D,N4304C,4,"Agriculture, forestry, fishing, and hunting",2022,Persons,Level,3,"1,218",T60500D
T60500D,N4304C,4,"Agriculture, forestry, fishing, and hunting",2023,Persons,Level,3,"1,210",T60500D
T60500D,N4304C,4,"Agriculture, forestry, fishing, and hunting",2024,Persons,Level,3,"1,215",T60500D
T60500D,N4305C,5,Farms,1998,Persons,Level,3,734,"T60500D,T60500D.2"
T60500D,N4305C,5,Farms,1999,Persons,Level,3,774,"T60500D,T60500D.2"
T60500D,N4305C,5,Farms,2000,Persons,Level,3,752,"T60500D,T60500D.2"
T60500D,N4305C,5,Farms,2001,Persons,Level,3,748,"T60500D,T60500D.2"
T60500D,N4305C,5,Farms,2002,Persons,Level,3,747,"T60500D,T60500D.2"
T60500D,N4305C,5,Farms,2003,Persons,Level,3,759,"T60500D,T60500D.2"
T60500D,N4305C,5,Farms,2004,Persons,Level,3,707,"T60500D,T60500D.2"
T60500D,N4305C,5,Farms,2005,Persons,Level,3,669,"T60500D,T60500D.2"
T60500D,N4305C,5,Farms,2006,Persons,Level,3,644,"T60500D,T60500D.2"
T60500D,N4305C,5,Farms,2007,Persons,Level,3,644,"T60500D,T60500D.2"
T60500D,N4305C,5,Farms,2008,Persons,Level,3,627,"T60500D,T60500D.2"
T60500D,N4305C,5,Farms,2009,Persons,Level,3,634,"T60500D,T60500D.2"
T60500D,N4305C,5,Farms,2010,Persons,Level,3,647,"T60500D,T60500D.2"
T60500D,N4305C,5,Farms,2011,Persons,Level,3,654,"T60500D,T60500D.2"
T60500D,N4305C,5,Farms,2012,Persons,Level,3,668,"T60500D,T60500D.2"
T60500D,N4305C,5,Farms,2013,Persons,Level,3,676,"T60500D,T60500D.2"
T60500D,N4305C,5,Farms,2014,Persons,Level,3,688,"T60500D,T60500D.2"
T60500D,N4305C,5,Farms,2015,Persons,Level,3,700,"T60500D,T60500D.2"
T60500D,N4305C,5,Farms,2016,Persons,Level,3,703,"T60500D,T60500D.2"
T60500D,N4305C,5,Farms,2017,Persons,Level,3,702,"T60500D,T60500D.2"
T60500D,N4305C,5,Farms,2018,Persons,Level,3,697,"T60500D,T60500D.2"
T60500D,N4305C,5,Farms,2019,Persons,Level,3,697,"T60500D,T60500D.2"
T60500D,N4305C,5,Farms,2020,Persons,Level,3,694,"T60500D,T60500D.2"
T60500D,N4305C,5,Farms,2021,Persons,Level,3,695,"T60500D,T60500D.2"
T60500D,N4305C,5,Farms,2022,Persons,Level,3,698,"T60500D,T60500D.2"
T60500D,N4305C,5,Farms,2023,Persons,Level,3,696,"T60500D,T60500D.2"
T60500D,N4305C,5,Farms,2024,Persons,Level,3,695,"T60500D,T60500D.2"
T60500D,N4306C,6,"Forestry, fishing, and related activities",1998,Persons,Level,3,439,T60500D
T60500D,N4306C,6,"Forestry, fishing, and related activities",1999,Persons,Level,3,424,T60500D
T60500D,N4306C,6,"Forestry, fishing, and related activities",2000,Persons,Level,3,418,T60500D
T60500D,N4306C,6,"Forestry, fishing, and related activities",2001,Persons,Level,3,347,T60500D
T60500D,N4306C,6,"Forestry, fishing, and related activities",2002,Persons,Level,3,338,T60500D
T60500D,N4306C,6,"Forestry, fishing, and related activities",2003,Persons,Level,3,339,T60500D
T60500D,N4306C,6,"Forestry, fishing, and related activities",2004,Persons,Level,3,337,T60500D
T60500D,N4306C,6,"Forestry, fishing, and related activities",2005,Persons,Level,3,347,T60500D
T60500D,N4306C,6,"Forestry, fishing, and related activities",2006,Persons,Level,3,454,T60500D
T60500D,N4306C,6,"Forestry, fishing, and related activities",2007,Persons,Level,3,459,T60500D
T60500D,N4306C,6,"Forestry, fishing, and related activities",2008,Persons,Level,3,460,T60500D
T60500D,N4306C,6,"Forestry, fishing, and related activities",2009,Persons,Level,3,426,T60500D
T60500D,N4306C,6,"Forestry, fishing, and related activities",2010,Persons,Level,3,453,T60500D
T60500D,N4306C,6,"Forestry, fishing, and related activities",2011,Persons,Level,3,459,T60500D
T60500D,N4306C,6,"Forestry, fishing, and related activities",2012,Persons,Level,3,473,T60500D
T60500D,N4306C,6,"Forestry, fishing, and related activities",2013,Persons,Level,3,490,T60500D
T60500D,N4306C,6,"Forestry, fishing, and related activities",2014,Persons,Level,3,499,T60500D
T60500D,N4306C,6,"Forestry, fishing, and related activities",2015,Persons,Level,3,539,T60500D
T60500D,N4306C,6,"Forestry, fishing, and related activities",2016,Persons,Level,3,516,T60500D
T60500D,N4306C,6,"Forestry, fishing, and related activities",2017,Persons,Level,3,518,T60500D
T60500D,N4306C,6,"Forestry, fishing, and related activities",2018,Persons,Level,3,522,T60500D
T60500D,N4306C,6,"Forestry, fishing, and related activities",2019,Persons,Level,3,525,T60500D
T60500D,N4306C,6,"Forestry, fishing, and related activities",2020,Persons,Level,3,502,T60500D
T60500D,N4306C,6,"Forestry, fishing, and related activities",2021,Persons,Level,3,507,T60500D
T60500D,N4306C,6,"Forestry, fishing, and related activities",2022,Persons,Level,3,521,T60500D
T60500D,N4306C,6,"Forestry, fishing, and related activities",2023,Persons,Level,3,514,T60500D
T60500D,N4306C,6,"Forestry, fishing, and related activities",2024,Persons,Level,3,520,T60500D
T60500D,N4307C,7,Mining,1998,Persons,Level,3,558,T60500D
T60500D,N4307C,7,Mining,1999,Persons,Level,3,520,T60500D
T60500D,N4307C,7,Mining,2000,Persons,Level,3,511,T60500D
T60500D,N4307C,7,Mining,2001,Persons,Level,3,528,T60500D
T60500D,N4307C,7,Mining,2002,Persons,Level,3,501,T60500D
T60500D,N4307C,7,Mining,2003,Persons,Level,3,492,T60500D
T60500D,N4307C,7,Mining,2004,Persons,Level,3,510,T60500D
T60500D,N4307C,7,Mining,2005,Persons,Level,3,550,T60500D
T60500D,N4307C,7,Mining,2006,Persons,Level,3,606,T60500D
T60500D,N4307C,7,Mining,2007,Persons,Level,3,647,T60500D
T60500D,N4307C,7,Mining,2008,Persons,Level,3,708,T60500D
T60500D,N4307C,7,Mining,2009,Persons,Level,3,630,T60500D
T60500D,N4307C,7,Mining,2010,Persons,Level,3,642,T60500D
T60500D,N4307C,7,Mining,2011,Persons,Level,3,714,T60500D
T60500D,N4307C,7,Mining,2012,Persons,Level,3,780,T60500D
T60500D,N4307C,7,Mining,2013,Persons,Level,3,797,T60500D
T60500D,N4307C,7,Mining,2014,Persons,Level,3,830,T60500D
T60500D,N4307C,7,Mining,2015,Persons,Level,3,740,T60500D
T60500D,N4307C,7,Mining,2016,Persons,Level,3,600,T60500D
T60500D,N4307C,7,Mining,2017,Persons,Level,3,615,T60500D
T60500D,N4307C,7,Mining,2018,Persons,Level,3,664,T60500D
T60500D,N4307C,7,Mining,2019,Persons,Level,3,663,T60500D
T60500D,N4307C,7,Mining,2020,Persons,Level,3,530,T60500D
T60500D,N4307C,7,Mining,2021,Persons,Level,3,505,T60500D
T60500D,N4307C,7,Mining,2022,Persons,Level,3,548,T60500D
T60500D,N4307C,7,Mining,2023,Persons,Level,3,574,T60500D
T60500D,N4307C,7,Mining,2024,Persons,Level,3,577,T60500D
T60500D,N4308C,8,Oil and gas extraction,1998,Persons,Level,3,138,T60500D
T60500D,N4308C,8,Oil and gas extraction,1999,Persons,Level,3,127,T60500D
T60500D,N4308C,8,Oil and gas extraction,2000,Persons,Level,3,123,T60500D
T60500D,N4308C,8,Oil and gas extraction,2001,Persons,Level,3,123,T60500D
T60500D,N4308C,8,Oil and gas extraction,2002,Persons,Level,3,120,T60500D
T60500D,N4308C,8,Oil and gas extraction,2003,Persons,Level,3,118,T60500D
T60500D,N4308C,8,Oil and gas extraction,2004,Persons,Level,3,119,T60500D
T60500D,N4308C,8,Oil and gas extraction,2005,Persons,Level,3,124,T60500D
T60500D,N4308C,8,Oil and gas extraction,2006,Persons,Level,3,132,T60500D
T60500D,N4308C,8,Oil and gas extraction,2007,Persons,Level,3,143,T60500D
T60500D,N4308C,8,Oil and gas extraction,2008,Persons,Level,3,159,T60500D
T60500D,N4308C,8,Oil and gas extraction,2009,Persons,Level,3,158,T60500D
T60500D,N4308C,8,Oil and gas extraction,2010,Persons,Level,3,157,T60500D
T60500D,N4308C,8,Oil and gas extraction,2011,Persons,Level,3,168,T60500D
T60500D,N4308C,8,Oil and gas extraction,2012,Persons,Level,3,184,T60500D
T60500D,N4308C,8,Oil and gas extraction,2013,Persons,Level,3,193,T60500D
T60500D,N4308C,8,Oil and gas extraction,2014,Persons,Level,3,197,T60500D
T60500D,N4308C,8,Oil and gas extraction,2015,Persons,Level,3,193,T60500D
T60500D,N4308C,8,Oil and gas extraction,2016,Persons,Level,3,172,T60500D
T60500D,N4308C,8,Oil and gas extraction,2017,Persons,Level,3,143,T60500D
T60500D,N4308C,8,Oil and gas extraction,2018,Persons,Level,3,141,T60500D
T60500D,N4308C,8,Oil and gas extraction,2019,Persons,Level,3,140,T60500D
T60500D,N4308C,8,Oil and gas extraction,2020,Persons,Level,3,124,T60500D
T60500D,N4308C,8,Oil and gas extraction,2021,Persons,Level,3,111,T60500D
T60500D,N4308C,8,Oil and gas extraction,2022,Persons,Level,3,111,T60500D
T60500D,N4308C,8,Oil and gas extraction,2023,Persons,Level,3,114,T60500D
T60500D,N4308C,8,Oil and gas extraction,2024,Persons,Level,3,120,T60500D
T60500D,N4309C,9,"Mining, except oil and gas",1998,Persons,Level,3,241,T60500D
T60500D,N4309C,9,"Mining, except oil and gas",1999,Persons,Level,3,231,T60500D
T60500D,N4309C,9,"Mining, except oil and gas",2000,Persons,Level,3,218,T60500D
T60500D,N4309C,9,"Mining, except oil and gas",2001,Persons,Level,3,218,T60500D
T60500D,N4309C,9,"Mining, except oil and gas",2002,Persons,Level,3,208,T60500D
T60500D,N4309C,9,"Mining, except oil and gas",2003,Persons,Level,3,197,T60500D
T60500D,N4309C,9,"Mining, except oil and gas",2004,Persons,Level,3,202,T60500D
T60500D,N4309C,9,"Mining, except oil and gas",2005,Persons,Level,3,210,T60500D
T60500D,N4309C,9,"Mining, except oil and gas",2006,Persons,Level,3,217,T60500D
T60500D,N4309C,9,"Mining, except oil and gas",2007,Persons,Level,3,217,T60500D
T60500D,N4309C,9,"Mining, except oil and gas",2008,Persons,Level,3,223,T60500D
T60500D,N4309C,9,"Mining, except oil and gas",2009,Persons,Level,3,204,T60500D
T60500D,N4309C,9,"Mining, except oil and gas",2010,Persons,Level,3,202,T60500D
T60500D,N4309C,9,"Mining, except oil and gas",2011,Persons,Level,3,210,T60500D
T60500D,N4309C,9,"Mining, except oil and gas",2012,Persons,Level,3,214,T60500D
T60500D,N4309C,9,"Mining, except oil and gas",2013,Persons,Level,3,207,T60500D
T60500D,N4309C,9,"Mining, except oil and gas",2014,Persons,Level,3,203,T60500D
T60500D,N4309C,9,"Mining, except oil and gas",2015,Persons,Level,3,194,T60500D
T60500D,N4309C,9,"Mining, except oil and gas",2016,Persons,Level,3,177,T60500D
T60500D,N4309C,9,"Mining, except oil and gas",2017,Persons,Level,3,183,T60500D
T60500D,N4309C,9,"Mining, except oil and gas",2018,Persons,Level,3,189,T60500D
T60500D,N4309C,9,"Mining, except oil and gas",2019,Persons,Level,3,188,T60500D
T60500D,N4309C,9,"Mining, except oil and gas",2020,Persons,Level,3,173,T60500D
T60500D,N4309C,9,"Mining, except oil and gas",2021,Persons,Level,3,174,T60500D
T60500D,N4309C,9,"Mining, except oil and gas",2022,Persons,Level,3,179,T60500D
T60500D,N4309C,9,"Mining, except oil and gas",2023,Persons,Level,3,185,T60500D
T60500D,N4309C,9,"Mining, except oil and gas",2024,Persons,Level,3,188,T60500D
T60500D,N4310C,10,Support activities for mining,1998,Persons,Level,3,180,T60500D
T60500D,N4310C,10,Support activities for mining,1999,Persons,Level,3,163,T60500D
T60500D,N4310C,10,Support activities for mining,2000,Persons,Level,3,169,T60500D
T60500D,N4310C,10,Support activities for mining,2001,Persons,Level,3,188,T60500D
T60500D,N4310C,10,Support activities for mining,2002,Persons,Level,3,174,T60500D
T60500D,N4310C,10,Support activities for mining,2003,Persons,Level,3,176,T60500D
T60500D,N4310C,10,Support activities for mining,2004,Persons,Level,3,189,T60500D
T60500D,N4310C,10,Support activities for mining,2005,Persons,Level,3,217,T60500D
T60500D,N4310C,10,Support activities for mining,2006,Persons,Level,3,256,T60500D
T60500D,N4310C,10,Support activities for mining,2007,Persons,Level,3,287,T60500D
T60500D,N4310C,10,Support activities for mining,2008,Persons,Level,3,326,T60500D
T60500D,N4310C,10,Support activities for mining,2009,Persons,Level,3,268,T60500D
T60500D,N4310C,10,Support activities for mining,2010,Persons,Level,3,283,T60500D
T60500D,N4310C,10,Support activities for mining,2011,Persons,Level,3,336,T60500D
T60500D,N4310C,10,Support activities for mining,2012,Persons,Level,3,382,T60500D
T60500D,N4310C,10,Support activities for mining,2013,Persons,Level,3,396,T60500D
T60500D,N4310C,10,Support activities for mining,2014,Persons,Level,3,430,T60500D
T60500D,N4310C,10,Support activities for mining,2015,Persons,Level,3,353,T60500D
T60500D,N4310C,10,Support activities for mining,2016,Persons,Level,3,251,T60500D
T60500D,N4310C,10,Support activities for mining,2017,Persons,Level,3,289,T60500D
T60500D,N4310C,10,Support activities for mining,2018,Persons,Level,3,334,T60500D
T60500D,N4310C,10,Support activities for mining,2019,Persons,Level,3,335,T60500D
T60500D,N4310C,10,Support activities for mining,2020,Persons,Level,3,232,T60500D
T60500D,N4310C,10,Support activities for mining,2021,Persons,Level,3,220,T60500D
T60500D,N4310C,10,Support activities for mining,2022,Persons,Level,3,258,T60500D
T60500D,N4310C,10,Support activities for mining,2023,Persons,Level,3,275,T60500D
T60500D,N4310C,10,Support activities for mining,2024,Persons,Level,3,270,T60500D
T60500D,N4311C,11,Utilities,1998,Persons,Level,3,598,T60500D
T60500D,N4311C,11,Utilities,1999,Persons,Level,3,594,T60500D
T60500D,N4311C,11,Utilities,2000,Persons,Level,3,592,T60500D
T60500D,N4311C,11,Utilities,2001,Persons,Level,3,592,T60500D
T60500D,N4311C,11,Utilities,2002,Persons,Level,3,580,T60500D
T60500D,N4311C,11,Utilities,2003,Persons,Level,3,559,T60500D
T60500D,N4311C,11,Utilities,2004,Persons,Level,3,553,T60500D
T60500D,N4311C,11,Utilities,2005,Persons,Level,3,541,T60500D
T60500D,N4311C,11,Utilities,2006,Persons,Level,3,543,T60500D
T60500D,N4311C,11,Utilities,2007,Persons,Level,3,544,T60500D
T60500D,N4311C,11,Utilities,2008,Persons,Level,3,554,T60500D
T60500D,N4311C,11,Utilities,2009,Persons,Level,3,555,T60500D
T60500D,N4311C,11,Utilities,2010,Persons,Level,3,546,T60500D
T60500D,N4311C,11,Utilities,2011,Persons,Level,3,545,T60500D
T60500D,N4311C,11,Utilities,2012,Persons,Level,3,544,T60500D
T60500D,N4311C,11,Utilities,2013,Persons,Level,3,540,T60500D
T60500D,N4311C,11,Utilities,2014,Persons,Level,3,544,T60500D
T60500D,N4311C,11,Utilities,2015,Persons,Level,3,547,T60500D
T60500D,N4311C,11,Utilities,2016,Persons,Level,3,549,T60500D
T60500D,N4311C,11,Utilities,2017,Persons,Level,3,547,T60500D
T60500D,N4311C,11,Utilities,2018,Persons,Level,3,546,T60500D
T60500D,N4311C,11,Utilities,2019,Persons,Level,3,544,T60500D
T60500D,N4311C,11,Utilities,2020,Persons,Level,3,541,T60500D
T60500D,N4311C,11,Utilities,2021,Persons,Level,3,537,T60500D
T60500D,N4311C,11,Utilities,2022,Persons,Level,3,547,T60500D
T60500D,N4311C,11,Utilities,2023,Persons,Level,3,568,T60500D
T60500D,N4311C,11,Utilities,2024,Persons,Level,3,584,T60500D
T60500D,N4312C,12,Construction,1998,Persons,Level,3,"6,017",T60500D
T60500D,N4312C,12,Construction,1999,Persons,Level,3,"6,375",T60500D
T60500D,N4312C,12,Construction,2000,Persons,Level,3,"6,659",T60500D
T60500D,N4312C,12,Construction,2001,Persons,Level,3,"6,827",T60500D
T60500D,N4312C,12,Construction,2002,Persons,Level,3,"6,748",T60500D
T60500D,N4312C,12,Construction,2003,Persons,Level,3,"6,744",T60500D
T60500D,N4312C,12,Construction,2004,Persons,Level,3,"7,011",T60500D
T60500D,N4312C,12,Construction,2005,Persons,Level,3,"7,315",T60500D
T60500D,N4312C,12,Construction,2006,Persons,Level,3,"7,606",T60500D
T60500D,N4312C,12,Construction,2007,Persons,Level,3,"7,570",T60500D
T60500D,N4312C,12,Construction,2008,Persons,Level,3,"7,111",T60500D
T60500D,N4312C,12,Construction,2009,Persons,Level,3,"5,856",T60500D
T60500D,N4312C,12,Construction,2010,Persons,Level,3,"5,401",T60500D
T60500D,N4312C,12,Construction,2011,Persons,Level,3,"5,378",T60500D
T60500D,N4312C,12,Construction,2012,Persons,Level,3,"5,501",T60500D
T60500D,N4312C,12,Construction,2013,Persons,Level,3,"5,754",T60500D
T60500D,N4312C,12,Construction,2014,Persons,Level,3,"6,043",T60500D
T60500D,N4312C,12,Construction,2015,Persons,Level,3,"6,378",T60500D
T60500D,N4312C,12,Construction,2016,Persons,Level,3,"6,640",T60500D
T60500D,N4312C,12,Construction,2017,Persons,Level,3,"6,892",T60500D
T60500D,N4312C,12,Construction,2018,Persons,Level,3,"7,176",T60500D
T60500D,N4312C,12,Construction,2019,Persons,Level,3,"7,430",T60500D
T60500D,N4312C,12,Construction,2020,Persons,Level,3,"7,133",T60500D
T60500D,N4312C,12,Construction,2021,Persons,Level,3,"7,387",T60500D
T60500D,N4312C,12,Construction,2022,Persons,Level,3,"7,681",T60500D
T60500D,N4312C,12,Construction,2023,Persons,Level,3,"7,900",T60500D
T60500D,N4312C,12,Construction,2024,Persons,Level,3,"8,040",T60500D
T60500D,N4313C,13,Manufacturing,1998,Persons,Level,3,"17,246",T60500D
T60500D,N4313C,13,Manufacturing,1999,Persons,Level,3,"17,051",T60500D
T60500D,N4313C,13,Manufacturing,2000,Persons,Level,3,"16,948",T60500D
T60500D,N4313C,13,Manufacturing,2001,Persons,Level,3,"16,126",T60500D
T60500D,N4313C,13,Manufacturing,2002,Persons,Level,3,"14,973",T60500D
T60500D,N4313C,13,Manufacturing,2003,Persons,Level,3,"14,214",T60500D
T60500D,N4313C,13,Manufacturing,2004,Persons,Level,3,"14,021",T60500D
T60500D,N4313C,13,Manufacturing,2005,Persons,Level,3,"13,946",T60500D
T60500D,N4313C,13,Manufacturing,2006,Persons,Level,3,"13,884",T60500D
T60500D,N4313C,13,Manufacturing,2007,Persons,Level,3,"13,596",T60500D
T60500D,N4313C,13,Manufacturing,2008,Persons,Level,3,"13,129",T60500D
T60500D,N4313C,13,Manufacturing,2009,Persons,Level,3,"11,514",T60500D
T60500D,N4313C,13,Manufacturing,2010,Persons,Level,3,"11,223",T60500D
T60500D,N4313C,13,Manufacturing,2011,Persons,Level,3,"11,443",T60500D
T60500D,N4313C,13,Manufacturing,2012,Persons,Level,3,"11,652",T60500D
T60500D,N4313C,13,Manufacturing,2013,Persons,Level,3,"11,742",T60500D
T60500D,N4313C,13,Manufacturing,2014,Persons,Level,3,"11,917",T60500D
T60500D,N4313C,13,Manufacturing,2015,Persons,Level,3,"12,075",T60500D
T60500D,N4313C,13,Manufacturing,2016,Persons,Level,3,"12,039",T60500D
T60500D,N4313C,13,Manufacturing,2017,Persons,Level,3,"12,180",T60500D
T60500D,N4313C,13,Manufacturing,2018,Persons,Level,3,"12,387",T60500D
T60500D,N4313C,13,Manufacturing,2019,Persons,Level,3,"12,526",T60500D
T60500D,N4313C,13,Manufacturing,2020,Persons,Level,3,"11,836",T60500D
T60500D,N4313C,13,Manufacturing,2021,Persons,Level,3,"12,068",T60500D
T60500D,N4313C,13,Manufacturing,2022,Persons,Level,3,"12,468",T60500D
T60500D,N4313C,13,Manufacturing,2023,Persons,Level,3,"12,547",T60500D
T60500D,N4313C,13,Manufacturing,2024,Persons,Level,3,"12,441",T60500D
T60500D,N4314C,14,Durable goods,1998,Persons,Level,3,"10,781",T60500D
T60500D,N4314C,14,Durable goods,1999,Persons,Level,3,"10,689",T60500D
T60500D,N4314C,14,Durable goods,2000,Persons,Level,3,"10,713",T60500D
T60500D,N4314C,14,Durable goods,2001,Persons,Level,3,"10,175",T60500D
T60500D,N4314C,14,Durable goods,2002,Persons,Level,3,"9,330",T60500D
T60500D,N4314C,14,Durable goods,2003,Persons,Level,3,"8,810",T60500D
T60500D,N4314C,14,Durable goods,2004,Persons,Level,3,"8,763",T60500D
T60500D,N4314C,14,Durable goods,2005,Persons,Level,3,"8,812",T60500D
T60500D,N4314C,14,Durable goods,2006,Persons,Level,3,"8,829",T60500D
T60500D,N4314C,14,Durable goods,2007,Persons,Level,3,"8,650",T60500D
T60500D,N4314C,14,Durable goods,2008,Persons,Level,3,"8,322",T60500D
T60500D,N4314C,14,Durable goods,2009,Persons,Level,3,"7,093",T60500D
T60500D,N4314C,14,Durable goods,2010,Persons,Level,3,"6,900",T60500D
T60500D,N4314C,14,Durable goods,2011,Persons,Level,3,"7,120",T60500D
T60500D,N4314C,14,Durable goods,2012,Persons,Level,3,"7,340",T60500D
T60500D,N4314C,14,Durable goods,2013,Persons,Level,3,"7,403",T60500D
T60500D,N4314C,14,Durable goods,2014,Persons,Level,3,"7,537",T60500D
T60500D,N4314C,14,Durable goods,2015,Persons,Level,3,"7,626",T60500D
T60500D,N4314C,14,Durable goods,2016,Persons,Level,3,"7,552",T60500D
T60500D,N4314C,14,Durable goods,2017,Persons,Level,3,"7,600",T60500D
T60500D,N4314C,14,Durable goods,2018,Persons,Level,3,"7,790",T60500D
T60500D,N4314C,14,Durable goods,2019,Persons,Level,3,"7,886",T60500D
T60500D,N4314C,14,Durable goods,2020,Persons,Level,3,"7,405",T60500D
T60500D,N4314C,14,Durable goods,2021,Persons,Level,3,"7,520",T60500D
T60500D,N4314C,14,Durable goods,2022,Persons,Level,3,"7,777",T60500D
T60500D,N4314C,14,Durable goods,2023,Persons,Level,3,"7,835",T60500D
T60500D,N4314C,14,Durable goods,2024,Persons,Level,3,"7,761",T60500D
T60500D,N4315C,15,Wood products,1998,Persons,Level,3,596,T60500D
T60500D,N4315C,15,Wood products,1999,Persons,Level,3,614,T60500D
T60500D,N4315C,15,Wood products,2000,Persons,Level,3,602,T60500D
T60500D,N4315C,15,Wood products,2001,Persons,Level,3,560,T60500D
T60500D,N4315C,15,Wood products,2002,Persons,Level,3,550,T60500D
T60500D,N4315C,15,Wood products,2003,Persons,Level,3,529,T60500D
T60500D,N4315C,15,Wood products,2004,Persons,Level,3,542,T60500D
T60500D,N4315C,15,Wood products,2005,Persons,Level,3,549,T60500D
T60500D,N4315C,15,Wood products,2006,Persons,Level,3,550,T60500D
T60500D,N4315C,15,Wood products,2007,Persons,Level,3,507,T60500D
T60500D,N4315C,15,Wood products,2008,Persons,Level,3,444,T60500D
T60500D,N4315C,15,Wood products,2009,Persons,Level,3,347,T60500D
T60500D,N4315C,15,Wood products,2010,Persons,Level,3,333,T60500D
T60500D,N4315C,15,Wood products,2011,Persons,Level,3,326,T60500D
T60500D,N4315C,15,Wood products,2012,Persons,Level,3,331,T60500D
T60500D,N4315C,15,Wood products,2013,Persons,Level,3,343,T60500D
T60500D,N4315C,15,Wood products,2014,Persons,Level,3,364,T60500D
T60500D,N4315C,15,Wood products,2015,Persons,Level,3,370,T60500D
T60500D,N4315C,15,Wood products,2016,Persons,Level,3,381,T60500D
T60500D,N4315C,15,Wood products,2017,Persons,Level,3,387,T60500D
T60500D,N4315C,15,Wood products,2018,Persons,Level,3,398,T60500D
T60500D,N4315C,15,Wood products,2019,Persons,Level,3,398,T60500D
T60500D,N4315C,15,Wood products,2020,Persons,Level,3,389,T60500D
T60500D,N4315C,15,Wood products,2021,Persons,Level,3,400,T60500D
T60500D,N4315C,15,Wood products,2022,Persons,Level,3,419,T60500D
T60500D,N4315C,15,Wood products,2023,Persons,Level,3,406,T60500D
T60500D,N4315C,15,Wood products,2024,Persons,Level,3,401,T60500D
T60500D,N4316C,16,Nonmetallic mineral products,1998,Persons,Level,3,532,T60500D
T60500D,N4316C,16,Nonmetallic mineral products,1999,Persons,Level,3,538,T60500D
T60500D,N4316C,16,Nonmetallic mineral products,2000,Persons,Level,3,549,T60500D
T60500D,N4316C,16,Nonmetallic mineral products,2001,Persons,Level,3,534,T60500D
T60500D,N4316C,16,Nonmetallic mineral products,2002,Persons,Level,3,510,T60500D
T60500D,N4316C,16,Nonmetallic mineral products,2003,Persons,Level,3,490,T60500D
T60500D,N4316C,16,Nonmetallic mineral products,2004,Persons,Level,3,493,T60500D
T60500D,N4316C,16,Nonmetallic mineral products,2005,Persons,Level,3,494,T60500D
T60500D,N4316C,16,Nonmetallic mineral products,2006,Persons,Level,3,505,T60500D
T60500D,N4316C,16,Nonmetallic mineral products,2007,Persons,Level,3,496,T60500D
T60500D,N4316C,16,Nonmetallic mineral products,2008,Persons,Level,3,456,T60500D
T60500D,N4316C,16,Nonmetallic mineral products,2009,Persons,Level,3,377,T60500D
T60500D,N4316C,16,Nonmetallic mineral products,2010,Persons,Level,3,357,T60500D
T60500D,N4316C,16,Nonmetallic mineral products,2011,Persons,Level,3,357,T60500D
T60500D,N4316C,16,Nonmetallic mineral products,2012,Persons,Level,3,357,T60500D
T60500D,N4316C,16,Nonmetallic mineral products,2013,Persons,Level,3,365,T60500D
T60500D,N4316C,16,Nonmetallic mineral products,2014,Persons,Level,3,375,T60500D
T60500D,N4316C,16,Nonmetallic mineral products,2015,Persons,Level,3,389,T60500D
T60500D,N4316C,16,Nonmetallic mineral products,2016,Persons,Level,3,396,T60500D
T60500D,N4316C,16,Nonmetallic mineral products,2017,Persons,Level,3,402,T60500D
T60500D,N4316C,16,Nonmetallic mineral products,2018,Persons,Level,3,411,T60500D
T60500D,N4316C,16,Nonmetallic mineral products,2019,Persons,Level,3,413,T60500D
T60500D,N4316C,16,Nonmetallic mineral products,2020,Persons,Level,3,388,T60500D
T60500D,N4316C,16,Nonmetallic mineral products,2021,Persons,Level,3,395,T60500D
T60500D,N4316C,16,Nonmetallic mineral products,2022,Persons,Level,3,408,T60500D
T60500D,N4316C,16,Nonmetallic mineral products,2023,Persons,Level,3,406,T60500D
T60500D,N4316C,16,Nonmetallic mineral products,2024,Persons,Level,3,401,T60500D
T60500D,N4317C,17,Primary metals,1998,Persons,Level,3,636,T60500D
T60500D,N4317C,17,Primary metals,1999,Persons,Level,3,617,T60500D
T60500D,N4317C,17,Primary metals,2000,Persons,Level,3,611,T60500D
T60500D,N4317C,17,Primary metals,2001,Persons,Level,3,558,T60500D
T60500D,N4317C,17,Primary metals,2002,Persons,Level,3,499,T60500D
T60500D,N4317C,17,Primary metals,2003,Persons,Level,3,468,T60500D
T60500D,N4317C,17,Primary metals,2004,Persons,Level,3,460,T60500D
T60500D,N4317C,17,Primary metals,2005,Persons,Level,3,460,T60500D
T60500D,N4317C,17,Primary metals,2006,Persons,Level,3,458,T60500D
T60500D,N4317C,17,Primary metals,2007,Persons,Level,3,446,T60500D
T60500D,N4317C,17,Primary metals,2008,Persons,Level,3,436,T60500D
T60500D,N4317C,17,Primary metals,2009,Persons,Level,3,353,T60500D
T60500D,N4317C,17,Primary metals,2010,Persons,Level,3,353,T60500D
T60500D,N4317C,17,Primary metals,2011,Persons,Level,3,382,T60500D
T60500D,N4317C,17,Primary metals,2012,Persons,Level,3,397,T60500D
T60500D,N4317C,17,Primary metals,2013,Persons,Level,3,391,T60500D
T60500D,N4317C,17,Primary metals,2014,Persons,Level,3,391,T60500D
T60500D,N4317C,17,Primary metals,2015,Persons,Level,3,386,T60500D
T60500D,N4317C,17,Primary metals,2016,Persons,Level,3,365,T60500D
T60500D,N4317C,17,Primary metals,2017,Persons,Level,3,360,T60500D
T60500D,N4317C,17,Primary metals,2018,Persons,Level,3,371,T60500D
T60500D,N4317C,17,Primary metals,2019,Persons,Level,3,379,T60500D
T60500D,N4317C,17,Primary metals,2020,Persons,Level,3,345,T60500D
T60500D,N4317C,17,Primary metals,2021,Persons,Level,3,342,T60500D
T60500D,N4317C,17,Primary metals,2022,Persons,Level,3,359,T60500D
T60500D,N4317C,17,Primary metals,2023,Persons,Level,3,366,T60500D
T60500D,N4317C,17,Primary metals,2024,Persons,Level,3,362,T60500D
T60500D,N4318C,18,Fabricated metal products,1998,Persons,Level,3,"1,724",T60500D
T60500D,N4318C,18,Fabricated metal products,1999,Persons,Level,3,"1,718",T60500D
T60500D,N4318C,18,Fabricated metal products,2000,Persons,Level,3,"1,735",T60500D
T60500D,N4318C,18,Fabricated metal products,2001,Persons,Level,3,"1,648",T60500D
T60500D,N4318C,18,Fabricated metal products,2002,Persons,Level,3,"1,524",T60500D
T60500D,N4318C,18,Fabricated metal products,2003,Persons,Level,3,"1,453",T60500D
T60500D,N4318C,18,Fabricated metal products,2004,Persons,Level,3,"1,466",T60500D
T60500D,N4318C,18,Fabricated metal products,2005,Persons,Level,3,"1,499",T60500D
T60500D,N4318C,18,Fabricated metal products,2006,Persons,Level,3,"1,523",T60500D
T60500D,N4318C,18,Fabricated metal products,2007,Persons,Level,3,"1,527",T60500D
T60500D,N4318C,18,Fabricated metal products,2008,Persons,Level,3,"1,505",T60500D
T60500D,N4318C,18,Fabricated metal products,2009,Persons,Level,3,"1,273",T60500D
T60500D,N4318C,18,Fabricated metal products,2010,Persons,Level,3,"1,249",T60500D
T60500D,N4318C,18,Fabricated metal products,2011,Persons,Level,3,"1,312",T60500D
T60500D,N4318C,18,Fabricated metal products,2012,Persons,Level,3,"1,382",T60500D
T60500D,N4318C,18,Fabricated metal products,2013,Persons,Level,3,"1,399",T60500D
T60500D,N4318C,18,Fabricated metal products,2014,Persons,Level,3,"1,427",T60500D
T60500D,N4318C,18,Fabricated metal products,2015,Persons,Level,3,"1,429",T60500D
T60500D,N4318C,18,Fabricated metal products,2016,Persons,Level,3,"1,386",T60500D
T60500D,N4318C,18,Fabricated metal products,2017,Persons,Level,3,"1,386",T60500D
T60500D,N4318C,18,Fabricated metal products,2018,Persons,Level,3,"1,432",T60500D
T60500D,N4318C,18,Fabricated metal products,2019,Persons,Level,3,"1,453",T60500D
T60500D,N4318C,18,Fabricated metal products,2020,Persons,Level,3,"1,348",T60500D
T60500D,N4318C,18,Fabricated metal products,2021,Persons,Level,3,"1,357",T60500D
T60500D,N4318C,18,Fabricated metal products,2022,Persons,Level,3,"1,402",T60500D
T60500D,N4318C,18,Fabricated metal products,2023,Persons,Level,3,"1,417",T60500D
T60500D,N4318C,18,Fabricated metal products,2024,Persons,Level,3,"1,412",T60500D
T60500D,N4319C,19,Machinery,1998,Persons,Level,3,"1,478",T60500D
T60500D,N4319C,19,Machinery,1999,Persons,Level,3,"1,437",T60500D
T60500D,N4319C,19,Machinery,2000,Persons,Level,3,"1,427",T60500D
T60500D,N4319C,19,Machinery,2001,Persons,Level,3,"1,346",T60500D
T60500D,N4319C,19,Machinery,2002,Persons,Level,3,"1,205",T60500D
T60500D,N4319C,19,Machinery,2003,Persons,Level,3,"1,132",T60500D
T60500D,N4319C,19,Machinery,2004,Persons,Level,3,"1,121",T60500D
T60500D,N4319C,19,Machinery,2005,Persons,Level,3,"1,142",T60500D
T60500D,N4319C,19,Machinery,2006,Persons,Level,3,"1,158",T60500D
T60500D,N4319C,19,Machinery,2007,Persons,Level,3,"1,168",T60500D
T60500D,N4319C,19,Machinery,2008,Persons,Level,3,"1,168",T60500D
T60500D,N4319C,19,Machinery,2009,Persons,Level,3,999,T60500D
T60500D,N4319C,19,Machinery,2010,Persons,Level,3,975,T60500D
T60500D,N4319C,19,Machinery,2011,Persons,Level,3,"1,037",T60500D
T60500D,N4319C,19,Machinery,2012,Persons,Level,3,"1,082",T60500D
T60500D,N4319C,19,Machinery,2013,Persons,Level,3,"1,086",T60500D
T60500D,N4319C,19,Machinery,2014,Persons,Level,3,"1,107",T60500D
T60500D,N4319C,19,Machinery,2015,Persons,Level,3,"1,100",T60500D
T60500D,N4319C,19,Machinery,2016,Persons,Level,3,"1,056",T60500D
T60500D,N4319C,19,Machinery,2017,Persons,Level,3,"1,059",T60500D
T60500D,N4319C,19,Machinery,2018,Persons,Level,3,"1,095",T60500D
T60500D,N4319C,19,Machinery,2019,Persons,Level,3,"1,105",T60500D
T60500D,N4319C,19,Machinery,2020,Persons,Level,3,"1,030",T60500D
T60500D,N4319C,19,Machinery,2021,Persons,Level,3,"1,044",T60500D
T60500D,N4319C,19,Machinery,2022,Persons,Level,3,"1,090",T60500D
T60500D,N4319C,19,Machinery,2023,Persons,Level,3,"1,103",T60500D
T60500D,N4319C,19,Machinery,2024,Persons,Level,3,"1,092",T60500D
T60500D,N4320C,20,Computer and electronic products,1998,Persons,Level,3,"1,807",T60500D
T60500D,N4320C,20,Computer and electronic products,1999,Persons,Level,3,"1,732",T60500D
T60500D,N4320C,20,Computer and electronic products,2000,Persons,Level,3,"1,779",T60500D
T60500D,N4320C,20,Computer and electronic products,2001,Persons,Level,3,"1,733",T60500D
T60500D,N4320C,20,Computer and electronic products,2002,Persons,Level,3,"1,479",T60500D
T60500D,N4320C,20,Computer and electronic products,2003,Persons,Level,3,"1,334",T60500D
T60500D,N4320C,20,Computer and electronic products,2004,Persons,Level,3,"1,300",T60500D
T60500D,N4320C,20,Computer and electronic products,2005,Persons,Level,3,"1,293",T60500D
T60500D,N4320C,20,Computer and electronic products,2006,Persons,Level,3,"1,287",T60500D
T60500D,N4320C,20,Computer and electronic products,2007,Persons,Level,3,"1,254",T60500D
T60500D,N4320C,20,Computer and electronic products,2008,Persons,Level,3,"1,227",T60500D
T60500D,N4320C,20,Computer and electronic products,2009,Persons,Level,3,"1,117",T60500D
T60500D,N4320C,20,Computer and electronic products,2010,Persons,Level,3,"1,079",T60500D
T60500D,N4320C,20,Computer and electronic products,2011,Persons,Level,3,"1,090",T60500D
T60500D,N4320C,20,Computer and electronic products,2012,Persons,Level,3,"1,080",T60500D
T60500D,N4320C,20,Computer and electronic products,2013,Persons,Level,3,"1,048",T60500D
T60500D,N4320C,20,Computer and electronic products,2014,Persons,Level,3,"1,033",T60500D
T60500D,N4320C,20,Computer and electronic products,2015,Persons,Level,3,"1,042",T60500D
T60500D,N4320C,20,Computer and electronic products,2016,Persons,Level,3,"1,033",T60500D
T60500D,N4320C,20,Computer and electronic products,2017,Persons,Level,3,"1,029",T60500D
T60500D,N4320C,20,Computer and electronic products,2018,Persons,Level,3,"1,039",T60500D
T60500D,N4320C,20,Computer and electronic products,2019,Persons,Level,3,"1,059",T60500D
T60500D,N4320C,20,Computer and electronic products,2020,Persons,Level,3,"1,040",T60500D
T60500D,N4320C,20,Computer and electronic products,2021,Persons,Level,3,"1,024",T60500D
T60500D,N4320C,20,Computer and electronic products,2022,Persons,Level,3,"1,040",T60500D
T60500D,N4320C,20,Computer and electronic products,2023,Persons,Level,3,"1,036",T60500D
T60500D,N4320C,20,Computer and electronic products,2024,Persons,Level,3,"1,004",T60500D
T60500D,N4321C,21,"Electrical equipment, appliances, and components",1998,Persons,Level,3,587,T60500D
T60500D,N4321C,21,"Electrical equipment, appliances, and components",1999,Persons,Level,3,577,T60500D
T60500D,N4321C,21,"Electrical equipment, appliances, and components",2000,Persons,Level,3,583,T60500D
T60500D,N4321C,21,"Electrical equipment, appliances, and components",2001,Persons,Level,3,548,T60500D
T60500D,N4321C,21,"Electrical equipment, appliances, and components",2002,Persons,Level,3,490,T60500D
T60500D,N4321C,21,"Electrical equipment, appliances, and components",2003,Persons,Level,3,455,T60500D
T60500D,N4321C,21,"Electrical equipment, appliances, and components",2004,Persons,Level,3,438,T60500D
T60500D,N4321C,21,"Electrical equipment, appliances, and components",2005,Persons,Level,3,428,T60500D
T60500D,N4321C,21,"Electrical equipment, appliances, and components",2006,Persons,Level,3,427,T60500D
T60500D,N4321C,21,"Electrical equipment, appliances, and components",2007,Persons,Level,3,421,T60500D
T60500D,N4321C,21,"Electrical equipment, appliances, and components",2008,Persons,Level,3,414,T60500D
T60500D,N4321C,21,"Electrical equipment, appliances, and components",2009,Persons,Level,3,364,T60500D
T60500D,N4321C,21,"Electrical equipment, appliances, and components",2010,Persons,Level,3,351,T60500D
T60500D,N4321C,21,"Electrical equipment, appliances, and components",2011,Persons,Level,3,358,T60500D
T60500D,N4321C,21,"Electrical equipment, appliances, and components",2012,Persons,Level,3,366,T60500D
T60500D,N4321C,21,"Electrical equipment, appliances, and components",2013,Persons,Level,3,368,T60500D
T60500D,N4321C,21,"Electrical equipment, appliances, and components",2014,Persons,Level,3,373,T60500D
T60500D,N4321C,21,"Electrical equipment, appliances, and components",2015,Persons,Level,3,376,T60500D
T60500D,N4321C,21,"Electrical equipment, appliances, and components",2016,Persons,Level,3,376,T60500D
T60500D,N4321C,21,"Electrical equipment, appliances, and components",2017,Persons,Level,3,383,T60500D
T60500D,N4321C,21,"Electrical equipment, appliances, and components",2018,Persons,Level,3,391,T60500D
T60500D,N4321C,21,"Electrical equipment, appliances, and components",2019,Persons,Level,3,393,T60500D
T60500D,N4321C,21,"Electrical equipment, appliances, and components",2020,Persons,Level,3,375,T60500D
T60500D,N4321C,21,"Electrical equipment, appliances, and components",2021,Persons,Level,3,385,T60500D
T60500D,N4321C,21,"Electrical equipment, appliances, and components",2022,Persons,Level,3,399,T60500D
T60500D,N4321C,21,"Electrical equipment, appliances, and components",2023,Persons,Level,3,409,T60500D
T60500D,N4321C,21,"Electrical equipment, appliances, and components",2024,Persons,Level,3,418,T60500D
T60500D,N4322C,22,"Motor vehicles, bodies and trailers, and parts",1998,Persons,Level,3,"1,258",T60500D
T60500D,N4322C,22,"Motor vehicles, bodies and trailers, and parts",1999,Persons,Level,3,"1,300",T60500D
T60500D,N4322C,22,"Motor vehicles, bodies and trailers, and parts",2000,Persons,Level,3,"1,301",T60500D
T60500D,N4322C,22,"Motor vehicles, bodies and trailers, and parts",2001,Persons,Level,3,"1,202",T60500D
T60500D,N4322C,22,"Motor vehicles, bodies and trailers, and parts",2002,Persons,Level,3,"1,139",T60500D
T60500D,N4322C,22,"Motor vehicles, bodies and trailers, and parts",2003,Persons,Level,3,"1,101",T60500D
T60500D,N4322C,22,"Motor vehicles, bodies and trailers, and parts",2004,Persons,Level,3,"1,101",T60500D
T60500D,N4322C,22,"Motor vehicles, bodies and trailers, and parts",2005,Persons,Level,3,"1,088",T60500D
T60500D,N4322C,22,"Motor vehicles, bodies and trailers, and parts",2006,Persons,Level,3,"1,052",T60500D
T60500D,N4322C,22,"Motor vehicles, bodies and trailers, and parts",2007,Persons,Level,3,978,T60500D
T60500D,N4322C,22,"Motor vehicles, bodies and trailers, and parts",2008,Persons,Level,3,866,T60500D
T60500D,N4322C,22,"Motor vehicles, bodies and trailers, and parts",2009,Persons,Level,3,658,T60500D
T60500D,N4322C,22,"Motor vehicles, bodies and trailers, and parts",2010,Persons,Level,3,666,T60500D
T60500D,N4322C,22,"Motor vehicles, bodies and trailers, and parts",2011,Persons,Level,3,708,T60500D
T60500D,N4322C,22,"Motor vehicles, bodies and trailers, and parts",2012,Persons,Level,3,769,T60500D
T60500D,N4322C,22,"Motor vehicles, bodies and trailers, and parts",2013,Persons,Level,3,810,T60500D
T60500D,N4322C,22,"Motor vehicles, bodies and trailers, and parts",2014,Persons,Level,3,863,T60500D
T60500D,N4322C,22,"Motor vehicles, bodies and trailers, and parts",2015,Persons,Level,3,906,T60500D
T60500D,N4322C,22,"Motor vehicles, bodies and trailers, and parts",2016,Persons,Level,3,934,T60500D
T60500D,N4322C,22,"Motor vehicles, bodies and trailers, and parts",2017,Persons,Level,3,959,T60500D
T60500D,N4322C,22,"Motor vehicles, bodies and trailers, and parts",2018,Persons,Level,3,990,T60500D
T60500D,N4322C,22,"Motor vehicles, bodies and trailers, and parts",2019,Persons,Level,3,987,T60500D
T60500D,N4322C,22,"Motor vehicles, bodies and trailers, and parts",2020,Persons,Level,3,881,T60500D
T60500D,N4322C,22,"Motor vehicles, bodies and trailers, and parts",2021,Persons,Level,3,948,T60500D
T60500D,N4322C,22,"Motor vehicles, bodies and trailers, and parts",2022,Persons,Level,3,979,T60500D
T60500D,N4322C,22,"Motor vehicles, bodies and trailers, and parts",2023,Persons,Level,3,994,T60500D
T60500D,N4322C,22,"Motor vehicles, bodies and trailers, and parts",2024,Persons,Level,3,977,T60500D
T60500D,N4323C,23,Other transportation equipment,1998,Persons,Level,3,801,T60500D
T60500D,N4323C,23,Other transportation equipment,1999,Persons,Level,3,776,T60500D
T60500D,N4323C,23,Other transportation equipment,2000,Persons,Level,3,740,T60500D
T60500D,N4323C,23,Other transportation equipment,2001,Persons,Level,3,720,T60500D
T60500D,N4323C,23,Other transportation equipment,2002,Persons,Level,3,675,T60500D
T60500D,N4323C,23,Other transportation equipment,2003,Persons,Level,3,643,T60500D
T60500D,N4323C,23,Other transportation equipment,2004,Persons,Level,3,650,T60500D
T60500D,N4323C,23,Other transportation equipment,2005,Persons,Level,3,671,T60500D
T60500D,N4323C,23,Other transportation equipment,2006,Persons,Level,3,689,T60500D
T60500D,N4323C,23,Other transportation equipment,2007,Persons,Level,3,709,T60500D
T60500D,N4323C,23,Other transportation equipment,2008,Persons,Level,3,724,T60500D
T60500D,N4323C,23,Other transportation equipment,2009,Persons,Level,3,671,T60500D
T60500D,N4323C,23,Other transportation equipment,2010,Persons,Level,3,645,T60500D
T60500D,N4323C,23,Other transportation equipment,2011,Persons,Level,3,654,T60500D
T60500D,N4323C,23,Other transportation equipment,2012,Persons,Level,3,673,T60500D
T60500D,N4323C,23,Other transportation equipment,2013,Persons,Level,3,681,T60500D
T60500D,N4323C,23,Other transportation equipment,2014,Persons,Level,3,677,T60500D
T60500D,N4323C,23,Other transportation equipment,2015,Persons,Level,3,685,T60500D
T60500D,N4323C,23,Other transportation equipment,2016,Persons,Level,3,674,T60500D
T60500D,N4323C,23,Other transportation equipment,2017,Persons,Level,3,670,T60500D
T60500D,N4323C,23,Other transportation equipment,2018,Persons,Level,3,687,T60500D
T60500D,N4323C,23,Other transportation equipment,2019,Persons,Level,3,721,T60500D
T60500D,N4323C,23,Other transportation equipment,2020,Persons,Level,3,689,T60500D
T60500D,N4323C,23,Other transportation equipment,2021,Persons,Level,3,672,T60500D
T60500D,N4323C,23,Other transportation equipment,2022,Persons,Level,3,699,T60500D
T60500D,N4323C,23,Other transportation equipment,2023,Persons,Level,3,738,T60500D
T60500D,N4323C,23,Other transportation equipment,2024,Persons,Level,3,758,T60500D
T60500D,N4324C,24,Furniture and related products,1998,Persons,Level,3,641,T60500D
T60500D,N4324C,24,Furniture and related products,1999,Persons,Level,3,662,T60500D
T60500D,N4324C,24,Furniture and related products,2000,Persons,Level,3,671,T60500D
T60500D,N4324C,24,Furniture and related products,2001,Persons,Level,3,631,T60500D
T60500D,N4324C,24,Furniture and related products,2002,Persons,Level,3,592,T60500D
T60500D,N4324C,24,Furniture and related products,2003,Persons,Level,3,559,T60500D
T60500D,N4324C,24,Furniture and related products,2004,Persons,Level,3,559,T60500D
T60500D,N4324C,24,Furniture and related products,2005,Persons,Level,3,553,T60500D
T60500D,N4324C,24,Furniture and related products,2006,Persons,Level,3,546,T60500D
T60500D,N4324C,24,Furniture and related products,2007,Persons,Level,3,518,T60500D
T60500D,N4324C,24,Furniture and related products,2008,Persons,Level,3,469,T60500D
T60500D,N4324C,24,Furniture and related products,2009,Persons,Level,3,371,T60500D
T60500D,N4324C,24,Furniture and related products,2010,Persons,Level,3,345,T60500D
T60500D,N4324C,24,Furniture and related products,2011,Persons,Level,3,345,T60500D
T60500D,N4324C,24,Furniture and related products,2012,Persons,Level,3,343,T60500D
T60500D,N4324C,24,Furniture and related products,2013,Persons,Level,3,350,T60500D
T60500D,N4324C,24,Furniture and related products,2014,Persons,Level,3,359,T60500D
T60500D,N4324C,24,Furniture and related products,2015,Persons,Level,3,370,T60500D
T60500D,N4324C,24,Furniture and related products,2016,Persons,Level,3,380,T60500D
T60500D,N4324C,24,Furniture and related products,2017,Persons,Level,3,384,T60500D
T60500D,N4324C,24,Furniture and related products,2018,Persons,Level,3,384,T60500D
T60500D,N4324C,24,Furniture and related products,2019,Persons,Level,3,375,T60500D
T60500D,N4324C,24,Furniture and related products,2020,Persons,Level,3,351,T60500D
T60500D,N4324C,24,Furniture and related products,2021,Persons,Level,3,365,T60500D
T60500D,N4324C,24,Furniture and related products,2022,Persons,Level,3,369,T60500D
T60500D,N4324C,24,Furniture and related products,2023,Persons,Level,3,349,T60500D
T60500D,N4324C,24,Furniture and related products,2024,Persons,Level,3,338,T60500D
T60500D,N4325C,25,Miscellaneous manufacturing,1998,Persons,Level,3,722,T60500D
T60500D,N4325C,25,Miscellaneous manufacturing,1999,Persons,Level,3,718,T60500D
T60500D,N4325C,25,Miscellaneous manufacturing,2000,Persons,Level,3,715,T60500D
T60500D,N4325C,25,Miscellaneous manufacturing,2001,Persons,Level,3,694,T60500D
T60500D,N4325C,25,Miscellaneous manufacturing,2002,Persons,Level,3,666,T60500D
T60500D,N4325C,25,Miscellaneous manufacturing,2003,Persons,Level,3,646,T60500D
T60500D,N4325C,25,Miscellaneous manufacturing,2004,Persons,Level,3,633,T60500D
T60500D,N4325C,25,Miscellaneous manufacturing,2005,Persons,Level,3,636,T60500D
T60500D,N4325C,25,Miscellaneous manufacturing,2006,Persons,Level,3,633,T60500D
T60500D,N4325C,25,Miscellaneous manufacturing,2007,Persons,Level,3,625,T60500D
T60500D,N4325C,25,Miscellaneous manufacturing,2008,Persons,Level,3,613,T60500D
T60500D,N4325C,25,Miscellaneous manufacturing,2009,Persons,Level,3,561,T60500D
T60500D,N4325C,25,Miscellaneous manufacturing,2010,Persons,Level,3,547,T60500D
T60500D,N4325C,25,Miscellaneous manufacturing,2011,Persons,Level,3,551,T60500D
T60500D,N4325C,25,Miscellaneous manufacturing,2012,Persons,Level,3,559,T60500D
T60500D,N4325C,25,Miscellaneous manufacturing,2013,Persons,Level,3,561,T60500D
T60500D,N4325C,25,Miscellaneous manufacturing,2014,Persons,Level,3,567,T60500D
T60500D,N4325C,25,Miscellaneous manufacturing,2015,Persons,Level,3,573,T60500D
T60500D,N4325C,25,Miscellaneous manufacturing,2016,Persons,Level,3,571,T60500D
T60500D,N4325C,25,Miscellaneous manufacturing,2017,Persons,Level,3,579,T60500D
T60500D,N4325C,25,Miscellaneous manufacturing,2018,Persons,Level,3,592,T60500D
T60500D,N4325C,25,Miscellaneous manufacturing,2019,Persons,Level,3,603,T60500D
T60500D,N4325C,25,Miscellaneous manufacturing,2020,Persons,Level,3,570,T60500D
T60500D,N4325C,25,Miscellaneous manufacturing,2021,Persons,Level,3,588,T60500D
T60500D,N4325C,25,Miscellaneous manufacturing,2022,Persons,Level,3,611,T60500D
T60500D,N4325C,25,Miscellaneous manufacturing,2023,Persons,Level,3,611,T60500D
T60500D,N4325C,25,Miscellaneous manufacturing,2024,Persons,Level,3,597,T60500D
T60500D,N4326C,26,Nondurable goods,1998,Persons,Level,3,"6,465",T60500D
T60500D,N4326C,26,Nondurable goods,1999,Persons,Level,3,"6,362",T60500D
T60500D,N4326C,26,Nondurable goods,2000,Persons,Level,3,"6,235",T60500D
T60500D,N4326C,26,Nondurable goods,2001,Persons,Level,3,"5,952",T60500D
T60500D,N4326C,26,Nondurable goods,2002,Persons,Level,3,"5,643",T60500D
T60500D,N4326C,26,Nondurable goods,2003,Persons,Level,3,"5,404",T60500D
T60500D,N4326C,26,Nondurable goods,2004,Persons,Level,3,"5,258",T60500D
T60500D,N4326C,26,Nondurable goods,2005,Persons,Level,3,"5,134",T60500D
T60500D,N4326C,26,Nondurable goods,2006,Persons,Level,3,"5,055",T60500D
T60500D,N4326C,26,Nondurable goods,2007,Persons,Level,3,"4,946",T60500D
T60500D,N4326C,26,Nondurable goods,2008,Persons,Level,3,"4,808",T60500D
T60500D,N4326C,26,Nondurable goods,2009,Persons,Level,3,"4,421",T60500D
T60500D,N4326C,26,Nondurable goods,2010,Persons,Level,3,"4,322",T60500D
T60500D,N4326C,26,Nondurable goods,2011,Persons,Level,3,"4,323",T60500D
T60500D,N4326C,26,Nondurable goods,2012,Persons,Level,3,"4,312",T60500D
T60500D,N4326C,26,Nondurable goods,2013,Persons,Level,3,"4,339",T60500D
T60500D,N4326C,26,Nondurable goods,2014,Persons,Level,3,"4,380",T60500D
T60500D,N4326C,26,Nondurable goods,2015,Persons,Level,3,"4,450",T60500D
T60500D,N4326C,26,Nondurable goods,2016,Persons,Level,3,"4,487",T60500D
T60500D,N4326C,26,Nondurable goods,2017,Persons,Level,3,"4,580",T60500D
T60500D,N4326C,26,Nondurable goods,2018,Persons,Level,3,"4,597",T60500D
T60500D,N4326C,26,Nondurable goods,2019,Persons,Level,3,"4,640",T60500D
T60500D,N4326C,26,Nondurable goods,2020,Persons,Level,3,"4,431",T60500D
T60500D,N4326C,26,Nondurable goods,2021,Persons,Level,3,"4,548",T60500D
T60500D,N4326C,26,Nondurable goods,2022,Persons,Level,3,"4,691",T60500D
T60500D,N4326C,26,Nondurable goods,2023,Persons,Level,3,"4,711",T60500D
T60500D,N4326C,26,Nondurable goods,2024,Persons,Level,3,"4,680",T60500D
T60500D,N4327C,27,Food and beverage and tobacco products,1998,Persons,Level,3,"1,721",T60500D
T60500D,N4327C,27,Food and beverage and tobacco products,1999,Persons,Level,3,"1,736",T60500D
T60500D,N4327C,27,Food and beverage and tobacco products,2000,Persons,Level,3,"1,728",T60500D
T60500D,N4327C,27,Food and beverage and tobacco products,2001,Persons,Level,3,"1,710",T60500D
T60500D,N4327C,27,Food and beverage and tobacco products,2002,Persons,Level,3,"1,690",T60500D
T60500D,N4327C,27,Food and beverage and tobacco products,2003,Persons,Level,3,"1,658",T60500D
T60500D,N4327C,27,Food and beverage and tobacco products,2004,Persons,Level,3,"1,637",T60500D
T60500D,N4327C,27,Food and beverage and tobacco products,2005,Persons,Level,3,"1,617",T60500D
T60500D,N4327C,27,Food and beverage and tobacco products,2006,Persons,Level,3,"1,615",T60500D
T60500D,N4327C,27,Food and beverage and tobacco products,2007,Persons,Level,3,"1,621",T60500D
T60500D,N4327C,27,Food and beverage and tobacco products,2008,Persons,Level,3,"1,615",T60500D
T60500D,N4327C,27,Food and beverage and tobacco products,2009,Persons,Level,3,"1,578",T60500D
T60500D,N4327C,27,Food and beverage and tobacco products,2010,Persons,Level,3,"1,561",T60500D
T60500D,N4327C,27,Food and beverage and tobacco products,2011,Persons,Level,3,"1,575",T60500D
T60500D,N4327C,27,Food and beverage and tobacco products,2012,Persons,Level,3,"1,585",T60500D
T60500D,N4327C,27,Food and beverage and tobacco products,2013,Persons,Level,3,"1,599",T60500D
T60500D,N4327C,27,Food and beverage and tobacco products,2014,Persons,Level,3,"1,626",T60500D
T60500D,N4327C,27,Food and beverage and tobacco products,2015,Persons,Level,3,"1,674",T60500D
T60500D,N4327C,27,Food and beverage and tobacco products,2016,Persons,Level,3,"1,719",T60500D
T60500D,N4327C,27,Food and beverage and tobacco products,2017,Persons,Level,3,"1,789",T60500D
T60500D,N4327C,27,Food and beverage and tobacco products,2018,Persons,Level,3,"1,812",T60500D
T60500D,N4327C,27,Food and beverage and tobacco products,2019,Persons,Level,3,"1,848",T60500D
T60500D,N4327C,27,Food and beverage and tobacco products,2020,Persons,Level,3,"1,794",T60500D
T60500D,N4327C,27,Food and beverage and tobacco products,2021,Persons,Level,3,"1,862",T60500D
T60500D,N4327C,27,Food and beverage and tobacco products,2022,Persons,Level,3,"1,939",T60500D
T60500D,N4327C,27,Food and beverage and tobacco products,2023,Persons,Level,3,"1,995",T60500D
T60500D,N4327C,27,Food and beverage and tobacco products,2024,Persons,Level,3,"2,003",T60500D
T60500D,N4328C,28,Textile mills and textile product mills,1998,Persons,Level,3,642,T60500D
T60500D,N4328C,28,Textile mills and textile product mills,1999,Persons,Level,3,609,T60500D
T60500D,N4328C,28,Textile mills and textile product mills,2000,Persons,Level,3,588,T60500D
T60500D,N4328C,28,Textile mills and textile product mills,2001,Persons,Level,3,517,T60500D
T60500D,N4328C,28,Textile mills and textile product mills,2002,Persons,Level,3,472,T60500D
T60500D,N4328C,28,Textile mills and textile product mills,2003,Persons,Level,3,434,T60500D
T60500D,N4328C,28,Textile mills and textile product mills,2004,Persons,Level,3,403,T60500D
T60500D,N4328C,28,Textile mills and textile product mills,2005,Persons,Level,3,372,T60500D
T60500D,N4328C,28,Textile mills and textile product mills,2006,Persons,Level,3,344,T60500D
T60500D,N4328C,28,Textile mills and textile product mills,2007,Persons,Level,3,321,T60500D
T60500D,N4328C,28,Textile mills and textile product mills,2008,Persons,Level,3,293,T60500D
T60500D,N4328C,28,Textile mills and textile product mills,2009,Persons,Level,3,240,T60500D
T60500D,N4328C,28,Textile mills and textile product mills,2010,Persons,Level,3,230,T60500D
T60500D,N4328C,28,Textile mills and textile product mills,2011,Persons,Level,3,231,T60500D
T60500D,N4328C,28,Textile mills and textile product mills,2012,Persons,Level,3,225,T60500D
T60500D,N4328C,28,Textile mills and textile product mills,2013,Persons,Level,3,224,T60500D
T60500D,N4328C,28,Textile mills and textile product mills,2014,Persons,Level,3,224,T60500D
T60500D,N4328C,28,Textile mills and textile product mills,2015,Persons,Level,3,226,T60500D
T60500D,N4328C,28,Textile mills and textile product mills,2016,Persons,Level,3,221,T60500D
T60500D,N4328C,28,Textile mills and textile product mills,2017,Persons,Level,3,222,T60500D
T60500D,N4328C,28,Textile mills and textile product mills,2018,Persons,Level,3,220,T60500D
T60500D,N4328C,28,Textile mills and textile product mills,2019,Persons,Level,3,212,T60500D
T60500D,N4328C,28,Textile mills and textile product mills,2020,Persons,Level,3,191,T60500D
T60500D,N4328C,28,Textile mills and textile product mills,2021,Persons,Level,3,194,T60500D
T60500D,N4328C,28,Textile mills and textile product mills,2022,Persons,Level,3,194,T60500D
T60500D,N4328C,28,Textile mills and textile product mills,2023,Persons,Level,3,184,T60500D
T60500D,N4328C,28,Textile mills and textile product mills,2024,Persons,Level,3,175,T60500D
T60500D,N4329C,29,Apparel and leather and allied products,1998,Persons,Level,3,697,T60500D
T60500D,N4329C,29,Apparel and leather and allied products,1999,Persons,Level,3,613,T60500D
T60500D,N4329C,29,Apparel and leather and allied products,2000,Persons,Level,3,539,T60500D
T60500D,N4329C,29,Apparel and leather and allied products,2001,Persons,Level,3,472,T60500D
T60500D,N4329C,29,Apparel and leather and allied products,2002,Persons,Level,3,394,T60500D
T60500D,N4329C,29,Apparel and leather and allied products,2003,Persons,Level,3,344,T60500D
T60500D,N4329C,29,Apparel and leather and allied products,2004,Persons,Level,3,319,T60500D
T60500D,N4329C,29,Apparel and leather and allied products,2005,Persons,Level,3,288,T60500D
T60500D,N4329C,29,Apparel and leather and allied products,2006,Persons,Level,3,267,T60500D
T60500D,N4329C,29,Apparel and leather and allied products,2007,Persons,Level,3,241,T60500D
T60500D,N4329C,29,Apparel and leather and allied products,2008,Persons,Level,3,225,T60500D
T60500D,N4329C,29,Apparel and leather and allied products,2009,Persons,Level,3,189,T60500D
T60500D,N4329C,29,Apparel and leather and allied products,2010,Persons,Level,3,179,T60500D
T60500D,N4329C,29,Apparel and leather and allied products,2011,Persons,Level,3,174,T60500D
T60500D,N4329C,29,Apparel and leather and allied products,2012,Persons,Level,3,171,T60500D
T60500D,N4329C,29,Apparel and leather and allied products,2013,Persons,Level,3,167,T60500D
T60500D,N4329C,29,Apparel and leather and allied products,2014,Persons,Level,3,162,T60500D
T60500D,N4329C,29,Apparel and leather and allied products,2015,Persons,Level,3,160,T60500D
T60500D,N4329C,29,Apparel and leather and allied products,2016,Persons,Level,3,153,T60500D
T60500D,N4329C,29,Apparel and leather and allied products,2017,Persons,Level,3,145,T60500D
T60500D,N4329C,29,Apparel and leather and allied products,2018,Persons,Level,3,137,T60500D
T60500D,N4329C,29,Apparel and leather and allied products,2019,Persons,Level,3,131,T60500D
T60500D,N4329C,29,Apparel and leather and allied products,2020,Persons,Level,3,110,T60500D
T60500D,N4329C,29,Apparel and leather and allied products,2021,Persons,Level,3,112,T60500D
T60500D,N4329C,29,Apparel and leather and allied products,2022,Persons,Level,3,113,T60500D
T60500D,N4329C,29,Apparel and leather and allied products,2023,Persons,Level,3,110,T60500D
T60500D,N4329C,29,Apparel and leather and allied products,2024,Persons,Level,3,103,T60500D
T60500D,N4330C,30,Paper products,1998,Persons,Level,3,623,T60500D
T60500D,N4330C,30,Paper products,1999,Persons,Level,3,609,T60500D
T60500D,N4330C,30,Paper products,2000,Persons,Level,3,598,T60500D
T60500D,N4330C,30,Paper products,2001,Persons,Level,3,563,T60500D
T60500D,N4330C,30,Paper products,2002,Persons,Level,3,530,T60500D
T60500D,N4330C,30,Paper products,2003,Persons,Level,3,503,T60500D
T60500D,N4330C,30,Paper products,2004,Persons,Level,3,485,T60500D
T60500D,N4330C,30,Paper products,2005,Persons,Level,3,469,T60500D
T60500D,N4330C,30,Paper products,2006,Persons,Level,3,458,T60500D
T60500D,N4330C,30,Paper products,2007,Persons,Level,3,447,T60500D
T60500D,N4330C,30,Paper products,2008,Persons,Level,3,430,T60500D
T60500D,N4330C,30,Paper products,2009,Persons,Level,3,393,T60500D
T60500D,N4330C,30,Paper products,2010,Persons,Level,3,382,T60500D
T60500D,N4330C,30,Paper products,2011,Persons,Level,3,378,T60500D
T60500D,N4330C,30,Paper products,2012,Persons,Level,3,370,T60500D
T60500D,N4330C,30,Paper products,2013,Persons,Level,3,367,T60500D
T60500D,N4330C,30,Paper products,2014,Persons,Level,3,362,T60500D
T60500D,N4330C,30,Paper products,2015,Persons,Level,3,364,T60500D
T60500D,N4330C,30,Paper products,2016,Persons,Level,3,361,T60500D
T60500D,N4330C,30,Paper products,2017,Persons,Level,3,360,T60500D
T60500D,N4330C,30,Paper products,2018,Persons,Level,3,356,T60500D
T60500D,N4330C,30,Paper products,2019,Persons,Level,3,362,T60500D
T60500D,N4330C,30,Paper products,2020,Persons,Level,3,347,T60500D
T60500D,N4330C,30,Paper products,2021,Persons,Level,3,347,T60500D
T60500D,N4330C,30,Paper products,2022,Persons,Level,3,355,T60500D
T60500D,N4330C,30,Paper products,2023,Persons,Level,3,350,T60500D
T60500D,N4330C,30,Paper products,2024,Persons,Level,3,348,T60500D
T60500D,N4331C,31,Printing and related support activities,1998,Persons,Level,3,773,T60500D
T60500D,N4331C,31,Printing and related support activities,1999,Persons,Level,3,767,T60500D
T60500D,N4331C,31,Printing and related support activities,2000,Persons,Level,3,757,T60500D
T60500D,N4331C,31,Printing and related support activities,2001,Persons,Level,3,750,T60500D
T60500D,N4331C,31,Printing and related support activities,2002,Persons,Level,3,695,T60500D
T60500D,N4331C,31,Printing and related support activities,2003,Persons,Level,3,659,T60500D
T60500D,N4331C,31,Printing and related support activities,2004,Persons,Level,3,646,T60500D
T60500D,N4331C,31,Printing and related support activities,2005,Persons,Level,3,626,T60500D
T60500D,N4331C,31,Printing and related support activities,2006,Persons,Level,3,622,T60500D
T60500D,N4331C,31,Printing and related support activities,2007,Persons,Level,3,612,T60500D
T60500D,N4331C,31,Printing and related support activities,2008,Persons,Level,3,577,T60500D
T60500D,N4331C,31,Printing and related support activities,2009,Persons,Level,3,506,T60500D
T60500D,N4331C,31,Printing and related support activities,2010,Persons,Level,3,472,T60500D
T60500D,N4331C,31,Printing and related support activities,2011,Persons,Level,3,459,T60500D
T60500D,N4331C,31,Printing and related support activities,2012,Persons,Level,3,447,T60500D
T60500D,N4331C,31,Printing and related support activities,2013,Persons,Level,3,443,T60500D
T60500D,N4331C,31,Printing and related support activities,2014,Persons,Level,3,440,T60500D
T60500D,N4331C,31,Printing and related support activities,2015,Persons,Level,3,441,T60500D
T60500D,N4331C,31,Printing and related support activities,2016,Persons,Level,3,438,T60500D
T60500D,N4331C,31,Printing and related support activities,2017,Persons,Level,3,431,T60500D
T60500D,N4331C,31,Printing and related support activities,2018,Persons,Level,3,419,T60500D
T60500D,N4331C,31,Printing and related support activities,2019,Persons,Level,3,412,T60500D
T60500D,N4331C,31,Printing and related support activities,2020,Persons,Level,3,367,T60500D
T60500D,N4331C,31,Printing and related support activities,2021,Persons,Level,3,363,T60500D
T60500D,N4331C,31,Printing and related support activities,2022,Persons,Level,3,367,T60500D
T60500D,N4331C,31,Printing and related support activities,2023,Persons,Level,3,358,T60500D
T60500D,N4331C,31,Printing and related support activities,2024,Persons,Level,3,346,T60500D
T60500D,N4332C,32,Petroleum and coal products,1998,Persons,Level,3,121,T60500D
T60500D,N4332C,32,Petroleum and coal products,1999,Persons,Level,3,123,T60500D
T60500D,N4332C,32,Petroleum and coal products,2000,Persons,Level,3,120,T60500D
T60500D,N4332C,32,Petroleum and coal products,2001,Persons,Level,3,118,T60500D
T60500D,N4332C,32,Petroleum and coal products,2002,Persons,Level,3,117,T60500D
T60500D,N4332C,32,Petroleum and coal products,2003,Persons,Level,3,115,T60500D
T60500D,N4332C,32,Petroleum and coal products,2004,Persons,Level,3,110,T60500D
T60500D,N4332C,32,Petroleum and coal products,2005,Persons,Level,3,110,T60500D
T60500D,N4332C,32,Petroleum and coal products,2006,Persons,Level,3,110,T60500D
T60500D,N4332C,32,Petroleum and coal products,2007,Persons,Level,3,113,T60500D
T60500D,N4332C,32,Petroleum and coal products,2008,Persons,Level,3,115,T60500D
T60500D,N4332C,32,Petroleum and coal products,2009,Persons,Level,3,113,T60500D
T60500D,N4332C,32,Petroleum and coal products,2010,Persons,Level,3,109,T60500D
T60500D,N4332C,32,Petroleum and coal products,2011,Persons,Level,3,110,T60500D
T60500D,N4332C,32,Petroleum and coal products,2012,Persons,Level,3,110,T60500D
T60500D,N4332C,32,Petroleum and coal products,2013,Persons,Level,3,110,T60500D
T60500D,N4332C,32,Petroleum and coal products,2014,Persons,Level,3,110,T60500D
T60500D,N4332C,32,Petroleum and coal products,2015,Persons,Level,3,109,T60500D
T60500D,N4332C,32,Petroleum and coal products,2016,Persons,Level,3,109,T60500D
T60500D,N4332C,32,Petroleum and coal products,2017,Persons,Level,3,112,T60500D
T60500D,N4332C,32,Petroleum and coal products,2018,Persons,Level,3,112,T60500D
T60500D,N4332C,32,Petroleum and coal products,2019,Persons,Level,3,113,T60500D
T60500D,N4332C,32,Petroleum and coal products,2020,Persons,Level,3,109,T60500D
T60500D,N4332C,32,Petroleum and coal products,2021,Persons,Level,3,104,T60500D
T60500D,N4332C,32,Petroleum and coal products,2022,Persons,Level,3,104,T60500D
T60500D,N4332C,32,Petroleum and coal products,2023,Persons,Level,3,107,T60500D
T60500D,N4332C,32,Petroleum and coal products,2024,Persons,Level,3,110,T60500D
T60500D,N4333C,33,Chemical products,1998,Persons,Level,3,974,T60500D
T60500D,N4333C,33,Chemical products,1999,Persons,Level,3,971,T60500D
T60500D,N4333C,33,Chemical products,2000,Persons,Level,3,967,T60500D
T60500D,N4333C,33,Chemical products,2001,Persons,Level,3,944,T60500D
T60500D,N4333C,33,Chemical products,2002,Persons,Level,3,910,T60500D
T60500D,N4333C,33,Chemical products,2003,Persons,Level,3,887,T60500D
T60500D,N4333C,33,Chemical products,2004,Persons,Level,3,869,T60500D
T60500D,N4333C,33,Chemical products,2005,Persons,Level,3,864,T60500D
T60500D,N4333C,33,Chemical products,2006,Persons,Level,3,854,T60500D
T60500D,N4333C,33,Chemical products,2007,Persons,Level,3,845,T60500D
T60500D,N4333C,33,Chemical products,2008,Persons,Level,3,837,T60500D
T60500D,N4333C,33,Chemical products,2009,Persons,Level,3,786,T60500D
T60500D,N4333C,33,Chemical products,2010,Persons,Level,3,775,T60500D
T60500D,N4333C,33,Chemical products,2011,Persons,Level,3,774,T60500D
T60500D,N4333C,33,Chemical products,2012,Persons,Level,3,773,T60500D
T60500D,N4333C,33,Chemical products,2013,Persons,Level,3,786,T60500D
T60500D,N4333C,33,Chemical products,2014,Persons,Level,3,791,T60500D
T60500D,N4333C,33,Chemical products,2015,Persons,Level,3,797,T60500D
T60500D,N4333C,33,Chemical products,2016,Persons,Level,3,798,T60500D
T60500D,N4333C,33,Chemical products,2017,Persons,Level,3,815,T60500D
T60500D,N4333C,33,Chemical products,2018,Persons,Level,3,820,T60500D
T60500D,N4333C,33,Chemical products,2019,Persons,Level,3,839,T60500D
T60500D,N4333C,33,Chemical products,2020,Persons,Level,3,832,T60500D
T60500D,N4333C,33,Chemical products,2021,Persons,Level,3,858,T60500D
T60500D,N4333C,33,Chemical products,2022,Persons,Level,3,881,T60500D
T60500D,N4333C,33,Chemical products,2023,Persons,Level,3,883,T60500D
T60500D,N4333C,33,Chemical products,2024,Persons,Level,3,881,T60500D
T60500D,N4334C,34,Plastics and rubber products,1998,Persons,Level,3,913,T60500D
T60500D,N4334C,34,Plastics and rubber products,1999,Persons,Level,3,934,T60500D
T60500D,N4334C,34,Plastics and rubber products,2000,Persons,Level,3,938,T60500D
T60500D,N4334C,34,Plastics and rubber products,2001,Persons,Level,3,878,T60500D
T60500D,N4334C,34,Plastics and rubber products,2002,Persons,Level,3,836,T60500D
T60500D,N4334C,34,Plastics and rubber products,2003,Persons,Level,3,804,T60500D
T60500D,N4334C,34,Plastics and rubber products,2004,Persons,Level,3,789,T60500D
T60500D,N4334C,34,Plastics and rubber products,2005,Persons,Level,3,788,T60500D
T60500D,N4334C,34,Plastics and rubber products,2006,Persons,Level,3,786,T60500D
T60500D,N4334C,34,Plastics and rubber products,2007,Persons,Level,3,746,T60500D
T60500D,N4334C,34,Plastics and rubber products,2008,Persons,Level,3,716,T60500D
T60500D,N4334C,34,Plastics and rubber products,2009,Persons,Level,3,614,T60500D
T60500D,N4334C,34,Plastics and rubber products,2010,Persons,Level,3,615,T60500D
T60500D,N4334C,34,Plastics and rubber products,2011,Persons,Level,3,622,T60500D
T60500D,N4334C,34,Plastics and rubber products,2012,Persons,Level,3,631,T60500D
T60500D,N4334C,34,Plastics and rubber products,2013,Persons,Level,3,644,T60500D
T60500D,N4334C,34,Plastics and rubber products,2014,Persons,Level,3,665,T60500D
T60500D,N4334C,34,Plastics and rubber products,2015,Persons,Level,3,680,T60500D
T60500D,N4334C,34,Plastics and rubber products,2016,Persons,Level,3,689,T60500D
T60500D,N4334C,34,Plastics and rubber products,2017,Persons,Level,3,705,T60500D
T60500D,N4334C,34,Plastics and rubber products,2018,Persons,Level,3,720,T60500D
T60500D,N4334C,34,Plastics and rubber products,2019,Persons,Level,3,725,T60500D
T60500D,N4334C,34,Plastics and rubber products,2020,Persons,Level,3,682,T60500D
T60500D,N4334C,34,Plastics and rubber products,2021,Persons,Level,3,709,T60500D
T60500D,N4334C,34,Plastics and rubber products,2022,Persons,Level,3,739,T60500D
T60500D,N4334C,34,Plastics and rubber products,2023,Persons,Level,3,724,T60500D
T60500D,N4334C,34,Plastics and rubber products,2024,Persons,Level,3,713,T60500D
T60500D,N4335C,35,Wholesale trade,1998,Persons,Level,3,"5,331",T60500D
T60500D,N4335C,35,Wholesale trade,1999,Persons,Level,3,"5,450",T60500D
T60500D,N4335C,35,Wholesale trade,2000,Persons,Level,3,"5,551",T60500D
T60500D,N4335C,35,Wholesale trade,2001,Persons,Level,3,"5,539",T60500D
T60500D,N4335C,35,Wholesale trade,2002,Persons,Level,3,"5,410",T60500D
T60500D,N4335C,35,Wholesale trade,2003,Persons,Level,3,"5,402",T60500D
T60500D,N4335C,35,Wholesale trade,2004,Persons,Level,3,"5,484",T60500D
T60500D,N4335C,35,Wholesale trade,2005,Persons,Level,3,"5,606",T60500D
T60500D,N4335C,35,Wholesale trade,2006,Persons,Level,3,"5,731",T60500D
T60500D,N4335C,35,Wholesale trade,2007,Persons,Level,3,"5,820",T60500D
T60500D,N4335C,35,Wholesale trade,2008,Persons,Level,3,"5,783",T60500D
T60500D,N4335C,35,Wholesale trade,2009,Persons,Level,3,"5,394",T60500D
T60500D,N4335C,35,Wholesale trade,2010,Persons,Level,3,"5,281",T60500D
T60500D,N4335C,35,Wholesale trade,2011,Persons,Level,3,"5,343",T60500D
T60500D,N4335C,35,Wholesale trade,2012,Persons,Level,3,"5,466",T60500D
T60500D,N4335C,35,Wholesale trade,2013,Persons,Level,3,"5,550",T60500D
T60500D,N4335C,35,Wholesale trade,2014,Persons,Level,3,"5,633",T60500D
T60500D,N4335C,35,Wholesale trade,2015,Persons,Level,3,"5,688",T60500D
T60500D,N4335C,35,Wholesale trade,2016,Persons,Level,3,"5,681",T60500D
T60500D,N4335C,35,Wholesale trade,2017,Persons,Level,3,"5,743",T60500D
T60500D,N4335C,35,Wholesale trade,2018,Persons,Level,3,"5,706",T60500D
T60500D,N4335C,35,Wholesale trade,2019,Persons,Level,3,"5,725",T60500D
T60500D,N4335C,35,Wholesale trade,2020,Persons,Level,3,"5,476",T60500D
T60500D,N4335C,35,Wholesale trade,2021,Persons,Level,3,"5,501",T60500D
T60500D,N4335C,35,Wholesale trade,2022,Persons,Level,3,"5,821",T60500D
T60500D,N4335C,35,Wholesale trade,2023,Persons,Level,3,"5,922",T60500D
T60500D,N4335C,35,Wholesale trade,2024,Persons,Level,3,"5,925",T60500D
T60500D,N4336C,36,Durable goods,1998,Persons,Level,3,"3,163",T60500D
T60500D,N4336C,36,Durable goods,1999,Persons,Level,3,"3,243",T60500D
T60500D,N4336C,36,Durable goods,2000,Persons,Level,3,"3,315",T60500D
T60500D,N4336C,36,Durable goods,2001,Persons,Level,3,"3,290",T60500D
T60500D,N4336C,36,Durable goods,2002,Persons,Level,3,"3,174",T60500D
T60500D,N4336C,36,Durable goods,2003,Persons,Level,3,"3,147",T60500D
T60500D,N4336C,36,Durable goods,2004,Persons,Level,3,"3,192",T60500D
T60500D,N4336C,36,Durable goods,2005,Persons,Level,3,"3,275",T60500D
T60500D,N4336C,36,Durable goods,2006,Persons,Level,3,"3,362",T60500D
T60500D,N4336C,36,Durable goods,2007,Persons,Level,3,"3,412",T60500D
T60500D,N4336C,36,Durable goods,2008,Persons,Level,3,"3,381",T60500D
T60500D,N4336C,36,Durable goods,2009,Persons,Level,3,"3,097",T60500D
T60500D,N4336C,36,Durable goods,2010,Persons,Level,3,"3,015",T60500D
T60500D,N4336C,36,Durable goods,2011,Persons,Level,3,"3,064",T60500D
T60500D,N4336C,36,Durable goods,2012,Persons,Level,3,"3,148",T60500D
T60500D,N4336C,36,Durable goods,2013,Persons,Level,3,"3,201",T60500D
T60500D,N4336C,36,Durable goods,2014,Persons,Level,3,"3,249",T60500D
T60500D,N4336C,36,Durable goods,2015,Persons,Level,3,"3,286",T60500D
T60500D,N4336C,36,Durable goods,2016,Persons,Level,3,"3,283",T60500D
T60500D,N4336C,36,Durable goods,2017,Persons,Level,3,"3,332",T60500D
T60500D,N4336C,36,Durable goods,2018,Persons,Level,3,"3,335",T60500D
T60500D,N4336C,36,Durable goods,2019,Persons,Level,3,"3,364",T60500D
T60500D,N4336C,36,Durable goods,2020,Persons,Level,3,"3,236",T60500D
T60500D,N4336C,36,Durable goods,2021,Persons,Level,3,"3,258",T60500D
T60500D,N4336C,36,Durable goods,2022,Persons,Level,3,"3,458",T60500D
T60500D,N4336C,36,Durable goods,2023,Persons,Level,3,"3,530",T60500D
T60500D,N4336C,36,Durable goods,2024,Persons,Level,3,"3,541",T60500D
T60500D,N4337C,37,Nondurable goods,1998,Persons,Level,3,"2,168",T60500D
T60500D,N4337C,37,Nondurable goods,1999,Persons,Level,3,"2,207",T60500D
T60500D,N4337C,37,Nondurable goods,2000,Persons,Level,3,"2,236",T60500D
T60500D,N4337C,37,Nondurable goods,2001,Persons,Level,3,"2,248",T60500D
T60500D,N4337C,37,Nondurable goods,2002,Persons,Level,3,"2,236",T60500D
T60500D,N4337C,37,Nondurable goods,2003,Persons,Level,3,"2,255",T60500D
T60500D,N4337C,37,Nondurable goods,2004,Persons,Level,3,"2,293",T60500D
T60500D,N4337C,37,Nondurable goods,2005,Persons,Level,3,"2,331",T60500D
T60500D,N4337C,37,Nondurable goods,2006,Persons,Level,3,"2,368",T60500D
T60500D,N4337C,37,Nondurable goods,2007,Persons,Level,3,"2,408",T60500D
T60500D,N4337C,37,Nondurable goods,2008,Persons,Level,3,"2,402",T60500D
T60500D,N4337C,37,Nondurable goods,2009,Persons,Level,3,"2,297",T60500D
T60500D,N4337C,37,Nondurable goods,2010,Persons,Level,3,"2,266",T60500D
T60500D,N4337C,37,Nondurable goods,2011,Persons,Level,3,"2,279",T60500D
T60500D,N4337C,37,Nondurable goods,2012,Persons,Level,3,"2,317",T60500D
T60500D,N4337C,37,Nondurable goods,2013,Persons,Level,3,"2,349",T60500D
T60500D,N4337C,37,Nondurable goods,2014,Persons,Level,3,"2,383",T60500D
T60500D,N4337C,37,Nondurable goods,2015,Persons,Level,3,"2,402",T60500D
T60500D,N4337C,37,Nondurable goods,2016,Persons,Level,3,"2,398",T60500D
T60500D,N4337C,37,Nondurable goods,2017,Persons,Level,3,"2,411",T60500D
T60500D,N4337C,37,Nondurable goods,2018,Persons,Level,3,"2,371",T60500D
T60500D,N4337C,37,Nondurable goods,2019,Persons,Level,3,"2,361",T60500D
T60500D,N4337C,37,Nondurable goods,2020,Persons,Level,3,"2,239",T60500D
T60500D,N4337C,37,Nondurable goods,2021,Persons,Level,3,"2,244",T60500D
T60500D,N4337C,37,Nondurable goods,2022,Persons,Level,3,"2,363",T60500D
T60500D,N4337C,37,Nondurable goods,2023,Persons,Level,3,"2,392",T60500D
T60500D,N4337C,37,Nondurable goods,2024,Persons,Level,3,"2,384",T60500D
T60500D,N4338C,38,Retail trade,1998,Persons,Level,3,"12,280",T60500D
T60500D,N4338C,38,Retail trade,1999,Persons,Level,3,"12,633",T60500D
T60500D,N4338C,38,Retail trade,2000,Persons,Level,3,"12,994",T60500D
T60500D,N4338C,38,Retail trade,2001,Persons,Level,3,"13,416",T60500D
T60500D,N4338C,38,Retail trade,2002,Persons,Level,3,"13,251",T60500D
T60500D,N4338C,38,Retail trade,2003,Persons,Level,3,"13,145",T60500D
T60500D,N4338C,38,Retail trade,2004,Persons,Level,3,"13,220",T60500D
T60500D,N4338C,38,Retail trade,2005,Persons,Level,3,"13,438",T60500D
T60500D,N4338C,38,Retail trade,2006,Persons,Level,3,"13,556",T60500D
T60500D,N4338C,38,Retail trade,2007,Persons,Level,3,"13,675",T60500D
T60500D,N4338C,38,Retail trade,2008,Persons,Level,3,"13,421",T60500D
T60500D,N4338C,38,Retail trade,2009,Persons,Level,3,"12,623",T60500D
T60500D,N4338C,38,Retail trade,2010,Persons,Level,3,"12,451",T60500D
T60500D,N4338C,38,Retail trade,2011,Persons,Level,3,"12,615",T60500D
T60500D,N4338C,38,Retail trade,2012,Persons,Level,3,"12,857",T60500D
T60500D,N4338C,38,Retail trade,2013,Persons,Level,3,"13,034",T60500D
T60500D,N4338C,38,Retail trade,2014,Persons,Level,3,"13,253",T60500D
T60500D,N4338C,38,Retail trade,2015,Persons,Level,3,"13,598",T60500D
T60500D,N4338C,38,Retail trade,2016,Persons,Level,3,"13,794",T60500D
T60500D,N4338C,38,Retail trade,2017,Persons,Level,3,"13,852",T60500D
T60500D,N4338C,38,Retail trade,2018,Persons,Level,3,"13,809",T60500D
T60500D,N4338C,38,Retail trade,2019,Persons,Level,3,"13,722",T60500D
T60500D,N4338C,38,Retail trade,2020,Persons,Level,3,"13,044",T60500D
T60500D,N4338C,38,Retail trade,2021,Persons,Level,3,"13,566",T60500D
T60500D,N4338C,38,Retail trade,2022,Persons,Level,3,"13,826",T60500D
T60500D,N4338C,38,Retail trade,2023,Persons,Level,3,"13,809",T60500D
T60500D,N4338C,38,Retail trade,2024,Persons,Level,3,"13,743",T60500D
T60500D,N4339C,39,Motor vehicle and parts dealers,1998,Persons,Level,3,"1,478",T60500D
T60500D,N4339C,39,Motor vehicle and parts dealers,1999,Persons,Level,3,"1,525",T60500D
T60500D,N4339C,39,Motor vehicle and parts dealers,2000,Persons,Level,3,"1,577",T60500D
T60500D,N4339C,39,Motor vehicle and parts dealers,2001,Persons,Level,3,"1,646",T60500D
T60500D,N4339C,39,Motor vehicle and parts dealers,2002,Persons,Level,3,"1,659",T60500D
T60500D,N4339C,39,Motor vehicle and parts dealers,2003,Persons,Level,3,"1,658",T60500D
T60500D,N4339C,39,Motor vehicle and parts dealers,2004,Persons,Level,3,"1,674",T60500D
T60500D,N4339C,39,Motor vehicle and parts dealers,2005,Persons,Level,3,"1,690",T60500D
T60500D,N4339C,39,Motor vehicle and parts dealers,2006,Persons,Level,3,"1,686",T60500D
T60500D,N4339C,39,Motor vehicle and parts dealers,2007,Persons,Level,3,"1,685",T60500D
T60500D,N4339C,39,Motor vehicle and parts dealers,2008,Persons,Level,3,"1,607",T60500D
T60500D,N4339C,39,Motor vehicle and parts dealers,2009,Persons,Level,3,"1,423",T60500D
T60500D,N4339C,39,Motor vehicle and parts dealers,2010,Persons,Level,3,"1,406",T60500D
T60500D,N4339C,39,Motor vehicle and parts dealers,2011,Persons,Level,3,"1,451",T60500D
T60500D,N4339C,39,Motor vehicle and parts dealers,2012,Persons,Level,3,"1,505",T60500D
T60500D,N4339C,39,Motor vehicle and parts dealers,2013,Persons,Level,3,"1,551",T60500D
T60500D,N4339C,39,Motor vehicle and parts dealers,2014,Persons,Level,3,"1,607",T60500D
T60500D,N4339C,39,Motor vehicle and parts dealers,2015,Persons,Level,3,"1,680",T60500D
T60500D,N4339C,39,Motor vehicle and parts dealers,2016,Persons,Level,3,"1,725",T60500D
T60500D,N4339C,39,Motor vehicle and parts dealers,2017,Persons,Level,3,"1,749",T60500D
T60500D,N4339C,39,Motor vehicle and parts dealers,2018,Persons,Level,3,"1,762",T60500D
T60500D,N4339C,39,Motor vehicle and parts dealers,2019,Persons,Level,3,"1,783",T60500D
T60500D,N4339C,39,Motor vehicle and parts dealers,2020,Persons,Level,3,"1,671",T60500D
T60500D,N4339C,39,Motor vehicle and parts dealers,2021,Persons,Level,3,"1,722",T60500D
T60500D,N4339C,39,Motor vehicle and parts dealers,2022,Persons,Level,3,"1,761",T60500D
T60500D,N4339C,39,Motor vehicle and parts dealers,2023,Persons,Level,3,"1,775",T60500D
T60500D,N4339C,39,Motor vehicle and parts dealers,2024,Persons,Level,3,"1,781",T60500D
T60500D,N4340C,40,Food and beverage stores,1998,Persons,Level,3,"2,481",T60500D
T60500D,N4340C,40,Food and beverage stores,1999,Persons,Level,3,"2,524",T60500D
T60500D,N4340C,40,Food and beverage stores,2000,Persons,Level,3,"2,545",T60500D
T60500D,N4340C,40,Food and beverage stores,2001,Persons,Level,3,"2,617",T60500D
T60500D,N4340C,40,Food and beverage stores,2002,Persons,Level,3,"2,557",T60500D
T60500D,N4340C,40,Food and beverage stores,2003,Persons,Level,3,"2,513",T60500D
T60500D,N4340C,40,Food and beverage stores,2004,Persons,Level,3,"2,483",T60500D
T60500D,N4340C,40,Food and beverage stores,2005,Persons,Level,3,"2,483",T60500D
T60500D,N4340C,40,Food and beverage stores,2006,Persons,Level,3,"2,490",T60500D
T60500D,N4340C,40,Food and beverage stores,2007,Persons,Level,3,"2,516",T60500D
T60500D,N4340C,40,Food and beverage stores,2008,Persons,Level,3,"2,515",T60500D
T60500D,N4340C,40,Food and beverage stores,2009,Persons,Level,3,"2,459",T60500D
T60500D,N4340C,40,Food and beverage stores,2010,Persons,Level,3,"2,421",T60500D
T60500D,N4340C,40,Food and beverage stores,2011,Persons,Level,3,"2,433",T60500D
T60500D,N4340C,40,Food and beverage stores,2012,Persons,Level,3,"2,481",T60500D
T60500D,N4340C,40,Food and beverage stores,2013,Persons,Level,3,"2,540",T60500D
T60500D,N4340C,40,Food and beverage stores,2014,Persons,Level,3,"2,592",T60500D
T60500D,N4340C,40,Food and beverage stores,2015,Persons,Level,3,"2,665",T60500D
T60500D,N4340C,40,Food and beverage stores,2016,Persons,Level,3,"2,688",T60500D
T60500D,N4340C,40,Food and beverage stores,2017,Persons,Level,3,"2,702",T60500D
T60500D,N4340C,40,Food and beverage stores,2018,Persons,Level,3,"2,689",T60500D
T60500D,N4340C,40,Food and beverage stores,2019,Persons,Level,3,"2,695",T60500D
T60500D,N4340C,40,Food and beverage stores,2020,Persons,Level,3,"2,732",T60500D
T60500D,N4340C,40,Food and beverage stores,2021,Persons,Level,3,"2,750",T60500D
T60500D,N4340C,40,Food and beverage stores,2022,Persons,Level,3,"2,760",T60500D
T60500D,N4340C,40,Food and beverage stores,2023,Persons,Level,3,"2,784",T60500D
T60500D,N4340C,40,Food and beverage stores,2024,Persons,Level,3,"2,780",T60500D
T60500D,N4341C,41,General merchandise stores,1998,Persons,Level,3,"2,223",T60500D
T60500D,N4341C,41,General merchandise stores,1999,Persons,Level,3,"2,274",T60500D
T60500D,N4341C,41,General merchandise stores,2000,Persons,Level,3,"2,360",T60500D
T60500D,N4341C,41,General merchandise stores,2001,Persons,Level,3,"2,457",T60500D
T60500D,N4341C,41,General merchandise stores,2002,Persons,Level,3,"2,444",T60500D
T60500D,N4341C,41,General merchandise stores,2003,Persons,Level,3,"2,449",T60500D
T60500D,N4341C,41,General merchandise stores,2004,Persons,Level,3,"2,475",T60500D
T60500D,N4341C,41,General merchandise stores,2005,Persons,Level,3,"2,559",T60500D
T60500D,N4341C,41,General merchandise stores,2006,Persons,Level,3,"2,581",T60500D
T60500D,N4341C,41,General merchandise stores,2007,Persons,Level,3,"2,638",T60500D
T60500D,N4341C,41,General merchandise stores,2008,Persons,Level,3,"2,650",T60500D
T60500D,N4341C,41,General merchandise stores,2009,Persons,Level,3,"2,588",T60500D
T60500D,N4341C,41,General merchandise stores,2010,Persons,Level,3,"2,552",T60500D
T60500D,N4341C,41,General merchandise stores,2011,Persons,Level,3,"2,644",T60500D
T60500D,N4341C,41,General merchandise stores,2012,Persons,Level,3,"2,665",T60500D
T60500D,N4341C,41,General merchandise stores,2013,Persons,Level,3,"2,643",T60500D
T60500D,N4341C,41,General merchandise stores,2014,Persons,Level,3,"2,682",T60500D
T60500D,N4341C,41,General merchandise stores,2015,Persons,Level,3,"2,748",T60500D
T60500D,N4341C,41,General merchandise stores,2016,Persons,Level,3,"2,785",T60500D
T60500D,N4341C,41,General merchandise stores,2017,Persons,Level,3,"2,712",T60500D
T60500D,N4341C,41,General merchandise stores,2018,Persons,Level,3,"2,697",T60500D
T60500D,N4341C,41,General merchandise stores,2019,Persons,Level,3,"2,643",T60500D
T60500D,N4341C,41,General merchandise stores,2020,Persons,Level,3,"2,577",T60500D
T60500D,N4341C,41,General merchandise stores,2021,Persons,Level,3,"2,686",T60500D
T60500D,N4341C,41,General merchandise stores,2022,Persons,Level,3,"2,741",T60500D
T60500D,N4341C,41,General merchandise stores,2023,Persons,Level,3,"2,752",T60500D
T60500D,N4341C,41,General merchandise stores,2024,Persons,Level,3,"2,793",T60500D
T60500D,N4342C,42,Other retail,1998,Persons,Level,3,"6,097","T60500D,T60500D.3"
T60500D,N4342C,42,Other retail,1999,Persons,Level,3,"6,310","T60500D,T60500D.3"
T60500D,N4342C,42,Other retail,2000,Persons,Level,3,"6,511","T60500D,T60500D.3"
T60500D,N4342C,42,Other retail,2001,Persons,Level,3,"6,696","T60500D,T60500D.3"
T60500D,N4342C,42,Other retail,2002,Persons,Level,3,"6,591","T60500D,T60500D.3"
T60500D,N4342C,42,Other retail,2003,Persons,Level,3,"6,524","T60500D,T60500D.3"
T60500D,N4342C,42,Other retail,2004,Persons,Level,3,"6,588","T60500D,T60500D.3"
T60500D,N4342C,42,Other retail,2005,Persons,Level,3,"6,706","T60500D,T60500D.3"
T60500D,N4342C,42,Other retail,2006,Persons,Level,3,"6,800","T60500D,T60500D.3"
T60500D,N4342C,42,Other retail,2007,Persons,Level,3,"6,836","T60500D,T60500D.3"
T60500D,N4342C,42,Other retail,2008,Persons,Level,3,"6,649","T60500D,T60500D.3"
T60500D,N4342C,42,Other retail,2009,Persons,Level,3,"6,153","T60500D,T60500D.3"
T60500D,N4342C,42,Other retail,2010,Persons,Level,3,"6,072","T60500D,T60500D.3"
T60500D,N4342C,42,Other retail,2011,Persons,Level,3,"6,086","T60500D,T60500D.3"
T60500D,N4342C,42,Other retail,2012,Persons,Level,3,"6,206","T60500D,T60500D.3"
T60500D,N4342C,42,Other retail,2013,Persons,Level,3,"6,299","T60500D,T60500D.3"
T60500D,N4342C,42,Other retail,2014,Persons,Level,3,"6,372","T60500D,T60500D.3"
T60500D,N4342C,42,Other retail,2015,Persons,Level,3,"6,505","T60500D,T60500D.3"
T60500D,N4342C,42,Other retail,2016,Persons,Level,3,"6,596","T60500D,T60500D.3"
T60500D,N4342C,42,Other retail,2017,Persons,Level,3,"6,689","T60500D,T60500D.3"
T60500D,N4342C,42,Other retail,2018,Persons,Level,3,"6,661","T60500D,T60500D.3"
T60500D,N4342C,42,Other retail,2019,Persons,Level,3,"6,601","T60500D,T60500D.3"
T60500D,N4342C,42,Other retail,2020,Persons,Level,3,"6,064","T60500D,T60500D.3"
T60500D,N4342C,42,Other retail,2021,Persons,Level,3,"6,408","T60500D,T60500D.3"
T60500D,N4342C,42,Other retail,2022,Persons,Level,3,"6,565","T60500D,T60500D.3"
T60500D,N4342C,42,Other retail,2023,Persons,Level,3,"6,498","T60500D,T60500D.3"
T60500D,N4342C,42,Other retail,2024,Persons,Level,3,"6,390","T60500D,T60500D.3"
T60500D,N4343C,43,Transportation and warehousing,1998,Persons,Level,3,"4,051",T60500D
T60500D,N4343C,43,Transportation and warehousing,1999,Persons,Level,3,"4,133",T60500D
T60500D,N4343C,43,Transportation and warehousing,2000,Persons,Level,3,"4,215",T60500D
T60500D,N4343C,43,Transportation and warehousing,2001,Persons,Level,3,"4,196",T60500D
T60500D,N4343C,43,Transportation and warehousing,2002,Persons,Level,3,"4,060",T60500D
T60500D,N4343C,43,Transportation and warehousing,2003,Persons,Level,3,"4,016",T60500D
T60500D,N4343C,43,Transportation and warehousing,2004,Persons,Level,3,"4,079",T60500D
T60500D,N4343C,43,Transportation and warehousing,2005,Persons,Level,3,"4,181",T60500D
T60500D,N4343C,43,Transportation and warehousing,2006,Persons,Level,3,"4,263",T60500D
T60500D,N4343C,43,Transportation and warehousing,2007,Persons,Level,3,"4,325",T60500D
T60500D,N4343C,43,Transportation and warehousing,2008,Persons,Level,3,"4,298",T60500D
T60500D,N4343C,43,Transportation and warehousing,2009,Persons,Level,3,"3,979",T60500D
T60500D,N4343C,43,Transportation and warehousing,2010,Persons,Level,3,"3,930",T60500D
T60500D,N4343C,43,Transportation and warehousing,2011,Persons,Level,3,"4,042",T60500D
T60500D,N4343C,43,Transportation and warehousing,2012,Persons,Level,3,"4,188",T60500D
T60500D,N4343C,43,Transportation and warehousing,2013,Persons,Level,3,"4,249",T60500D
T60500D,N4343C,43,Transportation and warehousing,2014,Persons,Level,3,"4,420",T60500D
T60500D,N4343C,43,Transportation and warehousing,2015,Persons,Level,3,"4,635",T60500D
T60500D,N4343C,43,Transportation and warehousing,2016,Persons,Level,3,"4,725",T60500D
T60500D,N4343C,43,Transportation and warehousing,2017,Persons,Level,3,"4,902",T60500D
T60500D,N4343C,43,Transportation and warehousing,2018,Persons,Level,3,"5,138",T60500D
T60500D,N4343C,43,Transportation and warehousing,2019,Persons,Level,3,"5,419",T60500D
T60500D,N4343C,43,Transportation and warehousing,2020,Persons,Level,3,"5,433",T60500D
T60500D,N4343C,43,Transportation and warehousing,2021,Persons,Level,3,"5,802",T60500D
T60500D,N4343C,43,Transportation and warehousing,2022,Persons,Level,3,"6,222",T60500D
T60500D,N4343C,43,Transportation and warehousing,2023,Persons,Level,3,"6,282",T60500D
T60500D,N4343C,43,Transportation and warehousing,2024,Persons,Level,3,"6,275",T60500D
T60500D,N4344C,44,Air transportation,1998,Persons,Level,3,530,T60500D
T60500D,N4344C,44,Air transportation,1999,Persons,Level,3,552,T60500D
T60500D,N4344C,44,Air transportation,2000,Persons,Level,3,575,T60500D
T60500D,N4344C,44,Air transportation,2001,Persons,Level,3,586,T60500D
T60500D,N4344C,44,Air transportation,2002,Persons,Level,3,536,T60500D
T60500D,N4344C,44,Air transportation,2003,Persons,Level,3,504,T60500D
T60500D,N4344C,44,Air transportation,2004,Persons,Level,3,490,T60500D
T60500D,N4344C,44,Air transportation,2005,Persons,Level,3,478,T60500D
T60500D,N4344C,44,Air transportation,2006,Persons,Level,3,460,T60500D
T60500D,N4344C,44,Air transportation,2007,Persons,Level,3,467,T60500D
T60500D,N4344C,44,Air transportation,2008,Persons,Level,3,466,T60500D
T60500D,N4344C,44,Air transportation,2009,Persons,Level,3,436,T60500D
T60500D,N4344C,44,Air transportation,2010,Persons,Level,3,424,T60500D
T60500D,N4344C,44,Air transportation,2011,Persons,Level,3,431,T60500D
T60500D,N4344C,44,Air transportation,2012,Persons,Level,3,438,T60500D
T60500D,N4344C,44,Air transportation,2013,Persons,Level,3,426,T60500D
T60500D,N4344C,44,Air transportation,2014,Persons,Level,3,427,T60500D
T60500D,N4344C,44,Air transportation,2015,Persons,Level,3,439,T60500D
T60500D,N4344C,44,Air transportation,2016,Persons,Level,3,450,T60500D
T60500D,N4344C,44,Air transportation,2017,Persons,Level,3,468,T60500D
T60500D,N4344C,44,Air transportation,2018,Persons,Level,3,482,T60500D
T60500D,N4344C,44,Air transportation,2019,Persons,Level,3,485,T60500D
T60500D,N4344C,44,Air transportation,2020,Persons,Level,3,443,T60500D
T60500D,N4344C,44,Air transportation,2021,Persons,Level,3,439,T60500D
T60500D,N4344C,44,Air transportation,2022,Persons,Level,3,486,T60500D
T60500D,N4344C,44,Air transportation,2023,Persons,Level,3,529,T60500D
T60500D,N4344C,44,Air transportation,2024,Persons,Level,3,537,T60500D
T60500D,N4345C,45,Rail transportation,1998,Persons,Level,3,212,T60500D
T60500D,N4345C,45,Rail transportation,1999,Persons,Level,3,207,T60500D
T60500D,N4345C,45,Rail transportation,2000,Persons,Level,3,198,T60500D
T60500D,N4345C,45,Rail transportation,2001,Persons,Level,3,191,T60500D
T60500D,N4345C,45,Rail transportation,2002,Persons,Level,3,184,T60500D
T60500D,N4345C,45,Rail transportation,2003,Persons,Level,3,180,T60500D
T60500D,N4345C,45,Rail transportation,2004,Persons,Level,3,180,T60500D
T60500D,N4345C,45,Rail transportation,2005,Persons,Level,3,188,T60500D
T60500D,N4345C,45,Rail transportation,2006,Persons,Level,3,192,T60500D
T60500D,N4345C,45,Rail transportation,2007,Persons,Level,3,190,T60500D
T60500D,N4345C,45,Rail transportation,2008,Persons,Level,3,189,T60500D
T60500D,N4345C,45,Rail transportation,2009,Persons,Level,3,177,T60500D
T60500D,N4345C,45,Rail transportation,2010,Persons,Level,3,175,T60500D
T60500D,N4345C,45,Rail transportation,2011,Persons,Level,3,183,T60500D
T60500D,N4345C,45,Rail transportation,2012,Persons,Level,3,188,T60500D
T60500D,N4345C,45,Rail transportation,2013,Persons,Level,3,188,T60500D
T60500D,N4345C,45,Rail transportation,2014,Persons,Level,3,193,T60500D
T60500D,N4345C,45,Rail transportation,2015,Persons,Level,3,196,T60500D
T60500D,N4345C,45,Rail transportation,2016,Persons,Level,3,179,T60500D
T60500D,N4345C,45,Rail transportation,2017,Persons,Level,3,173,T60500D
T60500D,N4345C,45,Rail transportation,2018,Persons,Level,3,172,T60500D
T60500D,N4345C,45,Rail transportation,2019,Persons,Level,3,166,T60500D
T60500D,N4345C,45,Rail transportation,2020,Persons,Level,3,147,T60500D
T60500D,N4345C,45,Rail transportation,2021,Persons,Level,3,139,T60500D
T60500D,N4345C,45,Rail transportation,2022,Persons,Level,3,142,T60500D
T60500D,N4345C,45,Rail transportation,2023,Persons,Level,3,151,T60500D
T60500D,N4345C,45,Rail transportation,2024,Persons,Level,3,151,T60500D
T60500D,N4346C,46,Water transportation,1998,Persons,Level,3,49,T60500D
T60500D,N4346C,46,Water transportation,1999,Persons,Level,3,49,T60500D
T60500D,N4346C,46,Water transportation,2000,Persons,Level,3,49,T60500D
T60500D,N4346C,46,Water transportation,2001,Persons,Level,3,50,T60500D
T60500D,N4346C,46,Water transportation,2002,Persons,Level,3,51,T60500D
T60500D,N4346C,46,Water transportation,2003,Persons,Level,3,52,T60500D
T60500D,N4346C,46,Water transportation,2004,Persons,Level,3,53,T60500D
T60500D,N4346C,46,Water transportation,2005,Persons,Level,3,58,T60500D
T60500D,N4346C,46,Water transportation,2006,Persons,Level,3,59,T60500D
T60500D,N4346C,46,Water transportation,2007,Persons,Level,3,62,T60500D
T60500D,N4346C,46,Water transportation,2008,Persons,Level,3,64,T60500D
T60500D,N4346C,46,Water transportation,2009,Persons,Level,3,60,T60500D
T60500D,N4346C,46,Water transportation,2010,Persons,Level,3,60,T60500D
T60500D,N4346C,46,Water transportation,2011,Persons,Level,3,60,T60500D
T60500D,N4346C,46,Water transportation,2012,Persons,Level,3,62,T60500D
T60500D,N4346C,46,Water transportation,2013,Persons,Level,3,63,T60500D
T60500D,N4346C,46,Water transportation,2014,Persons,Level,3,65,T60500D
T60500D,N4346C,46,Water transportation,2015,Persons,Level,3,65,T60500D
T60500D,N4346C,46,Water transportation,2016,Persons,Level,3,62,T60500D
T60500D,N4346C,46,Water transportation,2017,Persons,Level,3,61,T60500D
T60500D,N4346C,46,Water transportation,2018,Persons,Level,3,61,T60500D
T60500D,N4346C,46,Water transportation,2019,Persons,Level,3,63,T60500D
T60500D,N4346C,46,Water transportation,2020,Persons,Level,3,56,T60500D
T60500D,N4346C,46,Water transportation,2021,Persons,Level,3,55,T60500D
T60500D,N4346C,46,Water transportation,2022,Persons,Level,3,60,T60500D
T60500D,N4346C,46,Water transportation,2023,Persons,Level,3,63,T60500D
T60500D,N4346C,46,Water transportation,2024,Persons,Level,3,64,T60500D
T60500D,N4347C,47,Truck transportation,1998,Persons,Level,3,"1,316",T60500D
T60500D,N4347C,47,Truck transportation,1999,Persons,Level,3,"1,345",T60500D
T60500D,N4347C,47,Truck transportation,2000,Persons,Level,3,"1,369",T60500D
T60500D,N4347C,47,Truck transportation,2001,Persons,Level,3,"1,352",T60500D
T60500D,N4347C,47,Truck transportation,2002,Persons,Level,3,"1,308",T60500D
T60500D,N4347C,47,Truck transportation,2003,Persons,Level,3,"1,295",T60500D
T60500D,N4347C,47,Truck transportation,2004,Persons,Level,3,"1,324",T60500D
T60500D,N4347C,47,Truck transportation,2005,Persons,Level,3,"1,361",T60500D
T60500D,N4347C,47,Truck transportation,2006,Persons,Level,3,"1,391",T60500D
T60500D,N4347C,47,Truck transportation,2007,Persons,Level,3,"1,396",T60500D
T60500D,N4347C,47,Truck transportation,2008,Persons,Level,3,"1,350",T60500D
T60500D,N4347C,47,Truck transportation,2009,Persons,Level,3,"1,213",T60500D
T60500D,N4347C,47,Truck transportation,2010,Persons,Level,3,"1,197",T60500D
T60500D,N4347C,47,Truck transportation,2011,Persons,Level,3,"1,247",T60500D
T60500D,N4347C,47,Truck transportation,2012,Persons,Level,3,"1,301",T60500D
T60500D,N4347C,47,Truck transportation,2013,Persons,Level,3,"1,320",T60500D
T60500D,N4347C,47,Truck transportation,2014,Persons,Level,3,"1,367",T60500D
T60500D,N4347C,47,Truck transportation,2015,Persons,Level,3,"1,402",T60500D
T60500D,N4347C,47,Truck transportation,2016,Persons,Level,3,"1,387",T60500D
T60500D,N4347C,47,Truck transportation,2017,Persons,Level,3,"1,397",T60500D
T60500D,N4347C,47,Truck transportation,2018,Persons,Level,3,"1,435",T60500D
T60500D,N4347C,47,Truck transportation,2019,Persons,Level,3,"1,470",T60500D
T60500D,N4347C,47,Truck transportation,2020,Persons,Level,3,"1,410",T60500D
T60500D,N4347C,47,Truck transportation,2021,Persons,Level,3,"1,440",T60500D
T60500D,N4347C,47,Truck transportation,2022,Persons,Level,3,"1,498",T60500D
T60500D,N4347C,47,Truck transportation,2023,Persons,Level,3,"1,493",T60500D
T60500D,N4347C,47,Truck transportation,2024,Persons,Level,3,"1,445",T60500D
T60500D,N4348C,48,Transit and ground passenger transportation,1998,Persons,Level,3,366,T60500D
T60500D,N4348C,48,Transit and ground passenger transportation,1999,Persons,Level,3,377,T60500D
T60500D,N4348C,48,Transit and ground passenger transportation,2000,Persons,Level,3,373,T60500D
T60500D,N4348C,48,Transit and ground passenger transportation,2001,Persons,Level,3,369,T60500D
T60500D,N4348C,48,Transit and ground passenger transportation,2002,Persons,Level,3,371,T60500D
T60500D,N4348C,48,Transit and ground passenger transportation,2003,Persons,Level,3,371,T60500D
T60500D,N4348C,48,Transit and ground passenger transportation,2004,Persons,Level,3,377,T60500D
T60500D,N4348C,48,Transit and ground passenger transportation,2005,Persons,Level,3,384,T60500D
T60500D,N4348C,48,Transit and ground passenger transportation,2006,Persons,Level,3,391,T60500D
T60500D,N4348C,48,Transit and ground passenger transportation,2007,Persons,Level,3,399,T60500D
T60500D,N4348C,48,Transit and ground passenger transportation,2008,Persons,Level,3,409,T60500D
T60500D,N4348C,48,Transit and ground passenger transportation,2009,Persons,Level,3,405,T60500D
T60500D,N4348C,48,Transit and ground passenger transportation,2010,Persons,Level,3,406,T60500D
T60500D,N4348C,48,Transit and ground passenger transportation,2011,Persons,Level,3,417,T60500D
T60500D,N4348C,48,Transit and ground passenger transportation,2012,Persons,Level,3,428,T60500D
T60500D,N4348C,48,Transit and ground passenger transportation,2013,Persons,Level,3,432,T60500D
T60500D,N4348C,48,Transit and ground passenger transportation,2014,Persons,Level,3,451,T60500D
T60500D,N4348C,48,Transit and ground passenger transportation,2015,Persons,Level,3,462,T60500D
T60500D,N4348C,48,Transit and ground passenger transportation,2016,Persons,Level,3,458,T60500D
T60500D,N4348C,48,Transit and ground passenger transportation,2017,Persons,Level,3,462,T60500D
T60500D,N4348C,48,Transit and ground passenger transportation,2018,Persons,Level,3,465,T60500D
T60500D,N4348C,48,Transit and ground passenger transportation,2019,Persons,Level,3,476,T60500D
T60500D,N4348C,48,Transit and ground passenger transportation,2020,Persons,Level,3,350,T60500D
T60500D,N4348C,48,Transit and ground passenger transportation,2021,Persons,Level,3,367,T60500D
T60500D,N4348C,48,Transit and ground passenger transportation,2022,Persons,Level,3,394,T60500D
T60500D,N4348C,48,Transit and ground passenger transportation,2023,Persons,Level,3,427,T60500D
T60500D,N4348C,48,Transit and ground passenger transportation,2024,Persons,Level,3,449,T60500D
T60500D,N4349C,49,Pipeline transportation,1998,Persons,Level,3,48,T60500D
T60500D,N4349C,49,Pipeline transportation,1999,Persons,Level,3,45,T60500D
T60500D,N4349C,49,Pipeline transportation,2000,Persons,Level,3,44,T60500D
T60500D,N4349C,49,Pipeline transportation,2001,Persons,Level,3,42,T60500D
T60500D,N4349C,49,Pipeline transportation,2002,Persons,Level,3,40,T60500D
T60500D,N4349C,49,Pipeline transportation,2003,Persons,Level,3,38,T60500D
T60500D,N4349C,49,Pipeline transportation,2004,Persons,Level,3,36,T60500D
T60500D,N4349C,49,Pipeline transportation,2005,Persons,Level,3,36,T60500D
T60500D,N4349C,49,Pipeline transportation,2006,Persons,Level,3,37,T60500D
T60500D,N4349C,49,Pipeline transportation,2007,Persons,Level,3,38,T60500D
T60500D,N4349C,49,Pipeline transportation,2008,Persons,Level,3,39,T60500D
T60500D,N4349C,49,Pipeline transportation,2009,Persons,Level,3,39,T60500D
T60500D,N4349C,49,Pipeline transportation,2010,Persons,Level,3,40,T60500D
T60500D,N4349C,49,Pipeline transportation,2011,Persons,Level,3,40,T60500D
T60500D,N4349C,49,Pipeline transportation,2012,Persons,Level,3,42,T60500D
T60500D,N4349C,49,Pipeline transportation,2013,Persons,Level,3,41,T60500D
T60500D,N4349C,49,Pipeline transportation,2014,Persons,Level,3,44,T60500D
T60500D,N4349C,49,Pipeline transportation,2015,Persons,Level,3,46,T60500D
T60500D,N4349C,49,Pipeline transportation,2016,Persons,Level,3,46,T60500D
T60500D,N4349C,49,Pipeline transportation,2017,Persons,Level,3,47,T60500D
T60500D,N4349C,49,Pipeline transportation,2018,Persons,Level,3,47,T60500D
T60500D,N4349C,49,Pipeline transportation,2019,Persons,Level,3,48,T60500D
T60500D,N4349C,49,Pipeline transportation,2020,Persons,Level,3,48,T60500D
T60500D,N4349C,49,Pipeline transportation,2021,Persons,Level,3,46,T60500D
T60500D,N4349C,49,Pipeline transportation,2022,Persons,Level,3,47,T60500D
T60500D,N4349C,49,Pipeline transportation,2023,Persons,Level,3,50,T60500D
T60500D,N4349C,49,Pipeline transportation,2024,Persons,Level,3,51,T60500D
T60500D,N4350C,50,Other transportation and support activities,1998,Persons,Level,3,"1,073","T60500D,T60500D.4"
T60500D,N4350C,50,Other transportation and support activities,1999,Persons,Level,3,"1,090","T60500D,T60500D.4"
T60500D,N4350C,50,Other transportation and support activities,2000,Persons,Level,3,"1,121","T60500D,T60500D.4"
T60500D,N4350C,50,Other transportation and support activities,2001,Persons,Level,3,"1,114","T60500D,T60500D.4"
T60500D,N4350C,50,Other transportation and support activities,2002,Persons,Level,3,"1,071","T60500D,T60500D.4"
T60500D,N4350C,50,Other transportation and support activities,2003,Persons,Level,3,"1,065","T60500D,T60500D.4"
T60500D,N4350C,50,Other transportation and support activities,2004,Persons,Level,3,"1,075","T60500D,T60500D.4"
T60500D,N4350C,50,Other transportation and support activities,2005,Persons,Level,3,"1,101","T60500D,T60500D.4"
T60500D,N4350C,50,Other transportation and support activities,2006,Persons,Level,3,"1,125","T60500D,T60500D.4"
T60500D,N4350C,50,Other transportation and support activities,2007,Persons,Level,3,"1,141","T60500D,T60500D.4"
T60500D,N4350C,50,Other transportation and support activities,2008,Persons,Level,3,"1,143","T60500D,T60500D.4"
T60500D,N4350C,50,Other transportation and support activities,2009,Persons,Level,3,"1,049","T60500D,T60500D.4"
T60500D,N4350C,50,Other transportation and support activities,2010,Persons,Level,3,"1,032","T60500D,T60500D.4"
T60500D,N4350C,50,Other transportation and support activities,2011,Persons,Level,3,"1,055","T60500D,T60500D.4"
T60500D,N4350C,50,Other transportation and support activities,2012,Persons,Level,3,"1,086","T60500D,T60500D.4"
T60500D,N4350C,50,Other transportation and support activities,2013,Persons,Level,3,"1,106","T60500D,T60500D.4"
T60500D,N4350C,50,Other transportation and support activities,2014,Persons,Level,3,"1,165","T60500D,T60500D.4"
T60500D,N4350C,50,Other transportation and support activities,2015,Persons,Level,3,"1,234","T60500D,T60500D.4"
T60500D,N4350C,50,Other transportation and support activities,2016,Persons,Level,3,"1,265","T60500D,T60500D.4"
T60500D,N4350C,50,Other transportation and support activities,2017,Persons,Level,3,"1,322","T60500D,T60500D.4"
T60500D,N4350C,50,Other transportation and support activities,2018,Persons,Level,3,"1,397","T60500D,T60500D.4"
T60500D,N4350C,50,Other transportation and support activities,2019,Persons,Level,3,"1,531","T60500D,T60500D.4"
T60500D,N4350C,50,Other transportation and support activities,2020,Persons,Level,3,"1,594","T60500D,T60500D.4"
T60500D,N4350C,50,Other transportation and support activities,2021,Persons,Level,3,"1,727","T60500D,T60500D.4"
T60500D,N4350C,50,Other transportation and support activities,2022,Persons,Level,3,"1,814","T60500D,T60500D.4"
T60500D,N4350C,50,Other transportation and support activities,2023,Persons,Level,3,"1,823","T60500D,T60500D.4"
T60500D,N4350C,50,Other transportation and support activities,2024,Persons,Level,3,"1,819","T60500D,T60500D.4"
T60500D,N4351C,51,Warehousing and storage,1998,Persons,Level,3,456,T60500D
T60500D,N4351C,51,Warehousing and storage,1999,Persons,Level,3,468,T60500D
T60500D,N4351C,51,Warehousing and storage,2000,Persons,Level,3,487,T60500D
T60500D,N4351C,51,Warehousing and storage,2001,Persons,Level,3,491,T60500D
T60500D,N4351C,51,Warehousing and storage,2002,Persons,Level,3,500,T60500D
T60500D,N4351C,51,Warehousing and storage,2003,Persons,Level,3,511,T60500D
T60500D,N4351C,51,Warehousing and storage,2004,Persons,Level,3,545,T60500D
T60500D,N4351C,51,Warehousing and storage,2005,Persons,Level,3,575,T60500D
T60500D,N4351C,51,Warehousing and storage,2006,Persons,Level,3,608,T60500D
T60500D,N4351C,51,Warehousing and storage,2007,Persons,Level,3,631,T60500D
T60500D,N4351C,51,Warehousing and storage,2008,Persons,Level,3,639,T60500D
T60500D,N4351C,51,Warehousing and storage,2009,Persons,Level,3,600,T60500D
T60500D,N4351C,51,Warehousing and storage,2010,Persons,Level,3,595,T60500D
T60500D,N4351C,51,Warehousing and storage,2011,Persons,Level,3,608,T60500D
T60500D,N4351C,51,Warehousing and storage,2012,Persons,Level,3,643,T60500D
T60500D,N4351C,51,Warehousing and storage,2013,Persons,Level,3,672,T60500D
T60500D,N4351C,51,Warehousing and storage,2014,Persons,Level,3,708,T60500D
T60500D,N4351C,51,Warehousing and storage,2015,Persons,Level,3,791,T60500D
T60500D,N4351C,51,Warehousing and storage,2016,Persons,Level,3,878,T60500D
T60500D,N4351C,51,Warehousing and storage,2017,Persons,Level,3,972,T60500D
T60500D,N4351C,51,Warehousing and storage,2018,Persons,Level,3,"1,080",T60500D
T60500D,N4351C,51,Warehousing and storage,2019,Persons,Level,3,"1,180",T60500D
T60500D,N4351C,51,Warehousing and storage,2020,Persons,Level,3,"1,386",T60500D
T60500D,N4351C,51,Warehousing and storage,2021,Persons,Level,3,"1,589",T60500D
T60500D,N4351C,51,Warehousing and storage,2022,Persons,Level,3,"1,781",T60500D
T60500D,N4351C,51,Warehousing and storage,2023,Persons,Level,3,"1,747",T60500D
T60500D,N4351C,51,Warehousing and storage,2024,Persons,Level,3,"1,760",T60500D
T60500D,N4352C,52,Information,1998,Persons,Level,3,"3,035",T60500D
T60500D,N4352C,52,Information,1999,Persons,Level,3,"3,187",T60500D
T60500D,N4352C,52,Information,2000,Persons,Level,3,"3,410",T60500D
T60500D,N4352C,52,Information,2001,Persons,Level,3,"3,410",T60500D
T60500D,N4352C,52,Information,2002,Persons,Level,3,"3,154",T60500D
T60500D,N4352C,52,Information,2003,Persons,Level,3,"2,971",T60500D
T60500D,N4352C,52,Information,2004,Persons,Level,3,"2,883",T60500D
T60500D,N4352C,52,Information,2005,Persons,Level,3,"2,857",T60500D
T60500D,N4352C,52,Information,2006,Persons,Level,3,"2,859",T60500D
T60500D,N4352C,52,Information,2007,Persons,Level,3,"2,853",T60500D
T60500D,N4352C,52,Information,2008,Persons,Level,3,"2,799",T60500D
T60500D,N4352C,52,Information,2009,Persons,Level,3,"2,627",T60500D
T60500D,N4352C,52,Information,2010,Persons,Level,3,"2,512",T60500D
T60500D,N4352C,52,Information,2011,Persons,Level,3,"2,519",T60500D
T60500D,N4352C,52,Information,2012,Persons,Level,3,"2,511",T60500D
T60500D,N4352C,52,Information,2013,Persons,Level,3,"2,533",T60500D
T60500D,N4352C,52,Information,2014,Persons,Level,3,"2,569",T60500D
T60500D,N4352C,52,Information,2015,Persons,Level,3,"2,576",T60500D
T60500D,N4352C,52,Information,2016,Persons,Level,3,"2,632",T60500D
T60500D,N4352C,52,Information,2017,Persons,Level,3,"2,613",T60500D
T60500D,N4352C,52,Information,2018,Persons,Level,3,"2,628",T60500D
T60500D,N4352C,52,Information,2019,Persons,Level,3,"2,642",T60500D
T60500D,N4352C,52,Information,2020,Persons,Level,3,"2,536",T60500D
T60500D,N4352C,52,Information,2021,Persons,Level,3,"2,649",T60500D
T60500D,N4352C,52,Information,2022,Persons,Level,3,"2,869",T60500D
T60500D,N4352C,52,Information,2023,Persons,Level,3,"2,835",T60500D
T60500D,N4352C,52,Information,2024,Persons,Level,3,"2,753",T60500D
T60500D,N4353C,53,Publishing industries (includes software),1998,Persons,Level,3,906,T60500D
T60500D,N4353C,53,Publishing industries (includes software),1999,Persons,Level,3,929,T60500D
T60500D,N4353C,53,Publishing industries (includes software),2000,Persons,Level,3,962,T60500D
T60500D,N4353C,53,Publishing industries (includes software),2001,Persons,Level,3,926,T60500D
T60500D,N4353C,53,Publishing industries (includes software),2002,Persons,Level,3,873,T60500D
T60500D,N4353C,53,Publishing industries (includes software),2003,Persons,Level,3,840,T60500D
T60500D,N4353C,53,Publishing industries (includes software),2004,Persons,Level,3,814,T60500D
T60500D,N4353C,53,Publishing industries (includes software),2005,Persons,Level,3,818,T60500D
T60500D,N4353C,53,Publishing industries (includes software),2006,Persons,Level,3,832,T60500D
T60500D,N4353C,53,Publishing industries (includes software),2007,Persons,Level,3,839,T60500D
T60500D,N4353C,53,Publishing industries (includes software),2008,Persons,Level,3,807,T60500D
T60500D,N4353C,53,Publishing industries (includes software),2009,Persons,Level,3,728,T60500D
T60500D,N4353C,53,Publishing industries (includes software),2010,Persons,Level,3,690,T60500D
T60500D,N4353C,53,Publishing industries (includes software),2011,Persons,Level,3,692,T60500D
T60500D,N4353C,53,Publishing industries (includes software),2012,Persons,Level,3,680,T60500D
T60500D,N4353C,53,Publishing industries (includes software),2013,Persons,Level,3,670,T60500D
T60500D,N4353C,53,Publishing industries (includes software),2014,Persons,Level,3,680,T60500D
T60500D,N4353C,53,Publishing industries (includes software),2015,Persons,Level,3,671,T60500D
T60500D,N4353C,53,Publishing industries (includes software),2016,Persons,Level,3,681,T60500D
T60500D,N4353C,53,Publishing industries (includes software),2017,Persons,Level,3,676,T60500D
T60500D,N4353C,53,Publishing industries (includes software),2018,Persons,Level,3,680,T60500D
T60500D,N4353C,53,Publishing industries (includes software),2019,Persons,Level,3,698,T60500D
T60500D,N4353C,53,Publishing industries (includes software),2020,Persons,Level,3,712,T60500D
T60500D,N4353C,53,Publishing industries (includes software),2021,Persons,Level,3,735,T60500D
T60500D,N4353C,53,Publishing industries (includes software),2022,Persons,Level,3,814,T60500D
T60500D,N4353C,53,Publishing industries (includes software),2023,Persons,Level,3,820,T60500D
T60500D,N4353C,53,Publishing industries (includes software),2024,Persons,Level,3,785,T60500D
T60500D,N4354C,54,Motion picture and sound recording industries,1998,Persons,Level,3,309,T60500D
T60500D,N4354C,54,Motion picture and sound recording industries,1999,Persons,Level,3,319,T60500D
T60500D,N4354C,54,Motion picture and sound recording industries,2000,Persons,Level,3,308,T60500D
T60500D,N4354C,54,Motion picture and sound recording industries,2001,Persons,Level,3,345,T60500D
T60500D,N4354C,54,Motion picture and sound recording industries,2002,Persons,Level,3,330,T60500D
T60500D,N4354C,54,Motion picture and sound recording industries,2003,Persons,Level,3,322,T60500D
T60500D,N4354C,54,Motion picture and sound recording industries,2004,Persons,Level,3,323,T60500D
T60500D,N4354C,54,Motion picture and sound recording industries,2005,Persons,Level,3,320,T60500D
T60500D,N4354C,54,Motion picture and sound recording industries,2006,Persons,Level,3,312,T60500D
T60500D,N4354C,54,Motion picture and sound recording industries,2007,Persons,Level,3,316,T60500D
T60500D,N4354C,54,Motion picture and sound recording industries,2008,Persons,Level,3,328,T60500D
T60500D,N4354C,54,Motion picture and sound recording industries,2009,Persons,Level,3,314,T60500D
T60500D,N4354C,54,Motion picture and sound recording industries,2010,Persons,Level,3,309,T60500D
T60500D,N4354C,54,Motion picture and sound recording industries,2011,Persons,Level,3,318,T60500D
T60500D,N4354C,54,Motion picture and sound recording industries,2012,Persons,Level,3,317,T60500D
T60500D,N4354C,54,Motion picture and sound recording industries,2013,Persons,Level,3,330,T60500D
T60500D,N4354C,54,Motion picture and sound recording industries,2014,Persons,Level,3,326,T60500D
T60500D,N4354C,54,Motion picture and sound recording industries,2015,Persons,Level,3,349,T60500D
T60500D,N4354C,54,Motion picture and sound recording industries,2016,Persons,Level,3,384,T60500D
T60500D,N4354C,54,Motion picture and sound recording industries,2017,Persons,Level,3,370,T60500D
T60500D,N4354C,54,Motion picture and sound recording industries,2018,Persons,Level,3,368,T60500D
T60500D,N4354C,54,Motion picture and sound recording industries,2019,Persons,Level,3,389,T60500D
T60500D,N4354C,54,Motion picture and sound recording industries,2020,Persons,Level,3,270,T60500D
T60500D,N4354C,54,Motion picture and sound recording industries,2021,Persons,Level,3,324,T60500D
T60500D,N4354C,54,Motion picture and sound recording industries,2022,Persons,Level,3,399,T60500D
T60500D,N4354C,54,Motion picture and sound recording industries,2023,Persons,Level,3,341,T60500D
T60500D,N4354C,54,Motion picture and sound recording industries,2024,Persons,Level,3,343,T60500D
T60500D,N4355C,55,Broadcasting and telecommunications,1998,Persons,Level,3,"1,391",T60500D
T60500D,N4355C,55,Broadcasting and telecommunications,1999,Persons,Level,3,"1,462",T60500D
T60500D,N4355C,55,Broadcasting and telecommunications,2000,Persons,Level,3,"1,566",T60500D
T60500D,N4355C,55,Broadcasting and telecommunications,2001,Persons,Level,3,"1,603",T60500D
T60500D,N4355C,55,Broadcasting and telecommunications,2002,Persons,Level,3,"1,477",T60500D
T60500D,N4355C,55,Broadcasting and telecommunications,2003,Persons,Level,3,"1,371",T60500D
T60500D,N4355C,55,Broadcasting and telecommunications,2004,Persons,Level,3,"1,323",T60500D
T60500D,N4355C,55,Broadcasting and telecommunications,2005,Persons,Level,3,"1,289",T60500D
T60500D,N4355C,55,Broadcasting and telecommunications,2006,Persons,Level,3,"1,270",T60500D
T60500D,N4355C,55,Broadcasting and telecommunications,2007,Persons,Level,3,"1,331",T60500D
T60500D,N4355C,55,Broadcasting and telecommunications,2008,Persons,Level,3,"1,299",T60500D
T60500D,N4355C,55,Broadcasting and telecommunications,2009,Persons,Level,3,"1,235",T60500D
T60500D,N4355C,55,Broadcasting and telecommunications,2010,Persons,Level,3,"1,163",T60500D
T60500D,N4355C,55,Broadcasting and telecommunications,2011,Persons,Level,3,"1,141",T60500D
T60500D,N4355C,55,Broadcasting and telecommunications,2012,Persons,Level,3,"1,116",T60500D
T60500D,N4355C,55,Broadcasting and telecommunications,2013,Persons,Level,3,"1,107",T60500D
T60500D,N4355C,55,Broadcasting and telecommunications,2014,Persons,Level,3,"1,110",T60500D
T60500D,N4355C,55,Broadcasting and telecommunications,2015,Persons,Level,3,"1,064",T60500D
T60500D,N4355C,55,Broadcasting and telecommunications,2016,Persons,Level,3,"1,054",T60500D
T60500D,N4355C,55,Broadcasting and telecommunications,2017,Persons,Level,3,"1,026",T60500D
T60500D,N4355C,55,Broadcasting and telecommunications,2018,Persons,Level,3,"1,000",T60500D
T60500D,N4355C,55,Broadcasting and telecommunications,2019,Persons,Level,3,963,T60500D
T60500D,N4355C,55,Broadcasting and telecommunications,2020,Persons,Level,3,914,T60500D
T60500D,N4355C,55,Broadcasting and telecommunications,2021,Persons,Level,3,888,T60500D
T60500D,N4355C,55,Broadcasting and telecommunications,2022,Persons,Level,3,885,T60500D
T60500D,N4355C,55,Broadcasting and telecommunications,2023,Persons,Level,3,870,T60500D
T60500D,N4355C,55,Broadcasting and telecommunications,2024,Persons,Level,3,833,T60500D
T60500D,N4356C,56,Information and data processing services,1998,Persons,Level,3,429,T60500D
T60500D,N4356C,56,Information and data processing services,1999,Persons,Level,3,478,T60500D
T60500D,N4356C,56,Information and data processing services,2000,Persons,Level,3,573,T60500D
T60500D,N4356C,56,Information and data processing services,2001,Persons,Level,3,536,T60500D
T60500D,N4356C,56,Information and data processing services,2002,Persons,Level,3,475,T60500D
T60500D,N4356C,56,Information and data processing services,2003,Persons,Level,3,438,T60500D
T60500D,N4356C,56,Information and data processing services,2004,Persons,Level,3,423,T60500D
T60500D,N4356C,56,Information and data processing services,2005,Persons,Level,3,430,T60500D
T60500D,N4356C,56,Information and data processing services,2006,Persons,Level,3,445,T60500D
T60500D,N4356C,56,Information and data processing services,2007,Persons,Level,3,368,T60500D
T60500D,N4356C,56,Information and data processing services,2008,Persons,Level,3,366,T60500D
T60500D,N4356C,56,Information and data processing services,2009,Persons,Level,3,350,T60500D
T60500D,N4356C,56,Information and data processing services,2010,Persons,Level,3,350,T60500D
T60500D,N4356C,56,Information and data processing services,2011,Persons,Level,3,368,T60500D
T60500D,N4356C,56,Information and data processing services,2012,Persons,Level,3,397,T60500D
T60500D,N4356C,56,Information and data processing services,2013,Persons,Level,3,426,T60500D
T60500D,N4356C,56,Information and data processing services,2014,Persons,Level,3,453,T60500D
T60500D,N4356C,56,Information and data processing services,2015,Persons,Level,3,492,T60500D
T60500D,N4356C,56,Information and data processing services,2016,Persons,Level,3,514,T60500D
T60500D,N4356C,56,Information and data processing services,2017,Persons,Level,3,541,T60500D
T60500D,N4356C,56,Information and data processing services,2018,Persons,Level,3,580,T60500D
T60500D,N4356C,56,Information and data processing services,2019,Persons,Level,3,592,T60500D
T60500D,N4356C,56,Information and data processing services,2020,Persons,Level,3,640,T60500D
T60500D,N4356C,56,Information and data processing services,2021,Persons,Level,3,701,T60500D
T60500D,N4356C,56,Information and data processing services,2022,Persons,Level,3,770,T60500D
T60500D,N4356C,56,Information and data processing services,2023,Persons,Level,3,804,T60500D
T60500D,N4356C,56,Information and data processing services,2024,Persons,Level,3,791,T60500D
T60500D,N4357C,57,Finance and insurance,1998,Persons,Level,3,"5,318",T60500D
T60500D,N4357C,57,Finance and insurance,1999,Persons,Level,3,"5,408",T60500D
T60500D,N4357C,57,Finance and insurance,2000,Persons,Level,3,"5,403",T60500D
T60500D,N4357C,57,Finance and insurance,2001,Persons,Level,3,"5,591",T60500D
T60500D,N4357C,57,Finance and insurance,2002,Persons,Level,3,"5,592",T60500D
T60500D,N4357C,57,Finance and insurance,2003,Persons,Level,3,"5,697",T60500D
T60500D,N4357C,57,Finance and insurance,2004,Persons,Level,3,"5,733",T60500D
T60500D,N4357C,57,Finance and insurance,2005,Persons,Level,3,"5,819",T60500D
T60500D,N4357C,57,Finance and insurance,2006,Persons,Level,3,"5,952",T60500D
T60500D,N4357C,57,Finance and insurance,2007,Persons,Level,3,"5,929",T60500D
T60500D,N4357C,57,Finance and insurance,2008,Persons,Level,3,"5,814",T60500D
T60500D,N4357C,57,Finance and insurance,2009,Persons,Level,3,"5,559",T60500D
T60500D,N4357C,57,Finance and insurance,2010,Persons,Level,3,"5,506",T60500D
T60500D,N4357C,57,Finance and insurance,2011,Persons,Level,3,"5,580",T60500D
T60500D,N4357C,57,Finance and insurance,2012,Persons,Level,3,"5,662",T60500D
T60500D,N4357C,57,Finance and insurance,2013,Persons,Level,3,"5,714",T60500D
T60500D,N4357C,57,Finance and insurance,2014,Persons,Level,3,"5,774",T60500D
T60500D,N4357C,57,Finance and insurance,2015,Persons,Level,3,"5,897",T60500D
T60500D,N4357C,57,Finance and insurance,2016,Persons,Level,3,"5,964",T60500D
T60500D,N4357C,57,Finance and insurance,2017,Persons,Level,3,"6,103",T60500D
T60500D,N4357C,57,Finance and insurance,2018,Persons,Level,3,"6,171",T60500D
T60500D,N4357C,57,Finance and insurance,2019,Persons,Level,3,"6,296",T60500D
T60500D,N4357C,57,Finance and insurance,2020,Persons,Level,3,"6,347",T60500D
T60500D,N4357C,57,Finance and insurance,2021,Persons,Level,3,"6,413",T60500D
T60500D,N4357C,57,Finance and insurance,2022,Persons,Level,3,"6,554",T60500D
T60500D,N4357C,57,Finance and insurance,2023,Persons,Level,3,"6,576",T60500D
T60500D,N4357C,57,Finance and insurance,2024,Persons,Level,3,"6,556",T60500D
T60500D,N4358C,58,"Federal Reserve banks, credit intermediation, and related activities",1998,Persons,Level,3,"2,413",T60500D
T60500D,N4358C,58,"Federal Reserve banks, credit intermediation, and related activities",1999,Persons,Level,3,"2,452",T60500D
T60500D,N4358C,58,"Federal Reserve banks, credit intermediation, and related activities",2000,Persons,Level,3,"2,412",T60500D
T60500D,N4358C,58,"Federal Reserve banks, credit intermediation, and related activities",2001,Persons,Level,3,"2,533",T60500D
T60500D,N4358C,58,"Federal Reserve banks, credit intermediation, and related activities",2002,Persons,Level,3,"2,590",T60500D
T60500D,N4358C,58,"Federal Reserve banks, credit intermediation, and related activities",2003,Persons,Level,3,"2,692",T60500D
T60500D,N4358C,58,"Federal Reserve banks, credit intermediation, and related activities",2004,Persons,Level,3,"2,735",T60500D
T60500D,N4358C,58,"Federal Reserve banks, credit intermediation, and related activities",2005,Persons,Level,3,"2,793",T60500D
T60500D,N4358C,58,"Federal Reserve banks, credit intermediation, and related activities",2006,Persons,Level,3,"2,842",T60500D
T60500D,N4358C,58,"Federal Reserve banks, credit intermediation, and related activities",2007,Persons,Level,3,"2,789",T60500D
T60500D,N4358C,58,"Federal Reserve banks, credit intermediation, and related activities",2008,Persons,Level,3,"2,660",T60500D
T60500D,N4358C,58,"Federal Reserve banks, credit intermediation, and related activities",2009,Persons,Level,3,"2,529",T60500D
T60500D,N4358C,58,"Federal Reserve banks, credit intermediation, and related activities",2010,Persons,Level,3,"2,478",T60500D
T60500D,N4358C,58,"Federal Reserve banks, credit intermediation, and related activities",2011,Persons,Level,3,"2,483",T60500D
T60500D,N4358C,58,"Federal Reserve banks, credit intermediation, and related activities",2012,Persons,Level,3,"2,522",T60500D
T60500D,N4358C,58,"Federal Reserve banks, credit intermediation, and related activities",2013,Persons,Level,3,"2,553",T60500D
T60500D,N4358C,58,"Federal Reserve banks, credit intermediation, and related activities",2014,Persons,Level,3,"2,510",T60500D
T60500D,N4358C,58,"Federal Reserve banks, credit intermediation, and related activities",2015,Persons,Level,3,"2,518",T60500D
T60500D,N4358C,58,"Federal Reserve banks, credit intermediation, and related activities",2016,Persons,Level,3,"2,547",T60500D
T60500D,N4358C,58,"Federal Reserve banks, credit intermediation, and related activities",2017,Persons,Level,3,"2,601",T60500D
T60500D,N4358C,58,"Federal Reserve banks, credit intermediation, and related activities",2018,Persons,Level,3,"2,598",T60500D
T60500D,N4358C,58,"Federal Reserve banks, credit intermediation, and related activities",2019,Persons,Level,3,"2,615",T60500D
T60500D,N4358C,58,"Federal Reserve banks, credit intermediation, and related activities",2020,Persons,Level,3,"2,625",T60500D
T60500D,N4358C,58,"Federal Reserve banks, credit intermediation, and related activities",2021,Persons,Level,3,"2,671",T60500D
T60500D,N4358C,58,"Federal Reserve banks, credit intermediation, and related activities",2022,Persons,Level,3,"2,655",T60500D
T60500D,N4358C,58,"Federal Reserve banks, credit intermediation, and related activities",2023,Persons,Level,3,"2,583",T60500D
T60500D,N4358C,58,"Federal Reserve banks, credit intermediation, and related activities",2024,Persons,Level,3,"2,530",T60500D
T60500D,N4359C,59,"Securities, commodity contracts, and investments",1998,Persons,Level,3,754,T60500D
T60500D,N4359C,59,"Securities, commodity contracts, and investments",1999,Persons,Level,3,785,T60500D
T60500D,N4359C,59,"Securities, commodity contracts, and investments",2000,Persons,Level,3,841,T60500D
T60500D,N4359C,59,"Securities, commodity contracts, and investments",2001,Persons,Level,3,842,T60500D
T60500D,N4359C,59,"Securities, commodity contracts, and investments",2002,Persons,Level,3,793,T60500D
T60500D,N4359C,59,"Securities, commodity contracts, and investments",2003,Persons,Level,3,763,T60500D
T60500D,N4359C,59,"Securities, commodity contracts, and investments",2004,Persons,Level,3,774,T60500D
T60500D,N4359C,59,"Securities, commodity contracts, and investments",2005,Persons,Level,3,803,T60500D
T60500D,N4359C,59,"Securities, commodity contracts, and investments",2006,Persons,Level,3,831,T60500D
T60500D,N4359C,59,"Securities, commodity contracts, and investments",2007,Persons,Level,3,868,T60500D
T60500D,N4359C,59,"Securities, commodity contracts, and investments",2008,Persons,Level,3,886,T60500D
T60500D,N4359C,59,"Securities, commodity contracts, and investments",2009,Persons,Level,3,828,T60500D
T60500D,N4359C,59,"Securities, commodity contracts, and investments",2010,Persons,Level,3,816,T60500D
T60500D,N4359C,59,"Securities, commodity contracts, and investments",2011,Persons,Level,3,830,T60500D
T60500D,N4359C,59,"Securities, commodity contracts, and investments",2012,Persons,Level,3,830,T60500D
T60500D,N4359C,59,"Securities, commodity contracts, and investments",2013,Persons,Level,3,841,T60500D
T60500D,N4359C,59,"Securities, commodity contracts, and investments",2014,Persons,Level,3,859,T60500D
T60500D,N4359C,59,"Securities, commodity contracts, and investments",2015,Persons,Level,3,883,T60500D
T60500D,N4359C,59,"Securities, commodity contracts, and investments",2016,Persons,Level,3,893,T60500D
T60500D,N4359C,59,"Securities, commodity contracts, and investments",2017,Persons,Level,3,901,T60500D
T60500D,N4359C,59,"Securities, commodity contracts, and investments",2018,Persons,Level,3,922,T60500D
T60500D,N4359C,59,"Securities, commodity contracts, and investments",2019,Persons,Level,3,929,T60500D
T60500D,N4359C,59,"Securities, commodity contracts, and investments",2020,Persons,Level,3,928,T60500D
T60500D,N4359C,59,"Securities, commodity contracts, and investments",2021,Persons,Level,3,950,T60500D
T60500D,N4359C,59,"Securities, commodity contracts, and investments",2022,Persons,Level,3,"1,014",T60500D
T60500D,N4359C,59,"Securities, commodity contracts, and investments",2023,Persons,Level,3,"1,052",T60500D
T60500D,N4359C,59,"Securities, commodity contracts, and investments",2024,Persons,Level,3,"1,066",T60500D
T60500D,N4360C,60,Insurance carriers and related activities,1998,Persons,Level,3,"2,137",T60500D
T60500D,N4360C,60,Insurance carriers and related activities,1999,Persons,Level,3,"2,156",T60500D
T60500D,N4360C,60,Insurance carriers and related activities,2000,Persons,Level,3,"2,136",T60500D
T60500D,N4360C,60,Insurance carriers and related activities,2001,Persons,Level,3,"2,201",T60500D
T60500D,N4360C,60,Insurance carriers and related activities,2002,Persons,Level,3,"2,195",T60500D
T60500D,N4360C,60,Insurance carriers and related activities,2003,Persons,Level,3,"2,228",T60500D
T60500D,N4360C,60,Insurance carriers and related activities,2004,Persons,Level,3,"2,210",T60500D
T60500D,N4360C,60,Insurance carriers and related activities,2005,Persons,Level,3,"2,208",T60500D
T60500D,N4360C,60,Insurance carriers and related activities,2006,Persons,Level,3,"2,264",T60500D
T60500D,N4360C,60,Insurance carriers and related activities,2007,Persons,Level,3,"2,265",T60500D
T60500D,N4360C,60,Insurance carriers and related activities,2008,Persons,Level,3,"2,262",T60500D
T60500D,N4360C,60,Insurance carriers and related activities,2009,Persons,Level,3,"2,196",T60500D
T60500D,N4360C,60,Insurance carriers and related activities,2010,Persons,Level,3,"2,208",T60500D
T60500D,N4360C,60,Insurance carriers and related activities,2011,Persons,Level,3,"2,262",T60500D
T60500D,N4360C,60,Insurance carriers and related activities,2012,Persons,Level,3,"2,307",T60500D
T60500D,N4360C,60,Insurance carriers and related activities,2013,Persons,Level,3,"2,316",T60500D
T60500D,N4360C,60,Insurance carriers and related activities,2014,Persons,Level,3,"2,400",T60500D
T60500D,N4360C,60,Insurance carriers and related activities,2015,Persons,Level,3,"2,490",T60500D
T60500D,N4360C,60,Insurance carriers and related activities,2016,Persons,Level,3,"2,513",T60500D
T60500D,N4360C,60,Insurance carriers and related activities,2017,Persons,Level,3,"2,588",T60500D
T60500D,N4360C,60,Insurance carriers and related activities,2018,Persons,Level,3,"2,636",T60500D
T60500D,N4360C,60,Insurance carriers and related activities,2019,Persons,Level,3,"2,736",T60500D
T60500D,N4360C,60,Insurance carriers and related activities,2020,Persons,Level,3,"2,776",T60500D
T60500D,N4360C,60,Insurance carriers and related activities,2021,Persons,Level,3,"2,771",T60500D
T60500D,N4360C,60,Insurance carriers and related activities,2022,Persons,Level,3,"2,858",T60500D
T60500D,N4360C,60,Insurance carriers and related activities,2023,Persons,Level,3,"2,912",T60500D
T60500D,N4360C,60,Insurance carriers and related activities,2024,Persons,Level,3,"2,930",T60500D
T60500D,N4361C,61,"Funds, trusts, and other financial vehicles",1998,Persons,Level,3,14,T60500D
T60500D,N4361C,61,"Funds, trusts, and other financial vehicles",1999,Persons,Level,3,14,T60500D
T60500D,N4361C,61,"Funds, trusts, and other financial vehicles",2000,Persons,Level,3,14,T60500D
T60500D,N4361C,61,"Funds, trusts, and other financial vehicles",2001,Persons,Level,3,15,T60500D
T60500D,N4361C,61,"Funds, trusts, and other financial vehicles",2002,Persons,Level,3,14,T60500D
T60500D,N4361C,61,"Funds, trusts, and other financial vehicles",2003,Persons,Level,3,14,T60500D
T60500D,N4361C,61,"Funds, trusts, and other financial vehicles",2004,Persons,Level,3,14,T60500D
T60500D,N4361C,61,"Funds, trusts, and other financial vehicles",2005,Persons,Level,3,15,T60500D
T60500D,N4361C,61,"Funds, trusts, and other financial vehicles",2006,Persons,Level,3,15,T60500D
T60500D,N4361C,61,"Funds, trusts, and other financial vehicles",2007,Persons,Level,3,7,T60500D
T60500D,N4361C,61,"Funds, trusts, and other financial vehicles",2008,Persons,Level,3,7,T60500D
T60500D,N4361C,61,"Funds, trusts, and other financial vehicles",2009,Persons,Level,3,6,T60500D
T60500D,N4361C,61,"Funds, trusts, and other financial vehicles",2010,Persons,Level,3,5,T60500D
T60500D,N4361C,61,"Funds, trusts, and other financial vehicles",2011,Persons,Level,3,4,T60500D
T60500D,N4361C,61,"Funds, trusts, and other financial vehicles",2012,Persons,Level,3,3,T60500D
T60500D,N4361C,61,"Funds, trusts, and other financial vehicles",2013,Persons,Level,3,3,T60500D
T60500D,N4361C,61,"Funds, trusts, and other financial vehicles",2014,Persons,Level,3,6,T60500D
T60500D,N4361C,61,"Funds, trusts, and other financial vehicles",2015,Persons,Level,3,7,T60500D
T60500D,N4361C,61,"Funds, trusts, and other financial vehicles",2016,Persons,Level,3,10,T60500D
T60500D,N4361C,61,"Funds, trusts, and other financial vehicles",2017,Persons,Level,3,12,T60500D
T60500D,N4361C,61,"Funds, trusts, and other financial vehicles",2018,Persons,Level,3,14,T60500D
T60500D,N4361C,61,"Funds, trusts, and other financial vehicles",2019,Persons,Level,3,16,T60500D
T60500D,N4361C,61,"Funds, trusts, and other financial vehicles",2020,Persons,Level,3,18,T60500D
T60500D,N4361C,61,"Funds, trusts, and other financial vehicles",2021,Persons,Level,3,21,T60500D
T60500D,N4361C,61,"Funds, trusts, and other financial vehicles",2022,Persons,Level,3,27,T60500D
T60500D,N4361C,61,"Funds, trusts, and other financial vehicles",2023,Persons,Level,3,29,T60500D
T60500D,N4361C,61,"Funds, trusts, and other financial vehicles",2024,Persons,Level,3,31,T60500D
T60500D,N4362C,62,Real estate and rental and leasing,1998,Persons,Level,3,"1,765",T60500D
T60500D,N4362C,62,Real estate and rental and leasing,1999,Persons,Level,3,"1,806",T60500D
T60500D,N4362C,62,Real estate and rental and leasing,2000,Persons,Level,3,"1,827",T60500D
T60500D,N4362C,62,Real estate and rental and leasing,2001,Persons,Level,3,"1,924",T60500D
T60500D,N4362C,62,Real estate and rental and leasing,2002,Persons,Level,3,"1,918",T60500D
T60500D,N4362C,62,Real estate and rental and leasing,2003,Persons,Level,3,"1,931",T60500D
T60500D,N4362C,62,Real estate and rental and leasing,2004,Persons,Level,3,"1,961",T60500D
T60500D,N4362C,62,Real estate and rental and leasing,2005,Persons,Level,3,"1,996",T60500D
T60500D,N4362C,62,Real estate and rental and leasing,2006,Persons,Level,3,"2,028",T60500D
T60500D,N4362C,62,Real estate and rental and leasing,2007,Persons,Level,3,"2,011",T60500D
T60500D,N4362C,62,Real estate and rental and leasing,2008,Persons,Level,3,"1,996",T60500D
T60500D,N4362C,62,Real estate and rental and leasing,2009,Persons,Level,3,"1,846",T60500D
T60500D,N4362C,62,Real estate and rental and leasing,2010,Persons,Level,3,"1,788",T60500D
T60500D,N4362C,62,Real estate and rental and leasing,2011,Persons,Level,3,"1,793",T60500D
T60500D,N4362C,62,Real estate and rental and leasing,2012,Persons,Level,3,"1,824",T60500D
T60500D,N4362C,62,Real estate and rental and leasing,2013,Persons,Level,3,"1,873",T60500D
T60500D,N4362C,62,Real estate and rental and leasing,2014,Persons,Level,3,"1,906",T60500D
T60500D,N4362C,62,Real estate and rental and leasing,2015,Persons,Level,3,"1,955",T60500D
T60500D,N4362C,62,Real estate and rental and leasing,2016,Persons,Level,3,"2,000",T60500D
T60500D,N4362C,62,Real estate and rental and leasing,2017,Persons,Level,3,"2,051",T60500D
T60500D,N4362C,62,Real estate and rental and leasing,2018,Persons,Level,3,"2,106",T60500D
T60500D,N4362C,62,Real estate and rental and leasing,2019,Persons,Level,3,"2,185",T60500D
T60500D,N4362C,62,Real estate and rental and leasing,2020,Persons,Level,3,"2,062",T60500D
T60500D,N4362C,62,Real estate and rental and leasing,2021,Persons,Level,3,"2,146",T60500D
T60500D,N4362C,62,Real estate and rental and leasing,2022,Persons,Level,3,"2,232",T60500D
T60500D,N4362C,62,Real estate and rental and leasing,2023,Persons,Level,3,"2,294",T60500D
T60500D,N4362C,62,Real estate and rental and leasing,2024,Persons,Level,3,"2,290",T60500D
T60500D,N4363C,63,Real estate,1998,Persons,Level,3,"1,181",T60500D
T60500D,N4363C,63,Real estate,1999,Persons,Level,3,"1,209",T60500D
T60500D,N4363C,63,Real estate,2000,Persons,Level,3,"1,219",T60500D
T60500D,N4363C,63,Real estate,2001,Persons,Level,3,"1,287",T60500D
T60500D,N4363C,63,Real estate,2002,Persons,Level,3,"1,316",T60500D
T60500D,N4363C,63,Real estate,2003,Persons,Level,3,"1,335",T60500D
T60500D,N4363C,63,Real estate,2004,Persons,Level,3,"1,359",T60500D
T60500D,N4363C,63,Real estate,2005,Persons,Level,3,"1,392",T60500D
T60500D,N4363C,63,Real estate,2006,Persons,Level,3,"1,416",T60500D
T60500D,N4363C,63,Real estate,2007,Persons,Level,3,"1,407",T60500D
T60500D,N4363C,63,Real estate,2008,Persons,Level,3,"1,399",T60500D
T60500D,N4363C,63,Real estate,2009,Persons,Level,3,"1,319",T60500D
T60500D,N4363C,63,Real estate,2010,Persons,Level,3,"1,302",T60500D
T60500D,N4363C,63,Real estate,2011,Persons,Level,3,"1,305",T60500D
T60500D,N4363C,63,Real estate,2012,Persons,Level,3,"1,328",T60500D
T60500D,N4363C,63,Real estate,2013,Persons,Level,3,"1,369",T60500D
T60500D,N4363C,63,Real estate,2014,Persons,Level,3,"1,394",T60500D
T60500D,N4363C,63,Real estate,2015,Persons,Level,3,"1,429",T60500D
T60500D,N4363C,63,Real estate,2016,Persons,Level,3,"1,462",T60500D
T60500D,N4363C,63,Real estate,2017,Persons,Level,3,"1,501",T60500D
T60500D,N4363C,63,Real estate,2018,Persons,Level,3,"1,552",T60500D
T60500D,N4363C,63,Real estate,2019,Persons,Level,3,"1,621",T60500D
T60500D,N4363C,63,Real estate,2020,Persons,Level,3,"1,586",T60500D
T60500D,N4363C,63,Real estate,2021,Persons,Level,3,"1,665",T60500D
T60500D,N4363C,63,Real estate,2022,Persons,Level,3,"1,706",T60500D
T60500D,N4363C,63,Real estate,2023,Persons,Level,3,"1,742",T60500D
T60500D,N4363C,63,Real estate,2024,Persons,Level,3,"1,724",T60500D
T60500D,N4364C,64,Rental and leasing services and lessors of intangible assets,1998,Persons,Level,3,585,"T60500D,T60500D.5"
T60500D,N4364C,64,Rental and leasing services and lessors of intangible assets,1999,Persons,Level,3,597,"T60500D,T60500D.5"
T60500D,N4364C,64,Rental and leasing services and lessors of intangible assets,2000,Persons,Level,3,608,"T60500D,T60500D.5"
T60500D,N4364C,64,Rental and leasing services and lessors of intangible assets,2001,Persons,Level,3,638,"T60500D,T60500D.5"
T60500D,N4364C,64,Rental and leasing services and lessors of intangible assets,2002,Persons,Level,3,602,"T60500D,T60500D.5"
T60500D,N4364C,64,Rental and leasing services and lessors of intangible assets,2003,Persons,Level,3,596,"T60500D,T60500D.5"
T60500D,N4364C,64,Rental and leasing services and lessors of intangible assets,2004,Persons,Level,3,602,"T60500D,T60500D.5"
T60500D,N4364C,64,Rental and leasing services and lessors of intangible assets,2005,Persons,Level,3,604,"T60500D,T60500D.5"
T60500D,N4364C,64,Rental and leasing services and lessors of intangible assets,2006,Persons,Level,3,612,"T60500D,T60500D.5"
T60500D,N4364C,64,Rental and leasing services and lessors of intangible assets,2007,Persons,Level,3,604,"T60500D,T60500D.5"
T60500D,N4364C,64,Rental and leasing services and lessors of intangible assets,2008,Persons,Level,3,596,"T60500D,T60500D.5"
T60500D,N4364C,64,Rental and leasing services and lessors of intangible assets,2009,Persons,Level,3,526,"T60500D,T60500D.5"
T60500D,N4364C,64,Rental and leasing services and lessors of intangible assets,2010,Persons,Level,3,486,"T60500D,T60500D.5"
T60500D,N4364C,64,Rental and leasing services and lessors of intangible assets,2011,Persons,Level,3,488,"T60500D,T60500D.5"
T60500D,N4364C,64,Rental and leasing services and lessors of intangible assets,2012,Persons,Level,3,496,"T60500D,T60500D.5"
T60500D,N4364C,64,Rental and leasing services and lessors of intangible assets,2013,Persons,Level,3,504,"T60500D,T60500D.5"
T60500D,N4364C,64,Rental and leasing services and lessors of intangible assets,2014,Persons,Level,3,512,"T60500D,T60500D.5"
T60500D,N4364C,64,Rental and leasing services and lessors of intangible assets,2015,Persons,Level,3,527,"T60500D,T60500D.5"
T60500D,N4364C,64,Rental and leasing services and lessors of intangible assets,2016,Persons,Level,3,538,"T60500D,T60500D.5"
T60500D,N4364C,64,Rental and leasing services and lessors of intangible assets,2017,Persons,Level,3,550,"T60500D,T60500D.5"
T60500D,N4364C,64,Rental and leasing services and lessors of intangible assets,2018,Persons,Level,3,554,"T60500D,T60500D.5"
T60500D,N4364C,64,Rental and leasing services and lessors of intangible assets,2019,Persons,Level,3,564,"T60500D,T60500D.5"
T60500D,N4364C,64,Rental and leasing services and lessors of intangible assets,2020,Persons,Level,3,476,"T60500D,T60500D.5"
T60500D,N4364C,64,Rental and leasing services and lessors of intangible assets,2021,Persons,Level,3,480,"T60500D,T60500D.5"
T60500D,N4364C,64,Rental and leasing services and lessors of intangible assets,2022,Persons,Level,3,526,"T60500D,T60500D.5"
T60500D,N4364C,64,Rental and leasing services and lessors of intangible assets,2023,Persons,Level,3,552,"T60500D,T60500D.5"
T60500D,N4364C,64,Rental and leasing services and lessors of intangible assets,2024,Persons,Level,3,567,"T60500D,T60500D.5"
T60500D,N4365C,65,"Professional, scientific, and technical services",1998,Persons,Level,3,"5,776",T60500D
T60500D,N4365C,65,"Professional, scientific, and technical services",1999,Persons,Level,3,"6,099",T60500D
T60500D,N4365C,65,"Professional, scientific, and technical services",2000,Persons,Level,3,"6,462",T60500D
T60500D,N4365C,65,"Professional, scientific, and technical services",2001,Persons,Level,3,"6,623",T60500D
T60500D,N4365C,65,"Professional, scientific, and technical services",2002,Persons,Level,3,"6,415",T60500D
T60500D,N4365C,65,"Professional, scientific, and technical services",2003,Persons,Level,3,"6,373",T60500D
T60500D,N4365C,65,"Professional, scientific, and technical services",2004,Persons,Level,3,"6,504",T60500D
T60500D,N4365C,65,"Professional, scientific, and technical services",2005,Persons,Level,3,"6,782",T60500D
T60500D,N4365C,65,"Professional, scientific, and technical services",2006,Persons,Level,3,"7,092",T60500D
T60500D,N4365C,65,"Professional, scientific, and technical services",2007,Persons,Level,3,"7,336",T60500D
T60500D,N4365C,65,"Professional, scientific, and technical services",2008,Persons,Level,3,"7,515",T60500D
T60500D,N4365C,65,"Professional, scientific, and technical services",2009,Persons,Level,3,"7,145",T60500D
T60500D,N4365C,65,"Professional, scientific, and technical services",2010,Persons,Level,3,"7,157",T60500D
T60500D,N4365C,65,"Professional, scientific, and technical services",2011,Persons,Level,3,"7,332",T60500D
T60500D,N4365C,65,"Professional, scientific, and technical services",2012,Persons,Level,3,"7,532",T60500D
T60500D,N4365C,65,"Professional, scientific, and technical services",2013,Persons,Level,3,"7,794",T60500D
T60500D,N4365C,65,"Professional, scientific, and technical services",2014,Persons,Level,3,"7,994",T60500D
T60500D,N4365C,65,"Professional, scientific, and technical services",2015,Persons,Level,3,"8,273",T60500D
T60500D,N4365C,65,"Professional, scientific, and technical services",2016,Persons,Level,3,"8,496",T60500D
T60500D,N4365C,65,"Professional, scientific, and technical services",2017,Persons,Level,3,"8,655",T60500D
T60500D,N4365C,65,"Professional, scientific, and technical services",2018,Persons,Level,3,"8,948",T60500D
T60500D,N4365C,65,"Professional, scientific, and technical services",2019,Persons,Level,3,"9,233",T60500D
T60500D,N4365C,65,"Professional, scientific, and technical services",2020,Persons,Level,3,"9,111",T60500D
T60500D,N4365C,65,"Professional, scientific, and technical services",2021,Persons,Level,3,"9,576",T60500D
T60500D,N4365C,65,"Professional, scientific, and technical services",2022,Persons,Level,3,"10,185",T60500D
T60500D,N4365C,65,"Professional, scientific, and technical services",2023,Persons,Level,3,"10,406",T60500D
T60500D,N4365C,65,"Professional, scientific, and technical services",2024,Persons,Level,3,"10,380",T60500D
T60500D,N4366C,66,Legal services,1998,Persons,Level,3,985,T60500D
T60500D,N4366C,66,Legal services,1999,Persons,Level,3,"1,008",T60500D
T60500D,N4366C,66,Legal services,2000,Persons,Level,3,"1,022",T60500D
T60500D,N4366C,66,Legal services,2001,Persons,Level,3,"1,053",T60500D
T60500D,N4366C,66,Legal services,2002,Persons,Level,3,"1,074",T60500D
T60500D,N4366C,66,Legal services,2003,Persons,Level,3,"1,098",T60500D
T60500D,N4366C,66,Legal services,2004,Persons,Level,3,"1,111",T60500D
T60500D,N4366C,66,Legal services,2005,Persons,Level,3,"1,122",T60500D
T60500D,N4366C,66,Legal services,2006,Persons,Level,3,"1,126",T60500D
T60500D,N4366C,66,Legal services,2007,Persons,Level,3,"1,130",T60500D
T60500D,N4366C,66,Legal services,2008,Persons,Level,3,"1,119",T60500D
T60500D,N4366C,66,Legal services,2009,Persons,Level,3,"1,078",T60500D
T60500D,N4366C,66,Legal services,2010,Persons,Level,3,"1,071",T60500D
T60500D,N4366C,66,Legal services,2011,Persons,Level,3,"1,065",T60500D
T60500D,N4366C,66,Legal services,2012,Persons,Level,3,"1,071",T60500D
T60500D,N4366C,66,Legal services,2013,Persons,Level,3,"1,088",T60500D
T60500D,N4366C,66,Legal services,2014,Persons,Level,3,"1,074",T60500D
T60500D,N4366C,66,Legal services,2015,Persons,Level,3,"1,077",T60500D
T60500D,N4366C,66,Legal services,2016,Persons,Level,3,"1,084",T60500D
T60500D,N4366C,66,Legal services,2017,Persons,Level,3,"1,095",T60500D
T60500D,N4366C,66,Legal services,2018,Persons,Level,3,"1,104",T60500D
T60500D,N4366C,66,Legal services,2019,Persons,Level,3,"1,120",T60500D
T60500D,N4366C,66,Legal services,2020,Persons,Level,3,"1,094",T60500D
T60500D,N4366C,66,Legal services,2021,Persons,Level,3,"1,122",T60500D
T60500D,N4366C,66,Legal services,2022,Persons,Level,3,"1,142",T60500D
T60500D,N4366C,66,Legal services,2023,Persons,Level,3,"1,151",T60500D
T60500D,N4366C,66,Legal services,2024,Persons,Level,3,"1,158",T60500D
T60500D,N4367C,67,Computer systems design and related services,1998,Persons,Level,3,982,T60500D
T60500D,N4367C,67,Computer systems design and related services,1999,Persons,Level,3,"1,100",T60500D
T60500D,N4367C,67,Computer systems design and related services,2000,Persons,Level,3,"1,219",T60500D
T60500D,N4367C,67,Computer systems design and related services,2001,Persons,Level,3,"1,235",T60500D
T60500D,N4367C,67,Computer systems design and related services,2002,Persons,Level,3,"1,095",T60500D
T60500D,N4367C,67,Computer systems design and related services,2003,Persons,Level,3,"1,061",T60500D
T60500D,N4367C,67,Computer systems design and related services,2004,Persons,Level,3,"1,089",T60500D
T60500D,N4367C,67,Computer systems design and related services,2005,Persons,Level,3,"1,142",T60500D
T60500D,N4367C,67,Computer systems design and related services,2006,Persons,Level,3,"1,213",T60500D
T60500D,N4367C,67,Computer systems design and related services,2007,Persons,Level,3,"1,301",T60500D
T60500D,N4367C,67,Computer systems design and related services,2008,Persons,Level,3,"1,374",T60500D
T60500D,N4367C,67,Computer systems design and related services,2009,Persons,Level,3,"1,339",T60500D
T60500D,N4367C,67,Computer systems design and related services,2010,Persons,Level,3,"1,380",T60500D
T60500D,N4367C,67,Computer systems design and related services,2011,Persons,Level,3,"1,465",T60500D
T60500D,N4367C,67,Computer systems design and related services,2012,Persons,Level,3,"1,540",T60500D
T60500D,N4367C,67,Computer systems design and related services,2013,Persons,Level,3,"1,626",T60500D
T60500D,N4367C,67,Computer systems design and related services,2014,Persons,Level,3,"1,705",T60500D
T60500D,N4367C,67,Computer systems design and related services,2015,Persons,Level,3,"1,821",T60500D
T60500D,N4367C,67,Computer systems design and related services,2016,Persons,Level,3,"1,891",T60500D
T60500D,N4367C,67,Computer systems design and related services,2017,Persons,Level,3,"1,958",T60500D
T60500D,N4367C,67,Computer systems design and related services,2018,Persons,Level,3,"2,034",T60500D
T60500D,N4367C,67,Computer systems design and related services,2019,Persons,Level,3,"2,108",T60500D
T60500D,N4367C,67,Computer systems design and related services,2020,Persons,Level,3,"2,112",T60500D
T60500D,N4367C,67,Computer systems design and related services,2021,Persons,Level,3,"2,217",T60500D
T60500D,N4367C,67,Computer systems design and related services,2022,Persons,Level,3,"2,373",T60500D
T60500D,N4367C,67,Computer systems design and related services,2023,Persons,Level,3,"2,369",T60500D
T60500D,N4367C,67,Computer systems design and related services,2024,Persons,Level,3,"2,329",T60500D
T60500D,N4368C,68,"Miscellaneous professional, scientific, and technical services",1998,Persons,Level,3,"3,809","T60500D,T60500D.6"
T60500D,N4368C,68,"Miscellaneous professional, scientific, and technical services",1999,Persons,Level,3,"3,991","T60500D,T60500D.6"
T60500D,N4368C,68,"Miscellaneous professional, scientific, and technical services",2000,Persons,Level,3,"4,221","T60500D,T60500D.6"
T60500D,N4368C,68,"Miscellaneous professional, scientific, and technical services",2001,Persons,Level,3,"4,335","T60500D,T60500D.6"
T60500D,N4368C,68,"Miscellaneous professional, scientific, and technical services",2002,Persons,Level,3,"4,246","T60500D,T60500D.6"
T60500D,N4368C,68,"Miscellaneous professional, scientific, and technical services",2003,Persons,Level,3,"4,214","T60500D,T60500D.6"
T60500D,N4368C,68,"Miscellaneous professional, scientific, and technical services",2004,Persons,Level,3,"4,304","T60500D,T60500D.6"
T60500D,N4368C,68,"Miscellaneous professional, scientific, and technical services",2005,Persons,Level,3,"4,519","T60500D,T60500D.6"
T60500D,N4368C,68,"Miscellaneous professional, scientific, and technical services",2006,Persons,Level,3,"4,753","T60500D,T60500D.6"
T60500D,N4368C,68,"Miscellaneous professional, scientific, and technical services",2007,Persons,Level,3,"4,905","T60500D,T60500D.6"
T60500D,N4368C,68,"Miscellaneous professional, scientific, and technical services",2008,Persons,Level,3,"5,022","T60500D,T60500D.6"
T60500D,N4368C,68,"Miscellaneous professional, scientific, and technical services",2009,Persons,Level,3,"4,729","T60500D,T60500D.6"
T60500D,N4368C,68,"Miscellaneous professional, scientific, and technical services",2010,Persons,Level,3,"4,706","T60500D,T60500D.6"
T60500D,N4368C,68,"Miscellaneous professional, scientific, and technical services",2011,Persons,Level,3,"4,802","T60500D,T60500D.6"
T60500D,N4368C,68,"Miscellaneous professional, scientific, and technical services",2012,Persons,Level,3,"4,922","T60500D,T60500D.6"
T60500D,N4368C,68,"Miscellaneous professional, scientific, and technical services",2013,Persons,Level,3,"5,080","T60500D,T60500D.6"
T60500D,N4368C,68,"Miscellaneous professional, scientific, and technical services",2014,Persons,Level,3,"5,215","T60500D,T60500D.6"
T60500D,N4368C,68,"Miscellaneous professional, scientific, and technical services",2015,Persons,Level,3,"5,375","T60500D,T60500D.6"
T60500D,N4368C,68,"Miscellaneous professional, scientific, and technical services",2016,Persons,Level,3,"5,521","T60500D,T60500D.6"
T60500D,N4368C,68,"Miscellaneous professional, scientific, and technical services",2017,Persons,Level,3,"5,602","T60500D,T60500D.6"
T60500D,N4368C,68,"Miscellaneous professional, scientific, and technical services",2018,Persons,Level,3,"5,810","T60500D,T60500D.6"
T60500D,N4368C,68,"Miscellaneous professional, scientific, and technical services",2019,Persons,Level,3,"6,005","T60500D,T60500D.6"
T60500D,N4368C,68,"Miscellaneous professional, scientific, and technical services",2020,Persons,Level,3,"5,905","T60500D,T60500D.6"
T60500D,N4368C,68,"Miscellaneous professional, scientific, and technical services",2021,Persons,Level,3,"6,237","T60500D,T60500D.6"
T60500D,N4368C,68,"Miscellaneous professional, scientific, and technical services",2022,Persons,Level,3,"6,671","T60500D,T60500D.6"
T60500D,N4368C,68,"Miscellaneous professional, scientific, and technical services",2023,Persons,Level,3,"6,885","T60500D,T60500D.6"
T60500D,N4368C,68,"Miscellaneous professional, scientific, and technical services",2024,Persons,Level,3,"6,894","T60500D,T60500D.6"
T60500D,N4369C,69,Management of companies and enterprises,1998,Persons,Level,3,"1,581","T60500D,T60500D.7"
T60500D,N4369C,69,Management of companies and enterprises,1999,Persons,Level,3,"1,614","T60500D,T60500D.7"
T60500D,N4369C,69,Management of companies and enterprises,2000,Persons,Level,3,"1,626","T60500D,T60500D.7"
T60500D,N4369C,69,Management of companies and enterprises,2001,Persons,Level,3,"1,635","T60500D,T60500D.7"
T60500D,N4369C,69,Management of companies and enterprises,2002,Persons,Level,3,"1,626","T60500D,T60500D.7"
T60500D,N4369C,69,Management of companies and enterprises,2003,Persons,Level,3,"1,663","T60500D,T60500D.7"
T60500D,N4369C,69,Management of companies and enterprises,2004,Persons,Level,3,"1,672","T60500D,T60500D.7"
T60500D,N4369C,69,Management of companies and enterprises,2005,Persons,Level,3,"1,745","T60500D,T60500D.7"
T60500D,N4369C,69,Management of companies and enterprises,2006,Persons,Level,3,"1,771","T60500D,T60500D.7"
T60500D,N4369C,69,Management of companies and enterprises,2007,Persons,Level,3,"1,811","T60500D,T60500D.7"
T60500D,N4369C,69,Management of companies and enterprises,2008,Persons,Level,3,"1,821","T60500D,T60500D.7"
T60500D,N4369C,69,Management of companies and enterprises,2009,Persons,Level,3,"1,798","T60500D,T60500D.7"
T60500D,N4369C,69,Management of companies and enterprises,2010,Persons,Level,3,"1,793","T60500D,T60500D.7"
T60500D,N4369C,69,Management of companies and enterprises,2011,Persons,Level,3,"1,826","T60500D,T60500D.7"
T60500D,N4369C,69,Management of companies and enterprises,2012,Persons,Level,3,"1,885","T60500D,T60500D.7"
T60500D,N4369C,69,Management of companies and enterprises,2013,Persons,Level,3,"1,978","T60500D,T60500D.7"
T60500D,N4369C,69,Management of companies and enterprises,2014,Persons,Level,3,"2,004","T60500D,T60500D.7"
T60500D,N4369C,69,Management of companies and enterprises,2015,Persons,Level,3,"2,071","T60500D,T60500D.7"
T60500D,N4369C,69,Management of companies and enterprises,2016,Persons,Level,3,"2,130","T60500D,T60500D.7"
T60500D,N4369C,69,Management of companies and enterprises,2017,Persons,Level,3,"2,182","T60500D,T60500D.7"
T60500D,N4369C,69,Management of companies and enterprises,2018,Persons,Level,3,"2,240","T60500D,T60500D.7"
T60500D,N4369C,69,Management of companies and enterprises,2019,Persons,Level,3,"2,251","T60500D,T60500D.7"
T60500D,N4369C,69,Management of companies and enterprises,2020,Persons,Level,3,"2,262","T60500D,T60500D.7"
T60500D,N4369C,69,Management of companies and enterprises,2021,Persons,Level,3,"2,293","T60500D,T60500D.7"
T60500D,N4369C,69,Management of companies and enterprises,2022,Persons,Level,3,"2,434","T60500D,T60500D.7"
T60500D,N4369C,69,Management of companies and enterprises,2023,Persons,Level,3,"2,501","T60500D,T60500D.7"
T60500D,N4369C,69,Management of companies and enterprises,2024,Persons,Level,3,"2,505","T60500D,T60500D.7"
T60500D,N4370C,70,Administrative and waste management services,1998,Persons,Level,3,"6,815",T60500D
T60500D,N4370C,70,Administrative and waste management services,1999,Persons,Level,3,"7,216",T60500D
T60500D,N4370C,70,Administrative and waste management services,2000,Persons,Level,3,"7,564",T60500D
T60500D,N4370C,70,Administrative and waste management services,2001,Persons,Level,3,"7,093",T60500D
T60500D,N4370C,70,Administrative and waste management services,2002,Persons,Level,3,"6,972",T60500D
T60500D,N4370C,70,Administrative and waste management services,2003,Persons,Level,3,"6,892",T60500D
T60500D,N4370C,70,Administrative and waste management services,2004,Persons,Level,3,"7,180",T60500D
T60500D,N4370C,70,Administrative and waste management services,2005,Persons,Level,3,"7,425",T60500D
T60500D,N4370C,70,Administrative and waste management services,2006,Persons,Level,3,"7,607",T60500D
T60500D,N4370C,70,Administrative and waste management services,2007,Persons,Level,3,"7,760",T60500D
T60500D,N4370C,70,Administrative and waste management services,2008,Persons,Level,3,"7,436",T60500D
T60500D,N4370C,70,Administrative and waste management services,2009,Persons,Level,3,"6,614",T60500D
T60500D,N4370C,70,Administrative and waste management services,2010,Persons,Level,3,"6,827",T60500D
T60500D,N4370C,70,Administrative and waste management services,2011,Persons,Level,3,"7,128",T60500D
T60500D,N4370C,70,Administrative and waste management services,2012,Persons,Level,3,"7,356",T60500D
T60500D,N4370C,70,Administrative and waste management services,2013,Persons,Level,3,"7,607",T60500D
T60500D,N4370C,70,Administrative and waste management services,2014,Persons,Level,3,"7,901",T60500D
T60500D,N4370C,70,Administrative and waste management services,2015,Persons,Level,3,"8,183",T60500D
T60500D,N4370C,70,Administrative and waste management services,2016,Persons,Level,3,"8,322",T60500D
T60500D,N4370C,70,Administrative and waste management services,2017,Persons,Level,3,"8,459",T60500D
T60500D,N4370C,70,Administrative and waste management services,2018,Persons,Level,3,"8,615",T60500D
T60500D,N4370C,70,Administrative and waste management services,2019,Persons,Level,3,"8,671",T60500D
T60500D,N4370C,70,Administrative and waste management services,2020,Persons,Level,3,"8,000",T60500D
T60500D,N4370C,70,Administrative and waste management services,2021,Persons,Level,3,"8,438",T60500D
T60500D,N4370C,70,Administrative and waste management services,2022,Persons,Level,3,"8,919",T60500D
T60500D,N4370C,70,Administrative and waste management services,2023,Persons,Level,3,"8,707",T60500D
T60500D,N4370C,70,Administrative and waste management services,2024,Persons,Level,3,"8,500",T60500D
T60500D,N4371C,71,Administrative and support services,1998,Persons,Level,3,"6,524",T60500D
T60500D,N4371C,71,Administrative and support services,1999,Persons,Level,3,"6,922",T60500D
T60500D,N4371C,71,Administrative and support services,2000,Persons,Level,3,"7,267",T60500D
T60500D,N4371C,71,Administrative and support services,2001,Persons,Level,3,"6,783",T60500D
T60500D,N4371C,71,Administrative and support services,2002,Persons,Level,3,"6,661",T60500D
T60500D,N4371C,71,Administrative and support services,2003,Persons,Level,3,"6,582",T60500D
T60500D,N4371C,71,Administrative and support services,2004,Persons,Level,3,"6,865",T60500D
T60500D,N4371C,71,Administrative and support services,2005,Persons,Level,3,"7,098",T60500D
T60500D,N4371C,71,Administrative and support services,2006,Persons,Level,3,"7,274",T60500D
T60500D,N4371C,71,Administrative and support services,2007,Persons,Level,3,"7,417",T60500D
T60500D,N4371C,71,Administrative and support services,2008,Persons,Level,3,"7,087",T60500D
T60500D,N4371C,71,Administrative and support services,2009,Persons,Level,3,"6,277",T60500D
T60500D,N4371C,71,Administrative and support services,2010,Persons,Level,3,"6,485",T60500D
T60500D,N4371C,71,Administrative and support services,2011,Persons,Level,3,"6,777",T60500D
T60500D,N4371C,71,Administrative and support services,2012,Persons,Level,3,"7,000",T60500D
T60500D,N4371C,71,Administrative and support services,2013,Persons,Level,3,"7,246",T60500D
T60500D,N4371C,71,Administrative and support services,2014,Persons,Level,3,"7,525",T60500D
T60500D,N4371C,71,Administrative and support services,2015,Persons,Level,3,"7,795",T60500D
T60500D,N4371C,71,Administrative and support services,2016,Persons,Level,3,"7,933",T60500D
T60500D,N4371C,71,Administrative and support services,2017,Persons,Level,3,"8,058",T60500D
T60500D,N4371C,71,Administrative and support services,2018,Persons,Level,3,"8,193",T60500D
T60500D,N4371C,71,Administrative and support services,2019,Persons,Level,3,"8,235",T60500D
T60500D,N4371C,71,Administrative and support services,2020,Persons,Level,3,"7,567",T60500D
T60500D,N4371C,71,Administrative and support services,2021,Persons,Level,3,"7,997",T60500D
T60500D,N4371C,71,Administrative and support services,2022,Persons,Level,3,"8,457",T60500D
T60500D,N4371C,71,Administrative and support services,2023,Persons,Level,3,"8,226",T60500D
T60500D,N4371C,71,Administrative and support services,2024,Persons,Level,3,"8,007",T60500D
T60500D,N4372C,72,Waste management and remediation services,1998,Persons,Level,3,291,T60500D
T60500D,N4372C,72,Waste management and remediation services,1999,Persons,Level,3,295,T60500D
T60500D,N4372C,72,Waste management and remediation services,2000,Persons,Level,3,297,T60500D
T60500D,N4372C,72,Waste management and remediation services,2001,Persons,Level,3,311,T60500D
T60500D,N4372C,72,Waste management and remediation services,2002,Persons,Level,3,311,T60500D
T60500D,N4372C,72,Waste management and remediation services,2003,Persons,Level,3,311,T60500D
T60500D,N4372C,72,Waste management and remediation services,2004,Persons,Level,3,316,T60500D
T60500D,N4372C,72,Waste management and remediation services,2005,Persons,Level,3,327,T60500D
T60500D,N4372C,72,Waste management and remediation services,2006,Persons,Level,3,333,T60500D
T60500D,N4372C,72,Waste management and remediation services,2007,Persons,Level,3,343,T60500D
T60500D,N4372C,72,Waste management and remediation services,2008,Persons,Level,3,349,T60500D
T60500D,N4372C,72,Waste management and remediation services,2009,Persons,Level,3,337,T60500D
T60500D,N4372C,72,Waste management and remediation services,2010,Persons,Level,3,342,T60500D
T60500D,N4372C,72,Waste management and remediation services,2011,Persons,Level,3,351,T60500D
T60500D,N4372C,72,Waste management and remediation services,2012,Persons,Level,3,356,T60500D
T60500D,N4372C,72,Waste management and remediation services,2013,Persons,Level,3,362,T60500D
T60500D,N4372C,72,Waste management and remediation services,2014,Persons,Level,3,376,T60500D
T60500D,N4372C,72,Waste management and remediation services,2015,Persons,Level,3,387,T60500D
T60500D,N4372C,72,Waste management and remediation services,2016,Persons,Level,3,389,T60500D
T60500D,N4372C,72,Waste management and remediation services,2017,Persons,Level,3,402,T60500D
T60500D,N4372C,72,Waste management and remediation services,2018,Persons,Level,3,422,T60500D
T60500D,N4372C,72,Waste management and remediation services,2019,Persons,Level,3,435,T60500D
T60500D,N4372C,72,Waste management and remediation services,2020,Persons,Level,3,433,T60500D
T60500D,N4372C,72,Waste management and remediation services,2021,Persons,Level,3,441,T60500D
T60500D,N4372C,72,Waste management and remediation services,2022,Persons,Level,3,461,T60500D
T60500D,N4372C,72,Waste management and remediation services,2023,Persons,Level,3,481,T60500D
T60500D,N4372C,72,Waste management and remediation services,2024,Persons,Level,3,493,T60500D
T60500D,N4373C,73,Educational services,1998,Persons,Level,3,"2,025",T60500D
T60500D,N4373C,73,Educational services,1999,Persons,Level,3,"2,100",T60500D
T60500D,N4373C,73,Educational services,2000,Persons,Level,3,"2,179",T60500D
T60500D,N4373C,73,Educational services,2001,Persons,Level,3,"2,264",T60500D
T60500D,N4373C,73,Educational services,2002,Persons,Level,3,"2,374",T60500D
T60500D,N4373C,73,Educational services,2003,Persons,Level,3,"2,420",T60500D
T60500D,N4373C,73,Educational services,2004,Persons,Level,3,"2,490",T60500D
T60500D,N4373C,73,Educational services,2005,Persons,Level,3,"2,542",T60500D
T60500D,N4373C,73,Educational services,2006,Persons,Level,3,"2,611",T60500D
T60500D,N4373C,73,Educational services,2007,Persons,Level,3,"2,682",T60500D
T60500D,N4373C,73,Educational services,2008,Persons,Level,3,"2,773",T60500D
T60500D,N4373C,73,Educational services,2009,Persons,Level,3,"2,807",T60500D
T60500D,N4373C,73,Educational services,2010,Persons,Level,3,"2,870",T60500D
T60500D,N4373C,73,Educational services,2011,Persons,Level,3,"2,932",T60500D
T60500D,N4373C,73,Educational services,2012,Persons,Level,3,"2,978",T60500D
T60500D,N4373C,73,Educational services,2013,Persons,Level,3,"3,043",T60500D
T60500D,N4373C,73,Educational services,2014,Persons,Level,3,"3,083",T60500D
T60500D,N4373C,73,Educational services,2015,Persons,Level,3,"3,153",T60500D
T60500D,N4373C,73,Educational services,2016,Persons,Level,3,"3,205",T60500D
T60500D,N4373C,73,Educational services,2017,Persons,Level,3,"3,279",T60500D
T60500D,N4373C,73,Educational services,2018,Persons,Level,3,"3,336",T60500D
T60500D,N4373C,73,Educational services,2019,Persons,Level,3,"3,368",T60500D
T60500D,N4373C,73,Educational services,2020,Persons,Level,3,"3,269",T60500D
T60500D,N4373C,73,Educational services,2021,Persons,Level,3,"3,281",T60500D
T60500D,N4373C,73,Educational services,2022,Persons,Level,3,"3,451",T60500D
T60500D,N4373C,73,Educational services,2023,Persons,Level,3,"3,532",T60500D
T60500D,N4373C,73,Educational services,2024,Persons,Level,3,"3,602",T60500D
T60500D,N4374C,74,Health care and social assistance,1998,Persons,Level,3,"11,146",T60500D
T60500D,N4374C,74,Health care and social assistance,1999,Persons,Level,3,"11,376",T60500D
T60500D,N4374C,74,Health care and social assistance,2000,Persons,Level,3,"11,636",T60500D
T60500D,N4374C,74,Health care and social assistance,2001,Persons,Level,3,"11,955",T60500D
T60500D,N4374C,74,Health care and social assistance,2002,Persons,Level,3,"12,338",T60500D
T60500D,N4374C,74,Health care and social assistance,2003,Persons,Level,3,"12,657",T60500D
T60500D,N4374C,74,Health care and social assistance,2004,Persons,Level,3,"12,914",T60500D
T60500D,N4374C,74,Health care and social assistance,2005,Persons,Level,3,"13,257",T60500D
T60500D,N4374C,74,Health care and social assistance,2006,Persons,Level,3,"13,687",T60500D
T60500D,N4374C,74,Health care and social assistance,2007,Persons,Level,3,"14,017",T60500D
T60500D,N4374C,74,Health care and social assistance,2008,Persons,Level,3,"14,423",T60500D
T60500D,N4374C,74,Health care and social assistance,2009,Persons,Level,3,"14,648",T60500D
T60500D,N4374C,74,Health care and social assistance,2010,Persons,Level,3,"14,903",T60500D
T60500D,N4374C,74,Health care and social assistance,2011,Persons,Level,3,"15,093",T60500D
T60500D,N4374C,74,Health care and social assistance,2012,Persons,Level,3,"15,733",T60500D
T60500D,N4374C,74,Health care and social assistance,2013,Persons,Level,3,"16,129",T60500D
T60500D,N4374C,74,Health care and social assistance,2014,Persons,Level,3,"16,441",T60500D
T60500D,N4374C,74,Health care and social assistance,2015,Persons,Level,3,"16,901",T60500D
T60500D,N4374C,74,Health care and social assistance,2016,Persons,Level,3,"17,362",T60500D
T60500D,N4374C,74,Health care and social assistance,2017,Persons,Level,3,"17,822",T60500D
T60500D,N4374C,74,Health care and social assistance,2018,Persons,Level,3,"18,255",T60500D
T60500D,N4374C,74,Health care and social assistance,2019,Persons,Level,3,"18,617",T60500D
T60500D,N4374C,74,Health care and social assistance,2020,Persons,Level,3,"18,182",T60500D
T60500D,N4374C,74,Health care and social assistance,2021,Persons,Level,3,"18,525",T60500D
T60500D,N4374C,74,Health care and social assistance,2022,Persons,Level,3,"18,894",T60500D
T60500D,N4374C,74,Health care and social assistance,2023,Persons,Level,3,"19,764",T60500D
T60500D,N4374C,74,Health care and social assistance,2024,Persons,Level,3,"20,544",T60500D
T60500D,N4375C,75,Ambulatory health care services,1998,Persons,Level,3,"3,803",T60500D
T60500D,N4375C,75,Ambulatory health care services,1999,Persons,Level,3,"3,831",T60500D
T60500D,N4375C,75,Ambulatory health care services,2000,Persons,Level,3,"3,929",T60500D
T60500D,N4375C,75,Ambulatory health care services,2001,Persons,Level,3,"4,054",T60500D
T60500D,N4375C,75,Ambulatory health care services,2002,Persons,Level,3,"4,189",T60500D
T60500D,N4375C,75,Ambulatory health care services,2003,Persons,Level,3,"4,340",T60500D
T60500D,N4375C,75,Ambulatory health care services,2004,Persons,Level,3,"4,472",T60500D
T60500D,N4375C,75,Ambulatory health care services,2005,Persons,Level,3,"4,647",T60500D
T60500D,N4375C,75,Ambulatory health care services,2006,Persons,Level,3,"4,835",T60500D
T60500D,N4375C,75,Ambulatory health care services,2007,Persons,Level,3,"4,959",T60500D
T60500D,N4375C,75,Ambulatory health care services,2008,Persons,Level,3,"5,116",T60500D
T60500D,N4375C,75,Ambulatory health care services,2009,Persons,Level,3,"5,216",T60500D
T60500D,N4375C,75,Ambulatory health care services,2010,Persons,Level,3,"5,368",T60500D
T60500D,N4375C,75,Ambulatory health care services,2011,Persons,Level,3,"5,524",T60500D
T60500D,N4375C,75,Ambulatory health care services,2012,Persons,Level,3,"5,691",T60500D
T60500D,N4375C,75,Ambulatory health care services,2013,Persons,Level,3,"5,831",T60500D
T60500D,N4375C,75,Ambulatory health care services,2014,Persons,Level,3,"6,004",T60500D
T60500D,N4375C,75,Ambulatory health care services,2015,Persons,Level,3,"6,189",T60500D
T60500D,N4375C,75,Ambulatory health care services,2016,Persons,Level,3,"6,388",T60500D
T60500D,N4375C,75,Ambulatory health care services,2017,Persons,Level,3,"6,615",T60500D
T60500D,N4375C,75,Ambulatory health care services,2018,Persons,Level,3,"6,826",T60500D
T60500D,N4375C,75,Ambulatory health care services,2019,Persons,Level,3,"7,002",T60500D
T60500D,N4375C,75,Ambulatory health care services,2020,Persons,Level,3,"6,839",T60500D
T60500D,N4375C,75,Ambulatory health care services,2021,Persons,Level,3,"7,203",T60500D
T60500D,N4375C,75,Ambulatory health care services,2022,Persons,Level,3,"7,427",T60500D
T60500D,N4375C,75,Ambulatory health care services,2023,Persons,Level,3,"7,735",T60500D
T60500D,N4375C,75,Ambulatory health care services,2024,Persons,Level,3,"8,002",T60500D
T60500D,N4390C,76,Hospitals,1998,Persons,Level,3,"3,440",T60500D
T60500D,N4390C,76,Hospitals,1999,Persons,Level,3,"3,499",T60500D
T60500D,N4390C,76,Hospitals,2000,Persons,Level,3,"3,527",T60500D
T60500D,N4390C,76,Hospitals,2001,Persons,Level,3,"3,758",T60500D
T60500D,N4390C,76,Hospitals,2002,Persons,Level,3,"3,875",T60500D
T60500D,N4390C,76,Hospitals,2003,Persons,Level,3,"3,935",T60500D
T60500D,N4390C,76,Hospitals,2004,Persons,Level,3,"3,983",T60500D
T60500D,N4390C,76,Hospitals,2005,Persons,Level,3,"4,061",T60500D
T60500D,N4390C,76,Hospitals,2006,Persons,Level,3,"4,150",T60500D
T60500D,N4390C,76,Hospitals,2007,Persons,Level,3,"4,245",T60500D
T60500D,N4390C,76,Hospitals,2008,Persons,Level,3,"4,347",T60500D
T60500D,N4390C,76,Hospitals,2009,Persons,Level,3,"4,393",T60500D
T60500D,N4390C,76,Hospitals,2010,Persons,Level,3,"4,398",T60500D
T60500D,N4390C,76,Hospitals,2011,Persons,Level,3,"4,425",T60500D
T60500D,N4390C,76,Hospitals,2012,Persons,Level,3,"4,489",T60500D
T60500D,N4390C,76,Hospitals,2013,Persons,Level,3,"4,502",T60500D
T60500D,N4390C,76,Hospitals,2014,Persons,Level,3,"4,499",T60500D
T60500D,N4390C,76,Hospitals,2015,Persons,Level,3,"4,630",T60500D
T60500D,N4390C,76,Hospitals,2016,Persons,Level,3,"4,722",T60500D
T60500D,N4390C,76,Hospitals,2017,Persons,Level,3,"4,806",T60500D
T60500D,N4390C,76,Hospitals,2018,Persons,Level,3,"4,856",T60500D
T60500D,N4390C,76,Hospitals,2019,Persons,Level,3,"4,911",T60500D
T60500D,N4390C,76,Hospitals,2020,Persons,Level,3,"4,871",T60500D
T60500D,N4390C,76,Hospitals,2021,Persons,Level,3,"4,864",T60500D
T60500D,N4390C,76,Hospitals,2022,Persons,Level,3,"4,880",T60500D
T60500D,N4390C,76,Hospitals,2023,Persons,Level,3,"5,063",T60500D
T60500D,N4390C,76,Hospitals,2024,Persons,Level,3,"5,226",T60500D
T60500D,N4391C,77,Nursing and residential care facilities,1998,Persons,Level,3,"2,289",T60500D
T60500D,N4391C,77,Nursing and residential care facilities,1999,Persons,Level,3,"2,326",T60500D
T60500D,N4391C,77,Nursing and residential care facilities,2000,Persons,Level,3,"2,374",T60500D
T60500D,N4391C,77,Nursing and residential care facilities,2001,Persons,Level,3,"2,452",T60500D
T60500D,N4391C,77,Nursing and residential care facilities,2002,Persons,Level,3,"2,496",T60500D
T60500D,N4391C,77,Nursing and residential care facilities,2003,Persons,Level,3,"2,536",T60500D
T60500D,N4391C,77,Nursing and residential care facilities,2004,Persons,Level,3,"2,558",T60500D
T60500D,N4391C,77,Nursing and residential care facilities,2005,Persons,Level,3,"2,589",T60500D
T60500D,N4391C,77,Nursing and residential care facilities,2006,Persons,Level,3,"2,636",T60500D
T60500D,N4391C,77,Nursing and residential care facilities,2007,Persons,Level,3,"2,671",T60500D
T60500D,N4391C,77,Nursing and residential care facilities,2008,Persons,Level,3,"2,741",T60500D
T60500D,N4391C,77,Nursing and residential care facilities,2009,Persons,Level,3,"2,787",T60500D
T60500D,N4391C,77,Nursing and residential care facilities,2010,Persons,Level,3,"2,838",T60500D
T60500D,N4391C,77,Nursing and residential care facilities,2011,Persons,Level,3,"2,865",T60500D
T60500D,N4391C,77,Nursing and residential care facilities,2012,Persons,Level,3,"2,898",T60500D
T60500D,N4391C,77,Nursing and residential care facilities,2013,Persons,Level,3,"2,925",T60500D
T60500D,N4391C,77,Nursing and residential care facilities,2014,Persons,Level,3,"2,968",T60500D
T60500D,N4391C,77,Nursing and residential care facilities,2015,Persons,Level,3,"2,978",T60500D
T60500D,N4391C,77,Nursing and residential care facilities,2016,Persons,Level,3,"3,038",T60500D
T60500D,N4391C,77,Nursing and residential care facilities,2017,Persons,Level,3,"3,037",T60500D
T60500D,N4391C,77,Nursing and residential care facilities,2018,Persons,Level,3,"3,079",T60500D
T60500D,N4391C,77,Nursing and residential care facilities,2019,Persons,Level,3,"3,067",T60500D
T60500D,N4391C,77,Nursing and residential care facilities,2020,Persons,Level,3,"2,932",T60500D
T60500D,N4391C,77,Nursing and residential care facilities,2021,Persons,Level,3,"2,814",T60500D
T60500D,N4391C,77,Nursing and residential care facilities,2022,Persons,Level,3,"2,746",T60500D
T60500D,N4391C,77,Nursing and residential care facilities,2023,Persons,Level,3,"2,907",T60500D
T60500D,N4391C,77,Nursing and residential care facilities,2024,Persons,Level,3,"3,030",T60500D
T60500D,N4392C,78,Social assistance,1998,Persons,Level,3,"1,614",T60500D
T60500D,N4392C,78,Social assistance,1999,Persons,Level,3,"1,719",T60500D
T60500D,N4392C,78,Social assistance,2000,Persons,Level,3,"1,806",T60500D
T60500D,N4392C,78,Social assistance,2001,Persons,Level,3,"1,691",T60500D
T60500D,N4392C,78,Social assistance,2002,Persons,Level,3,"1,777",T60500D
T60500D,N4392C,78,Social assistance,2003,Persons,Level,3,"1,847",T60500D
T60500D,N4392C,78,Social assistance,2004,Persons,Level,3,"1,901",T60500D
T60500D,N4392C,78,Social assistance,2005,Persons,Level,3,"1,960",T60500D
T60500D,N4392C,78,Social assistance,2006,Persons,Level,3,"2,066",T60500D
T60500D,N4392C,78,Social assistance,2007,Persons,Level,3,"2,143",T60500D
T60500D,N4392C,78,Social assistance,2008,Persons,Level,3,"2,219",T60500D
T60500D,N4392C,78,Social assistance,2009,Persons,Level,3,"2,253",T60500D
T60500D,N4392C,78,Social assistance,2010,Persons,Level,3,"2,299",T60500D
T60500D,N4392C,78,Social assistance,2011,Persons,Level,3,"2,279",T60500D
T60500D,N4392C,78,Social assistance,2012,Persons,Level,3,"2,654",T60500D
T60500D,N4392C,78,Social assistance,2013,Persons,Level,3,"2,871",T60500D
T60500D,N4392C,78,Social assistance,2014,Persons,Level,3,"2,970",T60500D
T60500D,N4392C,78,Social assistance,2015,Persons,Level,3,"3,104",T60500D
T60500D,N4392C,78,Social assistance,2016,Persons,Level,3,"3,214",T60500D
T60500D,N4392C,78,Social assistance,2017,Persons,Level,3,"3,364",T60500D
T60500D,N4392C,78,Social assistance,2018,Persons,Level,3,"3,494",T60500D
T60500D,N4392C,78,Social assistance,2019,Persons,Level,3,"3,638",T60500D
T60500D,N4392C,78,Social assistance,2020,Persons,Level,3,"3,539",T60500D
T60500D,N4392C,78,Social assistance,2021,Persons,Level,3,"3,644",T60500D
T60500D,N4392C,78,Social assistance,2022,Persons,Level,3,"3,841",T60500D
T60500D,N4392C,78,Social assistance,2023,Persons,Level,3,"4,059",T60500D
T60500D,N4392C,78,Social assistance,2024,Persons,Level,3,"4,285",T60500D
T60500D,N4393C,79,"Arts, entertainment, and recreation",1998,Persons,Level,3,"1,327",T60500D
T60500D,N4393C,79,"Arts, entertainment, and recreation",1999,Persons,Level,3,"1,388",T60500D
T60500D,N4393C,79,"Arts, entertainment, and recreation",2000,Persons,Level,3,"1,478",T60500D
T60500D,N4393C,79,"Arts, entertainment, and recreation",2001,Persons,Level,3,"1,526",T60500D
T60500D,N4393C,79,"Arts, entertainment, and recreation",2002,Persons,Level,3,"1,538",T60500D
T60500D,N4393C,79,"Arts, entertainment, and recreation",2003,Persons,Level,3,"1,514",T60500D
T60500D,N4393C,79,"Arts, entertainment, and recreation",2004,Persons,Level,3,"1,550",T60500D
T60500D,N4393C,79,"Arts, entertainment, and recreation",2005,Persons,Level,3,"1,597",T60500D
T60500D,N4393C,79,"Arts, entertainment, and recreation",2006,Persons,Level,3,"1,615",T60500D
T60500D,N4393C,79,"Arts, entertainment, and recreation",2007,Persons,Level,3,"1,672",T60500D
T60500D,N4393C,79,"Arts, entertainment, and recreation",2008,Persons,Level,3,"1,657",T60500D
T60500D,N4393C,79,"Arts, entertainment, and recreation",2009,Persons,Level,3,"1,600",T60500D
T60500D,N4393C,79,"Arts, entertainment, and recreation",2010,Persons,Level,3,"1,596",T60500D
T60500D,N4393C,79,"Arts, entertainment, and recreation",2011,Persons,Level,3,"1,590",T60500D
T60500D,N4393C,79,"Arts, entertainment, and recreation",2012,Persons,Level,3,"1,631",T60500D
T60500D,N4393C,79,"Arts, entertainment, and recreation",2013,Persons,Level,3,"1,689",T60500D
T60500D,N4393C,79,"Arts, entertainment, and recreation",2014,Persons,Level,3,"1,784",T60500D
T60500D,N4393C,79,"Arts, entertainment, and recreation",2015,Persons,Level,3,"1,800",T60500D
T60500D,N4393C,79,"Arts, entertainment, and recreation",2016,Persons,Level,3,"1,866",T60500D
T60500D,N4393C,79,"Arts, entertainment, and recreation",2017,Persons,Level,3,"1,910",T60500D
T60500D,N4393C,79,"Arts, entertainment, and recreation",2018,Persons,Level,3,"1,993",T60500D
T60500D,N4393C,79,"Arts, entertainment, and recreation",2019,Persons,Level,3,"2,040",T60500D
T60500D,N4393C,79,"Arts, entertainment, and recreation",2020,Persons,Level,3,"1,446",T60500D
T60500D,N4393C,79,"Arts, entertainment, and recreation",2021,Persons,Level,3,"1,669",T60500D
T60500D,N4393C,79,"Arts, entertainment, and recreation",2022,Persons,Level,3,"1,890",T60500D
T60500D,N4393C,79,"Arts, entertainment, and recreation",2023,Persons,Level,3,"2,102",T60500D
T60500D,N4393C,79,"Arts, entertainment, and recreation",2024,Persons,Level,3,"2,158",T60500D
T60500D,N4394C,80,"Performing arts, spectator sports, museums, and related activities",1998,Persons,Level,3,375,T60500D
T60500D,N4394C,80,"Performing arts, spectator sports, museums, and related activities",1999,Persons,Level,3,387,T60500D
T60500D,N4394C,80,"Performing arts, spectator sports, museums, and related activities",2000,Persons,Level,3,413,T60500D
T60500D,N4394C,80,"Performing arts, spectator sports, museums, and related activities",2001,Persons,Level,3,429,T60500D
T60500D,N4394C,80,"Performing arts, spectator sports, museums, and related activities",2002,Persons,Level,3,427,T60500D
T60500D,N4394C,80,"Performing arts, spectator sports, museums, and related activities",2003,Persons,Level,3,418,T60500D
T60500D,N4394C,80,"Performing arts, spectator sports, museums, and related activities",2004,Persons,Level,3,423,T60500D
T60500D,N4394C,80,"Performing arts, spectator sports, museums, and related activities",2005,Persons,Level,3,433,T60500D
T60500D,N4394C,80,"Performing arts, spectator sports, museums, and related activities",2006,Persons,Level,3,443,T60500D
T60500D,N4394C,80,"Performing arts, spectator sports, museums, and related activities",2007,Persons,Level,3,462,T60500D
T60500D,N4394C,80,"Performing arts, spectator sports, museums, and related activities",2008,Persons,Level,3,458,T60500D
T60500D,N4394C,80,"Performing arts, spectator sports, museums, and related activities",2009,Persons,Level,3,441,T60500D
T60500D,N4394C,80,"Performing arts, spectator sports, museums, and related activities",2010,Persons,Level,3,440,T60500D
T60500D,N4394C,80,"Performing arts, spectator sports, museums, and related activities",2011,Persons,Level,3,441,T60500D
T60500D,N4394C,80,"Performing arts, spectator sports, museums, and related activities",2012,Persons,Level,3,453,T60500D
T60500D,N4394C,80,"Performing arts, spectator sports, museums, and related activities",2013,Persons,Level,3,474,T60500D
T60500D,N4394C,80,"Performing arts, spectator sports, museums, and related activities",2014,Persons,Level,3,504,T60500D
T60500D,N4394C,80,"Performing arts, spectator sports, museums, and related activities",2015,Persons,Level,3,509,T60500D
T60500D,N4394C,80,"Performing arts, spectator sports, museums, and related activities",2016,Persons,Level,3,524,T60500D
T60500D,N4394C,80,"Performing arts, spectator sports, museums, and related activities",2017,Persons,Level,3,540,T60500D
T60500D,N4394C,80,"Performing arts, spectator sports, museums, and related activities",2018,Persons,Level,3,565,T60500D
T60500D,N4394C,80,"Performing arts, spectator sports, museums, and related activities",2019,Persons,Level,3,578,T60500D
T60500D,N4394C,80,"Performing arts, spectator sports, museums, and related activities",2020,Persons,Level,3,393,T60500D
T60500D,N4394C,80,"Performing arts, spectator sports, museums, and related activities",2021,Persons,Level,3,445,T60500D
T60500D,N4394C,80,"Performing arts, spectator sports, museums, and related activities",2022,Persons,Level,3,539,T60500D
T60500D,N4394C,80,"Performing arts, spectator sports, museums, and related activities",2023,Persons,Level,3,603,T60500D
T60500D,N4394C,80,"Performing arts, spectator sports, museums, and related activities",2024,Persons,Level,3,625,T60500D
T60500D,N4395C,81,"Amusements, gambling, and recreation industries",1998,Persons,Level,3,952,T60500D
T60500D,N4395C,81,"Amusements, gambling, and recreation industries",1999,Persons,Level,3,"1,001",T60500D
T60500D,N4395C,81,"Amusements, gambling, and recreation industries",2000,Persons,Level,3,"1,064",T60500D
T60500D,N4395C,81,"Amusements, gambling, and recreation industries",2001,Persons,Level,3,"1,097",T60500D
T60500D,N4395C,81,"Amusements, gambling, and recreation industries",2002,Persons,Level,3,"1,111",T60500D
T60500D,N4395C,81,"Amusements, gambling, and recreation industries",2003,Persons,Level,3,"1,096",T60500D
T60500D,N4395C,81,"Amusements, gambling, and recreation industries",2004,Persons,Level,3,"1,127",T60500D
T60500D,N4395C,81,"Amusements, gambling, and recreation industries",2005,Persons,Level,3,"1,165",T60500D
T60500D,N4395C,81,"Amusements, gambling, and recreation industries",2006,Persons,Level,3,"1,172",T60500D
T60500D,N4395C,81,"Amusements, gambling, and recreation industries",2007,Persons,Level,3,"1,210",T60500D
T60500D,N4395C,81,"Amusements, gambling, and recreation industries",2008,Persons,Level,3,"1,199",T60500D
T60500D,N4395C,81,"Amusements, gambling, and recreation industries",2009,Persons,Level,3,"1,160",T60500D
T60500D,N4395C,81,"Amusements, gambling, and recreation industries",2010,Persons,Level,3,"1,156",T60500D
T60500D,N4395C,81,"Amusements, gambling, and recreation industries",2011,Persons,Level,3,"1,149",T60500D
T60500D,N4395C,81,"Amusements, gambling, and recreation industries",2012,Persons,Level,3,"1,177",T60500D
T60500D,N4395C,81,"Amusements, gambling, and recreation industries",2013,Persons,Level,3,"1,215",T60500D
T60500D,N4395C,81,"Amusements, gambling, and recreation industries",2014,Persons,Level,3,"1,280",T60500D
T60500D,N4395C,81,"Amusements, gambling, and recreation industries",2015,Persons,Level,3,"1,292",T60500D
T60500D,N4395C,81,"Amusements, gambling, and recreation industries",2016,Persons,Level,3,"1,342",T60500D
T60500D,N4395C,81,"Amusements, gambling, and recreation industries",2017,Persons,Level,3,"1,370",T60500D
T60500D,N4395C,81,"Amusements, gambling, and recreation industries",2018,Persons,Level,3,"1,428",T60500D
T60500D,N4395C,81,"Amusements, gambling, and recreation industries",2019,Persons,Level,3,"1,462",T60500D
T60500D,N4395C,81,"Amusements, gambling, and recreation industries",2020,Persons,Level,3,"1,053",T60500D
T60500D,N4395C,81,"Amusements, gambling, and recreation industries",2021,Persons,Level,3,"1,225",T60500D
T60500D,N4395C,81,"Amusements, gambling, and recreation industries",2022,Persons,Level,3,"1,351",T60500D
T60500D,N4395C,81,"Amusements, gambling, and recreation industries",2023,Persons,Level,3,"1,499",T60500D
T60500D,N4395C,81,"Amusements, gambling, and recreation industries",2024,Persons,Level,3,"1,533",T60500D
T60500D,N4396C,82,Accommodation and food services,1998,Persons,Level,3,"7,946",T60500D
T60500D,N4396C,82,Accommodation and food services,1999,Persons,Level,3,"8,207",T60500D
T60500D,N4396C,82,Accommodation and food services,2000,Persons,Level,3,"8,412",T60500D
T60500D,N4396C,82,Accommodation and food services,2001,Persons,Level,3,"8,309",T60500D
T60500D,N4396C,82,Accommodation and food services,2002,Persons,Level,3,"8,344",T60500D
T60500D,N4396C,82,Accommodation and food services,2003,Persons,Level,3,"8,460",T60500D
T60500D,N4396C,82,Accommodation and food services,2004,Persons,Level,3,"8,484",T60500D
T60500D,N4396C,82,Accommodation and food services,2005,Persons,Level,3,"8,934",T60500D
T60500D,N4396C,82,Accommodation and food services,2006,Persons,Level,3,"9,197",T60500D
T60500D,N4396C,82,Accommodation and food services,2007,Persons,Level,3,"9,365",T60500D
T60500D,N4396C,82,Accommodation and food services,2008,Persons,Level,3,"9,359",T60500D
T60500D,N4396C,82,Accommodation and food services,2009,Persons,Level,3,"8,898",T60500D
T60500D,N4396C,82,Accommodation and food services,2010,Persons,Level,3,"8,880",T60500D
T60500D,N4396C,82,Accommodation and food services,2011,Persons,Level,3,"9,153",T60500D
T60500D,N4396C,82,Accommodation and food services,2012,Persons,Level,3,"9,544",T60500D
T60500D,N4396C,82,Accommodation and food services,2013,Persons,Level,3,"9,822",T60500D
T60500D,N4396C,82,Accommodation and food services,2014,Persons,Level,3,"10,115",T60500D
T60500D,N4396C,82,Accommodation and food services,2015,Persons,Level,3,"10,566",T60500D
T60500D,N4396C,82,Accommodation and food services,2016,Persons,Level,3,"10,920",T60500D
T60500D,N4396C,82,Accommodation and food services,2017,Persons,Level,3,"11,163",T60500D
T60500D,N4396C,82,Accommodation and food services,2018,Persons,Level,3,"11,342",T60500D
T60500D,N4396C,82,Accommodation and food services,2019,Persons,Level,3,"11,591",T60500D
T60500D,N4396C,82,Accommodation and food services,2020,Persons,Level,3,"8,986",T60500D
T60500D,N4396C,82,Accommodation and food services,2021,Persons,Level,3,"9,897",T60500D
T60500D,N4396C,82,Accommodation and food services,2022,Persons,Level,3,"10,945",T60500D
T60500D,N4396C,82,Accommodation and food services,2023,Persons,Level,3,"11,380",T60500D
T60500D,N4396C,82,Accommodation and food services,2024,Persons,Level,3,"11,395",T60500D
T60500D,N4397C,83,Accommodation,1998,Persons,Level,3,"1,566",T60500D
T60500D,N4397C,83,Accommodation,1999,Persons,Level,3,"1,612",T60500D
T60500D,N4397C,83,Accommodation,2000,Persons,Level,3,"1,654",T60500D
T60500D,N4397C,83,Accommodation,2001,Persons,Level,3,"1,674",T60500D
T60500D,N4397C,83,Accommodation,2002,Persons,Level,3,"1,629",T60500D
T60500D,N4397C,83,Accommodation,2003,Persons,Level,3,"1,620",T60500D
T60500D,N4397C,83,Accommodation,2004,Persons,Level,3,"1,448",T60500D
T60500D,N4397C,83,Accommodation,2005,Persons,Level,3,"1,672",T60500D
T60500D,N4397C,83,Accommodation,2006,Persons,Level,3,"1,687",T60500D
T60500D,N4397C,83,Accommodation,2007,Persons,Level,3,"1,717",T60500D
T60500D,N4397C,83,Accommodation,2008,Persons,Level,3,"1,730",T60500D
T60500D,N4397C,83,Accommodation,2009,Persons,Level,3,"1,570",T60500D
T60500D,N4397C,83,Accommodation,2010,Persons,Level,3,"1,559",T60500D
T60500D,N4397C,83,Accommodation,2011,Persons,Level,3,"1,611",T60500D
T60500D,N4397C,83,Accommodation,2012,Persons,Level,3,"1,639",T60500D
T60500D,N4397C,83,Accommodation,2013,Persons,Level,3,"1,686",T60500D
T60500D,N4397C,83,Accommodation,2014,Persons,Level,3,"1,709",T60500D
T60500D,N4397C,83,Accommodation,2015,Persons,Level,3,"1,753",T60500D
T60500D,N4397C,83,Accommodation,2016,Persons,Level,3,"1,778",T60500D
T60500D,N4397C,83,Accommodation,2017,Persons,Level,3,"1,804",T60500D
T60500D,N4397C,83,Accommodation,2018,Persons,Level,3,"1,839",T60500D
T60500D,N4397C,83,Accommodation,2019,Persons,Level,3,"1,890",T60500D
T60500D,N4397C,83,Accommodation,2020,Persons,Level,3,"1,265",T60500D
T60500D,N4397C,83,Accommodation,2021,Persons,Level,3,"1,372",T60500D
T60500D,N4397C,83,Accommodation,2022,Persons,Level,3,"1,626",T60500D
T60500D,N4397C,83,Accommodation,2023,Persons,Level,3,"1,740",T60500D
T60500D,N4397C,83,Accommodation,2024,Persons,Level,3,"1,763",T60500D
T60500D,N4398C,84,Food services and drinking places,1998,Persons,Level,3,"6,379",T60500D
T60500D,N4398C,84,Food services and drinking places,1999,Persons,Level,3,"6,594",T60500D
T60500D,N4398C,84,Food services and drinking places,2000,Persons,Level,3,"6,757",T60500D
T60500D,N4398C,84,Food services and drinking places,2001,Persons,Level,3,"6,635",T60500D
T60500D,N4398C,84,Food services and drinking places,2002,Persons,Level,3,"6,715",T60500D
T60500D,N4398C,84,Food services and drinking places,2003,Persons,Level,3,"6,840",T60500D
T60500D,N4398C,84,Food services and drinking places,2004,Persons,Level,3,"7,037",T60500D
T60500D,N4398C,84,Food services and drinking places,2005,Persons,Level,3,"7,262",T60500D
T60500D,N4398C,84,Food services and drinking places,2006,Persons,Level,3,"7,511",T60500D
T60500D,N4398C,84,Food services and drinking places,2007,Persons,Level,3,"7,649",T60500D
T60500D,N4398C,84,Food services and drinking places,2008,Persons,Level,3,"7,628",T60500D
T60500D,N4398C,84,Food services and drinking places,2009,Persons,Level,3,"7,328",T60500D
T60500D,N4398C,84,Food services and drinking places,2010,Persons,Level,3,"7,320",T60500D
T60500D,N4398C,84,Food services and drinking places,2011,Persons,Level,3,"7,543",T60500D
T60500D,N4398C,84,Food services and drinking places,2012,Persons,Level,3,"7,905",T60500D
T60500D,N4398C,84,Food services and drinking places,2013,Persons,Level,3,"8,135",T60500D
T60500D,N4398C,84,Food services and drinking places,2014,Persons,Level,3,"8,407",T60500D
T60500D,N4398C,84,Food services and drinking places,2015,Persons,Level,3,"8,813",T60500D
T60500D,N4398C,84,Food services and drinking places,2016,Persons,Level,3,"9,142",T60500D
T60500D,N4398C,84,Food services and drinking places,2017,Persons,Level,3,"9,358",T60500D
T60500D,N4398C,84,Food services and drinking places,2018,Persons,Level,3,"9,502",T60500D
T60500D,N4398C,84,Food services and drinking places,2019,Persons,Level,3,"9,701",T60500D
T60500D,N4398C,84,Food services and drinking places,2020,Persons,Level,3,"7,722",T60500D
T60500D,N4398C,84,Food services and drinking places,2021,Persons,Level,3,"8,525",T60500D
T60500D,N4398C,84,Food services and drinking places,2022,Persons,Level,3,"9,320",T60500D
T60500D,N4398C,84,Food services and drinking places,2023,Persons,Level,3,"9,640",T60500D
T60500D,N4398C,84,Food services and drinking places,2024,Persons,Level,3,"9,632",T60500D
T60500D,N4399C,85,"Other services, except government",1998,Persons,Level,3,"5,471",T60500D
T60500D,N4399C,85,"Other services, except government",1999,Persons,Level,3,"5,571",T60500D
T60500D,N4399C,85,"Other services, except government",2000,Persons,Level,3,"5,649",T60500D
T60500D,N4399C,85,"Other services, except government",2001,Persons,Level,3,"5,646",T60500D
T60500D,N4399C,85,"Other services, except government",2002,Persons,Level,3,"5,778",T60500D
T60500D,N4399C,85,"Other services, except government",2003,Persons,Level,3,"5,797",T60500D
T60500D,N4399C,85,"Other services, except government",2004,Persons,Level,3,"5,851",T60500D
T60500D,N4399C,85,"Other services, except government",2005,Persons,Level,3,"5,812",T60500D
T60500D,N4399C,85,"Other services, except government",2006,Persons,Level,3,"5,841",T60500D
T60500D,N4399C,85,"Other services, except government",2007,Persons,Level,3,"5,945",T60500D
T60500D,N4399C,85,"Other services, except government",2008,Persons,Level,3,"5,972",T60500D
T60500D,N4399C,85,"Other services, except government",2009,Persons,Level,3,"5,695",T60500D
T60500D,N4399C,85,"Other services, except government",2010,Persons,Level,3,"5,551",T60500D
T60500D,N4399C,85,"Other services, except government",2011,Persons,Level,3,"5,553",T60500D
T60500D,N4399C,85,"Other services, except government",2012,Persons,Level,3,"5,681",T60500D
T60500D,N4399C,85,"Other services, except government",2013,Persons,Level,3,"5,670",T60500D
T60500D,N4399C,85,"Other services, except government",2014,Persons,Level,3,"5,897",T60500D
T60500D,N4399C,85,"Other services, except government",2015,Persons,Level,3,"5,993",T60500D
T60500D,N4399C,85,"Other services, except government",2016,Persons,Level,3,"6,003",T60500D
T60500D,N4399C,85,"Other services, except government",2017,Persons,Level,3,"6,004",T60500D
T60500D,N4399C,85,"Other services, except government",2018,Persons,Level,3,"6,173",T60500D
T60500D,N4399C,85,"Other services, except government",2019,Persons,Level,3,"6,315",T60500D
T60500D,N4399C,85,"Other services, except government",2020,Persons,Level,3,"5,696",T60500D
T60500D,N4399C,85,"Other services, except government",2021,Persons,Level,3,"5,816",T60500D
T60500D,N4399C,85,"Other services, except government",2022,Persons,Level,3,"6,075",T60500D
T60500D,N4399C,85,"Other services, except government",2023,Persons,Level,3,"6,159",T60500D
T60500D,N4399C,85,"Other services, except government",2024,Persons,Level,3,"6,232",T60500D
T60500D,A4376C,86,Government,1998,Persons,Level,3,"18,701",T60500D
T60500D,A4376C,86,Government,1999,Persons,Level,3,"18,844",T60500D
T60500D,A4376C,86,Government,2000,Persons,Level,3,"19,101",T60500D
T60500D,A4376C,86,Government,2001,Persons,Level,3,"19,431",T60500D
T60500D,A4376C,86,Government,2002,Persons,Level,3,"19,816",T60500D
T60500D,A4376C,86,Government,2003,Persons,Level,3,"19,921",T60500D
T60500D,A4376C,86,Government,2004,Persons,Level,3,"19,957",T60500D
T60500D,A4376C,86,Government,2005,Persons,Level,3,"19,998",T60500D
T60500D,A4376C,86,Government,2006,Persons,Level,3,"20,031",T60500D
T60500D,A4376C,86,Government,2007,Persons,Level,3,"20,259",T60500D
T60500D,A4376C,86,Government,2008,Persons,Level,3,"20,571",T60500D
T60500D,A4376C,86,Government,2009,Persons,Level,3,"20,608",T60500D
T60500D,A4376C,86,Government,2010,Persons,Level,3,"20,564",T60500D
T60500D,A4376C,86,Government,2011,Persons,Level,3,"20,275",T60500D
T60500D,A4376C,86,Government,2012,Persons,Level,3,"20,035",T60500D
T60500D,A4376C,86,Government,2013,Persons,Level,3,"19,920",T60500D
T60500D,A4376C,86,Government,2014,Persons,Level,3,"20,031",T60500D
T60500D,A4376C,86,Government,2015,Persons,Level,3,"19,993",T60500D
T60500D,A4376C,86,Government,2016,Persons,Level,3,"20,276",T60500D
T60500D,A4376C,86,Government,2017,Persons,Level,3,"20,375",T60500D
T60500D,A4376C,86,Government,2018,Persons,Level,3,"20,538",T60500D
T60500D,A4376C,86,Government,2019,Persons,Level,3,"20,788",T60500D
T60500D,A4376C,86,Government,2020,Persons,Level,3,"20,286",T60500D
T60500D,A4376C,86,Government,2021,Persons,Level,3,"20,290",T60500D
T60500D,A4376C,86,Government,2022,Persons,Level,3,"20,615",T60500D
T60500D,A4376C,86,Government,2023,Persons,Level,3,"20,994",T60500D
T60500D,A4376C,86,Government,2024,Persons,Level,3,"21,632",T60500D
T60500D,A4377C,87,Federal,1998,Persons,Level,3,"4,205",T60500D
T60500D,A4377C,87,Federal,1999,Persons,Level,3,"4,162",T60500D
T60500D,A4377C,87,Federal,2000,Persons,Level,3,"4,171",T60500D
T60500D,A4377C,87,Federal,2001,Persons,Level,3,"4,134",T60500D
T60500D,A4377C,87,Federal,2002,Persons,Level,3,"4,196",T60500D
T60500D,A4377C,87,Federal,2003,Persons,Level,3,"4,253",T60500D
T60500D,A4377C,87,Federal,2004,Persons,Level,3,"4,210",T60500D
T60500D,A4377C,87,Federal,2005,Persons,Level,3,"4,165",T60500D
T60500D,A4377C,87,Federal,2006,Persons,Level,3,"4,155",T60500D
T60500D,A4377C,87,Federal,2007,Persons,Level,3,"4,207",T60500D
T60500D,A4377C,87,Federal,2008,Persons,Level,3,"4,284",T60500D
T60500D,A4377C,87,Federal,2009,Persons,Level,3,"4,339",T60500D
T60500D,A4377C,87,Federal,2010,Persons,Level,3,"4,400",T60500D
T60500D,A4377C,87,Federal,2011,Persons,Level,3,"4,340",T60500D
T60500D,A4377C,87,Federal,2012,Persons,Level,3,"4,279",T60500D
T60500D,A4377C,87,Federal,2013,Persons,Level,3,"4,201",T60500D
T60500D,A4377C,87,Federal,2014,Persons,Level,3,"4,135",T60500D
T60500D,A4377C,87,Federal,2015,Persons,Level,3,"4,137",T60500D
T60500D,A4377C,87,Federal,2016,Persons,Level,3,"4,167",T60500D
T60500D,A4377C,87,Federal,2017,Persons,Level,3,"4,149",T60500D
T60500D,A4377C,87,Federal,2018,Persons,Level,3,"4,165",T60500D
T60500D,A4377C,87,Federal,2019,Persons,Level,3,"4,219",T60500D
T60500D,A4377C,87,Federal,2020,Persons,Level,3,"4,290",T60500D
T60500D,A4377C,87,Federal,2021,Persons,Level,3,"4,322",T60500D
T60500D,A4377C,87,Federal,2022,Persons,Level,3,"4,341",T60500D
T60500D,A4377C,87,Federal,2023,Persons,Level,3,"4,276",T60500D
T60500D,A4377C,87,Federal,2024,Persons,Level,3,"4,263",T60500D
T60500D,A4378C,88,General government,1998,Persons,Level,3,"3,417",T60500D
T60500D,A4378C,88,General government,1999,Persons,Level,3,"3,370",T60500D
T60500D,A4378C,88,General government,2000,Persons,Level,3,"3,391",T60500D
T60500D,A4378C,88,General government,2001,Persons,Level,3,"3,356",T60500D
T60500D,A4378C,88,General government,2002,Persons,Level,3,"3,409",T60500D
T60500D,A4378C,88,General government,2003,Persons,Level,3,"3,486",T60500D
T60500D,A4378C,88,General government,2004,Persons,Level,3,"3,474",T60500D
T60500D,A4378C,88,General government,2005,Persons,Level,3,"3,439",T60500D
T60500D,A4378C,88,General government,2006,Persons,Level,3,"3,437",T60500D
T60500D,A4378C,88,General government,2007,Persons,Level,3,"3,444",T60500D
T60500D,A4378C,88,General government,2008,Persons,Level,3,"3,525",T60500D
T60500D,A4378C,88,General government,2009,Persons,Level,3,"3,660",T60500D
T60500D,A4378C,88,General government,2010,Persons,Level,3,"3,780",T60500D
T60500D,A4378C,88,General government,2011,Persons,Level,3,"3,749",T60500D
T60500D,A4378C,88,General government,2012,Persons,Level,3,"3,705",T60500D
T60500D,A4378C,88,General government,2013,Persons,Level,3,"3,654",T60500D
T60500D,A4378C,88,General government,2014,Persons,Level,3,"3,590",T60500D
T60500D,A4378C,88,General government,2015,Persons,Level,3,"3,576",T60500D
T60500D,A4378C,88,General government,2016,Persons,Level,3,"3,574",T60500D
T60500D,A4378C,88,General government,2017,Persons,Level,3,"3,588",T60500D
T60500D,A4378C,88,General government,2018,Persons,Level,3,"3,608",T60500D
T60500D,A4378C,88,General government,2019,Persons,Level,3,"3,666",T60500D
T60500D,A4378C,88,General government,2020,Persons,Level,3,"3,745",T60500D
T60500D,A4378C,88,General government,2021,Persons,Level,3,"3,748",T60500D
T60500D,A4378C,88,General government,2022,Persons,Level,3,"3,728",T60500D
T60500D,A4378C,88,General government,2023,Persons,Level,3,"3,728",T60500D
T60500D,A4378C,88,General government,2024,Persons,Level,3,"3,707",T60500D
T60500D,B4379C,89,Civilian,1998,Persons,Level,3,"1,846",T60500D
T60500D,B4379C,89,Civilian,1999,Persons,Level,3,"1,821",T60500D
T60500D,B4379C,89,Civilian,2000,Persons,Level,3,"1,844",T60500D
T60500D,B4379C,89,Civilian,2001,Persons,Level,3,"1,808",T60500D
T60500D,B4379C,89,Civilian,2002,Persons,Level,3,"1,832",T60500D
T60500D,B4379C,89,Civilian,2003,Persons,Level,3,"1,884",T60500D
T60500D,B4379C,89,Civilian,2004,Persons,Level,3,"1,882",T60500D
T60500D,B4379C,89,Civilian,2005,Persons,Level,3,"1,889",T60500D
T60500D,B4379C,89,Civilian,2006,Persons,Level,3,"1,890",T60500D
T60500D,B4379C,89,Civilian,2007,Persons,Level,3,"1,902",T60500D
T60500D,B4379C,89,Civilian,2008,Persons,Level,3,"1,959",T60500D
T60500D,B4379C,89,Civilian,2009,Persons,Level,3,"2,075",T60500D
T60500D,B4379C,89,Civilian,2010,Persons,Level,3,"2,181",T60500D
T60500D,B4379C,89,Civilian,2011,Persons,Level,3,"2,158",T60500D
T60500D,B4379C,89,Civilian,2012,Persons,Level,3,"2,140",T60500D
T60500D,B4379C,89,Civilian,2013,Persons,Level,3,"2,108",T60500D
T60500D,B4379C,89,Civilian,2014,Persons,Level,3,"2,091",T60500D
T60500D,B4379C,89,Civilian,2015,Persons,Level,3,"2,102",T60500D
T60500D,B4379C,89,Civilian,2016,Persons,Level,3,"2,114",T60500D
T60500D,B4379C,89,Civilian,2017,Persons,Level,3,"2,121",T60500D
T60500D,B4379C,89,Civilian,2018,Persons,Level,3,"2,132",T60500D
T60500D,B4379C,89,Civilian,2019,Persons,Level,3,"2,167",T60500D
T60500D,B4379C,89,Civilian,2020,Persons,Level,3,"2,240",T60500D
T60500D,B4379C,89,Civilian,2021,Persons,Level,3,"2,242",T60500D
T60500D,B4379C,89,Civilian,2022,Persons,Level,3,"2,257",T60500D
T60500D,B4379C,89,Civilian,2023,Persons,Level,3,"2,290",T60500D
T60500D,B4379C,89,Civilian,2024,Persons,Level,3,"2,275",T60500D
T60500D,B4380C,90,Military,1998,Persons,Level,3,"1,571","T60500D,T60500D.8"
T60500D,B4380C,90,Military,1999,Persons,Level,3,"1,549","T60500D,T60500D.8"
T60500D,B4380C,90,Military,2000,Persons,Level,3,"1,547","T60500D,T60500D.8"
T60500D,B4380C,90,Military,2001,Persons,Level,3,"1,548","T60500D,T60500D.8"
T60500D,B4380C,90,Military,2002,Persons,Level,3,"1,577","T60500D,T60500D.8"
T60500D,B4380C,90,Military,2003,Persons,Level,3,"1,602","T60500D,T60500D.8"
T60500D,B4380C,90,Military,2004,Persons,Level,3,"1,592","T60500D,T60500D.8"
T60500D,B4380C,90,Military,2005,Persons,Level,3,"1,550","T60500D,T60500D.8"
T60500D,B4380C,90,Military,2006,Persons,Level,3,"1,547","T60500D,T60500D.8"
T60500D,B4380C,90,Military,2007,Persons,Level,3,"1,542","T60500D,T60500D.8"
T60500D,B4380C,90,Military,2008,Persons,Level,3,"1,566","T60500D,T60500D.8"
T60500D,B4380C,90,Military,2009,Persons,Level,3,"1,585","T60500D,T60500D.8"
T60500D,B4380C,90,Military,2010,Persons,Level,3,"1,599","T60500D,T60500D.8"
T60500D,B4380C,90,Military,2011,Persons,Level,3,"1,591","T60500D,T60500D.8"
T60500D,B4380C,90,Military,2012,Persons,Level,3,"1,565","T60500D,T60500D.8"
T60500D,B4380C,90,Military,2013,Persons,Level,3,"1,546","T60500D,T60500D.8"
T60500D,B4380C,90,Military,2014,Persons,Level,3,"1,499","T60500D,T60500D.8"
T60500D,B4380C,90,Military,2015,Persons,Level,3,"1,474","T60500D,T60500D.8"
T60500D,B4380C,90,Military,2016,Persons,Level,3,"1,460","T60500D,T60500D.8"
T60500D,B4380C,90,Military,2017,Persons,Level,3,"1,467","T60500D,T60500D.8"
T60500D,B4380C,90,Military,2018,Persons,Level,3,"1,476","T60500D,T60500D.8"
T60500D,B4380C,90,Military,2019,Persons,Level,3,"1,499","T60500D,T60500D.8"
T60500D,B4380C,90,Military,2020,Persons,Level,3,"1,505","T60500D,T60500D.8"
T60500D,B4380C,90,Military,2021,Persons,Level,3,"1,507","T60500D,T60500D.8"
T60500D,B4380C,90,Military,2022,Persons,Level,3,"1,471","T60500D,T60500D.8"
T60500D,B4380C,90,Military,2023,Persons,Level,3,"1,438","T60500D,T60500D.8"
T60500D,B4380C,90,Military,2024,Persons,Level,3,"1,432","T60500D,T60500D.8"
T60500D,B4381C,91,Government enterprises,1998,Persons,Level,3,788,T60500D
T60500D,B4381C,91,Government enterprises,1999,Persons,Level,3,792,T60500D
T60500D,B4381C,91,Government enterprises,2000,Persons,Level,3,780,T60500D
T60500D,B4381C,91,Government enterprises,2001,Persons,Level,3,778,T60500D
T60500D,B4381C,91,Government enterprises,2002,Persons,Level,3,787,T60500D
T60500D,B4381C,91,Government enterprises,2003,Persons,Level,3,767,T60500D
T60500D,B4381C,91,Government enterprises,2004,Persons,Level,3,736,T60500D
T60500D,B4381C,91,Government enterprises,2005,Persons,Level,3,726,T60500D
T60500D,B4381C,91,Government enterprises,2006,Persons,Level,3,718,T60500D
T60500D,B4381C,91,Government enterprises,2007,Persons,Level,3,763,T60500D
T60500D,B4381C,91,Government enterprises,2008,Persons,Level,3,759,T60500D
T60500D,B4381C,91,Government enterprises,2009,Persons,Level,3,679,T60500D
T60500D,B4381C,91,Government enterprises,2010,Persons,Level,3,620,T60500D
T60500D,B4381C,91,Government enterprises,2011,Persons,Level,3,591,T60500D
T60500D,B4381C,91,Government enterprises,2012,Persons,Level,3,574,T60500D
T60500D,B4381C,91,Government enterprises,2013,Persons,Level,3,547,T60500D
T60500D,B4381C,91,Government enterprises,2014,Persons,Level,3,545,T60500D
T60500D,B4381C,91,Government enterprises,2015,Persons,Level,3,562,T60500D
T60500D,B4381C,91,Government enterprises,2016,Persons,Level,3,592,T60500D
T60500D,B4381C,91,Government enterprises,2017,Persons,Level,3,562,T60500D
T60500D,B4381C,91,Government enterprises,2018,Persons,Level,3,557,T60500D
T60500D,B4381C,91,Government enterprises,2019,Persons,Level,3,552,T60500D
T60500D,B4381C,91,Government enterprises,2020,Persons,Level,3,545,T60500D
T60500D,B4381C,91,Government enterprises,2021,Persons,Level,3,574,T60500D
T60500D,B4381C,91,Government enterprises,2022,Persons,Level,3,613,T60500D
T60500D,B4381C,91,Government enterprises,2023,Persons,Level,3,548,T60500D
T60500D,B4381C,91,Government enterprises,2024,Persons,Level,3,556,T60500D
T60500D,A4382C,92,State and local,1998,Persons,Level,3,"14,496",T60500D
T60500D,A4382C,92,State and local,1999,Persons,Level,3,"14,682",T60500D
T60500D,A4382C,92,State and local,2000,Persons,Level,3,"14,930",T60500D
T60500D,A4382C,92,State and local,2001,Persons,Level,3,"15,297",T60500D
T60500D,A4382C,92,State and local,2002,Persons,Level,3,"15,620",T60500D
T60500D,A4382C,92,State and local,2003,Persons,Level,3,"15,668",T60500D
T60500D,A4382C,92,State and local,2004,Persons,Level,3,"15,747",T60500D
T60500D,A4382C,92,State and local,2005,Persons,Level,3,"15,833",T60500D
T60500D,A4382C,92,State and local,2006,Persons,Level,3,"15,876",T60500D
T60500D,A4382C,92,State and local,2007,Persons,Level,3,"16,052",T60500D
T60500D,A4382C,92,State and local,2008,Persons,Level,3,"16,287",T60500D
T60500D,A4382C,92,State and local,2009,Persons,Level,3,"16,269",T60500D
T60500D,A4382C,92,State and local,2010,Persons,Level,3,"16,164",T60500D
T60500D,A4382C,92,State and local,2011,Persons,Level,3,"15,935",T60500D
T60500D,A4382C,92,State and local,2012,Persons,Level,3,"15,756",T60500D
T60500D,A4382C,92,State and local,2013,Persons,Level,3,"15,719",T60500D
T60500D,A4382C,92,State and local,2014,Persons,Level,3,"15,896",T60500D
T60500D,A4382C,92,State and local,2015,Persons,Level,3,"15,856",T60500D
T60500D,A4382C,92,State and local,2016,Persons,Level,3,"16,109",T60500D
T60500D,A4382C,92,State and local,2017,Persons,Level,3,"16,226",T60500D
T60500D,A4382C,92,State and local,2018,Persons,Level,3,"16,373",T60500D
T60500D,A4382C,92,State and local,2019,Persons,Level,3,"16,569",T60500D
T60500D,A4382C,92,State and local,2020,Persons,Level,3,"15,996",T60500D
T60500D,A4382C,92,State and local,2021,Persons,Level,3,"15,968",T60500D
T60500D,A4382C,92,State and local,2022,Persons,Level,3,"16,274",T60500D
T60500D,A4382C,92,State and local,2023,Persons,Level,3,"16,718",T60500D
T60500D,A4382C,92,State and local,2024,Persons,Level,3,"17,369",T60500D
T60500D,A4383C,93,General government,1998,Persons,Level,3,"13,548",T60500D
T60500D,A4383C,93,General government,1999,Persons,Level,3,"13,726",T60500D
T60500D,A4383C,93,General government,2000,Persons,Level,3,"13,961",T60500D
T60500D,A4383C,93,General government,2001,Persons,Level,3,"14,279",T60500D
T60500D,A4383C,93,General government,2002,Persons,Level,3,"14,550",T60500D
T60500D,A4383C,93,General government,2003,Persons,Level,3,"14,590",T60500D
T60500D,A4383C,93,General government,2004,Persons,Level,3,"14,650",T60500D
T60500D,A4383C,93,General government,2005,Persons,Level,3,"14,731",T60500D
T60500D,A4383C,93,General government,2006,Persons,Level,3,"14,770",T60500D
T60500D,A4383C,93,General government,2007,Persons,Level,3,"14,937",T60500D
T60500D,A4383C,93,General government,2008,Persons,Level,3,"15,159",T60500D
T60500D,A4383C,93,General government,2009,Persons,Level,3,"15,145",T60500D
T60500D,A4383C,93,General government,2010,Persons,Level,3,"15,038",T60500D
T60500D,A4383C,93,General government,2011,Persons,Level,3,"14,828",T60500D
T60500D,A4383C,93,General government,2012,Persons,Level,3,"14,668",T60500D
T60500D,A4383C,93,General government,2013,Persons,Level,3,"14,657",T60500D
T60500D,A4383C,93,General government,2014,Persons,Level,3,"14,812",T60500D
T60500D,A4383C,93,General government,2015,Persons,Level,3,"14,790",T60500D
T60500D,A4383C,93,General government,2016,Persons,Level,3,"15,025",T60500D
T60500D,A4383C,93,General government,2017,Persons,Level,3,"15,139",T60500D
T60500D,A4383C,93,General government,2018,Persons,Level,3,"15,273",T60500D
T60500D,A4383C,93,General government,2019,Persons,Level,3,"15,459",T60500D
T60500D,A4383C,93,General government,2020,Persons,Level,3,"14,929",T60500D
T60500D,A4383C,93,General government,2021,Persons,Level,3,"14,904",T60500D
T60500D,A4383C,93,General government,2022,Persons,Level,3,"15,189",T60500D
T60500D,A4383C,93,General government,2023,Persons,Level,3,"15,580",T60500D
T60500D,A4383C,93,General government,2024,Persons,Level,3,"16,160",T60500D
T60500D,B4384C,94,Education,1998,Persons,Level,3,"7,234",T60500D
T60500D,B4384C,94,Education,1999,Persons,Level,3,"7,372",T60500D
T60500D,B4384C,94,Education,2000,Persons,Level,3,"7,572",T60500D
T60500D,B4384C,94,Education,2001,Persons,Level,3,"7,742",T60500D
T60500D,B4384C,94,Education,2002,Persons,Level,3,"7,925",T60500D
T60500D,B4384C,94,Education,2003,Persons,Level,3,"7,959",T60500D
T60500D,B4384C,94,Education,2004,Persons,Level,3,"7,954",T60500D
T60500D,B4384C,94,Education,2005,Persons,Level,3,"8,038",T60500D
T60500D,B4384C,94,Education,2006,Persons,Level,3,"8,049",T60500D
T60500D,B4384C,94,Education,2007,Persons,Level,3,"8,138",T60500D
T60500D,B4384C,94,Education,2008,Persons,Level,3,"8,250",T60500D
T60500D,B4384C,94,Education,2009,Persons,Level,3,"8,266",T60500D
T60500D,B4384C,94,Education,2010,Persons,Level,3,"8,178",T60500D
T60500D,B4384C,94,Education,2011,Persons,Level,3,"8,123",T60500D
T60500D,B4384C,94,Education,2012,Persons,Level,3,"8,024",T60500D
T60500D,B4384C,94,Education,2013,Persons,Level,3,"8,166",T60500D
T60500D,B4384C,94,Education,2014,Persons,Level,3,"8,252",T60500D
T60500D,B4384C,94,Education,2015,Persons,Level,3,"8,250",T60500D
T60500D,B4384C,94,Education,2016,Persons,Level,3,"8,392",T60500D
T60500D,B4384C,94,Education,2017,Persons,Level,3,"8,466",T60500D
T60500D,B4384C,94,Education,2018,Persons,Level,3,"8,530",T60500D
T60500D,B4384C,94,Education,2019,Persons,Level,3,"8,648",T60500D
T60500D,B4384C,94,Education,2020,Persons,Level,3,"8,262",T60500D
T60500D,B4384C,94,Education,2021,Persons,Level,3,"8,238",T60500D
T60500D,B4384C,94,Education,2022,Persons,Level,3,"8,463",T60500D
T60500D,B4384C,94,Education,2023,Persons,Level,3,"8,581",T60500D
T60500D,B4384C,94,Education,2024,Persons,Level,3,"8,676",T60500D
T60500D,B4385C,95,Other,1998,Persons,Level,3,"6,314","T60500D,T60500D.9"
T60500D,B4385C,95,Other,1999,Persons,Level,3,"6,354","T60500D,T60500D.9"
T60500D,B4385C,95,Other,2000,Persons,Level,3,"6,389","T60500D,T60500D.9"
T60500D,B4385C,95,Other,2001,Persons,Level,3,"6,537","T60500D,T60500D.9"
T60500D,B4385C,95,Other,2002,Persons,Level,3,"6,625","T60500D,T60500D.9"
T60500D,B4385C,95,Other,2003,Persons,Level,3,"6,631","T60500D,T60500D.9"
T60500D,B4385C,95,Other,2004,Persons,Level,3,"6,696","T60500D,T60500D.9"
T60500D,B4385C,95,Other,2005,Persons,Level,3,"6,693","T60500D,T60500D.9"
T60500D,B4385C,95,Other,2006,Persons,Level,3,"6,721","T60500D,T60500D.9"
T60500D,B4385C,95,Other,2007,Persons,Level,3,"6,799","T60500D,T60500D.9"
T60500D,B4385C,95,Other,2008,Persons,Level,3,"6,909","T60500D,T60500D.9"
T60500D,B4385C,95,Other,2009,Persons,Level,3,"6,879","T60500D,T60500D.9"
T60500D,B4385C,95,Other,2010,Persons,Level,3,"6,860","T60500D,T60500D.9"
T60500D,B4385C,95,Other,2011,Persons,Level,3,"6,705","T60500D,T60500D.9"
T60500D,B4385C,95,Other,2012,Persons,Level,3,"6,644","T60500D,T60500D.9"
T60500D,B4385C,95,Other,2013,Persons,Level,3,"6,491","T60500D,T60500D.9"
T60500D,B4385C,95,Other,2014,Persons,Level,3,"6,560","T60500D,T60500D.9"
T60500D,B4385C,95,Other,2015,Persons,Level,3,"6,540","T60500D,T60500D.9"
T60500D,B4385C,95,Other,2016,Persons,Level,3,"6,633","T60500D,T60500D.9"
T60500D,B4385C,95,Other,2017,Persons,Level,3,"6,673","T60500D,T60500D.9"
T60500D,B4385C,95,Other,2018,Persons,Level,3,"6,743","T60500D,T60500D.9"
T60500D,B4385C,95,Other,2019,Persons,Level,3,"6,811","T60500D,T60500D.9"
T60500D,B4385C,95,Other,2020,Persons,Level,3,"6,667","T60500D,T60500D.9"
T60500D,B4385C,95,Other,2021,Persons,Level,3,"6,666","T60500D,T60500D.9"
T60500D,B4385C,95,Other,2022,Persons,Level,3,"6,726","T60500D,T60500D.9"
T60500D,B4385C,95,Other,2023,Persons,Level,3,"6,999","T60500D,T60500D.9"
T60500D,B4385C,95,Other,2024,Persons,Level,3,"7,484","T60500D,T60500D.9"
T60500D,B4386C,96,Government enterprises,1998,Persons,Level,3,948,"T60500D,T60500D.9"
T60500D,B4386C,96,Government enterprises,1999,Persons,Level,3,956,"T60500D,T60500D.9"
T60500D,B4386C,96,Government enterprises,2000,Persons,Level,3,969,"T60500D,T60500D.9"
T60500D,B4386C,96,Government enterprises,2001,Persons,Level,3,"1,018","T60500D,T60500D.9"
T60500D,B4386C,96,Government enterprises,2002,Persons,Level,3,"1,070","T60500D,T60500D.9"
T60500D,B4386C,96,Government enterprises,2003,Persons,Level,3,"1,078","T60500D,T60500D.9"
T60500D,B4386C,96,Government enterprises,2004,Persons,Level,3,"1,097","T60500D,T60500D.9"
T60500D,B4386C,96,Government enterprises,2005,Persons,Level,3,"1,102","T60500D,T60500D.9"
T60500D,B4386C,96,Government enterprises,2006,Persons,Level,3,"1,106","T60500D,T60500D.9"
T60500D,B4386C,96,Government enterprises,2007,Persons,Level,3,"1,115","T60500D,T60500D.9"
T60500D,B4386C,96,Government enterprises,2008,Persons,Level,3,"1,128","T60500D,T60500D.9"
T60500D,B4386C,96,Government enterprises,2009,Persons,Level,3,"1,124","T60500D,T60500D.9"
T60500D,B4386C,96,Government enterprises,2010,Persons,Level,3,"1,126","T60500D,T60500D.9"
T60500D,B4386C,96,Government enterprises,2011,Persons,Level,3,"1,107","T60500D,T60500D.9"
T60500D,B4386C,96,Government enterprises,2012,Persons,Level,3,"1,088","T60500D,T60500D.9"
T60500D,B4386C,96,Government enterprises,2013,Persons,Level,3,"1,062","T60500D,T60500D.9"
T60500D,B4386C,96,Government enterprises,2014,Persons,Level,3,"1,084","T60500D,T60500D.9"
T60500D,B4386C,96,Government enterprises,2015,Persons,Level,3,"1,066","T60500D,T60500D.9"
T60500D,B4386C,96,Government enterprises,2016,Persons,Level,3,"1,084","T60500D,T60500D.9"
T60500D,B4386C,96,Government enterprises,2017,Persons,Level,3,"1,087","T60500D,T60500D.9"
T60500D,B4386C,96,Government enterprises,2018,Persons,Level,3,"1,100","T60500D,T60500D.9"
T60500D,B4386C,96,Government enterprises,2019,Persons,Level,3,"1,110","T60500D,T60500D.9"
T60500D,B4386C,96,Government enterprises,2020,Persons,Level,3,"1,067","T60500D,T60500D.9"
T60500D,B4386C,96,Government enterprises,2021,Persons,Level,3,"1,064","T60500D,T60500D.9"
T60500D,B4386C,96,Government enterprises,2022,Persons,Level,3,"1,085","T60500D,T60500D.9"
T60500D,B4386C,96,Government enterprises,2023,Persons,Level,3,"1,138","T60500D,T60500D.9"
T60500D,B4386C,96,Government enterprises,2024,Persons,Level,3,"1,209","T60500D,T60500D.9"
T60500D,A4387C,97,Rest of the world,1998,Persons,Level,3,-401,"T60500D,T60500D.10"
T60500D,A4387C,97,Rest of the world,1999,Persons,Level,3,-441,"T60500D,T60500D.10"
T60500D,A4387C,97,Rest of the world,2000,Persons,Level,3,-396,"T60500D,T60500D.10"
T60500D,A4387C,97,Rest of the world,2001,Persons,Level,3,-541,"T60500D,T60500D.10"
T60500D,A4387C,97,Rest of the world,2002,Persons,Level,3,-549,"T60500D,T60500D.10"
T60500D,A4387C,97,Rest of the world,2003,Persons,Level,3,-592,"T60500D,T60500D.10"
T60500D,A4387C,97,Rest of the world,2004,Persons,Level,3,-628,"T60500D,T60500D.10"
T60500D,A4387C,97,Rest of the world,2005,Persons,Level,3,-665,"T60500D,T60500D.10"
T60500D,A4387C,97,Rest of the world,2006,Persons,Level,3,-686,"T60500D,T60500D.10"
T60500D,A4387C,97,Rest of the world,2007,Persons,Level,3,-725,"T60500D,T60500D.10"
T60500D,A4387C,97,Rest of the world,2008,Persons,Level,3,"-1,100","T60500D,T60500D.10"
T60500D,A4387C,97,Rest of the world,2009,Persons,Level,3,-802,"T60500D,T60500D.10"
T60500D,A4387C,97,Rest of the world,2010,Persons,Level,3,-822,"T60500D,T60500D.10"
T60500D,A4387C,97,Rest of the world,2011,Persons,Level,3,-826,"T60500D,T60500D.10"
T60500D,A4387C,97,Rest of the world,2012,Persons,Level,3,-979,"T60500D,T60500D.10"
T60500D,A4387C,97,Rest of the world,2013,Persons,Level,3,"-1,066","T60500D,T60500D.10"
T60500D,A4387C,97,Rest of the world,2014,Persons,Level,3,"-1,196","T60500D,T60500D.10"
T60500D,A4387C,97,Rest of the world,2015,Persons,Level,3,"-1,255","T60500D,T60500D.10"
T60500D,A4387C,97,Rest of the world,2016,Persons,Level,3,"-1,404","T60500D,T60500D.10"
T60500D,A4387C,97,Rest of the world,2017,Persons,Level,3,"-1,463","T60500D,T60500D.10"
T60500D,A4387C,97,Rest of the world,2018,Persons,Level,3,"-1,436","T60500D,T60500D.10"
T60500D,A4387C,97,Rest of the world,2019,Persons,Level,3,"-1,485","T60500D,T60500D.10"
T60500D,A4387C,97,Rest of the world,2020,Persons,Level,3,-977,"T60500D,T60500D.10"
T60500D,A4387C,97,Rest of the world,2021,Persons,Level,3,"-1,388","T60500D,T60500D.10"
T60500D,A4387C,97,Rest of the world,2022,Persons,Level,3,"-1,867","T60500D,T60500D.10"
T60500D,A4387C,97,Rest of the world,2023,Persons,Level,3,"-2,082","T60500D,T60500D.10"
T60500D,A4387C,97,Rest of the world,2024,Persons,Level,3,"-2,224","T60500D,T60500D.10"
