TableName,SeriesCode,LineNumber,LineDescription,TimePeriod,METRIC_NAME,CL_UNIT,UNIT_MULT,DataValue,NoteRef
T30100,W021RC,1,Current receipts,1929,Current Dollars,Level,6,"10,544",T30100
T30100,W021RC,1,Current receipts,1930,Current Dollars,Level,6,"9,975",T30100
T30100,W021RC,1,Current receipts,1931,Current Dollars,Level,6,"8,685",T30100
T30100,W021RC,1,Current receipts,1932,Current Dollars,Level,6,"8,171",T30100
T30100,W021RC,1,Current receipts,1933,Current Dollars,Level,6,"8,628",T30100
T30100,W021RC,1,Current receipts,1934,Current Dollars,Level,6,"9,700",T30100
T30100,W021RC,1,Current receipts,1935,Current Dollars,Level,6,"10,462",T30100
T30100,W021RC,1,Current receipts,1936,Current Dollars,Level,6,"11,886",T30100
T30100,W021RC,1,Current receipts,1937,Current Dollars,Level,6,"14,266",T30100
T30100,W021RC,1,Current receipts,1938,Current Dollars,Level,6,"13,873",T30100
T30100,W021RC,1,Current receipts,1939,Current Dollars,Level,6,"14,249",T30100
T30100,W021RC,1,Current receipts,1940,Current Dollars,Level,6,"16,622",T30100
T30100,W021RC,1,Current receipts,1941,Current Dollars,Level,6,"23,764",T30100
T30100,W021RC,1,Current receipts,1942,Current Dollars,Level,6,"31,224",T30100
T30100,W021RC,1,Current receipts,1943,Current Dollars,Level,6,"47,619",T30100
T30100,W021RC,1,Current receipts,1944,Current Dollars,Level,6,"49,432",T30100
T30100,W021RC,1,Current receipts,1945,Current Dollars,Level,6,"51,366",T30100
T30100,W021RC,1,Current receipts,1946,Current Dollars,Level,6,"50,387",T30100
T30100,W021RC,1,Current receipts,1947,Current Dollars,Level,6,"55,395",T30100
T30100,W021RC,1,Current receipts,1948,Current Dollars,Level,6,"56,757",T30100
T30100,W021RC,1,Current receipts,1949,Current Dollars,Level,6,"53,588",T30100
T30100,W021RC,1,Current receipts,1950,Current Dollars,Level,6,"66,091",T30100
T30100,W021RC,1,Current receipts,1951,Current Dollars,Level,6,"81,919",T30100
T30100,W021RC,1,Current receipts,1952,Current Dollars,Level,6,"86,443",T30100
T30100,W021RC,1,Current receipts,1953,Current Dollars,Level,6,"90,800",T30100
T30100,W021RC,1,Current receipts,1954,Current Dollars,Level,6,"85,933",T30100
T30100,W021RC,1,Current receipts,1955,Current Dollars,Level,6,"96,656",T30100
T30100,W021RC,1,Current receipts,1956,Current Dollars,Level,6,"104,147",T30100
T30100,W021RC,1,Current receipts,1957,Current Dollars,Level,6,"109,797",T30100
T30100,W021RC,1,Current receipts,1958,Current Dollars,Level,6,"108,166",T30100
T30100,W021RC,1,Current receipts,1959,Current Dollars,Level,6,"122,549",T30100
T30100,W021RC,1,Current receipts,1960,Current Dollars,Level,6,"133,926",T30100
T30100,W021RC,1,Current receipts,1961,Current Dollars,Level,6,"138,531",T30100
T30100,W021RC,1,Current receipts,1962,Current Dollars,Level,6,"150,068",T30100
T30100,W021RC,1,Current receipts,1963,Current Dollars,Level,6,"161,628",T30100
T30100,W021RC,1,Current receipts,1964,Current Dollars,Level,6,"166,113",T30100
T30100,W021RC,1,Current receipts,1965,Current Dollars,Level,6,"179,762",T30100
T30100,W021RC,1,Current receipts,1966,Current Dollars,Level,6,"202,215",T30100
T30100,W021RC,1,Current receipts,1967,Current Dollars,Level,6,"217,039",T30100
T30100,W021RC,1,Current receipts,1968,Current Dollars,Level,6,"251,352",T30100
T30100,W021RC,1,Current receipts,1969,Current Dollars,Level,6,"282,685",T30100
T30100,W021RC,1,Current receipts,1970,Current Dollars,Level,6,"285,847",T30100
T30100,W021RC,1,Current receipts,1971,Current Dollars,Level,6,"302,310",T30100
T30100,W021RC,1,Current receipts,1972,Current Dollars,Level,6,"345,609",T30100
T30100,W021RC,1,Current receipts,1973,Current Dollars,Level,6,"388,789",T30100
T30100,W021RC,1,Current receipts,1974,Current Dollars,Level,6,"430,239",T30100
T30100,W021RC,1,Current receipts,1975,Current Dollars,Level,6,"441,228",T30100
T30100,W021RC,1,Current receipts,1976,Current Dollars,Level,6,"505,685",T30100
T30100,W021RC,1,Current receipts,1977,Current Dollars,Level,6,"567,397",T30100
T30100,W021RC,1,Current receipts,1978,Current Dollars,Level,6,"646,125",T30100
T30100,W021RC,1,Current receipts,1979,Current Dollars,Level,6,"729,342",T30100
T30100,W021RC,1,Current receipts,1980,Current Dollars,Level,6,"799,894",T30100
T30100,W021RC,1,Current receipts,1981,Current Dollars,Level,6,"919,127",T30100
T30100,W021RC,1,Current receipts,1982,Current Dollars,Level,6,"940,921",T30100
T30100,W021RC,1,Current receipts,1983,Current Dollars,Level,6,"1,002,103",T30100
T30100,W021RC,1,Current receipts,1984,Current Dollars,Level,6,"1,114,958",T30100
T30100,W021RC,1,Current receipts,1985,Current Dollars,Level,6,"1,217,036",T30100
T30100,W021RC,1,Current receipts,1986,Current Dollars,Level,6,"1,292,856",T30100
T30100,W021RC,1,Current receipts,1987,Current Dollars,Level,6,"1,406,641",T30100
T30100,W021RC,1,Current receipts,1988,Current Dollars,Level,6,"1,507,065",T30100
T30100,W021RC,1,Current receipts,1989,Current Dollars,Level,6,"1,631,997",T30100
T30100,W021RC,1,Current receipts,1990,Current Dollars,Level,6,"1,713,321",T30100
T30100,W021RC,1,Current receipts,1991,Current Dollars,Level,6,"1,763,643",T30100
T30100,W021RC,1,Current receipts,1992,Current Dollars,Level,6,"1,848,639",T30100
T30100,W021RC,1,Current receipts,1993,Current Dollars,Level,6,"1,953,139",T30100
T30100,W021RC,1,Current receipts,1994,Current Dollars,Level,6,"2,097,324",T30100
T30100,W021RC,1,Current receipts,1995,Current Dollars,Level,6,"2,223,514",T30100
T30100,W021RC,1,Current receipts,1996,Current Dollars,Level,6,"2,388,150",T30100
T30100,W021RC,1,Current receipts,1997,Current Dollars,Level,6,"2,565,474",T30100
T30100,W021RC,1,Current receipts,1998,Current Dollars,Level,6,"2,738,032",T30100
T30100,W021RC,1,Current receipts,1999,Current Dollars,Level,6,"2,908,920",T30100
T30100,W021RC,1,Current receipts,2000,Current Dollars,Level,6,"3,138,155",T30100
T30100,W021RC,1,Current receipts,2001,Current Dollars,Level,6,"3,124,420",T30100
T30100,W021RC,1,Current receipts,2002,Current Dollars,Level,6,"2,968,342",T30100
T30100,W021RC,1,Current receipts,2003,Current Dollars,Level,6,"3,044,626",T30100
T30100,W021RC,1,Current receipts,2004,Current Dollars,Level,6,"3,274,148",T30100
T30100,W021RC,1,Current receipts,2005,Current Dollars,Level,6,"3,677,824",T30100
T30100,W021RC,1,Current receipts,2006,Current Dollars,Level,6,"4,012,163",T30100
T30100,W021RC,1,Current receipts,2007,Current Dollars,Level,6,"4,209,591",T30100
T30100,W021RC,1,Current receipts,2008,Current Dollars,Level,6,"4,124,974",T30100
T30100,W021RC,1,Current receipts,2009,Current Dollars,Level,6,"3,698,523",T30100
T30100,W021RC,1,Current receipts,2010,Current Dollars,Level,6,"3,932,669",T30100
T30100,W021RC,1,Current receipts,2011,Current Dollars,Level,6,"4,128,292",T30100
T30100,W021RC,1,Current receipts,2012,Current Dollars,Level,6,"4,309,630",T30100
T30100,W021RC,1,Current receipts,2013,Current Dollars,Level,6,"4,829,565",T30100
T30100,W021RC,1,Current receipts,2014,Current Dollars,Level,6,"5,054,116",T30100
T30100,W021RC,1,Current receipts,2015,Current Dollars,Level,6,"5,285,526",T30100
T30100,W021RC,1,Current receipts,2016,Current Dollars,Level,6,"5,329,196",T30100
T30100,W021RC,1,Current receipts,2017,Current Dollars,Level,6,"5,456,863",T30100
T30100,W021RC,1,Current receipts,2018,Current Dollars,Level,6,"5,643,690",T30100
T30100,W021RC,1,Current receipts,2019,Current Dollars,Level,6,"5,883,851",T30100
T30100,W021RC,1,Current receipts,2020,Current Dollars,Level,6,"5,971,021",T30100
T30100,W021RC,1,Current receipts,2021,Current Dollars,Level,6,"6,896,410",T30100
T30100,W021RC,1,Current receipts,2022,Current Dollars,Level,6,"7,856,594",T30100
T30100,W021RC,1,Current receipts,2023,Current Dollars,Level,6,"7,514,347",T30100
T30100,W021RC,1,Current receipts,2024,Current Dollars,Level,6,"8,008,290",T30100
T30100,W054RC,2,Current tax receipts,1929,Current Dollars,Level,6,"9,918",T30100
T30100,W054RC,2,Current tax receipts,1930,Current Dollars,Level,6,"9,384",T30100
T30100,W054RC,2,Current tax receipts,1931,Current Dollars,Level,6,"8,170",T30100
T30100,W054RC,2,Current tax receipts,1932,Current Dollars,Level,6,"7,681",T30100
T30100,W054RC,2,Current tax receipts,1933,Current Dollars,Level,6,"8,197",T30100
T30100,W054RC,2,Current tax receipts,1934,Current Dollars,Level,6,"9,269",T30100
T30100,W054RC,2,Current tax receipts,1935,Current Dollars,Level,6,"10,008",T30100
T30100,W054RC,2,Current tax receipts,1936,Current Dollars,Level,6,"11,165",T30100
T30100,W054RC,2,Current tax receipts,1937,Current Dollars,Level,6,"12,365",T30100
T30100,W054RC,2,Current tax receipts,1938,Current Dollars,Level,6,"11,819",T30100
T30100,W054RC,2,Current tax receipts,1939,Current Dollars,Level,6,"12,074",T30100
T30100,W054RC,2,Current tax receipts,1940,Current Dollars,Level,6,"14,315",T30100
T30100,W054RC,2,Current tax receipts,1941,Current Dollars,Level,6,"20,974",T30100
T30100,W054RC,2,Current tax receipts,1942,Current Dollars,Level,6,"27,815",T30100
T30100,W054RC,2,Current tax receipts,1943,Current Dollars,Level,6,"43,242",T30100
T30100,W054RC,2,Current tax receipts,1944,Current Dollars,Level,6,"44,323",T30100
T30100,W054RC,2,Current tax receipts,1945,Current Dollars,Level,6,"45,226",T30100
T30100,W054RC,2,Current tax receipts,1946,Current Dollars,Level,6,"43,146",T30100
T30100,W054RC,2,Current tax receipts,1947,Current Dollars,Level,6,"49,089",T30100
T30100,W054RC,2,Current tax receipts,1948,Current Dollars,Level,6,"51,185",T30100
T30100,W054RC,2,Current tax receipts,1949,Current Dollars,Level,6,"47,647",T30100
T30100,W054RC,2,Current tax receipts,1950,Current Dollars,Level,6,"59,590",T30100
T30100,W054RC,2,Current tax receipts,1951,Current Dollars,Level,6,"74,104",T30100
T30100,W054RC,2,Current tax receipts,1952,Current Dollars,Level,6,"78,233",T30100
T30100,W054RC,2,Current tax receipts,1953,Current Dollars,Level,6,"82,287",T30100
T30100,W054RC,2,Current tax receipts,1954,Current Dollars,Level,6,"76,397",T30100
T30100,W054RC,2,Current tax receipts,1955,Current Dollars,Level,6,"86,115",T30100
T30100,W054RC,2,Current tax receipts,1956,Current Dollars,Level,6,"92,419",T30100
T30100,W054RC,2,Current tax receipts,1957,Current Dollars,Level,6,"96,382",T30100
T30100,W054RC,2,Current tax receipts,1958,Current Dollars,Level,6,"94,708",T30100
T30100,W054RC,2,Current tax receipts,1959,Current Dollars,Level,6,"106,160",T30100
T30100,W054RC,2,Current tax receipts,1960,Current Dollars,Level,6,"112,509",T30100
T30100,W054RC,2,Current tax receipts,1961,Current Dollars,Level,6,"116,424",T30100
T30100,W054RC,2,Current tax receipts,1962,Current Dollars,Level,6,"125,255",T30100
T30100,W054RC,2,Current tax receipts,1963,Current Dollars,Level,6,"133,477",T30100
T30100,W054RC,2,Current tax receipts,1964,Current Dollars,Level,6,"135,924",T30100
T30100,W054RC,2,Current tax receipts,1965,Current Dollars,Level,6,"148,158",T30100
T30100,W054RC,2,Current tax receipts,1966,Current Dollars,Level,6,"161,826",T30100
T30100,W054RC,2,Current tax receipts,1967,Current Dollars,Level,6,"171,890",T30100
T30100,W054RC,2,Current tax receipts,1968,Current Dollars,Level,6,"200,614",T30100
T30100,W054RC,2,Current tax receipts,1969,Current Dollars,Level,6,"225,411",T30100
T30100,W054RC,2,Current tax receipts,1970,Current Dollars,Level,6,"225,719",T30100
T30100,W054RC,2,Current tax receipts,1971,Current Dollars,Level,6,"236,948",T30100
T30100,W054RC,2,Current tax receipts,1972,Current Dollars,Level,6,"270,599",T30100
T30100,W054RC,2,Current tax receipts,1973,Current Dollars,Level,6,"294,952",T30100
T30100,W054RC,2,Current tax receipts,1974,Current Dollars,Level,6,"322,561",T30100
T30100,W054RC,2,Current tax receipts,1975,Current Dollars,Level,6,"328,894",T30100
T30100,W054RC,2,Current tax receipts,1976,Current Dollars,Level,6,"378,116",T30100
T30100,W054RC,2,Current tax receipts,1977,Current Dollars,Level,6,"425,377",T30100
T30100,W054RC,2,Current tax receipts,1978,Current Dollars,Level,6,"478,001",T30100
T30100,W054RC,2,Current tax receipts,1979,Current Dollars,Level,6,"528,879",T30100
T30100,W054RC,2,Current tax receipts,1980,Current Dollars,Level,6,"574,518",T30100
T30100,W054RC,2,Current tax receipts,1981,Current Dollars,Level,6,"650,060",T30100
T30100,W054RC,2,Current tax receipts,1982,Current Dollars,Level,6,"644,924",T30100
T30100,W054RC,2,Current tax receipts,1983,Current Dollars,Level,6,"680,383",T30100
T30100,W054RC,2,Current tax receipts,1984,Current Dollars,Level,6,"746,976",T30100
T30100,W054RC,2,Current tax receipts,1985,Current Dollars,Level,6,"806,601",T30100
T30100,W054RC,2,Current tax receipts,1986,Current Dollars,Level,6,"851,575",T30100
T30100,W054RC,2,Current tax receipts,1987,Current Dollars,Level,6,"948,522",T30100
T30100,W054RC,2,Current tax receipts,1988,Current Dollars,Level,6,"1,002,571",T30100
T30100,W054RC,2,Current tax receipts,1989,Current Dollars,Level,6,"1,089,148",T30100
T30100,W054RC,2,Current tax receipts,1990,Current Dollars,Level,6,"1,139,686",T30100
T30100,W054RC,2,Current tax receipts,1991,Current Dollars,Level,6,"1,161,394",T30100
T30100,W054RC,2,Current tax receipts,1992,Current Dollars,Level,6,"1,225,190",T30100
T30100,W054RC,2,Current tax receipts,1993,Current Dollars,Level,6,"1,304,008",T30100
T30100,W054RC,2,Current tax receipts,1994,Current Dollars,Level,6,"1,407,685",T30100
T30100,W054RC,2,Current tax receipts,1995,Current Dollars,Level,6,"1,497,812",T30100
T30100,W054RC,2,Current tax receipts,1996,Current Dollars,Level,6,"1,626,554",T30100
T30100,W054RC,2,Current tax receipts,1997,Current Dollars,Level,6,"1,765,012",T30100
T30100,W054RC,2,Current tax receipts,1998,Current Dollars,Level,6,"1,890,188",T30100
T30100,W054RC,2,Current tax receipts,1999,Current Dollars,Level,6,"2,014,972",T30100
T30100,W054RC,2,Current tax receipts,2000,Current Dollars,Level,6,"2,181,775",T30100
T30100,W054RC,2,Current tax receipts,2001,Current Dollars,Level,6,"2,141,101",T30100
T30100,W054RC,2,Current tax receipts,2002,Current Dollars,Level,6,"1,977,099",T30100
T30100,W054RC,2,Current tax receipts,2003,Current Dollars,Level,6,"2,028,177",T30100
T30100,W054RC,2,Current tax receipts,2004,Current Dollars,Level,6,"2,200,865",T30100
T30100,W054RC,2,Current tax receipts,2005,Current Dollars,Level,6,"2,541,032",T30100
T30100,W054RC,2,Current tax receipts,2006,Current Dollars,Level,6,"2,792,925",T30100
T30100,W054RC,2,Current tax receipts,2007,Current Dollars,Level,6,"2,929,328",T30100
T30100,W054RC,2,Current tax receipts,2008,Current Dollars,Level,6,"2,823,572",T30100
T30100,W054RC,2,Current tax receipts,2009,Current Dollars,Level,6,"2,389,434",T30100
T30100,W054RC,2,Current tax receipts,2010,Current Dollars,Level,6,"2,580,037",T30100
T30100,W054RC,2,Current tax receipts,2011,Current Dollars,Level,6,"2,844,818",T30100
T30100,W054RC,2,Current tax receipts,2012,Current Dollars,Level,6,"2,987,695",T30100
T30100,W054RC,2,Current tax receipts,2013,Current Dollars,Level,6,"3,233,577",T30100
T30100,W054RC,2,Current tax receipts,2014,Current Dollars,Level,6,"3,439,777",T30100
T30100,W054RC,2,Current tax receipts,2015,Current Dollars,Level,6,"3,621,670",T30100
T30100,W054RC,2,Current tax receipts,2016,Current Dollars,Level,6,"3,656,975",T30100
T30100,W054RC,2,Current tax receipts,2017,Current Dollars,Level,6,"3,722,505",T30100
T30100,W054RC,2,Current tax receipts,2018,Current Dollars,Level,6,"3,842,069",T30100
T30100,W054RC,2,Current tax receipts,2019,Current Dollars,Level,6,"4,042,476",T30100
T30100,W054RC,2,Current tax receipts,2020,Current Dollars,Level,6,"4,095,372",T30100
T30100,W054RC,2,Current tax receipts,2021,Current Dollars,Level,6,"4,884,560",T30100
T30100,W054RC,2,Current tax receipts,2022,Current Dollars,Level,6,"5,697,971",T30100
T30100,W054RC,2,Current tax receipts,2023,Current Dollars,Level,6,"5,330,597",T30100
T30100,W054RC,2,Current tax receipts,2024,Current Dollars,Level,6,"5,645,466",T30100
T30100,W055RC,3,Personal current taxes,1929,Current Dollars,Level,6,"1,729",T30100
T30100,W055RC,3,Personal current taxes,1930,Current Dollars,Level,6,"1,571",T30100
T30100,W055RC,3,Personal current taxes,1931,Current Dollars,Level,6,"1,003",T30100
T30100,W055RC,3,Personal current taxes,1932,Current Dollars,Level,6,728,T30100
T30100,W055RC,3,Personal current taxes,1933,Current Dollars,Level,6,812,T30100
T30100,W055RC,3,Personal current taxes,1934,Current Dollars,Level,6,900,T30100
T30100,W055RC,3,Personal current taxes,1935,Current Dollars,Level,6,"1,067",T30100
T30100,W055RC,3,Personal current taxes,1936,Current Dollars,Level,6,"1,295",T30100
T30100,W055RC,3,Personal current taxes,1937,Current Dollars,Level,6,"1,922",T30100
T30100,W055RC,3,Personal current taxes,1938,Current Dollars,Level,6,"1,858",T30100
T30100,W055RC,3,Personal current taxes,1939,Current Dollars,Level,6,"1,487",T30100
T30100,W055RC,3,Personal current taxes,1940,Current Dollars,Level,6,"1,686",T30100
T30100,W055RC,3,Personal current taxes,1941,Current Dollars,Level,6,"2,310",T30100
T30100,W055RC,3,Personal current taxes,1942,Current Dollars,Level,6,"4,888",T30100
T30100,W055RC,3,Personal current taxes,1943,Current Dollars,Level,6,"16,737",T30100
T30100,W055RC,3,Personal current taxes,1944,Current Dollars,Level,6,"17,663",T30100
T30100,W055RC,3,Personal current taxes,1945,Current Dollars,Level,6,"19,442",T30100
T30100,W055RC,3,Personal current taxes,1946,Current Dollars,Level,6,"17,210",T30100
T30100,W055RC,3,Personal current taxes,1947,Current Dollars,Level,6,"19,790",T30100
T30100,W055RC,3,Personal current taxes,1948,Current Dollars,Level,6,"19,205",T30100
T30100,W055RC,3,Personal current taxes,1949,Current Dollars,Level,6,"16,733",T30100
T30100,W055RC,3,Personal current taxes,1950,Current Dollars,Level,6,"18,912",T30100
T30100,W055RC,3,Personal current taxes,1951,Current Dollars,Level,6,"27,055",T30100
T30100,W055RC,3,Personal current taxes,1952,Current Dollars,Level,6,"32,005",T30100
T30100,W055RC,3,Personal current taxes,1953,Current Dollars,Level,6,"33,242",T30100
T30100,W055RC,3,Personal current taxes,1954,Current Dollars,Level,6,"30,160",T30100
T30100,W055RC,3,Personal current taxes,1955,Current Dollars,Level,6,"32,859",T30100
T30100,W055RC,3,Personal current taxes,1956,Current Dollars,Level,6,"36,591",T30100
T30100,W055RC,3,Personal current taxes,1957,Current Dollars,Level,6,"38,886",T30100
T30100,W055RC,3,Personal current taxes,1958,Current Dollars,Level,6,"38,548",T30100
T30100,W055RC,3,Personal current taxes,1959,Current Dollars,Level,6,"42,289",T30100
T30100,W055RC,3,Personal current taxes,1960,Current Dollars,Level,6,"46,068",T30100
T30100,W055RC,3,Personal current taxes,1961,Current Dollars,Level,6,"47,250",T30100
T30100,W055RC,3,Personal current taxes,1962,Current Dollars,Level,6,"51,555",T30100
T30100,W055RC,3,Personal current taxes,1963,Current Dollars,Level,6,"54,552",T30100
T30100,W055RC,3,Personal current taxes,1964,Current Dollars,Level,6,"52,069",T30100
T30100,W055RC,3,Personal current taxes,1965,Current Dollars,Level,6,"57,664",T30100
T30100,W055RC,3,Personal current taxes,1966,Current Dollars,Level,6,"66,378",T30100
T30100,W055RC,3,Personal current taxes,1967,Current Dollars,Level,6,"72,961",T30100
T30100,W055RC,3,Personal current taxes,1968,Current Dollars,Level,6,"86,987",T30100
T30100,W055RC,3,Personal current taxes,1969,Current Dollars,Level,6,"104,506",T30100
T30100,W055RC,3,Personal current taxes,1970,Current Dollars,Level,6,"103,070",T30100
T30100,W055RC,3,Personal current taxes,1971,Current Dollars,Level,6,"101,705",T30100
T30100,W055RC,3,Personal current taxes,1972,Current Dollars,Level,6,"123,640",T30100
T30100,W055RC,3,Personal current taxes,1973,Current Dollars,Level,6,"132,407",T30100
T30100,W055RC,3,Personal current taxes,1974,Current Dollars,Level,6,"151,048",T30100
T30100,W055RC,3,Personal current taxes,1975,Current Dollars,Level,6,"147,607",T30100
T30100,W055RC,3,Personal current taxes,1976,Current Dollars,Level,6,"172,671",T30100
T30100,W055RC,3,Personal current taxes,1977,Current Dollars,Level,6,"197,879",T30100
T30100,W055RC,3,Personal current taxes,1978,Current Dollars,Level,6,"229,649",T30100
T30100,W055RC,3,Personal current taxes,1979,Current Dollars,Level,6,"268,913",T30100
T30100,W055RC,3,Personal current taxes,1980,Current Dollars,Level,6,"299,512",T30100
T30100,W055RC,3,Personal current taxes,1981,Current Dollars,Level,6,"345,780",T30100
T30100,W055RC,3,Personal current taxes,1982,Current Dollars,Level,6,"354,743",T30100
T30100,W055RC,3,Personal current taxes,1983,Current Dollars,Level,6,"352,879",T30100
T30100,W055RC,3,Personal current taxes,1984,Current Dollars,Level,6,"377,916",T30100
T30100,W055RC,3,Personal current taxes,1985,Current Dollars,Level,6,"417,813",T30100
T30100,W055RC,3,Personal current taxes,1986,Current Dollars,Level,6,"437,806",T30100
T30100,W055RC,3,Personal current taxes,1987,Current Dollars,Level,6,"489,587",T30100
T30100,W055RC,3,Personal current taxes,1988,Current Dollars,Level,6,"505,939",T30100
T30100,W055RC,3,Personal current taxes,1989,Current Dollars,Level,6,"567,735",T30100
T30100,W055RC,3,Personal current taxes,1990,Current Dollars,Level,6,"594,668",T30100
T30100,W055RC,3,Personal current taxes,1991,Current Dollars,Level,6,"588,901",T30100
T30100,W055RC,3,Personal current taxes,1992,Current Dollars,Level,6,"612,802",T30100
T30100,W055RC,3,Personal current taxes,1993,Current Dollars,Level,6,"648,754",T30100
T30100,W055RC,3,Personal current taxes,1994,Current Dollars,Level,6,"693,073",T30100
T30100,W055RC,3,Personal current taxes,1995,Current Dollars,Level,6,"748,407",T30100
T30100,W055RC,3,Personal current taxes,1996,Current Dollars,Level,6,"837,084",T30100
T30100,W055RC,3,Personal current taxes,1997,Current Dollars,Level,6,"931,821",T30100
T30100,W055RC,3,Personal current taxes,1998,Current Dollars,Level,6,"1,032,421",T30100
T30100,W055RC,3,Personal current taxes,1999,Current Dollars,Level,6,"1,111,914",T30100
T30100,W055RC,3,Personal current taxes,2000,Current Dollars,Level,6,"1,236,329",T30100
T30100,W055RC,3,Personal current taxes,2001,Current Dollars,Level,6,"1,239,047",T30100
T30100,W055RC,3,Personal current taxes,2002,Current Dollars,Level,6,"1,052,178",T30100
T30100,W055RC,3,Personal current taxes,2003,Current Dollars,Level,6,"1,003,538",T30100
T30100,W055RC,3,Personal current taxes,2004,Current Dollars,Level,6,"1,048,745",T30100
T30100,W055RC,3,Personal current taxes,2005,Current Dollars,Level,6,"1,212,456",T30100
T30100,W055RC,3,Personal current taxes,2006,Current Dollars,Level,6,"1,356,963",T30100
T30100,W055RC,3,Personal current taxes,2007,Current Dollars,Level,6,"1,492,489",T30100
T30100,W055RC,3,Personal current taxes,2008,Current Dollars,Level,6,"1,507,501",T30100
T30100,W055RC,3,Personal current taxes,2009,Current Dollars,Level,6,"1,152,378",T30100
T30100,W055RC,3,Personal current taxes,2010,Current Dollars,Level,6,"1,237,620",T30100
T30100,W055RC,3,Personal current taxes,2011,Current Dollars,Level,6,"1,453,691",T30100
T30100,W055RC,3,Personal current taxes,2012,Current Dollars,Level,6,"1,509,514",T30100
T30100,W055RC,3,Personal current taxes,2013,Current Dollars,Level,6,"1,677,535",T30100
T30100,W055RC,3,Personal current taxes,2014,Current Dollars,Level,6,"1,785,680",T30100
T30100,W055RC,3,Personal current taxes,2015,Current Dollars,Level,6,"1,940,888",T30100
T30100,W055RC,3,Personal current taxes,2016,Current Dollars,Level,6,"1,958,752",T30100
T30100,W055RC,3,Personal current taxes,2017,Current Dollars,Level,6,"2,048,829",T30100
T30100,W055RC,3,Personal current taxes,2018,Current Dollars,Level,6,"2,074,153",T30100
T30100,W055RC,3,Personal current taxes,2019,Current Dollars,Level,6,"2,198,663",T30100
T30100,W055RC,3,Personal current taxes,2020,Current Dollars,Level,6,"2,248,223",T30100
T30100,W055RC,3,Personal current taxes,2021,Current Dollars,Level,6,"2,698,006",T30100
T30100,W055RC,3,Personal current taxes,2022,Current Dollars,Level,6,"3,243,285",T30100
T30100,W055RC,3,Personal current taxes,2023,Current Dollars,Level,6,"2,835,743",T30100
T30100,W055RC,3,Personal current taxes,2024,Current Dollars,Level,6,"2,988,243",T30100
T30100,W055RC,3,Personal current taxes,2025,Current Dollars,Level,6,"3,229,912",T30100
T30100,W056RC,4,Taxes on production and imports,1929,Current Dollars,Level,6,"6,824",T30100
T30100,W056RC,4,Taxes on production and imports,1930,Current Dollars,Level,6,"6,971",T30100
T30100,W056RC,4,Taxes on production and imports,1931,Current Dollars,Level,6,"6,669",T30100
T30100,W056RC,4,Taxes on production and imports,1932,Current Dollars,Level,6,"6,570",T30100
T30100,W056RC,4,Taxes on production and imports,1933,Current Dollars,Level,6,"6,864",T30100
T30100,W056RC,4,Taxes on production and imports,1934,Current Dollars,Level,6,"7,625",T30100
T30100,W056RC,4,Taxes on production and imports,1935,Current Dollars,Level,6,"7,990",T30100
T30100,W056RC,4,Taxes on production and imports,1936,Current Dollars,Level,6,"8,461",T30100
T30100,W056RC,4,Taxes on production and imports,1937,Current Dollars,Level,6,"8,941",T30100
T30100,W056RC,4,Taxes on production and imports,1938,Current Dollars,Level,6,"8,932",T30100
T30100,W056RC,4,Taxes on production and imports,1939,Current Dollars,Level,6,"9,146",T30100
T30100,W056RC,4,Taxes on production and imports,1940,Current Dollars,Level,6,"9,795",T30100
T30100,W056RC,4,Taxes on production and imports,1941,Current Dollars,Level,6,"11,054",T30100
T30100,W056RC,4,Taxes on production and imports,1942,Current Dollars,Level,6,"11,512",T30100
T30100,W056RC,4,Taxes on production and imports,1943,Current Dollars,Level,6,"12,431",T30100
T30100,W056RC,4,Taxes on production and imports,1944,Current Dollars,Level,6,"13,711",T30100
T30100,W056RC,4,Taxes on production and imports,1945,Current Dollars,Level,6,"15,095",T30100
T30100,W056RC,4,Taxes on production and imports,1946,Current Dollars,Level,6,"16,832",T30100
T30100,W056RC,4,Taxes on production and imports,1947,Current Dollars,Level,6,"18,106",T30100
T30100,W056RC,4,Taxes on production and imports,1948,Current Dollars,Level,6,"19,726",T30100
T30100,W056RC,4,Taxes on production and imports,1949,Current Dollars,Level,6,"20,904",T30100
T30100,W056RC,4,Taxes on production and imports,1950,Current Dollars,Level,6,"22,950",T30100
T30100,W056RC,4,Taxes on production and imports,1951,Current Dollars,Level,6,"24,745",T30100
T30100,W056RC,4,Taxes on production and imports,1952,Current Dollars,Level,6,"27,121",T30100
T30100,W056RC,4,Taxes on production and imports,1953,Current Dollars,Level,6,"29,101",T30100
T30100,W056RC,4,Taxes on production and imports,1954,Current Dollars,Level,6,"28,889",T30100
T30100,W056RC,4,Taxes on production and imports,1955,Current Dollars,Level,6,"31,467",T30100
T30100,W056RC,4,Taxes on production and imports,1956,Current Dollars,Level,6,"34,237",T30100
T30100,W056RC,4,Taxes on production and imports,1957,Current Dollars,Level,6,"36,616",T30100
T30100,W056RC,4,Taxes on production and imports,1958,Current Dollars,Level,6,"37,720",T30100
T30100,W056RC,4,Taxes on production and imports,1959,Current Dollars,Level,6,"41,052",T30100
T30100,W056RC,4,Taxes on production and imports,1960,Current Dollars,Level,6,"44,547",T30100
T30100,W056RC,4,Taxes on production and imports,1961,Current Dollars,Level,6,"46,968",T30100
T30100,W056RC,4,Taxes on production and imports,1962,Current Dollars,Level,6,"50,382",T30100
T30100,W056RC,4,Taxes on production and imports,1963,Current Dollars,Level,6,"53,386",T30100
T30100,W056RC,4,Taxes on production and imports,1964,Current Dollars,Level,6,"57,269",T30100
T30100,W056RC,4,Taxes on production and imports,1965,Current Dollars,Level,6,"60,709",T30100
T30100,W056RC,4,Taxes on production and imports,1966,Current Dollars,Level,6,"63,211",T30100
T30100,W056RC,4,Taxes on production and imports,1967,Current Dollars,Level,6,"67,937",T30100
T30100,W056RC,4,Taxes on production and imports,1968,Current Dollars,Level,6,"76,407",T30100
T30100,W056RC,4,Taxes on production and imports,1969,Current Dollars,Level,6,"83,856",T30100
T30100,W056RC,4,Taxes on production and imports,1970,Current Dollars,Level,6,"91,413",T30100
T30100,W056RC,4,Taxes on production and imports,1971,Current Dollars,Level,6,"100,493",T30100
T30100,W056RC,4,Taxes on production and imports,1972,Current Dollars,Level,6,"107,928",T30100
T30100,W056RC,4,Taxes on production and imports,1973,Current Dollars,Level,6,"117,220",T30100
T30100,W056RC,4,Taxes on production and imports,1974,Current Dollars,Level,6,"124,902",T30100
T30100,W056RC,4,Taxes on production and imports,1975,Current Dollars,Level,6,"135,292",T30100
T30100,W056RC,4,Taxes on production and imports,1976,Current Dollars,Level,6,"146,388",T30100
T30100,W056RC,4,Taxes on production and imports,1977,Current Dollars,Level,6,"159,664",T30100
T30100,W056RC,4,Taxes on production and imports,1978,Current Dollars,Level,6,"170,898",T30100
T30100,W056RC,4,Taxes on production and imports,1979,Current Dollars,Level,6,"180,101",T30100
T30100,W056RC,4,Taxes on production and imports,1980,Current Dollars,Level,6,"200,330",T30100
T30100,W056RC,4,Taxes on production and imports,1981,Current Dollars,Level,6,"235,644",T30100
T30100,W056RC,4,Taxes on production and imports,1982,Current Dollars,Level,6,"240,933",T30100
T30100,W056RC,4,Taxes on production and imports,1983,Current Dollars,Level,6,"263,281",T30100
T30100,W056RC,4,Taxes on production and imports,1984,Current Dollars,Level,6,"289,773",T30100
T30100,W056RC,4,Taxes on production and imports,1985,Current Dollars,Level,6,"308,133",T30100
T30100,W056RC,4,Taxes on production and imports,1986,Current Dollars,Level,6,"323,373",T30100
T30100,W056RC,4,Taxes on production and imports,1987,Current Dollars,Level,6,"347,545",T30100
T30100,W056RC,4,Taxes on production and imports,1988,Current Dollars,Level,6,"374,464",T30100
T30100,W056RC,4,Taxes on production and imports,1989,Current Dollars,Level,6,"398,867",T30100
T30100,W056RC,4,Taxes on production and imports,1990,Current Dollars,Level,6,"424,990",T30100
T30100,W056RC,4,Taxes on production and imports,1991,Current Dollars,Level,6,"457,091",T30100
T30100,W056RC,4,Taxes on production and imports,1992,Current Dollars,Level,6,"483,375",T30100
T30100,W056RC,4,Taxes on production and imports,1993,Current Dollars,Level,6,"503,126",T30100
T30100,W056RC,4,Taxes on production and imports,1994,Current Dollars,Level,6,"545,248",T30100
T30100,W056RC,4,Taxes on production and imports,1995,Current Dollars,Level,6,"557,903",T30100
T30100,W056RC,4,Taxes on production and imports,1996,Current Dollars,Level,6,"580,753",T30100
T30100,W056RC,4,Taxes on production and imports,1997,Current Dollars,Level,6,"611,614",T30100
T30100,W056RC,4,Taxes on production and imports,1998,Current Dollars,Level,6,"639,473",T30100
T30100,W056RC,4,Taxes on production and imports,1999,Current Dollars,Level,6,"673,585",T30100
T30100,W056RC,4,Taxes on production and imports,2000,Current Dollars,Level,6,"708,556",T30100
T30100,W056RC,4,Taxes on production and imports,2001,Current Dollars,Level,6,"727,690",T30100
T30100,W056RC,4,Taxes on production and imports,2002,Current Dollars,Level,6,"760,030",T30100
T30100,W056RC,4,Taxes on production and imports,2003,Current Dollars,Level,6,"805,616",T30100
T30100,W056RC,4,Taxes on production and imports,2004,Current Dollars,Level,6,"868,098",T30100
T30100,W056RC,4,Taxes on production and imports,2005,Current Dollars,Level,6,"942,438",T30100
T30100,W056RC,4,Taxes on production and imports,2006,Current Dollars,Level,6,"997,039",T30100
T30100,W056RC,4,Taxes on production and imports,2007,Current Dollars,Level,6,"1,036,829",T30100
T30100,W056RC,4,Taxes on production and imports,2008,Current Dollars,Level,6,"1,049,740",T30100
T30100,W056RC,4,Taxes on production and imports,2009,Current Dollars,Level,6,"1,026,817",T30100
T30100,W056RC,4,Taxes on production and imports,2010,Current Dollars,Level,6,"1,063,073",T30100
T30100,W056RC,4,Taxes on production and imports,2011,Current Dollars,Level,6,"1,103,723",T30100
T30100,W056RC,4,Taxes on production and imports,2012,Current Dollars,Level,6,"1,136,114",T30100
T30100,W056RC,4,Taxes on production and imports,2013,Current Dollars,Level,6,"1,185,823",T30100
T30100,W056RC,4,Taxes on production and imports,2014,Current Dollars,Level,6,"1,237,712",T30100
T30100,W056RC,4,Taxes on production and imports,2015,Current Dollars,Level,6,"1,273,454",T30100
T30100,W056RC,4,Taxes on production and imports,2016,Current Dollars,Level,6,"1,309,126",T30100
T30100,W056RC,4,Taxes on production and imports,2017,Current Dollars,Level,6,"1,363,971",T30100
T30100,W056RC,4,Taxes on production and imports,2018,Current Dollars,Level,6,"1,457,094",T30100
T30100,W056RC,4,Taxes on production and imports,2019,Current Dollars,Level,6,"1,533,632",T30100
T30100,W056RC,4,Taxes on production and imports,2020,Current Dollars,Level,6,"1,521,265",T30100
T30100,W056RC,4,Taxes on production and imports,2021,Current Dollars,Level,6,"1,700,086",T30100
T30100,W056RC,4,Taxes on production and imports,2022,Current Dollars,Level,6,"1,834,472",T30100
T30100,W056RC,4,Taxes on production and imports,2023,Current Dollars,Level,6,"1,861,013",T30100
T30100,W056RC,4,Taxes on production and imports,2024,Current Dollars,Level,6,"1,954,685",T30100
T30100,W056RC,4,Taxes on production and imports,2025,Current Dollars,Level,6,"2,212,886",T30100
T30100,W025RC,5,Taxes on corporate income,1929,Current Dollars,Level,6,"1,365",T30100
T30100,W025RC,5,Taxes on corporate income,1930,Current Dollars,Level,6,842,T30100
T30100,W025RC,5,Taxes on corporate income,1931,Current Dollars,Level,6,498,T30100
T30100,W025RC,5,Taxes on corporate income,1932,Current Dollars,Level,6,383,T30100
T30100,W025RC,5,Taxes on corporate income,1933,Current Dollars,Level,6,521,T30100
T30100,W025RC,5,Taxes on corporate income,1934,Current Dollars,Level,6,744,T30100
T30100,W025RC,5,Taxes on corporate income,1935,Current Dollars,Level,6,951,T30100
T30100,W025RC,5,Taxes on corporate income,1936,Current Dollars,Level,6,"1,409",T30100
T30100,W025RC,5,Taxes on corporate income,1937,Current Dollars,Level,6,"1,502",T30100
T30100,W025RC,5,Taxes on corporate income,1938,Current Dollars,Level,6,"1,029",T30100
T30100,W025RC,5,Taxes on corporate income,1939,Current Dollars,Level,6,"1,441",T30100
T30100,W025RC,5,Taxes on corporate income,1940,Current Dollars,Level,6,"2,834",T30100
T30100,W025RC,5,Taxes on corporate income,1941,Current Dollars,Level,6,"7,610",T30100
T30100,W025RC,5,Taxes on corporate income,1942,Current Dollars,Level,6,"11,415",T30100
T30100,W025RC,5,Taxes on corporate income,1943,Current Dollars,Level,6,"14,074",T30100
T30100,W025RC,5,Taxes on corporate income,1944,Current Dollars,Level,6,"12,949",T30100
T30100,W025RC,5,Taxes on corporate income,1945,Current Dollars,Level,6,"10,689",T30100
T30100,W025RC,5,Taxes on corporate income,1946,Current Dollars,Level,6,"9,104",T30100
T30100,W025RC,5,Taxes on corporate income,1947,Current Dollars,Level,6,"11,193",T30100
T30100,W025RC,5,Taxes on corporate income,1948,Current Dollars,Level,6,"12,254",T30100
T30100,W025RC,5,Taxes on corporate income,1949,Current Dollars,Level,6,"10,010",T30100
T30100,W025RC,5,Taxes on corporate income,1950,Current Dollars,Level,6,"17,728",T30100
T30100,W025RC,5,Taxes on corporate income,1951,Current Dollars,Level,6,"22,304",T30100
T30100,W025RC,5,Taxes on corporate income,1952,Current Dollars,Level,6,"19,107",T30100
T30100,W025RC,5,Taxes on corporate income,1953,Current Dollars,Level,6,"19,944",T30100
T30100,W025RC,5,Taxes on corporate income,1954,Current Dollars,Level,6,"17,348",T30100
T30100,W025RC,5,Taxes on corporate income,1955,Current Dollars,Level,6,"21,789",T30100
T30100,W025RC,5,Taxes on corporate income,1956,Current Dollars,Level,6,"21,591",T30100
T30100,W025RC,5,Taxes on corporate income,1957,Current Dollars,Level,6,"20,880",T30100
T30100,W025RC,5,Taxes on corporate income,1958,Current Dollars,Level,6,"18,440",T30100
T30100,W025RC,5,Taxes on corporate income,1959,Current Dollars,Level,6,"22,735",T30100
T30100,W025RC,5,Taxes on corporate income,1960,Current Dollars,Level,6,"21,799",T30100
T30100,W025RC,5,Taxes on corporate income,1961,Current Dollars,Level,6,"22,094",T30100
T30100,W025RC,5,Taxes on corporate income,1962,Current Dollars,Level,6,"23,173",T30100
T30100,W025RC,5,Taxes on corporate income,1963,Current Dollars,Level,6,"25,351",T30100
T30100,W025RC,5,Taxes on corporate income,1964,Current Dollars,Level,6,"26,403",T30100
T30100,W025RC,5,Taxes on corporate income,1965,Current Dollars,Level,6,"29,579",T30100
T30100,W025RC,5,Taxes on corporate income,1966,Current Dollars,Level,6,"32,009",T30100
T30100,W025RC,5,Taxes on corporate income,1967,Current Dollars,Level,6,"30,744",T30100
T30100,W025RC,5,Taxes on corporate income,1968,Current Dollars,Level,6,"36,901",T30100
T30100,W025RC,5,Taxes on corporate income,1969,Current Dollars,Level,6,"36,655",T30100
T30100,W025RC,5,Taxes on corporate income,1970,Current Dollars,Level,6,"30,862",T30100
T30100,W025RC,5,Taxes on corporate income,1971,Current Dollars,Level,6,"34,383",T30100
T30100,W025RC,5,Taxes on corporate income,1972,Current Dollars,Level,6,"38,628",T30100
T30100,W025RC,5,Taxes on corporate income,1973,Current Dollars,Level,6,"44,947",T30100
T30100,W025RC,5,Taxes on corporate income,1974,Current Dollars,Level,6,"46,244",T30100
T30100,W025RC,5,Taxes on corporate income,1975,Current Dollars,Level,6,"45,524",T30100
T30100,W025RC,5,Taxes on corporate income,1976,Current Dollars,Level,6,"58,343",T30100
T30100,W025RC,5,Taxes on corporate income,1977,Current Dollars,Level,6,"67,107",T30100
T30100,W025RC,5,Taxes on corporate income,1978,Current Dollars,Level,6,"76,500",T30100
T30100,W025RC,5,Taxes on corporate income,1979,Current Dollars,Level,6,"78,717",T30100
T30100,W025RC,5,Taxes on corporate income,1980,Current Dollars,Level,6,"73,079",T30100
T30100,W025RC,5,Taxes on corporate income,1981,Current Dollars,Level,6,"67,119",T30100
T30100,W025RC,5,Taxes on corporate income,1982,Current Dollars,Level,6,"47,876",T30100
T30100,W025RC,5,Taxes on corporate income,1983,Current Dollars,Level,6,"63,012",T30100
T30100,W025RC,5,Taxes on corporate income,1984,Current Dollars,Level,6,"77,983",T30100
T30100,W025RC,5,Taxes on corporate income,1985,Current Dollars,Level,6,"78,716",T30100
T30100,W025RC,5,Taxes on corporate income,1986,Current Dollars,Level,6,"88,683",T30100
T30100,W025RC,5,Taxes on corporate income,1987,Current Dollars,Level,6,"109,350",T30100
T30100,W025RC,5,Taxes on corporate income,1988,Current Dollars,Level,6,"119,794",T30100
T30100,W025RC,5,Taxes on corporate income,1989,Current Dollars,Level,6,"119,807",T30100
T30100,W025RC,5,Taxes on corporate income,1990,Current Dollars,Level,6,"116,998",T30100
T30100,W025RC,5,Taxes on corporate income,1991,Current Dollars,Level,6,"112,800",T30100
T30100,W025RC,5,Taxes on corporate income,1992,Current Dollars,Level,6,"126,374",T30100
T30100,W025RC,5,Taxes on corporate income,1993,Current Dollars,Level,6,"149,388",T30100
T30100,W025RC,5,Taxes on corporate income,1994,Current Dollars,Level,6,"166,223",T30100
T30100,W025RC,5,Taxes on corporate income,1995,Current Dollars,Level,6,"187,587",T30100
T30100,W025RC,5,Taxes on corporate income,1996,Current Dollars,Level,6,"203,562",T30100
T30100,W025RC,5,Taxes on corporate income,1997,Current Dollars,Level,6,"216,481",T30100
T30100,W025RC,5,Taxes on corporate income,1998,Current Dollars,Level,6,"212,615",T30100
T30100,W025RC,5,Taxes on corporate income,1999,Current Dollars,Level,6,"223,353",T30100
T30100,W025RC,5,Taxes on corporate income,2000,Current Dollars,Level,6,"229,327",T30100
T30100,W025RC,5,Taxes on corporate income,2001,Current Dollars,Level,6,"166,434",T30100
T30100,W025RC,5,Taxes on corporate income,2002,Current Dollars,Level,6,"156,827",T30100
T30100,W025RC,5,Taxes on corporate income,2003,Current Dollars,Level,6,"209,780",T30100
T30100,W025RC,5,Taxes on corporate income,2004,Current Dollars,Level,6,"273,912",T30100
T30100,W025RC,5,Taxes on corporate income,2005,Current Dollars,Level,6,"374,433",T30100
T30100,W025RC,5,Taxes on corporate income,2006,Current Dollars,Level,6,"425,200",T30100
T30100,W025RC,5,Taxes on corporate income,2007,Current Dollars,Level,6,"386,119",T30100
T30100,W025RC,5,Taxes on corporate income,2008,Current Dollars,Level,6,"249,395",T30100
T30100,W025RC,5,Taxes on corporate income,2009,Current Dollars,Level,6,"197,471",T30100
T30100,W025RC,5,Taxes on corporate income,2010,Current Dollars,Level,6,"265,481",T30100
T30100,W025RC,5,Taxes on corporate income,2011,Current Dollars,Level,6,"272,338",T30100
T30100,W025RC,5,Taxes on corporate income,2012,Current Dollars,Level,6,"325,365",T30100
T30100,W025RC,5,Taxes on corporate income,2013,Current Dollars,Level,6,"352,092",T30100
T30100,W025RC,5,Taxes on corporate income,2014,Current Dollars,Level,6,"395,999",T30100
T30100,W025RC,5,Taxes on corporate income,2015,Current Dollars,Level,6,"385,150",T30100
T30100,W025RC,5,Taxes on corporate income,2016,Current Dollars,Level,6,"365,045",T30100
T30100,W025RC,5,Taxes on corporate income,2017,Current Dollars,Level,6,"284,778",T30100
T30100,W025RC,5,Taxes on corporate income,2018,Current Dollars,Level,6,"285,084",T30100
T30100,W025RC,5,Taxes on corporate income,2019,Current Dollars,Level,6,"283,701",T30100
T30100,W025RC,5,Taxes on corporate income,2020,Current Dollars,Level,6,"298,185",T30100
T30100,W025RC,5,Taxes on corporate income,2021,Current Dollars,Level,6,"455,058",T30100
T30100,W025RC,5,Taxes on corporate income,2022,Current Dollars,Level,6,"586,078",T30100
T30100,W025RC,5,Taxes on corporate income,2023,Current Dollars,Level,6,"597,798",T30100
T30100,W025RC,5,Taxes on corporate income,2024,Current Dollars,Level,6,"663,685",T30100
T30100,W008RC,6,Taxes from the rest of the world,1959,Current Dollars,Level,6,84,T30100
T30100,W008RC,6,Taxes from the rest of the world,1960,Current Dollars,Level,6,95,T30100
T30100,W008RC,6,Taxes from the rest of the world,1961,Current Dollars,Level,6,112,T30100
T30100,W008RC,6,Taxes from the rest of the world,1962,Current Dollars,Level,6,145,T30100
T30100,W008RC,6,Taxes from the rest of the world,1963,Current Dollars,Level,6,188,T30100
T30100,W008RC,6,Taxes from the rest of the world,1964,Current Dollars,Level,6,183,T30100
T30100,W008RC,6,Taxes from the rest of the world,1965,Current Dollars,Level,6,206,T30100
T30100,W008RC,6,Taxes from the rest of the world,1966,Current Dollars,Level,6,228,T30100
T30100,W008RC,6,Taxes from the rest of the world,1967,Current Dollars,Level,6,248,T30100
T30100,W008RC,6,Taxes from the rest of the world,1968,Current Dollars,Level,6,319,T30100
T30100,W008RC,6,Taxes from the rest of the world,1969,Current Dollars,Level,6,394,T30100
T30100,W008RC,6,Taxes from the rest of the world,1970,Current Dollars,Level,6,374,T30100
T30100,W008RC,6,Taxes from the rest of the world,1971,Current Dollars,Level,6,367,T30100
T30100,W008RC,6,Taxes from the rest of the world,1972,Current Dollars,Level,6,403,T30100
T30100,W008RC,6,Taxes from the rest of the world,1973,Current Dollars,Level,6,378,T30100
T30100,W008RC,6,Taxes from the rest of the world,1974,Current Dollars,Level,6,367,T30100
T30100,W008RC,6,Taxes from the rest of the world,1975,Current Dollars,Level,6,471,T30100
T30100,W008RC,6,Taxes from the rest of the world,1976,Current Dollars,Level,6,714,T30100
T30100,W008RC,6,Taxes from the rest of the world,1977,Current Dollars,Level,6,727,T30100
T30100,W008RC,6,Taxes from the rest of the world,1978,Current Dollars,Level,6,954,T30100
T30100,W008RC,6,Taxes from the rest of the world,1979,Current Dollars,Level,6,"1,148",T30100
T30100,W008RC,6,Taxes from the rest of the world,1980,Current Dollars,Level,6,"1,597",T30100
T30100,W008RC,6,Taxes from the rest of the world,1981,Current Dollars,Level,6,"1,517",T30100
T30100,W008RC,6,Taxes from the rest of the world,1982,Current Dollars,Level,6,"1,372",T30100
T30100,W008RC,6,Taxes from the rest of the world,1983,Current Dollars,Level,6,"1,211",T30100
T30100,W008RC,6,Taxes from the rest of the world,1984,Current Dollars,Level,6,"1,304",T30100
T30100,W008RC,6,Taxes from the rest of the world,1985,Current Dollars,Level,6,"1,939",T30100
T30100,W008RC,6,Taxes from the rest of the world,1986,Current Dollars,Level,6,"1,713",T30100
T30100,W008RC,6,Taxes from the rest of the world,1987,Current Dollars,Level,6,"2,040",T30100
T30100,W008RC,6,Taxes from the rest of the world,1988,Current Dollars,Level,6,"2,374",T30100
T30100,W008RC,6,Taxes from the rest of the world,1989,Current Dollars,Level,6,"2,740",T30100
T30100,W008RC,6,Taxes from the rest of the world,1990,Current Dollars,Level,6,"3,030",T30100
T30100,W008RC,6,Taxes from the rest of the world,1991,Current Dollars,Level,6,"2,602",T30100
T30100,W008RC,6,Taxes from the rest of the world,1992,Current Dollars,Level,6,"2,638",T30100
T30100,W008RC,6,Taxes from the rest of the world,1993,Current Dollars,Level,6,"2,740",T30100
T30100,W008RC,6,Taxes from the rest of the world,1994,Current Dollars,Level,6,"3,142",T30100
T30100,W008RC,6,Taxes from the rest of the world,1995,Current Dollars,Level,6,"3,916",T30100
T30100,W008RC,6,Taxes from the rest of the world,1996,Current Dollars,Level,6,"5,155",T30100
T30100,W008RC,6,Taxes from the rest of the world,1997,Current Dollars,Level,6,"5,096",T30100
T30100,W008RC,6,Taxes from the rest of the world,1998,Current Dollars,Level,6,"5,680",T30100
T30100,W008RC,6,Taxes from the rest of the world,1999,Current Dollars,Level,6,"6,121",T30100
T30100,W008RC,6,Taxes from the rest of the world,2000,Current Dollars,Level,6,"7,563",T30100
T30100,W008RC,6,Taxes from the rest of the world,2001,Current Dollars,Level,6,"7,930",T30100
T30100,W008RC,6,Taxes from the rest of the world,2002,Current Dollars,Level,6,"8,064",T30100
T30100,W008RC,6,Taxes from the rest of the world,2003,Current Dollars,Level,6,"9,243",T30100
T30100,W008RC,6,Taxes from the rest of the world,2004,Current Dollars,Level,6,"10,110",T30100
T30100,W008RC,6,Taxes from the rest of the world,2005,Current Dollars,Level,6,"11,705",T30100
T30100,W008RC,6,Taxes from the rest of the world,2006,Current Dollars,Level,6,"13,723",T30100
T30100,W008RC,6,Taxes from the rest of the world,2007,Current Dollars,Level,6,"13,890",T30100
T30100,W008RC,6,Taxes from the rest of the world,2008,Current Dollars,Level,6,"16,937",T30100
T30100,W008RC,6,Taxes from the rest of the world,2009,Current Dollars,Level,6,"12,768",T30100
T30100,W008RC,6,Taxes from the rest of the world,2010,Current Dollars,Level,6,"13,862",T30100
T30100,W008RC,6,Taxes from the rest of the world,2011,Current Dollars,Level,6,"15,066",T30100
T30100,W008RC,6,Taxes from the rest of the world,2012,Current Dollars,Level,6,"16,701",T30100
T30100,W008RC,6,Taxes from the rest of the world,2013,Current Dollars,Level,6,"18,127",T30100
T30100,W008RC,6,Taxes from the rest of the world,2014,Current Dollars,Level,6,"20,386",T30100
T30100,W008RC,6,Taxes from the rest of the world,2015,Current Dollars,Level,6,"22,179",T30100
T30100,W008RC,6,Taxes from the rest of the world,2016,Current Dollars,Level,6,"24,053",T30100
T30100,W008RC,6,Taxes from the rest of the world,2017,Current Dollars,Level,6,"24,927",T30100
T30100,W008RC,6,Taxes from the rest of the world,2018,Current Dollars,Level,6,"25,738",T30100
T30100,W008RC,6,Taxes from the rest of the world,2019,Current Dollars,Level,6,"26,481",T30100
T30100,W008RC,6,Taxes from the rest of the world,2020,Current Dollars,Level,6,"27,700",T30100
T30100,W008RC,6,Taxes from the rest of the world,2021,Current Dollars,Level,6,"31,409",T30100
T30100,W008RC,6,Taxes from the rest of the world,2022,Current Dollars,Level,6,"34,136",T30100
T30100,W008RC,6,Taxes from the rest of the world,2023,Current Dollars,Level,6,"36,043",T30100
T30100,W008RC,6,Taxes from the rest of the world,2024,Current Dollars,Level,6,"38,852",T30100
T30100,W008RC,6,Taxes from the rest of the world,2025,Current Dollars,Level,6,"41,415",T30100
T30100,W782RC,7,Contributions for government social insurance,1929,Current Dollars,Level,6,74,T30100
T30100,W782RC,7,Contributions for government social insurance,1930,Current Dollars,Level,6,73,T30100
T30100,W782RC,7,Contributions for government social insurance,1931,Current Dollars,Level,6,70,T30100
T30100,W782RC,7,Contributions for government social insurance,1932,Current Dollars,Level,6,71,T30100
T30100,W782RC,7,Contributions for government social insurance,1933,Current Dollars,Level,6,63,T30100
T30100,W782RC,7,Contributions for government social insurance,1934,Current Dollars,Level,6,69,T30100
T30100,W782RC,7,Contributions for government social insurance,1935,Current Dollars,Level,6,72,T30100
T30100,W782RC,7,Contributions for government social insurance,1936,Current Dollars,Level,6,312,T30100
T30100,W782RC,7,Contributions for government social insurance,1937,Current Dollars,Level,6,"1,473",T30100
T30100,W782RC,7,Contributions for government social insurance,1938,Current Dollars,Level,6,"1,617",T30100
T30100,W782RC,7,Contributions for government social insurance,1939,Current Dollars,Level,6,"1,752",T30100
T30100,W782RC,7,Contributions for government social insurance,1940,Current Dollars,Level,6,"1,870",T30100
T30100,W782RC,7,Contributions for government social insurance,1941,Current Dollars,Level,6,"2,334",T30100
T30100,W782RC,7,Contributions for government social insurance,1942,Current Dollars,Level,6,"2,892",T30100
T30100,W782RC,7,Contributions for government social insurance,1943,Current Dollars,Level,6,"3,778",T30100
T30100,W782RC,7,Contributions for government social insurance,1944,Current Dollars,Level,6,"4,347",T30100
T30100,W782RC,7,Contributions for government social insurance,1945,Current Dollars,Level,6,"5,340",T30100
T30100,W782RC,7,Contributions for government social insurance,1946,Current Dollars,Level,6,"6,618",T30100
T30100,W782RC,7,Contributions for government social insurance,1947,Current Dollars,Level,6,"5,564",T30100
T30100,W782RC,7,Contributions for government social insurance,1948,Current Dollars,Level,6,"4,616",T30100
T30100,W782RC,7,Contributions for government social insurance,1949,Current Dollars,Level,6,"4,890",T30100
T30100,W782RC,7,Contributions for government social insurance,1950,Current Dollars,Level,6,"5,482",T30100
T30100,W782RC,7,Contributions for government social insurance,1951,Current Dollars,Level,6,"6,652",T30100
T30100,W782RC,7,Contributions for government social insurance,1952,Current Dollars,Level,6,"6,945",T30100
T30100,W782RC,7,Contributions for government social insurance,1953,Current Dollars,Level,6,"7,129",T30100
T30100,W782RC,7,Contributions for government social insurance,1954,Current Dollars,Level,6,"8,100",T30100
T30100,W782RC,7,Contributions for government social insurance,1955,Current Dollars,Level,6,"9,117",T30100
T30100,W782RC,7,Contributions for government social insurance,1956,Current Dollars,Level,6,"10,017",T30100
T30100,W782RC,7,Contributions for government social insurance,1957,Current Dollars,Level,6,"11,444",T30100
T30100,W782RC,7,Contributions for government social insurance,1958,Current Dollars,Level,6,"11,421",T30100
T30100,W782RC,7,Contributions for government social insurance,1959,Current Dollars,Level,6,"13,874",T30100
T30100,W782RC,7,Contributions for government social insurance,1960,Current Dollars,Level,6,"16,478",T30100
T30100,W782RC,7,Contributions for government social insurance,1961,Current Dollars,Level,6,"17,057",T30100
T30100,W782RC,7,Contributions for government social insurance,1962,Current Dollars,Level,6,"19,174",T30100
T30100,W782RC,7,Contributions for government social insurance,1963,Current Dollars,Level,6,"21,735",T30100
T30100,W782RC,7,Contributions for government social insurance,1964,Current Dollars,Level,6,"22,464",T30100
T30100,W782RC,7,Contributions for government social insurance,1965,Current Dollars,Level,6,"23,500",T30100
T30100,W782RC,7,Contributions for government social insurance,1966,Current Dollars,Level,6,"31,441",T30100
T30100,W782RC,7,Contributions for government social insurance,1967,Current Dollars,Level,6,"34,979",T30100
T30100,W782RC,7,Contributions for government social insurance,1968,Current Dollars,Level,6,"38,839",T30100
T30100,W782RC,7,Contributions for government social insurance,1969,Current Dollars,Level,6,"44,340",T30100
T30100,W782RC,7,Contributions for government social insurance,1970,Current Dollars,Level,6,"46,593",T30100
T30100,W782RC,7,Contributions for government social insurance,1971,Current Dollars,Level,6,"51,504",T30100
T30100,W782RC,7,Contributions for government social insurance,1972,Current Dollars,Level,6,"59,578",T30100
T30100,W782RC,7,Contributions for government social insurance,1973,Current Dollars,Level,6,"76,038",T30100
T30100,W782RC,7,Contributions for government social insurance,1974,Current Dollars,Level,6,"85,750",T30100
T30100,W782RC,7,Contributions for government social insurance,1975,Current Dollars,Level,6,"89,897",T30100
T30100,W782RC,7,Contributions for government social insurance,1976,Current Dollars,Level,6,"101,973",T30100
T30100,W782RC,7,Contributions for government social insurance,1977,Current Dollars,Level,6,"113,853",T30100
T30100,W782RC,7,Contributions for government social insurance,1978,Current Dollars,Level,6,"132,125",T30100
T30100,W782RC,7,Contributions for government social insurance,1979,Current Dollars,Level,6,"153,678",T30100
T30100,W782RC,7,Contributions for government social insurance,1980,Current Dollars,Level,6,"167,203",T30100
T30100,W782RC,7,Contributions for government social insurance,1981,Current Dollars,Level,6,"196,869",T30100
T30100,W782RC,7,Contributions for government social insurance,1982,Current Dollars,Level,6,"210,086",T30100
T30100,W782RC,7,Contributions for government social insurance,1983,Current Dollars,Level,6,"227,208",T30100
T30100,W782RC,7,Contributions for government social insurance,1984,Current Dollars,Level,6,"258,806",T30100
T30100,W782RC,7,Contributions for government social insurance,1985,Current Dollars,Level,6,"282,795",T30100
T30100,W782RC,7,Contributions for government social insurance,1986,Current Dollars,Level,6,"304,890",T30100
T30100,W782RC,7,Contributions for government social insurance,1987,Current Dollars,Level,6,"324,638",T30100
T30100,W782RC,7,Contributions for government social insurance,1988,Current Dollars,Level,6,"363,156",T30100
T30100,W782RC,7,Contributions for government social insurance,1989,Current Dollars,Level,6,"386,937",T30100
T30100,W782RC,7,Contributions for government social insurance,1990,Current Dollars,Level,6,"412,075",T30100
T30100,W782RC,7,Contributions for government social insurance,1991,Current Dollars,Level,6,"432,232",T30100
T30100,W782RC,7,Contributions for government social insurance,1992,Current Dollars,Level,6,"457,088",T30100
T30100,W782RC,7,Contributions for government social insurance,1993,Current Dollars,Level,6,"479,646",T30100
T30100,W782RC,7,Contributions for government social insurance,1994,Current Dollars,Level,6,"510,667",T30100
T30100,W782RC,7,Contributions for government social insurance,1995,Current Dollars,Level,6,"535,503",T30100
T30100,W782RC,7,Contributions for government social insurance,1996,Current Dollars,Level,6,"557,866",T30100
T30100,W782RC,7,Contributions for government social insurance,1997,Current Dollars,Level,6,"590,255",T30100
T30100,W782RC,7,Contributions for government social insurance,1998,Current Dollars,Level,6,"627,753",T30100
T30100,W782RC,7,Contributions for government social insurance,1999,Current Dollars,Level,6,"664,578",T30100
T30100,W782RC,7,Contributions for government social insurance,2000,Current Dollars,Level,6,"709,393",T30100
T30100,W782RC,7,Contributions for government social insurance,2001,Current Dollars,Level,6,"736,953",T30100
T30100,W782RC,7,Contributions for government social insurance,2002,Current Dollars,Level,6,"755,251",T30100
T30100,W782RC,7,Contributions for government social insurance,2003,Current Dollars,Level,6,"783,208",T30100
T30100,W782RC,7,Contributions for government social insurance,2004,Current Dollars,Level,6,"833,633",T30100
T30100,W782RC,7,Contributions for government social insurance,2005,Current Dollars,Level,6,"878,012",T30100
T30100,W782RC,7,Contributions for government social insurance,2006,Current Dollars,Level,6,"927,135",T30100
T30100,W782RC,7,Contributions for government social insurance,2007,Current Dollars,Level,6,"966,126",T30100
T30100,W782RC,7,Contributions for government social insurance,2008,Current Dollars,Level,6,"993,187",T30100
T30100,W782RC,7,Contributions for government social insurance,2009,Current Dollars,Level,6,"969,231",T30100
T30100,W782RC,7,Contributions for government social insurance,2010,Current Dollars,Level,6,"988,670",T30100
T30100,W782RC,7,Contributions for government social insurance,2011,Current Dollars,Level,6,"921,061",T30100
T30100,W782RC,7,Contributions for government social insurance,2012,Current Dollars,Level,6,"955,160",T30100
T30100,W782RC,7,Contributions for government social insurance,2013,Current Dollars,Level,6,"1,109,440",T30100
T30100,W782RC,7,Contributions for government social insurance,2014,Current Dollars,Level,6,"1,158,801",T30100
T30100,W782RC,7,Contributions for government social insurance,2015,Current Dollars,Level,6,"1,210,015",T30100
T30100,W782RC,7,Contributions for government social insurance,2016,Current Dollars,Level,6,"1,244,366",T30100
T30100,W782RC,7,Contributions for government social insurance,2017,Current Dollars,Level,6,"1,304,155",T30100
T30100,W782RC,7,Contributions for government social insurance,2018,Current Dollars,Level,6,"1,367,038",T30100
T30100,W782RC,7,Contributions for government social insurance,2019,Current Dollars,Level,6,"1,430,159",T30100
T30100,W782RC,7,Contributions for government social insurance,2020,Current Dollars,Level,6,"1,454,886",T30100
T30100,W782RC,7,Contributions for government social insurance,2021,Current Dollars,Level,6,"1,565,076",T30100
T30100,W782RC,7,Contributions for government social insurance,2022,Current Dollars,Level,6,"1,710,410",T30100
T30100,W782RC,7,Contributions for government social insurance,2023,Current Dollars,Level,6,"1,807,062",T30100
T30100,W782RC,7,Contributions for government social insurance,2024,Current Dollars,Level,6,"1,929,608",T30100
T30100,W782RC,7,Contributions for government social insurance,2025,Current Dollars,Level,6,"2,022,254",T30100
T30100,A061RC,8,From persons,1929,Current Dollars,Level,6,74,T30100
T30100,A061RC,8,From persons,1930,Current Dollars,Level,6,73,T30100
T30100,A061RC,8,From persons,1931,Current Dollars,Level,6,70,T30100
T30100,A061RC,8,From persons,1932,Current Dollars,Level,6,71,T30100
T30100,A061RC,8,From persons,1933,Current Dollars,Level,6,63,T30100
T30100,A061RC,8,From persons,1934,Current Dollars,Level,6,69,T30100
T30100,A061RC,8,From persons,1935,Current Dollars,Level,6,72,T30100
T30100,A061RC,8,From persons,1936,Current Dollars,Level,6,312,T30100
T30100,A061RC,8,From persons,1937,Current Dollars,Level,6,"1,473",T30100
T30100,A061RC,8,From persons,1938,Current Dollars,Level,6,"1,617",T30100
T30100,A061RC,8,From persons,1939,Current Dollars,Level,6,"1,752",T30100
T30100,A061RC,8,From persons,1940,Current Dollars,Level,6,"1,870",T30100
T30100,A061RC,8,From persons,1941,Current Dollars,Level,6,"2,334",T30100
T30100,A061RC,8,From persons,1942,Current Dollars,Level,6,"2,892",T30100
T30100,A061RC,8,From persons,1943,Current Dollars,Level,6,"3,778",T30100
T30100,A061RC,8,From persons,1944,Current Dollars,Level,6,"4,347",T30100
T30100,A061RC,8,From persons,1945,Current Dollars,Level,6,"5,340",T30100
T30100,A061RC,8,From persons,1946,Current Dollars,Level,6,"6,618",T30100
T30100,A061RC,8,From persons,1947,Current Dollars,Level,6,"5,564",T30100
T30100,A061RC,8,From persons,1948,Current Dollars,Level,6,"4,616",T30100
T30100,A061RC,8,From persons,1949,Current Dollars,Level,6,"4,890",T30100
T30100,A061RC,8,From persons,1950,Current Dollars,Level,6,"5,482",T30100
T30100,A061RC,8,From persons,1951,Current Dollars,Level,6,"6,634",T30100
T30100,A061RC,8,From persons,1952,Current Dollars,Level,6,"6,923",T30100
T30100,A061RC,8,From persons,1953,Current Dollars,Level,6,"7,106",T30100
T30100,A061RC,8,From persons,1954,Current Dollars,Level,6,"8,074",T30100
T30100,A061RC,8,From persons,1955,Current Dollars,Level,6,"9,091",T30100
T30100,A061RC,8,From persons,1956,Current Dollars,Level,6,"9,987",T30100
T30100,A061RC,8,From persons,1957,Current Dollars,Level,6,"11,413",T30100
T30100,A061RC,8,From persons,1958,Current Dollars,Level,6,"11,384",T30100
T30100,A061RC,8,From persons,1959,Current Dollars,Level,6,"13,834",T30100
T30100,A061RC,8,From persons,1960,Current Dollars,Level,6,"16,444",T30100
T30100,A061RC,8,From persons,1961,Current Dollars,Level,6,"17,005",T30100
T30100,A061RC,8,From persons,1962,Current Dollars,Level,6,"19,117",T30100
T30100,A061RC,8,From persons,1963,Current Dollars,Level,6,"21,669",T30100
T30100,A061RC,8,From persons,1964,Current Dollars,Level,6,"22,387",T30100
T30100,A061RC,8,From persons,1965,Current Dollars,Level,6,"23,416",T30100
T30100,A061RC,8,From persons,1966,Current Dollars,Level,6,"31,336",T30100
T30100,A061RC,8,From persons,1967,Current Dollars,Level,6,"34,867",T30100
T30100,A061RC,8,From persons,1968,Current Dollars,Level,6,"38,695",T30100
T30100,A061RC,8,From persons,1969,Current Dollars,Level,6,"44,127",T30100
T30100,A061RC,8,From persons,1970,Current Dollars,Level,6,"46,359",T30100
T30100,A061RC,8,From persons,1971,Current Dollars,Level,6,"51,176",T30100
T30100,A061RC,8,From persons,1972,Current Dollars,Level,6,"59,204",T30100
T30100,A061RC,8,From persons,1973,Current Dollars,Level,6,"75,496",T30100
T30100,A061RC,8,From persons,1974,Current Dollars,Level,6,"85,181",T30100
T30100,A061RC,8,From persons,1975,Current Dollars,Level,6,"89,310",T30100
T30100,A061RC,8,From persons,1976,Current Dollars,Level,6,"101,334",T30100
T30100,A061RC,8,From persons,1977,Current Dollars,Level,6,"113,094",T30100
T30100,A061RC,8,From persons,1978,Current Dollars,Level,6,"131,260",T30100
T30100,A061RC,8,From persons,1979,Current Dollars,Level,6,"152,749",T30100
T30100,A061RC,8,From persons,1980,Current Dollars,Level,6,"166,188",T30100
T30100,A061RC,8,From persons,1981,Current Dollars,Level,6,"195,701",T30100
T30100,A061RC,8,From persons,1982,Current Dollars,Level,6,"208,894",T30100
T30100,A061RC,8,From persons,1983,Current Dollars,Level,6,"225,953",T30100
T30100,A061RC,8,From persons,1984,Current Dollars,Level,6,"257,470",T30100
T30100,A061RC,8,From persons,1985,Current Dollars,Level,6,"281,370",T30100
T30100,A061RC,8,From persons,1986,Current Dollars,Level,6,"303,438",T30100
T30100,A061RC,8,From persons,1987,Current Dollars,Level,6,"323,113",T30100
T30100,A061RC,8,From persons,1988,Current Dollars,Level,6,"361,482",T30100
T30100,A061RC,8,From persons,1989,Current Dollars,Level,6,"385,231",T30100
T30100,A061RC,8,From persons,1990,Current Dollars,Level,6,"410,108",T30100
T30100,A061RC,8,From persons,1991,Current Dollars,Level,6,"430,182",T30100
T30100,A061RC,8,From persons,1992,Current Dollars,Level,6,"454,951",T30100
T30100,A061RC,8,From persons,1993,Current Dollars,Level,6,"477,425",T30100
T30100,A061RC,8,From persons,1994,Current Dollars,Level,6,"508,180",T30100
T30100,A061RC,8,From persons,1995,Current Dollars,Level,6,"532,800",T30100
T30100,A061RC,8,From persons,1996,Current Dollars,Level,6,"555,078",T30100
T30100,A061RC,8,From persons,1997,Current Dollars,Level,6,"587,241",T30100
T30100,A061RC,8,From persons,1998,Current Dollars,Level,6,"624,651",T30100
T30100,A061RC,8,From persons,1999,Current Dollars,Level,6,"661,285",T30100
T30100,A061RC,8,From persons,2000,Current Dollars,Level,6,"705,840",T30100
T30100,A061RC,8,From persons,2001,Current Dollars,Level,6,"733,197",T30100
T30100,A061RC,8,From persons,2002,Current Dollars,Level,6,"751,496",T30100
T30100,A061RC,8,From persons,2003,Current Dollars,Level,6,"779,283",T30100
T30100,A061RC,8,From persons,2004,Current Dollars,Level,6,"829,240",T30100
T30100,A061RC,8,From persons,2005,Current Dollars,Level,6,"873,347",T30100
T30100,A061RC,8,From persons,2006,Current Dollars,Level,6,"922,538",T30100
T30100,A061RC,8,From persons,2007,Current Dollars,Level,6,"961,410",T30100
T30100,A061RC,8,From persons,2008,Current Dollars,Level,6,"988,358",T30100
T30100,A061RC,8,From persons,2009,Current Dollars,Level,6,"964,272",T30100
T30100,A061RC,8,From persons,2010,Current Dollars,Level,6,"983,747",T30100
T30100,A061RC,8,From persons,2011,Current Dollars,Level,6,"916,651",T30100
T30100,A061RC,8,From persons,2012,Current Dollars,Level,6,"950,526",T30100
T30100,A061RC,8,From persons,2013,Current Dollars,Level,6,"1,104,286",T30100
T30100,A061RC,8,From persons,2014,Current Dollars,Level,6,"1,153,553",T30100
T30100,A061RC,8,From persons,2015,Current Dollars,Level,6,"1,204,749",T30100
T30100,A061RC,8,From persons,2016,Current Dollars,Level,6,"1,238,836",T30100
T30100,A061RC,8,From persons,2017,Current Dollars,Level,6,"1,298,929",T30100
T30100,A061RC,8,From persons,2018,Current Dollars,Level,6,"1,361,683",T30100
T30100,A061RC,8,From persons,2019,Current Dollars,Level,6,"1,424,780",T30100
T30100,A061RC,8,From persons,2020,Current Dollars,Level,6,"1,449,579",T30100
T30100,A061RC,8,From persons,2021,Current Dollars,Level,6,"1,559,299",T30100
T30100,A061RC,8,From persons,2022,Current Dollars,Level,6,"1,703,838",T30100
T30100,A061RC,8,From persons,2023,Current Dollars,Level,6,"1,800,648",T30100
T30100,A061RC,8,From persons,2024,Current Dollars,Level,6,"1,923,151",T30100
T30100,A061RC,8,From persons,2025,Current Dollars,Level,6,"2,015,518",T30100
T30100,W781RC,9,From the rest of the world,1951,Current Dollars,Level,6,18,"T30100,T30100.1"
T30100,W781RC,9,From the rest of the world,1952,Current Dollars,Level,6,22,"T30100,T30100.1"
T30100,W781RC,9,From the rest of the world,1953,Current Dollars,Level,6,23,"T30100,T30100.1"
T30100,W781RC,9,From the rest of the world,1954,Current Dollars,Level,6,26,"T30100,T30100.1"
T30100,W781RC,9,From the rest of the world,1955,Current Dollars,Level,6,26,"T30100,T30100.1"
T30100,W781RC,9,From the rest of the world,1956,Current Dollars,Level,6,30,"T30100,T30100.1"
T30100,W781RC,9,From the rest of the world,1957,Current Dollars,Level,6,31,"T30100,T30100.1"
T30100,W781RC,9,From the rest of the world,1958,Current Dollars,Level,6,37,"T30100,T30100.1"
T30100,W781RC,9,From the rest of the world,1959,Current Dollars,Level,6,40,"T30100,T30100.1"
T30100,W781RC,9,From the rest of the world,1960,Current Dollars,Level,6,34,"T30100,T30100.1"
T30100,W781RC,9,From the rest of the world,1961,Current Dollars,Level,6,52,"T30100,T30100.1"
T30100,W781RC,9,From the rest of the world,1962,Current Dollars,Level,6,57,"T30100,T30100.1"
T30100,W781RC,9,From the rest of the world,1963,Current Dollars,Level,6,66,"T30100,T30100.1"
T30100,W781RC,9,From the rest of the world,1964,Current Dollars,Level,6,77,"T30100,T30100.1"
T30100,W781RC,9,From the rest of the world,1965,Current Dollars,Level,6,84,"T30100,T30100.1"
T30100,W781RC,9,From the rest of the world,1966,Current Dollars,Level,6,105,"T30100,T30100.1"
T30100,W781RC,9,From the rest of the world,1967,Current Dollars,Level,6,112,"T30100,T30100.1"
T30100,W781RC,9,From the rest of the world,1968,Current Dollars,Level,6,144,"T30100,T30100.1"
T30100,W781RC,9,From the rest of the world,1969,Current Dollars,Level,6,213,"T30100,T30100.1"
T30100,W781RC,9,From the rest of the world,1970,Current Dollars,Level,6,234,"T30100,T30100.1"
T30100,W781RC,9,From the rest of the world,1971,Current Dollars,Level,6,328,"T30100,T30100.1"
T30100,W781RC,9,From the rest of the world,1972,Current Dollars,Level,6,374,"T30100,T30100.1"
T30100,W781RC,9,From the rest of the world,1973,Current Dollars,Level,6,542,"T30100,T30100.1"
T30100,W781RC,9,From the rest of the world,1974,Current Dollars,Level,6,569,"T30100,T30100.1"
T30100,W781RC,9,From the rest of the world,1975,Current Dollars,Level,6,587,"T30100,T30100.1"
T30100,W781RC,9,From the rest of the world,1976,Current Dollars,Level,6,639,"T30100,T30100.1"
T30100,W781RC,9,From the rest of the world,1977,Current Dollars,Level,6,759,"T30100,T30100.1"
T30100,W781RC,9,From the rest of the world,1978,Current Dollars,Level,6,865,"T30100,T30100.1"
T30100,W781RC,9,From the rest of the world,1979,Current Dollars,Level,6,929,"T30100,T30100.1"
T30100,W781RC,9,From the rest of the world,1980,Current Dollars,Level,6,"1,015","T30100,T30100.1"
T30100,W781RC,9,From the rest of the world,1981,Current Dollars,Level,6,"1,168","T30100,T30100.1"
T30100,W781RC,9,From the rest of the world,1982,Current Dollars,Level,6,"1,192","T30100,T30100.1"
T30100,W781RC,9,From the rest of the world,1983,Current Dollars,Level,6,"1,255","T30100,T30100.1"
T30100,W781RC,9,From the rest of the world,1984,Current Dollars,Level,6,"1,336","T30100,T30100.1"
T30100,W781RC,9,From the rest of the world,1985,Current Dollars,Level,6,"1,425","T30100,T30100.1"
T30100,W781RC,9,From the rest of the world,1986,Current Dollars,Level,6,"1,452","T30100,T30100.1"
T30100,W781RC,9,From the rest of the world,1987,Current Dollars,Level,6,"1,525","T30100,T30100.1"
T30100,W781RC,9,From the rest of the world,1988,Current Dollars,Level,6,"1,674","T30100,T30100.1"
T30100,W781RC,9,From the rest of the world,1989,Current Dollars,Level,6,"1,706","T30100,T30100.1"
T30100,W781RC,9,From the rest of the world,1990,Current Dollars,Level,6,"1,967","T30100,T30100.1"
T30100,W781RC,9,From the rest of the world,1991,Current Dollars,Level,6,"2,050","T30100,T30100.1"
T30100,W781RC,9,From the rest of the world,1992,Current Dollars,Level,6,"2,137","T30100,T30100.1"
T30100,W781RC,9,From the rest of the world,1993,Current Dollars,Level,6,"2,221","T30100,T30100.1"
T30100,W781RC,9,From the rest of the world,1994,Current Dollars,Level,6,"2,487","T30100,T30100.1"
T30100,W781RC,9,From the rest of the world,1995,Current Dollars,Level,6,"2,703","T30100,T30100.1"
T30100,W781RC,9,From the rest of the world,1996,Current Dollars,Level,6,"2,788","T30100,T30100.1"
T30100,W781RC,9,From the rest of the world,1997,Current Dollars,Level,6,"3,014","T30100,T30100.1"
T30100,W781RC,9,From the rest of the world,1998,Current Dollars,Level,6,"3,102","T30100,T30100.1"
T30100,W781RC,9,From the rest of the world,1999,Current Dollars,Level,6,"3,293","T30100,T30100.1"
T30100,W781RC,9,From the rest of the world,2000,Current Dollars,Level,6,"3,553","T30100,T30100.1"
T30100,W781RC,9,From the rest of the world,2001,Current Dollars,Level,6,"3,756","T30100,T30100.1"
T30100,W781RC,9,From the rest of the world,2002,Current Dollars,Level,6,"3,755","T30100,T30100.1"
T30100,W781RC,9,From the rest of the world,2003,Current Dollars,Level,6,"3,925","T30100,T30100.1"
T30100,W781RC,9,From the rest of the world,2004,Current Dollars,Level,6,"4,393","T30100,T30100.1"
T30100,W781RC,9,From the rest of the world,2005,Current Dollars,Level,6,"4,665","T30100,T30100.1"
T30100,W781RC,9,From the rest of the world,2006,Current Dollars,Level,6,"4,597","T30100,T30100.1"
T30100,W781RC,9,From the rest of the world,2007,Current Dollars,Level,6,"4,716","T30100,T30100.1"
T30100,W781RC,9,From the rest of the world,2008,Current Dollars,Level,6,"4,829","T30100,T30100.1"
T30100,W781RC,9,From the rest of the world,2009,Current Dollars,Level,6,"4,959","T30100,T30100.1"
T30100,W781RC,9,From the rest of the world,2010,Current Dollars,Level,6,"4,923","T30100,T30100.1"
T30100,W781RC,9,From the rest of the world,2011,Current Dollars,Level,6,"4,410","T30100,T30100.1"
T30100,W781RC,9,From the rest of the world,2012,Current Dollars,Level,6,"4,634","T30100,T30100.1"
T30100,W781RC,9,From the rest of the world,2013,Current Dollars,Level,6,"5,154","T30100,T30100.1"
T30100,W781RC,9,From the rest of the world,2014,Current Dollars,Level,6,"5,248","T30100,T30100.1"
T30100,W781RC,9,From the rest of the world,2015,Current Dollars,Level,6,"5,266","T30100,T30100.1"
T30100,W781RC,9,From the rest of the world,2016,Current Dollars,Level,6,"5,530","T30100,T30100.1"
T30100,W781RC,9,From the rest of the world,2017,Current Dollars,Level,6,"5,226","T30100,T30100.1"
T30100,W781RC,9,From the rest of the world,2018,Current Dollars,Level,6,"5,355","T30100,T30100.1"
T30100,W781RC,9,From the rest of the world,2019,Current Dollars,Level,6,"5,379","T30100,T30100.1"
T30100,W781RC,9,From the rest of the world,2020,Current Dollars,Level,6,"5,307","T30100,T30100.1"
T30100,W781RC,9,From the rest of the world,2021,Current Dollars,Level,6,"5,777","T30100,T30100.1"
T30100,W781RC,9,From the rest of the world,2022,Current Dollars,Level,6,"6,572","T30100,T30100.1"
T30100,W781RC,9,From the rest of the world,2023,Current Dollars,Level,6,"6,414","T30100,T30100.1"
T30100,W781RC,9,From the rest of the world,2024,Current Dollars,Level,6,"6,457","T30100,T30100.1"
T30100,W781RC,9,From the rest of the world,2025,Current Dollars,Level,6,"6,736","T30100,T30100.1"
T30100,W058RC,10,Income receipts on assets,1929,Current Dollars,Level,6,104,T30100
T30100,W058RC,10,Income receipts on assets,1930,Current Dollars,Level,6,102,T30100
T30100,W058RC,10,Income receipts on assets,1931,Current Dollars,Level,6,106,T30100
T30100,W058RC,10,Income receipts on assets,1932,Current Dollars,Level,6,113,T30100
T30100,W058RC,10,Income receipts on assets,1933,Current Dollars,Level,6,106,T30100
T30100,W058RC,10,Income receipts on assets,1934,Current Dollars,Level,6,105,T30100
T30100,W058RC,10,Income receipts on assets,1935,Current Dollars,Level,6,110,T30100
T30100,W058RC,10,Income receipts on assets,1936,Current Dollars,Level,6,111,T30100
T30100,W058RC,10,Income receipts on assets,1937,Current Dollars,Level,6,117,T30100
T30100,W058RC,10,Income receipts on assets,1938,Current Dollars,Level,6,120,T30100
T30100,W058RC,10,Income receipts on assets,1939,Current Dollars,Level,6,118,T30100
T30100,W058RC,10,Income receipts on assets,1940,Current Dollars,Level,6,123,T30100
T30100,W058RC,10,Income receipts on assets,1941,Current Dollars,Level,6,123,T30100
T30100,W058RC,10,Income receipts on assets,1942,Current Dollars,Level,6,134,T30100
T30100,W058RC,10,Income receipts on assets,1943,Current Dollars,Level,6,128,T30100
T30100,W058RC,10,Income receipts on assets,1944,Current Dollars,Level,6,135,T30100
T30100,W058RC,10,Income receipts on assets,1945,Current Dollars,Level,6,140,T30100
T30100,W058RC,10,Income receipts on assets,1946,Current Dollars,Level,6,112,T30100
T30100,W058RC,10,Income receipts on assets,1947,Current Dollars,Level,6,200,T30100
T30100,W058RC,10,Income receipts on assets,1948,Current Dollars,Level,6,343,T30100
T30100,W058RC,10,Income receipts on assets,1949,Current Dollars,Level,6,399,T30100
T30100,W058RC,10,Income receipts on assets,1950,Current Dollars,Level,6,436,T30100
T30100,W058RC,10,Income receipts on assets,1951,Current Dollars,Level,6,527,T30100
T30100,W058RC,10,Income receipts on assets,1952,Current Dollars,Level,6,587,T30100
T30100,W058RC,10,Income receipts on assets,1953,Current Dollars,Level,6,662,T30100
T30100,W058RC,10,Income receipts on assets,1954,Current Dollars,Level,6,651,T30100
T30100,W058RC,10,Income receipts on assets,1955,Current Dollars,Level,6,627,T30100
T30100,W058RC,10,Income receipts on assets,1956,Current Dollars,Level,6,807,T30100
T30100,W058RC,10,Income receipts on assets,1957,Current Dollars,Level,6,976,T30100
T30100,W058RC,10,Income receipts on assets,1958,Current Dollars,Level,6,"1,000",T30100
T30100,W058RC,10,Income receipts on assets,1959,Current Dollars,Level,6,"1,314",T30100
T30100,W058RC,10,Income receipts on assets,1960,Current Dollars,Level,6,"3,700",T30100
T30100,W058RC,10,Income receipts on assets,1961,Current Dollars,Level,6,"3,695",T30100
T30100,W058RC,10,Income receipts on assets,1962,Current Dollars,Level,6,"4,130",T30100
T30100,W058RC,10,Income receipts on assets,1963,Current Dollars,Level,6,"4,411",T30100
T30100,W058RC,10,Income receipts on assets,1964,Current Dollars,Level,6,"5,441",T30100
T30100,W058RC,10,Income receipts on assets,1965,Current Dollars,Level,6,"5,518",T30100
T30100,W058RC,10,Income receipts on assets,1966,Current Dollars,Level,6,"6,503",T30100
T30100,W058RC,10,Income receipts on assets,1967,Current Dollars,Level,6,"7,544",T30100
T30100,W058RC,10,Income receipts on assets,1968,Current Dollars,Level,6,"9,012",T30100
T30100,W058RC,10,Income receipts on assets,1969,Current Dollars,Level,6,"10,176",T30100
T30100,W058RC,10,Income receipts on assets,1970,Current Dollars,Level,6,"11,858",T30100
T30100,W058RC,10,Income receipts on assets,1971,Current Dollars,Level,6,"12,458",T30100
T30100,W058RC,10,Income receipts on assets,1972,Current Dollars,Level,6,"12,915",T30100
T30100,W058RC,10,Income receipts on assets,1973,Current Dollars,Level,6,"16,122",T30100
T30100,W058RC,10,Income receipts on assets,1974,Current Dollars,Level,6,"20,256",T30100
T30100,W058RC,10,Income receipts on assets,1975,Current Dollars,Level,6,"21,821",T30100
T30100,W058RC,10,Income receipts on assets,1976,Current Dollars,Level,6,"22,522",T30100
T30100,W058RC,10,Income receipts on assets,1977,Current Dollars,Level,6,"24,668",T30100
T30100,W058RC,10,Income receipts on assets,1978,Current Dollars,Level,6,"30,609",T30100
T30100,W058RC,10,Income receipts on assets,1979,Current Dollars,Level,6,"40,628",T30100
T30100,W058RC,10,Income receipts on assets,1980,Current Dollars,Level,6,"52,336",T30100
T30100,W058RC,10,Income receipts on assets,1981,Current Dollars,Level,6,"65,226",T30100
T30100,W058RC,10,Income receipts on assets,1982,Current Dollars,Level,6,"75,332",T30100
T30100,W058RC,10,Income receipts on assets,1983,Current Dollars,Level,6,"80,381",T30100
T30100,W058RC,10,Income receipts on assets,1984,Current Dollars,Level,6,"91,443",T30100
T30100,W058RC,10,Income receipts on assets,1985,Current Dollars,Level,6,"103,544",T30100
T30100,W058RC,10,Income receipts on assets,1986,Current Dollars,Level,6,"108,878",T30100
T30100,W058RC,10,Income receipts on assets,1987,Current Dollars,Level,6,"104,473",T30100
T30100,W058RC,10,Income receipts on assets,1988,Current Dollars,Level,6,"108,777",T30100
T30100,W058RC,10,Income receipts on assets,1989,Current Dollars,Level,6,"117,066",T30100
T30100,W058RC,10,Income receipts on assets,1990,Current Dollars,Level,6,"122,494",T30100
T30100,W058RC,10,Income receipts on assets,1991,Current Dollars,Level,6,"117,975",T30100
T30100,W058RC,10,Income receipts on assets,1992,Current Dollars,Level,6,"106,369",T30100
T30100,W058RC,10,Income receipts on assets,1993,Current Dollars,Level,6,"103,846",T30100
T30100,W058RC,10,Income receipts on assets,1994,Current Dollars,Level,6,"107,521",T30100
T30100,W058RC,10,Income receipts on assets,1995,Current Dollars,Level,6,"116,186",T30100
T30100,W058RC,10,Income receipts on assets,1996,Current Dollars,Level,6,"120,320",T30100
T30100,W058RC,10,Income receipts on assets,1997,Current Dollars,Level,6,"124,098",T30100
T30100,W058RC,10,Income receipts on assets,1998,Current Dollars,Level,6,"129,053",T30100
T30100,W058RC,10,Income receipts on assets,1999,Current Dollars,Level,6,"130,867",T30100
T30100,W058RC,10,Income receipts on assets,2000,Current Dollars,Level,6,"144,014",T30100
T30100,W058RC,10,Income receipts on assets,2001,Current Dollars,Level,6,"143,100",T30100
T30100,W058RC,10,Income receipts on assets,2002,Current Dollars,Level,6,"125,269",T30100
T30100,W058RC,10,Income receipts on assets,2003,Current Dollars,Level,6,"118,580",T30100
T30100,W058RC,10,Income receipts on assets,2004,Current Dollars,Level,6,"119,488",T30100
T30100,W058RC,10,Income receipts on assets,2005,Current Dollars,Level,6,"136,552",T30100
T30100,W058RC,10,Income receipts on assets,2006,Current Dollars,Level,6,"165,017",T30100
T30100,W058RC,10,Income receipts on assets,2007,Current Dollars,Level,6,"186,537",T30100
T30100,W058RC,10,Income receipts on assets,2008,Current Dollars,Level,6,"172,799",T30100
T30100,W058RC,10,Income receipts on assets,2009,Current Dollars,Level,6,"186,529",T30100
T30100,W058RC,10,Income receipts on assets,2010,Current Dollars,Level,6,"216,781",T30100
T30100,W058RC,10,Income receipts on assets,2011,Current Dollars,Level,6,"210,778",T30100
T30100,W058RC,10,Income receipts on assets,2012,Current Dollars,Level,6,"220,421",T30100
T30100,W058RC,10,Income receipts on assets,2013,Current Dollars,Level,6,"322,856",T30100
T30100,W058RC,10,Income receipts on assets,2014,Current Dollars,Level,6,"254,002",T30100
T30100,W058RC,10,Income receipts on assets,2015,Current Dollars,Level,6,"241,869",T30100
T30100,W058RC,10,Income receipts on assets,2016,Current Dollars,Level,6,"223,003",T30100
T30100,W058RC,10,Income receipts on assets,2017,Current Dollars,Level,6,"226,066",T30100
T30100,W058RC,10,Income receipts on assets,2018,Current Dollars,Level,6,"214,927",T30100
T30100,W058RC,10,Income receipts on assets,2019,Current Dollars,Level,6,"206,539",T30100
T30100,W058RC,10,Income receipts on assets,2020,Current Dollars,Level,6,"213,403",T30100
T30100,W058RC,10,Income receipts on assets,2021,Current Dollars,Level,6,"231,891",T30100
T30100,W058RC,10,Income receipts on assets,2022,Current Dollars,Level,6,"204,582",T30100
T30100,W058RC,10,Income receipts on assets,2023,Current Dollars,Level,6,"168,344",T30100
T30100,W058RC,10,Income receipts on assets,2024,Current Dollars,Level,6,"196,291",T30100
T30100,W058RC,10,Income receipts on assets,2025,Current Dollars,Level,6,"218,418",T30100
T30100,W059RC,11,Interest and miscellaneous receipts,1929,Current Dollars,Level,6,100,T30100
T30100,W059RC,11,Interest and miscellaneous receipts,1930,Current Dollars,Level,6,102,T30100
T30100,W059RC,11,Interest and miscellaneous receipts,1931,Current Dollars,Level,6,106,T30100
T30100,W059RC,11,Interest and miscellaneous receipts,1932,Current Dollars,Level,6,111,T30100
T30100,W059RC,11,Interest and miscellaneous receipts,1933,Current Dollars,Level,6,106,T30100
T30100,W059RC,11,Interest and miscellaneous receipts,1934,Current Dollars,Level,6,105,T30100
T30100,W059RC,11,Interest and miscellaneous receipts,1935,Current Dollars,Level,6,110,T30100
T30100,W059RC,11,Interest and miscellaneous receipts,1936,Current Dollars,Level,6,111,T30100
T30100,W059RC,11,Interest and miscellaneous receipts,1937,Current Dollars,Level,6,117,T30100
T30100,W059RC,11,Interest and miscellaneous receipts,1938,Current Dollars,Level,6,120,T30100
T30100,W059RC,11,Interest and miscellaneous receipts,1939,Current Dollars,Level,6,118,T30100
T30100,W059RC,11,Interest and miscellaneous receipts,1940,Current Dollars,Level,6,123,T30100
T30100,W059RC,11,Interest and miscellaneous receipts,1941,Current Dollars,Level,6,123,T30100
T30100,W059RC,11,Interest and miscellaneous receipts,1942,Current Dollars,Level,6,134,T30100
T30100,W059RC,11,Interest and miscellaneous receipts,1943,Current Dollars,Level,6,128,T30100
T30100,W059RC,11,Interest and miscellaneous receipts,1944,Current Dollars,Level,6,135,T30100
T30100,W059RC,11,Interest and miscellaneous receipts,1945,Current Dollars,Level,6,140,T30100
T30100,W059RC,11,Interest and miscellaneous receipts,1946,Current Dollars,Level,6,112,T30100
T30100,W059RC,11,Interest and miscellaneous receipts,1947,Current Dollars,Level,6,125,T30100
T30100,W059RC,11,Interest and miscellaneous receipts,1948,Current Dollars,Level,6,176,T30100
T30100,W059RC,11,Interest and miscellaneous receipts,1949,Current Dollars,Level,6,206,T30100
T30100,W059RC,11,Interest and miscellaneous receipts,1950,Current Dollars,Level,6,239,T30100
T30100,W059RC,11,Interest and miscellaneous receipts,1951,Current Dollars,Level,6,272,T30100
T30100,W059RC,11,Interest and miscellaneous receipts,1952,Current Dollars,Level,6,295,T30100
T30100,W059RC,11,Interest and miscellaneous receipts,1953,Current Dollars,Level,6,319,T30100
T30100,W059RC,11,Interest and miscellaneous receipts,1954,Current Dollars,Level,6,375,T30100
T30100,W059RC,11,Interest and miscellaneous receipts,1955,Current Dollars,Level,6,375,T30100
T30100,W059RC,11,Interest and miscellaneous receipts,1956,Current Dollars,Level,6,405,T30100
T30100,W059RC,11,Interest and miscellaneous receipts,1957,Current Dollars,Level,6,433,T30100
T30100,W059RC,11,Interest and miscellaneous receipts,1958,Current Dollars,Level,6,476,T30100
T30100,W059RC,11,Interest and miscellaneous receipts,1959,Current Dollars,Level,6,403,T30100
T30100,W059RC,11,Interest and miscellaneous receipts,1960,Current Dollars,Level,6,"2,803",T30100
T30100,W059RC,11,Interest and miscellaneous receipts,1961,Current Dollars,Level,6,"3,008",T30100
T30100,W059RC,11,Interest and miscellaneous receipts,1962,Current Dollars,Level,6,"3,331",T30100
T30100,W059RC,11,Interest and miscellaneous receipts,1963,Current Dollars,Level,6,"3,531",T30100
T30100,W059RC,11,Interest and miscellaneous receipts,1964,Current Dollars,Level,6,"3,859",T30100
T30100,W059RC,11,Interest and miscellaneous receipts,1965,Current Dollars,Level,6,"4,221",T30100
T30100,W059RC,11,Interest and miscellaneous receipts,1966,Current Dollars,Level,6,"4,854",T30100
T30100,W059RC,11,Interest and miscellaneous receipts,1967,Current Dollars,Level,6,"5,637",T30100
T30100,W059RC,11,Interest and miscellaneous receipts,1968,Current Dollars,Level,6,"6,548",T30100
T30100,W059RC,11,Interest and miscellaneous receipts,1969,Current Dollars,Level,6,"7,157",T30100
T30100,W059RC,11,Interest and miscellaneous receipts,1970,Current Dollars,Level,6,"8,364",T30100
T30100,W059RC,11,Interest and miscellaneous receipts,1971,Current Dollars,Level,6,"9,101",T30100
T30100,W059RC,11,Interest and miscellaneous receipts,1972,Current Dollars,Level,6,"9,684",T30100
T30100,W059RC,11,Interest and miscellaneous receipts,1973,Current Dollars,Level,6,"11,754",T30100
T30100,W059RC,11,Interest and miscellaneous receipts,1974,Current Dollars,Level,6,"14,674",T30100
T30100,W059RC,11,Interest and miscellaneous receipts,1975,Current Dollars,Level,6,"16,401",T30100
T30100,W059RC,11,Interest and miscellaneous receipts,1976,Current Dollars,Level,6,"16,609",T30100
T30100,W059RC,11,Interest and miscellaneous receipts,1977,Current Dollars,Level,6,"18,685",T30100
T30100,W059RC,11,Interest and miscellaneous receipts,1978,Current Dollars,Level,6,"23,538",T30100
T30100,W059RC,11,Interest and miscellaneous receipts,1979,Current Dollars,Level,6,"31,266",T30100
T30100,W059RC,11,Interest and miscellaneous receipts,1980,Current Dollars,Level,6,"40,533",T30100
T30100,W059RC,11,Interest and miscellaneous receipts,1981,Current Dollars,Level,6,"51,076",T30100
T30100,W059RC,11,Interest and miscellaneous receipts,1982,Current Dollars,Level,6,"59,973",T30100
T30100,W059RC,11,Interest and miscellaneous receipts,1983,Current Dollars,Level,6,"65,976",T30100
T30100,W059RC,11,Interest and miscellaneous receipts,1984,Current Dollars,Level,6,"75,225",T30100
T30100,W059RC,11,Interest and miscellaneous receipts,1985,Current Dollars,Level,6,"85,592",T30100
T30100,W059RC,11,Interest and miscellaneous receipts,1986,Current Dollars,Level,6,"90,924",T30100
T30100,W059RC,11,Interest and miscellaneous receipts,1987,Current Dollars,Level,6,"86,572",T30100
T30100,W059RC,11,Interest and miscellaneous receipts,1988,Current Dollars,Level,6,"91,237",T30100
T30100,W059RC,11,Interest and miscellaneous receipts,1989,Current Dollars,Level,6,"95,243",T30100
T30100,W059RC,11,Interest and miscellaneous receipts,1990,Current Dollars,Level,6,"98,648",T30100
T30100,W059RC,11,Interest and miscellaneous receipts,1991,Current Dollars,Level,6,"96,854",T30100
T30100,W059RC,11,Interest and miscellaneous receipts,1992,Current Dollars,Level,6,"89,130",T30100
T30100,W059RC,11,Interest and miscellaneous receipts,1993,Current Dollars,Level,6,"87,273",T30100
T30100,W059RC,11,Interest and miscellaneous receipts,1994,Current Dollars,Level,6,"86,295",T30100
T30100,W059RC,11,Interest and miscellaneous receipts,1995,Current Dollars,Level,6,"91,834",T30100
T30100,W059RC,11,Interest and miscellaneous receipts,1996,Current Dollars,Level,6,"98,884",T30100
T30100,W059RC,11,Interest and miscellaneous receipts,1997,Current Dollars,Level,6,"101,914",T30100
T30100,W059RC,11,Interest and miscellaneous receipts,1998,Current Dollars,Level,6,"100,862",T30100
T30100,W059RC,11,Interest and miscellaneous receipts,1999,Current Dollars,Level,6,"103,960",T30100
T30100,W059RC,11,Interest and miscellaneous receipts,2000,Current Dollars,Level,6,"117,315",T30100
T30100,W059RC,11,Interest and miscellaneous receipts,2001,Current Dollars,Level,6,"114,589",T30100
T30100,W059RC,11,Interest and miscellaneous receipts,2002,Current Dollars,Level,6,"99,223",T30100
T30100,W059RC,11,Interest and miscellaneous receipts,2003,Current Dollars,Level,6,"94,729",T30100
T30100,W059RC,11,Interest and miscellaneous receipts,2004,Current Dollars,Level,6,"99,016",T30100
T30100,W059RC,11,Interest and miscellaneous receipts,2005,Current Dollars,Level,6,"112,326",T30100
T30100,W059RC,11,Interest and miscellaneous receipts,2006,Current Dollars,Level,6,"132,757",T30100
T30100,W059RC,11,Interest and miscellaneous receipts,2007,Current Dollars,Level,6,"148,300",T30100
T30100,W059RC,11,Interest and miscellaneous receipts,2008,Current Dollars,Level,6,"137,104",T30100
T30100,W059RC,11,Interest and miscellaneous receipts,2009,Current Dollars,Level,6,"117,452",T30100
T30100,W059RC,11,Interest and miscellaneous receipts,2010,Current Dollars,Level,6,"117,442",T30100
T30100,W059RC,11,Interest and miscellaneous receipts,2011,Current Dollars,Level,6,"113,201",T30100
T30100,W059RC,11,Interest and miscellaneous receipts,2012,Current Dollars,Level,6,"106,845",T30100
T30100,W059RC,11,Interest and miscellaneous receipts,2013,Current Dollars,Level,6,"107,188",T30100
T30100,W059RC,11,Interest and miscellaneous receipts,2014,Current Dollars,Level,6,"111,131",T30100
T30100,W059RC,11,Interest and miscellaneous receipts,2015,Current Dollars,Level,6,"110,038",T30100
T30100,W059RC,11,Interest and miscellaneous receipts,2016,Current Dollars,Level,6,"111,032",T30100
T30100,W059RC,11,Interest and miscellaneous receipts,2017,Current Dollars,Level,6,"116,508",T30100
T30100,W059RC,11,Interest and miscellaneous receipts,2018,Current Dollars,Level,6,"129,898",T30100
T30100,W059RC,11,Interest and miscellaneous receipts,2019,Current Dollars,Level,6,"136,206",T30100
T30100,W059RC,11,Interest and miscellaneous receipts,2020,Current Dollars,Level,6,"120,142",T30100
T30100,W059RC,11,Interest and miscellaneous receipts,2021,Current Dollars,Level,6,"116,332",T30100
T30100,W059RC,11,Interest and miscellaneous receipts,2022,Current Dollars,Level,6,"138,429",T30100
T30100,W059RC,11,Interest and miscellaneous receipts,2023,Current Dollars,Level,6,"161,269",T30100
T30100,W059RC,11,Interest and miscellaneous receipts,2024,Current Dollars,Level,6,"189,295",T30100
T30100,W059RC,11,Interest and miscellaneous receipts,2025,Current Dollars,Level,6,"205,238",T30100
T30100,Y703RC,12,Interest receipts,1960,Current Dollars,Level,6,"2,375","T30100,T30100.2"
T30100,Y703RC,12,Interest receipts,1961,Current Dollars,Level,6,"2,474","T30100,T30100.2"
T30100,Y703RC,12,Interest receipts,1962,Current Dollars,Level,6,"2,711","T30100,T30100.2"
T30100,Y703RC,12,Interest receipts,1963,Current Dollars,Level,6,"2,930","T30100,T30100.2"
T30100,Y703RC,12,Interest receipts,1964,Current Dollars,Level,6,"3,208","T30100,T30100.2"
T30100,Y703RC,12,Interest receipts,1965,Current Dollars,Level,6,"3,551","T30100,T30100.2"
T30100,Y703RC,12,Interest receipts,1966,Current Dollars,Level,6,"4,082","T30100,T30100.2"
T30100,Y703RC,12,Interest receipts,1967,Current Dollars,Level,6,"4,699","T30100,T30100.2"
T30100,Y703RC,12,Interest receipts,1968,Current Dollars,Level,6,"5,494","T30100,T30100.2"
T30100,Y703RC,12,Interest receipts,1969,Current Dollars,Level,6,"6,064","T30100,T30100.2"
T30100,Y703RC,12,Interest receipts,1970,Current Dollars,Level,6,"7,145","T30100,T30100.2"
T30100,Y703RC,12,Interest receipts,1971,Current Dollars,Level,6,"7,690","T30100,T30100.2"
T30100,Y703RC,12,Interest receipts,1972,Current Dollars,Level,6,"8,187","T30100,T30100.2"
T30100,Y703RC,12,Interest receipts,1973,Current Dollars,Level,6,"9,966","T30100,T30100.2"
T30100,Y703RC,12,Interest receipts,1974,Current Dollars,Level,6,"12,541","T30100,T30100.2"
T30100,Y703RC,12,Interest receipts,1975,Current Dollars,Level,6,"14,098","T30100,T30100.2"
T30100,Y703RC,12,Interest receipts,1976,Current Dollars,Level,6,"14,195","T30100,T30100.2"
T30100,Y703RC,12,Interest receipts,1977,Current Dollars,Level,6,"16,148","T30100,T30100.2"
T30100,Y703RC,12,Interest receipts,1978,Current Dollars,Level,6,"20,695","T30100,T30100.2"
T30100,Y703RC,12,Interest receipts,1979,Current Dollars,Level,6,"27,277","T30100,T30100.2"
T30100,Y703RC,12,Interest receipts,1980,Current Dollars,Level,6,"34,372","T30100,T30100.2"
T30100,Y703RC,12,Interest receipts,1981,Current Dollars,Level,6,"43,333","T30100,T30100.2"
T30100,Y703RC,12,Interest receipts,1982,Current Dollars,Level,6,"51,414","T30100,T30100.2"
T30100,Y703RC,12,Interest receipts,1983,Current Dollars,Level,6,"57,372","T30100,T30100.2"
T30100,Y703RC,12,Interest receipts,1984,Current Dollars,Level,6,"65,371","T30100,T30100.2"
T30100,Y703RC,12,Interest receipts,1985,Current Dollars,Level,6,"75,676","T30100,T30100.2"
T30100,Y703RC,12,Interest receipts,1986,Current Dollars,Level,6,"81,414","T30100,T30100.2"
T30100,Y703RC,12,Interest receipts,1987,Current Dollars,Level,6,"78,169","T30100,T30100.2"
T30100,Y703RC,12,Interest receipts,1988,Current Dollars,Level,6,"83,982","T30100,T30100.2"
T30100,Y703RC,12,Interest receipts,1989,Current Dollars,Level,6,"88,149","T30100,T30100.2"
T30100,Y703RC,12,Interest receipts,1990,Current Dollars,Level,6,"91,000","T30100,T30100.2"
T30100,Y703RC,12,Interest receipts,1991,Current Dollars,Level,6,"88,563","T30100,T30100.2"
T30100,Y703RC,12,Interest receipts,1992,Current Dollars,Level,6,"80,913","T30100,T30100.2"
T30100,Y703RC,12,Interest receipts,1993,Current Dollars,Level,6,"78,977","T30100,T30100.2"
T30100,Y703RC,12,Interest receipts,1994,Current Dollars,Level,6,"78,208","T30100,T30100.2"
T30100,Y703RC,12,Interest receipts,1995,Current Dollars,Level,6,"84,340","T30100,T30100.2"
T30100,Y703RC,12,Interest receipts,1996,Current Dollars,Level,6,"90,145","T30100,T30100.2"
T30100,Y703RC,12,Interest receipts,1997,Current Dollars,Level,6,"92,610","T30100,T30100.2"
T30100,Y703RC,12,Interest receipts,1998,Current Dollars,Level,6,"92,010","T30100,T30100.2"
T30100,Y703RC,12,Interest receipts,1999,Current Dollars,Level,6,"94,805","T30100,T30100.2"
T30100,Y703RC,12,Interest receipts,2000,Current Dollars,Level,6,"104,773","T30100,T30100.2"
T30100,Y703RC,12,Interest receipts,2001,Current Dollars,Level,6,"99,732","T30100,T30100.2"
T30100,Y703RC,12,Interest receipts,2002,Current Dollars,Level,6,"86,163","T30100,T30100.2"
T30100,Y703RC,12,Interest receipts,2003,Current Dollars,Level,6,"80,080","T30100,T30100.2"
T30100,Y703RC,12,Interest receipts,2004,Current Dollars,Level,6,"81,886","T30100,T30100.2"
T30100,Y703RC,12,Interest receipts,2005,Current Dollars,Level,6,"92,886","T30100,T30100.2"
T30100,Y703RC,12,Interest receipts,2006,Current Dollars,Level,6,"112,308","T30100,T30100.2"
T30100,Y703RC,12,Interest receipts,2007,Current Dollars,Level,6,"125,508","T30100,T30100.2"
T30100,Y703RC,12,Interest receipts,2008,Current Dollars,Level,6,"111,176","T30100,T30100.2"
T30100,Y703RC,12,Interest receipts,2009,Current Dollars,Level,6,"99,244","T30100,T30100.2"
T30100,Y703RC,12,Interest receipts,2010,Current Dollars,Level,6,"98,014","T30100,T30100.2"
T30100,Y703RC,12,Interest receipts,2011,Current Dollars,Level,6,"91,042","T30100,T30100.2"
T30100,Y703RC,12,Interest receipts,2012,Current Dollars,Level,6,"84,126","T30100,T30100.2"
T30100,Y703RC,12,Interest receipts,2013,Current Dollars,Level,6,"85,728","T30100,T30100.2"
T30100,Y703RC,12,Interest receipts,2014,Current Dollars,Level,6,"88,798","T30100,T30100.2"
T30100,Y703RC,12,Interest receipts,2015,Current Dollars,Level,6,"92,222","T30100,T30100.2"
T30100,Y703RC,12,Interest receipts,2016,Current Dollars,Level,6,"95,435","T30100,T30100.2"
T30100,Y703RC,12,Interest receipts,2017,Current Dollars,Level,6,"99,719","T30100,T30100.2"
T30100,Y703RC,12,Interest receipts,2018,Current Dollars,Level,6,"110,542","T30100,T30100.2"
T30100,Y703RC,12,Interest receipts,2019,Current Dollars,Level,6,"116,252","T30100,T30100.2"
T30100,Y703RC,12,Interest receipts,2020,Current Dollars,Level,6,"103,800","T30100,T30100.2"
T30100,Y703RC,12,Interest receipts,2021,Current Dollars,Level,6,"93,365","T30100,T30100.2"
T30100,Y703RC,12,Interest receipts,2022,Current Dollars,Level,6,"103,754","T30100,T30100.2"
T30100,Y703RC,12,Interest receipts,2023,Current Dollars,Level,6,"127,729","T30100,T30100.2"
T30100,Y703RC,12,Interest receipts,2024,Current Dollars,Level,6,"157,426","T30100,T30100.2"
T30100,Y703RC,12,Interest receipts,2025,Current Dollars,Level,6,"173,856","T30100,T30100.2"
T30100,Y704RC,13,Rents and royalties,1929,Current Dollars,Level,6,100,T30100
T30100,Y704RC,13,Rents and royalties,1930,Current Dollars,Level,6,102,T30100
T30100,Y704RC,13,Rents and royalties,1931,Current Dollars,Level,6,106,T30100
T30100,Y704RC,13,Rents and royalties,1932,Current Dollars,Level,6,111,T30100
T30100,Y704RC,13,Rents and royalties,1933,Current Dollars,Level,6,106,T30100
T30100,Y704RC,13,Rents and royalties,1934,Current Dollars,Level,6,105,T30100
T30100,Y704RC,13,Rents and royalties,1935,Current Dollars,Level,6,110,T30100
T30100,Y704RC,13,Rents and royalties,1936,Current Dollars,Level,6,111,T30100
T30100,Y704RC,13,Rents and royalties,1937,Current Dollars,Level,6,117,T30100
T30100,Y704RC,13,Rents and royalties,1938,Current Dollars,Level,6,120,T30100
T30100,Y704RC,13,Rents and royalties,1939,Current Dollars,Level,6,118,T30100
T30100,Y704RC,13,Rents and royalties,1940,Current Dollars,Level,6,123,T30100
T30100,Y704RC,13,Rents and royalties,1941,Current Dollars,Level,6,123,T30100
T30100,Y704RC,13,Rents and royalties,1942,Current Dollars,Level,6,134,T30100
T30100,Y704RC,13,Rents and royalties,1943,Current Dollars,Level,6,128,T30100
T30100,Y704RC,13,Rents and royalties,1944,Current Dollars,Level,6,135,T30100
T30100,Y704RC,13,Rents and royalties,1945,Current Dollars,Level,6,140,T30100
T30100,Y704RC,13,Rents and royalties,1946,Current Dollars,Level,6,112,T30100
T30100,Y704RC,13,Rents and royalties,1947,Current Dollars,Level,6,125,T30100
T30100,Y704RC,13,Rents and royalties,1948,Current Dollars,Level,6,176,T30100
T30100,Y704RC,13,Rents and royalties,1949,Current Dollars,Level,6,206,T30100
T30100,Y704RC,13,Rents and royalties,1950,Current Dollars,Level,6,239,T30100
T30100,Y704RC,13,Rents and royalties,1951,Current Dollars,Level,6,272,T30100
T30100,Y704RC,13,Rents and royalties,1952,Current Dollars,Level,6,295,T30100
T30100,Y704RC,13,Rents and royalties,1953,Current Dollars,Level,6,319,T30100
T30100,Y704RC,13,Rents and royalties,1954,Current Dollars,Level,6,375,T30100
T30100,Y704RC,13,Rents and royalties,1955,Current Dollars,Level,6,375,T30100
T30100,Y704RC,13,Rents and royalties,1956,Current Dollars,Level,6,405,T30100
T30100,Y704RC,13,Rents and royalties,1957,Current Dollars,Level,6,433,T30100
T30100,Y704RC,13,Rents and royalties,1958,Current Dollars,Level,6,476,T30100
T30100,Y704RC,13,Rents and royalties,1959,Current Dollars,Level,6,403,T30100
T30100,Y704RC,13,Rents and royalties,1960,Current Dollars,Level,6,428,T30100
T30100,Y704RC,13,Rents and royalties,1961,Current Dollars,Level,6,534,T30100
T30100,Y704RC,13,Rents and royalties,1962,Current Dollars,Level,6,620,T30100
T30100,Y704RC,13,Rents and royalties,1963,Current Dollars,Level,6,601,T30100
T30100,Y704RC,13,Rents and royalties,1964,Current Dollars,Level,6,651,T30100
T30100,Y704RC,13,Rents and royalties,1965,Current Dollars,Level,6,670,T30100
T30100,Y704RC,13,Rents and royalties,1966,Current Dollars,Level,6,772,T30100
T30100,Y704RC,13,Rents and royalties,1967,Current Dollars,Level,6,938,T30100
T30100,Y704RC,13,Rents and royalties,1968,Current Dollars,Level,6,"1,054",T30100
T30100,Y704RC,13,Rents and royalties,1969,Current Dollars,Level,6,"1,093",T30100
T30100,Y704RC,13,Rents and royalties,1970,Current Dollars,Level,6,"1,219",T30100
T30100,Y704RC,13,Rents and royalties,1971,Current Dollars,Level,6,"1,411",T30100
T30100,Y704RC,13,Rents and royalties,1972,Current Dollars,Level,6,"1,497",T30100
T30100,Y704RC,13,Rents and royalties,1973,Current Dollars,Level,6,"1,788",T30100
T30100,Y704RC,13,Rents and royalties,1974,Current Dollars,Level,6,"2,133",T30100
T30100,Y704RC,13,Rents and royalties,1975,Current Dollars,Level,6,"2,303",T30100
T30100,Y704RC,13,Rents and royalties,1976,Current Dollars,Level,6,"2,414",T30100
T30100,Y704RC,13,Rents and royalties,1977,Current Dollars,Level,6,"2,537",T30100
T30100,Y704RC,13,Rents and royalties,1978,Current Dollars,Level,6,"2,843",T30100
T30100,Y704RC,13,Rents and royalties,1979,Current Dollars,Level,6,"3,989",T30100
T30100,Y704RC,13,Rents and royalties,1980,Current Dollars,Level,6,"6,161",T30100
T30100,Y704RC,13,Rents and royalties,1981,Current Dollars,Level,6,"7,743",T30100
T30100,Y704RC,13,Rents and royalties,1982,Current Dollars,Level,6,"8,559",T30100
T30100,Y704RC,13,Rents and royalties,1983,Current Dollars,Level,6,"8,604",T30100
T30100,Y704RC,13,Rents and royalties,1984,Current Dollars,Level,6,"9,854",T30100
T30100,Y704RC,13,Rents and royalties,1985,Current Dollars,Level,6,"9,916",T30100
T30100,Y704RC,13,Rents and royalties,1986,Current Dollars,Level,6,"9,510",T30100
T30100,Y704RC,13,Rents and royalties,1987,Current Dollars,Level,6,"8,403",T30100
T30100,Y704RC,13,Rents and royalties,1988,Current Dollars,Level,6,"7,255",T30100
T30100,Y704RC,13,Rents and royalties,1989,Current Dollars,Level,6,"7,094",T30100
T30100,Y704RC,13,Rents and royalties,1990,Current Dollars,Level,6,"7,648",T30100
T30100,Y704RC,13,Rents and royalties,1991,Current Dollars,Level,6,"8,292",T30100
T30100,Y704RC,13,Rents and royalties,1992,Current Dollars,Level,6,"8,217",T30100
T30100,Y704RC,13,Rents and royalties,1993,Current Dollars,Level,6,"8,296",T30100
T30100,Y704RC,13,Rents and royalties,1994,Current Dollars,Level,6,"8,087",T30100
T30100,Y704RC,13,Rents and royalties,1995,Current Dollars,Level,6,"7,494",T30100
T30100,Y704RC,13,Rents and royalties,1996,Current Dollars,Level,6,"8,739",T30100
T30100,Y704RC,13,Rents and royalties,1997,Current Dollars,Level,6,"9,304",T30100
T30100,Y704RC,13,Rents and royalties,1998,Current Dollars,Level,6,"8,853",T30100
T30100,Y704RC,13,Rents and royalties,1999,Current Dollars,Level,6,"9,155",T30100
T30100,Y704RC,13,Rents and royalties,2000,Current Dollars,Level,6,"12,542",T30100
T30100,Y704RC,13,Rents and royalties,2001,Current Dollars,Level,6,"14,857",T30100
T30100,Y704RC,13,Rents and royalties,2002,Current Dollars,Level,6,"13,059",T30100
T30100,Y704RC,13,Rents and royalties,2003,Current Dollars,Level,6,"14,649",T30100
T30100,Y704RC,13,Rents and royalties,2004,Current Dollars,Level,6,"17,130",T30100
T30100,Y704RC,13,Rents and royalties,2005,Current Dollars,Level,6,"19,440",T30100
T30100,Y704RC,13,Rents and royalties,2006,Current Dollars,Level,6,"20,449",T30100
T30100,Y704RC,13,Rents and royalties,2007,Current Dollars,Level,6,"22,793",T30100
T30100,Y704RC,13,Rents and royalties,2008,Current Dollars,Level,6,"25,928",T30100
T30100,Y704RC,13,Rents and royalties,2009,Current Dollars,Level,6,"18,209",T30100
T30100,Y704RC,13,Rents and royalties,2010,Current Dollars,Level,6,"19,429",T30100
T30100,Y704RC,13,Rents and royalties,2011,Current Dollars,Level,6,"22,159",T30100
T30100,Y704RC,13,Rents and royalties,2012,Current Dollars,Level,6,"22,719",T30100
T30100,Y704RC,13,Rents and royalties,2013,Current Dollars,Level,6,"21,461",T30100
T30100,Y704RC,13,Rents and royalties,2014,Current Dollars,Level,6,"22,333",T30100
T30100,Y704RC,13,Rents and royalties,2015,Current Dollars,Level,6,"17,816",T30100
T30100,Y704RC,13,Rents and royalties,2016,Current Dollars,Level,6,"15,598",T30100
T30100,Y704RC,13,Rents and royalties,2017,Current Dollars,Level,6,"16,790",T30100
T30100,Y704RC,13,Rents and royalties,2018,Current Dollars,Level,6,"19,356",T30100
T30100,Y704RC,13,Rents and royalties,2019,Current Dollars,Level,6,"19,955",T30100
T30100,Y704RC,13,Rents and royalties,2020,Current Dollars,Level,6,"16,342",T30100
T30100,Y704RC,13,Rents and royalties,2021,Current Dollars,Level,6,"22,968",T30100
T30100,Y704RC,13,Rents and royalties,2022,Current Dollars,Level,6,"34,674",T30100
T30100,Y704RC,13,Rents and royalties,2023,Current Dollars,Level,6,"33,539",T30100
T30100,Y704RC,13,Rents and royalties,2024,Current Dollars,Level,6,"31,869",T30100
T30100,Y704RC,13,Rents and royalties,2025,Current Dollars,Level,6,"31,382",T30100
T30100,W065RC,14,Dividends,1929,Current Dollars,Level,6,4,T30100
T30100,W065RC,14,Dividends,1930,Current Dollars,Level,6,0,T30100
T30100,W065RC,14,Dividends,1931,Current Dollars,Level,6,0,T30100
T30100,W065RC,14,Dividends,1932,Current Dollars,Level,6,2,T30100
T30100,W065RC,14,Dividends,1933,Current Dollars,Level,6,0,T30100
T30100,W065RC,14,Dividends,1934,Current Dollars,Level,6,0,T30100
T30100,W065RC,14,Dividends,1935,Current Dollars,Level,6,0,T30100
T30100,W065RC,14,Dividends,1936,Current Dollars,Level,6,0,T30100
T30100,W065RC,14,Dividends,1937,Current Dollars,Level,6,0,T30100
T30100,W065RC,14,Dividends,1938,Current Dollars,Level,6,0,T30100
T30100,W065RC,14,Dividends,1939,Current Dollars,Level,6,0,T30100
T30100,W065RC,14,Dividends,1940,Current Dollars,Level,6,0,T30100
T30100,W065RC,14,Dividends,1941,Current Dollars,Level,6,0,T30100
T30100,W065RC,14,Dividends,1942,Current Dollars,Level,6,0,T30100
T30100,W065RC,14,Dividends,1943,Current Dollars,Level,6,0,T30100
T30100,W065RC,14,Dividends,1944,Current Dollars,Level,6,0,T30100
T30100,W065RC,14,Dividends,1945,Current Dollars,Level,6,0,T30100
T30100,W065RC,14,Dividends,1946,Current Dollars,Level,6,0,T30100
T30100,W065RC,14,Dividends,1947,Current Dollars,Level,6,75,T30100
T30100,W065RC,14,Dividends,1948,Current Dollars,Level,6,167,T30100
T30100,W065RC,14,Dividends,1949,Current Dollars,Level,6,193,T30100
T30100,W065RC,14,Dividends,1950,Current Dollars,Level,6,197,T30100
T30100,W065RC,14,Dividends,1951,Current Dollars,Level,6,255,T30100
T30100,W065RC,14,Dividends,1952,Current Dollars,Level,6,292,T30100
T30100,W065RC,14,Dividends,1953,Current Dollars,Level,6,343,T30100
T30100,W065RC,14,Dividends,1954,Current Dollars,Level,6,276,T30100
T30100,W065RC,14,Dividends,1955,Current Dollars,Level,6,252,T30100
T30100,W065RC,14,Dividends,1956,Current Dollars,Level,6,402,T30100
T30100,W065RC,14,Dividends,1957,Current Dollars,Level,6,543,T30100
T30100,W065RC,14,Dividends,1958,Current Dollars,Level,6,524,T30100
T30100,W065RC,14,Dividends,1959,Current Dollars,Level,6,911,T30100
T30100,W065RC,14,Dividends,1960,Current Dollars,Level,6,897,T30100
T30100,W065RC,14,Dividends,1961,Current Dollars,Level,6,687,T30100
T30100,W065RC,14,Dividends,1962,Current Dollars,Level,6,799,T30100
T30100,W065RC,14,Dividends,1963,Current Dollars,Level,6,880,T30100
T30100,W065RC,14,Dividends,1964,Current Dollars,Level,6,"1,582",T30100
T30100,W065RC,14,Dividends,1965,Current Dollars,Level,6,"1,297",T30100
T30100,W065RC,14,Dividends,1966,Current Dollars,Level,6,"1,649",T30100
T30100,W065RC,14,Dividends,1967,Current Dollars,Level,6,"1,907",T30100
T30100,W065RC,14,Dividends,1968,Current Dollars,Level,6,"2,464",T30100
T30100,W065RC,14,Dividends,1969,Current Dollars,Level,6,"3,019",T30100
T30100,W065RC,14,Dividends,1970,Current Dollars,Level,6,"3,494",T30100
T30100,W065RC,14,Dividends,1971,Current Dollars,Level,6,"3,357",T30100
T30100,W065RC,14,Dividends,1972,Current Dollars,Level,6,"3,231",T30100
T30100,W065RC,14,Dividends,1973,Current Dollars,Level,6,"4,368",T30100
T30100,W065RC,14,Dividends,1974,Current Dollars,Level,6,"5,582",T30100
T30100,W065RC,14,Dividends,1975,Current Dollars,Level,6,"5,420",T30100
T30100,W065RC,14,Dividends,1976,Current Dollars,Level,6,"5,913",T30100
T30100,W065RC,14,Dividends,1977,Current Dollars,Level,6,"5,983",T30100
T30100,W065RC,14,Dividends,1978,Current Dollars,Level,6,"7,071",T30100
T30100,W065RC,14,Dividends,1979,Current Dollars,Level,6,"9,362",T30100
T30100,W065RC,14,Dividends,1980,Current Dollars,Level,6,"11,803",T30100
T30100,W065RC,14,Dividends,1981,Current Dollars,Level,6,"14,150",T30100
T30100,W065RC,14,Dividends,1982,Current Dollars,Level,6,"15,359",T30100
T30100,W065RC,14,Dividends,1983,Current Dollars,Level,6,"14,405",T30100
T30100,W065RC,14,Dividends,1984,Current Dollars,Level,6,"16,218",T30100
T30100,W065RC,14,Dividends,1985,Current Dollars,Level,6,"17,952",T30100
T30100,W065RC,14,Dividends,1986,Current Dollars,Level,6,"17,954",T30100
T30100,W065RC,14,Dividends,1987,Current Dollars,Level,6,"17,901",T30100
T30100,W065RC,14,Dividends,1988,Current Dollars,Level,6,"17,540",T30100
T30100,W065RC,14,Dividends,1989,Current Dollars,Level,6,"21,823",T30100
T30100,W065RC,14,Dividends,1990,Current Dollars,Level,6,"23,846",T30100
T30100,W065RC,14,Dividends,1991,Current Dollars,Level,6,"21,121",T30100
T30100,W065RC,14,Dividends,1992,Current Dollars,Level,6,"17,239",T30100
T30100,W065RC,14,Dividends,1993,Current Dollars,Level,6,"16,573",T30100
T30100,W065RC,14,Dividends,1994,Current Dollars,Level,6,"21,226",T30100
T30100,W065RC,14,Dividends,1995,Current Dollars,Level,6,"24,352",T30100
T30100,W065RC,14,Dividends,1996,Current Dollars,Level,6,"21,436",T30100
T30100,W065RC,14,Dividends,1997,Current Dollars,Level,6,"22,184",T30100
T30100,W065RC,14,Dividends,1998,Current Dollars,Level,6,"28,191",T30100
T30100,W065RC,14,Dividends,1999,Current Dollars,Level,6,"26,907",T30100
T30100,W065RC,14,Dividends,2000,Current Dollars,Level,6,"26,699",T30100
T30100,W065RC,14,Dividends,2001,Current Dollars,Level,6,"28,511",T30100
T30100,W065RC,14,Dividends,2002,Current Dollars,Level,6,"26,046",T30100
T30100,W065RC,14,Dividends,2003,Current Dollars,Level,6,"23,851",T30100
T30100,W065RC,14,Dividends,2004,Current Dollars,Level,6,"20,472",T30100
T30100,W065RC,14,Dividends,2005,Current Dollars,Level,6,"24,226",T30100
T30100,W065RC,14,Dividends,2006,Current Dollars,Level,6,"32,260",T30100
T30100,W065RC,14,Dividends,2007,Current Dollars,Level,6,"38,237",T30100
T30100,W065RC,14,Dividends,2008,Current Dollars,Level,6,"35,695",T30100
T30100,W065RC,14,Dividends,2009,Current Dollars,Level,6,"69,077",T30100
T30100,W065RC,14,Dividends,2010,Current Dollars,Level,6,"99,338",T30100
T30100,W065RC,14,Dividends,2011,Current Dollars,Level,6,"97,576",T30100
T30100,W065RC,14,Dividends,2012,Current Dollars,Level,6,"113,576",T30100
T30100,W065RC,14,Dividends,2013,Current Dollars,Level,6,"215,667",T30100
T30100,W065RC,14,Dividends,2014,Current Dollars,Level,6,"142,870",T30100
T30100,W065RC,14,Dividends,2015,Current Dollars,Level,6,"131,831",T30100
T30100,W065RC,14,Dividends,2016,Current Dollars,Level,6,"111,971",T30100
T30100,W065RC,14,Dividends,2017,Current Dollars,Level,6,"109,558",T30100
T30100,W065RC,14,Dividends,2018,Current Dollars,Level,6,"85,028",T30100
T30100,W065RC,14,Dividends,2019,Current Dollars,Level,6,"70,332",T30100
T30100,W065RC,14,Dividends,2020,Current Dollars,Level,6,"93,261",T30100
T30100,W065RC,14,Dividends,2021,Current Dollars,Level,6,"115,559",T30100
T30100,W065RC,14,Dividends,2022,Current Dollars,Level,6,"66,153",T30100
T30100,W065RC,14,Dividends,2023,Current Dollars,Level,6,"7,075",T30100
T30100,W065RC,14,Dividends,2024,Current Dollars,Level,6,"6,997",T30100
T30100,W065RC,14,Dividends,2025,Current Dollars,Level,6,"13,179",T30100
T30100,W060RC,15,Current transfer receipts,1929,Current Dollars,Level,6,448,T30100
T30100,W060RC,15,Current transfer receipts,1930,Current Dollars,Level,6,416,T30100
T30100,W060RC,15,Current transfer receipts,1931,Current Dollars,Level,6,339,T30100
T30100,W060RC,15,Current transfer receipts,1932,Current Dollars,Level,6,306,T30100
T30100,W060RC,15,Current transfer receipts,1933,Current Dollars,Level,6,262,T30100
T30100,W060RC,15,Current transfer receipts,1934,Current Dollars,Level,6,257,T30100
T30100,W060RC,15,Current transfer receipts,1935,Current Dollars,Level,6,272,T30100
T30100,W060RC,15,Current transfer receipts,1936,Current Dollars,Level,6,298,T30100
T30100,W060RC,15,Current transfer receipts,1937,Current Dollars,Level,6,311,T30100
T30100,W060RC,15,Current transfer receipts,1938,Current Dollars,Level,6,317,T30100
T30100,W060RC,15,Current transfer receipts,1939,Current Dollars,Level,6,305,T30100
T30100,W060RC,15,Current transfer receipts,1940,Current Dollars,Level,6,314,T30100
T30100,W060RC,15,Current transfer receipts,1941,Current Dollars,Level,6,333,T30100
T30100,W060RC,15,Current transfer receipts,1942,Current Dollars,Level,6,383,T30100
T30100,W060RC,15,Current transfer receipts,1943,Current Dollars,Level,6,471,T30100
T30100,W060RC,15,Current transfer receipts,1944,Current Dollars,Level,6,627,T30100
T30100,W060RC,15,Current transfer receipts,1945,Current Dollars,Level,6,660,T30100
T30100,W060RC,15,Current transfer receipts,1946,Current Dollars,Level,6,511,T30100
T30100,W060RC,15,Current transfer receipts,1947,Current Dollars,Level,6,542,T30100
T30100,W060RC,15,Current transfer receipts,1948,Current Dollars,Level,6,613,T30100
T30100,W060RC,15,Current transfer receipts,1949,Current Dollars,Level,6,652,T30100
T30100,W060RC,15,Current transfer receipts,1950,Current Dollars,Level,6,583,T30100
T30100,W060RC,15,Current transfer receipts,1951,Current Dollars,Level,6,636,T30100
T30100,W060RC,15,Current transfer receipts,1952,Current Dollars,Level,6,678,T30100
T30100,W060RC,15,Current transfer receipts,1953,Current Dollars,Level,6,722,T30100
T30100,W060RC,15,Current transfer receipts,1954,Current Dollars,Level,6,785,T30100
T30100,W060RC,15,Current transfer receipts,1955,Current Dollars,Level,6,797,T30100
T30100,W060RC,15,Current transfer receipts,1956,Current Dollars,Level,6,904,T30100
T30100,W060RC,15,Current transfer receipts,1957,Current Dollars,Level,6,995,T30100
T30100,W060RC,15,Current transfer receipts,1958,Current Dollars,Level,6,"1,037",T30100
T30100,W060RC,15,Current transfer receipts,1959,Current Dollars,Level,6,656,T30100
T30100,W060RC,15,Current transfer receipts,1960,Current Dollars,Level,6,772,T30100
T30100,W060RC,15,Current transfer receipts,1961,Current Dollars,Level,6,"1,016",T30100
T30100,W060RC,15,Current transfer receipts,1962,Current Dollars,Level,6,"1,111",T30100
T30100,W060RC,15,Current transfer receipts,1963,Current Dollars,Level,6,"1,191",T30100
T30100,W060RC,15,Current transfer receipts,1964,Current Dollars,Level,6,"1,419",T30100
T30100,W060RC,15,Current transfer receipts,1965,Current Dollars,Level,6,"1,798",T30100
T30100,W060RC,15,Current transfer receipts,1966,Current Dollars,Level,6,"2,057",T30100
T30100,W060RC,15,Current transfer receipts,1967,Current Dollars,Level,6,"2,348",T30100
T30100,W060RC,15,Current transfer receipts,1968,Current Dollars,Level,6,"2,434",T30100
T30100,W060RC,15,Current transfer receipts,1969,Current Dollars,Level,6,"2,595",T30100
T30100,W060RC,15,Current transfer receipts,1970,Current Dollars,Level,6,"2,712",T30100
T30100,W060RC,15,Current transfer receipts,1971,Current Dollars,Level,6,"2,916",T30100
T30100,W060RC,15,Current transfer receipts,1972,Current Dollars,Level,6,"3,453",T30100
T30100,W060RC,15,Current transfer receipts,1973,Current Dollars,Level,6,"3,635",T30100
T30100,W060RC,15,Current transfer receipts,1974,Current Dollars,Level,6,"4,118",T30100
T30100,W060RC,15,Current transfer receipts,1975,Current Dollars,Level,6,"4,685",T30100
T30100,W060RC,15,Current transfer receipts,1976,Current Dollars,Level,6,"5,460",T30100
T30100,W060RC,15,Current transfer receipts,1977,Current Dollars,Level,6,"6,457",T30100
T30100,W060RC,15,Current transfer receipts,1978,Current Dollars,Level,6,"7,767",T30100
T30100,W060RC,15,Current transfer receipts,1979,Current Dollars,Level,6,"8,855",T30100
T30100,W060RC,15,Current transfer receipts,1980,Current Dollars,Level,6,"10,319",T30100
T30100,W060RC,15,Current transfer receipts,1981,Current Dollars,Level,6,"11,689",T30100
T30100,W060RC,15,Current transfer receipts,1982,Current Dollars,Level,6,"13,996",T30100
T30100,W060RC,15,Current transfer receipts,1983,Current Dollars,Level,6,"16,015",T30100
T30100,W060RC,15,Current transfer receipts,1984,Current Dollars,Level,6,"18,599",T30100
T30100,W060RC,15,Current transfer receipts,1985,Current Dollars,Level,6,"22,225",T30100
T30100,W060RC,15,Current transfer receipts,1986,Current Dollars,Level,6,"24,972",T30100
T30100,W060RC,15,Current transfer receipts,1987,Current Dollars,Level,6,"26,260",T30100
T30100,W060RC,15,Current transfer receipts,1988,Current Dollars,Level,6,"27,005",T30100
T30100,W060RC,15,Current transfer receipts,1989,Current Dollars,Level,6,"31,588",T30100
T30100,W060RC,15,Current transfer receipts,1990,Current Dollars,Level,6,"35,338",T30100
T30100,W060RC,15,Current transfer receipts,1991,Current Dollars,Level,6,"43,824",T30100
T30100,W060RC,15,Current transfer receipts,1992,Current Dollars,Level,6,"49,548",T30100
T30100,W060RC,15,Current transfer receipts,1993,Current Dollars,Level,6,"54,208",T30100
T30100,W060RC,15,Current transfer receipts,1994,Current Dollars,Level,6,"58,795",T30100
T30100,W060RC,15,Current transfer receipts,1995,Current Dollars,Level,6,"57,505",T30100
T30100,W060RC,15,Current transfer receipts,1996,Current Dollars,Level,6,"65,657",T30100
T30100,W060RC,15,Current transfer receipts,1997,Current Dollars,Level,6,"68,030",T30100
T30100,W060RC,15,Current transfer receipts,1998,Current Dollars,Level,6,"74,163",T30100
T30100,W060RC,15,Current transfer receipts,1999,Current Dollars,Level,6,"81,674",T30100
T30100,W060RC,15,Current transfer receipts,2000,Current Dollars,Level,6,"91,519",T30100
T30100,W060RC,15,Current transfer receipts,2001,Current Dollars,Level,6,"97,608",T30100
T30100,W060RC,15,Current transfer receipts,2002,Current Dollars,Level,6,"103,151",T30100
T30100,W060RC,15,Current transfer receipts,2003,Current Dollars,Level,6,"109,540",T30100
T30100,W060RC,15,Current transfer receipts,2004,Current Dollars,Level,6,"119,807",T30100
T30100,W060RC,15,Current transfer receipts,2005,Current Dollars,Level,6,"125,677",T30100
T30100,W060RC,15,Current transfer receipts,2006,Current Dollars,Level,6,"132,990",T30100
T30100,W060RC,15,Current transfer receipts,2007,Current Dollars,Level,6,"140,470",T30100
T30100,W060RC,15,Current transfer receipts,2008,Current Dollars,Level,6,"152,144",T30100
T30100,W060RC,15,Current transfer receipts,2009,Current Dollars,Level,6,"167,884",T30100
T30100,W060RC,15,Current transfer receipts,2010,Current Dollars,Level,6,"165,728",T30100
T30100,W060RC,15,Current transfer receipts,2011,Current Dollars,Level,6,"169,476",T30100
T30100,W060RC,15,Current transfer receipts,2012,Current Dollars,Level,6,"160,000",T30100
T30100,W060RC,15,Current transfer receipts,2013,Current Dollars,Level,6,"177,335",T30100
T30100,W060RC,15,Current transfer receipts,2014,Current Dollars,Level,6,"210,011",T30100
T30100,W060RC,15,Current transfer receipts,2015,Current Dollars,Level,6,"214,819",T30100
T30100,W060RC,15,Current transfer receipts,2016,Current Dollars,Level,6,"207,005",T30100
T30100,W060RC,15,Current transfer receipts,2017,Current Dollars,Level,6,"208,390",T30100
T30100,W060RC,15,Current transfer receipts,2018,Current Dollars,Level,6,"224,248",T30100
T30100,W060RC,15,Current transfer receipts,2019,Current Dollars,Level,6,"216,817",T30100
T30100,W060RC,15,Current transfer receipts,2020,Current Dollars,Level,6,"210,421",T30100
T30100,W060RC,15,Current transfer receipts,2021,Current Dollars,Level,6,"225,815",T30100
T30100,W060RC,15,Current transfer receipts,2022,Current Dollars,Level,6,"259,643",T30100
T30100,W060RC,15,Current transfer receipts,2023,Current Dollars,Level,6,"255,263",T30100
T30100,W060RC,15,Current transfer receipts,2024,Current Dollars,Level,6,"284,384",T30100
T30100,W060RC,15,Current transfer receipts,2025,Current Dollars,Level,6,"280,341",T30100
T30100,W061RC,16,From business (net),1929,Current Dollars,Level,6,113,T30100
T30100,W061RC,16,From business (net),1930,Current Dollars,Level,6,115,T30100
T30100,W061RC,16,From business (net),1931,Current Dollars,Level,6,111,T30100
T30100,W061RC,16,From business (net),1932,Current Dollars,Level,6,108,T30100
T30100,W061RC,16,From business (net),1933,Current Dollars,Level,6,98,T30100
T30100,W061RC,16,From business (net),1934,Current Dollars,Level,6,97,T30100
T30100,W061RC,16,From business (net),1935,Current Dollars,Level,6,114,T30100
T30100,W061RC,16,From business (net),1936,Current Dollars,Level,6,139,T30100
T30100,W061RC,16,From business (net),1937,Current Dollars,Level,6,149,T30100
T30100,W061RC,16,From business (net),1938,Current Dollars,Level,6,153,T30100
T30100,W061RC,16,From business (net),1939,Current Dollars,Level,6,154,T30100
T30100,W061RC,16,From business (net),1940,Current Dollars,Level,6,164,T30100
T30100,W061RC,16,From business (net),1941,Current Dollars,Level,6,177,T30100
T30100,W061RC,16,From business (net),1942,Current Dollars,Level,6,203,T30100
T30100,W061RC,16,From business (net),1943,Current Dollars,Level,6,255,T30100
T30100,W061RC,16,From business (net),1944,Current Dollars,Level,6,379,T30100
T30100,W061RC,16,From business (net),1945,Current Dollars,Level,6,391,T30100
T30100,W061RC,16,From business (net),1946,Current Dollars,Level,6,264,T30100
T30100,W061RC,16,From business (net),1947,Current Dollars,Level,6,323,T30100
T30100,W061RC,16,From business (net),1948,Current Dollars,Level,6,337,T30100
T30100,W061RC,16,From business (net),1949,Current Dollars,Level,6,334,T30100
T30100,W061RC,16,From business (net),1950,Current Dollars,Level,6,269,T30100
T30100,W061RC,16,From business (net),1951,Current Dollars,Level,6,287,T30100
T30100,W061RC,16,From business (net),1952,Current Dollars,Level,6,309,T30100
T30100,W061RC,16,From business (net),1953,Current Dollars,Level,6,312,T30100
T30100,W061RC,16,From business (net),1954,Current Dollars,Level,6,348,T30100
T30100,W061RC,16,From business (net),1955,Current Dollars,Level,6,367,T30100
T30100,W061RC,16,From business (net),1956,Current Dollars,Level,6,416,T30100
T30100,W061RC,16,From business (net),1957,Current Dollars,Level,6,428,T30100
T30100,W061RC,16,From business (net),1958,Current Dollars,Level,6,463,T30100
T30100,W061RC,16,From business (net),1959,Current Dollars,Level,6,336,T30100
T30100,W061RC,16,From business (net),1960,Current Dollars,Level,6,430,T30100
T30100,W061RC,16,From business (net),1961,Current Dollars,Level,6,540,T30100
T30100,W061RC,16,From business (net),1962,Current Dollars,Level,6,568,T30100
T30100,W061RC,16,From business (net),1963,Current Dollars,Level,6,661,T30100
T30100,W061RC,16,From business (net),1964,Current Dollars,Level,6,817,T30100
T30100,W061RC,16,From business (net),1965,Current Dollars,Level,6,"1,220",T30100
T30100,W061RC,16,From business (net),1966,Current Dollars,Level,6,"1,279",T30100
T30100,W061RC,16,From business (net),1967,Current Dollars,Level,6,"1,366",T30100
T30100,W061RC,16,From business (net),1968,Current Dollars,Level,6,"1,395",T30100
T30100,W061RC,16,From business (net),1969,Current Dollars,Level,6,"1,467",T30100
T30100,W061RC,16,From business (net),1970,Current Dollars,Level,6,"1,431",T30100
T30100,W061RC,16,From business (net),1971,Current Dollars,Level,6,"1,461",T30100
T30100,W061RC,16,From business (net),1972,Current Dollars,Level,6,"1,667",T30100
T30100,W061RC,16,From business (net),1973,Current Dollars,Level,6,"1,800",T30100
T30100,W061RC,16,From business (net),1974,Current Dollars,Level,6,"2,050",T30100
T30100,W061RC,16,From business (net),1975,Current Dollars,Level,6,"2,192",T30100
T30100,W061RC,16,From business (net),1976,Current Dollars,Level,6,"2,442",T30100
T30100,W061RC,16,From business (net),1977,Current Dollars,Level,6,"2,991",T30100
T30100,W061RC,16,From business (net),1978,Current Dollars,Level,6,"3,912",T30100
T30100,W061RC,16,From business (net),1979,Current Dollars,Level,6,"4,527",T30100
T30100,W061RC,16,From business (net),1980,Current Dollars,Level,6,"5,366",T30100
T30100,W061RC,16,From business (net),1981,Current Dollars,Level,6,"5,737",T30100
T30100,W061RC,16,From business (net),1982,Current Dollars,Level,6,"6,931",T30100
T30100,W061RC,16,From business (net),1983,Current Dollars,Level,6,"7,885",T30100
T30100,W061RC,16,From business (net),1984,Current Dollars,Level,6,"9,431",T30100
T30100,W061RC,16,From business (net),1985,Current Dollars,Level,6,"11,800",T30100
T30100,W061RC,16,From business (net),1986,Current Dollars,Level,6,"13,013",T30100
T30100,W061RC,16,From business (net),1987,Current Dollars,Level,6,"13,064",T30100
T30100,W061RC,16,From business (net),1988,Current Dollars,Level,6,"12,159",T30100
T30100,W061RC,16,From business (net),1989,Current Dollars,Level,6,"15,095",T30100
T30100,W061RC,16,From business (net),1990,Current Dollars,Level,6,"16,986",T30100
T30100,W061RC,16,From business (net),1991,Current Dollars,Level,6,"21,253",T30100
T30100,W061RC,16,From business (net),1992,Current Dollars,Level,6,"23,552",T30100
T30100,W061RC,16,From business (net),1993,Current Dollars,Level,6,"25,639",T30100
T30100,W061RC,16,From business (net),1994,Current Dollars,Level,6,"27,902",T30100
T30100,W061RC,16,From business (net),1995,Current Dollars,Level,6,"24,859",T30100
T30100,W061RC,16,From business (net),1996,Current Dollars,Level,6,"30,725",T30100
T30100,W061RC,16,From business (net),1997,Current Dollars,Level,6,"29,831",T30100
T30100,W061RC,16,From business (net),1998,Current Dollars,Level,6,"34,300",T30100
T30100,W061RC,16,From business (net),1999,Current Dollars,Level,6,"36,451",T30100
T30100,W061RC,16,From business (net),2000,Current Dollars,Level,6,"41,918",T30100
T30100,W061RC,16,From business (net),2001,Current Dollars,Level,6,"43,882",T30100
T30100,W061RC,16,From business (net),2002,Current Dollars,Level,6,"46,228",T30100
T30100,W061RC,16,From business (net),2003,Current Dollars,Level,6,"48,306",T30100
T30100,W061RC,16,From business (net),2004,Current Dollars,Level,6,"52,094",T30100
T30100,W061RC,16,From business (net),2005,Current Dollars,Level,6,"52,308",T30100
T30100,W061RC,16,From business (net),2006,Current Dollars,Level,6,"56,399",T30100
T30100,W061RC,16,From business (net),2007,Current Dollars,Level,6,"59,606",T30100
T30100,W061RC,16,From business (net),2008,Current Dollars,Level,6,"67,984",T30100
T30100,W061RC,16,From business (net),2009,Current Dollars,Level,6,"84,585",T30100
T30100,W061RC,16,From business (net),2010,Current Dollars,Level,6,"82,570",T30100
T30100,W061RC,16,From business (net),2011,Current Dollars,Level,6,"85,261",T30100
T30100,W061RC,16,From business (net),2012,Current Dollars,Level,6,"67,197",T30100
T30100,W061RC,16,From business (net),2013,Current Dollars,Level,6,"82,483",T30100
T30100,W061RC,16,From business (net),2014,Current Dollars,Level,6,"100,804",T30100
T30100,W061RC,16,From business (net),2015,Current Dollars,Level,6,"108,850",T30100
T30100,W061RC,16,From business (net),2016,Current Dollars,Level,6,"100,879",T30100
T30100,W061RC,16,From business (net),2017,Current Dollars,Level,6,"93,931",T30100
T30100,W061RC,16,From business (net),2018,Current Dollars,Level,6,"101,454",T30100
T30100,W061RC,16,From business (net),2019,Current Dollars,Level,6,"93,664",T30100
T30100,W061RC,16,From business (net),2020,Current Dollars,Level,6,"97,562",T30100
T30100,W061RC,16,From business (net),2021,Current Dollars,Level,6,"99,674",T30100
T30100,W061RC,16,From business (net),2022,Current Dollars,Level,6,"115,709",T30100
T30100,W061RC,16,From business (net),2023,Current Dollars,Level,6,"112,565",T30100
T30100,W061RC,16,From business (net),2024,Current Dollars,Level,6,"139,976",T30100
T30100,W061RC,16,From business (net),2025,Current Dollars,Level,6,"130,548",T30100
T30100,W062RC,17,From persons,1929,Current Dollars,Level,6,335,T30100
T30100,W062RC,17,From persons,1930,Current Dollars,Level,6,301,T30100
T30100,W062RC,17,From persons,1931,Current Dollars,Level,6,228,T30100
T30100,W062RC,17,From persons,1932,Current Dollars,Level,6,198,T30100
T30100,W062RC,17,From persons,1933,Current Dollars,Level,6,164,T30100
T30100,W062RC,17,From persons,1934,Current Dollars,Level,6,160,T30100
T30100,W062RC,17,From persons,1935,Current Dollars,Level,6,158,T30100
T30100,W062RC,17,From persons,1936,Current Dollars,Level,6,159,T30100
T30100,W062RC,17,From persons,1937,Current Dollars,Level,6,162,T30100
T30100,W062RC,17,From persons,1938,Current Dollars,Level,6,164,T30100
T30100,W062RC,17,From persons,1939,Current Dollars,Level,6,151,T30100
T30100,W062RC,17,From persons,1940,Current Dollars,Level,6,150,T30100
T30100,W062RC,17,From persons,1941,Current Dollars,Level,6,156,T30100
T30100,W062RC,17,From persons,1942,Current Dollars,Level,6,180,T30100
T30100,W062RC,17,From persons,1943,Current Dollars,Level,6,216,T30100
T30100,W062RC,17,From persons,1944,Current Dollars,Level,6,248,T30100
T30100,W062RC,17,From persons,1945,Current Dollars,Level,6,269,T30100
T30100,W062RC,17,From persons,1946,Current Dollars,Level,6,247,T30100
T30100,W062RC,17,From persons,1947,Current Dollars,Level,6,219,T30100
T30100,W062RC,17,From persons,1948,Current Dollars,Level,6,276,T30100
T30100,W062RC,17,From persons,1949,Current Dollars,Level,6,318,T30100
T30100,W062RC,17,From persons,1950,Current Dollars,Level,6,314,T30100
T30100,W062RC,17,From persons,1951,Current Dollars,Level,6,349,T30100
T30100,W062RC,17,From persons,1952,Current Dollars,Level,6,369,T30100
T30100,W062RC,17,From persons,1953,Current Dollars,Level,6,410,T30100
T30100,W062RC,17,From persons,1954,Current Dollars,Level,6,437,T30100
T30100,W062RC,17,From persons,1955,Current Dollars,Level,6,430,T30100
T30100,W062RC,17,From persons,1956,Current Dollars,Level,6,488,T30100
T30100,W062RC,17,From persons,1957,Current Dollars,Level,6,567,T30100
T30100,W062RC,17,From persons,1958,Current Dollars,Level,6,574,T30100
T30100,W062RC,17,From persons,1959,Current Dollars,Level,6,320,T30100
T30100,W062RC,17,From persons,1960,Current Dollars,Level,6,342,T30100
T30100,W062RC,17,From persons,1961,Current Dollars,Level,6,476,T30100
T30100,W062RC,17,From persons,1962,Current Dollars,Level,6,543,T30100
T30100,W062RC,17,From persons,1963,Current Dollars,Level,6,530,T30100
T30100,W062RC,17,From persons,1964,Current Dollars,Level,6,602,T30100
T30100,W062RC,17,From persons,1965,Current Dollars,Level,6,578,T30100
T30100,W062RC,17,From persons,1966,Current Dollars,Level,6,778,T30100
T30100,W062RC,17,From persons,1967,Current Dollars,Level,6,982,T30100
T30100,W062RC,17,From persons,1968,Current Dollars,Level,6,"1,039",T30100
T30100,W062RC,17,From persons,1969,Current Dollars,Level,6,"1,128",T30100
T30100,W062RC,17,From persons,1970,Current Dollars,Level,6,"1,281",T30100
T30100,W062RC,17,From persons,1971,Current Dollars,Level,6,"1,455",T30100
T30100,W062RC,17,From persons,1972,Current Dollars,Level,6,"1,786",T30100
T30100,W062RC,17,From persons,1973,Current Dollars,Level,6,"1,835",T30100
T30100,W062RC,17,From persons,1974,Current Dollars,Level,6,"2,068",T30100
T30100,W062RC,17,From persons,1975,Current Dollars,Level,6,"2,493",T30100
T30100,W062RC,17,From persons,1976,Current Dollars,Level,6,"3,018",T30100
T30100,W062RC,17,From persons,1977,Current Dollars,Level,6,"3,466",T30100
T30100,W062RC,17,From persons,1978,Current Dollars,Level,6,"3,856",T30100
T30100,W062RC,17,From persons,1979,Current Dollars,Level,6,"4,328",T30100
T30100,W062RC,17,From persons,1980,Current Dollars,Level,6,"4,952",T30100
T30100,W062RC,17,From persons,1981,Current Dollars,Level,6,"5,951",T30100
T30100,W062RC,17,From persons,1982,Current Dollars,Level,6,"7,066",T30100
T30100,W062RC,17,From persons,1983,Current Dollars,Level,6,"8,130",T30100
T30100,W062RC,17,From persons,1984,Current Dollars,Level,6,"9,168",T30100
T30100,W062RC,17,From persons,1985,Current Dollars,Level,6,"10,425",T30100
T30100,W062RC,17,From persons,1986,Current Dollars,Level,6,"11,959",T30100
T30100,W062RC,17,From persons,1987,Current Dollars,Level,6,"13,194",T30100
T30100,W062RC,17,From persons,1988,Current Dollars,Level,6,"14,846",T30100
T30100,W062RC,17,From persons,1989,Current Dollars,Level,6,"16,493",T30100
T30100,W062RC,17,From persons,1990,Current Dollars,Level,6,"18,352",T30100
T30100,W062RC,17,From persons,1991,Current Dollars,Level,6,"22,571",T30100
T30100,W062RC,17,From persons,1992,Current Dollars,Level,6,"25,995",T30100
T30100,W062RC,17,From persons,1993,Current Dollars,Level,6,"28,569",T30100
T30100,W062RC,17,From persons,1994,Current Dollars,Level,6,"30,892",T30100
T30100,W062RC,17,From persons,1995,Current Dollars,Level,6,"32,648",T30100
T30100,W062RC,17,From persons,1996,Current Dollars,Level,6,"34,931",T30100
T30100,W062RC,17,From persons,1997,Current Dollars,Level,6,"38,199",T30100
T30100,W062RC,17,From persons,1998,Current Dollars,Level,6,"39,863",T30100
T30100,W062RC,17,From persons,1999,Current Dollars,Level,6,"44,062",T30100
T30100,W062RC,17,From persons,2000,Current Dollars,Level,6,"48,750",T30100
T30100,W062RC,17,From persons,2001,Current Dollars,Level,6,"52,921",T30100
T30100,W062RC,17,From persons,2002,Current Dollars,Level,6,"56,380",T30100
T30100,W062RC,17,From persons,2003,Current Dollars,Level,6,"60,509",T30100
T30100,W062RC,17,From persons,2004,Current Dollars,Level,6,"66,899",T30100
T30100,W062RC,17,From persons,2005,Current Dollars,Level,6,"71,625",T30100
T30100,W062RC,17,From persons,2006,Current Dollars,Level,6,"75,286",T30100
T30100,W062RC,17,From persons,2007,Current Dollars,Level,6,"79,178",T30100
T30100,W062RC,17,From persons,2008,Current Dollars,Level,6,"80,971",T30100
T30100,W062RC,17,From persons,2009,Current Dollars,Level,6,"80,057",T30100
T30100,W062RC,17,From persons,2010,Current Dollars,Level,6,"79,404",T30100
T30100,W062RC,17,From persons,2011,Current Dollars,Level,6,"82,170",T30100
T30100,W062RC,17,From persons,2012,Current Dollars,Level,6,"86,300",T30100
T30100,W062RC,17,From persons,2013,Current Dollars,Level,6,"87,003",T30100
T30100,W062RC,17,From persons,2014,Current Dollars,Level,6,"91,948",T30100
T30100,W062RC,17,From persons,2015,Current Dollars,Level,6,"98,830",T30100
T30100,W062RC,17,From persons,2016,Current Dollars,Level,6,"101,646",T30100
T30100,W062RC,17,From persons,2017,Current Dollars,Level,6,"104,588",T30100
T30100,W062RC,17,From persons,2018,Current Dollars,Level,6,"111,269",T30100
T30100,W062RC,17,From persons,2019,Current Dollars,Level,6,"114,581",T30100
T30100,W062RC,17,From persons,2020,Current Dollars,Level,6,"109,318",T30100
T30100,W062RC,17,From persons,2021,Current Dollars,Level,6,"121,491",T30100
T30100,W062RC,17,From persons,2022,Current Dollars,Level,6,"133,173",T30100
T30100,W062RC,17,From persons,2023,Current Dollars,Level,6,"135,771",T30100
T30100,W062RC,17,From persons,2024,Current Dollars,Level,6,"141,065",T30100
T30100,W062RC,17,From persons,2025,Current Dollars,Level,6,"147,956",T30100
T30100,LA000014,18,From the rest of the world,1999,Current Dollars,Level,6,"1,161","T30100,T30100.3"
T30100,LA000014,18,From the rest of the world,2000,Current Dollars,Level,6,850,"T30100,T30100.3"
T30100,LA000014,18,From the rest of the world,2001,Current Dollars,Level,6,805,"T30100,T30100.3"
T30100,LA000014,18,From the rest of the world,2002,Current Dollars,Level,6,543,"T30100,T30100.3"
T30100,LA000014,18,From the rest of the world,2003,Current Dollars,Level,6,725,"T30100,T30100.3"
T30100,LA000014,18,From the rest of the world,2004,Current Dollars,Level,6,814,"T30100,T30100.3"
T30100,LA000014,18,From the rest of the world,2005,Current Dollars,Level,6,"1,744","T30100,T30100.3"
T30100,LA000014,18,From the rest of the world,2006,Current Dollars,Level,6,"1,305","T30100,T30100.3"
T30100,LA000014,18,From the rest of the world,2007,Current Dollars,Level,6,"1,686","T30100,T30100.3"
T30100,LA000014,18,From the rest of the world,2008,Current Dollars,Level,6,"3,189","T30100,T30100.3"
T30100,LA000014,18,From the rest of the world,2009,Current Dollars,Level,6,"3,242","T30100,T30100.3"
T30100,LA000014,18,From the rest of the world,2010,Current Dollars,Level,6,"3,754","T30100,T30100.3"
T30100,LA000014,18,From the rest of the world,2011,Current Dollars,Level,6,"2,046","T30100,T30100.3"
T30100,LA000014,18,From the rest of the world,2012,Current Dollars,Level,6,"6,503","T30100,T30100.3"
T30100,LA000014,18,From the rest of the world,2013,Current Dollars,Level,6,"7,848","T30100,T30100.3"
T30100,LA000014,18,From the rest of the world,2014,Current Dollars,Level,6,"17,259","T30100,T30100.3"
T30100,LA000014,18,From the rest of the world,2015,Current Dollars,Level,6,"7,140","T30100,T30100.3"
T30100,LA000014,18,From the rest of the world,2016,Current Dollars,Level,6,"4,480","T30100,T30100.3"
T30100,LA000014,18,From the rest of the world,2017,Current Dollars,Level,6,"9,871","T30100,T30100.3"
T30100,LA000014,18,From the rest of the world,2018,Current Dollars,Level,6,"11,525","T30100,T30100.3"
T30100,LA000014,18,From the rest of the world,2019,Current Dollars,Level,6,"8,572","T30100,T30100.3"
T30100,LA000014,18,From the rest of the world,2020,Current Dollars,Level,6,"3,541","T30100,T30100.3"
T30100,LA000014,18,From the rest of the world,2021,Current Dollars,Level,6,"4,650","T30100,T30100.3"
T30100,LA000014,18,From the rest of the world,2022,Current Dollars,Level,6,"10,760","T30100,T30100.3"
T30100,LA000014,18,From the rest of the world,2023,Current Dollars,Level,6,"6,927","T30100,T30100.3"
T30100,LA000014,18,From the rest of the world,2024,Current Dollars,Level,6,"3,343","T30100,T30100.3"
T30100,LA000014,18,From the rest of the world,2025,Current Dollars,Level,6,"1,836","T30100,T30100.3"
T30100,A108RC,19,Current surplus of government enterprises,1959,Current Dollars,Level,6,545,"T30100,T30100.4"
T30100,A108RC,19,Current surplus of government enterprises,1960,Current Dollars,Level,6,467,"T30100,T30100.4"
T30100,A108RC,19,Current surplus of government enterprises,1961,Current Dollars,Level,6,338,"T30100,T30100.4"
T30100,A108RC,19,Current surplus of government enterprises,1962,Current Dollars,Level,6,398,"T30100,T30100.4"
T30100,A108RC,19,Current surplus of government enterprises,1963,Current Dollars,Level,6,814,"T30100,T30100.4"
T30100,A108RC,19,Current surplus of government enterprises,1964,Current Dollars,Level,6,866,"T30100,T30100.4"
T30100,A108RC,19,Current surplus of government enterprises,1965,Current Dollars,Level,6,788,"T30100,T30100.4"
T30100,A108RC,19,Current surplus of government enterprises,1966,Current Dollars,Level,6,388,"T30100,T30100.4"
T30100,A108RC,19,Current surplus of government enterprises,1967,Current Dollars,Level,6,278,"T30100,T30100.4"
T30100,A108RC,19,Current surplus of government enterprises,1968,Current Dollars,Level,6,453,"T30100,T30100.4"
T30100,A108RC,19,Current surplus of government enterprises,1969,Current Dollars,Level,6,163,"T30100,T30100.4"
T30100,A108RC,19,Current surplus of government enterprises,1970,Current Dollars,Level,6,"-1,034","T30100,T30100.4"
T30100,A108RC,19,Current surplus of government enterprises,1971,Current Dollars,Level,6,"-1,515","T30100,T30100.4"
T30100,A108RC,19,Current surplus of government enterprises,1972,Current Dollars,Level,6,-936,"T30100,T30100.4"
T30100,A108RC,19,Current surplus of government enterprises,1973,Current Dollars,Level,6,"-1,958","T30100,T30100.4"
T30100,A108RC,19,Current surplus of government enterprises,1974,Current Dollars,Level,6,"-2,446","T30100,T30100.4"
T30100,A108RC,19,Current surplus of government enterprises,1975,Current Dollars,Level,6,"-4,068","T30100,T30100.4"
T30100,A108RC,19,Current surplus of government enterprises,1976,Current Dollars,Level,6,"-2,385","T30100,T30100.4"
T30100,A108RC,19,Current surplus of government enterprises,1977,Current Dollars,Level,6,"-2,958","T30100,T30100.4"
T30100,A108RC,19,Current surplus of government enterprises,1978,Current Dollars,Level,6,"-2,377","T30100,T30100.4"
T30100,A108RC,19,Current surplus of government enterprises,1979,Current Dollars,Level,6,"-2,699","T30100,T30100.4"
T30100,A108RC,19,Current surplus of government enterprises,1980,Current Dollars,Level,6,"-4,481","T30100,T30100.4"
T30100,A108RC,19,Current surplus of government enterprises,1981,Current Dollars,Level,6,"-4,717","T30100,T30100.4"
T30100,A108RC,19,Current surplus of government enterprises,1982,Current Dollars,Level,6,"-3,417","T30100,T30100.4"
T30100,A108RC,19,Current surplus of government enterprises,1983,Current Dollars,Level,6,"-1,884","T30100,T30100.4"
T30100,A108RC,19,Current surplus of government enterprises,1984,Current Dollars,Level,6,-867,"T30100,T30100.4"
T30100,A108RC,19,Current surplus of government enterprises,1985,Current Dollars,Level,6,"1,871","T30100,T30100.4"
T30100,A108RC,19,Current surplus of government enterprises,1986,Current Dollars,Level,6,"2,541","T30100,T30100.4"
T30100,A108RC,19,Current surplus of government enterprises,1987,Current Dollars,Level,6,"2,748","T30100,T30100.4"
T30100,A108RC,19,Current surplus of government enterprises,1988,Current Dollars,Level,6,"5,557","T30100,T30100.4"
T30100,A108RC,19,Current surplus of government enterprises,1989,Current Dollars,Level,6,"7,258","T30100,T30100.4"
T30100,A108RC,19,Current surplus of government enterprises,1990,Current Dollars,Level,6,"3,728","T30100,T30100.4"
T30100,A108RC,19,Current surplus of government enterprises,1991,Current Dollars,Level,6,"8,218","T30100,T30100.4"
T30100,A108RC,19,Current surplus of government enterprises,1992,Current Dollars,Level,6,"10,444","T30100,T30100.4"
T30100,A108RC,19,Current surplus of government enterprises,1993,Current Dollars,Level,6,"11,431","T30100,T30100.4"
T30100,A108RC,19,Current surplus of government enterprises,1994,Current Dollars,Level,6,"12,656","T30100,T30100.4"
T30100,A108RC,19,Current surplus of government enterprises,1995,Current Dollars,Level,6,"16,507","T30100,T30100.4"
T30100,A108RC,19,Current surplus of government enterprises,1996,Current Dollars,Level,6,"17,754","T30100,T30100.4"
T30100,A108RC,19,Current surplus of government enterprises,1997,Current Dollars,Level,6,"18,079","T30100,T30100.4"
T30100,A108RC,19,Current surplus of government enterprises,1998,Current Dollars,Level,6,"16,874","T30100,T30100.4"
T30100,A108RC,19,Current surplus of government enterprises,1999,Current Dollars,Level,6,"16,829","T30100,T30100.4"
T30100,A108RC,19,Current surplus of government enterprises,2000,Current Dollars,Level,6,"11,454","T30100,T30100.4"
T30100,A108RC,19,Current surplus of government enterprises,2001,Current Dollars,Level,6,"5,658","T30100,T30100.4"
T30100,A108RC,19,Current surplus of government enterprises,2002,Current Dollars,Level,6,"7,573","T30100,T30100.4"
T30100,A108RC,19,Current surplus of government enterprises,2003,Current Dollars,Level,6,"5,121","T30100,T30100.4"
T30100,A108RC,19,Current surplus of government enterprises,2004,Current Dollars,Level,6,355,"T30100,T30100.4"
T30100,A108RC,19,Current surplus of government enterprises,2005,Current Dollars,Level,6,"-3,449","T30100,T30100.4"
T30100,A108RC,19,Current surplus of government enterprises,2006,Current Dollars,Level,6,"-5,905","T30100,T30100.4"
T30100,A108RC,19,Current surplus of government enterprises,2007,Current Dollars,Level,6,"-12,871","T30100,T30100.4"
T30100,A108RC,19,Current surplus of government enterprises,2008,Current Dollars,Level,6,"-16,728","T30100,T30100.4"
T30100,A108RC,19,Current surplus of government enterprises,2009,Current Dollars,Level,6,"-14,556","T30100,T30100.4"
T30100,A108RC,19,Current surplus of government enterprises,2010,Current Dollars,Level,6,"-18,546","T30100,T30100.4"
T30100,A108RC,19,Current surplus of government enterprises,2011,Current Dollars,Level,6,"-17,842","T30100,T30100.4"
T30100,A108RC,19,Current surplus of government enterprises,2012,Current Dollars,Level,6,"-13,646","T30100,T30100.4"
T30100,A108RC,19,Current surplus of government enterprises,2013,Current Dollars,Level,6,"-13,643","T30100,T30100.4"
T30100,A108RC,19,Current surplus of government enterprises,2014,Current Dollars,Level,6,"-8,475","T30100,T30100.4"
T30100,A108RC,19,Current surplus of government enterprises,2015,Current Dollars,Level,6,"-2,847","T30100,T30100.4"
T30100,A108RC,19,Current surplus of government enterprises,2016,Current Dollars,Level,6,"-2,154","T30100,T30100.4"
T30100,A108RC,19,Current surplus of government enterprises,2017,Current Dollars,Level,6,"-4,253","T30100,T30100.4"
T30100,A108RC,19,Current surplus of government enterprises,2018,Current Dollars,Level,6,"-4,592","T30100,T30100.4"
T30100,A108RC,19,Current surplus of government enterprises,2019,Current Dollars,Level,6,"-12,141","T30100,T30100.4"
T30100,A108RC,19,Current surplus of government enterprises,2020,Current Dollars,Level,6,"-3,062","T30100,T30100.4"
T30100,A108RC,19,Current surplus of government enterprises,2021,Current Dollars,Level,6,"-10,931","T30100,T30100.4"
T30100,A108RC,19,Current surplus of government enterprises,2022,Current Dollars,Level,6,"-16,012","T30100,T30100.4"
T30100,A108RC,19,Current surplus of government enterprises,2023,Current Dollars,Level,6,"-46,918","T30100,T30100.4"
T30100,A108RC,19,Current surplus of government enterprises,2024,Current Dollars,Level,6,"-47,460","T30100,T30100.4"
T30100,A108RC,19,Current surplus of government enterprises,2025,Current Dollars,Level,6,"-52,094","T30100,T30100.4"
T30100,W022RC,20,Current expenditures,1929,Current Dollars,Level,6,"8,470",T30100
T30100,W022RC,20,Current expenditures,1930,Current Dollars,Level,6,"8,903",T30100
T30100,W022RC,20,Current expenditures,1931,Current Dollars,Level,6,"10,311",T30100
T30100,W022RC,20,Current expenditures,1932,Current Dollars,Level,6,"9,325",T30100
T30100,W022RC,20,Current expenditures,1933,Current Dollars,Level,6,"9,624",T30100
T30100,W022RC,20,Current expenditures,1934,Current Dollars,Level,6,"11,235",T30100
T30100,W022RC,20,Current expenditures,1935,Current Dollars,Level,6,"11,792",T30100
T30100,W022RC,20,Current expenditures,1936,Current Dollars,Level,6,"13,431",T30100
T30100,W022RC,20,Current expenditures,1937,Current Dollars,Level,6,"12,703",T30100
T30100,W022RC,20,Current expenditures,1938,Current Dollars,Level,6,"13,980",T30100
T30100,W022RC,20,Current expenditures,1939,Current Dollars,Level,6,"15,109",T30100
T30100,W022RC,20,Current expenditures,1940,Current Dollars,Level,6,"16,036",T30100
T30100,W022RC,20,Current expenditures,1941,Current Dollars,Level,6,"21,605",T30100
T30100,W022RC,20,Current expenditures,1942,Current Dollars,Level,6,"41,525",T30100
T30100,W022RC,20,Current expenditures,1943,Current Dollars,Level,6,"63,660",T30100
T30100,W022RC,20,Current expenditures,1944,Current Dollars,Level,6,"77,730",T30100
T30100,W022RC,20,Current expenditures,1945,Current Dollars,Level,6,"82,267",T30100
T30100,W022RC,20,Current expenditures,1946,Current Dollars,Level,6,"57,674",T30100
T30100,W022RC,20,Current expenditures,1947,Current Dollars,Level,6,"52,869",T30100
T30100,W022RC,20,Current expenditures,1948,Current Dollars,Level,6,"55,712",T30100
T30100,W022RC,20,Current expenditures,1949,Current Dollars,Level,6,"61,561",T30100
T30100,W022RC,20,Current expenditures,1950,Current Dollars,Level,6,"63,895",T30100
T30100,W022RC,20,Current expenditures,1951,Current Dollars,Level,6,"75,818",T30100
T30100,W022RC,20,Current expenditures,1952,Current Dollars,Level,6,"86,685",T30100
T30100,W022RC,20,Current expenditures,1953,Current Dollars,Level,6,"92,629",T30100
T30100,W022RC,20,Current expenditures,1954,Current Dollars,Level,6,"91,889",T30100
T30100,W022RC,20,Current expenditures,1955,Current Dollars,Level,6,"95,043",T30100
T30100,W022RC,20,Current expenditures,1956,Current Dollars,Level,6,"99,754",T30100
T30100,W022RC,20,Current expenditures,1957,Current Dollars,Level,6,"109,770",T30100
T30100,W022RC,20,Current expenditures,1958,Current Dollars,Level,6,"119,046",T30100
T30100,W022RC,20,Current expenditures,1959,Current Dollars,Level,6,"124,366",T30100
T30100,W022RC,20,Current expenditures,1960,Current Dollars,Level,6,"131,252",T30100
T30100,W022RC,20,Current expenditures,1961,Current Dollars,Level,6,"141,066",T30100
T30100,W022RC,20,Current expenditures,1962,Current Dollars,Level,6,"152,386",T30100
T30100,W022RC,20,Current expenditures,1963,Current Dollars,Level,6,"160,511",T30100
T30100,W022RC,20,Current expenditures,1964,Current Dollars,Level,6,"169,086",T30100
T30100,W022RC,20,Current expenditures,1965,Current Dollars,Level,6,"181,613",T30100
T30100,W022RC,20,Current expenditures,1966,Current Dollars,Level,6,"204,476",T30100
T30100,W022RC,20,Current expenditures,1967,Current Dollars,Level,6,"232,556",T30100
T30100,W022RC,20,Current expenditures,1968,Current Dollars,Level,6,"261,651",T30100
T30100,W022RC,20,Current expenditures,1969,Current Dollars,Level,6,"284,710",T30100
T30100,W022RC,20,Current expenditures,1970,Current Dollars,Level,6,"319,221",T30100
T30100,W022RC,20,Current expenditures,1971,Current Dollars,Level,6,"354,491",T30100
T30100,W022RC,20,Current expenditures,1972,Current Dollars,Level,6,"388,548",T30100
T30100,W022RC,20,Current expenditures,1973,Current Dollars,Level,6,"421,512",T30100
T30100,W022RC,20,Current expenditures,1974,Current Dollars,Level,6,"473,911",T30100
T30100,W022RC,20,Current expenditures,1975,Current Dollars,Level,6,"549,878",T30100
T30100,W022RC,20,Current expenditures,1976,Current Dollars,Level,6,"591,024",T30100
T30100,W022RC,20,Current expenditures,1977,Current Dollars,Level,6,"640,329",T30100
T30100,W022RC,20,Current expenditures,1978,Current Dollars,Level,6,"703,312",T30100
T30100,W022RC,20,Current expenditures,1979,Current Dollars,Level,6,"777,924",T30100
T30100,W022RC,20,Current expenditures,1980,Current Dollars,Level,6,"894,576",T30100
T30100,W022RC,20,Current expenditures,1981,Current Dollars,Level,6,"1,017,366",T30100
T30100,W022RC,20,Current expenditures,1982,Current Dollars,Level,6,"1,131,034",T30100
T30100,W022RC,20,Current expenditures,1983,Current Dollars,Level,6,"1,227,716",T30100
T30100,W022RC,20,Current expenditures,1984,Current Dollars,Level,6,"1,311,655",T30100
T30100,W022RC,20,Current expenditures,1985,Current Dollars,Level,6,"1,418,686",T30100
T30100,W022RC,20,Current expenditures,1986,Current Dollars,Level,6,"1,512,769",T30100
T30100,W022RC,20,Current expenditures,1987,Current Dollars,Level,6,"1,586,742",T30100
T30100,W022RC,20,Current expenditures,1988,Current Dollars,Level,6,"1,678,321",T30100
T30100,W022RC,20,Current expenditures,1989,Current Dollars,Level,6,"1,810,702",T30100
T30100,W022RC,20,Current expenditures,1990,Current Dollars,Level,6,"1,952,868",T30100
T30100,W022RC,20,Current expenditures,1991,Current Dollars,Level,6,"2,072,189",T30100
T30100,W022RC,20,Current expenditures,1992,Current Dollars,Level,6,"2,254,212",T30100
T30100,W022RC,20,Current expenditures,1993,Current Dollars,Level,6,"2,339,289",T30100
T30100,W022RC,20,Current expenditures,1994,Current Dollars,Level,6,"2,417,185",T30100
T30100,W022RC,20,Current expenditures,1995,Current Dollars,Level,6,"2,536,460",T30100
T30100,W022RC,20,Current expenditures,1996,Current Dollars,Level,6,"2,621,763",T30100
T30100,W022RC,20,Current expenditures,1997,Current Dollars,Level,6,"2,699,874",T30100
T30100,W022RC,20,Current expenditures,1998,Current Dollars,Level,6,"2,767,354",T30100
T30100,W022RC,20,Current expenditures,1999,Current Dollars,Level,6,"2,879,452",T30100
T30100,W022RC,20,Current expenditures,2000,Current Dollars,Level,6,"3,019,944",T30100
T30100,W022RC,20,Current expenditures,2001,Current Dollars,Level,6,"3,229,168",T30100
T30100,W022RC,20,Current expenditures,2002,Current Dollars,Level,6,"3,419,767",T30100
T30100,W022RC,20,Current expenditures,2003,Current Dollars,Level,6,"3,624,035",T30100
T30100,W022RC,20,Current expenditures,2004,Current Dollars,Level,6,"3,817,442",T30100
T30100,W022RC,20,Current expenditures,2005,Current Dollars,Level,6,"4,075,265",T30100
T30100,W022RC,20,Current expenditures,2006,Current Dollars,Level,6,"4,320,062",T30100
T30100,W022RC,20,Current expenditures,2007,Current Dollars,Level,6,"4,599,617",T30100
T30100,W022RC,20,Current expenditures,2008,Current Dollars,Level,6,"4,971,972",T30100
T30100,W022RC,20,Current expenditures,2009,Current Dollars,Level,6,"5,283,993",T30100
T30100,W022RC,20,Current expenditures,2010,Current Dollars,Level,6,"5,559,983",T30100
T30100,W022RC,20,Current expenditures,2011,Current Dollars,Level,6,"5,639,475",T30100
T30100,W022RC,20,Current expenditures,2012,Current Dollars,Level,6,"5,667,111",T30100
T30100,W022RC,20,Current expenditures,2013,Current Dollars,Level,6,"5,729,512",T30100
T30100,W022RC,20,Current expenditures,2014,Current Dollars,Level,6,"5,885,690",T30100
T30100,W022RC,20,Current expenditures,2015,Current Dollars,Level,6,"6,059,526",T30100
T30100,W022RC,20,Current expenditures,2016,Current Dollars,Level,6,"6,238,657",T30100
T30100,W022RC,20,Current expenditures,2017,Current Dollars,Level,6,"6,418,502",T30100
T30100,W022RC,20,Current expenditures,2018,Current Dollars,Level,6,"6,749,939",T30100
T30100,W022RC,20,Current expenditures,2019,Current Dollars,Level,6,"7,133,442",T30100
T30100,W022RC,20,Current expenditures,2020,Current Dollars,Level,6,"8,966,601",T30100
T30100,W022RC,20,Current expenditures,2021,Current Dollars,Level,6,"9,514,778",T30100
T30100,W022RC,20,Current expenditures,2022,Current Dollars,Level,6,"8,792,818",T30100
T30100,W022RC,20,Current expenditures,2023,Current Dollars,Level,6,"9,358,874",T30100
T30100,W022RC,20,Current expenditures,2024,Current Dollars,Level,6,"10,061,458",T30100
T30100,W022RC,20,Current expenditures,2025,Current Dollars,Level,6,"10,672,430",T30100
T30100,A955RC,21,Consumption expenditures,1929,Current Dollars,Level,6,"6,718",T30100
T30100,A955RC,21,Consumption expenditures,1930,Current Dollars,Level,6,"7,018",T30100
T30100,A955RC,21,Consumption expenditures,1931,Current Dollars,Level,6,"7,082",T30100
T30100,A955RC,21,Consumption expenditures,1932,Current Dollars,Level,6,"6,683",T30100
T30100,A955RC,21,Consumption expenditures,1933,Current Dollars,Level,6,"6,845",T30100
T30100,A955RC,21,Consumption expenditures,1934,Current Dollars,Level,6,"8,050",T30100
T30100,A955RC,21,Consumption expenditures,1935,Current Dollars,Level,6,"8,300",T30100
T30100,A955RC,21,Consumption expenditures,1936,Current Dollars,Level,6,"9,169",T30100
T30100,A955RC,21,Consumption expenditures,1937,Current Dollars,Level,6,"9,220",T30100
T30100,A955RC,21,Consumption expenditures,1938,Current Dollars,Level,6,"9,880",T30100
T30100,A955RC,21,Consumption expenditures,1939,Current Dollars,Level,6,"10,575",T30100
T30100,A955RC,21,Consumption expenditures,1940,Current Dollars,Level,6,"11,127",T30100
T30100,A955RC,21,Consumption expenditures,1941,Current Dollars,Level,6,"17,040",T30100
T30100,A955RC,21,Consumption expenditures,1942,Current Dollars,Level,6,"36,455",T30100
T30100,A955RC,21,Consumption expenditures,1943,Current Dollars,Level,6,"58,131",T30100
T30100,A955RC,21,Consumption expenditures,1944,Current Dollars,Level,6,"70,493",T30100
T30100,A955RC,21,Consumption expenditures,1945,Current Dollars,Level,6,"71,087",T30100
T30100,A955RC,21,Consumption expenditures,1946,Current Dollars,Level,6,"38,319",T30100
T30100,A955RC,21,Consumption expenditures,1947,Current Dollars,Level,6,"34,141",T30100
T30100,A955RC,21,Consumption expenditures,1948,Current Dollars,Level,6,"35,274",T30100
T30100,A955RC,21,Consumption expenditures,1949,Current Dollars,Level,6,"38,493",T30100
T30100,A955RC,21,Consumption expenditures,1950,Current Dollars,Level,6,"39,059",T30100
T30100,A955RC,21,Consumption expenditures,1951,Current Dollars,Level,6,"53,722",T30100
T30100,A955RC,21,Consumption expenditures,1952,Current Dollars,Level,6,"64,963",T30100
T30100,A955RC,21,Consumption expenditures,1953,Current Dollars,Level,6,"70,099",T30100
T30100,A955RC,21,Consumption expenditures,1954,Current Dollars,Level,6,"67,071",T30100
T30100,A955RC,21,Consumption expenditures,1955,Current Dollars,Level,6,"68,600",T30100
T30100,A955RC,21,Consumption expenditures,1956,Current Dollars,Level,6,"71,034",T30100
T30100,A955RC,21,Consumption expenditures,1957,Current Dollars,Level,6,"76,933",T30100
T30100,A955RC,21,Consumption expenditures,1958,Current Dollars,Level,6,"81,516",T30100
T30100,A955RC,21,Consumption expenditures,1959,Current Dollars,Level,6,"82,594",T30100
T30100,A955RC,21,Consumption expenditures,1960,Current Dollars,Level,6,"84,517",T30100
T30100,A955RC,21,Consumption expenditures,1961,Current Dollars,Level,6,"89,340",T30100
T30100,A955RC,21,Consumption expenditures,1962,Current Dollars,Level,6,"97,690",T30100
T30100,A955RC,21,Consumption expenditures,1963,Current Dollars,Level,6,"102,755",T30100
T30100,A955RC,21,Consumption expenditures,1964,Current Dollars,Level,6,"108,372",T30100
T30100,A955RC,21,Consumption expenditures,1965,Current Dollars,Level,6,"116,190",T30100
T30100,A955RC,21,Consumption expenditures,1966,Current Dollars,Level,6,"131,877",T30100
T30100,A955RC,21,Consumption expenditures,1967,Current Dollars,Level,6,"149,349",T30100
T30100,A955RC,21,Consumption expenditures,1968,Current Dollars,Level,6,"166,280",T30100
T30100,A955RC,21,Consumption expenditures,1969,Current Dollars,Level,6,"179,437",T30100
T30100,A955RC,21,Consumption expenditures,1970,Current Dollars,Level,6,"192,785",T30100
T30100,A955RC,21,Consumption expenditures,1971,Current Dollars,Level,6,"208,960",T30100
T30100,A955RC,21,Consumption expenditures,1972,Current Dollars,Level,6,"225,498",T30100
T30100,A955RC,21,Consumption expenditures,1973,Current Dollars,Level,6,"239,125",T30100
T30100,A955RC,21,Consumption expenditures,1974,Current Dollars,Level,6,"265,205",T30100
T30100,A955RC,21,Consumption expenditures,1975,Current Dollars,Level,6,"296,725",T30100
T30100,A955RC,21,Consumption expenditures,1976,Current Dollars,Level,6,"314,508",T30100
T30100,A955RC,21,Consumption expenditures,1977,Current Dollars,Level,6,"341,169",T30100
T30100,A955RC,21,Consumption expenditures,1978,Current Dollars,Level,6,"370,770",T30100
T30100,A955RC,21,Consumption expenditures,1979,Current Dollars,Level,6,"404,705",T30100
T30100,A955RC,21,Consumption expenditures,1980,Current Dollars,Level,6,"453,650",T30100
T30100,A955RC,21,Consumption expenditures,1981,Current Dollars,Level,6,"507,041",T30100
T30100,A955RC,21,Consumption expenditures,1982,Current Dollars,Level,6,"554,529",T30100
T30100,A955RC,21,Consumption expenditures,1983,Current Dollars,Level,6,"595,393",T30100
T30100,A955RC,21,Consumption expenditures,1984,Current Dollars,Level,6,"634,728",T30100
T30100,A955RC,21,Consumption expenditures,1985,Current Dollars,Level,6,"690,640",T30100
T30100,A955RC,21,Consumption expenditures,1986,Current Dollars,Level,6,"737,989",T30100
T30100,A955RC,21,Consumption expenditures,1987,Current Dollars,Level,6,"776,893",T30100
T30100,A955RC,21,Consumption expenditures,1988,Current Dollars,Level,6,"820,454",T30100
T30100,A955RC,21,Consumption expenditures,1989,Current Dollars,Level,6,"881,429",T30100
T30100,A955RC,21,Consumption expenditures,1990,Current Dollars,Level,6,"948,186",T30100
T30100,A955RC,21,Consumption expenditures,1991,Current Dollars,Level,6,"1,004,857",T30100
T30100,A955RC,21,Consumption expenditures,1992,Current Dollars,Level,6,"1,048,383",T30100
T30100,A955RC,21,Consumption expenditures,1993,Current Dollars,Level,6,"1,073,040",T30100
T30100,A955RC,21,Consumption expenditures,1994,Current Dollars,Level,6,"1,108,101",T30100
T30100,A955RC,21,Consumption expenditures,1995,Current Dollars,Level,6,"1,141,743",T30100
T30100,A955RC,21,Consumption expenditures,1996,Current Dollars,Level,6,"1,172,889",T30100
T30100,A955RC,21,Consumption expenditures,1997,Current Dollars,Level,6,"1,220,528",T30100
T30100,A955RC,21,Consumption expenditures,1998,Current Dollars,Level,6,"1,267,607",T30100
T30100,A955RC,21,Consumption expenditures,1999,Current Dollars,Level,6,"1,351,427",T30100
T30100,A955RC,21,Consumption expenditures,2000,Current Dollars,Level,6,"1,437,588",T30100
T30100,A955RC,21,Consumption expenditures,2001,Current Dollars,Level,6,"1,538,151",T30100
T30100,A955RC,21,Consumption expenditures,2002,Current Dollars,Level,6,"1,645,819",T30100
T30100,A955RC,21,Consumption expenditures,2003,Current Dollars,Level,6,"1,746,378",T30100
T30100,A955RC,21,Consumption expenditures,2004,Current Dollars,Level,6,"1,851,920",T30100
T30100,A955RC,21,Consumption expenditures,2005,Current Dollars,Level,6,"1,962,027",T30100
T30100,A955RC,21,Consumption expenditures,2006,Current Dollars,Level,6,"2,072,953",T30100
T30100,A955RC,21,Consumption expenditures,2007,Current Dollars,Level,6,"2,198,532",T30100
T30100,A955RC,21,Consumption expenditures,2008,Current Dollars,Level,6,"2,353,440",T30100
T30100,A955RC,21,Consumption expenditures,2009,Current Dollars,Level,6,"2,433,429",T30100
T30100,A955RC,21,Consumption expenditures,2010,Current Dollars,Level,6,"2,511,047",T30100
T30100,A955RC,21,Consumption expenditures,2011,Current Dollars,Level,6,"2,511,311",T30100
T30100,A955RC,21,Consumption expenditures,2012,Current Dollars,Level,6,"2,515,439",T30100
T30100,A955RC,21,Consumption expenditures,2013,Current Dollars,Level,6,"2,530,745",T30100
T30100,A955RC,21,Consumption expenditures,2014,Current Dollars,Level,6,"2,562,276",T30100
T30100,A955RC,21,Consumption expenditures,2015,Current Dollars,Level,6,"2,603,988",T30100
T30100,A955RC,21,Consumption expenditures,2016,Current Dollars,Level,6,"2,653,374",T30100
T30100,A955RC,21,Consumption expenditures,2017,Current Dollars,Level,6,"2,715,714",T30100
T30100,A955RC,21,Consumption expenditures,2018,Current Dollars,Level,6,"2,859,732",T30100
T30100,A955RC,21,Consumption expenditures,2019,Current Dollars,Level,6,"3,012,056",T30100
T30100,A955RC,21,Consumption expenditures,2020,Current Dollars,Level,6,"3,180,108",T30100
T30100,A955RC,21,Consumption expenditures,2021,Current Dollars,Level,6,"3,376,390",T30100
T30100,A955RC,21,Consumption expenditures,2022,Current Dollars,Level,6,"3,563,488",T30100
T30100,A955RC,21,Consumption expenditures,2023,Current Dollars,Level,6,"3,765,878",T30100
T30100,A955RC,21,Consumption expenditures,2024,Current Dollars,Level,6,"3,991,840",T30100
T30100,A955RC,21,Consumption expenditures,2025,Current Dollars,Level,6,"4,163,734",T30100
T30100,A084RC,22,Current transfer payments,1929,Current Dollars,Level,6,825,T30100
T30100,A084RC,22,Current transfer payments,1930,Current Dollars,Level,6,905,T30100
T30100,A084RC,22,Current transfer payments,1931,Current Dollars,Level,6,"1,961",T30100
T30100,A084RC,22,Current transfer payments,1932,Current Dollars,Level,6,"1,295",T30100
T30100,A084RC,22,Current transfer payments,1933,Current Dollars,Level,6,"1,291",T30100
T30100,A084RC,22,Current transfer payments,1934,Current Dollars,Level,6,"1,356",T30100
T30100,A084RC,22,Current transfer payments,1935,Current Dollars,Level,6,"1,603",T30100
T30100,A084RC,22,Current transfer payments,1936,Current Dollars,Level,6,"2,718",T30100
T30100,A084RC,22,Current transfer payments,1937,Current Dollars,Level,6,"1,658",T30100
T30100,A084RC,22,Current transfer payments,1938,Current Dollars,Level,6,"2,169",T30100
T30100,A084RC,22,Current transfer payments,1939,Current Dollars,Level,6,"2,262",T30100
T30100,A084RC,22,Current transfer payments,1940,Current Dollars,Level,6,"2,424",T30100
T30100,A084RC,22,Current transfer payments,1941,Current Dollars,Level,6,"2,290",T30100
T30100,A084RC,22,Current transfer payments,1942,Current Dollars,Level,6,"2,411",T30100
T30100,A084RC,22,Current transfer payments,1943,Current Dollars,Level,6,"2,047",T30100
T30100,A084RC,22,Current transfer payments,1944,Current Dollars,Level,6,"2,584",T30100
T30100,A084RC,22,Current transfer payments,1945,Current Dollars,Level,6,"5,491",T30100
T30100,A084RC,22,Current transfer payments,1946,Current Dollars,Level,6,"12,376",T30100
T30100,A084RC,22,Current transfer payments,1947,Current Dollars,Level,6,"12,393",T30100
T30100,A084RC,22,Current transfer payments,1948,Current Dollars,Level,6,"13,729",T30100
T30100,A084RC,22,Current transfer payments,1949,Current Dollars,Level,6,"15,987",T30100
T30100,A084RC,22,Current transfer payments,1950,Current Dollars,Level,6,"17,000",T30100
T30100,A084RC,22,Current transfer payments,1951,Current Dollars,Level,6,"13,695",T30100
T30100,A084RC,22,Current transfer payments,1952,Current Dollars,Level,6,"13,163",T30100
T30100,A084RC,22,Current transfer payments,1953,Current Dollars,Level,6,"13,742",T30100
T30100,A084RC,22,Current transfer payments,1954,Current Dollars,Level,6,"15,625",T30100
T30100,A084RC,22,Current transfer payments,1955,Current Dollars,Level,6,"16,914",T30100
T30100,A084RC,22,Current transfer payments,1956,Current Dollars,Level,6,"17,593",T30100
T30100,A084RC,22,Current transfer payments,1957,Current Dollars,Level,6,"20,071",T30100
T30100,A084RC,22,Current transfer payments,1958,Current Dollars,Level,6,"24,192",T30100
T30100,A084RC,22,Current transfer payments,1959,Current Dollars,Level,6,"26,918",T30100
T30100,A084RC,22,Current transfer payments,1960,Current Dollars,Level,6,"28,137",T30100
T30100,A084RC,22,Current transfer payments,1961,Current Dollars,Level,6,"31,862",T30100
T30100,A084RC,22,Current transfer payments,1962,Current Dollars,Level,6,"32,763",T30100
T30100,A084RC,22,Current transfer payments,1963,Current Dollars,Level,6,"34,268",T30100
T30100,A084RC,22,Current transfer payments,1964,Current Dollars,Level,6,"35,063",T30100
T30100,A084RC,22,Current transfer payments,1965,Current Dollars,Level,6,"37,955",T30100
T30100,A084RC,22,Current transfer payments,1966,Current Dollars,Level,6,"41,954",T30100
T30100,A084RC,22,Current transfer payments,1967,Current Dollars,Level,6,"50,306",T30100
T30100,A084RC,22,Current transfer payments,1968,Current Dollars,Level,6,"58,409",T30100
T30100,A084RC,22,Current transfer payments,1969,Current Dollars,Level,6,"64,104",T30100
T30100,A084RC,22,Current transfer payments,1970,Current Dollars,Level,6,"77,276",T30100
T30100,A084RC,22,Current transfer payments,1971,Current Dollars,Level,6,"92,235",T30100
T30100,A084RC,22,Current transfer payments,1972,Current Dollars,Level,6,"102,950",T30100
T30100,A084RC,22,Current transfer payments,1973,Current Dollars,Level,6,"115,177",T30100
T30100,A084RC,22,Current transfer payments,1974,Current Dollars,Level,6,"135,873",T30100
T30100,A084RC,22,Current transfer payments,1975,Current Dollars,Level,6,"171,256",T30100
T30100,A084RC,22,Current transfer payments,1976,Current Dollars,Level,6,"184,667",T30100
T30100,A084RC,22,Current transfer payments,1977,Current Dollars,Level,6,"196,308",T30100
T30100,A084RC,22,Current transfer payments,1978,Current Dollars,Level,6,"211,161",T30100
T30100,A084RC,22,Current transfer payments,1979,Current Dollars,Level,6,"236,229",T30100
T30100,A084RC,22,Current transfer payments,1980,Current Dollars,Level,6,"282,371",T30100
T30100,A084RC,22,Current transfer payments,1981,Current Dollars,Level,6,"318,759",T30100
T30100,A084RC,22,Current transfer payments,1982,Current Dollars,Level,6,"355,323",T30100
T30100,A084RC,22,Current transfer payments,1983,Current Dollars,Level,6,"383,055",T30100
T30100,A084RC,22,Current transfer payments,1984,Current Dollars,Level,6,"395,798",T30100
T30100,A084RC,22,Current transfer payments,1985,Current Dollars,Level,6,"420,907",T30100
T30100,A084RC,22,Current transfer payments,1986,Current Dollars,Level,6,"447,203",T30100
T30100,A084RC,22,Current transfer payments,1987,Current Dollars,Level,6,"464,908",T30100
T30100,A084RC,22,Current transfer payments,1988,Current Dollars,Level,6,"494,638",T30100
T30100,A084RC,22,Current transfer payments,1989,Current Dollars,Level,6,"539,749",T30100
T30100,A084RC,22,Current transfer payments,1990,Current Dollars,Level,6,"594,367",T30100
T30100,A084RC,22,Current transfer payments,1991,Current Dollars,Level,6,"631,154",T30100
T30100,A084RC,22,Current transfer payments,1992,Current Dollars,Level,6,"758,526",T30100
T30100,A084RC,22,Current transfer payments,1993,Current Dollars,Level,6,"806,826",T30100
T30100,A084RC,22,Current transfer payments,1994,Current Dollars,Level,6,"842,481",T30100
T30100,A084RC,22,Current transfer payments,1995,Current Dollars,Level,6,"886,899",T30100
T30100,A084RC,22,Current transfer payments,1996,Current Dollars,Level,6,"934,277",T30100
T30100,A084RC,22,Current transfer payments,1997,Current Dollars,Level,6,"960,224",T30100
T30100,A084RC,22,Current transfer payments,1998,Current Dollars,Level,6,"984,090",T30100
T30100,A084RC,22,Current transfer payments,1999,Current Dollars,Level,6,"1,017,193",T30100
T30100,A084RC,22,Current transfer payments,2000,Current Dollars,Level,6,"1,071,705",T30100
T30100,A084RC,22,Current transfer payments,2001,Current Dollars,Level,6,"1,172,490",T30100
T30100,A084RC,22,Current transfer payments,2002,Current Dollars,Level,6,"1,280,328",T30100
T30100,A084RC,22,Current transfer payments,2003,Current Dollars,Level,6,"1,353,015",T30100
T30100,A084RC,22,Current transfer payments,2004,Current Dollars,Level,6,"1,438,478",T30100
T30100,A084RC,22,Current transfer payments,2005,Current Dollars,Level,6,"1,530,810",T30100
T30100,A084RC,22,Current transfer payments,2006,Current Dollars,Level,6,"1,634,773",T30100
T30100,A084RC,22,Current transfer payments,2007,Current Dollars,Level,6,"1,746,483",T30100
T30100,A084RC,22,Current transfer payments,2008,Current Dollars,Level,6,"1,973,671",T30100
T30100,A084RC,22,Current transfer payments,2009,Current Dollars,Level,6,"2,170,663",T30100
T30100,A084RC,22,Current transfer payments,2010,Current Dollars,Level,6,"2,344,669",T30100
T30100,A084RC,22,Current transfer payments,2011,Current Dollars,Level,6,"2,376,947",T30100
T30100,A084RC,22,Current transfer payments,2012,Current Dollars,Level,6,"2,389,885",T30100
T30100,A084RC,22,Current transfer payments,2013,Current Dollars,Level,6,"2,452,506",T30100
T30100,A084RC,22,Current transfer payments,2014,Current Dollars,Level,6,"2,563,968",T30100
T30100,A084RC,22,Current transfer payments,2015,Current Dollars,Level,6,"2,700,326",T30100
T30100,A084RC,22,Current transfer payments,2016,Current Dollars,Level,6,"2,786,463",T30100
T30100,A084RC,22,Current transfer payments,2017,Current Dollars,Level,6,"2,875,269",T30100
T30100,A084RC,22,Current transfer payments,2018,Current Dollars,Level,6,"3,000,241",T30100
T30100,A084RC,22,Current transfer payments,2019,Current Dollars,Level,6,"3,165,158",T30100
T30100,A084RC,22,Current transfer payments,2020,Current Dollars,Level,6,"4,274,662",T30100
T30100,A084RC,22,Current transfer payments,2021,Current Dollars,Level,6,"4,661,483",T30100
T30100,A084RC,22,Current transfer payments,2022,Current Dollars,Level,6,"4,134,589",T30100
T30100,A084RC,22,Current transfer payments,2023,Current Dollars,Level,6,"4,272,248",T30100
T30100,A084RC,22,Current transfer payments,2024,Current Dollars,Level,6,"4,577,754",T30100
T30100,A084RC,22,Current transfer payments,2025,Current Dollars,Level,6,"4,943,016",T30100
T30100,W063RC,23,Government social benefits,1929,Current Dollars,Level,6,791,T30100
T30100,W063RC,23,Government social benefits,1930,Current Dollars,Level,6,869,T30100
T30100,W063RC,23,Government social benefits,1931,Current Dollars,Level,6,"1,921",T30100
T30100,W063RC,23,Government social benefits,1932,Current Dollars,Level,6,"1,274",T30100
T30100,W063RC,23,Government social benefits,1933,Current Dollars,Level,6,"1,274",T30100
T30100,W063RC,23,Government social benefits,1934,Current Dollars,Level,6,"1,347",T30100
T30100,W063RC,23,Government social benefits,1935,Current Dollars,Level,6,"1,584",T30100
T30100,W063RC,23,Government social benefits,1936,Current Dollars,Level,6,"2,687",T30100
T30100,W063RC,23,Government social benefits,1937,Current Dollars,Level,6,"1,600",T30100
T30100,W063RC,23,Government social benefits,1938,Current Dollars,Level,6,"2,142",T30100
T30100,W063RC,23,Government social benefits,1939,Current Dollars,Level,6,"2,237",T30100
T30100,W063RC,23,Government social benefits,1940,Current Dollars,Level,6,"2,394",T30100
T30100,W063RC,23,Government social benefits,1941,Current Dollars,Level,6,"2,306",T30100
T30100,W063RC,23,Government social benefits,1942,Current Dollars,Level,6,"2,322",T30100
T30100,W063RC,23,Government social benefits,1943,Current Dollars,Level,6,"2,102",T30100
T30100,W063RC,23,Government social benefits,1944,Current Dollars,Level,6,"2,674",T30100
T30100,W063RC,23,Government social benefits,1945,Current Dollars,Level,6,"5,142",T30100
T30100,W063RC,23,Government social benefits,1946,Current Dollars,Level,6,"10,120",T30100
T30100,W063RC,23,Government social benefits,1947,Current Dollars,Level,6,"10,428",T30100
T30100,W063RC,23,Government social benefits,1948,Current Dollars,Level,6,"9,881",T30100
T30100,W063RC,23,Government social benefits,1949,Current Dollars,Level,6,"10,857",T30100
T30100,W063RC,23,Government social benefits,1950,Current Dollars,Level,6,"13,417",T30100
T30100,W063RC,23,Government social benefits,1951,Current Dollars,Level,6,"10,538",T30100
T30100,W063RC,23,Government social benefits,1952,Current Dollars,Level,6,"10,994",T30100
T30100,W063RC,23,Government social benefits,1953,Current Dollars,Level,6,"11,674",T30100
T30100,W063RC,23,Government social benefits,1954,Current Dollars,Level,6,"13,747",T30100
T30100,W063RC,23,Government social benefits,1955,Current Dollars,Level,6,"14,754",T30100
T30100,W063RC,23,Government social benefits,1956,Current Dollars,Level,6,"15,592",T30100
T30100,W063RC,23,Government social benefits,1957,Current Dollars,Level,6,"18,132",T30100
T30100,W063RC,23,Government social benefits,1958,Current Dollars,Level,6,"22,226",T30100
T30100,W063RC,23,Government social benefits,1959,Current Dollars,Level,6,"22,917",T30100
T30100,W063RC,23,Government social benefits,1960,Current Dollars,Level,6,"24,674",T30100
T30100,W063RC,23,Government social benefits,1961,Current Dollars,Level,6,"28,365",T30100
T30100,W063RC,23,Government social benefits,1962,Current Dollars,Level,6,"29,142",T30100
T30100,W063RC,23,Government social benefits,1963,Current Dollars,Level,6,"30,665",T30100
T30100,W063RC,23,Government social benefits,1964,Current Dollars,Level,6,"31,663",T30100
T30100,W063RC,23,Government social benefits,1965,Current Dollars,Level,6,"34,366",T30100
T30100,W063RC,23,Government social benefits,1966,Current Dollars,Level,6,"37,968",T30100
T30100,W063RC,23,Government social benefits,1967,Current Dollars,Level,6,"46,307",T30100
T30100,W063RC,23,Government social benefits,1968,Current Dollars,Level,6,"53,863",T30100
T30100,W063RC,23,Government social benefits,1969,Current Dollars,Level,6,"59,558",T30100
T30100,W063RC,23,Government social benefits,1970,Current Dollars,Level,6,"72,458",T30100
T30100,W063RC,23,Government social benefits,1971,Current Dollars,Level,6,"86,223",T30100
T30100,W063RC,23,Government social benefits,1972,Current Dollars,Level,6,"95,773",T30100
T30100,W063RC,23,Government social benefits,1973,Current Dollars,Level,6,"109,786",T30100
T30100,W063RC,23,Government social benefits,1974,Current Dollars,Level,6,"129,878",T30100
T30100,W063RC,23,Government social benefits,1975,Current Dollars,Level,6,"165,121",T30100
T30100,W063RC,23,Government social benefits,1976,Current Dollars,Level,6,"180,133",T30100
T30100,W063RC,23,Government social benefits,1977,Current Dollars,Level,6,"192,061",T30100
T30100,W063RC,23,Government social benefits,1978,Current Dollars,Level,6,"206,169",T30100
T30100,W063RC,23,Government social benefits,1979,Current Dollars,Level,6,"230,383",T30100
T30100,W063RC,23,Government social benefits,1980,Current Dollars,Level,6,"275,041",T30100
T30100,W063RC,23,Government social benefits,1981,Current Dollars,Level,6,"312,097",T30100
T30100,W063RC,23,Government social benefits,1982,Current Dollars,Level,6,"347,182",T30100
T30100,W063RC,23,Government social benefits,1983,Current Dollars,Level,6,"374,124",T30100
T30100,W063RC,23,Government social benefits,1984,Current Dollars,Level,6,"384,582",T30100
T30100,W063RC,23,Government social benefits,1985,Current Dollars,Level,6,"407,140",T30100
T30100,W063RC,23,Government social benefits,1986,Current Dollars,Level,6,"433,005",T30100
T30100,W063RC,23,Government social benefits,1987,Current Dollars,Level,6,"452,193",T30100
T30100,W063RC,23,Government social benefits,1988,Current Dollars,Level,6,"481,444",T30100
T30100,W063RC,23,Government social benefits,1989,Current Dollars,Level,6,"526,202",T30100
T30100,W063RC,23,Government social benefits,1990,Current Dollars,Level,6,"580,838",T30100
T30100,W063RC,23,Government social benefits,1991,Current Dollars,Level,6,"656,779",T30100
T30100,W063RC,23,Government social benefits,1992,Current Dollars,Level,6,"737,975",T30100
T30100,W063RC,23,Government social benefits,1993,Current Dollars,Level,6,"785,134",T30100
T30100,W063RC,23,Government social benefits,1994,Current Dollars,Level,6,"822,534",T30100
T30100,W063RC,23,Government social benefits,1995,Current Dollars,Level,6,"871,520",T30100
T30100,W063RC,23,Government social benefits,1996,Current Dollars,Level,6,"913,899",T30100
T30100,W063RC,23,Government social benefits,1997,Current Dollars,Level,6,"943,268",T30100
T30100,W063RC,23,Government social benefits,1998,Current Dollars,Level,6,"966,123",T30100
T30100,W063RC,23,Government social benefits,1999,Current Dollars,Level,6,"1,000,934",T30100
T30100,W063RC,23,Government social benefits,2000,Current Dollars,Level,6,"1,053,772",T30100
T30100,W063RC,23,Government social benefits,2001,Current Dollars,Level,6,"1,155,628",T30100
T30100,W063RC,23,Government social benefits,2002,Current Dollars,Level,6,"1,260,931",T30100
T30100,W063RC,23,Government social benefits,2003,Current Dollars,Level,6,"1,331,353",T30100
T30100,W063RC,23,Government social benefits,2004,Current Dollars,Level,6,"1,415,501",T30100
T30100,W063RC,23,Government social benefits,2005,Current Dollars,Level,6,"1,502,498",T30100
T30100,W063RC,23,Government social benefits,2006,Current Dollars,Level,6,"1,605,434",T30100
T30100,W063RC,23,Government social benefits,2007,Current Dollars,Level,6,"1,710,625",T30100
T30100,W063RC,23,Government social benefits,2008,Current Dollars,Level,6,"1,934,796",T30100
T30100,W063RC,23,Government social benefits,2009,Current Dollars,Level,6,"2,123,723",T30100
T30100,W063RC,23,Government social benefits,2010,Current Dollars,Level,6,"2,297,900",T30100
T30100,W063RC,23,Government social benefits,2011,Current Dollars,Level,6,"2,327,187",T30100
T30100,W063RC,23,Government social benefits,2012,Current Dollars,Level,6,"2,340,537",T30100
T30100,W063RC,23,Government social benefits,2013,Current Dollars,Level,6,"2,404,773",T30100
T30100,W063RC,23,Government social benefits,2014,Current Dollars,Level,6,"2,518,136",T30100
T30100,W063RC,23,Government social benefits,2015,Current Dollars,Level,6,"2,655,548",T30100
T30100,W063RC,23,Government social benefits,2016,Current Dollars,Level,6,"2,738,215",T30100
T30100,W063RC,23,Government social benefits,2017,Current Dollars,Level,6,"2,829,233",T30100
T30100,W063RC,23,Government social benefits,2018,Current Dollars,Level,6,"2,948,745",T30100
T30100,W063RC,23,Government social benefits,2019,Current Dollars,Level,6,"3,114,747",T30100
T30100,W063RC,23,Government social benefits,2020,Current Dollars,Level,6,"4,221,493",T30100
T30100,W063RC,23,Government social benefits,2021,Current Dollars,Level,6,"4,599,144",T30100
T30100,W063RC,23,Government social benefits,2022,Current Dollars,Level,6,"4,041,797",T30100
T30100,W063RC,23,Government social benefits,2023,Current Dollars,Level,6,"4,182,525",T30100
T30100,W063RC,23,Government social benefits,2024,Current Dollars,Level,6,"4,490,018",T30100
T30100,W063RC,23,Government social benefits,2025,Current Dollars,Level,6,"4,889,518",T30100
T30100,A063RC,24,To persons,1929,Current Dollars,Level,6,791,T30100
T30100,A063RC,24,To persons,1930,Current Dollars,Level,6,869,T30100
T30100,A063RC,24,To persons,1931,Current Dollars,Level,6,"1,921",T30100
T30100,A063RC,24,To persons,1932,Current Dollars,Level,6,"1,274",T30100
T30100,A063RC,24,To persons,1933,Current Dollars,Level,6,"1,274",T30100
T30100,A063RC,24,To persons,1934,Current Dollars,Level,6,"1,347",T30100
T30100,A063RC,24,To persons,1935,Current Dollars,Level,6,"1,584",T30100
T30100,A063RC,24,To persons,1936,Current Dollars,Level,6,"2,687",T30100
T30100,A063RC,24,To persons,1937,Current Dollars,Level,6,"1,600",T30100
T30100,A063RC,24,To persons,1938,Current Dollars,Level,6,"2,142",T30100
T30100,A063RC,24,To persons,1939,Current Dollars,Level,6,"2,237",T30100
T30100,A063RC,24,To persons,1940,Current Dollars,Level,6,"2,394",T30100
T30100,A063RC,24,To persons,1941,Current Dollars,Level,6,"2,306",T30100
T30100,A063RC,24,To persons,1942,Current Dollars,Level,6,"2,322",T30100
T30100,A063RC,24,To persons,1943,Current Dollars,Level,6,"2,102",T30100
T30100,A063RC,24,To persons,1944,Current Dollars,Level,6,"2,674",T30100
T30100,A063RC,24,To persons,1945,Current Dollars,Level,6,"5,142",T30100
T30100,A063RC,24,To persons,1946,Current Dollars,Level,6,"10,120",T30100
T30100,A063RC,24,To persons,1947,Current Dollars,Level,6,"10,428",T30100
T30100,A063RC,24,To persons,1948,Current Dollars,Level,6,"9,881",T30100
T30100,A063RC,24,To persons,1949,Current Dollars,Level,6,"10,857",T30100
T30100,A063RC,24,To persons,1950,Current Dollars,Level,6,"13,417",T30100
T30100,A063RC,24,To persons,1951,Current Dollars,Level,6,"10,538",T30100
T30100,A063RC,24,To persons,1952,Current Dollars,Level,6,"10,994",T30100
T30100,A063RC,24,To persons,1953,Current Dollars,Level,6,"11,674",T30100
T30100,A063RC,24,To persons,1954,Current Dollars,Level,6,"13,747",T30100
T30100,A063RC,24,To persons,1955,Current Dollars,Level,6,"14,754",T30100
T30100,A063RC,24,To persons,1956,Current Dollars,Level,6,"15,592",T30100
T30100,A063RC,24,To persons,1957,Current Dollars,Level,6,"18,132",T30100
T30100,A063RC,24,To persons,1958,Current Dollars,Level,6,"22,226",T30100
T30100,A063RC,24,To persons,1959,Current Dollars,Level,6,"22,917",T30100
T30100,A063RC,24,To persons,1960,Current Dollars,Level,6,"24,428",T30100
T30100,A063RC,24,To persons,1961,Current Dollars,Level,6,"28,089",T30100
T30100,A063RC,24,To persons,1962,Current Dollars,Level,6,"28,843",T30100
T30100,A063RC,24,To persons,1963,Current Dollars,Level,6,"30,341",T30100
T30100,A063RC,24,To persons,1964,Current Dollars,Level,6,"31,317",T30100
T30100,A063RC,24,To persons,1965,Current Dollars,Level,6,"33,913",T30100
T30100,A063RC,24,To persons,1966,Current Dollars,Level,6,"37,504",T30100
T30100,A063RC,24,To persons,1967,Current Dollars,Level,6,"45,752",T30100
T30100,A063RC,24,To persons,1968,Current Dollars,Level,6,"53,306",T30100
T30100,A063RC,24,To persons,1969,Current Dollars,Level,6,"58,973",T30100
T30100,A063RC,24,To persons,1970,Current Dollars,Level,6,"71,737",T30100
T30100,A063RC,24,To persons,1971,Current Dollars,Level,6,"85,412",T30100
T30100,A063RC,24,To persons,1972,Current Dollars,Level,6,"94,808",T30100
T30100,A063RC,24,To persons,1973,Current Dollars,Level,6,"108,628",T30100
T30100,A063RC,24,To persons,1974,Current Dollars,Level,6,"128,556",T30100
T30100,A063RC,24,To persons,1975,Current Dollars,Level,6,"163,134",T30100
T30100,A063RC,24,To persons,1976,Current Dollars,Level,6,"177,643",T30100
T30100,A063RC,24,To persons,1977,Current Dollars,Level,6,"189,482",T30100
T30100,A063RC,24,To persons,1978,Current Dollars,Level,6,"203,427",T30100
T30100,A063RC,24,To persons,1979,Current Dollars,Level,6,"227,334",T30100
T30100,A063RC,24,To persons,1980,Current Dollars,Level,6,"271,498",T30100
T30100,A063RC,24,To persons,1981,Current Dollars,Level,6,"307,809",T30100
T30100,A063RC,24,To persons,1982,Current Dollars,Level,6,"343,079",T30100
T30100,A063RC,24,To persons,1983,Current Dollars,Level,6,"370,499",T30100
T30100,A063RC,24,To persons,1984,Current Dollars,Level,6,"380,909",T30100
T30100,A063RC,24,To persons,1985,Current Dollars,Level,6,"403,112",T30100
T30100,A063RC,24,To persons,1986,Current Dollars,Level,6,"428,607",T30100
T30100,A063RC,24,To persons,1987,Current Dollars,Level,6,"447,913",T30100
T30100,A063RC,24,To persons,1988,Current Dollars,Level,6,"476,864",T30100
T30100,A063RC,24,To persons,1989,Current Dollars,Level,6,"521,070",T30100
T30100,A063RC,24,To persons,1990,Current Dollars,Level,6,"574,674",T30100
T30100,A063RC,24,To persons,1991,Current Dollars,Level,6,"650,507",T30100
T30100,A063RC,24,To persons,1992,Current Dollars,Level,6,"731,750",T30100
T30100,A063RC,24,To persons,1993,Current Dollars,Level,6,"778,935",T30100
T30100,A063RC,24,To persons,1994,Current Dollars,Level,6,"815,708",T30100
T30100,A063RC,24,To persons,1995,Current Dollars,Level,6,"864,727",T30100
T30100,A063RC,24,To persons,1996,Current Dollars,Level,6,"906,325",T30100
T30100,A063RC,24,To persons,1997,Current Dollars,Level,6,"935,418",T30100
T30100,A063RC,24,To persons,1998,Current Dollars,Level,6,"957,915",T30100
T30100,A063RC,24,To persons,1999,Current Dollars,Level,6,"992,202",T30100
T30100,A063RC,24,To persons,2000,Current Dollars,Level,6,"1,044,876",T30100
T30100,A063RC,24,To persons,2001,Current Dollars,Level,6,"1,145,830",T30100
T30100,A063RC,24,To persons,2002,Current Dollars,Level,6,"1,251,022",T30100
T30100,A063RC,24,To persons,2003,Current Dollars,Level,6,"1,320,994",T30100
T30100,A063RC,24,To persons,2004,Current Dollars,Level,6,"1,404,471",T30100
T30100,A063RC,24,To persons,2005,Current Dollars,Level,6,"1,490,917",T30100
T30100,A063RC,24,To persons,2006,Current Dollars,Level,6,"1,593,029",T30100
T30100,A063RC,24,To persons,2007,Current Dollars,Level,6,"1,697,335",T30100
T30100,A063RC,24,To persons,2008,Current Dollars,Level,6,"1,919,349",T30100
T30100,A063RC,24,To persons,2009,Current Dollars,Level,6,"2,107,728",T30100
T30100,A063RC,24,To persons,2010,Current Dollars,Level,6,"2,281,411",T30100
T30100,A063RC,24,To persons,2011,Current Dollars,Level,6,"2,310,139",T30100
T30100,A063RC,24,To persons,2012,Current Dollars,Level,6,"2,322,586",T30100
T30100,A063RC,24,To persons,2013,Current Dollars,Level,6,"2,385,910",T30100
T30100,A063RC,24,To persons,2014,Current Dollars,Level,6,"2,498,625",T30100
T30100,A063RC,24,To persons,2015,Current Dollars,Level,6,"2,635,146",T30100
T30100,A063RC,24,To persons,2016,Current Dollars,Level,6,"2,717,282",T30100
T30100,A063RC,24,To persons,2017,Current Dollars,Level,6,"2,807,432",T30100
T30100,A063RC,24,To persons,2018,Current Dollars,Level,6,"2,925,973",T30100
T30100,A063RC,24,To persons,2019,Current Dollars,Level,6,"3,090,760",T30100
T30100,A063RC,24,To persons,2020,Current Dollars,Level,6,"4,187,512",T30100
T30100,A063RC,24,To persons,2021,Current Dollars,Level,6,"4,566,711",T30100
T30100,A063RC,24,To persons,2022,Current Dollars,Level,6,"4,012,998",T30100
T30100,A063RC,24,To persons,2023,Current Dollars,Level,6,"4,150,561",T30100
T30100,A063RC,24,To persons,2024,Current Dollars,Level,6,"4,455,695",T30100
T30100,A063RC,24,To persons,2025,Current Dollars,Level,6,"4,851,215",T30100
T30100,W016RC,25,To the rest of the world,1960,Current Dollars,Level,6,246,"T30100,T30100.5"
T30100,W016RC,25,To the rest of the world,1961,Current Dollars,Level,6,276,"T30100,T30100.5"
T30100,W016RC,25,To the rest of the world,1962,Current Dollars,Level,6,299,"T30100,T30100.5"
T30100,W016RC,25,To the rest of the world,1963,Current Dollars,Level,6,324,"T30100,T30100.5"
T30100,W016RC,25,To the rest of the world,1964,Current Dollars,Level,6,346,"T30100,T30100.5"
T30100,W016RC,25,To the rest of the world,1965,Current Dollars,Level,6,453,"T30100,T30100.5"
T30100,W016RC,25,To the rest of the world,1966,Current Dollars,Level,6,464,"T30100,T30100.5"
T30100,W016RC,25,To the rest of the world,1967,Current Dollars,Level,6,555,"T30100,T30100.5"
T30100,W016RC,25,To the rest of the world,1968,Current Dollars,Level,6,557,"T30100,T30100.5"
T30100,W016RC,25,To the rest of the world,1969,Current Dollars,Level,6,585,"T30100,T30100.5"
T30100,W016RC,25,To the rest of the world,1970,Current Dollars,Level,6,721,"T30100,T30100.5"
T30100,W016RC,25,To the rest of the world,1971,Current Dollars,Level,6,811,"T30100,T30100.5"
T30100,W016RC,25,To the rest of the world,1972,Current Dollars,Level,6,965,"T30100,T30100.5"
T30100,W016RC,25,To the rest of the world,1973,Current Dollars,Level,6,"1,158","T30100,T30100.5"
T30100,W016RC,25,To the rest of the world,1974,Current Dollars,Level,6,"1,322","T30100,T30100.5"
T30100,W016RC,25,To the rest of the world,1975,Current Dollars,Level,6,"1,987","T30100,T30100.5"
T30100,W016RC,25,To the rest of the world,1976,Current Dollars,Level,6,"2,490","T30100,T30100.5"
T30100,W016RC,25,To the rest of the world,1977,Current Dollars,Level,6,"2,579","T30100,T30100.5"
T30100,W016RC,25,To the rest of the world,1978,Current Dollars,Level,6,"2,742","T30100,T30100.5"
T30100,W016RC,25,To the rest of the world,1979,Current Dollars,Level,6,"3,049","T30100,T30100.5"
T30100,W016RC,25,To the rest of the world,1980,Current Dollars,Level,6,"3,543","T30100,T30100.5"
T30100,W016RC,25,To the rest of the world,1981,Current Dollars,Level,6,"4,288","T30100,T30100.5"
T30100,W016RC,25,To the rest of the world,1982,Current Dollars,Level,6,"4,103","T30100,T30100.5"
T30100,W016RC,25,To the rest of the world,1983,Current Dollars,Level,6,"3,625","T30100,T30100.5"
T30100,W016RC,25,To the rest of the world,1984,Current Dollars,Level,6,"3,673","T30100,T30100.5"
T30100,W016RC,25,To the rest of the world,1985,Current Dollars,Level,6,"4,028","T30100,T30100.5"
T30100,W016RC,25,To the rest of the world,1986,Current Dollars,Level,6,"4,398","T30100,T30100.5"
T30100,W016RC,25,To the rest of the world,1987,Current Dollars,Level,6,"4,280","T30100,T30100.5"
T30100,W016RC,25,To the rest of the world,1988,Current Dollars,Level,6,"4,580","T30100,T30100.5"
T30100,W016RC,25,To the rest of the world,1989,Current Dollars,Level,6,"5,132","T30100,T30100.5"
T30100,W016RC,25,To the rest of the world,1990,Current Dollars,Level,6,"6,164","T30100,T30100.5"
T30100,W016RC,25,To the rest of the world,1991,Current Dollars,Level,6,"6,272","T30100,T30100.5"
T30100,W016RC,25,To the rest of the world,1992,Current Dollars,Level,6,"6,225","T30100,T30100.5"
T30100,W016RC,25,To the rest of the world,1993,Current Dollars,Level,6,"6,199","T30100,T30100.5"
T30100,W016RC,25,To the rest of the world,1994,Current Dollars,Level,6,"6,826","T30100,T30100.5"
T30100,W016RC,25,To the rest of the world,1995,Current Dollars,Level,6,"6,793","T30100,T30100.5"
T30100,W016RC,25,To the rest of the world,1996,Current Dollars,Level,6,"7,574","T30100,T30100.5"
T30100,W016RC,25,To the rest of the world,1997,Current Dollars,Level,6,"7,850","T30100,T30100.5"
T30100,W016RC,25,To the rest of the world,1998,Current Dollars,Level,6,"8,208","T30100,T30100.5"
T30100,W016RC,25,To the rest of the world,1999,Current Dollars,Level,6,"8,732","T30100,T30100.5"
T30100,W016RC,25,To the rest of the world,2000,Current Dollars,Level,6,"8,896","T30100,T30100.5"
T30100,W016RC,25,To the rest of the world,2001,Current Dollars,Level,6,"9,798","T30100,T30100.5"
T30100,W016RC,25,To the rest of the world,2002,Current Dollars,Level,6,"9,909","T30100,T30100.5"
T30100,W016RC,25,To the rest of the world,2003,Current Dollars,Level,6,"10,359","T30100,T30100.5"
T30100,W016RC,25,To the rest of the world,2004,Current Dollars,Level,6,"11,030","T30100,T30100.5"
T30100,W016RC,25,To the rest of the world,2005,Current Dollars,Level,6,"11,582","T30100,T30100.5"
T30100,W016RC,25,To the rest of the world,2006,Current Dollars,Level,6,"12,405","T30100,T30100.5"
T30100,W016RC,25,To the rest of the world,2007,Current Dollars,Level,6,"13,289","T30100,T30100.5"
T30100,W016RC,25,To the rest of the world,2008,Current Dollars,Level,6,"15,447","T30100,T30100.5"
T30100,W016RC,25,To the rest of the world,2009,Current Dollars,Level,6,"15,995","T30100,T30100.5"
T30100,W016RC,25,To the rest of the world,2010,Current Dollars,Level,6,"16,489","T30100,T30100.5"
T30100,W016RC,25,To the rest of the world,2011,Current Dollars,Level,6,"17,048","T30100,T30100.5"
T30100,W016RC,25,To the rest of the world,2012,Current Dollars,Level,6,"17,951","T30100,T30100.5"
T30100,W016RC,25,To the rest of the world,2013,Current Dollars,Level,6,"18,863","T30100,T30100.5"
T30100,W016RC,25,To the rest of the world,2014,Current Dollars,Level,6,"19,512","T30100,T30100.5"
T30100,W016RC,25,To the rest of the world,2015,Current Dollars,Level,6,"20,402","T30100,T30100.5"
T30100,W016RC,25,To the rest of the world,2016,Current Dollars,Level,6,"20,933","T30100,T30100.5"
T30100,W016RC,25,To the rest of the world,2017,Current Dollars,Level,6,"21,802","T30100,T30100.5"
T30100,W016RC,25,To the rest of the world,2018,Current Dollars,Level,6,"22,772","T30100,T30100.5"
T30100,W016RC,25,To the rest of the world,2019,Current Dollars,Level,6,"23,986","T30100,T30100.5"
T30100,W016RC,25,To the rest of the world,2020,Current Dollars,Level,6,"33,981","T30100,T30100.5"
T30100,W016RC,25,To the rest of the world,2021,Current Dollars,Level,6,"32,433","T30100,T30100.5"
T30100,W016RC,25,To the rest of the world,2022,Current Dollars,Level,6,"28,798","T30100,T30100.5"
T30100,W016RC,25,To the rest of the world,2023,Current Dollars,Level,6,"31,964","T30100,T30100.5"
T30100,W016RC,25,To the rest of the world,2024,Current Dollars,Level,6,"34,323","T30100,T30100.5"
T30100,W016RC,25,To the rest of the world,2025,Current Dollars,Level,6,"38,303","T30100,T30100.5"
T30100,W017RC,26,Other current transfer payments to the rest of the world,1929,Current Dollars,Level,6,34,"T30100,T30100.3,5"
T30100,W017RC,26,Other current transfer payments to the rest of the world,1930,Current Dollars,Level,6,36,"T30100,T30100.3,5"
T30100,W017RC,26,Other current transfer payments to the rest of the world,1931,Current Dollars,Level,6,40,"T30100,T30100.3,5"
T30100,W017RC,26,Other current transfer payments to the rest of the world,1932,Current Dollars,Level,6,21,"T30100,T30100.3,5"
T30100,W017RC,26,Other current transfer payments to the rest of the world,1933,Current Dollars,Level,6,17,"T30100,T30100.3,5"
T30100,W017RC,26,Other current transfer payments to the rest of the world,1934,Current Dollars,Level,6,9,"T30100,T30100.3,5"
T30100,W017RC,26,Other current transfer payments to the rest of the world,1935,Current Dollars,Level,6,19,"T30100,T30100.3,5"
T30100,W017RC,26,Other current transfer payments to the rest of the world,1936,Current Dollars,Level,6,31,"T30100,T30100.3,5"
T30100,W017RC,26,Other current transfer payments to the rest of the world,1937,Current Dollars,Level,6,58,"T30100,T30100.3,5"
T30100,W017RC,26,Other current transfer payments to the rest of the world,1938,Current Dollars,Level,6,27,"T30100,T30100.3,5"
T30100,W017RC,26,Other current transfer payments to the rest of the world,1939,Current Dollars,Level,6,25,"T30100,T30100.3,5"
T30100,W017RC,26,Other current transfer payments to the rest of the world,1940,Current Dollars,Level,6,30,"T30100,T30100.3,5"
T30100,W017RC,26,Other current transfer payments to the rest of the world,1941,Current Dollars,Level,6,-16,"T30100,T30100.3,5"
T30100,W017RC,26,Other current transfer payments to the rest of the world,1942,Current Dollars,Level,6,89,"T30100,T30100.3,5"
T30100,W017RC,26,Other current transfer payments to the rest of the world,1943,Current Dollars,Level,6,-55,"T30100,T30100.3,5"
T30100,W017RC,26,Other current transfer payments to the rest of the world,1944,Current Dollars,Level,6,-90,"T30100,T30100.3,5"
T30100,W017RC,26,Other current transfer payments to the rest of the world,1945,Current Dollars,Level,6,349,"T30100,T30100.3,5"
T30100,W017RC,26,Other current transfer payments to the rest of the world,1946,Current Dollars,Level,6,"2,256","T30100,T30100.3,5"
T30100,W017RC,26,Other current transfer payments to the rest of the world,1947,Current Dollars,Level,6,"1,965","T30100,T30100.3,5"
T30100,W017RC,26,Other current transfer payments to the rest of the world,1948,Current Dollars,Level,6,"3,848","T30100,T30100.3,5"
T30100,W017RC,26,Other current transfer payments to the rest of the world,1949,Current Dollars,Level,6,"5,130","T30100,T30100.3,5"
T30100,W017RC,26,Other current transfer payments to the rest of the world,1950,Current Dollars,Level,6,"3,583","T30100,T30100.3,5"
T30100,W017RC,26,Other current transfer payments to the rest of the world,1951,Current Dollars,Level,6,"3,157","T30100,T30100.3,5"
T30100,W017RC,26,Other current transfer payments to the rest of the world,1952,Current Dollars,Level,6,"2,169","T30100,T30100.3,5"
T30100,W017RC,26,Other current transfer payments to the rest of the world,1953,Current Dollars,Level,6,"2,068","T30100,T30100.3,5"
T30100,W017RC,26,Other current transfer payments to the rest of the world,1954,Current Dollars,Level,6,"1,878","T30100,T30100.3,5"
T30100,W017RC,26,Other current transfer payments to the rest of the world,1955,Current Dollars,Level,6,"2,160","T30100,T30100.3,5"
T30100,W017RC,26,Other current transfer payments to the rest of the world,1956,Current Dollars,Level,6,"2,001","T30100,T30100.3,5"
T30100,W017RC,26,Other current transfer payments to the rest of the world,1957,Current Dollars,Level,6,"1,939","T30100,T30100.3,5"
T30100,W017RC,26,Other current transfer payments to the rest of the world,1958,Current Dollars,Level,6,"1,966","T30100,T30100.3,5"
T30100,W017RC,26,Other current transfer payments to the rest of the world,1959,Current Dollars,Level,6,"4,001","T30100,T30100.3,5"
T30100,W017RC,26,Other current transfer payments to the rest of the world,1960,Current Dollars,Level,6,"3,463","T30100,T30100.3,5"
T30100,W017RC,26,Other current transfer payments to the rest of the world,1961,Current Dollars,Level,6,"3,497","T30100,T30100.3,5"
T30100,W017RC,26,Other current transfer payments to the rest of the world,1962,Current Dollars,Level,6,"3,621","T30100,T30100.3,5"
T30100,W017RC,26,Other current transfer payments to the rest of the world,1963,Current Dollars,Level,6,"3,603","T30100,T30100.3,5"
T30100,W017RC,26,Other current transfer payments to the rest of the world,1964,Current Dollars,Level,6,"3,400","T30100,T30100.3,5"
T30100,W017RC,26,Other current transfer payments to the rest of the world,1965,Current Dollars,Level,6,"3,589","T30100,T30100.3,5"
T30100,W017RC,26,Other current transfer payments to the rest of the world,1966,Current Dollars,Level,6,"3,986","T30100,T30100.3,5"
T30100,W017RC,26,Other current transfer payments to the rest of the world,1967,Current Dollars,Level,6,"3,999","T30100,T30100.3,5"
T30100,W017RC,26,Other current transfer payments to the rest of the world,1968,Current Dollars,Level,6,"4,546","T30100,T30100.3,5"
T30100,W017RC,26,Other current transfer payments to the rest of the world,1969,Current Dollars,Level,6,"4,546","T30100,T30100.3,5"
T30100,W017RC,26,Other current transfer payments to the rest of the world,1970,Current Dollars,Level,6,"4,818","T30100,T30100.3,5"
T30100,W017RC,26,Other current transfer payments to the rest of the world,1971,Current Dollars,Level,6,"6,012","T30100,T30100.3,5"
T30100,W017RC,26,Other current transfer payments to the rest of the world,1972,Current Dollars,Level,6,"7,177","T30100,T30100.3,5"
T30100,W017RC,26,Other current transfer payments to the rest of the world,1973,Current Dollars,Level,6,"5,391","T30100,T30100.3,5"
T30100,W017RC,26,Other current transfer payments to the rest of the world,1974,Current Dollars,Level,6,"5,995","T30100,T30100.3,5"
T30100,W017RC,26,Other current transfer payments to the rest of the world,1975,Current Dollars,Level,6,"6,135","T30100,T30100.3,5"
T30100,W017RC,26,Other current transfer payments to the rest of the world,1976,Current Dollars,Level,6,"4,534","T30100,T30100.3,5"
T30100,W017RC,26,Other current transfer payments to the rest of the world,1977,Current Dollars,Level,6,"4,247","T30100,T30100.3,5"
T30100,W017RC,26,Other current transfer payments to the rest of the world,1978,Current Dollars,Level,6,"4,992","T30100,T30100.3,5"
T30100,W017RC,26,Other current transfer payments to the rest of the world,1979,Current Dollars,Level,6,"5,846","T30100,T30100.3,5"
T30100,W017RC,26,Other current transfer payments to the rest of the world,1980,Current Dollars,Level,6,"7,330","T30100,T30100.3,5"
T30100,W017RC,26,Other current transfer payments to the rest of the world,1981,Current Dollars,Level,6,"6,662","T30100,T30100.3,5"
T30100,W017RC,26,Other current transfer payments to the rest of the world,1982,Current Dollars,Level,6,"8,141","T30100,T30100.3,5"
T30100,W017RC,26,Other current transfer payments to the rest of the world,1983,Current Dollars,Level,6,"8,931","T30100,T30100.3,5"
T30100,W017RC,26,Other current transfer payments to the rest of the world,1984,Current Dollars,Level,6,"11,216","T30100,T30100.3,5"
T30100,W017RC,26,Other current transfer payments to the rest of the world,1985,Current Dollars,Level,6,"13,767","T30100,T30100.3,5"
T30100,W017RC,26,Other current transfer payments to the rest of the world,1986,Current Dollars,Level,6,"14,198","T30100,T30100.3,5"
T30100,W017RC,26,Other current transfer payments to the rest of the world,1987,Current Dollars,Level,6,"12,715","T30100,T30100.3,5"
T30100,W017RC,26,Other current transfer payments to the rest of the world,1988,Current Dollars,Level,6,"13,194","T30100,T30100.3,5"
T30100,W017RC,26,Other current transfer payments to the rest of the world,1989,Current Dollars,Level,6,"13,547","T30100,T30100.3,5"
T30100,W017RC,26,Other current transfer payments to the rest of the world,1990,Current Dollars,Level,6,"13,529","T30100,T30100.3,5"
T30100,W017RC,26,Other current transfer payments to the rest of the world,1991,Current Dollars,Level,6,"-25,625","T30100,T30100.3,5"
T30100,W017RC,26,Other current transfer payments to the rest of the world,1992,Current Dollars,Level,6,"20,551","T30100,T30100.3,5"
T30100,W017RC,26,Other current transfer payments to the rest of the world,1993,Current Dollars,Level,6,"21,692","T30100,T30100.3,5"
T30100,W017RC,26,Other current transfer payments to the rest of the world,1994,Current Dollars,Level,6,"19,947","T30100,T30100.3,5"
T30100,W017RC,26,Other current transfer payments to the rest of the world,1995,Current Dollars,Level,6,"15,379","T30100,T30100.3,5"
T30100,W017RC,26,Other current transfer payments to the rest of the world,1996,Current Dollars,Level,6,"20,378","T30100,T30100.3,5"
T30100,W017RC,26,Other current transfer payments to the rest of the world,1997,Current Dollars,Level,6,"16,956","T30100,T30100.3,5"
T30100,W017RC,26,Other current transfer payments to the rest of the world,1998,Current Dollars,Level,6,"17,967","T30100,T30100.3,5"
T30100,W017RC,26,Other current transfer payments to the rest of the world,1999,Current Dollars,Level,6,"16,259","T30100,T30100.3,5"
T30100,W017RC,26,Other current transfer payments to the rest of the world,2000,Current Dollars,Level,6,"17,933","T30100,T30100.3,5"
T30100,W017RC,26,Other current transfer payments to the rest of the world,2001,Current Dollars,Level,6,"16,862","T30100,T30100.3,5"
T30100,W017RC,26,Other current transfer payments to the rest of the world,2002,Current Dollars,Level,6,"19,396","T30100,T30100.3,5"
T30100,W017RC,26,Other current transfer payments to the rest of the world,2003,Current Dollars,Level,6,"21,661","T30100,T30100.3,5"
T30100,W017RC,26,Other current transfer payments to the rest of the world,2004,Current Dollars,Level,6,"22,977","T30100,T30100.3,5"
T30100,W017RC,26,Other current transfer payments to the rest of the world,2005,Current Dollars,Level,6,"28,311","T30100,T30100.3,5"
T30100,W017RC,26,Other current transfer payments to the rest of the world,2006,Current Dollars,Level,6,"29,339","T30100,T30100.3,5"
T30100,W017RC,26,Other current transfer payments to the rest of the world,2007,Current Dollars,Level,6,"35,859","T30100,T30100.3,5"
T30100,W017RC,26,Other current transfer payments to the rest of the world,2008,Current Dollars,Level,6,"38,875","T30100,T30100.3,5"
T30100,W017RC,26,Other current transfer payments to the rest of the world,2009,Current Dollars,Level,6,"46,940","T30100,T30100.3,5"
T30100,W017RC,26,Other current transfer payments to the rest of the world,2010,Current Dollars,Level,6,"46,769","T30100,T30100.3,5"
T30100,W017RC,26,Other current transfer payments to the rest of the world,2011,Current Dollars,Level,6,"49,759","T30100,T30100.3,5"
T30100,W017RC,26,Other current transfer payments to the rest of the world,2012,Current Dollars,Level,6,"49,348","T30100,T30100.3,5"
T30100,W017RC,26,Other current transfer payments to the rest of the world,2013,Current Dollars,Level,6,"47,733","T30100,T30100.3,5"
T30100,W017RC,26,Other current transfer payments to the rest of the world,2014,Current Dollars,Level,6,"45,832","T30100,T30100.3,5"
T30100,W017RC,26,Other current transfer payments to the rest of the world,2015,Current Dollars,Level,6,"44,778","T30100,T30100.3,5"
T30100,W017RC,26,Other current transfer payments to the rest of the world,2016,Current Dollars,Level,6,"48,248","T30100,T30100.3,5"
T30100,W017RC,26,Other current transfer payments to the rest of the world,2017,Current Dollars,Level,6,"46,036","T30100,T30100.3,5"
T30100,W017RC,26,Other current transfer payments to the rest of the world,2018,Current Dollars,Level,6,"51,495","T30100,T30100.3,5"
T30100,W017RC,26,Other current transfer payments to the rest of the world,2019,Current Dollars,Level,6,"50,411","T30100,T30100.3,5"
T30100,W017RC,26,Other current transfer payments to the rest of the world,2020,Current Dollars,Level,6,"53,169","T30100,T30100.3,5"
T30100,W017RC,26,Other current transfer payments to the rest of the world,2021,Current Dollars,Level,6,"62,339","T30100,T30100.3,5"
T30100,W017RC,26,Other current transfer payments to the rest of the world,2022,Current Dollars,Level,6,"92,792","T30100,T30100.3,5"
T30100,W017RC,26,Other current transfer payments to the rest of the world,2023,Current Dollars,Level,6,"89,722","T30100,T30100.3,5"
T30100,W017RC,26,Other current transfer payments to the rest of the world,2024,Current Dollars,Level,6,"87,735","T30100,T30100.3,5"
T30100,W017RC,26,Other current transfer payments to the rest of the world,2025,Current Dollars,Level,6,"53,498","T30100,T30100.3,5"
T30100,A180RC,27,Interest payments,1929,Current Dollars,Level,6,881,"T30100,T30100.2"
T30100,A180RC,27,Interest payments,1930,Current Dollars,Level,6,906,"T30100,T30100.2"
T30100,A180RC,27,Interest payments,1931,Current Dollars,Level,6,"1,123","T30100,T30100.2"
T30100,A180RC,27,Interest payments,1932,Current Dollars,Level,6,"1,229","T30100,T30100.2"
T30100,A180RC,27,Interest payments,1933,Current Dollars,Level,6,"1,322","T30100,T30100.2"
T30100,A180RC,27,Interest payments,1934,Current Dollars,Level,6,"1,362","T30100,T30100.2"
T30100,A180RC,27,Interest payments,1935,Current Dollars,Level,6,"1,290","T30100,T30100.2"
T30100,A180RC,27,Interest payments,1936,Current Dollars,Level,6,"1,256","T30100,T30100.2"
T30100,A180RC,27,Interest payments,1937,Current Dollars,Level,6,"1,478","T30100,T30100.2"
T30100,A180RC,27,Interest payments,1938,Current Dollars,Level,6,"1,452","T30100,T30100.2"
T30100,A180RC,27,Interest payments,1939,Current Dollars,Level,6,"1,475","T30100,T30100.2"
T30100,A180RC,27,Interest payments,1940,Current Dollars,Level,6,"1,737","T30100,T30100.2"
T30100,A180RC,27,Interest payments,1941,Current Dollars,Level,6,"1,819","T30100,T30100.2"
T30100,A180RC,27,Interest payments,1942,Current Dollars,Level,6,"2,139","T30100,T30100.2"
T30100,A180RC,27,Interest payments,1943,Current Dollars,Level,6,"2,899","T30100,T30100.2"
T30100,A180RC,27,Interest payments,1944,Current Dollars,Level,6,"3,612","T30100,T30100.2"
T30100,A180RC,27,Interest payments,1945,Current Dollars,Level,6,"4,544","T30100,T30100.2"
T30100,A180RC,27,Interest payments,1946,Current Dollars,Level,6,"5,621","T30100,T30100.2"
T30100,A180RC,27,Interest payments,1947,Current Dollars,Level,6,"5,936","T30100,T30100.2"
T30100,A180RC,27,Interest payments,1948,Current Dollars,Level,6,"6,169","T30100,T30100.2"
T30100,A180RC,27,Interest payments,1949,Current Dollars,Level,6,"6,582","T30100,T30100.2"
T30100,A180RC,27,Interest payments,1950,Current Dollars,Level,6,"6,993","T30100,T30100.2"
T30100,A180RC,27,Interest payments,1951,Current Dollars,Level,6,"7,354","T30100,T30100.2"
T30100,A180RC,27,Interest payments,1952,Current Dollars,Level,6,"7,785","T30100,T30100.2"
T30100,A180RC,27,Interest payments,1953,Current Dollars,Level,6,"8,275","T30100,T30100.2"
T30100,A180RC,27,Interest payments,1954,Current Dollars,Level,6,"8,866","T30100,T30100.2"
T30100,A180RC,27,Interest payments,1955,Current Dollars,Level,6,"9,328","T30100,T30100.2"
T30100,A180RC,27,Interest payments,1956,Current Dollars,Level,6,"10,386","T30100,T30100.2"
T30100,A180RC,27,Interest payments,1957,Current Dollars,Level,6,"11,633","T30100,T30100.2"
T30100,A180RC,27,Interest payments,1958,Current Dollars,Level,6,"11,970","T30100,T30100.2"
T30100,A180RC,27,Interest payments,1959,Current Dollars,Level,6,"13,795","T30100,T30100.2"
T30100,A180RC,27,Interest payments,1960,Current Dollars,Level,6,"17,453","T30100,T30100.2"
T30100,A180RC,27,Interest payments,1961,Current Dollars,Level,6,"17,850","T30100,T30100.2"
T30100,A180RC,27,Interest payments,1962,Current Dollars,Level,6,"19,660","T30100,T30100.2"
T30100,A180RC,27,Interest payments,1963,Current Dollars,Level,6,"21,255","T30100,T30100.2"
T30100,A180RC,27,Interest payments,1964,Current Dollars,Level,6,"22,922","T30100,T30100.2"
T30100,A180RC,27,Interest payments,1965,Current Dollars,Level,6,"24,460","T30100,T30100.2"
T30100,A180RC,27,Interest payments,1966,Current Dollars,Level,6,"26,696","T30100,T30100.2"
T30100,A180RC,27,Interest payments,1967,Current Dollars,Level,6,"29,090","T30100,T30100.2"
T30100,A180RC,27,Interest payments,1968,Current Dollars,Level,6,"32,788","T30100,T30100.2"
T30100,A180RC,27,Interest payments,1969,Current Dollars,Level,6,"36,634","T30100,T30100.2"
T30100,A180RC,27,Interest payments,1970,Current Dollars,Level,6,"44,383","T30100,T30100.2"
T30100,A180RC,27,Interest payments,1971,Current Dollars,Level,6,"48,621","T30100,T30100.2"
T30100,A180RC,27,Interest payments,1972,Current Dollars,Level,6,"53,464","T30100,T30100.2"
T30100,A180RC,27,Interest payments,1973,Current Dollars,Level,6,"61,980","T30100,T30100.2"
T30100,A180RC,27,Interest payments,1974,Current Dollars,Level,6,"69,526","T30100,T30100.2"
T30100,A180RC,27,Interest payments,1975,Current Dollars,Level,6,"77,403","T30100,T30100.2"
T30100,A180RC,27,Interest payments,1976,Current Dollars,Level,6,"86,724","T30100,T30100.2"
T30100,A180RC,27,Interest payments,1977,Current Dollars,Level,6,"95,753","T30100,T30100.2"
T30100,A180RC,27,Interest payments,1978,Current Dollars,Level,6,"112,446","T30100,T30100.2"
T30100,A180RC,27,Interest payments,1979,Current Dollars,Level,6,"128,460","T30100,T30100.2"
T30100,A180RC,27,Interest payments,1980,Current Dollars,Level,6,"148,756","T30100,T30100.2"
T30100,A180RC,27,Interest payments,1981,Current Dollars,Level,6,"180,093","T30100,T30100.2"
T30100,A180RC,27,Interest payments,1982,Current Dollars,Level,6,"206,165","T30100,T30100.2"
T30100,A180RC,27,Interest payments,1983,Current Dollars,Level,6,"227,965","T30100,T30100.2"
T30100,A180RC,27,Interest payments,1984,Current Dollars,Level,6,"260,064","T30100,T30100.2"
T30100,A180RC,27,Interest payments,1985,Current Dollars,Level,6,"285,779","T30100,T30100.2"
T30100,A180RC,27,Interest payments,1986,Current Dollars,Level,6,"302,683","T30100,T30100.2"
T30100,A180RC,27,Interest payments,1987,Current Dollars,Level,6,"314,659","T30100,T30100.2"
T30100,A180RC,27,Interest payments,1988,Current Dollars,Level,6,"333,727","T30100,T30100.2"
T30100,A180RC,27,Interest payments,1989,Current Dollars,Level,6,"362,097","T30100,T30100.2"
T30100,A180RC,27,Interest payments,1990,Current Dollars,Level,6,"383,323","T30100,T30100.2"
T30100,A180RC,27,Interest payments,1991,Current Dollars,Level,6,"408,691","T30100,T30100.2"
T30100,A180RC,27,Interest payments,1992,Current Dollars,Level,6,"417,216","T30100,T30100.2"
T30100,A180RC,27,Interest payments,1993,Current Dollars,Level,6,"422,743","T30100,T30100.2"
T30100,A180RC,27,Interest payments,1994,Current Dollars,Level,6,"434,080","T30100,T30100.2"
T30100,A180RC,27,Interest payments,1995,Current Dollars,Level,6,"473,006","T30100,T30100.2"
T30100,A180RC,27,Interest payments,1996,Current Dollars,Level,6,"479,364","T30100,T30100.2"
T30100,A180RC,27,Interest payments,1997,Current Dollars,Level,6,"485,311","T30100,T30100.2"
T30100,A180RC,27,Interest payments,1998,Current Dollars,Level,6,"479,288","T30100,T30100.2"
T30100,A180RC,27,Interest payments,1999,Current Dollars,Level,6,"465,623","T30100,T30100.2"
T30100,A180RC,27,Interest payments,2000,Current Dollars,Level,6,"464,812","T30100,T30100.2"
T30100,A180RC,27,Interest payments,2001,Current Dollars,Level,6,"459,818","T30100,T30100.2"
T30100,A180RC,27,Interest payments,2002,Current Dollars,Level,6,"452,224","T30100,T30100.2"
T30100,A180RC,27,Interest payments,2003,Current Dollars,Level,6,"475,585","T30100,T30100.2"
T30100,A180RC,27,Interest payments,2004,Current Dollars,Level,6,"480,658","T30100,T30100.2"
T30100,A180RC,27,Interest payments,2005,Current Dollars,Level,6,"521,518","T30100,T30100.2"
T30100,A180RC,27,Interest payments,2006,Current Dollars,Level,6,"560,869","T30100,T30100.2"
T30100,A180RC,27,Interest payments,2007,Current Dollars,Level,6,"600,017","T30100,T30100.2"
T30100,A180RC,27,Interest payments,2008,Current Dollars,Level,6,"592,304","T30100,T30100.2"
T30100,A180RC,27,Interest payments,2009,Current Dollars,Level,6,"621,553","T30100,T30100.2"
T30100,A180RC,27,Interest payments,2010,Current Dollars,Level,6,"648,459","T30100,T30100.2"
T30100,A180RC,27,Interest payments,2011,Current Dollars,Level,6,"691,208","T30100,T30100.2"
T30100,A180RC,27,Interest payments,2012,Current Dollars,Level,6,"703,747","T30100,T30100.2"
T30100,A180RC,27,Interest payments,2013,Current Dollars,Level,6,"686,541","T30100,T30100.2"
T30100,A180RC,27,Interest payments,2014,Current Dollars,Level,6,"701,355","T30100,T30100.2"
T30100,A180RC,27,Interest payments,2015,Current Dollars,Level,6,"698,020","T30100,T30100.2"
T30100,A180RC,27,Interest payments,2016,Current Dollars,Level,6,"737,072","T30100,T30100.2"
T30100,A180RC,27,Interest payments,2017,Current Dollars,Level,6,"767,644","T30100,T30100.2"
T30100,A180RC,27,Interest payments,2018,Current Dollars,Level,6,"826,647","T30100,T30100.2"
T30100,A180RC,27,Interest payments,2019,Current Dollars,Level,6,"883,272","T30100,T30100.2"
T30100,A180RC,27,Interest payments,2020,Current Dollars,Level,6,"813,323","T30100,T30100.2"
T30100,A180RC,27,Interest payments,2021,Current Dollars,Level,6,"850,834","T30100,T30100.2"
T30100,A180RC,27,Interest payments,2022,Current Dollars,Level,6,"966,747","T30100,T30100.2"
T30100,A180RC,27,Interest payments,2023,Current Dollars,Level,6,"1,218,496","T30100,T30100.2"
T30100,A180RC,27,Interest payments,2024,Current Dollars,Level,6,"1,397,625","T30100,T30100.2"
T30100,A180RC,27,Interest payments,2025,Current Dollars,Level,6,"1,453,211","T30100,T30100.2"
T30100,A204RC,28,To persons and business,1960,Current Dollars,Level,6,"17,121","T30100,T30100.2"
T30100,A204RC,28,To persons and business,1961,Current Dollars,Level,6,"17,572","T30100,T30100.2"
T30100,A204RC,28,To persons and business,1962,Current Dollars,Level,6,"19,321","T30100,T30100.2"
T30100,A204RC,28,To persons and business,1963,Current Dollars,Level,6,"20,854","T30100,T30100.2"
T30100,A204RC,28,To persons and business,1964,Current Dollars,Level,6,"22,469","T30100,T30100.2"
T30100,A204RC,28,To persons and business,1965,Current Dollars,Level,6,"23,971","T30100,T30100.2"
T30100,A204RC,28,To persons and business,1966,Current Dollars,Level,6,"26,147","T30100,T30100.2"
T30100,A204RC,28,To persons and business,1967,Current Dollars,Level,6,"28,492","T30100,T30100.2"
T30100,A204RC,28,To persons and business,1968,Current Dollars,Level,6,"32,086","T30100,T30100.2"
T30100,A204RC,28,To persons and business,1969,Current Dollars,Level,6,"35,857","T30100,T30100.2"
T30100,A204RC,28,To persons and business,1970,Current Dollars,Level,6,"43,434","T30100,T30100.2"
T30100,A204RC,28,To persons and business,1971,Current Dollars,Level,6,"46,869","T30100,T30100.2"
T30100,A204RC,28,To persons and business,1972,Current Dollars,Level,6,"50,913","T30100,T30100.2"
T30100,A204RC,28,To persons and business,1973,Current Dollars,Level,6,"58,329","T30100,T30100.2"
T30100,A204RC,28,To persons and business,1974,Current Dollars,Level,6,"65,479","T30100,T30100.2"
T30100,A204RC,28,To persons and business,1975,Current Dollars,Level,6,"73,070","T30100,T30100.2"
T30100,A204RC,28,To persons and business,1976,Current Dollars,Level,6,"82,454","T30100,T30100.2"
T30100,A204RC,28,To persons and business,1977,Current Dollars,Level,6,"90,516","T30100,T30100.2"
T30100,A204RC,28,To persons and business,1978,Current Dollars,Level,6,"104,213","T30100,T30100.2"
T30100,A204RC,28,To persons and business,1979,Current Dollars,Level,6,"117,903","T30100,T30100.2"
T30100,A204RC,28,To persons and business,1980,Current Dollars,Level,6,"136,890","T30100,T30100.2"
T30100,A204RC,28,To persons and business,1981,Current Dollars,Level,6,"163,817","T30100,T30100.2"
T30100,A204RC,28,To persons and business,1982,Current Dollars,Level,6,"188,174","T30100,T30100.2"
T30100,A204RC,28,To persons and business,1983,Current Dollars,Level,6,"209,905","T30100,T30100.2"
T30100,A204RC,28,To persons and business,1984,Current Dollars,Level,6,"239,897","T30100,T30100.2"
T30100,A204RC,28,To persons and business,1985,Current Dollars,Level,6,"263,625","T30100,T30100.2"
T30100,A204RC,28,To persons and business,1986,Current Dollars,Level,6,"279,339","T30100,T30100.2"
T30100,A204RC,28,To persons and business,1987,Current Dollars,Level,6,"290,555","T30100,T30100.2"
T30100,A204RC,28,To persons and business,1988,Current Dollars,Level,6,"304,972","T30100,T30100.2"
T30100,A204RC,28,To persons and business,1989,Current Dollars,Level,6,"327,556","T30100,T30100.2"
T30100,A204RC,28,To persons and business,1990,Current Dollars,Level,6,"347,257","T30100,T30100.2"
T30100,A204RC,28,To persons and business,1991,Current Dollars,Level,6,"372,622","T30100,T30100.2"
T30100,A204RC,28,To persons and business,1992,Current Dollars,Level,6,"382,944","T30100,T30100.2"
T30100,A204RC,28,To persons and business,1993,Current Dollars,Level,6,"388,579","T30100,T30100.2"
T30100,A204RC,28,To persons and business,1994,Current Dollars,Level,6,"397,725","T30100,T30100.2"
T30100,A204RC,28,To persons and business,1995,Current Dollars,Level,6,"425,919","T30100,T30100.2"
T30100,A204RC,28,To persons and business,1996,Current Dollars,Level,6,"422,600","T30100,T30100.2"
T30100,A204RC,28,To persons and business,1997,Current Dollars,Level,6,"415,619","T30100,T30100.2"
T30100,A204RC,28,To persons and business,1998,Current Dollars,Level,6,"407,204","T30100,T30100.2"
T30100,A204RC,28,To persons and business,1999,Current Dollars,Level,6,"398,497","T30100,T30100.2"
T30100,A204RC,28,To persons and business,2000,Current Dollars,Level,6,"399,729","T30100,T30100.2"
T30100,A204RC,28,To persons and business,2001,Current Dollars,Level,6,"402,176","T30100,T30100.2"
T30100,A204RC,28,To persons and business,2002,Current Dollars,Level,6,"402,265","T30100,T30100.2"
T30100,A204RC,28,To persons and business,2003,Current Dollars,Level,6,"427,399","T30100,T30100.2"
T30100,A204RC,28,To persons and business,2004,Current Dollars,Level,6,"423,997","T30100,T30100.2"
T30100,A204RC,28,To persons and business,2005,Current Dollars,Level,6,"449,692","T30100,T30100.2"
T30100,A204RC,28,To persons and business,2006,Current Dollars,Level,6,"473,687","T30100,T30100.2"
T30100,A204RC,28,To persons and business,2007,Current Dollars,Level,6,"497,079","T30100,T30100.2"
T30100,A204RC,28,To persons and business,2008,Current Dollars,Level,6,"487,211","T30100,T30100.2"
T30100,A204RC,28,To persons and business,2009,Current Dollars,Level,6,"530,353","T30100,T30100.2"
T30100,A204RC,28,To persons and business,2010,Current Dollars,Level,6,"551,522","T30100,T30100.2"
T30100,A204RC,28,To persons and business,2011,Current Dollars,Level,6,"583,896","T30100,T30100.2"
T30100,A204RC,28,To persons and business,2012,Current Dollars,Level,6,"598,928","T30100,T30100.2"
T30100,A204RC,28,To persons and business,2013,Current Dollars,Level,6,"584,037","T30100,T30100.2"
T30100,A204RC,28,To persons and business,2014,Current Dollars,Level,6,"598,255","T30100,T30100.2"
T30100,A204RC,28,To persons and business,2015,Current Dollars,Level,6,"600,549","T30100,T30100.2"
T30100,A204RC,28,To persons and business,2016,Current Dollars,Level,6,"628,648","T30100,T30100.2"
T30100,A204RC,28,To persons and business,2017,Current Dollars,Level,6,"647,864","T30100,T30100.2"
T30100,A204RC,28,To persons and business,2018,Current Dollars,Level,6,"685,565","T30100,T30100.2"
T30100,A204RC,28,To persons and business,2019,Current Dollars,Level,6,"733,691","T30100,T30100.2"
T30100,A204RC,28,To persons and business,2020,Current Dollars,Level,6,"688,137","T30100,T30100.2"
T30100,A204RC,28,To persons and business,2021,Current Dollars,Level,6,"704,101","T30100,T30100.2"
T30100,A204RC,28,To persons and business,2022,Current Dollars,Level,6,"783,575","T30100,T30100.2"
T30100,A204RC,28,To persons and business,2023,Current Dollars,Level,6,"988,039","T30100,T30100.2"
T30100,A204RC,28,To persons and business,2024,Current Dollars,Level,6,"1,118,870","T30100,T30100.2"
T30100,Y712RC,29,To the rest of the world,1929,Current Dollars,Level,6,0,T30100
T30100,Y712RC,29,To the rest of the world,1930,Current Dollars,Level,6,0,T30100
T30100,Y712RC,29,To the rest of the world,1931,Current Dollars,Level,6,0,T30100
T30100,Y712RC,29,To the rest of the world,1932,Current Dollars,Level,6,0,T30100
T30100,Y712RC,29,To the rest of the world,1933,Current Dollars,Level,6,0,T30100
T30100,Y712RC,29,To the rest of the world,1934,Current Dollars,Level,6,0,T30100
T30100,Y712RC,29,To the rest of the world,1935,Current Dollars,Level,6,0,T30100
T30100,Y712RC,29,To the rest of the world,1936,Current Dollars,Level,6,0,T30100
T30100,Y712RC,29,To the rest of the world,1937,Current Dollars,Level,6,0,T30100
T30100,Y712RC,29,To the rest of the world,1938,Current Dollars,Level,6,0,T30100
T30100,Y712RC,29,To the rest of the world,1939,Current Dollars,Level,6,0,T30100
T30100,Y712RC,29,To the rest of the world,1940,Current Dollars,Level,6,6,T30100
T30100,Y712RC,29,To the rest of the world,1941,Current Dollars,Level,6,6,T30100
T30100,Y712RC,29,To the rest of the world,1942,Current Dollars,Level,6,7,T30100
T30100,Y712RC,29,To the rest of the world,1943,Current Dollars,Level,6,9,T30100
T30100,Y712RC,29,To the rest of the world,1944,Current Dollars,Level,6,12,T30100
T30100,Y712RC,29,To the rest of the world,1945,Current Dollars,Level,6,17,T30100
T30100,Y712RC,29,To the rest of the world,1946,Current Dollars,Level,6,15,T30100
T30100,Y712RC,29,To the rest of the world,1947,Current Dollars,Level,6,16,T30100
T30100,Y712RC,29,To the rest of the world,1948,Current Dollars,Level,6,17,T30100
T30100,Y712RC,29,To the rest of the world,1949,Current Dollars,Level,6,25,T30100
T30100,Y712RC,29,To the rest of the world,1950,Current Dollars,Level,6,31,T30100
T30100,Y712RC,29,To the rest of the world,1951,Current Dollars,Level,6,47,T30100
T30100,Y712RC,29,To the rest of the world,1952,Current Dollars,Level,6,64,T30100
T30100,Y712RC,29,To the rest of the world,1953,Current Dollars,Level,6,86,T30100
T30100,Y712RC,29,To the rest of the world,1954,Current Dollars,Level,6,59,T30100
T30100,Y712RC,29,To the rest of the world,1955,Current Dollars,Level,6,94,T30100
T30100,Y712RC,29,To the rest of the world,1956,Current Dollars,Level,6,154,T30100
T30100,Y712RC,29,To the rest of the world,1957,Current Dollars,Level,6,201,T30100
T30100,Y712RC,29,To the rest of the world,1958,Current Dollars,Level,6,139,T30100
T30100,Y712RC,29,To the rest of the world,1959,Current Dollars,Level,6,281,T30100
T30100,Y712RC,29,To the rest of the world,1960,Current Dollars,Level,6,332,T30100
T30100,Y712RC,29,To the rest of the world,1961,Current Dollars,Level,6,278,T30100
T30100,Y712RC,29,To the rest of the world,1962,Current Dollars,Level,6,339,T30100
T30100,Y712RC,29,To the rest of the world,1963,Current Dollars,Level,6,401,T30100
T30100,Y712RC,29,To the rest of the world,1964,Current Dollars,Level,6,453,T30100
T30100,Y712RC,29,To the rest of the world,1965,Current Dollars,Level,6,489,T30100
T30100,Y712RC,29,To the rest of the world,1966,Current Dollars,Level,6,549,T30100
T30100,Y712RC,29,To the rest of the world,1967,Current Dollars,Level,6,598,T30100
T30100,Y712RC,29,To the rest of the world,1968,Current Dollars,Level,6,702,T30100
T30100,Y712RC,29,To the rest of the world,1969,Current Dollars,Level,6,777,T30100
T30100,Y712RC,29,To the rest of the world,1970,Current Dollars,Level,6,949,T30100
T30100,Y712RC,29,To the rest of the world,1971,Current Dollars,Level,6,"1,752",T30100
T30100,Y712RC,29,To the rest of the world,1972,Current Dollars,Level,6,"2,551",T30100
T30100,Y712RC,29,To the rest of the world,1973,Current Dollars,Level,6,"3,651",T30100
T30100,Y712RC,29,To the rest of the world,1974,Current Dollars,Level,6,"4,047",T30100
T30100,Y712RC,29,To the rest of the world,1975,Current Dollars,Level,6,"4,333",T30100
T30100,Y712RC,29,To the rest of the world,1976,Current Dollars,Level,6,"4,270",T30100
T30100,Y712RC,29,To the rest of the world,1977,Current Dollars,Level,6,"5,237",T30100
T30100,Y712RC,29,To the rest of the world,1978,Current Dollars,Level,6,"8,233",T30100
T30100,Y712RC,29,To the rest of the world,1979,Current Dollars,Level,6,"10,557",T30100
T30100,Y712RC,29,To the rest of the world,1980,Current Dollars,Level,6,"11,866",T30100
T30100,Y712RC,29,To the rest of the world,1981,Current Dollars,Level,6,"16,276",T30100
T30100,Y712RC,29,To the rest of the world,1982,Current Dollars,Level,6,"17,991",T30100
T30100,Y712RC,29,To the rest of the world,1983,Current Dollars,Level,6,"18,060",T30100
T30100,Y712RC,29,To the rest of the world,1984,Current Dollars,Level,6,"20,167",T30100
T30100,Y712RC,29,To the rest of the world,1985,Current Dollars,Level,6,"22,154",T30100
T30100,Y712RC,29,To the rest of the world,1986,Current Dollars,Level,6,"23,344",T30100
T30100,Y712RC,29,To the rest of the world,1987,Current Dollars,Level,6,"24,104",T30100
T30100,Y712RC,29,To the rest of the world,1988,Current Dollars,Level,6,"28,755",T30100
T30100,Y712RC,29,To the rest of the world,1989,Current Dollars,Level,6,"34,541",T30100
T30100,Y712RC,29,To the rest of the world,1990,Current Dollars,Level,6,"36,066",T30100
T30100,Y712RC,29,To the rest of the world,1991,Current Dollars,Level,6,"36,069",T30100
T30100,Y712RC,29,To the rest of the world,1992,Current Dollars,Level,6,"34,272",T30100
T30100,Y712RC,29,To the rest of the world,1993,Current Dollars,Level,6,"34,164",T30100
T30100,Y712RC,29,To the rest of the world,1994,Current Dollars,Level,6,"36,355",T30100
T30100,Y712RC,29,To the rest of the world,1995,Current Dollars,Level,6,"47,087",T30100
T30100,Y712RC,29,To the rest of the world,1996,Current Dollars,Level,6,"56,764",T30100
T30100,Y712RC,29,To the rest of the world,1997,Current Dollars,Level,6,"69,692",T30100
T30100,Y712RC,29,To the rest of the world,1998,Current Dollars,Level,6,"72,084",T30100
T30100,Y712RC,29,To the rest of the world,1999,Current Dollars,Level,6,"67,126",T30100
T30100,Y712RC,29,To the rest of the world,2000,Current Dollars,Level,6,"65,083",T30100
T30100,Y712RC,29,To the rest of the world,2001,Current Dollars,Level,6,"57,641",T30100
T30100,Y712RC,29,To the rest of the world,2002,Current Dollars,Level,6,"49,959",T30100
T30100,Y712RC,29,To the rest of the world,2003,Current Dollars,Level,6,"48,187",T30100
T30100,Y712RC,29,To the rest of the world,2004,Current Dollars,Level,6,"56,661",T30100
T30100,Y712RC,29,To the rest of the world,2005,Current Dollars,Level,6,"71,825",T30100
T30100,Y712RC,29,To the rest of the world,2006,Current Dollars,Level,6,"87,182",T30100
T30100,Y712RC,29,To the rest of the world,2007,Current Dollars,Level,6,"102,939",T30100
T30100,Y712RC,29,To the rest of the world,2008,Current Dollars,Level,6,"105,093",T30100
T30100,Y712RC,29,To the rest of the world,2009,Current Dollars,Level,6,"91,200",T30100
T30100,Y712RC,29,To the rest of the world,2010,Current Dollars,Level,6,"96,937",T30100
T30100,Y712RC,29,To the rest of the world,2011,Current Dollars,Level,6,"107,312",T30100
T30100,Y712RC,29,To the rest of the world,2012,Current Dollars,Level,6,"104,818",T30100
T30100,Y712RC,29,To the rest of the world,2013,Current Dollars,Level,6,"102,504",T30100
T30100,Y712RC,29,To the rest of the world,2014,Current Dollars,Level,6,"103,100",T30100
T30100,Y712RC,29,To the rest of the world,2015,Current Dollars,Level,6,"97,471",T30100
T30100,Y712RC,29,To the rest of the world,2016,Current Dollars,Level,6,"108,425",T30100
T30100,Y712RC,29,To the rest of the world,2017,Current Dollars,Level,6,"119,780",T30100
T30100,Y712RC,29,To the rest of the world,2018,Current Dollars,Level,6,"141,083",T30100
T30100,Y712RC,29,To the rest of the world,2019,Current Dollars,Level,6,"149,582",T30100
T30100,Y712RC,29,To the rest of the world,2020,Current Dollars,Level,6,"125,186",T30100
T30100,Y712RC,29,To the rest of the world,2021,Current Dollars,Level,6,"146,732",T30100
T30100,Y712RC,29,To the rest of the world,2022,Current Dollars,Level,6,"183,172",T30100
T30100,Y712RC,29,To the rest of the world,2023,Current Dollars,Level,6,"230,458",T30100
T30100,Y712RC,29,To the rest of the world,2024,Current Dollars,Level,6,"278,755",T30100
T30100,A107RC,30,Subsidies,1929,Current Dollars,Level,6,46,"T30100,T30100.4"
T30100,A107RC,30,Subsidies,1930,Current Dollars,Level,6,73,"T30100,T30100.4"
T30100,A107RC,30,Subsidies,1931,Current Dollars,Level,6,145,"T30100,T30100.4"
T30100,A107RC,30,Subsidies,1932,Current Dollars,Level,6,117,"T30100,T30100.4"
T30100,A107RC,30,Subsidies,1933,Current Dollars,Level,6,166,"T30100,T30100.4"
T30100,A107RC,30,Subsidies,1934,Current Dollars,Level,6,467,"T30100,T30100.4"
T30100,A107RC,30,Subsidies,1935,Current Dollars,Level,6,598,"T30100,T30100.4"
T30100,A107RC,30,Subsidies,1936,Current Dollars,Level,6,289,"T30100,T30100.4"
T30100,A107RC,30,Subsidies,1937,Current Dollars,Level,6,347,"T30100,T30100.4"
T30100,A107RC,30,Subsidies,1938,Current Dollars,Level,6,479,"T30100,T30100.4"
T30100,A107RC,30,Subsidies,1939,Current Dollars,Level,6,796,"T30100,T30100.4"
T30100,A107RC,30,Subsidies,1940,Current Dollars,Level,6,748,"T30100,T30100.4"
T30100,A107RC,30,Subsidies,1941,Current Dollars,Level,6,456,"T30100,T30100.4"
T30100,A107RC,30,Subsidies,1942,Current Dollars,Level,6,520,"T30100,T30100.4"
T30100,A107RC,30,Subsidies,1943,Current Dollars,Level,6,583,"T30100,T30100.4"
T30100,A107RC,30,Subsidies,1944,Current Dollars,Level,6,"1,041","T30100,T30100.4"
T30100,A107RC,30,Subsidies,1945,Current Dollars,Level,6,"1,144","T30100,T30100.4"
T30100,A107RC,30,Subsidies,1946,Current Dollars,Level,6,"1,359","T30100,T30100.4"
T30100,A107RC,30,Subsidies,1947,Current Dollars,Level,6,398,"T30100,T30100.4"
T30100,A107RC,30,Subsidies,1948,Current Dollars,Level,6,540,"T30100,T30100.4"
T30100,A107RC,30,Subsidies,1949,Current Dollars,Level,6,498,"T30100,T30100.4"
T30100,A107RC,30,Subsidies,1950,Current Dollars,Level,6,843,"T30100,T30100.4"
T30100,A107RC,30,Subsidies,1951,Current Dollars,Level,6,"1,048","T30100,T30100.4"
T30100,A107RC,30,Subsidies,1952,Current Dollars,Level,6,774,"T30100,T30100.4"
T30100,A107RC,30,Subsidies,1953,Current Dollars,Level,6,514,"T30100,T30100.4"
T30100,A107RC,30,Subsidies,1954,Current Dollars,Level,6,327,"T30100,T30100.4"
T30100,A107RC,30,Subsidies,1955,Current Dollars,Level,6,201,"T30100,T30100.4"
T30100,A107RC,30,Subsidies,1956,Current Dollars,Level,6,742,"T30100,T30100.4"
T30100,A107RC,30,Subsidies,1957,Current Dollars,Level,6,"1,132","T30100,T30100.4"
T30100,A107RC,30,Subsidies,1958,Current Dollars,Level,6,"1,368","T30100,T30100.4"
T30100,A107RC,30,Subsidies,1959,Current Dollars,Level,6,"1,058","T30100,T30100.4"
T30100,A107RC,30,Subsidies,1960,Current Dollars,Level,6,"1,146","T30100,T30100.4"
T30100,A107RC,30,Subsidies,1961,Current Dollars,Level,6,"2,014","T30100,T30100.4"
T30100,A107RC,30,Subsidies,1962,Current Dollars,Level,6,"2,273","T30100,T30100.4"
T30100,A107RC,30,Subsidies,1963,Current Dollars,Level,6,"2,234","T30100,T30100.4"
T30100,A107RC,30,Subsidies,1964,Current Dollars,Level,6,"2,729","T30100,T30100.4"
T30100,A107RC,30,Subsidies,1965,Current Dollars,Level,6,"3,007","T30100,T30100.4"
T30100,A107RC,30,Subsidies,1966,Current Dollars,Level,6,"3,949","T30100,T30100.4"
T30100,A107RC,30,Subsidies,1967,Current Dollars,Level,6,"3,811","T30100,T30100.4"
T30100,A107RC,30,Subsidies,1968,Current Dollars,Level,6,"4,174","T30100,T30100.4"
T30100,A107RC,30,Subsidies,1969,Current Dollars,Level,6,"4,534","T30100,T30100.4"
T30100,A107RC,30,Subsidies,1970,Current Dollars,Level,6,"4,777","T30100,T30100.4"
T30100,A107RC,30,Subsidies,1971,Current Dollars,Level,6,"4,675","T30100,T30100.4"
T30100,A107RC,30,Subsidies,1972,Current Dollars,Level,6,"6,636","T30100,T30100.4"
T30100,A107RC,30,Subsidies,1973,Current Dollars,Level,6,"5,230","T30100,T30100.4"
T30100,A107RC,30,Subsidies,1974,Current Dollars,Level,6,"3,307","T30100,T30100.4"
T30100,A107RC,30,Subsidies,1975,Current Dollars,Level,6,"4,494","T30100,T30100.4"
T30100,A107RC,30,Subsidies,1976,Current Dollars,Level,6,"5,125","T30100,T30100.4"
T30100,A107RC,30,Subsidies,1977,Current Dollars,Level,6,"7,100","T30100,T30100.4"
T30100,A107RC,30,Subsidies,1978,Current Dollars,Level,6,"8,936","T30100,T30100.4"
T30100,A107RC,30,Subsidies,1979,Current Dollars,Level,6,"8,531","T30100,T30100.4"
T30100,A107RC,30,Subsidies,1980,Current Dollars,Level,6,"9,800","T30100,T30100.4"
T30100,A107RC,30,Subsidies,1981,Current Dollars,Level,6,"11,473","T30100,T30100.4"
T30100,A107RC,30,Subsidies,1982,Current Dollars,Level,6,"15,017","T30100,T30100.4"
T30100,A107RC,30,Subsidies,1983,Current Dollars,Level,6,"21,304","T30100,T30100.4"
T30100,A107RC,30,Subsidies,1984,Current Dollars,Level,6,"21,065","T30100,T30100.4"
T30100,A107RC,30,Subsidies,1985,Current Dollars,Level,6,"21,360","T30100,T30100.4"
T30100,A107RC,30,Subsidies,1986,Current Dollars,Level,6,"24,895","T30100,T30100.4"
T30100,A107RC,30,Subsidies,1987,Current Dollars,Level,6,"30,282","T30100,T30100.4"
T30100,A107RC,30,Subsidies,1988,Current Dollars,Level,6,"29,501","T30100,T30100.4"
T30100,A107RC,30,Subsidies,1989,Current Dollars,Level,6,"27,428","T30100,T30100.4"
T30100,A107RC,30,Subsidies,1990,Current Dollars,Level,6,"26,994","T30100,T30100.4"
T30100,A107RC,30,Subsidies,1991,Current Dollars,Level,6,"27,488","T30100,T30100.4"
T30100,A107RC,30,Subsidies,1992,Current Dollars,Level,6,"30,088","T30100,T30100.4"
T30100,A107RC,30,Subsidies,1993,Current Dollars,Level,6,"36,681","T30100,T30100.4"
T30100,A107RC,30,Subsidies,1994,Current Dollars,Level,6,"32,523","T30100,T30100.4"
T30100,A107RC,30,Subsidies,1995,Current Dollars,Level,6,"34,812","T30100,T30100.4"
T30100,A107RC,30,Subsidies,1996,Current Dollars,Level,6,"35,234","T30100,T30100.4"
T30100,A107RC,30,Subsidies,1997,Current Dollars,Level,6,"33,810","T30100,T30100.4"
T30100,A107RC,30,Subsidies,1998,Current Dollars,Level,6,"36,368","T30100,T30100.4"
T30100,A107RC,30,Subsidies,1999,Current Dollars,Level,6,"45,209","T30100,T30100.4"
T30100,A107RC,30,Subsidies,2000,Current Dollars,Level,6,"45,840","T30100,T30100.4"
T30100,A107RC,30,Subsidies,2001,Current Dollars,Level,6,"58,710","T30100,T30100.4"
T30100,A107RC,30,Subsidies,2002,Current Dollars,Level,6,"41,396","T30100,T30100.4"
T30100,A107RC,30,Subsidies,2003,Current Dollars,Level,6,"49,057","T30100,T30100.4"
T30100,A107RC,30,Subsidies,2004,Current Dollars,Level,6,"46,386","T30100,T30100.4"
T30100,A107RC,30,Subsidies,2005,Current Dollars,Level,6,"60,911","T30100,T30100.4"
T30100,A107RC,30,Subsidies,2006,Current Dollars,Level,6,"51,467","T30100,T30100.4"
T30100,A107RC,30,Subsidies,2007,Current Dollars,Level,6,"54,584","T30100,T30100.4"
T30100,A107RC,30,Subsidies,2008,Current Dollars,Level,6,"52,557","T30100,T30100.4"
T30100,A107RC,30,Subsidies,2009,Current Dollars,Level,6,"58,347","T30100,T30100.4"
T30100,A107RC,30,Subsidies,2010,Current Dollars,Level,6,"55,808","T30100,T30100.4"
T30100,A107RC,30,Subsidies,2011,Current Dollars,Level,6,"60,008","T30100,T30100.4"
T30100,A107RC,30,Subsidies,2012,Current Dollars,Level,6,"58,037","T30100,T30100.4"
T30100,A107RC,30,Subsidies,2013,Current Dollars,Level,6,"59,720","T30100,T30100.4"
T30100,A107RC,30,Subsidies,2014,Current Dollars,Level,6,"58,090","T30100,T30100.4"
T30100,A107RC,30,Subsidies,2015,Current Dollars,Level,6,"57,192","T30100,T30100.4"
T30100,A107RC,30,Subsidies,2016,Current Dollars,Level,6,"61,748","T30100,T30100.4"
T30100,A107RC,30,Subsidies,2017,Current Dollars,Level,6,"59,875","T30100,T30100.4"
T30100,A107RC,30,Subsidies,2018,Current Dollars,Level,6,"63,320","T30100,T30100.4"
T30100,A107RC,30,Subsidies,2019,Current Dollars,Level,6,"72,956","T30100,T30100.4"
T30100,A107RC,30,Subsidies,2020,Current Dollars,Level,6,"698,507","T30100,T30100.4"
T30100,A107RC,30,Subsidies,2021,Current Dollars,Level,6,"626,071","T30100,T30100.4"
T30100,A107RC,30,Subsidies,2022,Current Dollars,Level,6,"127,995","T30100,T30100.4"
T30100,A107RC,30,Subsidies,2023,Current Dollars,Level,6,"102,252","T30100,T30100.4"
T30100,A107RC,30,Subsidies,2024,Current Dollars,Level,6,"94,239","T30100,T30100.4"
T30100,A107RC,30,Subsidies,2025,Current Dollars,Level,6,"112,469","T30100,T30100.4"
T30100,A922RC,31,Net government saving,1929,Current Dollars,Level,6,"2,074",T30100
T30100,A922RC,31,Net government saving,1930,Current Dollars,Level,6,"1,073",T30100
T30100,A922RC,31,Net government saving,1931,Current Dollars,Level,6,"-1,626",T30100
T30100,A922RC,31,Net government saving,1932,Current Dollars,Level,6,"-1,154",T30100
T30100,A922RC,31,Net government saving,1933,Current Dollars,Level,6,-995,T30100
T30100,A922RC,31,Net government saving,1934,Current Dollars,Level,6,"-1,535",T30100
T30100,A922RC,31,Net government saving,1935,Current Dollars,Level,6,"-1,329",T30100
T30100,A922RC,31,Net government saving,1936,Current Dollars,Level,6,"-1,545",T30100
T30100,A922RC,31,Net government saving,1937,Current Dollars,Level,6,"1,563",T30100
T30100,A922RC,31,Net government saving,1938,Current Dollars,Level,6,-107,T30100
T30100,A922RC,31,Net government saving,1939,Current Dollars,Level,6,-860,T30100
T30100,A922RC,31,Net government saving,1940,Current Dollars,Level,6,586,T30100
T30100,A922RC,31,Net government saving,1941,Current Dollars,Level,6,"2,159",T30100
T30100,A922RC,31,Net government saving,1942,Current Dollars,Level,6,"-10,301",T30100
T30100,A922RC,31,Net government saving,1943,Current Dollars,Level,6,"-16,041",T30100
T30100,A922RC,31,Net government saving,1944,Current Dollars,Level,6,"-28,298",T30100
T30100,A922RC,31,Net government saving,1945,Current Dollars,Level,6,"-30,901",T30100
T30100,A922RC,31,Net government saving,1946,Current Dollars,Level,6,"-7,287",T30100
T30100,A922RC,31,Net government saving,1947,Current Dollars,Level,6,"2,527",T30100
T30100,A922RC,31,Net government saving,1948,Current Dollars,Level,6,"1,045",T30100
T30100,A922RC,31,Net government saving,1949,Current Dollars,Level,6,"-7,973",T30100
T30100,A922RC,31,Net government saving,1950,Current Dollars,Level,6,"2,196",T30100
T30100,A922RC,31,Net government saving,1951,Current Dollars,Level,6,"6,101",T30100
T30100,A922RC,31,Net government saving,1952,Current Dollars,Level,6,-242,T30100
T30100,A922RC,31,Net government saving,1953,Current Dollars,Level,6,"-1,830",T30100
T30100,A922RC,31,Net government saving,1954,Current Dollars,Level,6,"-5,956",T30100
T30100,A922RC,31,Net government saving,1955,Current Dollars,Level,6,"1,612",T30100
T30100,A922RC,31,Net government saving,1956,Current Dollars,Level,6,"4,392",T30100
T30100,A922RC,31,Net government saving,1957,Current Dollars,Level,6,27,T30100
T30100,A922RC,31,Net government saving,1958,Current Dollars,Level,6,"-10,880",T30100
T30100,A922RC,31,Net government saving,1959,Current Dollars,Level,6,"-1,817",T30100
T30100,A922RC,31,Net government saving,1960,Current Dollars,Level,6,"2,674",T30100
T30100,A922RC,31,Net government saving,1961,Current Dollars,Level,6,"-2,535",T30100
T30100,A922RC,31,Net government saving,1962,Current Dollars,Level,6,"-2,318",T30100
T30100,A922RC,31,Net government saving,1963,Current Dollars,Level,6,"1,117",T30100
T30100,A922RC,31,Net government saving,1964,Current Dollars,Level,6,"-2,972",T30100
T30100,A922RC,31,Net government saving,1965,Current Dollars,Level,6,"-1,851",T30100
T30100,A922RC,31,Net government saving,1966,Current Dollars,Level,6,"-2,261",T30100
T30100,A922RC,31,Net government saving,1967,Current Dollars,Level,6,"-15,517",T30100
T30100,A922RC,31,Net government saving,1968,Current Dollars,Level,6,"-10,299",T30100
T30100,A922RC,31,Net government saving,1969,Current Dollars,Level,6,"-2,025",T30100
T30100,A922RC,31,Net government saving,1970,Current Dollars,Level,6,"-33,374",T30100
T30100,A922RC,31,Net government saving,1971,Current Dollars,Level,6,"-52,180",T30100
T30100,A922RC,31,Net government saving,1972,Current Dollars,Level,6,"-42,939",T30100
T30100,A922RC,31,Net government saving,1973,Current Dollars,Level,6,"-32,723",T30100
T30100,A922RC,31,Net government saving,1974,Current Dollars,Level,6,"-43,672",T30100
T30100,A922RC,31,Net government saving,1975,Current Dollars,Level,6,"-108,649",T30100
T30100,A922RC,31,Net government saving,1976,Current Dollars,Level,6,"-85,338",T30100
T30100,A922RC,31,Net government saving,1977,Current Dollars,Level,6,"-72,932",T30100
T30100,A922RC,31,Net government saving,1978,Current Dollars,Level,6,"-57,187",T30100
T30100,A922RC,31,Net government saving,1979,Current Dollars,Level,6,"-48,583",T30100
T30100,A922RC,31,Net government saving,1980,Current Dollars,Level,6,"-94,682",T30100
T30100,A922RC,31,Net government saving,1981,Current Dollars,Level,6,"-98,239",T30100
T30100,A922RC,31,Net government saving,1982,Current Dollars,Level,6,"-190,113",T30100
T30100,A922RC,31,Net government saving,1983,Current Dollars,Level,6,"-225,614",T30100
T30100,A922RC,31,Net government saving,1984,Current Dollars,Level,6,"-196,697",T30100
T30100,A922RC,31,Net government saving,1985,Current Dollars,Level,6,"-201,650",T30100
T30100,A922RC,31,Net government saving,1986,Current Dollars,Level,6,"-219,913",T30100
T30100,A922RC,31,Net government saving,1987,Current Dollars,Level,6,"-180,101",T30100
T30100,A922RC,31,Net government saving,1988,Current Dollars,Level,6,"-171,256",T30100
T30100,A922RC,31,Net government saving,1989,Current Dollars,Level,6,"-178,705",T30100
T30100,A922RC,31,Net government saving,1990,Current Dollars,Level,6,"-239,547",T30100
T30100,A922RC,31,Net government saving,1991,Current Dollars,Level,6,"-308,546",T30100
T30100,A922RC,31,Net government saving,1992,Current Dollars,Level,6,"-405,573",T30100
T30100,A922RC,31,Net government saving,1993,Current Dollars,Level,6,"-386,150",T30100
T30100,A922RC,31,Net government saving,1994,Current Dollars,Level,6,"-319,860",T30100
T30100,A922RC,31,Net government saving,1995,Current Dollars,Level,6,"-312,946",T30100
T30100,A922RC,31,Net government saving,1996,Current Dollars,Level,6,"-233,613",T30100
T30100,A922RC,31,Net government saving,1997,Current Dollars,Level,6,"-134,400",T30100
T30100,A922RC,31,Net government saving,1998,Current Dollars,Level,6,"-29,322",T30100
T30100,A922RC,31,Net government saving,1999,Current Dollars,Level,6,"29,468",T30100
T30100,A922RC,31,Net government saving,2000,Current Dollars,Level,6,"118,211",T30100
T30100,A922RC,31,Net government saving,2001,Current Dollars,Level,6,"-104,748",T30100
T30100,A922RC,31,Net government saving,2002,Current Dollars,Level,6,"-451,424",T30100
T30100,A922RC,31,Net government saving,2003,Current Dollars,Level,6,"-579,410",T30100
T30100,A922RC,31,Net government saving,2004,Current Dollars,Level,6,"-543,294",T30100
T30100,A922RC,31,Net government saving,2005,Current Dollars,Level,6,"-397,441",T30100
T30100,A922RC,31,Net government saving,2006,Current Dollars,Level,6,"-307,899",T30100
T30100,A922RC,31,Net government saving,2007,Current Dollars,Level,6,"-390,026",T30100
T30100,A922RC,31,Net government saving,2008,Current Dollars,Level,6,"-846,998",T30100
T30100,A922RC,31,Net government saving,2009,Current Dollars,Level,6,"-1,585,470",T30100
T30100,A922RC,31,Net government saving,2010,Current Dollars,Level,6,"-1,627,314",T30100
T30100,A922RC,31,Net government saving,2011,Current Dollars,Level,6,"-1,511,183",T30100
T30100,A922RC,31,Net government saving,2012,Current Dollars,Level,6,"-1,357,481",T30100
T30100,A922RC,31,Net government saving,2013,Current Dollars,Level,6,"-899,947",T30100
T30100,A922RC,31,Net government saving,2014,Current Dollars,Level,6,"-831,574",T30100
T30100,A922RC,31,Net government saving,2015,Current Dollars,Level,6,"-774,000",T30100
T30100,A922RC,31,Net government saving,2016,Current Dollars,Level,6,"-909,461",T30100
T30100,A922RC,31,Net government saving,2017,Current Dollars,Level,6,"-961,639",T30100
T30100,A922RC,31,Net government saving,2018,Current Dollars,Level,6,"-1,106,249",T30100
T30100,A922RC,31,Net government saving,2019,Current Dollars,Level,6,"-1,249,591",T30100
T30100,A922RC,31,Net government saving,2020,Current Dollars,Level,6,"-2,995,581",T30100
T30100,A922RC,31,Net government saving,2021,Current Dollars,Level,6,"-2,618,368",T30100
T30100,A922RC,31,Net government saving,2022,Current Dollars,Level,6,"-936,224",T30100
T30100,A922RC,31,Net government saving,2023,Current Dollars,Level,6,"-1,844,528",T30100
T30100,A922RC,31,Net government saving,2024,Current Dollars,Level,6,"-2,053,168",T30100
T30100,A221RC,32,Social insurance funds,1929,Current Dollars,Level,6,61,T30100
T30100,A221RC,32,Social insurance funds,1930,Current Dollars,Level,6,64,T30100
T30100,A221RC,32,Social insurance funds,1931,Current Dollars,Level,6,56,T30100
T30100,A221RC,32,Social insurance funds,1932,Current Dollars,Level,6,42,T30100
T30100,A221RC,32,Social insurance funds,1933,Current Dollars,Level,6,39,T30100
T30100,A221RC,32,Social insurance funds,1934,Current Dollars,Level,6,39,T30100
T30100,A221RC,32,Social insurance funds,1935,Current Dollars,Level,6,45,T30100
T30100,A221RC,32,Social insurance funds,1936,Current Dollars,Level,6,247,T30100
T30100,A221RC,32,Social insurance funds,1937,Current Dollars,Level,6,"1,387",T30100
T30100,A221RC,32,Social insurance funds,1938,Current Dollars,Level,6,990,T30100
T30100,A221RC,32,Social insurance funds,1939,Current Dollars,Level,6,"1,031",T30100
T30100,A221RC,32,Social insurance funds,1940,Current Dollars,Level,6,"1,036",T30100
T30100,A221RC,32,Social insurance funds,1941,Current Dollars,Level,6,"1,611",T30100
T30100,A221RC,32,Social insurance funds,1942,Current Dollars,Level,6,"2,179",T30100
T30100,A221RC,32,Social insurance funds,1943,Current Dollars,Level,6,"3,290",T30100
T30100,A221RC,32,Social insurance funds,1944,Current Dollars,Level,6,"3,882",T30100
T30100,A221RC,32,Social insurance funds,1945,Current Dollars,Level,6,"4,257",T30100
T30100,A221RC,32,Social insurance funds,1946,Current Dollars,Level,6,"3,276",T30100
T30100,A221RC,32,Social insurance funds,1947,Current Dollars,Level,6,"3,233",T30100
T30100,A221RC,32,Social insurance funds,1948,Current Dollars,Level,6,"2,463",T30100
T30100,A221RC,32,Social insurance funds,1949,Current Dollars,Level,6,"1,551",T30100
T30100,A221RC,32,Social insurance funds,1950,Current Dollars,Level,6,-203,T30100
T30100,A221RC,32,Social insurance funds,1951,Current Dollars,Level,6,"2,675",T30100
T30100,A221RC,32,Social insurance funds,1952,Current Dollars,Level,6,"2,724",T30100
T30100,A221RC,32,Social insurance funds,1953,Current Dollars,Level,6,"2,157",T30100
T30100,A221RC,32,Social insurance funds,1954,Current Dollars,Level,6,"1,267",T30100
T30100,A221RC,32,Social insurance funds,1955,Current Dollars,Level,6,"1,620",T30100
T30100,A221RC,32,Social insurance funds,1956,Current Dollars,Level,6,"1,782",T30100
T30100,A221RC,32,Social insurance funds,1957,Current Dollars,Level,6,"1,172",T30100
T30100,A221RC,32,Social insurance funds,1958,Current Dollars,Level,6,"-2,633",T30100
T30100,A221RC,32,Social insurance funds,1959,Current Dollars,Level,6,-660,T30100
T30100,A221RC,32,Social insurance funds,1960,Current Dollars,Level,6,409,T30100
T30100,A221RC,32,Social insurance funds,1961,Current Dollars,Level,6,"-2,328",T30100
T30100,A221RC,32,Social insurance funds,1962,Current Dollars,Level,6,-571,T30100
T30100,A221RC,32,Social insurance funds,1963,Current Dollars,Level,6,858,T30100
T30100,A221RC,32,Social insurance funds,1964,Current Dollars,Level,6,"1,293",T30100
T30100,A221RC,32,Social insurance funds,1965,Current Dollars,Level,6,519,T30100
T30100,A221RC,32,Social insurance funds,1966,Current Dollars,Level,6,"6,113",T30100
T30100,A221RC,32,Social insurance funds,1967,Current Dollars,Level,6,"4,233",T30100
T30100,A221RC,32,Social insurance funds,1968,Current Dollars,Level,6,"3,308",T30100
T30100,A221RC,32,Social insurance funds,1969,Current Dollars,Level,6,"5,851",T30100
T30100,A221RC,32,Social insurance funds,1970,Current Dollars,Level,6,"1,134",T30100
T30100,A221RC,32,Social insurance funds,1971,Current Dollars,Level,6,"-2,786",T30100
T30100,A221RC,32,Social insurance funds,1972,Current Dollars,Level,6,-389,T30100
T30100,A221RC,32,Social insurance funds,1973,Current Dollars,Level,6,"6,177",T30100
T30100,A221RC,32,Social insurance funds,1974,Current Dollars,Level,6,"3,574",T30100
T30100,A221RC,32,Social insurance funds,1975,Current Dollars,Level,6,"-15,828",T30100
T30100,A221RC,32,Social insurance funds,1976,Current Dollars,Level,6,"-15,437",T30100
T30100,A221RC,32,Social insurance funds,1977,Current Dollars,Level,6,"-13,091",T30100
T30100,A221RC,32,Social insurance funds,1978,Current Dollars,Level,6,"-3,231",T30100
T30100,A221RC,32,Social insurance funds,1979,Current Dollars,Level,6,"1,702",T30100
T30100,A221RC,32,Social insurance funds,1980,Current Dollars,Level,6,"-14,482",T30100
T30100,A221RC,32,Social insurance funds,1981,Current Dollars,Level,6,"-13,005",T30100
T30100,A221RC,32,Social insurance funds,1982,Current Dollars,Level,6,"-33,183",T30100
T30100,A221RC,32,Social insurance funds,1983,Current Dollars,Level,6,"-36,691",T30100
T30100,A221RC,32,Social insurance funds,1984,Current Dollars,Level,6,"-7,976",T30100
T30100,A221RC,32,Social insurance funds,1985,Current Dollars,Level,6,"2,148",T30100
T30100,A221RC,32,Social insurance funds,1986,Current Dollars,Level,6,"7,470",T30100
T30100,A221RC,32,Social insurance funds,1987,Current Dollars,Level,6,"16,608",T30100
T30100,A221RC,32,Social insurance funds,1988,Current Dollars,Level,6,"41,514",T30100
T30100,A221RC,32,Social insurance funds,1989,Current Dollars,Level,6,"44,911",T30100
T30100,A221RC,32,Social insurance funds,1990,Current Dollars,Level,6,"44,291",T30100
T30100,A221RC,32,Social insurance funds,1991,Current Dollars,Level,6,"26,953",T30100
T30100,A221RC,32,Social insurance funds,1992,Current Dollars,Level,6,"8,433",T30100
T30100,A221RC,32,Social insurance funds,1993,Current Dollars,Level,6,"6,947",T30100
T30100,A221RC,32,Social insurance funds,1994,Current Dollars,Level,6,"19,915",T30100
T30100,A221RC,32,Social insurance funds,1995,Current Dollars,Level,6,"19,580",T30100
T30100,A221RC,32,Social insurance funds,1996,Current Dollars,Level,6,"15,636",T30100
T30100,A221RC,32,Social insurance funds,1997,Current Dollars,Level,6,"30,012",T30100
T30100,A221RC,32,Social insurance funds,1998,Current Dollars,Level,6,"59,874",T30100
T30100,A221RC,32,Social insurance funds,1999,Current Dollars,Level,6,"93,940",T30100
T30100,A221RC,32,Social insurance funds,2000,Current Dollars,Level,6,"115,944",T30100
T30100,A221RC,32,Social insurance funds,2001,Current Dollars,Level,6,"90,274",T30100
T30100,A221RC,32,Social insurance funds,2002,Current Dollars,Level,6,"50,087",T30100
T30100,A221RC,32,Social insurance funds,2003,Current Dollars,Level,6,"40,754",T30100
T30100,A221RC,32,Social insurance funds,2004,Current Dollars,Level,6,"58,095",T30100
T30100,A221RC,32,Social insurance funds,2005,Current Dollars,Level,6,"55,224",T30100
T30100,A221RC,32,Social insurance funds,2006,Current Dollars,Level,6,"16,932",T30100
T30100,A221RC,32,Social insurance funds,2007,Current Dollars,Level,6,-391,T30100
T30100,A221RC,32,Social insurance funds,2008,Current Dollars,Level,6,"-51,915",T30100
T30100,A221RC,32,Social insurance funds,2009,Current Dollars,Level,6,"-250,637",T30100
T30100,A221RC,32,Social insurance funds,2010,Current Dollars,Level,6,"-289,663",T30100
T30100,A221RC,32,Social insurance funds,2011,Current Dollars,Level,6,"-269,109",T30100
T30100,A221RC,32,Social insurance funds,2012,Current Dollars,Level,6,"-285,821",T30100
T30100,A221RC,32,Social insurance funds,2013,Current Dollars,Level,6,"-286,558",T30100
T30100,A221RC,32,Social insurance funds,2014,Current Dollars,Level,6,"-284,275",T30100
T30100,A221RC,32,Social insurance funds,2015,Current Dollars,Level,6,"-307,127",T30100
T30100,A221RC,32,Social insurance funds,2016,Current Dollars,Level,6,"-325,669",T30100
T30100,A221RC,32,Social insurance funds,2017,Current Dollars,Level,6,"-323,661",T30100
T30100,A221RC,32,Social insurance funds,2018,Current Dollars,Level,6,"-350,191",T30100
T30100,A221RC,32,Social insurance funds,2019,Current Dollars,Level,6,"-407,409",T30100
T30100,A221RC,32,Social insurance funds,2020,Current Dollars,Level,6,"-985,479",T30100
T30100,A221RC,32,Social insurance funds,2021,Current Dollars,Level,6,"-768,607",T30100
T30100,A221RC,32,Social insurance funds,2022,Current Dollars,Level,6,"-484,490",T30100
T30100,A221RC,32,Social insurance funds,2023,Current Dollars,Level,6,"-627,693",T30100
T30100,A221RC,32,Social insurance funds,2024,Current Dollars,Level,6,"-677,108",T30100
T30100,A221RC,32,Social insurance funds,2025,Current Dollars,Level,6,"-836,343",T30100
T30100,A391RC,33,Other,1929,Current Dollars,Level,6,"2,013",T30100
T30100,A391RC,33,Other,1930,Current Dollars,Level,6,"1,009",T30100
T30100,A391RC,33,Other,1931,Current Dollars,Level,6,"-1,682",T30100
T30100,A391RC,33,Other,1932,Current Dollars,Level,6,"-1,196",T30100
T30100,A391RC,33,Other,1933,Current Dollars,Level,6,"-1,034",T30100
T30100,A391RC,33,Other,1934,Current Dollars,Level,6,"-1,574",T30100
T30100,A391RC,33,Other,1935,Current Dollars,Level,6,"-1,374",T30100
T30100,A391RC,33,Other,1936,Current Dollars,Level,6,"-1,792",T30100
T30100,A391RC,33,Other,1937,Current Dollars,Level,6,176,T30100
T30100,A391RC,33,Other,1938,Current Dollars,Level,6,"-1,097",T30100
T30100,A391RC,33,Other,1939,Current Dollars,Level,6,"-1,891",T30100
T30100,A391RC,33,Other,1940,Current Dollars,Level,6,-450,T30100
T30100,A391RC,33,Other,1941,Current Dollars,Level,6,548,T30100
T30100,A391RC,33,Other,1942,Current Dollars,Level,6,"-12,480",T30100
T30100,A391RC,33,Other,1943,Current Dollars,Level,6,"-19,331",T30100
T30100,A391RC,33,Other,1944,Current Dollars,Level,6,"-32,180",T30100
T30100,A391RC,33,Other,1945,Current Dollars,Level,6,"-35,158",T30100
T30100,A391RC,33,Other,1946,Current Dollars,Level,6,"-10,563",T30100
T30100,A391RC,33,Other,1947,Current Dollars,Level,6,-706,T30100
T30100,A391RC,33,Other,1948,Current Dollars,Level,6,"-1,418",T30100
T30100,A391RC,33,Other,1949,Current Dollars,Level,6,"-9,524",T30100
T30100,A391RC,33,Other,1950,Current Dollars,Level,6,"2,399",T30100
T30100,A391RC,33,Other,1951,Current Dollars,Level,6,"3,426",T30100
T30100,A391RC,33,Other,1952,Current Dollars,Level,6,"-2,966",T30100
T30100,A391RC,33,Other,1953,Current Dollars,Level,6,"-3,987",T30100
T30100,A391RC,33,Other,1954,Current Dollars,Level,6,"-7,223",T30100
T30100,A391RC,33,Other,1955,Current Dollars,Level,6,-8,T30100
T30100,A391RC,33,Other,1956,Current Dollars,Level,6,"2,610",T30100
T30100,A391RC,33,Other,1957,Current Dollars,Level,6,"-1,145",T30100
T30100,A391RC,33,Other,1958,Current Dollars,Level,6,"-8,247",T30100
T30100,A391RC,33,Other,1959,Current Dollars,Level,6,"-1,157",T30100
T30100,A391RC,33,Other,1960,Current Dollars,Level,6,"2,265",T30100
T30100,A391RC,33,Other,1961,Current Dollars,Level,6,-207,T30100
T30100,A391RC,33,Other,1962,Current Dollars,Level,6,"-1,747",T30100
T30100,A391RC,33,Other,1963,Current Dollars,Level,6,259,T30100
T30100,A391RC,33,Other,1964,Current Dollars,Level,6,"-4,265",T30100
T30100,A391RC,33,Other,1965,Current Dollars,Level,6,"-2,370",T30100
T30100,A391RC,33,Other,1966,Current Dollars,Level,6,"-8,374",T30100
T30100,A391RC,33,Other,1967,Current Dollars,Level,6,"-19,750",T30100
T30100,A391RC,33,Other,1968,Current Dollars,Level,6,"-13,607",T30100
T30100,A391RC,33,Other,1969,Current Dollars,Level,6,"-7,876",T30100
T30100,A391RC,33,Other,1970,Current Dollars,Level,6,"-34,508",T30100
T30100,A391RC,33,Other,1971,Current Dollars,Level,6,"-49,394",T30100
T30100,A391RC,33,Other,1972,Current Dollars,Level,6,"-42,550",T30100
T30100,A391RC,33,Other,1973,Current Dollars,Level,6,"-38,900",T30100
T30100,A391RC,33,Other,1974,Current Dollars,Level,6,"-47,246",T30100
T30100,A391RC,33,Other,1975,Current Dollars,Level,6,"-92,821",T30100
T30100,A391RC,33,Other,1976,Current Dollars,Level,6,"-69,901",T30100
T30100,A391RC,33,Other,1977,Current Dollars,Level,6,"-59,841",T30100
T30100,A391RC,33,Other,1978,Current Dollars,Level,6,"-53,956",T30100
T30100,A391RC,33,Other,1979,Current Dollars,Level,6,"-50,285",T30100
T30100,A391RC,33,Other,1980,Current Dollars,Level,6,"-80,200",T30100
T30100,A391RC,33,Other,1981,Current Dollars,Level,6,"-85,234",T30100
T30100,A391RC,33,Other,1982,Current Dollars,Level,6,"-156,930",T30100
T30100,A391RC,33,Other,1983,Current Dollars,Level,6,"-188,923",T30100
T30100,A391RC,33,Other,1984,Current Dollars,Level,6,"-188,721",T30100
T30100,A391RC,33,Other,1985,Current Dollars,Level,6,"-203,798",T30100
T30100,A391RC,33,Other,1986,Current Dollars,Level,6,"-227,383",T30100
T30100,A391RC,33,Other,1987,Current Dollars,Level,6,"-196,709",T30100
T30100,A391RC,33,Other,1988,Current Dollars,Level,6,"-212,770",T30100
T30100,A391RC,33,Other,1989,Current Dollars,Level,6,"-223,616",T30100
T30100,A391RC,33,Other,1990,Current Dollars,Level,6,"-283,838",T30100
T30100,A391RC,33,Other,1991,Current Dollars,Level,6,"-335,499",T30100
T30100,A391RC,33,Other,1992,Current Dollars,Level,6,"-414,006",T30100
T30100,A391RC,33,Other,1993,Current Dollars,Level,6,"-393,097",T30100
T30100,A391RC,33,Other,1994,Current Dollars,Level,6,"-339,775",T30100
T30100,A391RC,33,Other,1995,Current Dollars,Level,6,"-332,526",T30100
T30100,A391RC,33,Other,1996,Current Dollars,Level,6,"-249,249",T30100
T30100,A391RC,33,Other,1997,Current Dollars,Level,6,"-164,412",T30100
T30100,A391RC,33,Other,1998,Current Dollars,Level,6,"-89,196",T30100
T30100,A391RC,33,Other,1999,Current Dollars,Level,6,"-64,472",T30100
T30100,A391RC,33,Other,2000,Current Dollars,Level,6,"2,267",T30100
T30100,A391RC,33,Other,2001,Current Dollars,Level,6,"-195,022",T30100
T30100,A391RC,33,Other,2002,Current Dollars,Level,6,"-501,511",T30100
T30100,A391RC,33,Other,2003,Current Dollars,Level,6,"-620,164",T30100
T30100,A391RC,33,Other,2004,Current Dollars,Level,6,"-601,389",T30100
T30100,A391RC,33,Other,2005,Current Dollars,Level,6,"-452,665",T30100
T30100,A391RC,33,Other,2006,Current Dollars,Level,6,"-324,831",T30100
T30100,A391RC,33,Other,2007,Current Dollars,Level,6,"-389,635",T30100
T30100,A391RC,33,Other,2008,Current Dollars,Level,6,"-795,083",T30100
T30100,A391RC,33,Other,2009,Current Dollars,Level,6,"-1,334,832",T30100
T30100,A391RC,33,Other,2010,Current Dollars,Level,6,"-1,337,651",T30100
T30100,A391RC,33,Other,2011,Current Dollars,Level,6,"-1,242,073",T30100
T30100,A391RC,33,Other,2012,Current Dollars,Level,6,"-1,071,660",T30100
T30100,A391RC,33,Other,2013,Current Dollars,Level,6,"-613,389",T30100
T30100,A391RC,33,Other,2014,Current Dollars,Level,6,"-547,299",T30100
T30100,A391RC,33,Other,2015,Current Dollars,Level,6,"-466,873",T30100
T30100,A391RC,33,Other,2016,Current Dollars,Level,6,"-583,792",T30100
T30100,A391RC,33,Other,2017,Current Dollars,Level,6,"-637,978",T30100
T30100,A391RC,33,Other,2018,Current Dollars,Level,6,"-756,059",T30100
T30100,A391RC,33,Other,2019,Current Dollars,Level,6,"-842,182",T30100
T30100,A391RC,33,Other,2020,Current Dollars,Level,6,"-2,010,102",T30100
T30100,A391RC,33,Other,2021,Current Dollars,Level,6,"-1,849,761",T30100
T30100,A391RC,33,Other,2022,Current Dollars,Level,6,"-451,735",T30100
T30100,A391RC,33,Other,2023,Current Dollars,Level,6,"-1,216,834",T30100
T30100,A391RC,33,Other,2024,Current Dollars,Level,6,"-1,376,060",T30100
T30100,W066RC,34,Total receipts,1929,Current Dollars,Level,6,"10,769",T30100
T30100,W066RC,34,Total receipts,1930,Current Dollars,Level,6,"10,217",T30100
T30100,W066RC,34,Total receipts,1931,Current Dollars,Level,6,"8,908",T30100
T30100,W066RC,34,Total receipts,1932,Current Dollars,Level,6,"8,338",T30100
T30100,W066RC,34,Total receipts,1933,Current Dollars,Level,6,"8,806",T30100
T30100,W066RC,34,Total receipts,1934,Current Dollars,Level,6,"9,924",T30100
T30100,W066RC,34,Total receipts,1935,Current Dollars,Level,6,"10,816",T30100
T30100,W066RC,34,Total receipts,1936,Current Dollars,Level,6,"12,383",T30100
T30100,W066RC,34,Total receipts,1937,Current Dollars,Level,6,"14,792",T30100
T30100,W066RC,34,Total receipts,1938,Current Dollars,Level,6,"14,395",T30100
T30100,W066RC,34,Total receipts,1939,Current Dollars,Level,6,"14,737",T30100
T30100,W066RC,34,Total receipts,1940,Current Dollars,Level,6,"17,073",T30100
T30100,W066RC,34,Total receipts,1941,Current Dollars,Level,6,"24,276",T30100
T30100,W066RC,34,Total receipts,1942,Current Dollars,Level,6,"31,800",T30100
T30100,W066RC,34,Total receipts,1943,Current Dollars,Level,6,"48,185",T30100
T30100,W066RC,34,Total receipts,1944,Current Dollars,Level,6,"50,114",T30100
T30100,W066RC,34,Total receipts,1945,Current Dollars,Level,6,"52,161",T30100
T30100,W066RC,34,Total receipts,1946,Current Dollars,Level,6,"51,265",T30100
T30100,W066RC,34,Total receipts,1947,Current Dollars,Level,6,"56,391",T30100
T30100,W066RC,34,Total receipts,1948,Current Dollars,Level,6,"57,825",T30100
T30100,W066RC,34,Total receipts,1949,Current Dollars,Level,6,"54,503",T30100
T30100,W066RC,34,Total receipts,1950,Current Dollars,Level,6,"66,916",T30100
T30100,W066RC,34,Total receipts,1951,Current Dollars,Level,6,"82,859",T30100
T30100,W066RC,34,Total receipts,1952,Current Dollars,Level,6,"87,498",T30100
T30100,W066RC,34,Total receipts,1953,Current Dollars,Level,6,"91,948",T30100
T30100,W066RC,34,Total receipts,1954,Current Dollars,Level,6,"87,096",T30100
T30100,W066RC,34,Total receipts,1955,Current Dollars,Level,6,"97,909",T30100
T30100,W066RC,34,Total receipts,1956,Current Dollars,Level,6,"105,751",T30100
T30100,W066RC,34,Total receipts,1957,Current Dollars,Level,6,"111,584",T30100
T30100,W066RC,34,Total receipts,1958,Current Dollars,Level,6,"109,861",T30100
T30100,W066RC,34,Total receipts,1959,Current Dollars,Level,6,"124,354",T30100
T30100,W066RC,34,Total receipts,1960,Current Dollars,Level,6,"136,168",T30100
T30100,W066RC,34,Total receipts,1961,Current Dollars,Level,6,"141,040",T30100
T30100,W066RC,34,Total receipts,1962,Current Dollars,Level,6,"152,706",T30100
T30100,W066RC,34,Total receipts,1963,Current Dollars,Level,6,"164,513",T30100
T30100,W066RC,34,Total receipts,1964,Current Dollars,Level,6,"169,418",T30100
T30100,W066RC,34,Total receipts,1965,Current Dollars,Level,6,"183,370",T30100
T30100,W066RC,34,Total receipts,1966,Current Dollars,Level,6,"206,101",T30100
T30100,W066RC,34,Total receipts,1967,Current Dollars,Level,6,"221,017",T30100
T30100,W066RC,34,Total receipts,1968,Current Dollars,Level,6,"255,440",T30100
T30100,W066RC,34,Total receipts,1969,Current Dollars,Level,6,"287,310",T30100
T30100,W066RC,34,Total receipts,1970,Current Dollars,Level,6,"290,611",T30100
T30100,W066RC,34,Total receipts,1971,Current Dollars,Level,6,"308,107",T30100
T30100,W066RC,34,Total receipts,1972,Current Dollars,Level,6,"352,413",T30100
T30100,W066RC,34,Total receipts,1973,Current Dollars,Level,6,"395,390",T30100
T30100,W066RC,34,Total receipts,1974,Current Dollars,Level,6,"436,537",T30100
T30100,W066RC,34,Total receipts,1975,Current Dollars,Level,6,"447,676",T30100
T30100,W066RC,34,Total receipts,1976,Current Dollars,Level,6,"512,921",T30100
T30100,W066RC,34,Total receipts,1977,Current Dollars,Level,6,"576,673",T30100
T30100,W066RC,34,Total receipts,1978,Current Dollars,Level,6,"653,314",T30100
T30100,W066RC,34,Total receipts,1979,Current Dollars,Level,6,"736,883",T30100
T30100,W066RC,34,Total receipts,1980,Current Dollars,Level,6,"808,672",T30100
T30100,W066RC,34,Total receipts,1981,Current Dollars,Level,6,"928,389",T30100
T30100,W066RC,34,Total receipts,1982,Current Dollars,Level,6,"951,024",T30100
T30100,W066RC,34,Total receipts,1983,Current Dollars,Level,6,"1,010,393",T30100
T30100,W066RC,34,Total receipts,1984,Current Dollars,Level,6,"1,123,318",T30100
T30100,W066RC,34,Total receipts,1985,Current Dollars,Level,6,"1,225,970",T30100
T30100,W066RC,34,Total receipts,1986,Current Dollars,Level,6,"1,302,875",T30100
T30100,W066RC,34,Total receipts,1987,Current Dollars,Level,6,"1,417,217",T30100
T30100,W066RC,34,Total receipts,1988,Current Dollars,Level,6,"1,518,179",T30100
T30100,W066RC,34,Total receipts,1989,Current Dollars,Level,6,"1,644,432",T30100
T30100,W066RC,34,Total receipts,1990,Current Dollars,Level,6,"1,729,076",T30100
T30100,W066RC,34,Total receipts,1991,Current Dollars,Level,6,"1,779,240",T30100
T30100,W066RC,34,Total receipts,1992,Current Dollars,Level,6,"1,864,434",T30100
T30100,W066RC,34,Total receipts,1993,Current Dollars,Level,6,"1,970,776",T30100
T30100,W066RC,34,Total receipts,1994,Current Dollars,Level,6,"2,117,552",T30100
T30100,W066RC,34,Total receipts,1995,Current Dollars,Level,6,"2,243,553",T30100
T30100,W066RC,34,Total receipts,1996,Current Dollars,Level,6,"2,411,260",T30100
T30100,W066RC,34,Total receipts,1997,Current Dollars,Level,6,"2,592,448",T30100
T30100,W066RC,34,Total receipts,1998,Current Dollars,Level,6,"2,770,425",T30100
T30100,W066RC,34,Total receipts,1999,Current Dollars,Level,6,"2,945,625",T30100
T30100,W066RC,34,Total receipts,2000,Current Dollars,Level,6,"3,173,795",T30100
T30100,W066RC,34,Total receipts,2001,Current Dollars,Level,6,"3,161,842",T30100
T30100,W066RC,34,Total receipts,2002,Current Dollars,Level,6,"3,000,996",T30100
T30100,W066RC,34,Total receipts,2003,Current Dollars,Level,6,"3,072,971",T30100
T30100,W066RC,34,Total receipts,2004,Current Dollars,Level,6,"3,304,503",T30100
T30100,W066RC,34,Total receipts,2005,Current Dollars,Level,6,"3,710,299",T30100
T30100,W066RC,34,Total receipts,2006,Current Dollars,Level,6,"4,045,241",T30100
T30100,W066RC,34,Total receipts,2007,Current Dollars,Level,6,"4,241,518",T30100
T30100,W066RC,34,Total receipts,2008,Current Dollars,Level,6,"4,158,669",T30100
T30100,W066RC,34,Total receipts,2009,Current Dollars,Level,6,"3,723,729",T30100
T30100,W066RC,34,Total receipts,2010,Current Dollars,Level,6,"3,952,568",T30100
T30100,W066RC,34,Total receipts,2011,Current Dollars,Level,6,"4,143,013",T30100
T30100,W066RC,34,Total receipts,2012,Current Dollars,Level,6,"4,331,521",T30100
T30100,W066RC,34,Total receipts,2013,Current Dollars,Level,6,"4,855,744",T30100
T30100,W066RC,34,Total receipts,2014,Current Dollars,Level,6,"5,077,914",T30100
T30100,W066RC,34,Total receipts,2015,Current Dollars,Level,6,"5,311,075",T30100
T30100,W066RC,34,Total receipts,2016,Current Dollars,Level,6,"5,354,473",T30100
T30100,W066RC,34,Total receipts,2017,Current Dollars,Level,6,"5,720,083",T30100
T30100,W066RC,34,Total receipts,2018,Current Dollars,Level,6,"5,672,593",T30100
T30100,W066RC,34,Total receipts,2019,Current Dollars,Level,6,"5,905,298",T30100
T30100,W066RC,34,Total receipts,2020,Current Dollars,Level,6,"5,997,316",T30100
T30100,W066RC,34,Total receipts,2021,Current Dollars,Level,6,"6,934,295",T30100
T30100,W066RC,34,Total receipts,2022,Current Dollars,Level,6,"7,939,470",T30100
T30100,W066RC,34,Total receipts,2023,Current Dollars,Level,6,"7,557,234",T30100
T30100,W066RC,34,Total receipts,2024,Current Dollars,Level,6,"8,057,709",T30100
T30100,W021RC,35,Current receipts,1929,Current Dollars,Level,6,"10,544",T30100
T30100,W021RC,35,Current receipts,1930,Current Dollars,Level,6,"9,975",T30100
T30100,W021RC,35,Current receipts,1931,Current Dollars,Level,6,"8,685",T30100
T30100,W021RC,35,Current receipts,1932,Current Dollars,Level,6,"8,171",T30100
T30100,W021RC,35,Current receipts,1933,Current Dollars,Level,6,"8,628",T30100
T30100,W021RC,35,Current receipts,1934,Current Dollars,Level,6,"9,700",T30100
T30100,W021RC,35,Current receipts,1935,Current Dollars,Level,6,"10,462",T30100
T30100,W021RC,35,Current receipts,1936,Current Dollars,Level,6,"11,886",T30100
T30100,W021RC,35,Current receipts,1937,Current Dollars,Level,6,"14,266",T30100
T30100,W021RC,35,Current receipts,1938,Current Dollars,Level,6,"13,873",T30100
T30100,W021RC,35,Current receipts,1939,Current Dollars,Level,6,"14,249",T30100
T30100,W021RC,35,Current receipts,1940,Current Dollars,Level,6,"16,622",T30100
T30100,W021RC,35,Current receipts,1941,Current Dollars,Level,6,"23,764",T30100
T30100,W021RC,35,Current receipts,1942,Current Dollars,Level,6,"31,224",T30100
T30100,W021RC,35,Current receipts,1943,Current Dollars,Level,6,"47,619",T30100
T30100,W021RC,35,Current receipts,1944,Current Dollars,Level,6,"49,432",T30100
T30100,W021RC,35,Current receipts,1945,Current Dollars,Level,6,"51,366",T30100
T30100,W021RC,35,Current receipts,1946,Current Dollars,Level,6,"50,387",T30100
T30100,W021RC,35,Current receipts,1947,Current Dollars,Level,6,"55,395",T30100
T30100,W021RC,35,Current receipts,1948,Current Dollars,Level,6,"56,757",T30100
T30100,W021RC,35,Current receipts,1949,Current Dollars,Level,6,"53,588",T30100
T30100,W021RC,35,Current receipts,1950,Current Dollars,Level,6,"66,091",T30100
T30100,W021RC,35,Current receipts,1951,Current Dollars,Level,6,"81,919",T30100
T30100,W021RC,35,Current receipts,1952,Current Dollars,Level,6,"86,443",T30100
T30100,W021RC,35,Current receipts,1953,Current Dollars,Level,6,"90,800",T30100
T30100,W021RC,35,Current receipts,1954,Current Dollars,Level,6,"85,933",T30100
T30100,W021RC,35,Current receipts,1955,Current Dollars,Level,6,"96,656",T30100
T30100,W021RC,35,Current receipts,1956,Current Dollars,Level,6,"104,147",T30100
T30100,W021RC,35,Current receipts,1957,Current Dollars,Level,6,"109,797",T30100
T30100,W021RC,35,Current receipts,1958,Current Dollars,Level,6,"108,166",T30100
T30100,W021RC,35,Current receipts,1959,Current Dollars,Level,6,"122,549",T30100
T30100,W021RC,35,Current receipts,1960,Current Dollars,Level,6,"133,926",T30100
T30100,W021RC,35,Current receipts,1961,Current Dollars,Level,6,"138,531",T30100
T30100,W021RC,35,Current receipts,1962,Current Dollars,Level,6,"150,068",T30100
T30100,W021RC,35,Current receipts,1963,Current Dollars,Level,6,"161,628",T30100
T30100,W021RC,35,Current receipts,1964,Current Dollars,Level,6,"166,113",T30100
T30100,W021RC,35,Current receipts,1965,Current Dollars,Level,6,"179,762",T30100
T30100,W021RC,35,Current receipts,1966,Current Dollars,Level,6,"202,215",T30100
T30100,W021RC,35,Current receipts,1967,Current Dollars,Level,6,"217,039",T30100
T30100,W021RC,35,Current receipts,1968,Current Dollars,Level,6,"251,352",T30100
T30100,W021RC,35,Current receipts,1969,Current Dollars,Level,6,"282,685",T30100
T30100,W021RC,35,Current receipts,1970,Current Dollars,Level,6,"285,847",T30100
T30100,W021RC,35,Current receipts,1971,Current Dollars,Level,6,"302,310",T30100
T30100,W021RC,35,Current receipts,1972,Current Dollars,Level,6,"345,609",T30100
T30100,W021RC,35,Current receipts,1973,Current Dollars,Level,6,"388,789",T30100
T30100,W021RC,35,Current receipts,1974,Current Dollars,Level,6,"430,239",T30100
T30100,W021RC,35,Current receipts,1975,Current Dollars,Level,6,"441,228",T30100
T30100,W021RC,35,Current receipts,1976,Current Dollars,Level,6,"505,685",T30100
T30100,W021RC,35,Current receipts,1977,Current Dollars,Level,6,"567,397",T30100
T30100,W021RC,35,Current receipts,1978,Current Dollars,Level,6,"646,125",T30100
T30100,W021RC,35,Current receipts,1979,Current Dollars,Level,6,"729,342",T30100
T30100,W021RC,35,Current receipts,1980,Current Dollars,Level,6,"799,894",T30100
T30100,W021RC,35,Current receipts,1981,Current Dollars,Level,6,"919,127",T30100
T30100,W021RC,35,Current receipts,1982,Current Dollars,Level,6,"940,921",T30100
T30100,W021RC,35,Current receipts,1983,Current Dollars,Level,6,"1,002,103",T30100
T30100,W021RC,35,Current receipts,1984,Current Dollars,Level,6,"1,114,958",T30100
T30100,W021RC,35,Current receipts,1985,Current Dollars,Level,6,"1,217,036",T30100
T30100,W021RC,35,Current receipts,1986,Current Dollars,Level,6,"1,292,856",T30100
T30100,W021RC,35,Current receipts,1987,Current Dollars,Level,6,"1,406,641",T30100
T30100,W021RC,35,Current receipts,1988,Current Dollars,Level,6,"1,507,065",T30100
T30100,W021RC,35,Current receipts,1989,Current Dollars,Level,6,"1,631,997",T30100
T30100,W021RC,35,Current receipts,1990,Current Dollars,Level,6,"1,713,321",T30100
T30100,W021RC,35,Current receipts,1991,Current Dollars,Level,6,"1,763,643",T30100
T30100,W021RC,35,Current receipts,1992,Current Dollars,Level,6,"1,848,639",T30100
T30100,W021RC,35,Current receipts,1993,Current Dollars,Level,6,"1,953,139",T30100
T30100,W021RC,35,Current receipts,1994,Current Dollars,Level,6,"2,097,324",T30100
T30100,W021RC,35,Current receipts,1995,Current Dollars,Level,6,"2,223,514",T30100
T30100,W021RC,35,Current receipts,1996,Current Dollars,Level,6,"2,388,150",T30100
T30100,W021RC,35,Current receipts,1997,Current Dollars,Level,6,"2,565,474",T30100
T30100,W021RC,35,Current receipts,1998,Current Dollars,Level,6,"2,738,032",T30100
T30100,W021RC,35,Current receipts,1999,Current Dollars,Level,6,"2,908,920",T30100
T30100,W021RC,35,Current receipts,2000,Current Dollars,Level,6,"3,138,155",T30100
T30100,W021RC,35,Current receipts,2001,Current Dollars,Level,6,"3,124,420",T30100
T30100,W021RC,35,Current receipts,2002,Current Dollars,Level,6,"2,968,342",T30100
T30100,W021RC,35,Current receipts,2003,Current Dollars,Level,6,"3,044,626",T30100
T30100,W021RC,35,Current receipts,2004,Current Dollars,Level,6,"3,274,148",T30100
T30100,W021RC,35,Current receipts,2005,Current Dollars,Level,6,"3,677,824",T30100
T30100,W021RC,35,Current receipts,2006,Current Dollars,Level,6,"4,012,163",T30100
T30100,W021RC,35,Current receipts,2007,Current Dollars,Level,6,"4,209,591",T30100
T30100,W021RC,35,Current receipts,2008,Current Dollars,Level,6,"4,124,974",T30100
T30100,W021RC,35,Current receipts,2009,Current Dollars,Level,6,"3,698,523",T30100
T30100,W021RC,35,Current receipts,2010,Current Dollars,Level,6,"3,932,669",T30100
T30100,W021RC,35,Current receipts,2011,Current Dollars,Level,6,"4,128,292",T30100
T30100,W021RC,35,Current receipts,2012,Current Dollars,Level,6,"4,309,630",T30100
T30100,W021RC,35,Current receipts,2013,Current Dollars,Level,6,"4,829,565",T30100
T30100,W021RC,35,Current receipts,2014,Current Dollars,Level,6,"5,054,116",T30100
T30100,W021RC,35,Current receipts,2015,Current Dollars,Level,6,"5,285,526",T30100
T30100,W021RC,35,Current receipts,2016,Current Dollars,Level,6,"5,329,196",T30100
T30100,W021RC,35,Current receipts,2017,Current Dollars,Level,6,"5,456,863",T30100
T30100,W021RC,35,Current receipts,2018,Current Dollars,Level,6,"5,643,690",T30100
T30100,W021RC,35,Current receipts,2019,Current Dollars,Level,6,"5,883,851",T30100
T30100,W021RC,35,Current receipts,2020,Current Dollars,Level,6,"5,971,021",T30100
T30100,W021RC,35,Current receipts,2021,Current Dollars,Level,6,"6,896,410",T30100
T30100,W021RC,35,Current receipts,2022,Current Dollars,Level,6,"7,856,594",T30100
T30100,W021RC,35,Current receipts,2023,Current Dollars,Level,6,"7,514,347",T30100
T30100,W021RC,35,Current receipts,2024,Current Dollars,Level,6,"8,008,290",T30100
T30100,W067RC,36,Capital transfer receipts,1929,Current Dollars,Level,6,225,T30100
T30100,W067RC,36,Capital transfer receipts,1930,Current Dollars,Level,6,242,T30100
T30100,W067RC,36,Capital transfer receipts,1931,Current Dollars,Level,6,223,T30100
T30100,W067RC,36,Capital transfer receipts,1932,Current Dollars,Level,6,167,T30100
T30100,W067RC,36,Capital transfer receipts,1933,Current Dollars,Level,6,178,T30100
T30100,W067RC,36,Capital transfer receipts,1934,Current Dollars,Level,6,224,T30100
T30100,W067RC,36,Capital transfer receipts,1935,Current Dollars,Level,6,354,T30100
T30100,W067RC,36,Capital transfer receipts,1936,Current Dollars,Level,6,497,T30100
T30100,W067RC,36,Capital transfer receipts,1937,Current Dollars,Level,6,526,T30100
T30100,W067RC,36,Capital transfer receipts,1938,Current Dollars,Level,6,522,T30100
T30100,W067RC,36,Capital transfer receipts,1939,Current Dollars,Level,6,488,T30100
T30100,W067RC,36,Capital transfer receipts,1940,Current Dollars,Level,6,451,T30100
T30100,W067RC,36,Capital transfer receipts,1941,Current Dollars,Level,6,512,T30100
T30100,W067RC,36,Capital transfer receipts,1942,Current Dollars,Level,6,576,T30100
T30100,W067RC,36,Capital transfer receipts,1943,Current Dollars,Level,6,566,T30100
T30100,W067RC,36,Capital transfer receipts,1944,Current Dollars,Level,6,682,T30100
T30100,W067RC,36,Capital transfer receipts,1945,Current Dollars,Level,6,795,T30100
T30100,W067RC,36,Capital transfer receipts,1946,Current Dollars,Level,6,878,T30100
T30100,W067RC,36,Capital transfer receipts,1947,Current Dollars,Level,6,996,T30100
T30100,W067RC,36,Capital transfer receipts,1948,Current Dollars,Level,6,"1,068",T30100
T30100,W067RC,36,Capital transfer receipts,1949,Current Dollars,Level,6,915,T30100
T30100,W067RC,36,Capital transfer receipts,1950,Current Dollars,Level,6,825,T30100
T30100,W067RC,36,Capital transfer receipts,1951,Current Dollars,Level,6,940,T30100
T30100,W067RC,36,Capital transfer receipts,1952,Current Dollars,Level,6,"1,055",T30100
T30100,W067RC,36,Capital transfer receipts,1953,Current Dollars,Level,6,"1,148",T30100
T30100,W067RC,36,Capital transfer receipts,1954,Current Dollars,Level,6,"1,163",T30100
T30100,W067RC,36,Capital transfer receipts,1955,Current Dollars,Level,6,"1,253",T30100
T30100,W067RC,36,Capital transfer receipts,1956,Current Dollars,Level,6,"1,604",T30100
T30100,W067RC,36,Capital transfer receipts,1957,Current Dollars,Level,6,"1,787",T30100
T30100,W067RC,36,Capital transfer receipts,1958,Current Dollars,Level,6,"1,695",T30100
T30100,W067RC,36,Capital transfer receipts,1959,Current Dollars,Level,6,"1,805",T30100
T30100,W067RC,36,Capital transfer receipts,1960,Current Dollars,Level,6,"2,242",T30100
T30100,W067RC,36,Capital transfer receipts,1961,Current Dollars,Level,6,"2,509",T30100
T30100,W067RC,36,Capital transfer receipts,1962,Current Dollars,Level,6,"2,638",T30100
T30100,W067RC,36,Capital transfer receipts,1963,Current Dollars,Level,6,"2,885",T30100
T30100,W067RC,36,Capital transfer receipts,1964,Current Dollars,Level,6,"3,305",T30100
T30100,W067RC,36,Capital transfer receipts,1965,Current Dollars,Level,6,"3,608",T30100
T30100,W067RC,36,Capital transfer receipts,1966,Current Dollars,Level,6,"3,886",T30100
T30100,W067RC,36,Capital transfer receipts,1967,Current Dollars,Level,6,"3,978",T30100
T30100,W067RC,36,Capital transfer receipts,1968,Current Dollars,Level,6,"4,088",T30100
T30100,W067RC,36,Capital transfer receipts,1969,Current Dollars,Level,6,"4,625",T30100
T30100,W067RC,36,Capital transfer receipts,1970,Current Dollars,Level,6,"4,764",T30100
T30100,W067RC,36,Capital transfer receipts,1971,Current Dollars,Level,6,"5,797",T30100
T30100,W067RC,36,Capital transfer receipts,1972,Current Dollars,Level,6,"6,804",T30100
T30100,W067RC,36,Capital transfer receipts,1973,Current Dollars,Level,6,"6,601",T30100
T30100,W067RC,36,Capital transfer receipts,1974,Current Dollars,Level,6,"6,298",T30100
T30100,W067RC,36,Capital transfer receipts,1975,Current Dollars,Level,6,"6,448",T30100
T30100,W067RC,36,Capital transfer receipts,1976,Current Dollars,Level,6,"7,236",T30100
T30100,W067RC,36,Capital transfer receipts,1977,Current Dollars,Level,6,"9,276",T30100
T30100,W067RC,36,Capital transfer receipts,1978,Current Dollars,Level,6,"7,189",T30100
T30100,W067RC,36,Capital transfer receipts,1979,Current Dollars,Level,6,"7,541",T30100
T30100,W067RC,36,Capital transfer receipts,1980,Current Dollars,Level,6,"8,778",T30100
T30100,W067RC,36,Capital transfer receipts,1981,Current Dollars,Level,6,"9,262",T30100
T30100,W067RC,36,Capital transfer receipts,1982,Current Dollars,Level,6,"10,103",T30100
T30100,W067RC,36,Capital transfer receipts,1983,Current Dollars,Level,6,"8,290",T30100
T30100,W067RC,36,Capital transfer receipts,1984,Current Dollars,Level,6,"8,360",T30100
T30100,W067RC,36,Capital transfer receipts,1985,Current Dollars,Level,6,"8,934",T30100
T30100,W067RC,36,Capital transfer receipts,1986,Current Dollars,Level,6,"10,019",T30100
T30100,W067RC,36,Capital transfer receipts,1987,Current Dollars,Level,6,"10,576",T30100
T30100,W067RC,36,Capital transfer receipts,1988,Current Dollars,Level,6,"11,114",T30100
T30100,W067RC,36,Capital transfer receipts,1989,Current Dollars,Level,6,"12,435",T30100
T30100,W067RC,36,Capital transfer receipts,1990,Current Dollars,Level,6,"15,755",T30100
T30100,W067RC,36,Capital transfer receipts,1991,Current Dollars,Level,6,"15,597",T30100
T30100,W067RC,36,Capital transfer receipts,1992,Current Dollars,Level,6,"15,795",T30100
T30100,W067RC,36,Capital transfer receipts,1993,Current Dollars,Level,6,"17,637",T30100
T30100,W067RC,36,Capital transfer receipts,1994,Current Dollars,Level,6,"20,228",T30100
T30100,W067RC,36,Capital transfer receipts,1995,Current Dollars,Level,6,"20,039",T30100
T30100,W067RC,36,Capital transfer receipts,1996,Current Dollars,Level,6,"23,110",T30100
T30100,W067RC,36,Capital transfer receipts,1997,Current Dollars,Level,6,"26,974",T30100
T30100,W067RC,36,Capital transfer receipts,1998,Current Dollars,Level,6,"32,393",T30100
T30100,W067RC,36,Capital transfer receipts,1999,Current Dollars,Level,6,"36,705",T30100
T30100,W067RC,36,Capital transfer receipts,2000,Current Dollars,Level,6,"35,640",T30100
T30100,W067RC,36,Capital transfer receipts,2001,Current Dollars,Level,6,"37,422",T30100
T30100,W067RC,36,Capital transfer receipts,2002,Current Dollars,Level,6,"32,654",T30100
T30100,W067RC,36,Capital transfer receipts,2003,Current Dollars,Level,6,"28,345",T30100
T30100,W067RC,36,Capital transfer receipts,2004,Current Dollars,Level,6,"30,355",T30100
T30100,W067RC,36,Capital transfer receipts,2005,Current Dollars,Level,6,"32,475",T30100
T30100,W067RC,36,Capital transfer receipts,2006,Current Dollars,Level,6,"33,078",T30100
T30100,W067RC,36,Capital transfer receipts,2007,Current Dollars,Level,6,"31,927",T30100
T30100,W067RC,36,Capital transfer receipts,2008,Current Dollars,Level,6,"33,695",T30100
T30100,W067RC,36,Capital transfer receipts,2009,Current Dollars,Level,6,"25,206",T30100
T30100,W067RC,36,Capital transfer receipts,2010,Current Dollars,Level,6,"19,899",T30100
T30100,W067RC,36,Capital transfer receipts,2011,Current Dollars,Level,6,"14,721",T30100
T30100,W067RC,36,Capital transfer receipts,2012,Current Dollars,Level,6,"21,891",T30100
T30100,W067RC,36,Capital transfer receipts,2013,Current Dollars,Level,6,"26,179",T30100
T30100,W067RC,36,Capital transfer receipts,2014,Current Dollars,Level,6,"23,799",T30100
T30100,W067RC,36,Capital transfer receipts,2015,Current Dollars,Level,6,"25,548",T30100
T30100,W067RC,36,Capital transfer receipts,2016,Current Dollars,Level,6,"25,277",T30100
T30100,W067RC,36,Capital transfer receipts,2017,Current Dollars,Level,6,"263,219",T30100
T30100,W067RC,36,Capital transfer receipts,2018,Current Dollars,Level,6,"28,903",T30100
T30100,W067RC,36,Capital transfer receipts,2019,Current Dollars,Level,6,"21,448",T30100
T30100,W067RC,36,Capital transfer receipts,2020,Current Dollars,Level,6,"26,295",T30100
T30100,W067RC,36,Capital transfer receipts,2021,Current Dollars,Level,6,"37,885",T30100
T30100,W067RC,36,Capital transfer receipts,2022,Current Dollars,Level,6,"82,876",T30100
T30100,W067RC,36,Capital transfer receipts,2023,Current Dollars,Level,6,"42,887",T30100
T30100,W067RC,36,Capital transfer receipts,2024,Current Dollars,Level,6,"49,419",T30100
T30100,W067RC,36,Capital transfer receipts,2025,Current Dollars,Level,6,"55,937",T30100
T30100,W068RC,37,Total expenditures,1960,Current Dollars,Level,6,"148,972",T30100
T30100,W068RC,37,Total expenditures,1961,Current Dollars,Level,6,"161,749",T30100
T30100,W068RC,37,Total expenditures,1962,Current Dollars,Level,6,"174,455",T30100
T30100,W068RC,37,Total expenditures,1963,Current Dollars,Level,6,"182,854",T30100
T30100,W068RC,37,Total expenditures,1964,Current Dollars,Level,6,"192,328",T30100
T30100,W068RC,37,Total expenditures,1965,Current Dollars,Level,6,"204,882",T30100
T30100,W068RC,37,Total expenditures,1966,Current Dollars,Level,6,"232,000",T30100
T30100,W068RC,37,Total expenditures,1967,Current Dollars,Level,6,"261,230",T30100
T30100,W068RC,37,Total expenditures,1968,Current Dollars,Level,6,"288,754",T30100
T30100,W068RC,37,Total expenditures,1969,Current Dollars,Level,6,"309,957",T30100
T30100,W068RC,37,Total expenditures,1970,Current Dollars,Level,6,"341,397",T30100
T30100,W068RC,37,Total expenditures,1971,Current Dollars,Level,6,"373,053",T30100
T30100,W068RC,37,Total expenditures,1972,Current Dollars,Level,6,"406,888",T30100
T30100,W068RC,37,Total expenditures,1973,Current Dollars,Level,6,"438,670",T30100
T30100,W068RC,37,Total expenditures,1974,Current Dollars,Level,6,"492,803",T30100
T30100,W068RC,37,Total expenditures,1975,Current Dollars,Level,6,"576,370",T30100
T30100,W068RC,37,Total expenditures,1976,Current Dollars,Level,6,"616,562",T30100
T30100,W068RC,37,Total expenditures,1977,Current Dollars,Level,6,"665,148",T30100
T30100,W068RC,37,Total expenditures,1978,Current Dollars,Level,6,"735,192",T30100
T30100,W068RC,37,Total expenditures,1979,Current Dollars,Level,6,"814,371",T30100
T30100,W068RC,37,Total expenditures,1980,Current Dollars,Level,6,"935,584",T30100
T30100,W068RC,37,Total expenditures,1981,Current Dollars,Level,6,"1,056,449",T30100
T30100,W068RC,37,Total expenditures,1982,Current Dollars,Level,6,"1,170,240",T30100
T30100,W068RC,37,Total expenditures,1983,Current Dollars,Level,6,"1,272,457",T30100
T30100,W068RC,37,Total expenditures,1984,Current Dollars,Level,6,"1,368,668",T30100
T30100,W068RC,37,Total expenditures,1985,Current Dollars,Level,6,"1,496,843",T30100
T30100,W068RC,37,Total expenditures,1986,Current Dollars,Level,6,"1,597,894",T30100
T30100,W068RC,37,Total expenditures,1987,Current Dollars,Level,6,"1,681,169",T30100
T30100,W068RC,37,Total expenditures,1988,Current Dollars,Level,6,"1,764,458",T30100
T30100,W068RC,37,Total expenditures,1989,Current Dollars,Level,6,"1,896,993",T30100
T30100,W068RC,37,Total expenditures,1990,Current Dollars,Level,6,"2,055,424",T30100
T30100,W068RC,37,Total expenditures,1991,Current Dollars,Level,6,"2,166,642",T30100
T30100,W068RC,37,Total expenditures,1992,Current Dollars,Level,6,"2,339,236",T30100
T30100,W068RC,37,Total expenditures,1993,Current Dollars,Level,6,"2,412,751",T30100
T30100,W068RC,37,Total expenditures,1994,Current Dollars,Level,6,"2,485,781",T30100
T30100,W068RC,37,Total expenditures,1995,Current Dollars,Level,6,"2,601,781",T30100
T30100,W068RC,37,Total expenditures,1996,Current Dollars,Level,6,"2,696,964",T30100
T30100,W068RC,37,Total expenditures,1997,Current Dollars,Level,6,"2,772,353",T30100
T30100,W068RC,37,Total expenditures,1998,Current Dollars,Level,6,"2,855,590",T30100
T30100,W068RC,37,Total expenditures,1999,Current Dollars,Level,6,"2,995,354",T30100
T30100,W068RC,37,Total expenditures,2000,Current Dollars,Level,6,"3,141,625",T30100
T30100,W068RC,37,Total expenditures,2001,Current Dollars,Level,6,"3,363,233",T30100
T30100,W068RC,37,Total expenditures,2002,Current Dollars,Level,6,"3,586,026",T30100
T30100,W068RC,37,Total expenditures,2003,Current Dollars,Level,6,"3,815,512",T30100
T30100,W068RC,37,Total expenditures,2004,Current Dollars,Level,6,"4,018,669",T30100
T30100,W068RC,37,Total expenditures,2005,Current Dollars,Level,6,"4,302,854",T30100
T30100,W068RC,37,Total expenditures,2006,Current Dollars,Level,6,"4,519,634",T30100
T30100,W068RC,37,Total expenditures,2007,Current Dollars,Level,6,"4,833,455",T30100
T30100,W068RC,37,Total expenditures,2008,Current Dollars,Level,6,"5,261,859",T30100
T30100,W068RC,37,Total expenditures,2009,Current Dollars,Level,6,"5,637,123",T30100
T30100,W068RC,37,Total expenditures,2010,Current Dollars,Level,6,"5,834,437",T30100
T30100,W068RC,37,Total expenditures,2011,Current Dollars,Level,6,"5,871,730",T30100
T30100,W068RC,37,Total expenditures,2012,Current Dollars,Level,6,"5,841,904",T30100
T30100,W068RC,37,Total expenditures,2013,Current Dollars,Level,6,"5,853,048",T30100
T30100,W068RC,37,Total expenditures,2014,Current Dollars,Level,6,"5,999,644",T30100
T30100,W068RC,37,Total expenditures,2015,Current Dollars,Level,6,"6,160,573",T30100
T30100,W068RC,37,Total expenditures,2016,Current Dollars,Level,6,"6,373,083",T30100
T30100,W068RC,37,Total expenditures,2017,Current Dollars,Level,6,"6,588,424",T30100
T30100,W068RC,37,Total expenditures,2018,Current Dollars,Level,6,"6,936,616",T30100
T30100,W068RC,37,Total expenditures,2019,Current Dollars,Level,6,"7,349,604",T30100
T30100,W068RC,37,Total expenditures,2020,Current Dollars,Level,6,"9,197,810",T30100
T30100,W068RC,37,Total expenditures,2021,Current Dollars,Level,6,"9,766,091",T30100
T30100,W068RC,37,Total expenditures,2022,Current Dollars,Level,6,"8,908,248",T30100
T30100,W068RC,37,Total expenditures,2023,Current Dollars,Level,6,"9,779,883",T30100
T30100,W068RC,37,Total expenditures,2024,Current Dollars,Level,6,"10,424,075",T30100
T30100,W068RC,37,Total expenditures,2025,Current Dollars,Level,6,"10,994,841",T30100
T30100,W022RC,38,Current expenditures,1929,Current Dollars,Level,6,"8,470",T30100
T30100,W022RC,38,Current expenditures,1930,Current Dollars,Level,6,"8,903",T30100
T30100,W022RC,38,Current expenditures,1931,Current Dollars,Level,6,"10,311",T30100
T30100,W022RC,38,Current expenditures,1932,Current Dollars,Level,6,"9,325",T30100
T30100,W022RC,38,Current expenditures,1933,Current Dollars,Level,6,"9,624",T30100
T30100,W022RC,38,Current expenditures,1934,Current Dollars,Level,6,"11,235",T30100
T30100,W022RC,38,Current expenditures,1935,Current Dollars,Level,6,"11,792",T30100
T30100,W022RC,38,Current expenditures,1936,Current Dollars,Level,6,"13,431",T30100
T30100,W022RC,38,Current expenditures,1937,Current Dollars,Level,6,"12,703",T30100
T30100,W022RC,38,Current expenditures,1938,Current Dollars,Level,6,"13,980",T30100
T30100,W022RC,38,Current expenditures,1939,Current Dollars,Level,6,"15,109",T30100
T30100,W022RC,38,Current expenditures,1940,Current Dollars,Level,6,"16,036",T30100
T30100,W022RC,38,Current expenditures,1941,Current Dollars,Level,6,"21,605",T30100
T30100,W022RC,38,Current expenditures,1942,Current Dollars,Level,6,"41,525",T30100
T30100,W022RC,38,Current expenditures,1943,Current Dollars,Level,6,"63,660",T30100
T30100,W022RC,38,Current expenditures,1944,Current Dollars,Level,6,"77,730",T30100
T30100,W022RC,38,Current expenditures,1945,Current Dollars,Level,6,"82,267",T30100
T30100,W022RC,38,Current expenditures,1946,Current Dollars,Level,6,"57,674",T30100
T30100,W022RC,38,Current expenditures,1947,Current Dollars,Level,6,"52,869",T30100
T30100,W022RC,38,Current expenditures,1948,Current Dollars,Level,6,"55,712",T30100
T30100,W022RC,38,Current expenditures,1949,Current Dollars,Level,6,"61,561",T30100
T30100,W022RC,38,Current expenditures,1950,Current Dollars,Level,6,"63,895",T30100
T30100,W022RC,38,Current expenditures,1951,Current Dollars,Level,6,"75,818",T30100
T30100,W022RC,38,Current expenditures,1952,Current Dollars,Level,6,"86,685",T30100
T30100,W022RC,38,Current expenditures,1953,Current Dollars,Level,6,"92,629",T30100
T30100,W022RC,38,Current expenditures,1954,Current Dollars,Level,6,"91,889",T30100
T30100,W022RC,38,Current expenditures,1955,Current Dollars,Level,6,"95,043",T30100
T30100,W022RC,38,Current expenditures,1956,Current Dollars,Level,6,"99,754",T30100
T30100,W022RC,38,Current expenditures,1957,Current Dollars,Level,6,"109,770",T30100
T30100,W022RC,38,Current expenditures,1958,Current Dollars,Level,6,"119,046",T30100
T30100,W022RC,38,Current expenditures,1959,Current Dollars,Level,6,"124,366",T30100
T30100,W022RC,38,Current expenditures,1960,Current Dollars,Level,6,"131,252",T30100
T30100,W022RC,38,Current expenditures,1961,Current Dollars,Level,6,"141,066",T30100
T30100,W022RC,38,Current expenditures,1962,Current Dollars,Level,6,"152,386",T30100
T30100,W022RC,38,Current expenditures,1963,Current Dollars,Level,6,"160,511",T30100
T30100,W022RC,38,Current expenditures,1964,Current Dollars,Level,6,"169,086",T30100
T30100,W022RC,38,Current expenditures,1965,Current Dollars,Level,6,"181,613",T30100
T30100,W022RC,38,Current expenditures,1966,Current Dollars,Level,6,"204,476",T30100
T30100,W022RC,38,Current expenditures,1967,Current Dollars,Level,6,"232,556",T30100
T30100,W022RC,38,Current expenditures,1968,Current Dollars,Level,6,"261,651",T30100
T30100,W022RC,38,Current expenditures,1969,Current Dollars,Level,6,"284,710",T30100
T30100,W022RC,38,Current expenditures,1970,Current Dollars,Level,6,"319,221",T30100
T30100,W022RC,38,Current expenditures,1971,Current Dollars,Level,6,"354,491",T30100
T30100,W022RC,38,Current expenditures,1972,Current Dollars,Level,6,"388,548",T30100
T30100,W022RC,38,Current expenditures,1973,Current Dollars,Level,6,"421,512",T30100
T30100,W022RC,38,Current expenditures,1974,Current Dollars,Level,6,"473,911",T30100
T30100,W022RC,38,Current expenditures,1975,Current Dollars,Level,6,"549,878",T30100
T30100,W022RC,38,Current expenditures,1976,Current Dollars,Level,6,"591,024",T30100
T30100,W022RC,38,Current expenditures,1977,Current Dollars,Level,6,"640,329",T30100
T30100,W022RC,38,Current expenditures,1978,Current Dollars,Level,6,"703,312",T30100
T30100,W022RC,38,Current expenditures,1979,Current Dollars,Level,6,"777,924",T30100
T30100,W022RC,38,Current expenditures,1980,Current Dollars,Level,6,"894,576",T30100
T30100,W022RC,38,Current expenditures,1981,Current Dollars,Level,6,"1,017,366",T30100
T30100,W022RC,38,Current expenditures,1982,Current Dollars,Level,6,"1,131,034",T30100
T30100,W022RC,38,Current expenditures,1983,Current Dollars,Level,6,"1,227,716",T30100
T30100,W022RC,38,Current expenditures,1984,Current Dollars,Level,6,"1,311,655",T30100
T30100,W022RC,38,Current expenditures,1985,Current Dollars,Level,6,"1,418,686",T30100
T30100,W022RC,38,Current expenditures,1986,Current Dollars,Level,6,"1,512,769",T30100
T30100,W022RC,38,Current expenditures,1987,Current Dollars,Level,6,"1,586,742",T30100
T30100,W022RC,38,Current expenditures,1988,Current Dollars,Level,6,"1,678,321",T30100
T30100,W022RC,38,Current expenditures,1989,Current Dollars,Level,6,"1,810,702",T30100
T30100,W022RC,38,Current expenditures,1990,Current Dollars,Level,6,"1,952,868",T30100
T30100,W022RC,38,Current expenditures,1991,Current Dollars,Level,6,"2,072,189",T30100
T30100,W022RC,38,Current expenditures,1992,Current Dollars,Level,6,"2,254,212",T30100
T30100,W022RC,38,Current expenditures,1993,Current Dollars,Level,6,"2,339,289",T30100
T30100,W022RC,38,Current expenditures,1994,Current Dollars,Level,6,"2,417,185",T30100
T30100,W022RC,38,Current expenditures,1995,Current Dollars,Level,6,"2,536,460",T30100
T30100,W022RC,38,Current expenditures,1996,Current Dollars,Level,6,"2,621,763",T30100
T30100,W022RC,38,Current expenditures,1997,Current Dollars,Level,6,"2,699,874",T30100
T30100,W022RC,38,Current expenditures,1998,Current Dollars,Level,6,"2,767,354",T30100
T30100,W022RC,38,Current expenditures,1999,Current Dollars,Level,6,"2,879,452",T30100
T30100,W022RC,38,Current expenditures,2000,Current Dollars,Level,6,"3,019,944",T30100
T30100,W022RC,38,Current expenditures,2001,Current Dollars,Level,6,"3,229,168",T30100
T30100,W022RC,38,Current expenditures,2002,Current Dollars,Level,6,"3,419,767",T30100
T30100,W022RC,38,Current expenditures,2003,Current Dollars,Level,6,"3,624,035",T30100
T30100,W022RC,38,Current expenditures,2004,Current Dollars,Level,6,"3,817,442",T30100
T30100,W022RC,38,Current expenditures,2005,Current Dollars,Level,6,"4,075,265",T30100
T30100,W022RC,38,Current expenditures,2006,Current Dollars,Level,6,"4,320,062",T30100
T30100,W022RC,38,Current expenditures,2007,Current Dollars,Level,6,"4,599,617",T30100
T30100,W022RC,38,Current expenditures,2008,Current Dollars,Level,6,"4,971,972",T30100
T30100,W022RC,38,Current expenditures,2009,Current Dollars,Level,6,"5,283,993",T30100
T30100,W022RC,38,Current expenditures,2010,Current Dollars,Level,6,"5,559,983",T30100
T30100,W022RC,38,Current expenditures,2011,Current Dollars,Level,6,"5,639,475",T30100
T30100,W022RC,38,Current expenditures,2012,Current Dollars,Level,6,"5,667,111",T30100
T30100,W022RC,38,Current expenditures,2013,Current Dollars,Level,6,"5,729,512",T30100
T30100,W022RC,38,Current expenditures,2014,Current Dollars,Level,6,"5,885,690",T30100
T30100,W022RC,38,Current expenditures,2015,Current Dollars,Level,6,"6,059,526",T30100
T30100,W022RC,38,Current expenditures,2016,Current Dollars,Level,6,"6,238,657",T30100
T30100,W022RC,38,Current expenditures,2017,Current Dollars,Level,6,"6,418,502",T30100
T30100,W022RC,38,Current expenditures,2018,Current Dollars,Level,6,"6,749,939",T30100
T30100,W022RC,38,Current expenditures,2019,Current Dollars,Level,6,"7,133,442",T30100
T30100,W022RC,38,Current expenditures,2020,Current Dollars,Level,6,"8,966,601",T30100
T30100,W022RC,38,Current expenditures,2021,Current Dollars,Level,6,"9,514,778",T30100
T30100,W022RC,38,Current expenditures,2022,Current Dollars,Level,6,"8,792,818",T30100
T30100,W022RC,38,Current expenditures,2023,Current Dollars,Level,6,"9,358,874",T30100
T30100,W022RC,38,Current expenditures,2024,Current Dollars,Level,6,"10,061,458",T30100
T30100,W022RC,38,Current expenditures,2025,Current Dollars,Level,6,"10,672,430",T30100
T30100,A782RC,39,Gross government investment,1929,Current Dollars,Level,6,"2,903",T30100
T30100,A782RC,39,Gross government investment,1930,Current Dollars,Level,6,"3,255",T30100
T30100,A782RC,39,Gross government investment,1931,Current Dollars,Level,6,"3,087",T30100
T30100,A782RC,39,Gross government investment,1932,Current Dollars,Level,6,"2,262",T30100
T30100,A782RC,39,Gross government investment,1933,Current Dollars,Level,6,"2,030",T30100
T30100,A782RC,39,Gross government investment,1934,Current Dollars,Level,6,"2,671",T30100
T30100,A782RC,39,Gross government investment,1935,Current Dollars,Level,6,"2,852",T30100
T30100,A782RC,39,Gross government investment,1936,Current Dollars,Level,6,"4,230",T30100
T30100,A782RC,39,Gross government investment,1937,Current Dollars,Level,6,"3,899",T30100
T30100,A782RC,39,Gross government investment,1938,Current Dollars,Level,6,"4,290",T30100
T30100,A782RC,39,Gross government investment,1939,Current Dollars,Level,6,"4,590",T30100
T30100,A782RC,39,Gross government investment,1940,Current Dollars,Level,6,"4,435",T30100
T30100,A782RC,39,Gross government investment,1941,Current Dollars,Level,6,"10,796",T30100
T30100,A782RC,39,Gross government investment,1942,Current Dollars,Level,6,"28,986",T30100
T30100,A782RC,39,Gross government investment,1943,Current Dollars,Level,6,"39,892",T30100
T30100,A782RC,39,Gross government investment,1944,Current Dollars,Level,6,"38,151",T30100
T30100,A782RC,39,Gross government investment,1945,Current Dollars,Level,6,"25,309",T30100
T30100,A782RC,39,Gross government investment,1946,Current Dollars,Level,6,"4,708",T30100
T30100,A782RC,39,Gross government investment,1947,Current Dollars,Level,6,"5,686",T30100
T30100,A782RC,39,Gross government investment,1948,Current Dollars,Level,6,"8,482",T30100
T30100,A782RC,39,Gross government investment,1949,Current Dollars,Level,6,"11,315",T30100
T30100,A782RC,39,Gross government investment,1950,Current Dollars,Level,6,"11,455",T30100
T30100,A782RC,39,Gross government investment,1951,Current Dollars,Level,6,"19,582",T30100
T30100,A782RC,39,Gross government investment,1952,Current Dollars,Level,6,"24,621",T30100
T30100,A782RC,39,Gross government investment,1953,Current Dollars,Level,6,"26,666",T30100
T30100,A782RC,39,Gross government investment,1954,Current Dollars,Level,6,"25,396",T30100
T30100,A782RC,39,Gross government investment,1955,Current Dollars,Level,6,"24,358",T30100
T30100,A782RC,39,Gross government investment,1956,Current Dollars,Level,6,"27,146",T30100
T30100,A782RC,39,Gross government investment,1957,Current Dollars,Level,6,"30,230",T30100
T30100,A782RC,39,Gross government investment,1958,Current Dollars,Level,6,"32,622",T30100
T30100,A782RC,39,Gross government investment,1959,Current Dollars,Level,6,"35,863",T30100
T30100,A782RC,39,Gross government investment,1960,Current Dollars,Level,6,"36,003",T30100
T30100,A782RC,39,Gross government investment,1961,Current Dollars,Level,6,"39,897",T30100
T30100,A782RC,39,Gross government investment,1962,Current Dollars,Level,6,"42,597",T30100
T30100,A782RC,39,Gross government investment,1963,Current Dollars,Level,6,"44,438",T30100
T30100,A782RC,39,Gross government investment,1964,Current Dollars,Level,6,"46,392",T30100
T30100,A782RC,39,Gross government investment,1965,Current Dollars,Level,6,"47,863",T30100
T30100,A782RC,39,Gross government investment,1966,Current Dollars,Level,6,"53,567",T30100
T30100,A782RC,39,Gross government investment,1967,Current Dollars,Level,6,"57,668",T30100
T30100,A782RC,39,Gross government investment,1968,Current Dollars,Level,6,"59,246",T30100
T30100,A782RC,39,Gross government investment,1969,Current Dollars,Level,6,"59,547",T30100
T30100,A782RC,39,Gross government investment,1970,Current Dollars,Level,6,"59,796",T30100
T30100,A782RC,39,Gross government investment,1971,Current Dollars,Level,6,"58,509",T30100
T30100,A782RC,39,Gross government investment,1972,Current Dollars,Level,6,"60,691",T30100
T30100,A782RC,39,Gross government investment,1973,Current Dollars,Level,6,"65,640",T30100
T30100,A782RC,39,Gross government investment,1974,Current Dollars,Level,6,"76,166",T30100
T30100,A782RC,39,Gross government investment,1975,Current Dollars,Level,6,"84,403",T30100
T30100,A782RC,39,Gross government investment,1976,Current Dollars,Level,6,"89,645",T30100
T30100,A782RC,39,Gross government investment,1977,Current Dollars,Level,6,"93,162",T30100
T30100,A782RC,39,Gross government investment,1978,Current Dollars,Level,6,"105,567",T30100
T30100,A782RC,39,Gross government investment,1979,Current Dollars,Level,6,"120,097",T30100
T30100,A782RC,39,Gross government investment,1980,Current Dollars,Level,6,"135,948",T30100
T30100,A782RC,39,Gross government investment,1981,Current Dollars,Level,6,"147,340",T30100
T30100,A782RC,39,Gross government investment,1982,Current Dollars,Level,6,"156,944",T30100
T30100,A782RC,39,Gross government investment,1983,Current Dollars,Level,6,"171,164",T30100
T30100,A782RC,39,Gross government investment,1984,Current Dollars,Level,6,"193,182",T30100
T30100,A782RC,39,Gross government investment,1985,Current Dollars,Level,6,"219,876",T30100
T30100,A782RC,39,Gross government investment,1986,Current Dollars,Level,6,"238,087",T30100
T30100,A782RC,39,Gross government investment,1987,Current Dollars,Level,6,"254,637",T30100
T30100,A782RC,39,Gross government investment,1988,Current Dollars,Level,6,"258,401",T30100
T30100,A782RC,39,Gross government investment,1989,Current Dollars,Level,6,"270,433",T30100
T30100,A782RC,39,Gross government investment,1990,Current Dollars,Level,6,"290,370",T30100
T30100,A782RC,39,Gross government investment,1991,Current Dollars,Level,6,"294,094",T30100
T30100,A782RC,39,Gross government investment,1992,Current Dollars,Level,6,"296,117",T30100
T30100,A782RC,39,Gross government investment,1993,Current Dollars,Level,6,"291,883",T30100
T30100,A782RC,39,Gross government investment,1994,Current Dollars,Level,6,"294,173",T30100
T30100,A782RC,39,Gross government investment,1995,Current Dollars,Level,6,"307,688",T30100
T30100,A782RC,39,Gross government investment,1996,Current Dollars,Level,6,"319,959",T30100
T30100,A782RC,39,Gross government investment,1997,Current Dollars,Level,6,"326,605",T30100
T30100,A782RC,39,Gross government investment,1998,Current Dollars,Level,6,"344,001",T30100
T30100,A782RC,39,Gross government investment,1999,Current Dollars,Level,6,"368,478",T30100
T30100,A782RC,39,Gross government investment,2000,Current Dollars,Level,6,"388,850",T30100
T30100,A782RC,39,Gross government investment,2001,Current Dollars,Level,6,"411,883",T30100
T30100,A782RC,39,Gross government investment,2002,Current Dollars,Level,6,"443,676",T30100
T30100,A782RC,39,Gross government investment,2003,Current Dollars,Level,6,"464,221",T30100
T30100,A782RC,39,Gross government investment,2004,Current Dollars,Level,6,"486,204",T30100
T30100,A782RC,39,Gross government investment,2005,Current Dollars,Level,6,"513,286",T30100
T30100,A782RC,39,Gross government investment,2006,Current Dollars,Level,6,"550,893",T30100
T30100,A782RC,39,Gross government investment,2007,Current Dollars,Level,6,"592,024",T30100
T30100,A782RC,39,Gross government investment,2008,Current Dollars,Level,6,"629,595",T30100
T30100,A782RC,39,Gross government investment,2009,Current Dollars,Level,6,"642,909",T30100
T30100,A782RC,39,Gross government investment,2010,Current Dollars,Level,6,"644,504",T30100
T30100,A782RC,39,Gross government investment,2011,Current Dollars,Level,6,"636,618",T30100
T30100,A782RC,39,Gross government investment,2012,Current Dollars,Level,6,"621,031",T30100
T30100,A782RC,39,Gross government investment,2013,Current Dollars,Level,6,"601,832",T30100
T30100,A782RC,39,Gross government investment,2014,Current Dollars,Level,6,"606,331",T30100
T30100,A782RC,39,Gross government investment,2015,Current Dollars,Level,6,"629,431",T30100
T30100,A782RC,39,Gross government investment,2016,Current Dollars,Level,6,"649,657",T30100
T30100,A782RC,39,Gross government investment,2017,Current Dollars,Level,6,"681,427",T30100
T30100,A782RC,39,Gross government investment,2018,Current Dollars,Level,6,"730,649",T30100
T30100,A782RC,39,Gross government investment,2019,Current Dollars,Level,6,"773,940",T30100
T30100,A782RC,39,Gross government investment,2020,Current Dollars,Level,6,"818,987",T30100
T30100,A782RC,39,Gross government investment,2021,Current Dollars,Level,6,"832,262",T30100
T30100,A782RC,39,Gross government investment,2022,Current Dollars,Level,6,"894,669",T30100
T30100,A782RC,39,Gross government investment,2023,Current Dollars,Level,6,"975,273",T30100
T30100,A782RC,39,Gross government investment,2024,Current Dollars,Level,6,"1,049,304",T30100
T30100,A782RC,39,Gross government investment,2025,Current Dollars,Level,6,"1,112,093",T30100
T30100,W069RC,40,Capital transfer payments,1937,Current Dollars,Level,6,0,T30100
T30100,W069RC,40,Capital transfer payments,1938,Current Dollars,Level,6,0,T30100
T30100,W069RC,40,Capital transfer payments,1939,Current Dollars,Level,6,0,T30100
T30100,W069RC,40,Capital transfer payments,1940,Current Dollars,Level,6,0,T30100
T30100,W069RC,40,Capital transfer payments,1941,Current Dollars,Level,6,0,T30100
T30100,W069RC,40,Capital transfer payments,1942,Current Dollars,Level,6,0,T30100
T30100,W069RC,40,Capital transfer payments,1943,Current Dollars,Level,6,0,T30100
T30100,W069RC,40,Capital transfer payments,1944,Current Dollars,Level,6,0,T30100
T30100,W069RC,40,Capital transfer payments,1945,Current Dollars,Level,6,0,T30100
T30100,W069RC,40,Capital transfer payments,1946,Current Dollars,Level,6,0,T30100
T30100,W069RC,40,Capital transfer payments,1947,Current Dollars,Level,6,0,T30100
T30100,W069RC,40,Capital transfer payments,1948,Current Dollars,Level,6,0,T30100
T30100,W069RC,40,Capital transfer payments,1949,Current Dollars,Level,6,0,T30100
T30100,W069RC,40,Capital transfer payments,1950,Current Dollars,Level,6,0,T30100
T30100,W069RC,40,Capital transfer payments,1951,Current Dollars,Level,6,0,T30100
T30100,W069RC,40,Capital transfer payments,1952,Current Dollars,Level,6,0,T30100
T30100,W069RC,40,Capital transfer payments,1953,Current Dollars,Level,6,0,T30100
T30100,W069RC,40,Capital transfer payments,1954,Current Dollars,Level,6,0,T30100
T30100,W069RC,40,Capital transfer payments,1955,Current Dollars,Level,6,8,T30100
T30100,W069RC,40,Capital transfer payments,1956,Current Dollars,Level,6,18,T30100
T30100,W069RC,40,Capital transfer payments,1957,Current Dollars,Level,6,24,T30100
T30100,W069RC,40,Capital transfer payments,1958,Current Dollars,Level,6,29,T30100
T30100,W069RC,40,Capital transfer payments,1959,Current Dollars,Level,6,49,T30100
T30100,W069RC,40,Capital transfer payments,1960,Current Dollars,Level,6,93,T30100
T30100,W069RC,40,Capital transfer payments,1961,Current Dollars,Level,6,123,T30100
T30100,W069RC,40,Capital transfer payments,1962,Current Dollars,Level,6,126,T30100
T30100,W069RC,40,Capital transfer payments,1963,Current Dollars,Level,6,88,T30100
T30100,W069RC,40,Capital transfer payments,1964,Current Dollars,Level,6,81,T30100
T30100,W069RC,40,Capital transfer payments,1965,Current Dollars,Level,6,81,T30100
T30100,W069RC,40,Capital transfer payments,1966,Current Dollars,Level,6,83,T30100
T30100,W069RC,40,Capital transfer payments,1967,Current Dollars,Level,6,85,T30100
T30100,W069RC,40,Capital transfer payments,1968,Current Dollars,Level,6,112,T30100
T30100,W069RC,40,Capital transfer payments,1969,Current Dollars,Level,6,79,T30100
T30100,W069RC,40,Capital transfer payments,1970,Current Dollars,Level,6,130,T30100
T30100,W069RC,40,Capital transfer payments,1971,Current Dollars,Level,6,155,T30100
T30100,W069RC,40,Capital transfer payments,1972,Current Dollars,Level,6,224,T30100
T30100,W069RC,40,Capital transfer payments,1973,Current Dollars,Level,6,194,T30100
T30100,W069RC,40,Capital transfer payments,1974,Current Dollars,Level,6,259,T30100
T30100,W069RC,40,Capital transfer payments,1975,Current Dollars,Level,6,298,T30100
T30100,W069RC,40,Capital transfer payments,1976,Current Dollars,Level,6,249,T30100
T30100,W069RC,40,Capital transfer payments,1977,Current Dollars,Level,6,225,T30100
T30100,W069RC,40,Capital transfer payments,1978,Current Dollars,Level,6,251,T30100
T30100,W069RC,40,Capital transfer payments,1979,Current Dollars,Level,6,351,T30100
T30100,W069RC,40,Capital transfer payments,1980,Current Dollars,Level,6,404,T30100
T30100,W069RC,40,Capital transfer payments,1981,Current Dollars,Level,6,324,T30100
T30100,W069RC,40,Capital transfer payments,1982,Current Dollars,Level,6,312,T30100
T30100,W069RC,40,Capital transfer payments,1983,Current Dollars,Level,6,139,T30100
T30100,W069RC,40,Capital transfer payments,1984,Current Dollars,Level,6,106,T30100
T30100,W069RC,40,Capital transfer payments,1985,Current Dollars,Level,6,147,T30100
T30100,W069RC,40,Capital transfer payments,1986,Current Dollars,Level,6,111,T30100
T30100,W069RC,40,Capital transfer payments,1987,Current Dollars,Level,6,138,T30100
T30100,W069RC,40,Capital transfer payments,1988,Current Dollars,Level,6,134,T30100
T30100,W069RC,40,Capital transfer payments,1989,Current Dollars,Level,6,348,T30100
T30100,W069RC,40,Capital transfer payments,1990,Current Dollars,Level,6,"7,373",T30100
T30100,W069RC,40,Capital transfer payments,1991,Current Dollars,Level,6,"5,299",T30100
T30100,W069RC,40,Capital transfer payments,1992,Current Dollars,Level,6,228,T30100
T30100,W069RC,40,Capital transfer payments,1993,Current Dollars,Level,6,828,T30100
T30100,W069RC,40,Capital transfer payments,1994,Current Dollars,Level,6,"1,244",T30100
T30100,W069RC,40,Capital transfer payments,1995,Current Dollars,Level,6,641,T30100
T30100,W069RC,40,Capital transfer payments,1996,Current Dollars,Level,6,201,T30100
T30100,W069RC,40,Capital transfer payments,1997,Current Dollars,Level,6,403,T30100
T30100,W069RC,40,Capital transfer payments,1998,Current Dollars,Level,6,245,T30100
T30100,W069RC,40,Capital transfer payments,1999,Current Dollars,Level,6,"6,738",T30100
T30100,W069RC,40,Capital transfer payments,2000,Current Dollars,Level,6,"4,580",T30100
T30100,W069RC,40,Capital transfer payments,2001,Current Dollars,Level,6,"1,316",T30100
T30100,W069RC,40,Capital transfer payments,2002,Current Dollars,Level,6,"7,821",T30100
T30100,W069RC,40,Capital transfer payments,2003,Current Dollars,Level,6,"23,809",T30100
T30100,W069RC,40,Capital transfer payments,2004,Current Dollars,Level,6,"29,028",T30100
T30100,W069RC,40,Capital transfer payments,2005,Current Dollars,Level,6,"54,507",T30100
T30100,W069RC,40,Capital transfer payments,2006,Current Dollars,Level,6,"24,028",T30100
T30100,W069RC,40,Capital transfer payments,2007,Current Dollars,Level,6,"31,579",T30100
T30100,W069RC,40,Capital transfer payments,2008,Current Dollars,Level,6,"94,428",T30100
T30100,W069RC,40,Capital transfer payments,2009,Current Dollars,Level,6,"149,220",T30100
T30100,W069RC,40,Capital transfer payments,2010,Current Dollars,Level,6,"76,048",T30100
T30100,W069RC,40,Capital transfer payments,2011,Current Dollars,Level,6,"62,223",T30100
T30100,W069RC,40,Capital transfer payments,2012,Current Dollars,Level,6,"38,412",T30100
T30100,W069RC,40,Capital transfer payments,2013,Current Dollars,Level,6,"18,821",T30100
T30100,W069RC,40,Capital transfer payments,2014,Current Dollars,Level,6,"17,999",T30100
T30100,W069RC,40,Capital transfer payments,2015,Current Dollars,Level,6,"15,722",T30100
T30100,W069RC,40,Capital transfer payments,2016,Current Dollars,Level,6,"13,305",T30100
T30100,W069RC,40,Capital transfer payments,2017,Current Dollars,Level,6,"26,291",T30100
T30100,W069RC,40,Capital transfer payments,2018,Current Dollars,Level,6,"16,428",T30100
T30100,W069RC,40,Capital transfer payments,2019,Current Dollars,Level,6,"25,600",T30100
T30100,W069RC,40,Capital transfer payments,2020,Current Dollars,Level,6,"15,938",T30100
T30100,W069RC,40,Capital transfer payments,2021,Current Dollars,Level,6,"70,780",T30100
T30100,W069RC,40,Capital transfer payments,2022,Current Dollars,Level,6,"40,035",T30100
T30100,W069RC,40,Capital transfer payments,2023,Current Dollars,Level,6,"197,281",T30100
T30100,W069RC,40,Capital transfer payments,2024,Current Dollars,Level,6,"96,614",T30100
T30100,W069RC,40,Capital transfer payments,2025,Current Dollars,Level,6,"37,205",T30100
T30100,AD07RC,41,Net purchases of nonproduced assets,1960,Current Dollars,Level,6,"1,316",T30100
T30100,AD07RC,41,Net purchases of nonproduced assets,1961,Current Dollars,Level,6,"1,485",T30100
T30100,AD07RC,41,Net purchases of nonproduced assets,1962,Current Dollars,Level,6,"1,651",T30100
T30100,AD07RC,41,Net purchases of nonproduced assets,1963,Current Dollars,Level,6,"1,676",T30100
T30100,AD07RC,41,Net purchases of nonproduced assets,1964,Current Dollars,Level,6,"1,884",T30100
T30100,AD07RC,41,Net purchases of nonproduced assets,1965,Current Dollars,Level,6,"1,765",T30100
T30100,AD07RC,41,Net purchases of nonproduced assets,1966,Current Dollars,Level,6,"2,013",T30100
T30100,AD07RC,41,Net purchases of nonproduced assets,1967,Current Dollars,Level,6,"1,150",T30100
T30100,AD07RC,41,Net purchases of nonproduced assets,1968,Current Dollars,Level,6,500,T30100
T30100,AD07RC,41,Net purchases of nonproduced assets,1969,Current Dollars,Level,6,"1,085",T30100
T30100,AD07RC,41,Net purchases of nonproduced assets,1970,Current Dollars,Level,6,829,T30100
T30100,AD07RC,41,Net purchases of nonproduced assets,1971,Current Dollars,Level,6,"1,189",T30100
T30100,AD07RC,41,Net purchases of nonproduced assets,1972,Current Dollars,Level,6,943,T30100
T30100,AD07RC,41,Net purchases of nonproduced assets,1973,Current Dollars,Level,6,"-1,482",T30100
T30100,AD07RC,41,Net purchases of nonproduced assets,1974,Current Dollars,Level,6,"-3,797",T30100
T30100,AD07RC,41,Net purchases of nonproduced assets,1975,Current Dollars,Level,6,"1,511",T30100
T30100,AD07RC,41,Net purchases of nonproduced assets,1976,Current Dollars,Level,6,-641,T30100
T30100,AD07RC,41,Net purchases of nonproduced assets,1977,Current Dollars,Level,6,137,T30100
T30100,AD07RC,41,Net purchases of nonproduced assets,1978,Current Dollars,Level,6,"1,143",T30100
T30100,AD07RC,41,Net purchases of nonproduced assets,1979,Current Dollars,Level,6,-851,T30100
T30100,AD07RC,41,Net purchases of nonproduced assets,1980,Current Dollars,Level,6,"-1,890",T30100
T30100,AD07RC,41,Net purchases of nonproduced assets,1981,Current Dollars,Level,6,"-3,281",T30100
T30100,AD07RC,41,Net purchases of nonproduced assets,1982,Current Dollars,Level,6,"-1,478",T30100
T30100,AD07RC,41,Net purchases of nonproduced assets,1983,Current Dollars,Level,6,"-2,726",T30100
T30100,AD07RC,41,Net purchases of nonproduced assets,1984,Current Dollars,Level,6,"-1,396",T30100
T30100,AD07RC,41,Net purchases of nonproduced assets,1985,Current Dollars,Level,6,"1,861",T30100
T30100,AD07RC,41,Net purchases of nonproduced assets,1986,Current Dollars,Level,6,650,T30100
T30100,AD07RC,41,Net purchases of nonproduced assets,1987,Current Dollars,Level,6,"3,728",T30100
T30100,AD07RC,41,Net purchases of nonproduced assets,1988,Current Dollars,Level,6,"4,185",T30100
T30100,AD07RC,41,Net purchases of nonproduced assets,1989,Current Dollars,Level,6,"4,148",T30100
T30100,AD07RC,41,Net purchases of nonproduced assets,1990,Current Dollars,Level,6,"4,949",T30100
T30100,AD07RC,41,Net purchases of nonproduced assets,1991,Current Dollars,Level,6,"5,997",T30100
T30100,AD07RC,41,Net purchases of nonproduced assets,1992,Current Dollars,Level,6,"6,039",T30100
T30100,AD07RC,41,Net purchases of nonproduced assets,1993,Current Dollars,Level,6,"6,040",T30100
T30100,AD07RC,41,Net purchases of nonproduced assets,1994,Current Dollars,Level,6,"6,281",T30100
T30100,AD07RC,41,Net purchases of nonproduced assets,1995,Current Dollars,Level,6,"-1,355",T30100
T30100,AD07RC,41,Net purchases of nonproduced assets,1996,Current Dollars,Level,6,"1,235",T30100
T30100,AD07RC,41,Net purchases of nonproduced assets,1997,Current Dollars,Level,6,"-2,957",T30100
T30100,AD07RC,41,Net purchases of nonproduced assets,1998,Current Dollars,Level,6,"1,561",T30100
T30100,AD07RC,41,Net purchases of nonproduced assets,1999,Current Dollars,Level,6,"7,411",T30100
T30100,AD07RC,41,Net purchases of nonproduced assets,2000,Current Dollars,Level,6,"7,965",T30100
T30100,AD07RC,41,Net purchases of nonproduced assets,2001,Current Dollars,Level,6,"8,668",T30100
T30100,AD07RC,41,Net purchases of nonproduced assets,2002,Current Dollars,Level,6,"10,922",T30100
T30100,AD07RC,41,Net purchases of nonproduced assets,2003,Current Dollars,Level,6,"10,579",T30100
T30100,AD07RC,41,Net purchases of nonproduced assets,2004,Current Dollars,Level,6,"10,712",T30100
T30100,AD07RC,41,Net purchases of nonproduced assets,2005,Current Dollars,Level,6,"8,216",T30100
T30100,AD07RC,41,Net purchases of nonproduced assets,2006,Current Dollars,Level,6,"-3,025",T30100
T30100,AD07RC,41,Net purchases of nonproduced assets,2007,Current Dollars,Level,6,"10,542",T30100
T30100,AD07RC,41,Net purchases of nonproduced assets,2008,Current Dollars,Level,6,"-7,117",T30100
T30100,AD07RC,41,Net purchases of nonproduced assets,2009,Current Dollars,Level,6,"3,768",T30100
T30100,AD07RC,41,Net purchases of nonproduced assets,2010,Current Dollars,Level,6,"11,054",T30100
T30100,AD07RC,41,Net purchases of nonproduced assets,2011,Current Dollars,Level,6,"10,568",T30100
T30100,AD07RC,41,Net purchases of nonproduced assets,2012,Current Dollars,Level,6,"8,968",T30100
T30100,AD07RC,41,Net purchases of nonproduced assets,2013,Current Dollars,Level,6,"7,894",T30100
T30100,AD07RC,41,Net purchases of nonproduced assets,2014,Current Dollars,Level,6,"7,960",T30100
T30100,AD07RC,41,Net purchases of nonproduced assets,2015,Current Dollars,Level,6,"-19,032",T30100
T30100,AD07RC,41,Net purchases of nonproduced assets,2016,Current Dollars,Level,6,"3,992",T30100
T30100,AD07RC,41,Net purchases of nonproduced assets,2017,Current Dollars,Level,6,"12,092",T30100
T30100,AD07RC,41,Net purchases of nonproduced assets,2018,Current Dollars,Level,6,"14,902",T30100
T30100,AD07RC,41,Net purchases of nonproduced assets,2019,Current Dollars,Level,6,"14,434",T30100
T30100,AD07RC,41,Net purchases of nonproduced assets,2020,Current Dollars,Level,6,"13,412",T30100
T30100,AD07RC,41,Net purchases of nonproduced assets,2021,Current Dollars,Level,6,"7,202",T30100
T30100,AD07RC,41,Net purchases of nonproduced assets,2022,Current Dollars,Level,6,"-90,276",T30100
T30100,AD07RC,41,Net purchases of nonproduced assets,2023,Current Dollars,Level,6,"18,800",T30100
T30100,AD07RC,41,Net purchases of nonproduced assets,2024,Current Dollars,Level,6,"20,491",T30100
T30100,AD07RC,41,Net purchases of nonproduced assets,2025,Current Dollars,Level,6,"22,375",T30100
T30100,A264RC,42,Less: Consumption of fixed capital,1929,Current Dollars,Level,6,998,T30100
T30100,A264RC,42,Less: Consumption of fixed capital,1930,Current Dollars,Level,6,996,T30100
T30100,A264RC,42,Less: Consumption of fixed capital,1931,Current Dollars,Level,6,964,T30100
T30100,A264RC,42,Less: Consumption of fixed capital,1932,Current Dollars,Level,6,873,T30100
T30100,A264RC,42,Less: Consumption of fixed capital,1933,Current Dollars,Level,6,970,T30100
T30100,A264RC,42,Less: Consumption of fixed capital,1934,Current Dollars,Level,6,"1,142",T30100
T30100,A264RC,42,Less: Consumption of fixed capital,1935,Current Dollars,Level,6,"1,156",T30100
T30100,A264RC,42,Less: Consumption of fixed capital,1936,Current Dollars,Level,6,"1,293",T30100
T30100,A264RC,42,Less: Consumption of fixed capital,1937,Current Dollars,Level,6,"1,396",T30100
T30100,A264RC,42,Less: Consumption of fixed capital,1938,Current Dollars,Level,6,"1,462",T30100
T30100,A264RC,42,Less: Consumption of fixed capital,1939,Current Dollars,Level,6,"1,513",T30100
T30100,A264RC,42,Less: Consumption of fixed capital,1940,Current Dollars,Level,6,"1,601",T30100
T30100,A264RC,42,Less: Consumption of fixed capital,1941,Current Dollars,Level,6,"2,112",T30100
T30100,A264RC,42,Less: Consumption of fixed capital,1942,Current Dollars,Level,6,"3,665",T30100
T30100,A264RC,42,Less: Consumption of fixed capital,1943,Current Dollars,Level,6,"6,492",T30100
T30100,A264RC,42,Less: Consumption of fixed capital,1944,Current Dollars,Level,6,"9,303",T30100
T30100,A264RC,42,Less: Consumption of fixed capital,1945,Current Dollars,Level,6,"10,600",T30100
T30100,A264RC,42,Less: Consumption of fixed capital,1946,Current Dollars,Level,6,"11,444",T30100
T30100,A264RC,42,Less: Consumption of fixed capital,1947,Current Dollars,Level,6,"11,386",T30100
T30100,A264RC,42,Less: Consumption of fixed capital,1948,Current Dollars,Level,6,"10,505",T30100
T30100,A264RC,42,Less: Consumption of fixed capital,1949,Current Dollars,Level,6,"9,694",T30100
T30100,A264RC,42,Less: Consumption of fixed capital,1950,Current Dollars,Level,6,"9,060",T30100
T30100,A264RC,42,Less: Consumption of fixed capital,1951,Current Dollars,Level,6,"9,979",T30100
T30100,A264RC,42,Less: Consumption of fixed capital,1952,Current Dollars,Level,6,"11,062",T30100
T30100,A264RC,42,Less: Consumption of fixed capital,1953,Current Dollars,Level,6,"12,144",T30100
T30100,A264RC,42,Less: Consumption of fixed capital,1954,Current Dollars,Level,6,"13,022",T30100
T30100,A264RC,42,Less: Consumption of fixed capital,1955,Current Dollars,Level,6,"13,897",T30100
T30100,A264RC,42,Less: Consumption of fixed capital,1956,Current Dollars,Level,6,"15,316",T30100
T30100,A264RC,42,Less: Consumption of fixed capital,1957,Current Dollars,Level,6,"16,660",T30100
T30100,A264RC,42,Less: Consumption of fixed capital,1958,Current Dollars,Level,6,"17,544",T30100
T30100,A264RC,42,Less: Consumption of fixed capital,1959,Current Dollars,Level,6,"18,625",T30100
T30100,A264RC,42,Less: Consumption of fixed capital,1960,Current Dollars,Level,6,"19,693",T30100
T30100,A264RC,42,Less: Consumption of fixed capital,1961,Current Dollars,Level,6,"20,823",T30100
T30100,A264RC,42,Less: Consumption of fixed capital,1962,Current Dollars,Level,6,"22,305",T30100
T30100,A264RC,42,Less: Consumption of fixed capital,1963,Current Dollars,Level,6,"23,860",T30100
T30100,A264RC,42,Less: Consumption of fixed capital,1964,Current Dollars,Level,6,"25,114",T30100
T30100,A264RC,42,Less: Consumption of fixed capital,1965,Current Dollars,Level,6,"26,440",T30100
T30100,A264RC,42,Less: Consumption of fixed capital,1966,Current Dollars,Level,6,"28,139",T30100
T30100,A264RC,42,Less: Consumption of fixed capital,1967,Current Dollars,Level,6,"30,230",T30100
T30100,A264RC,42,Less: Consumption of fixed capital,1968,Current Dollars,Level,6,"32,754",T30100
T30100,A264RC,42,Less: Consumption of fixed capital,1969,Current Dollars,Level,6,"35,463",T30100
T30100,A264RC,42,Less: Consumption of fixed capital,1970,Current Dollars,Level,6,"38,579",T30100
T30100,A264RC,42,Less: Consumption of fixed capital,1971,Current Dollars,Level,6,"41,291",T30100
T30100,A264RC,42,Less: Consumption of fixed capital,1972,Current Dollars,Level,6,"43,517",T30100
T30100,A264RC,42,Less: Consumption of fixed capital,1973,Current Dollars,Level,6,"47,194",T30100
T30100,A264RC,42,Less: Consumption of fixed capital,1974,Current Dollars,Level,6,"53,735",T30100
T30100,A264RC,42,Less: Consumption of fixed capital,1975,Current Dollars,Level,6,"59,720",T30100
T30100,A264RC,42,Less: Consumption of fixed capital,1976,Current Dollars,Level,6,"63,714",T30100
T30100,A264RC,42,Less: Consumption of fixed capital,1977,Current Dollars,Level,6,"68,705",T30100
T30100,A264RC,42,Less: Consumption of fixed capital,1978,Current Dollars,Level,6,"75,081",T30100
T30100,A264RC,42,Less: Consumption of fixed capital,1979,Current Dollars,Level,6,"83,149",T30100
T30100,A264RC,42,Less: Consumption of fixed capital,1980,Current Dollars,Level,6,"93,454",T30100
T30100,A264RC,42,Less: Consumption of fixed capital,1981,Current Dollars,Level,6,"105,299",T30100
T30100,A264RC,42,Less: Consumption of fixed capital,1982,Current Dollars,Level,6,"116,571",T30100
T30100,A264RC,42,Less: Consumption of fixed capital,1983,Current Dollars,Level,6,"123,836",T30100
T30100,A264RC,42,Less: Consumption of fixed capital,1984,Current Dollars,Level,6,"134,879",T30100
T30100,A264RC,42,Less: Consumption of fixed capital,1985,Current Dollars,Level,6,"143,727",T30100
T30100,A264RC,42,Less: Consumption of fixed capital,1986,Current Dollars,Level,6,"153,723",T30100
T30100,A264RC,42,Less: Consumption of fixed capital,1987,Current Dollars,Level,6,"164,076",T30100
T30100,A264RC,42,Less: Consumption of fixed capital,1988,Current Dollars,Level,6,"176,583",T30100
T30100,A264RC,42,Less: Consumption of fixed capital,1989,Current Dollars,Level,6,"188,639",T30100
T30100,A264RC,42,Less: Consumption of fixed capital,1990,Current Dollars,Level,6,"200,135",T30100
T30100,A264RC,42,Less: Consumption of fixed capital,1991,Current Dollars,Level,6,"210,937",T30100
T30100,A264RC,42,Less: Consumption of fixed capital,1992,Current Dollars,Level,6,"217,361",T30100
T30100,A264RC,42,Less: Consumption of fixed capital,1993,Current Dollars,Level,6,"225,288",T30100
T30100,A264RC,42,Less: Consumption of fixed capital,1994,Current Dollars,Level,6,"233,102",T30100
T30100,A264RC,42,Less: Consumption of fixed capital,1995,Current Dollars,Level,6,"241,653",T30100
T30100,A264RC,42,Less: Consumption of fixed capital,1996,Current Dollars,Level,6,"246,195",T30100
T30100,A264RC,42,Less: Consumption of fixed capital,1997,Current Dollars,Level,6,"251,572",T30100
T30100,A264RC,42,Less: Consumption of fixed capital,1998,Current Dollars,Level,6,"257,571",T30100
T30100,A264RC,42,Less: Consumption of fixed capital,1999,Current Dollars,Level,6,"266,725",T30100
T30100,A264RC,42,Less: Consumption of fixed capital,2000,Current Dollars,Level,6,"279,713",T30100
T30100,A264RC,42,Less: Consumption of fixed capital,2001,Current Dollars,Level,6,"287,802",T30100
T30100,A264RC,42,Less: Consumption of fixed capital,2002,Current Dollars,Level,6,"296,160",T30100
T30100,A264RC,42,Less: Consumption of fixed capital,2003,Current Dollars,Level,6,"307,133",T30100
T30100,A264RC,42,Less: Consumption of fixed capital,2004,Current Dollars,Level,6,"324,717",T30100
T30100,A264RC,42,Less: Consumption of fixed capital,2005,Current Dollars,Level,6,"348,421",T30100
T30100,A264RC,42,Less: Consumption of fixed capital,2006,Current Dollars,Level,6,"372,324",T30100
T30100,A264RC,42,Less: Consumption of fixed capital,2007,Current Dollars,Level,6,"400,307",T30100
T30100,A264RC,42,Less: Consumption of fixed capital,2008,Current Dollars,Level,6,"427,020",T30100
T30100,A264RC,42,Less: Consumption of fixed capital,2009,Current Dollars,Level,6,"442,767",T30100
T30100,A264RC,42,Less: Consumption of fixed capital,2010,Current Dollars,Level,6,"457,152",T30100
T30100,A264RC,42,Less: Consumption of fixed capital,2011,Current Dollars,Level,6,"477,154",T30100
T30100,A264RC,42,Less: Consumption of fixed capital,2012,Current Dollars,Level,6,"493,618",T30100
T30100,A264RC,42,Less: Consumption of fixed capital,2013,Current Dollars,Level,6,"505,010",T30100
T30100,A264RC,42,Less: Consumption of fixed capital,2014,Current Dollars,Level,6,"518,335",T30100
T30100,A264RC,42,Less: Consumption of fixed capital,2015,Current Dollars,Level,6,"525,074",T30100
T30100,A264RC,42,Less: Consumption of fixed capital,2016,Current Dollars,Level,6,"532,528",T30100
T30100,A264RC,42,Less: Consumption of fixed capital,2017,Current Dollars,Level,6,"549,888",T30100
T30100,A264RC,42,Less: Consumption of fixed capital,2018,Current Dollars,Level,6,"575,302",T30100
T30100,A264RC,42,Less: Consumption of fixed capital,2019,Current Dollars,Level,6,"597,812",T30100
T30100,A264RC,42,Less: Consumption of fixed capital,2020,Current Dollars,Level,6,"617,129",T30100
T30100,A264RC,42,Less: Consumption of fixed capital,2021,Current Dollars,Level,6,"658,932",T30100
T30100,A264RC,42,Less: Consumption of fixed capital,2022,Current Dollars,Level,6,"728,998",T30100
T30100,A264RC,42,Less: Consumption of fixed capital,2023,Current Dollars,Level,6,"770,345",T30100
T30100,A264RC,42,Less: Consumption of fixed capital,2024,Current Dollars,Level,6,"803,792",T30100
T30100,A264RC,42,Less: Consumption of fixed capital,2025,Current Dollars,Level,6,"849,262",T30100
T30100,AD01RC,43,Net lending or net borrowing (-),1960,Current Dollars,Level,6,"-12,804",T30100
T30100,AD01RC,43,Net lending or net borrowing (-),1961,Current Dollars,Level,6,"-20,709",T30100
T30100,AD01RC,43,Net lending or net borrowing (-),1962,Current Dollars,Level,6,"-21,749",T30100
T30100,AD01RC,43,Net lending or net borrowing (-),1963,Current Dollars,Level,6,"-18,341",T30100
T30100,AD01RC,43,Net lending or net borrowing (-),1964,Current Dollars,Level,6,"-22,910",T30100
T30100,AD01RC,43,Net lending or net borrowing (-),1965,Current Dollars,Level,6,"-21,512",T30100
T30100,AD01RC,43,Net lending or net borrowing (-),1966,Current Dollars,Level,6,"-25,899",T30100
T30100,AD01RC,43,Net lending or net borrowing (-),1967,Current Dollars,Level,6,"-40,213",T30100
T30100,AD01RC,43,Net lending or net borrowing (-),1968,Current Dollars,Level,6,"-33,314",T30100
T30100,AD01RC,43,Net lending or net borrowing (-),1969,Current Dollars,Level,6,"-22,647",T30100
T30100,AD01RC,43,Net lending or net borrowing (-),1970,Current Dollars,Level,6,"-50,786",T30100
T30100,AD01RC,43,Net lending or net borrowing (-),1971,Current Dollars,Level,6,"-64,945",T30100
T30100,AD01RC,43,Net lending or net borrowing (-),1972,Current Dollars,Level,6,"-54,475",T30100
T30100,AD01RC,43,Net lending or net borrowing (-),1973,Current Dollars,Level,6,"-43,280",T30100
T30100,AD01RC,43,Net lending or net borrowing (-),1974,Current Dollars,Level,6,"-56,266",T30100
T30100,AD01RC,43,Net lending or net borrowing (-),1975,Current Dollars,Level,6,"-128,693",T30100
T30100,AD01RC,43,Net lending or net borrowing (-),1976,Current Dollars,Level,6,"-103,641",T30100
T30100,AD01RC,43,Net lending or net borrowing (-),1977,Current Dollars,Level,6,"-88,475",T30100
T30100,AD01RC,43,Net lending or net borrowing (-),1978,Current Dollars,Level,6,"-81,878",T30100
T30100,AD01RC,43,Net lending or net borrowing (-),1979,Current Dollars,Level,6,"-77,489",T30100
T30100,AD01RC,43,Net lending or net borrowing (-),1980,Current Dollars,Level,6,"-126,911",T30100
T30100,AD01RC,43,Net lending or net borrowing (-),1981,Current Dollars,Level,6,"-128,061",T30100
T30100,AD01RC,43,Net lending or net borrowing (-),1982,Current Dollars,Level,6,"-219,217",T30100
T30100,AD01RC,43,Net lending or net borrowing (-),1983,Current Dollars,Level,6,"-262,064",T30100
T30100,AD01RC,43,Net lending or net borrowing (-),1984,Current Dollars,Level,6,"-245,350",T30100
T30100,AD01RC,43,Net lending or net borrowing (-),1985,Current Dollars,Level,6,"-270,873",T30100
T30100,AD01RC,43,Net lending or net borrowing (-),1986,Current Dollars,Level,6,"-295,019",T30100
T30100,AD01RC,43,Net lending or net borrowing (-),1987,Current Dollars,Level,6,"-263,952",T30100
T30100,AD01RC,43,Net lending or net borrowing (-),1988,Current Dollars,Level,6,"-246,279",T30100
T30100,AD01RC,43,Net lending or net borrowing (-),1989,Current Dollars,Level,6,"-252,560",T30100
T30100,AD01RC,43,Net lending or net borrowing (-),1990,Current Dollars,Level,6,"-326,348",T30100
T30100,AD01RC,43,Net lending or net borrowing (-),1991,Current Dollars,Level,6,"-387,402",T30100
T30100,AD01RC,43,Net lending or net borrowing (-),1992,Current Dollars,Level,6,"-474,802",T30100
T30100,AD01RC,43,Net lending or net borrowing (-),1993,Current Dollars,Level,6,"-441,975",T30100
T30100,AD01RC,43,Net lending or net borrowing (-),1994,Current Dollars,Level,6,"-368,228",T30100
T30100,AD01RC,43,Net lending or net borrowing (-),1995,Current Dollars,Level,6,"-358,228",T30100
T30100,AD01RC,43,Net lending or net borrowing (-),1996,Current Dollars,Level,6,"-285,704",T30100
T30100,AD01RC,43,Net lending or net borrowing (-),1997,Current Dollars,Level,6,"-179,905",T30100
T30100,AD01RC,43,Net lending or net borrowing (-),1998,Current Dollars,Level,6,"-85,165",T30100
T30100,AD01RC,43,Net lending or net borrowing (-),1999,Current Dollars,Level,6,"-49,729",T30100
T30100,AD01RC,43,Net lending or net borrowing (-),2000,Current Dollars,Level,6,"32,169",T30100
T30100,AD01RC,43,Net lending or net borrowing (-),2001,Current Dollars,Level,6,"-201,391",T30100
T30100,AD01RC,43,Net lending or net borrowing (-),2002,Current Dollars,Level,6,"-585,030",T30100
T30100,AD01RC,43,Net lending or net borrowing (-),2003,Current Dollars,Level,6,"-742,541",T30100
T30100,AD01RC,43,Net lending or net borrowing (-),2004,Current Dollars,Level,6,"-714,166",T30100
T30100,AD01RC,43,Net lending or net borrowing (-),2005,Current Dollars,Level,6,"-592,555",T30100
T30100,AD01RC,43,Net lending or net borrowing (-),2006,Current Dollars,Level,6,"-474,394",T30100
T30100,AD01RC,43,Net lending or net borrowing (-),2007,Current Dollars,Level,6,"-591,937",T30100
T30100,AD01RC,43,Net lending or net borrowing (-),2008,Current Dollars,Level,6,"-1,103,190",T30100
T30100,AD01RC,43,Net lending or net borrowing (-),2009,Current Dollars,Level,6,"-1,913,393",T30100
T30100,AD01RC,43,Net lending or net borrowing (-),2010,Current Dollars,Level,6,"-1,881,869",T30100
T30100,AD01RC,43,Net lending or net borrowing (-),2011,Current Dollars,Level,6,"-1,728,717",T30100
T30100,AD01RC,43,Net lending or net borrowing (-),2012,Current Dollars,Level,6,"-1,510,383",T30100
T30100,AD01RC,43,Net lending or net borrowing (-),2013,Current Dollars,Level,6,"-997,304",T30100
T30100,AD01RC,43,Net lending or net borrowing (-),2014,Current Dollars,Level,6,"-921,729",T30100
T30100,AD01RC,43,Net lending or net borrowing (-),2015,Current Dollars,Level,6,"-849,499",T30100
T30100,AD01RC,43,Net lending or net borrowing (-),2016,Current Dollars,Level,6,"-1,018,610",T30100
T30100,AD01RC,43,Net lending or net borrowing (-),2017,Current Dollars,Level,6,"-868,341",T30100
T30100,AD01RC,43,Net lending or net borrowing (-),2018,Current Dollars,Level,6,"-1,264,023",T30100
T30100,AD01RC,43,Net lending or net borrowing (-),2019,Current Dollars,Level,6,"-1,444,306",T30100
T30100,AD01RC,43,Net lending or net borrowing (-),2020,Current Dollars,Level,6,"-3,200,494",T30100
T30100,AD01RC,43,Net lending or net borrowing (-),2021,Current Dollars,Level,6,"-2,831,796",T30100
T30100,AD01RC,43,Net lending or net borrowing (-),2022,Current Dollars,Level,6,"-968,778",T30100
T30100,AD01RC,43,Net lending or net borrowing (-),2023,Current Dollars,Level,6,"-2,222,649",T30100
T30100,AD01RC,43,Net lending or net borrowing (-),2024,Current Dollars,Level,6,"-2,366,366",T30100
