"LineNumber","LineDescription","TimePeriod","DataValue"
"1","Gross domestic product","1929","104,556"
"1","Gross domestic product","1930","92,160"
"1","Gross domestic product","1931","77,391"
"1","Gross domestic product","1932","59,522"
"1","Gross domestic product","1933","57,154"
"1","Gross domestic product","1934","66,800"
"1","Gross domestic product","1935","74,241"
"1","Gross domestic product","1936","84,830"
"1","Gross domestic product","1937","93,003"
"1","Gross domestic product","1938","87,352"
"1","Gross domestic product","1939","93,437"
"1","Gross domestic product","1940","102,899"
"1","Gross domestic product","1941","129,309"
"1","Gross domestic product","1942","165,952"
"1","Gross domestic product","1943","203,084"
"1","Gross domestic product","1944","224,447"
"1","Gross domestic product","1945","228,007"
"1","Gross domestic product","1946","227,535"
"1","Gross domestic product","1947","249,616"
"1","Gross domestic product","1948","274,468"
"1","Gross domestic product","1949","272,475"
"1","Gross domestic product","1950","299,827"
"1","Gross domestic product","1951","346,914"
"1","Gross domestic product","1952","367,341"
"1","Gross domestic product","1953","389,218"
"1","Gross domestic product","1954","390,549"
"1","Gross domestic product","1955","425,478"
"1","Gross domestic product","1956","449,353"
"1","Gross domestic product","1957","474,039"
"1","Gross domestic product","1958","481,229"
"1","Gross domestic product","1959","521,654"
"1","Gross domestic product","1960","542,382"
"1","Gross domestic product","1961","562,209"
"1","Gross domestic product","1962","603,922"
"1","Gross domestic product","1963","637,450"
"1","Gross domestic product","1964","684,460"
"1","Gross domestic product","1965","742,289"
"1","Gross domestic product","1966","813,414"
"1","Gross domestic product","1967","859,959"
"1","Gross domestic product","1968","940,651"
"1","Gross domestic product","1969","1,017,615"
"1","Gross domestic product","1970","1,073,303"
"1","Gross domestic product","1971","1,164,850"
"1","Gross domestic product","1972","1,279,110"
"1","Gross domestic product","1973","1,425,376"
"1","Gross domestic product","1974","1,545,243"
"1","Gross domestic product","1975","1,684,904"
"1","Gross domestic product","1976","1,873,412"
"1","Gross domestic product","1977","2,081,826"
"1","Gross domestic product","1978","2,351,599"
"1","Gross domestic product","1979","2,627,333"
"1","Gross domestic product","1980","2,857,307"
"1","Gross domestic product","1981","3,207,041"
"1","Gross domestic product","1982","3,343,789"
"1","Gross domestic product","1983","3,634,038"
"1","Gross domestic product","1984","4,037,613"
"1","Gross domestic product","1985","4,338,979"
"1","Gross domestic product","1986","4,579,631"
"1","Gross domestic product","1987","4,855,215"
"1","Gross domestic product","1988","5,236,438"
"1","Gross domestic product","1989","5,641,580"
"1","Gross domestic product","1990","5,963,144"
"1","Gross domestic product","1991","6,158,129"
"1","Gross domestic product","1992","6,520,327"
"1","Gross domestic product","1993","6,858,559"
"1","Gross domestic product","1994","7,287,236"
"1","Gross domestic product","1995","7,639,749"
"1","Gross domestic product","1996","8,073,122"
"1","Gross domestic product","1997","8,577,552"
"1","Gross domestic product","1998","9,062,817"
"1","Gross domestic product","1999","9,631,172"
"1","Gross domestic product","2000","10,250,952"
"1","Gross domestic product","2001","10,581,929"
"1","Gross domestic product","2002","10,929,108"
"1","Gross domestic product","2003","11,456,450"
"1","Gross domestic product","2004","12,217,196"
"1","Gross domestic product","2005","13,039,197"
"1","Gross domestic product","2006","13,815,583"
"1","Gross domestic product","2007","14,474,228"
"1","Gross domestic product","2008","14,769,862"
"1","Gross domestic product","2009","14,478,067"
"1","Gross domestic product","2010","15,048,971"
"1","Gross domestic product","2011","15,599,732"
"1","Gross domestic product","2012","16,253,970"
"1","Gross domestic product","2013","16,880,683"
"1","Gross domestic product","2014","17,608,138"
"1","Gross domestic product","2015","18,295,019"
"1","Gross domestic product","2016","18,804,913"
"1","Gross domestic product","2017","19,612,102"
"1","Gross domestic product","2018","20,656,516"
"1","Gross domestic product","2019","21,539,982"
"1","Gross domestic product","2020","21,375,281"
"1","Gross domestic product","2021","23,725,645"
"1","Gross domestic product","2022","26,054,614"
"1","Gross domestic product","2023","27,811,517"
"1","Gross domestic product","2024","29,298,013"
"1","Gross domestic product","2025","30,762,099"
"2","Personal consumption expenditures","1929","77,382"
"2","Personal consumption expenditures","1930","70,136"
"2","Personal consumption expenditures","1931","60,672"
"2","Personal consumption expenditures","1932","48,714"
"2","Personal consumption expenditures","1933","45,945"
"2","Personal consumption expenditures","1934","51,461"
"2","Personal consumption expenditures","1935","55,932"
"2","Personal consumption expenditures","1936","62,188"
"2","Personal consumption expenditures","1937","66,839"
"2","Personal consumption expenditures","1938","64,272"
"2","Personal consumption expenditures","1939","67,209"
"2","Personal consumption expenditures","1940","71,288"
"2","Personal consumption expenditures","1941","81,072"
"2","Personal consumption expenditures","1942","89,002"
"2","Personal consumption expenditures","1943","99,903"
"2","Personal consumption expenditures","1944","108,648"
"2","Personal consumption expenditures","1945","119,977"
"2","Personal consumption expenditures","1946","144,198"
"2","Personal consumption expenditures","1947","161,852"
"2","Personal consumption expenditures","1948","174,878"
"2","Personal consumption expenditures","1949","178,333"
"2","Personal consumption expenditures","1950","192,044"
"2","Personal consumption expenditures","1951","208,339"
"2","Personal consumption expenditures","1952","219,320"
"2","Personal consumption expenditures","1953","232,740"
"2","Personal consumption expenditures","1954","239,608"
"2","Personal consumption expenditures","1955","258,288"
"2","Personal consumption expenditures","1956","271,128"
"2","Personal consumption expenditures","1957","286,296"
"2","Personal consumption expenditures","1958","295,606"
"2","Personal consumption expenditures","1959","317,130"
"2","Personal consumption expenditures","1960","331,180"
"2","Personal consumption expenditures","1961","341,475"
"2","Personal consumption expenditures","1962","362,557"
"2","Personal consumption expenditures","1963","382,035"
"2","Personal consumption expenditures","1964","410,632"
"2","Personal consumption expenditures","1965","442,973"
"2","Personal consumption expenditures","1966","479,919"
"2","Personal consumption expenditures","1967","506,685"
"2","Personal consumption expenditures","1968","556,852"
"2","Personal consumption expenditures","1969","603,639"
"2","Personal consumption expenditures","1970","646,724"
"2","Personal consumption expenditures","1971","699,937"
"2","Personal consumption expenditures","1972","768,153"
"2","Personal consumption expenditures","1973","849,575"
"2","Personal consumption expenditures","1974","930,161"
"2","Personal consumption expenditures","1975","1,030,547"
"2","Personal consumption expenditures","1976","1,147,666"
"2","Personal consumption expenditures","1977","1,273,975"
"2","Personal consumption expenditures","1978","1,422,252"
"2","Personal consumption expenditures","1979","1,585,420"
"2","Personal consumption expenditures","1980","1,750,667"
"2","Personal consumption expenditures","1981","1,933,951"
"2","Personal consumption expenditures","1982","2,071,256"
"2","Personal consumption expenditures","1983","2,281,605"
"2","Personal consumption expenditures","1984","2,492,340"
"2","Personal consumption expenditures","1985","2,712,830"
"2","Personal consumption expenditures","1986","2,886,278"
"2","Personal consumption expenditures","1987","3,076,279"
"2","Personal consumption expenditures","1988","3,330,012"
"2","Personal consumption expenditures","1989","3,576,758"
"2","Personal consumption expenditures","1990","3,808,994"
"2","Personal consumption expenditures","1991","3,943,449"
"2","Personal consumption expenditures","1992","4,197,559"
"2","Personal consumption expenditures","1993","4,451,984"
"2","Personal consumption expenditures","1994","4,720,965"
"2","Personal consumption expenditures","1995","4,962,590"
"2","Personal consumption expenditures","1996","5,244,596"
"2","Personal consumption expenditures","1997","5,536,790"
"2","Personal consumption expenditures","1998","5,877,248"
"2","Personal consumption expenditures","1999","6,283,758"
"2","Personal consumption expenditures","2000","6,767,179"
"2","Personal consumption expenditures","2001","7,073,801"
"2","Personal consumption expenditures","2002","7,348,941"
"2","Personal consumption expenditures","2003","7,740,749"
"2","Personal consumption expenditures","2004","8,231,960"
"2","Personal consumption expenditures","2005","8,769,066"
"2","Personal consumption expenditures","2006","9,277,236"
"2","Personal consumption expenditures","2007","9,746,594"
"2","Personal consumption expenditures","2008","10,050,083"
"2","Personal consumption expenditures","2009","9,891,218"
"2","Personal consumption expenditures","2010","10,260,256"
"2","Personal consumption expenditures","2011","10,698,857"
"2","Personal consumption expenditures","2012","11,047,363"
"2","Personal consumption expenditures","2013","11,388,233"
"2","Personal consumption expenditures","2014","11,874,450"
"2","Personal consumption expenditures","2015","12,297,438"
"2","Personal consumption expenditures","2016","12,726,849"
"2","Personal consumption expenditures","2017","13,290,626"
"2","Personal consumption expenditures","2018","13,934,442"
"2","Personal consumption expenditures","2019","14,437,543"
"2","Personal consumption expenditures","2020","14,231,353"
"2","Personal consumption expenditures","2021","16,119,682"
"2","Personal consumption expenditures","2022","17,690,013"
"2","Personal consumption expenditures","2023","18,833,150"
"2","Personal consumption expenditures","2024","19,896,009"
"2","Personal consumption expenditures","2025","20,954,857"
"3","Goods","1929","43,770"
"3","Goods","1930","38,164"
"3","Goods","1931","31,709"
"3","Goods","1932","24,127"
"3","Goods","1933","23,756"
"3","Goods","1934","28,483"
"3","Goods","1935","31,628"
"3","Goods","1936","35,969"
"3","Goods","1937","38,373"
"3","Goods","1938","36,006"
"3","Goods","1939","37,921"
"3","Goods","1940","40,632"
"3","Goods","1941","47,448"
"3","Goods","1942","51,026"
"3","Goods","1943","56,332"
"3","Goods","1944","60,531"
"3","Goods","1945","67,624"
"3","Goods","1946","86,245"
"3","Goods","1947","99,429"
"3","Goods","1948","107,420"
"3","Goods","1949","108,081"
"3","Goods","1950","116,830"
"3","Goods","1951","124,748"
"3","Goods","1952","128,785"
"3","Goods","1953","134,835"
"3","Goods","1954","135,766"
"3","Goods","1955","147,398"
"3","Goods","1956","152,154"
"3","Goods","1957","159,602"
"3","Goods","1958","161,568"
"3","Goods","1959","172,607"
"3","Goods","1960","177,015"
"3","Goods","1961","178,808"
"3","Goods","1962","188,969"
"3","Goods","1963","198,154"
"3","Goods","1964","212,252"
"3","Goods","1965","229,675"
"3","Goods","1966","249,619"
"3","Goods","1967","258,991"
"3","Goods","1968","284,617"
"3","Goods","1969","304,678"
"3","Goods","1970","318,794"
"3","Goods","1971","342,116"
"3","Goods","1972","373,815"
"3","Goods","1973","416,635"
"3","Goods","1974","451,538"
"3","Goods","1975","491,334"
"3","Goods","1976","546,305"
"3","Goods","1977","600,384"
"3","Goods","1978","663,567"
"3","Goods","1979","737,938"
"3","Goods","1980","799,794"
"3","Goods","1981","869,368"
"3","Goods","1982","899,290"
"3","Goods","1983","973,783"
"3","Goods","1984","1,063,700"
"3","Goods","1985","1,137,609"
"3","Goods","1986","1,195,627"
"3","Goods","1987","1,256,297"
"3","Goods","1988","1,337,309"
"3","Goods","1989","1,423,805"
"3","Goods","1990","1,491,301"
"3","Goods","1991","1,497,434"
"3","Goods","1992","1,563,268"
"3","Goods","1993","1,642,347"
"3","Goods","1994","1,746,554"
"3","Goods","1995","1,815,533"
"3","Goods","1996","1,917,671"
"3","Goods","1997","2,006,506"
"3","Goods","1998","2,108,439"
"3","Goods","1999","2,287,062"
"3","Goods","2000","2,453,172"
"3","Goods","2001","2,525,593"
"3","Goods","2002","2,598,805"
"3","Goods","2003","2,722,597"
"3","Goods","2004","2,902,021"
"3","Goods","2005","3,082,923"
"3","Goods","2006","3,239,655"
"3","Goods","2007","3,367,031"
"3","Goods","2008","3,363,221"
"3","Goods","2009","3,180,022"
"3","Goods","2010","3,317,825"
"3","Goods","2011","3,518,121"
"3","Goods","2012","3,637,739"
"3","Goods","2013","3,742,183"
"3","Goods","2014","3,886,577"
"3","Goods","2015","3,955,130"
"3","Goods","2016","4,033,036"
"3","Goods","2017","4,212,214"
"3","Goods","2018","4,414,208"
"3","Goods","2019","4,532,817"
"3","Goods","2020","4,708,625"
"3","Goods","2021","5,499,445"
"3","Goods","2022","5,938,667"
"3","Goods","2023","6,115,666"
"3","Goods","2024","6,261,530"
"3","Goods","2025","6,508,041"
"4","Durable goods","1929","9,829"
"4","Durable goods","1930","7,661"
"4","Durable goods","1931","5,911"
"4","Durable goods","1932","3,959"
"4","Durable goods","1933","3,762"
"4","Durable goods","1934","4,564"
"4","Durable goods","1935","5,493"
"4","Durable goods","1936","6,749"
"4","Durable goods","1937","7,393"
"4","Durable goods","1938","6,123"
"4","Durable goods","1939","7,168"
"4","Durable goods","1940","8,287"
"4","Durable goods","1941","10,268"
"4","Durable goods","1942","7,630"
"4","Durable goods","1943","7,471"
"4","Durable goods","1944","7,743"
"4","Durable goods","1945","9,098"
"4","Durable goods","1946","17,114"
"4","Durable goods","1947","21,833"
"4","Durable goods","1948","24,453"
"4","Durable goods","1949","26,623"
"4","Durable goods","1950","32,445"
"4","Durable goods","1951","31,739"
"4","Durable goods","1952","31,243"
"4","Durable goods","1953","34,616"
"4","Durable goods","1954","33,713"
"4","Durable goods","1955","40,745"
"4","Durable goods","1956","40,169"
"4","Durable goods","1957","42,027"
"4","Durable goods","1958","39,530"
"4","Durable goods","1959","44,888"
"4","Durable goods","1960","45,625"
"4","Durable goods","1961","44,206"
"4","Durable goods","1962","49,465"
"4","Durable goods","1963","54,228"
"4","Durable goods","1964","59,556"
"4","Durable goods","1965","66,390"
"4","Durable goods","1966","71,745"
"4","Durable goods","1967","73,981"
"4","Durable goods","1968","84,828"
"4","Durable goods","1969","90,483"
"4","Durable goods","1970","89,988"
"4","Durable goods","1971","102,446"
"4","Durable goods","1972","116,444"
"4","Durable goods","1973","130,527"
"4","Durable goods","1974","130,177"
"4","Durable goods","1975","142,165"
"4","Durable goods","1976","168,624"
"4","Durable goods","1977","191,963"
"4","Durable goods","1978","213,348"
"4","Durable goods","1979","226,340"
"4","Durable goods","1980","226,391"
"4","Durable goods","1981","243,938"
"4","Durable goods","1982","253,032"
"4","Durable goods","1983","295,031"
"4","Durable goods","1984","342,156"
"4","Durable goods","1985","380,365"
"4","Durable goods","1986","421,439"
"4","Durable goods","1987","442,022"
"4","Durable goods","1988","475,053"
"4","Durable goods","1989","494,330"
"4","Durable goods","1990","497,079"
"4","Durable goods","1991","477,183"
"4","Durable goods","1992","508,081"
"4","Durable goods","1993","551,532"
"4","Durable goods","1994","607,171"
"4","Durable goods","1995","635,738"
"4","Durable goods","1996","676,295"
"4","Durable goods","1997","715,530"
"4","Durable goods","1998","779,293"
"4","Durable goods","1999","855,568"
"4","Durable goods","2000","912,572"
"4","Durable goods","2001","941,515"
"4","Durable goods","2002","985,368"
"4","Durable goods","2003","1,017,801"
"4","Durable goods","2004","1,080,574"
"4","Durable goods","2005","1,128,610"
"4","Durable goods","2006","1,158,333"
"4","Durable goods","2007","1,188,043"
"4","Durable goods","2008","1,098,761"
"4","Durable goods","2009","1,012,121"
"4","Durable goods","2010","1,048,962"
"4","Durable goods","2011","1,093,499"
"4","Durable goods","2012","1,144,221"
"4","Durable goods","2013","1,191,786"
"4","Durable goods","2014","1,247,260"
"4","Durable goods","2015","1,315,794"
"4","Durable goods","2016","1,356,495"
"4","Durable goods","2017","1,415,911"
"4","Durable goods","2018","1,488,831"
"4","Durable goods","2019","1,523,644"
"4","Durable goods","2020","1,621,700"
"4","Durable goods","2021","1,991,864"
"4","Durable goods","2022","2,077,929"
"4","Durable goods","2023","2,141,043"
"4","Durable goods","2024","2,178,085"
"4","Durable goods","2025","2,265,413"
"5","Nondurable goods","1929","33,941"
"5","Nondurable goods","1930","30,503"
"5","Nondurable goods","1931","25,798"
"5","Nondurable goods","1932","20,169"
"5","Nondurable goods","1933","19,994"
"5","Nondurable goods","1934","23,919"
"5","Nondurable goods","1935","26,135"
"5","Nondurable goods","1936","29,221"
"5","Nondurable goods","1937","30,980"
"5","Nondurable goods","1938","29,883"
"5","Nondurable goods","1939","30,754"
"5","Nondurable goods","1940","32,345"
"5","Nondurable goods","1941","37,180"
"5","Nondurable goods","1942","43,395"
"5","Nondurable goods","1943","48,861"
"5","Nondurable goods","1944","52,788"
"5","Nondurable goods","1945","58,525"
"5","Nondurable goods","1946","69,131"
"5","Nondurable goods","1947","77,596"
"5","Nondurable goods","1948","82,966"
"5","Nondurable goods","1949","81,457"
"5","Nondurable goods","1950","84,384"
"5","Nondurable goods","1951","93,009"
"5","Nondurable goods","1952","97,542"
"5","Nondurable goods","1953","100,219"
"5","Nondurable goods","1954","102,053"
"5","Nondurable goods","1955","106,653"
"5","Nondurable goods","1956","111,985"
"5","Nondurable goods","1957","117,575"
"5","Nondurable goods","1958","122,038"
"5","Nondurable goods","1959","127,719"
"5","Nondurable goods","1960","131,390"
"5","Nondurable goods","1961","134,602"
"5","Nondurable goods","1962","139,504"
"5","Nondurable goods","1963","143,927"
"5","Nondurable goods","1964","152,696"
"5","Nondurable goods","1965","163,285"
"5","Nondurable goods","1966","177,874"
"5","Nondurable goods","1967","185,009"
"5","Nondurable goods","1968","199,788"
"5","Nondurable goods","1969","214,195"
"5","Nondurable goods","1970","228,806"
"5","Nondurable goods","1971","239,670"
"5","Nondurable goods","1972","257,371"
"5","Nondurable goods","1973","286,108"
"5","Nondurable goods","1974","321,361"
"5","Nondurable goods","1975","349,170"
"5","Nondurable goods","1976","377,680"
"5","Nondurable goods","1977","408,421"
"5","Nondurable goods","1978","450,218"
"5","Nondurable goods","1979","511,598"
"5","Nondurable goods","1980","573,402"
"5","Nondurable goods","1981","625,430"
"5","Nondurable goods","1982","646,258"
"5","Nondurable goods","1983","678,753"
"5","Nondurable goods","1984","721,545"
"5","Nondurable goods","1985","757,244"
"5","Nondurable goods","1986","774,188"
"5","Nondurable goods","1987","814,275"
"5","Nondurable goods","1988","862,256"
"5","Nondurable goods","1989","929,475"
"5","Nondurable goods","1990","994,222"
"5","Nondurable goods","1991","1,020,252"
"5","Nondurable goods","1992","1,055,186"
"5","Nondurable goods","1993","1,090,814"
"5","Nondurable goods","1994","1,139,382"
"5","Nondurable goods","1995","1,179,795"
"5","Nondurable goods","1996","1,241,376"
"5","Nondurable goods","1997","1,290,976"
"5","Nondurable goods","1998","1,329,146"
"5","Nondurable goods","1999","1,431,493"
"5","Nondurable goods","2000","1,540,600"
"5","Nondurable goods","2001","1,584,078"
"5","Nondurable goods","2002","1,613,437"
"5","Nondurable goods","2003","1,704,797"
"5","Nondurable goods","2004","1,821,447"
"5","Nondurable goods","2005","1,954,313"
"5","Nondurable goods","2006","2,081,322"
"5","Nondurable goods","2007","2,178,988"
"5","Nondurable goods","2008","2,264,460"
"5","Nondurable goods","2009","2,167,901"
"5","Nondurable goods","2010","2,268,862"
"5","Nondurable goods","2011","2,424,622"
"5","Nondurable goods","2012","2,493,518"
"5","Nondurable goods","2013","2,550,398"
"5","Nondurable goods","2014","2,639,317"
"5","Nondurable goods","2015","2,639,336"
"5","Nondurable goods","2016","2,676,541"
"5","Nondurable goods","2017","2,796,304"
"5","Nondurable goods","2018","2,925,377"
"5","Nondurable goods","2019","3,009,173"
"5","Nondurable goods","2020","3,086,925"
"5","Nondurable goods","2021","3,507,581"
"5","Nondurable goods","2022","3,860,738"
"5","Nondurable goods","2023","3,974,623"
"5","Nondurable goods","2024","4,083,445"
"5","Nondurable goods","2025","4,242,627"
"6","Services","1929","33,613"
"6","Services","1930","31,972"
"6","Services","1931","28,963"
"6","Services","1932","24,587"
"6","Services","1933","22,189"
"6","Services","1934","22,978"
"6","Services","1935","24,305"
"6","Services","1936","26,218"
"6","Services","1937","28,466"
"6","Services","1938","28,266"
"6","Services","1939","29,287"
"6","Services","1940","30,655"
"6","Services","1941","33,624"
"6","Services","1942","37,976"
"6","Services","1943","43,570"
"6","Services","1944","48,117"
"6","Services","1945","52,354"
"6","Services","1946","57,953"
"6","Services","1947","62,423"
"6","Services","1948","67,459"
"6","Services","1949","70,252"
"6","Services","1950","75,215"
"6","Services","1951","83,591"
"6","Services","1952","90,535"
"6","Services","1953","97,905"
"6","Services","1954","103,842"
"6","Services","1955","110,890"
"6","Services","1956","118,973"
"6","Services","1957","126,693"
"6","Services","1958","134,038"
"6","Services","1959","144,523"
"6","Services","1960","154,165"
"6","Services","1961","162,667"
"6","Services","1962","173,588"
"6","Services","1963","183,880"
"6","Services","1964","198,380"
"6","Services","1965","213,298"
"6","Services","1966","230,300"
"6","Services","1967","247,695"
"6","Services","1968","272,236"
"6","Services","1969","298,960"
"6","Services","1970","327,931"
"6","Services","1971","357,821"
"6","Services","1972","394,338"
"6","Services","1973","432,939"
"6","Services","1974","478,623"
"6","Services","1975","539,213"
"6","Services","1976","601,361"
"6","Services","1977","673,591"
"6","Services","1978","758,686"
"6","Services","1979","847,482"
"6","Services","1980","950,874"
"6","Services","1981","1,064,583"
"6","Services","1982","1,171,966"
"6","Services","1983","1,307,821"
"6","Services","1984","1,428,640"
"6","Services","1985","1,575,221"
"6","Services","1986","1,690,651"
"6","Services","1987","1,819,982"
"6","Services","1988","1,992,703"
"6","Services","1989","2,152,953"
"6","Services","1990","2,317,693"
"6","Services","1991","2,446,015"
"6","Services","1992","2,634,291"
"6","Services","1993","2,809,637"
"6","Services","1994","2,974,411"
"6","Services","1995","3,147,057"
"6","Services","1996","3,326,925"
"6","Services","1997","3,530,285"
"6","Services","1998","3,768,809"
"6","Services","1999","3,996,696"
"6","Services","2000","4,314,008"
"6","Services","2001","4,548,208"
"6","Services","2002","4,750,136"
"6","Services","2003","5,018,152"
"6","Services","2004","5,329,939"
"6","Services","2005","5,686,143"
"6","Services","2006","6,037,580"
"6","Services","2007","6,379,563"
"6","Services","2008","6,686,862"
"6","Services","2009","6,711,196"
"6","Services","2010","6,942,432"
"6","Services","2011","7,180,736"
"6","Services","2012","7,409,624"
"6","Services","2013","7,646,050"
"6","Services","2014","7,987,873"
"6","Services","2015","8,342,308"
"6","Services","2016","8,693,813"
"6","Services","2017","9,078,411"
"6","Services","2018","9,520,234"
"6","Services","2019","9,904,726"
"6","Services","2020","9,522,728"
"6","Services","2021","10,620,237"
"6","Services","2022","11,751,346"
"6","Services","2023","12,717,484"
"6","Services","2024","13,634,480"
"6","Services","2025","14,446,816"
"7","Gross private domestic investment","1929","17,170"
"7","Gross private domestic investment","1930","11,428"
"7","Gross private domestic investment","1931","6,549"
"7","Gross private domestic investment","1932","1,819"
"7","Gross private domestic investment","1933","2,276"
"7","Gross private domestic investment","1934","4,296"
"7","Gross private domestic investment","1935","7,370"
"7","Gross private domestic investment","1936","9,391"
"7","Gross private domestic investment","1937","12,967"
"7","Gross private domestic investment","1938","7,944"
"7","Gross private domestic investment","1939","10,229"
"7","Gross private domestic investment","1940","14,579"
"7","Gross private domestic investment","1941","19,369"
"7","Gross private domestic investment","1942","11,762"
"7","Gross private domestic investment","1943","7,405"
"7","Gross private domestic investment","1944","9,180"
"7","Gross private domestic investment","1945","12,400"
"7","Gross private domestic investment","1946","33,128"
"7","Gross private domestic investment","1947","37,131"
"7","Gross private domestic investment","1948","50,347"
"7","Gross private domestic investment","1949","39,099"
"7","Gross private domestic investment","1950","56,530"
"7","Gross private domestic investment","1951","62,759"
"7","Gross private domestic investment","1952","57,274"
"7","Gross private domestic investment","1953","60,414"
"7","Gross private domestic investment","1954","58,070"
"7","Gross private domestic investment","1955","73,754"
"7","Gross private domestic investment","1956","77,685"
"7","Gross private domestic investment","1957","76,505"
"7","Gross private domestic investment","1958","70,947"
"7","Gross private domestic investment","1959","85,669"
"7","Gross private domestic investment","1960","86,477"
"7","Gross private domestic investment","1961","86,584"
"7","Gross private domestic investment","1962","96,977"
"7","Gross private domestic investment","1963","103,284"
"7","Gross private domestic investment","1964","112,150"
"7","Gross private domestic investment","1965","129,645"
"7","Gross private domestic investment","1966","144,188"
"7","Gross private domestic investment","1967","142,700"
"7","Gross private domestic investment","1968","156,923"
"7","Gross private domestic investment","1969","173,562"
"7","Gross private domestic investment","1970","170,049"
"7","Gross private domestic investment","1971","196,824"
"7","Gross private domestic investment","1972","228,140"
"7","Gross private domestic investment","1973","266,925"
"7","Gross private domestic investment","1974","274,526"
"7","Gross private domestic investment","1975","257,253"
"7","Gross private domestic investment","1976","323,224"
"7","Gross private domestic investment","1977","396,613"
"7","Gross private domestic investment","1978","478,377"
"7","Gross private domestic investment","1979","539,657"
"7","Gross private domestic investment","1980","530,098"
"7","Gross private domestic investment","1981","631,229"
"7","Gross private domestic investment","1982","581,034"
"7","Gross private domestic investment","1983","637,518"
"7","Gross private domestic investment","1984","820,089"
"7","Gross private domestic investment","1985","829,650"
"7","Gross private domestic investment","1986","849,146"
"7","Gross private domestic investment","1987","892,176"
"7","Gross private domestic investment","1988","936,963"
"7","Gross private domestic investment","1989","999,701"
"7","Gross private domestic investment","1990","993,448"
"7","Gross private domestic investment","1991","944,344"
"7","Gross private domestic investment","1992","1,013,006"
"7","Gross private domestic investment","1993","1,106,826"
"7","Gross private domestic investment","1994","1,256,484"
"7","Gross private domestic investment","1995","1,317,489"
"7","Gross private domestic investment","1996","1,432,055"
"7","Gross private domestic investment","1997","1,595,600"
"7","Gross private domestic investment","1998","1,736,671"
"7","Gross private domestic investment","1999","1,887,059"
"7","Gross private domestic investment","2000","2,038,408"
"7","Gross private domestic investment","2001","1,934,842"
"7","Gross private domestic investment","2002","1,930,417"
"7","Gross private domestic investment","2003","2,027,056"
"7","Gross private domestic investment","2004","2,281,253"
"7","Gross private domestic investment","2005","2,534,720"
"7","Gross private domestic investment","2006","2,700,954"
"7","Gross private domestic investment","2007","2,673,011"
"7","Gross private domestic investment","2008","2,477,613"
"7","Gross private domestic investment","2009","1,929,664"
"7","Gross private domestic investment","2010","2,165,473"
"7","Gross private domestic investment","2011","2,332,562"
"7","Gross private domestic investment","2012","2,621,754"
"7","Gross private domestic investment","2013","2,838,327"
"7","Gross private domestic investment","2014","3,073,981"
"7","Gross private domestic investment","2015","3,288,481"
"7","Gross private domestic investment","2016","3,278,305"
"7","Gross private domestic investment","2017","3,467,664"
"7","Gross private domestic investment","2018","3,724,770"
"7","Gross private domestic investment","2019","3,893,734"
"7","Gross private domestic investment","2020","3,763,386"
"7","Gross private domestic investment","2021","4,246,545"
"7","Gross private domestic investment","2022","4,844,333"
"7","Gross private domestic investment","2023","5,023,712"
"7","Gross private domestic investment","2024","5,259,320"
"7","Gross private domestic investment","2025","5,458,629"
"8","Fixed investment","1929","15,630"
"8","Fixed investment","1930","11,651"
"8","Fixed investment","1931","7,661"
"8","Fixed investment","1932","4,169"
"8","Fixed investment","1933","3,680"
"8","Fixed investment","1934","4,876"
"8","Fixed investment","1935","6,230"
"8","Fixed investment","1936","8,230"
"8","Fixed investment","1937","10,341"
"8","Fixed investment","1938","8,519"
"8","Fixed investment","1939","10,021"
"8","Fixed investment","1940","12,186"
"8","Fixed investment","1941","15,039"
"8","Fixed investment","1942","9,856"
"8","Fixed investment","1943","8,151"
"8","Fixed investment","1944","10,104"
"8","Fixed investment","1945","13,877"
"8","Fixed investment","1946","27,118"
"8","Fixed investment","1947","37,681"
"8","Fixed investment","1948","44,689"
"8","Fixed investment","1949","41,791"
"8","Fixed investment","1950","50,761"
"8","Fixed investment","1951","52,848"
"8","Fixed investment","1952","53,759"
"8","Fixed investment","1953","58,466"
"8","Fixed investment","1954","60,007"
"8","Fixed investment","1955","68,767"
"8","Fixed investment","1956","73,735"
"8","Fixed investment","1957","75,728"
"8","Fixed investment","1958","71,313"
"8","Fixed investment","1959","81,752"
"8","Fixed investment","1960","83,245"
"8","Fixed investment","1961","83,610"
"8","Fixed investment","1962","90,876"
"8","Fixed investment","1963","97,663"
"8","Fixed investment","1964","107,329"
"8","Fixed investment","1965","120,398"
"8","Fixed investment","1966","130,552"
"8","Fixed investment","1967","132,834"
"8","Fixed investment","1968","147,871"
"8","Fixed investment","1969","164,389"
"8","Fixed investment","1970","168,048"
"8","Fixed investment","1971","188,569"
"8","Fixed investment","1972","219,034"
"8","Fixed investment","1973","251,048"
"8","Fixed investment","1974","260,536"
"8","Fixed investment","1975","263,509"
"8","Fixed investment","1976","306,109"
"8","Fixed investment","1977","374,289"
"8","Fixed investment","1978","452,586"
"8","Fixed investment","1979","521,673"
"8","Fixed investment","1980","536,430"
"8","Fixed investment","1981","601,420"
"8","Fixed investment","1982","595,947"
"8","Fixed investment","1983","643,269"
"8","Fixed investment","1984","754,684"
"8","Fixed investment","1985","807,826"
"8","Fixed investment","1986","842,575"
"8","Fixed investment","1987","865,027"
"8","Fixed investment","1988","918,481"
"8","Fixed investment","1989","972,008"
"8","Fixed investment","1990","978,903"
"8","Fixed investment","1991","944,738"
"8","Fixed investment","1992","996,678"
"8","Fixed investment","1993","1,086,012"
"8","Fixed investment","1994","1,192,700"
"8","Fixed investment","1995","1,286,316"
"8","Fixed investment","1996","1,401,255"
"8","Fixed investment","1997","1,524,674"
"8","Fixed investment","1998","1,672,952"
"8","Fixed investment","1999","1,826,243"
"8","Fixed investment","2000","1,983,864"
"8","Fixed investment","2001","1,973,126"
"8","Fixed investment","2002","1,910,443"
"8","Fixed investment","2003","2,012,961"
"8","Fixed investment","2004","2,217,186"
"8","Fixed investment","2005","2,477,207"
"8","Fixed investment","2006","2,631,965"
"8","Fixed investment","2007","2,639,060"
"8","Fixed investment","2008","2,506,855"
"8","Fixed investment","2009","2,080,435"
"8","Fixed investment","2010","2,111,555"
"8","Fixed investment","2011","2,286,300"
"8","Fixed investment","2012","2,550,542"
"8","Fixed investment","2013","2,732,850"
"8","Fixed investment","2014","2,989,189"
"8","Fixed investment","2015","3,148,359"
"8","Fixed investment","2016","3,239,237"
"8","Fixed investment","2017","3,434,990"
"8","Fixed investment","2018","3,668,362"
"8","Fixed investment","2019","3,820,778"
"8","Fixed investment","2020","3,793,858"
"8","Fixed investment","2021","4,219,673"
"8","Fixed investment","2022","4,663,096"
"8","Fixed investment","2023","4,970,003"
"8","Fixed investment","2024","5,205,774"
"8","Fixed investment","2025","5,443,480"
"9","Nonresidential","1929","11,560"
"9","Nonresidential","1930","9,184"
"9","Nonresidential","1931","5,762"
"9","Nonresidential","1932","3,294"
"9","Nonresidential","1933","2,955"
"9","Nonresidential","1934","3,833"
"9","Nonresidential","1935","4,829"
"9","Nonresidential","1936","6,403"
"9","Nonresidential","1937","8,180"
"9","Nonresidential","1938","6,279"
"9","Nonresidential","1939","6,871"
"9","Nonresidential","1940","8,543"
"9","Nonresidential","1941","10,823"
"9","Nonresidential","1942","7,502"
"9","Nonresidential","1943","6,583"
"9","Nonresidential","1944","8,608"
"9","Nonresidential","1945","12,054"
"9","Nonresidential","1946","19,163"
"9","Nonresidential","1947","25,473"
"9","Nonresidential","1948","28,881"
"9","Nonresidential","1949","26,950"
"9","Nonresidential","1950","30,017"
"9","Nonresidential","1951","34,187"
"9","Nonresidential","1952","34,901"
"9","Nonresidential","1953","38,768"
"9","Nonresidential","1954","38,565"
"9","Nonresidential","1955","43,364"
"9","Nonresidential","1956","49,748"
"9","Nonresidential","1957","53,097"
"9","Nonresidential","1958","48,491"
"9","Nonresidential","1959","53,124"
"9","Nonresidential","1960","56,389"
"9","Nonresidential","1961","56,599"
"9","Nonresidential","1962","61,233"
"9","Nonresidential","1963","64,808"
"9","Nonresidential","1964","72,229"
"9","Nonresidential","1965","85,235"
"9","Nonresidential","1966","97,174"
"9","Nonresidential","1967","99,207"
"9","Nonresidential","1968","107,672"
"9","Nonresidential","1969","120,013"
"9","Nonresidential","1970","124,638"
"9","Nonresidential","1971","130,416"
"9","Nonresidential","1972","146,635"
"9","Nonresidential","1973","172,726"
"9","Nonresidential","1974","191,070"
"9","Nonresidential","1975","196,776"
"9","Nonresidential","1976","219,346"
"9","Nonresidential","1977","259,060"
"9","Nonresidential","1978","314,576"
"9","Nonresidential","1979","373,832"
"9","Nonresidential","1980","406,910"
"9","Nonresidential","1981","472,938"
"9","Nonresidential","1982","485,099"
"9","Nonresidential","1983","482,156"
"9","Nonresidential","1984","564,320"
"9","Nonresidential","1985","607,750"
"9","Nonresidential","1986","607,763"
"9","Nonresidential","1987","615,237"
"9","Nonresidential","1988","662,280"
"9","Nonresidential","1989","715,993"
"9","Nonresidential","1990","739,234"
"9","Nonresidential","1991","723,584"
"9","Nonresidential","1992","741,937"
"9","Nonresidential","1993","799,204"
"9","Nonresidential","1994","868,853"
"9","Nonresidential","1995","962,247"
"9","Nonresidential","1996","1,043,194"
"9","Nonresidential","1997","1,149,088"
"9","Nonresidential","1998","1,254,144"
"9","Nonresidential","1999","1,364,477"
"9","Nonresidential","2000","1,498,432"
"9","Nonresidential","2001","1,460,067"
"9","Nonresidential","2002","1,352,848"
"9","Nonresidential","2003","1,375,880"
"9","Nonresidential","2004","1,467,369"
"9","Nonresidential","2005","1,620,986"
"9","Nonresidential","2006","1,793,801"
"9","Nonresidential","2007","1,948,563"
"9","Nonresidential","2008","1,990,871"
"9","Nonresidential","2009","1,690,432"
"9","Nonresidential","2010","1,734,981"
"9","Nonresidential","2011","1,907,465"
"9","Nonresidential","2012","2,118,527"
"9","Nonresidential","2013","2,221,312"
"9","Nonresidential","2014","2,425,155"
"9","Nonresidential","2015","2,507,504"
"9","Nonresidential","2016","2,528,995"
"9","Nonresidential","2017","2,661,100"
"9","Nonresidential","2018","2,856,471"
"9","Nonresidential","2019","2,993,653"
"9","Nonresidential","2020","2,873,312"
"9","Nonresidential","2021","3,087,241"
"9","Nonresidential","2022","3,484,561"
"9","Nonresidential","2023","3,855,957"
"9","Nonresidential","2024","4,022,935"
"9","Nonresidential","2025","4,250,804"
"10","Structures","1929","5,491"
"10","Structures","1930","4,448"
"10","Structures","1931","2,619"
"10","Structures","1932","1,392"
"10","Structures","1933","1,091"
"10","Structures","1934","1,234"
"10","Structures","1935","1,433"
"10","Structures","1936","1,878"
"10","Structures","1937","2,706"
"10","Structures","1938","2,124"
"10","Structures","1939","2,217"
"10","Structures","1940","2,557"
"10","Structures","1941","3,250"
"10","Structures","1942","2,241"
"10","Structures","1943","1,770"
"10","Structures","1944","2,369"
"10","Structures","1945","3,336"
"10","Structures","1946","7,381"
"10","Structures","1947","8,137"
"10","Structures","1948","9,526"
"10","Structures","1949","9,178"
"10","Structures","1950","9,957"
"10","Structures","1951","11,954"
"10","Structures","1952","12,224"
"10","Structures","1953","13,570"
"10","Structures","1954","13,865"
"10","Structures","1955","15,157"
"10","Structures","1956","18,180"
"10","Structures","1957","18,950"
"10","Structures","1958","17,629"
"10","Structures","1959","18,149"
"10","Structures","1960","19,568"
"10","Structures","1961","19,715"
"10","Structures","1962","20,778"
"10","Structures","1963","21,199"
"10","Structures","1964","23,737"
"10","Structures","1965","28,321"
"10","Structures","1966","31,349"
"10","Structures","1967","31,511"
"10","Structures","1968","33,557"
"10","Structures","1969","37,699"
"10","Structures","1970","40,287"
"10","Structures","1971","42,679"
"10","Structures","1972","47,173"
"10","Structures","1973","54,983"
"10","Structures","1974","61,237"
"10","Structures","1975","61,350"
"10","Structures","1976","65,915"
"10","Structures","1977","74,578"
"10","Structures","1978","93,584"
"10","Structures","1979","117,701"
"10","Structures","1980","136,170"
"10","Structures","1981","167,314"
"10","Structures","1982","177,564"
"10","Structures","1983","154,344"
"10","Structures","1984","177,397"
"10","Structures","1985","194,518"
"10","Structures","1986","176,527"
"10","Structures","1987","174,202"
"10","Structures","1988","182,790"
"10","Structures","1989","193,716"
"10","Structures","1990","202,917"
"10","Structures","1991","183,606"
"10","Structures","1992","172,572"
"10","Structures","1993","177,151"
"10","Structures","1994","186,768"
"10","Structures","1995","207,270"
"10","Structures","1996","224,583"
"10","Structures","1997","250,265"
"10","Structures","1998","276,004"
"10","Structures","1999","285,724"
"10","Structures","2000","321,005"
"10","Structures","2001","333,510"
"10","Structures","2002","286,986"
"10","Structures","2003","286,605"
"10","Structures","2004","307,653"
"10","Structures","2005","352,958"
"10","Structures","2006","425,186"
"10","Structures","2007","510,302"
"10","Structures","2008","571,107"
"10","Structures","2009","455,817"
"10","Structures","2010","379,784"
"10","Structures","2011","404,457"
"10","Structures","2012","479,435"
"10","Structures","2013","491,463"
"10","Structures","2014","574,608"
"10","Structures","2015","584,524"
"10","Structures","2016","566,206"
"10","Structures","2017","594,900"
"10","Structures","2018","636,633"
"10","Structures","2019","677,866"
"10","Structures","2020","624,609"
"10","Structures","2021","627,872"
"10","Structures","2022","755,106"
"10","Structures","2023","926,792"
"10","Structures","2024","934,799"
"10","Structures","2025","893,430"
"11","Equipment","1929","5,492"
"11","Equipment","1930","4,180"
"11","Equipment","1931","2,643"
"11","Equipment","1932","1,460"
"11","Equipment","1933","1,436"
"11","Equipment","1934","2,098"
"11","Equipment","1935","2,833"
"11","Equipment","1936","3,881"
"11","Equipment","1937","4,770"
"11","Equipment","1938","3,401"
"11","Equipment","1939","3,883"
"11","Equipment","1940","5,167"
"11","Equipment","1941","6,443"
"11","Equipment","1942","4,065"
"11","Equipment","1943","3,671"
"11","Equipment","1944","5,002"
"11","Equipment","1945","7,285"
"11","Equipment","1946","9,945"
"11","Equipment","1947","15,316"
"11","Equipment","1948","17,280"
"11","Equipment","1949","15,732"
"11","Equipment","1950","17,799"
"11","Equipment","1951","19,874"
"11","Equipment","1952","19,694"
"11","Equipment","1953","21,531"
"11","Equipment","1954","20,812"
"11","Equipment","1955","23,888"
"11","Equipment","1956","26,343"
"11","Equipment","1957","28,561"
"11","Equipment","1958","24,876"
"11","Equipment","1959","28,345"
"11","Equipment","1960","29,679"
"11","Equipment","1961","28,904"
"11","Equipment","1962","32,056"
"11","Equipment","1963","34,367"
"11","Equipment","1964","38,684"
"11","Equipment","1965","45,779"
"11","Equipment","1966","53,023"
"11","Equipment","1967","53,693"
"11","Equipment","1968","58,532"
"11","Equipment","1969","65,163"
"11","Equipment","1970","66,404"
"11","Equipment","1971","69,059"
"11","Equipment","1972","78,885"
"11","Equipment","1973","95,062"
"11","Equipment","1974","104,316"
"11","Equipment","1975","107,615"
"11","Equipment","1976","121,242"
"11","Equipment","1977","148,665"
"11","Equipment","1978","180,634"
"11","Equipment","1979","208,062"
"11","Equipment","1980","216,386"
"11","Equipment","1981","240,852"
"11","Equipment","1982","234,862"
"11","Equipment","1983","246,470"
"11","Equipment","1984","291,874"
"11","Equipment","1985","307,905"
"11","Equipment","1986","317,693"
"11","Equipment","1987","320,919"
"11","Equipment","1988","346,816"
"11","Equipment","1989","372,160"
"11","Equipment","1990","371,891"
"11","Equipment","1991","360,849"
"11","Equipment","1992","381,698"
"11","Equipment","1993","425,141"
"11","Equipment","1994","476,380"
"11","Equipment","1995","528,128"
"11","Equipment","1996","565,309"
"11","Equipment","1997","610,859"
"11","Equipment","1998","660,014"
"11","Equipment","1999","713,626"
"11","Equipment","2000","766,088"
"11","Equipment","2001","711,517"
"11","Equipment","2002","659,640"
"11","Equipment","2003","670,618"
"11","Equipment","2004","721,896"
"11","Equipment","2005","794,894"
"11","Equipment","2006","862,283"
"11","Equipment","2007","893,432"
"11","Equipment","2008","845,381"
"11","Equipment","2009","670,261"
"11","Equipment","2010","777,027"
"11","Equipment","2011","881,274"
"11","Equipment","2012","983,401"
"11","Equipment","2013","1,035,250"
"11","Equipment","2014","1,109,086"
"11","Equipment","2015","1,144,101"
"11","Equipment","2016","1,119,782"
"11","Equipment","2017","1,159,953"
"11","Equipment","2018","1,227,620"
"11","Equipment","2019","1,240,901"
"11","Equipment","2020","1,112,497"
"11","Equipment","2021","1,196,318"
"11","Equipment","2022","1,305,765"
"11","Equipment","2023","1,404,659"
"11","Equipment","2024","1,484,254"
"11","Equipment","2025","1,643,718"
"12","Intellectual property products","1929","577"
"12","Intellectual property products","1930","556"
"12","Intellectual property products","1931","500"
"12","Intellectual property products","1932","442"
"12","Intellectual property products","1933","428"
"12","Intellectual property products","1934","501"
"12","Intellectual property products","1935","563"
"12","Intellectual property products","1936","644"
"12","Intellectual property products","1937","704"
"12","Intellectual property products","1938","754"
"12","Intellectual property products","1939","771"
"12","Intellectual property products","1940","819"
"12","Intellectual property products","1941","1,130"
"12","Intellectual property products","1942","1,196"
"12","Intellectual property products","1943","1,142"
"12","Intellectual property products","1944","1,237"
"12","Intellectual property products","1945","1,433"
"12","Intellectual property products","1946","1,837"
"12","Intellectual property products","1947","2,020"
"12","Intellectual property products","1948","2,075"
"12","Intellectual property products","1949","2,040"
"12","Intellectual property products","1950","2,261"
"12","Intellectual property products","1951","2,359"
"12","Intellectual property products","1952","2,983"
"12","Intellectual property products","1953","3,667"
"12","Intellectual property products","1954","3,888"
"12","Intellectual property products","1955","4,318"
"12","Intellectual property products","1956","5,225"
"12","Intellectual property products","1957","5,586"
"12","Intellectual property products","1958","5,986"
"12","Intellectual property products","1959","6,630"
"12","Intellectual property products","1960","7,142"
"12","Intellectual property products","1961","7,979"
"12","Intellectual property products","1962","8,399"
"12","Intellectual property products","1963","9,243"
"12","Intellectual property products","1964","9,808"
"12","Intellectual property products","1965","11,135"
"12","Intellectual property products","1966","12,802"
"12","Intellectual property products","1967","14,003"
"12","Intellectual property products","1968","15,582"
"12","Intellectual property products","1969","17,152"
"12","Intellectual property products","1970","17,947"
"12","Intellectual property products","1971","18,678"
"12","Intellectual property products","1972","20,577"
"12","Intellectual property products","1973","22,681"
"12","Intellectual property products","1974","25,517"
"12","Intellectual property products","1975","27,811"
"12","Intellectual property products","1976","32,189"
"12","Intellectual property products","1977","35,817"
"12","Intellectual property products","1978","40,358"
"12","Intellectual property products","1979","48,068"
"12","Intellectual property products","1980","54,354"
"12","Intellectual property products","1981","64,773"
"12","Intellectual property products","1982","72,674"
"12","Intellectual property products","1983","81,343"
"12","Intellectual property products","1984","95,048"
"12","Intellectual property products","1985","105,327"
"12","Intellectual property products","1986","113,543"
"12","Intellectual property products","1987","120,116"
"12","Intellectual property products","1988","132,674"
"12","Intellectual property products","1989","150,117"
"12","Intellectual property products","1990","164,426"
"12","Intellectual property products","1991","179,129"
"12","Intellectual property products","1992","187,667"
"12","Intellectual property products","1993","196,912"
"12","Intellectual property products","1994","205,705"
"12","Intellectual property products","1995","226,849"
"12","Intellectual property products","1996","253,303"
"12","Intellectual property products","1997","287,964"
"12","Intellectual property products","1998","318,126"
"12","Intellectual property products","1999","365,127"
"12","Intellectual property products","2000","411,339"
"12","Intellectual property products","2001","415,040"
"12","Intellectual property products","2002","406,222"
"12","Intellectual property products","2003","418,656"
"12","Intellectual property products","2004","437,819"
"12","Intellectual property products","2005","473,134"
"12","Intellectual property products","2006","506,332"
"12","Intellectual property products","2007","544,828"
"12","Intellectual property products","2008","574,384"
"12","Intellectual property products","2009","564,354"
"12","Intellectual property products","2010","578,170"
"12","Intellectual property products","2011","621,733"
"12","Intellectual property products","2012","655,691"
"12","Intellectual property products","2013","694,599"
"12","Intellectual property products","2014","741,461"
"12","Intellectual property products","2015","778,879"
"12","Intellectual property products","2016","843,007"
"12","Intellectual property products","2017","906,246"
"12","Intellectual property products","2018","992,217"
"12","Intellectual property products","2019","1,074,887"
"12","Intellectual property products","2020","1,136,206"
"12","Intellectual property products","2021","1,263,051"
"12","Intellectual property products","2022","1,423,690"
"12","Intellectual property products","2023","1,524,507"
"12","Intellectual property products","2024","1,603,882"
"12","Intellectual property products","2025","1,713,656"
"13","Residential","1929","4,071"
"13","Residential","1930","2,467"
"13","Residential","1931","1,899"
"13","Residential","1932","875"
"13","Residential","1933","724"
"13","Residential","1934","1,043"
"13","Residential","1935","1,400"
"13","Residential","1936","1,826"
"13","Residential","1937","2,161"
"13","Residential","1938","2,239"
"13","Residential","1939","3,151"
"13","Residential","1940","3,643"
"13","Residential","1941","4,216"
"13","Residential","1942","2,353"
"13","Residential","1943","1,568"
"13","Residential","1944","1,496"
"13","Residential","1945","1,823"
"13","Residential","1946","7,955"
"13","Residential","1947","12,209"
"13","Residential","1948","15,808"
"13","Residential","1949","14,841"
"13","Residential","1950","20,744"
"13","Residential","1951","18,661"
"13","Residential","1952","18,858"
"13","Residential","1953","19,699"
"13","Residential","1954","21,442"
"13","Residential","1955","25,403"
"13","Residential","1956","23,987"
"13","Residential","1957","22,631"
"13","Residential","1958","22,823"
"13","Residential","1959","28,628"
"13","Residential","1960","26,856"
"13","Residential","1961","27,011"
"13","Residential","1962","29,643"
"13","Residential","1963","32,855"
"13","Residential","1964","35,100"
"13","Residential","1965","35,163"
"13","Residential","1966","33,378"
"13","Residential","1967","33,627"
"13","Residential","1968","40,199"
"13","Residential","1969","44,375"
"13","Residential","1970","43,411"
"13","Residential","1971","58,153"
"13","Residential","1972","72,399"
"13","Residential","1973","78,322"
"13","Residential","1974","69,467"
"13","Residential","1975","66,733"
"13","Residential","1976","86,762"
"13","Residential","1977","115,229"
"13","Residential","1978","138,010"
"13","Residential","1979","147,841"
"13","Residential","1980","129,520"
"13","Residential","1981","128,482"
"13","Residential","1982","110,848"
"13","Residential","1983","161,113"
"13","Residential","1984","190,364"
"13","Residential","1985","200,077"
"13","Residential","1986","234,812"
"13","Residential","1987","249,790"
"13","Residential","1988","256,200"
"13","Residential","1989","256,014"
"13","Residential","1990","239,669"
"13","Residential","1991","221,153"
"13","Residential","1992","254,741"
"13","Residential","1993","286,808"
"13","Residential","1994","323,847"
"13","Residential","1995","324,069"
"13","Residential","1996","358,061"
"13","Residential","1997","375,585"
"13","Residential","1998","418,807"
"13","Residential","1999","461,766"
"13","Residential","2000","485,432"
"13","Residential","2001","513,059"
"13","Residential","2002","557,594"
"13","Residential","2003","637,082"
"13","Residential","2004","749,817"
"13","Residential","2005","856,221"
"13","Residential","2006","838,164"
"13","Residential","2007","690,497"
"13","Residential","2008","515,984"
"13","Residential","2009","390,004"
"13","Residential","2010","376,575"
"13","Residential","2011","378,836"
"13","Residential","2012","432,015"
"13","Residential","2013","511,538"
"13","Residential","2014","564,034"
"13","Residential","2015","640,855"
"13","Residential","2016","710,242"
"13","Residential","2017","773,891"
"13","Residential","2018","811,892"
"13","Residential","2019","827,125"
"13","Residential","2020","920,546"
"13","Residential","2021","1,132,432"
"13","Residential","2022","1,178,535"
"13","Residential","2023","1,114,045"
"13","Residential","2024","1,182,839"
"13","Residential","2025","1,192,676"
"14","Change in private inventories","1929","1,539"
"14","Change in private inventories","1930","-223"
"14","Change in private inventories","1931","-1,112"
"14","Change in private inventories","1932","-2,351"
"14","Change in private inventories","1933","-1,404"
"14","Change in private inventories","1934","-580"
"14","Change in private inventories","1935","1,141"
"14","Change in private inventories","1936","1,161"
"14","Change in private inventories","1937","2,626"
"14","Change in private inventories","1938","-575"
"14","Change in private inventories","1939","208"
"14","Change in private inventories","1940","2,393"
"14","Change in private inventories","1941","4,330"
"14","Change in private inventories","1942","1,906"
"14","Change in private inventories","1943","-746"
"14","Change in private inventories","1944","-924"
"14","Change in private inventories","1945","-1,477"
"14","Change in private inventories","1946","6,011"
"14","Change in private inventories","1947","-551"
"14","Change in private inventories","1948","5,659"
"14","Change in private inventories","1949","-2,692"
"14","Change in private inventories","1950","5,769"
"14","Change in private inventories","1951","9,911"
"14","Change in private inventories","1952","3,514"
"14","Change in private inventories","1953","1,948"
"14","Change in private inventories","1954","-1,937"
"14","Change in private inventories","1955","4,987"
"14","Change in private inventories","1956","3,950"
"14","Change in private inventories","1957","777"
"14","Change in private inventories","1958","-366"
"14","Change in private inventories","1959","3,917"
"14","Change in private inventories","1960","3,232"
"14","Change in private inventories","1961","2,974"
"14","Change in private inventories","1962","6,101"
"14","Change in private inventories","1963","5,621"
"14","Change in private inventories","1964","4,821"
"14","Change in private inventories","1965","9,247"
"14","Change in private inventories","1966","13,636"
"14","Change in private inventories","1967","9,866"
"14","Change in private inventories","1968","9,053"
"14","Change in private inventories","1969","9,173"
"14","Change in private inventories","1970","2,001"
"14","Change in private inventories","1971","8,256"
"14","Change in private inventories","1972","9,107"
"14","Change in private inventories","1973","15,878"
"14","Change in private inventories","1974","13,990"
"14","Change in private inventories","1975","-6,256"
"14","Change in private inventories","1976","17,116"
"14","Change in private inventories","1977","22,324"
"14","Change in private inventories","1978","25,791"
"14","Change in private inventories","1979","17,984"
"14","Change in private inventories","1980","-6,331"
"14","Change in private inventories","1981","29,809"
"14","Change in private inventories","1982","-14,914"
"14","Change in private inventories","1983","-5,751"
"14","Change in private inventories","1984","65,405"
"14","Change in private inventories","1985","21,824"
"14","Change in private inventories","1986","6,571"
"14","Change in private inventories","1987","27,149"
"14","Change in private inventories","1988","18,482"
"14","Change in private inventories","1989","27,693"
"14","Change in private inventories","1990","14,546"
"14","Change in private inventories","1991","-394"
"14","Change in private inventories","1992","16,328"
"14","Change in private inventories","1993","20,814"
"14","Change in private inventories","1994","63,785"
"14","Change in private inventories","1995","31,174"
"14","Change in private inventories","1996","30,799"
"14","Change in private inventories","1997","70,927"
"14","Change in private inventories","1998","63,719"
"14","Change in private inventories","1999","60,816"
"14","Change in private inventories","2000","54,544"
"14","Change in private inventories","2001","-38,284"
"14","Change in private inventories","2002","19,975"
"14","Change in private inventories","2003","14,094"
"14","Change in private inventories","2004","64,068"
"14","Change in private inventories","2005","57,513"
"14","Change in private inventories","2006","68,989"
"14","Change in private inventories","2007","33,950"
"14","Change in private inventories","2008","-29,241"
"14","Change in private inventories","2009","-150,772"
"14","Change in private inventories","2010","53,917"
"14","Change in private inventories","2011","46,262"
"14","Change in private inventories","2012","71,212"
"14","Change in private inventories","2013","105,477"
"14","Change in private inventories","2014","84,792"
"14","Change in private inventories","2015","140,123"
"14","Change in private inventories","2016","39,068"
"14","Change in private inventories","2017","32,674"
"14","Change in private inventories","2018","56,408"
"14","Change in private inventories","2019","72,955"
"14","Change in private inventories","2020","-30,472"
"14","Change in private inventories","2021","26,872"
"14","Change in private inventories","2022","181,237"
"14","Change in private inventories","2023","53,709"
"14","Change in private inventories","2024","53,546"
"14","Change in private inventories","2025","15,148"
"15","Net exports of goods and services","1929","383"
"15","Net exports of goods and services","1930","323"
"15","Net exports of goods and services","1931","1"
"15","Net exports of goods and services","1932","43"
"15","Net exports of goods and services","1933","58"
"15","Net exports of goods and services","1934","322"
"15","Net exports of goods and services","1935","-213"
"15","Net exports of goods and services","1936","-147"
"15","Net exports of goods and services","1937","78"
"15","Net exports of goods and services","1938","966"
"15","Net exports of goods and services","1939","833"
"15","Net exports of goods and services","1940","1,471"
"15","Net exports of goods and services","1941","1,033"
"15","Net exports of goods and services","1942","-252"
"15","Net exports of goods and services","1943","-2,246"
"15","Net exports of goods and services","1944","-2,024"
"15","Net exports of goods and services","1945","-766"
"15","Net exports of goods and services","1946","7,182"
"15","Net exports of goods and services","1947","10,807"
"15","Net exports of goods and services","1948","5,487"
"15","Net exports of goods and services","1949","5,235"
"15","Net exports of goods and services","1950","738"
"15","Net exports of goods and services","1951","2,513"
"15","Net exports of goods and services","1952","1,164"
"15","Net exports of goods and services","1953","-701"
"15","Net exports of goods and services","1954","404"
"15","Net exports of goods and services","1955","478"
"15","Net exports of goods and services","1956","2,361"
"15","Net exports of goods and services","1957","4,075"
"15","Net exports of goods and services","1958","538"
"15","Net exports of goods and services","1959","397"
"15","Net exports of goods and services","1960","4,204"
"15","Net exports of goods and services","1961","4,913"
"15","Net exports of goods and services","1962","4,101"
"15","Net exports of goods and services","1963","4,939"
"15","Net exports of goods and services","1964","6,914"
"15","Net exports of goods and services","1965","5,618"
"15","Net exports of goods and services","1966","3,863"
"15","Net exports of goods and services","1967","3,555"
"15","Net exports of goods and services","1968","1,350"
"15","Net exports of goods and services","1969","1,431"
"15","Net exports of goods and services","1970","3,948"
"15","Net exports of goods and services","1971","621"
"15","Net exports of goods and services","1972","-3,372"
"15","Net exports of goods and services","1973","4,111"
"15","Net exports of goods and services","1974","-815"
"15","Net exports of goods and services","1975","15,977"
"15","Net exports of goods and services","1976","-1,631"
"15","Net exports of goods and services","1977","-23,094"
"15","Net exports of goods and services","1978","-25,367"
"15","Net exports of goods and services","1979","-22,545"
"15","Net exports of goods and services","1980","-13,056"
"15","Net exports of goods and services","1981","-12,520"
"15","Net exports of goods and services","1982","-19,974"
"15","Net exports of goods and services","1983","-51,642"
"15","Net exports of goods and services","1984","-102,727"
"15","Net exports of goods and services","1985","-114,018"
"15","Net exports of goods and services","1986","-131,869"
"15","Net exports of goods and services","1987","-144,770"
"15","Net exports of goods and services","1988","-109,393"
"15","Net exports of goods and services","1989","-86,741"
"15","Net exports of goods and services","1990","-77,855"
"15","Net exports of goods and services","1991","-28,614"
"15","Net exports of goods and services","1992","-34,738"
"15","Net exports of goods and services","1993","-65,173"
"15","Net exports of goods and services","1994","-92,487"
"15","Net exports of goods and services","1995","-89,761"
"15","Net exports of goods and services","1996","-96,376"
"15","Net exports of goods and services","1997","-101,971"
"15","Net exports of goods and services","1998","-162,711"
"15","Net exports of goods and services","1999","-259,550"
"15","Net exports of goods and services","2000","-381,073"
"15","Net exports of goods and services","2001","-376,747"
"15","Net exports of goods and services","2002","-439,745"
"15","Net exports of goods and services","2003","-521,955"
"15","Net exports of goods and services","2004","-634,141"
"15","Net exports of goods and services","2005","-739,903"
"15","Net exports of goods and services","2006","-786,453"
"15","Net exports of goods and services","2007","-735,933"
"15","Net exports of goods and services","2008","-740,870"
"15","Net exports of goods and services","2009","-419,153"
"15","Net exports of goods and services","2010","-532,309"
"15","Net exports of goods and services","2011","-579,617"
"15","Net exports of goods and services","2012","-551,617"
"15","Net exports of goods and services","2013","-478,453"
"15","Net exports of goods and services","2014","-508,900"
"15","Net exports of goods and services","2015","-524,320"
"15","Net exports of goods and services","2016","-503,272"
"15","Net exports of goods and services","2017","-543,328"
"15","Net exports of goods and services","2018","-593,077"
"15","Net exports of goods and services","2019","-577,290"
"15","Net exports of goods and services","2020","-618,554"
"15","Net exports of goods and services","2021","-849,233"
"15","Net exports of goods and services","2022","-937,889"
"15","Net exports of goods and services","2023","-786,496"
"15","Net exports of goods and services","2024","-898,460"
"15","Net exports of goods and services","2025","-926,487"
"16","Exports","1929","5,939"
"16","Exports","1930","4,444"
"16","Exports","1931","2,906"
"16","Exports","1932","1,975"
"16","Exports","1933","1,987"
"16","Exports","1934","2,561"
"16","Exports","1935","2,769"
"16","Exports","1936","3,007"
"16","Exports","1937","4,039"
"16","Exports","1938","3,811"
"16","Exports","1939","3,969"
"16","Exports","1940","4,897"
"16","Exports","1941","5,482"
"16","Exports","1942","4,375"
"16","Exports","1943","4,034"
"16","Exports","1944","4,880"
"16","Exports","1945","6,781"
"16","Exports","1946","14,156"
"16","Exports","1947","18,740"
"16","Exports","1948","15,547"
"16","Exports","1949","14,484"
"16","Exports","1950","12,350"
"16","Exports","1951","17,099"
"16","Exports","1952","16,459"
"16","Exports","1953","15,313"
"16","Exports","1954","15,836"
"16","Exports","1955","17,677"
"16","Exports","1956","21,284"
"16","Exports","1957","24,017"
"16","Exports","1958","20,560"
"16","Exports","1959","22,725"
"16","Exports","1960","27,045"
"16","Exports","1961","27,602"
"16","Exports","1962","29,066"
"16","Exports","1963","31,074"
"16","Exports","1964","35,019"
"16","Exports","1965","37,146"
"16","Exports","1966","40,920"
"16","Exports","1967","43,467"
"16","Exports","1968","47,906"
"16","Exports","1969","51,922"
"16","Exports","1970","59,709"
"16","Exports","1971","62,963"
"16","Exports","1972","70,843"
"16","Exports","1973","95,269"
"16","Exports","1974","126,650"
"16","Exports","1975","138,706"
"16","Exports","1976","149,515"
"16","Exports","1977","159,349"
"16","Exports","1978","186,883"
"16","Exports","1979","230,129"
"16","Exports","1980","280,772"
"16","Exports","1981","305,239"
"16","Exports","1982","283,210"
"16","Exports","1983","276,996"
"16","Exports","1984","302,380"
"16","Exports","1985","303,211"
"16","Exports","1986","320,998"
"16","Exports","1987","363,943"
"16","Exports","1988","444,601"
"16","Exports","1989","504,289"
"16","Exports","1990","551,873"
"16","Exports","1991","594,931"
"16","Exports","1992","633,053"
"16","Exports","1993","654,799"
"16","Exports","1994","720,937"
"16","Exports","1995","812,810"
"16","Exports","1996","867,589"
"16","Exports","1997","953,803"
"16","Exports","1998","952,979"
"16","Exports","1999","992,910"
"16","Exports","2000","1,096,111"
"16","Exports","2001","1,026,812"
"16","Exports","2002","997,979"
"16","Exports","2003","1,035,165"
"16","Exports","2004","1,176,363"
"16","Exports","2005","1,301,580"
"16","Exports","2006","1,470,170"
"16","Exports","2007","1,659,295"
"16","Exports","2008","1,835,280"
"16","Exports","2009","1,582,774"
"16","Exports","2010","1,857,247"
"16","Exports","2011","2,115,864"
"16","Exports","2012","2,217,700"
"16","Exports","2013","2,287,922"
"16","Exports","2014","2,378,545"
"16","Exports","2015","2,270,622"
"16","Exports","2016","2,235,558"
"16","Exports","2017","2,388,260"
"16","Exports","2018","2,538,089"
"16","Exports","2019","2,539,391"
"16","Exports","2020","2,163,837"
"16","Exports","2021","2,568,697"
"16","Exports","2022","3,036,430"
"16","Exports","2023","3,073,360"
"16","Exports","2024","3,215,368"
"16","Exports","2025","3,319,660"
"17","Goods","1929","5,347"
"17","Goods","1930","3,929"
"17","Goods","1931","2,494"
"17","Goods","1932","1,667"
"17","Goods","1933","1,736"
"17","Goods","1934","2,238"
"17","Goods","1935","2,404"
"17","Goods","1936","2,590"
"17","Goods","1937","3,451"
"17","Goods","1938","3,243"
"17","Goods","1939","3,347"
"17","Goods","1940","4,124"
"17","Goods","1941","4,533"
"17","Goods","1942","3,389"
"17","Goods","1943","2,920"
"17","Goods","1944","3,589"
"17","Goods","1945","5,365"
"17","Goods","1946","11,764"
"17","Goods","1947","16,097"
"17","Goods","1948","13,265"
"17","Goods","1949","12,213"
"17","Goods","1950","10,203"
"17","Goods","1951","14,243"
"17","Goods","1952","13,449"
"17","Goods","1953","12,412"
"17","Goods","1954","12,929"
"17","Goods","1955","14,424"
"17","Goods","1956","17,556"
"17","Goods","1957","19,562"
"17","Goods","1958","16,414"
"17","Goods","1959","16,458"
"17","Goods","1960","20,453"
"17","Goods","1961","20,947"
"17","Goods","1962","21,709"
"17","Goods","1963","23,345"
"17","Goods","1964","26,767"
"17","Goods","1965","27,974"
"17","Goods","1966","31,089"
"17","Goods","1967","32,547"
"17","Goods","1968","35,721"
"17","Goods","1969","38,744"
"17","Goods","1970","45,037"
"17","Goods","1971","46,196"
"17","Goods","1972","52,586"
"17","Goods","1973","75,771"
"17","Goods","1974","103,494"
"17","Goods","1975","112,490"
"17","Goods","1976","121,484"
"17","Goods","1977","128,410"
"17","Goods","1978","149,907"
"17","Goods","1979","187,266"
"17","Goods","1980","230,428"
"17","Goods","1981","245,206"
"17","Goods","1982","222,550"
"17","Goods","1983","214,049"
"17","Goods","1984","231,286"
"17","Goods","1985","227,489"
"17","Goods","1986","231,447"
"17","Goods","1987","265,554"
"17","Goods","1988","332,054"
"17","Goods","1989","374,750"
"17","Goods","1990","403,265"
"17","Goods","1991","430,135"
"17","Goods","1992","455,308"
"17","Goods","1993","467,723"
"17","Goods","1994","518,371"
"17","Goods","1995","592,442"
"17","Goods","1996","628,785"
"17","Goods","1997","699,887"
"17","Goods","1998","692,565"
"17","Goods","1999","711,724"
"17","Goods","2000","795,054"
"17","Goods","2001","739,568"
"17","Goods","2002","706,582"
"17","Goods","2003","733,875"
"17","Goods","2004","827,975"
"17","Goods","2005","919,344"
"17","Goods","2006","1,043,084"
"17","Goods","2007","1,159,734"
"17","Goods","2008","1,291,025"
"17","Goods","2009","1,057,391"
"17","Goods","2010","1,272,920"
"17","Goods","2011","1,468,456"
"17","Goods","2012","1,529,597"
"17","Goods","2013","1,563,863"
"17","Goods","2014","1,616,954"
"17","Goods","2015","1,496,686"
"17","Goods","2016","1,447,588"
"17","Goods","2017","1,546,657"
"17","Goods","2018","1,669,294"
"17","Goods","2019","1,644,755"
"17","Goods","2020","1,421,647"
"17","Goods","2021","1,747,242"
"17","Goods","2022","2,070,333"
"17","Goods","2023","2,024,358"
"17","Goods","2024","2,057,990"
"17","Goods","2025","2,112,712"
"18","Services","1929","592"
"18","Services","1930","515"
"18","Services","1931","412"
"18","Services","1932","308"
"18","Services","1933","251"
"18","Services","1934","323"
"18","Services","1935","365"
"18","Services","1936","417"
"18","Services","1937","588"
"18","Services","1938","568"
"18","Services","1939","622"
"18","Services","1940","773"
"18","Services","1941","949"
"18","Services","1942","986"
"18","Services","1943","1,114"
"18","Services","1944","1,291"
"18","Services","1945","1,416"
"18","Services","1946","2,392"
"18","Services","1947","2,643"
"18","Services","1948","2,282"
"18","Services","1949","2,271"
"18","Services","1950","2,147"
"18","Services","1951","2,856"
"18","Services","1952","3,010"
"18","Services","1953","2,901"
"18","Services","1954","2,907"
"18","Services","1955","3,253"
"18","Services","1956","3,728"
"18","Services","1957","4,455"
"18","Services","1958","4,146"
"18","Services","1959","6,267"
"18","Services","1960","6,592"
"18","Services","1961","6,655"
"18","Services","1962","7,357"
"18","Services","1963","7,729"
"18","Services","1964","8,252"
"18","Services","1965","9,173"
"18","Services","1966","9,831"
"18","Services","1967","10,920"
"18","Services","1968","12,185"
"18","Services","1969","13,178"
"18","Services","1970","14,671"
"18","Services","1971","16,767"
"18","Services","1972","18,257"
"18","Services","1973","19,498"
"18","Services","1974","23,156"
"18","Services","1975","26,216"
"18","Services","1976","28,031"
"18","Services","1977","30,939"
"18","Services","1978","36,976"
"18","Services","1979","42,863"
"18","Services","1980","50,344"
"18","Services","1981","60,033"
"18","Services","1982","60,660"
"18","Services","1983","62,947"
"18","Services","1984","71,094"
"18","Services","1985","75,722"
"18","Services","1986","89,552"
"18","Services","1987","98,389"
"18","Services","1988","112,547"
"18","Services","1989","129,539"
"18","Services","1990","148,608"
"18","Services","1991","164,795"
"18","Services","1992","177,745"
"18","Services","1993","187,076"
"18","Services","1994","202,566"
"18","Services","1995","220,369"
"18","Services","1996","238,805"
"18","Services","1997","253,916"
"18","Services","1998","260,414"
"18","Services","1999","281,187"
"18","Services","2000","301,056"
"18","Services","2001","287,244"
"18","Services","2002","291,397"
"18","Services","2003","301,290"
"18","Services","2004","348,388"
"18","Services","2005","382,236"
"18","Services","2006","427,086"
"18","Services","2007","499,561"
"18","Services","2008","544,255"
"18","Services","2009","525,382"
"18","Services","2010","584,326"
"18","Services","2011","647,408"
"18","Services","2012","688,103"
"18","Services","2013","724,059"
"18","Services","2014","761,591"
"18","Services","2015","773,936"
"18","Services","2016","787,970"
"18","Services","2017","841,603"
"18","Services","2018","868,795"
"18","Services","2019","894,635"
"18","Services","2020","742,190"
"18","Services","2021","821,455"
"18","Services","2022","966,097"
"18","Services","2023","1,049,002"
"18","Services","2024","1,157,378"
"18","Services","2025","1,206,948"
"19","Imports","1929","5,556"
"19","Imports","1930","4,121"
"19","Imports","1931","2,905"
"19","Imports","1932","1,932"
"19","Imports","1933","1,929"
"19","Imports","1934","2,239"
"19","Imports","1935","2,982"
"19","Imports","1936","3,154"
"19","Imports","1937","3,961"
"19","Imports","1938","2,845"
"19","Imports","1939","3,136"
"19","Imports","1940","3,426"
"19","Imports","1941","4,449"
"19","Imports","1942","4,627"
"19","Imports","1943","6,280"
"19","Imports","1944","6,904"
"19","Imports","1945","7,547"
"19","Imports","1946","6,974"
"19","Imports","1947","7,933"
"19","Imports","1948","10,060"
"19","Imports","1949","9,249"
"19","Imports","1950","11,612"
"19","Imports","1951","14,586"
"19","Imports","1952","15,295"
"19","Imports","1953","16,014"
"19","Imports","1954","15,432"
"19","Imports","1955","17,199"
"19","Imports","1956","18,923"
"19","Imports","1957","19,942"
"19","Imports","1958","20,022"
"19","Imports","1959","22,328"
"19","Imports","1960","22,841"
"19","Imports","1961","22,688"
"19","Imports","1962","24,965"
"19","Imports","1963","26,135"
"19","Imports","1964","28,104"
"19","Imports","1965","31,529"
"19","Imports","1966","37,057"
"19","Imports","1967","39,912"
"19","Imports","1968","46,556"
"19","Imports","1969","50,491"
"19","Imports","1970","55,760"
"19","Imports","1971","62,342"
"19","Imports","1972","74,216"
"19","Imports","1973","91,159"
"19","Imports","1974","127,465"
"19","Imports","1975","122,730"
"19","Imports","1976","151,146"
"19","Imports","1977","182,443"
"19","Imports","1978","212,250"
"19","Imports","1979","252,674"
"19","Imports","1980","293,828"
"19","Imports","1981","317,758"
"19","Imports","1982","303,184"
"19","Imports","1983","328,638"
"19","Imports","1984","405,107"
"19","Imports","1985","417,229"
"19","Imports","1986","452,867"
"19","Imports","1987","508,713"
"19","Imports","1988","553,993"
"19","Imports","1989","591,031"
"19","Imports","1990","629,728"
"19","Imports","1991","623,544"
"19","Imports","1992","667,791"
"19","Imports","1993","719,973"
"19","Imports","1994","813,424"
"19","Imports","1995","902,572"
"19","Imports","1996","963,966"
"19","Imports","1997","1,055,774"
"19","Imports","1998","1,115,690"
"19","Imports","1999","1,252,460"
"19","Imports","2000","1,477,184"
"19","Imports","2001","1,403,559"
"19","Imports","2002","1,437,724"
"19","Imports","2003","1,557,120"
"19","Imports","2004","1,810,504"
"19","Imports","2005","2,041,482"
"19","Imports","2006","2,256,623"
"19","Imports","2007","2,395,228"
"19","Imports","2008","2,576,151"
"19","Imports","2009","2,001,927"
"19","Imports","2010","2,389,555"
"19","Imports","2011","2,695,480"
"19","Imports","2012","2,769,317"
"19","Imports","2013","2,766,375"
"19","Imports","2014","2,887,445"
"19","Imports","2015","2,794,942"
"19","Imports","2016","2,738,830"
"19","Imports","2017","2,931,589"
"19","Imports","2018","3,131,166"
"19","Imports","2019","3,116,681"
"19","Imports","2020","2,782,391"
"19","Imports","2021","3,417,930"
"19","Imports","2022","3,974,319"
"19","Imports","2023","3,859,856"
"19","Imports","2024","4,113,828"
"19","Imports","2025","4,246,147"
"20","Goods","1929","4,463"
"20","Goods","1930","3,104"
"20","Goods","1931","2,120"
"20","Goods","1932","1,343"
"20","Goods","1933","1,510"
"20","Goods","1934","1,763"
"20","Goods","1935","2,462"
"20","Goods","1936","2,546"
"20","Goods","1937","3,181"
"20","Goods","1938","2,173"
"20","Goods","1939","2,409"
"20","Goods","1940","2,698"
"20","Goods","1941","3,416"
"20","Goods","1942","2,744"
"20","Goods","1943","3,442"
"20","Goods","1944","3,813"
"20","Goods","1945","3,893"
"20","Goods","1946","5,067"
"20","Goods","1947","5,973"
"20","Goods","1948","7,557"
"20","Goods","1949","6,874"
"20","Goods","1950","9,081"
"20","Goods","1951","11,176"
"20","Goods","1952","10,838"
"20","Goods","1953","10,975"
"20","Goods","1954","10,353"
"20","Goods","1955","11,527"
"20","Goods","1956","12,803"
"20","Goods","1957","13,291"
"20","Goods","1958","12,951"
"20","Goods","1959","15,310"
"20","Goods","1960","15,220"
"20","Goods","1961","15,053"
"20","Goods","1962","16,869"
"20","Goods","1963","17,713"
"20","Goods","1964","19,392"
"20","Goods","1965","22,247"
"20","Goods","1966","26,334"
"20","Goods","1967","27,761"
"20","Goods","1968","33,946"
"20","Goods","1969","36,813"
"20","Goods","1970","40,855"
"20","Goods","1971","46,550"
"20","Goods","1972","56,934"
"20","Goods","1973","71,843"
"20","Goods","1974","104,520"
"20","Goods","1975","99,000"
"20","Goods","1976","124,632"
"20","Goods","1977","152,629"
"20","Goods","1978","177,409"
"20","Goods","1979","212,787"
"20","Goods","1980","248,570"
"20","Goods","1981","267,814"
"20","Goods","1982","250,542"
"20","Goods","1983","272,677"
"20","Goods","1984","336,316"
"20","Goods","1985","343,295"
"20","Goods","1986","370,006"
"20","Goods","1987","414,768"
"20","Goods","1988","452,125"
"20","Goods","1989","484,792"
"20","Goods","1990","508,071"
"20","Goods","1991","500,720"
"20","Goods","1992","544,927"
"20","Goods","1993","592,761"
"20","Goods","1994","676,812"
"20","Goods","1995","757,449"
"20","Goods","1996","807,448"
"20","Goods","1997","885,654"
"20","Goods","1998","930,751"
"20","Goods","1999","1,051,210"
"20","Goods","2000","1,251,173"
"20","Goods","2001","1,176,188"
"20","Goods","2002","1,198,852"
"20","Goods","2003","1,299,036"
"20","Goods","2004","1,513,620"
"20","Goods","2005","1,722,751"
"20","Goods","2006","1,900,640"
"20","Goods","2007","2,002,720"
"20","Goods","2008","2,148,678"
"20","Goods","2009","1,588,115"
"20","Goods","2010","1,947,044"
"20","Goods","2011","2,231,132"
"20","Goods","2012","2,293,265"
"20","Goods","2013","2,293,888"
"20","Goods","2014","2,389,313"
"20","Goods","2015","2,289,591"
"20","Goods","2016","2,218,696"
"20","Goods","2017","2,369,900"
"20","Goods","2018","2,559,050"
"20","Goods","2019","2,516,686"
"20","Goods","2020","2,305,093"
"20","Goods","2021","2,839,604"
"20","Goods","2022","3,256,890"
"20","Goods","2023","3,092,569"
"20","Goods","2024","3,267,309"
"20","Goods","2025","3,350,280"
"21","Services","1929","1,093"
"21","Services","1930","1,017"
"21","Services","1931","785"
"21","Services","1932","589"
"21","Services","1933","419"
"21","Services","1934","476"
"21","Services","1935","520"
"21","Services","1936","608"
"21","Services","1937","780"
"21","Services","1938","672"
"21","Services","1939","727"
"21","Services","1940","728"
"21","Services","1941","1,033"
"21","Services","1942","1,883"
"21","Services","1943","2,838"
"21","Services","1944","3,091"
"21","Services","1945","3,654"
"21","Services","1946","1,907"
"21","Services","1947","1,960"
"21","Services","1948","2,503"
"21","Services","1949","2,375"
"21","Services","1950","2,531"
"21","Services","1951","3,410"
"21","Services","1952","4,457"
"21","Services","1953","5,039"
"21","Services","1954","5,079"
"21","Services","1955","5,672"
"21","Services","1956","6,120"
"21","Services","1957","6,651"
"21","Services","1958","7,071"
"21","Services","1959","7,018"
"21","Services","1960","7,621"
"21","Services","1961","7,635"
"21","Services","1962","8,096"
"21","Services","1963","8,422"
"21","Services","1964","8,713"
"21","Services","1965","9,282"
"21","Services","1966","10,723"
"21","Services","1967","12,151"
"21","Services","1968","12,610"
"21","Services","1969","13,678"
"21","Services","1970","14,905"
"21","Services","1971","15,792"
"21","Services","1972","17,282"
"21","Services","1973","19,316"
"21","Services","1974","22,945"
"21","Services","1975","23,730"
"21","Services","1976","26,514"
"21","Services","1977","29,814"
"21","Services","1978","34,840"
"21","Services","1979","39,887"
"21","Services","1980","45,258"
"21","Services","1981","49,944"
"21","Services","1982","52,642"
"21","Services","1983","55,961"
"21","Services","1984","68,791"
"21","Services","1985","73,934"
"21","Services","1986","82,861"
"21","Services","1987","93,945"
"21","Services","1988","101,869"
"21","Services","1989","106,239"
"21","Services","1990","121,657"
"21","Services","1991","122,824"
"21","Services","1992","122,864"
"21","Services","1993","127,212"
"21","Services","1994","136,612"
"21","Services","1995","145,123"
"21","Services","1996","156,518"
"21","Services","1997","170,120"
"21","Services","1998","184,939"
"21","Services","1999","201,251"
"21","Services","2000","226,011"
"21","Services","2001","227,371"
"21","Services","2002","238,872"
"21","Services","2003","258,084"
"21","Services","2004","296,883"
"21","Services","2005","318,732"
"21","Services","2006","355,983"
"21","Services","2007","392,507"
"21","Services","2008","427,472"
"21","Services","2009","413,812"
"21","Services","2010","442,512"
"21","Services","2011","464,349"
"21","Services","2012","476,052"
"21","Services","2013","472,487"
"21","Services","2014","498,132"
"21","Services","2015","505,351"
"21","Services","2016","520,134"
"21","Services","2017","561,688"
"21","Services","2018","572,116"
"21","Services","2019","599,995"
"21","Services","2020","477,298"
"21","Services","2021","578,326"
"21","Services","2022","717,429"
"21","Services","2023","767,287"
"21","Services","2024","846,519"
"21","Services","2025","895,867"
"22","Government consumption expenditures and gross investment","1929","9,622"
"22","Government consumption expenditures and gross investment","1930","10,273"
"22","Government consumption expenditures and gross investment","1931","10,169"
"22","Government consumption expenditures and gross investment","1932","8,946"
"22","Government consumption expenditures and gross investment","1933","8,875"
"22","Government consumption expenditures and gross investment","1934","10,721"
"22","Government consumption expenditures and gross investment","1935","11,151"
"22","Government consumption expenditures and gross investment","1936","13,398"
"22","Government consumption expenditures and gross investment","1937","13,119"
"22","Government consumption expenditures and gross investment","1938","14,170"
"22","Government consumption expenditures and gross investment","1939","15,165"
"22","Government consumption expenditures and gross investment","1940","15,562"
"22","Government consumption expenditures and gross investment","1941","27,836"
"22","Government consumption expenditures and gross investment","1942","65,440"
"22","Government consumption expenditures and gross investment","1943","98,023"
"22","Government consumption expenditures and gross investment","1944","108,643"
"22","Government consumption expenditures and gross investment","1945","96,396"
"22","Government consumption expenditures and gross investment","1946","43,027"
"22","Government consumption expenditures and gross investment","1947","39,827"
"22","Government consumption expenditures and gross investment","1948","43,755"
"22","Government consumption expenditures and gross investment","1949","49,808"
"22","Government consumption expenditures and gross investment","1950","50,515"
"22","Government consumption expenditures and gross investment","1951","73,304"
"22","Government consumption expenditures and gross investment","1952","89,583"
"22","Government consumption expenditures and gross investment","1953","96,765"
"22","Government consumption expenditures and gross investment","1954","92,467"
"22","Government consumption expenditures and gross investment","1955","92,958"
"22","Government consumption expenditures and gross investment","1956","98,180"
"22","Government consumption expenditures and gross investment","1957","107,163"
"22","Government consumption expenditures and gross investment","1958","114,138"
"22","Government consumption expenditures and gross investment","1959","118,458"
"22","Government consumption expenditures and gross investment","1960","120,520"
"22","Government consumption expenditures and gross investment","1961","129,237"
"22","Government consumption expenditures and gross investment","1962","140,287"
"22","Government consumption expenditures and gross investment","1963","147,193"
"22","Government consumption expenditures and gross investment","1964","154,763"
"22","Government consumption expenditures and gross investment","1965","164,053"
"22","Government consumption expenditures and gross investment","1966","185,444"
"22","Government consumption expenditures and gross investment","1967","207,018"
"22","Government consumption expenditures and gross investment","1968","225,526"
"22","Government consumption expenditures and gross investment","1969","238,984"
"22","Government consumption expenditures and gross investment","1970","252,581"
"22","Government consumption expenditures and gross investment","1971","267,468"
"22","Government consumption expenditures and gross investment","1972","286,189"
"22","Government consumption expenditures and gross investment","1973","304,765"
"22","Government consumption expenditures and gross investment","1974","341,370"
"22","Government consumption expenditures and gross investment","1975","381,128"
"22","Government consumption expenditures and gross investment","1976","404,153"
"22","Government consumption expenditures and gross investment","1977","434,331"
"22","Government consumption expenditures and gross investment","1978","476,336"
"22","Government consumption expenditures and gross investment","1979","524,802"
"22","Government consumption expenditures and gross investment","1980","589,598"
"22","Government consumption expenditures and gross investment","1981","654,381"
"22","Government consumption expenditures and gross investment","1982","711,473"
"22","Government consumption expenditures and gross investment","1983","766,557"
"22","Government consumption expenditures and gross investment","1984","827,910"
"22","Government consumption expenditures and gross investment","1985","910,516"
"22","Government consumption expenditures and gross investment","1986","976,076"
"22","Government consumption expenditures and gross investment","1987","1,031,530"
"22","Government consumption expenditures and gross investment","1988","1,078,855"
"22","Government consumption expenditures and gross investment","1989","1,151,862"
"22","Government consumption expenditures and gross investment","1990","1,238,556"
"22","Government consumption expenditures and gross investment","1991","1,298,951"
"22","Government consumption expenditures and gross investment","1992","1,344,500"
"22","Government consumption expenditures and gross investment","1993","1,364,922"
"22","Government consumption expenditures and gross investment","1994","1,402,274"
"22","Government consumption expenditures and gross investment","1995","1,449,431"
"22","Government consumption expenditures and gross investment","1996","1,492,848"
"22","Government consumption expenditures and gross investment","1997","1,547,133"
"22","Government consumption expenditures and gross investment","1998","1,611,609"
"22","Government consumption expenditures and gross investment","1999","1,719,905"
"22","Government consumption expenditures and gross investment","2000","1,826,438"
"22","Government consumption expenditures and gross investment","2001","1,950,034"
"22","Government consumption expenditures and gross investment","2002","2,089,495"
"22","Government consumption expenditures and gross investment","2003","2,210,600"
"22","Government consumption expenditures and gross investment","2004","2,338,123"
"22","Government consumption expenditures and gross investment","2005","2,475,313"
"22","Government consumption expenditures and gross investment","2006","2,623,846"
"22","Government consumption expenditures and gross investment","2007","2,790,556"
"22","Government consumption expenditures and gross investment","2008","2,983,035"
"22","Government consumption expenditures and gross investment","2009","3,076,338"
"22","Government consumption expenditures and gross investment","2010","3,155,551"
"22","Government consumption expenditures and gross investment","2011","3,147,929"
"22","Government consumption expenditures and gross investment","2012","3,136,471"
"22","Government consumption expenditures and gross investment","2013","3,132,576"
"22","Government consumption expenditures and gross investment","2014","3,168,607"
"22","Government consumption expenditures and gross investment","2015","3,233,420"
"22","Government consumption expenditures and gross investment","2016","3,303,031"
"22","Government consumption expenditures and gross investment","2017","3,397,141"
"22","Government consumption expenditures and gross investment","2018","3,590,381"
"22","Government consumption expenditures and gross investment","2019","3,785,995"
"22","Government consumption expenditures and gross investment","2020","3,999,096"
"22","Government consumption expenditures and gross investment","2021","4,208,652"
"22","Government consumption expenditures and gross investment","2022","4,458,157"
"22","Government consumption expenditures and gross investment","2023","4,741,151"
"22","Government consumption expenditures and gross investment","2024","5,041,143"
"22","Government consumption expenditures and gross investment","2025","5,275,101"
"23","Federal","1929","1,907"
"23","Federal","1930","2,017"
"23","Federal","1931","2,067"
"23","Federal","1932","2,006"
"23","Federal","1933","2,458"
"23","Federal","1934","3,457"
"23","Federal","1935","3,569"
"23","Federal","1936","5,777"
"23","Federal","1937","5,291"
"23","Federal","1938","5,915"
"23","Federal","1939","6,237"
"23","Federal","1940","6,837"
"23","Federal","1941","19,109"
"23","Federal","1942","56,699"
"23","Federal","1943","89,488"
"23","Federal","1944","100,086"
"23","Federal","1945","87,222"
"23","Federal","1946","31,986"
"23","Federal","1947","25,736"
"23","Federal","1948","27,041"
"23","Federal","1949","30,423"
"23","Federal","1950","29,418"
"23","Federal","1951","49,947"
"23","Federal","1952","64,815"
"23","Federal","1953","70,274"
"23","Federal","1954","63,255"
"23","Federal","1955","61,015"
"23","Federal","1956","63,115"
"23","Federal","1957","68,453"
"23","Federal","1958","71,521"
"23","Federal","1959","73,579"
"23","Federal","1960","72,875"
"23","Federal","1961","77,379"
"23","Federal","1962","85,518"
"23","Federal","1963","87,875"
"23","Federal","1964","90,256"
"23","Federal","1965","93,196"
"23","Federal","1966","106,575"
"23","Federal","1967","120,006"
"23","Federal","1968","127,963"
"23","Federal","1969","131,193"
"23","Federal","1970","132,805"
"23","Federal","1971","134,478"
"23","Federal","1972","141,646"
"23","Federal","1973","146,185"
"23","Federal","1974","158,835"
"23","Federal","1975","173,729"
"23","Federal","1976","184,800"
"23","Federal","1977","200,339"
"23","Federal","1978","218,922"
"23","Federal","1979","240,574"
"23","Federal","1980","274,870"
"23","Federal","1981","313,980"
"23","Federal","1982","348,336"
"23","Federal","1983","382,357"
"23","Federal","1984","411,805"
"23","Federal","1985","452,909"
"23","Federal","1986","481,658"
"23","Federal","1987","502,785"
"23","Federal","1988","511,440"
"23","Federal","1989","534,104"
"23","Federal","1990","562,377"
"23","Federal","1991","582,936"
"23","Federal","1992","588,453"
"23","Federal","1993","580,169"
"23","Federal","1994","574,684"
"23","Federal","1995","576,682"
"23","Federal","1996","579,159"
"23","Federal","1997","583,289"
"23","Federal","1998","585,515"
"23","Federal","1999","610,722"
"23","Federal","2000","633,069"
"23","Federal","2001","670,212"
"23","Federal","2002","743,097"
"23","Federal","2003","826,769"
"23","Federal","2004","892,123"
"23","Federal","2005","947,787"
"23","Federal","2006","1,001,189"
"23","Federal","2007","1,051,025"
"23","Federal","2008","1,151,960"
"23","Federal","2009","1,220,785"
"23","Federal","2010","1,300,157"
"23","Federal","2011","1,299,763"
"23","Federal","2012","1,287,010"
"23","Federal","2013","1,227,384"
"23","Federal","2014","1,217,072"
"23","Federal","2015","1,222,777"
"23","Federal","2016","1,237,353"
"23","Federal","2017","1,266,054"
"23","Federal","2018","1,346,295"
"23","Federal","2019","1,419,500"
"23","Federal","2020","1,524,564"
"23","Federal","2021","1,604,398"
"23","Federal","2022","1,640,500"
"23","Federal","2023","1,765,700"
"23","Federal","2024","1,892,402"
"23","Federal","2025","1,966,927"
"24","National defense","1929","1,056"
"24","National defense","1930","1,090"
"24","National defense","1931","1,081"
"24","National defense","1932","1,051"
"24","National defense","1933","999"
"24","National defense","1934","944"
"24","National defense","1935","1,174"
"24","National defense","1936","1,401"
"24","National defense","1937","1,448"
"24","National defense","1938","1,513"
"24","National defense","1939","1,667"
"24","National defense","1940","2,791"
"24","National defense","1941","15,368"
"24","National defense","1942","53,491"
"24","National defense","1943","86,801"
"24","National defense","1944","97,272"
"24","National defense","1945","84,786"
"24","National defense","1946","27,995"
"24","National defense","1947","21,072"
"24","National defense","1948","20,887"
"24","National defense","1949","22,341"
"24","National defense","1950","22,649"
"24","National defense","1951","43,689"
"24","National defense","1952","57,413"
"24","National defense","1953","61,134"
"24","National defense","1954","54,448"
"24","National defense","1955","52,363"
"24","National defense","1956","54,958"
"24","National defense","1957","59,941"
"24","National defense","1958","62,220"
"24","National defense","1959","60,945"
"24","National defense","1960","60,901"
"24","National defense","1961","64,543"
"24","National defense","1962","69,701"
"24","National defense","1963","70,002"
"24","National defense","1964","69,728"
"24","National defense","1965","70,583"
"24","National defense","1966","82,471"
"24","National defense","1967","95,034"
"24","National defense","1968","101,357"
"24","National defense","1969","102,067"
"24","National defense","1970","100,710"
"24","National defense","1971","97,995"
"24","National defense","1972","100,714"
"24","National defense","1973","102,635"
"24","National defense","1974","109,894"
"24","National defense","1975","117,976"
"24","National defense","1976","124,952"
"24","National defense","1977","134,408"
"24","National defense","1978","145,181"
"24","National defense","1979","160,587"
"24","National defense","1980","183,405"
"24","National defense","1981","213,372"
"24","National defense","1982","245,404"
"24","National defense","1983","272,055"
"24","National defense","1984","298,764"
"24","National defense","1985","329,501"
"24","National defense","1986","352,359"
"24","National defense","1987","372,385"
"24","National defense","1988","382,101"
"24","National defense","1989","391,228"
"24","National defense","1990","405,007"
"24","National defense","1991","414,041"
"24","National defense","1992","406,465"
"24","National defense","1993","391,646"
"24","National defense","1994","382,114"
"24","National defense","1995","377,159"
"24","National defense","1996","377,261"
"24","National defense","1997","371,990"
"24","National defense","1998","368,753"
"24","National defense","1999","383,254"
"24","National defense","2000","392,570"
"24","National defense","2001","413,162"
"24","National defense","2002","458,932"
"24","National defense","2003","521,221"
"24","National defense","2004","569,878"
"24","National defense","2005","609,437"
"24","National defense","2006","640,814"
"24","National defense","2007","679,264"
"24","National defense","2008","750,336"
"24","National defense","2009","787,565"
"24","National defense","2010","827,971"
"24","National defense","2011","833,978"
"24","National defense","2012","814,175"
"24","National defense","2013","764,319"
"24","National defense","2014","744,053"
"24","National defense","2015","730,372"
"24","National defense","2016","729,434"
"24","National defense","2017","748,294"
"24","National defense","2018","795,065"
"24","National defense","2019","849,506"
"24","National defense","2020","884,863"
"24","National defense","2021","909,095"
"24","National defense","2022","929,596"
"24","National defense","2023","1,003,971"
"24","National defense","2024","1,082,721"
"24","National defense","2025","1,143,368"
"25","Nondefense","1929","851"
"25","Nondefense","1930","926"
"25","Nondefense","1931","986"
"25","Nondefense","1932","955"
"25","Nondefense","1933","1,459"
"25","Nondefense","1934","2,512"
"25","Nondefense","1935","2,395"
"25","Nondefense","1936","4,376"
"25","Nondefense","1937","3,843"
"25","Nondefense","1938","4,402"
"25","Nondefense","1939","4,570"
"25","Nondefense","1940","4,046"
"25","Nondefense","1941","3,741"
"25","Nondefense","1942","3,207"
"25","Nondefense","1943","2,687"
"25","Nondefense","1944","2,814"
"25","Nondefense","1945","2,435"
"25","Nondefense","1946","3,991"
"25","Nondefense","1947","4,663"
"25","Nondefense","1948","6,154"
"25","Nondefense","1949","8,082"
"25","Nondefense","1950","6,769"
"25","Nondefense","1951","6,258"
"25","Nondefense","1952","7,402"
"25","Nondefense","1953","9,140"
"25","Nondefense","1954","8,807"
"25","Nondefense","1955","8,653"
"25","Nondefense","1956","8,156"
"25","Nondefense","1957","8,513"
"25","Nondefense","1958","9,301"
"25","Nondefense","1959","12,633"
"25","Nondefense","1960","11,974"
"25","Nondefense","1961","12,836"
"25","Nondefense","1962","15,818"
"25","Nondefense","1963","17,873"
"25","Nondefense","1964","20,528"
"25","Nondefense","1965","22,613"
"25","Nondefense","1966","24,104"
"25","Nondefense","1967","24,972"
"25","Nondefense","1968","26,606"
"25","Nondefense","1969","29,126"
"25","Nondefense","1970","32,095"
"25","Nondefense","1971","36,483"
"25","Nondefense","1972","40,932"
"25","Nondefense","1973","43,550"
"25","Nondefense","1974","48,940"
"25","Nondefense","1975","55,753"
"25","Nondefense","1976","59,848"
"25","Nondefense","1977","65,931"
"25","Nondefense","1978","73,741"
"25","Nondefense","1979","79,987"
"25","Nondefense","1980","91,465"
"25","Nondefense","1981","100,608"
"25","Nondefense","1982","102,932"
"25","Nondefense","1983","110,302"
"25","Nondefense","1984","113,041"
"25","Nondefense","1985","123,408"
"25","Nondefense","1986","129,298"
"25","Nondefense","1987","130,400"
"25","Nondefense","1988","129,339"
"25","Nondefense","1989","142,876"
"25","Nondefense","1990","157,370"
"25","Nondefense","1991","168,896"
"25","Nondefense","1992","181,988"
"25","Nondefense","1993","188,523"
"25","Nondefense","1994","192,570"
"25","Nondefense","1995","199,523"
"25","Nondefense","1996","201,898"
"25","Nondefense","1997","211,299"
"25","Nondefense","1998","216,763"
"25","Nondefense","1999","227,468"
"25","Nondefense","2000","240,499"
"25","Nondefense","2001","257,050"
"25","Nondefense","2002","284,164"
"25","Nondefense","2003","305,548"
"25","Nondefense","2004","322,245"
"25","Nondefense","2005","338,350"
"25","Nondefense","2006","360,375"
"25","Nondefense","2007","371,761"
"25","Nondefense","2008","401,625"
"25","Nondefense","2009","433,220"
"25","Nondefense","2010","472,187"
"25","Nondefense","2011","465,785"
"25","Nondefense","2012","472,835"
"25","Nondefense","2013","463,065"
"25","Nondefense","2014","473,019"
"25","Nondefense","2015","492,405"
"25","Nondefense","2016","507,919"
"25","Nondefense","2017","517,761"
"25","Nondefense","2018","551,230"
"25","Nondefense","2019","569,993"
"25","Nondefense","2020","639,700"
"25","Nondefense","2021","695,303"
"25","Nondefense","2022","710,904"
"25","Nondefense","2023","761,729"
"25","Nondefense","2024","809,681"
"25","Nondefense","2025","823,559"
"26","State and local","1929","7,714"
"26","State and local","1930","8,256"
"26","State and local","1931","8,102"
"26","State and local","1932","6,940"
"26","State and local","1933","6,417"
"26","State and local","1934","7,264"
"26","State and local","1935","7,582"
"26","State and local","1936","7,622"
"26","State and local","1937","7,828"
"26","State and local","1938","8,256"
"26","State and local","1939","8,929"
"26","State and local","1940","8,725"
"26","State and local","1941","8,727"
"26","State and local","1942","8,742"
"26","State and local","1943","8,534"
"26","State and local","1944","8,558"
"26","State and local","1945","9,174"
"26","State and local","1946","11,041"
"26","State and local","1947","14,091"
"26","State and local","1948","16,714"
"26","State and local","1949","19,385"
"26","State and local","1950","21,097"
"26","State and local","1951","23,356"
"26","State and local","1952","24,768"
"26","State and local","1953","26,490"
"26","State and local","1954","29,212"
"26","State and local","1955","31,943"
"26","State and local","1956","35,065"
"26","State and local","1957","38,710"
"26","State and local","1958","42,617"
"26","State and local","1959","44,879"
"26","State and local","1960","47,645"
"26","State and local","1961","51,858"
"26","State and local","1962","54,768"
"26","State and local","1963","59,318"
"26","State and local","1964","64,507"
"26","State and local","1965","70,858"
"26","State and local","1966","78,869"
"26","State and local","1967","87,012"
"26","State and local","1968","97,563"
"26","State and local","1969","107,791"
"26","State and local","1970","119,776"
"26","State and local","1971","132,990"
"26","State and local","1972","144,544"
"26","State and local","1973","158,580"
"26","State and local","1974","182,536"
"26","State and local","1975","207,399"
"26","State and local","1976","219,353"
"26","State and local","1977","233,992"
"26","State and local","1978","257,414"
"26","State and local","1979","284,228"
"26","State and local","1980","314,728"
"26","State and local","1981","340,401"
"26","State and local","1982","363,137"
"26","State and local","1983","384,200"
"26","State and local","1984","416,106"
"26","State and local","1985","457,607"
"26","State and local","1986","494,418"
"26","State and local","1987","528,745"
"26","State and local","1988","567,416"
"26","State and local","1989","617,758"
"26","State and local","1990","676,179"
"26","State and local","1991","716,014"
"26","State and local","1992","756,047"
"26","State and local","1993","784,753"
"26","State and local","1994","827,591"
"26","State and local","1995","872,749"
"26","State and local","1996","913,688"
"26","State and local","1997","963,844"
"26","State and local","1998","1,026,093"
"26","State and local","1999","1,109,183"
"26","State and local","2000","1,193,369"
"26","State and local","2001","1,279,822"
"26","State and local","2002","1,346,398"
"26","State and local","2003","1,383,830"
"26","State and local","2004","1,446,000"
"26","State and local","2005","1,527,526"
"26","State and local","2006","1,622,657"
"26","State and local","2007","1,739,531"
"26","State and local","2008","1,831,075"
"26","State and local","2009","1,855,553"
"26","State and local","2010","1,855,394"
"26","State and local","2011","1,848,166"
"26","State and local","2012","1,849,460"
"26","State and local","2013","1,905,193"
"26","State and local","2014","1,951,535"
"26","State and local","2015","2,010,643"
"26","State and local","2016","2,065,678"
"26","State and local","2017","2,131,087"
"26","State and local","2018","2,244,086"
"26","State and local","2019","2,366,496"
"26","State and local","2020","2,474,532"
"26","State and local","2021","2,604,254"
"26","State and local","2022","2,817,657"
"26","State and local","2023","2,975,451"
"26","State and local","2024","3,148,741"
"26","State and local","2025","3,308,173"
