"LineNumber","LineDescription","TimePeriod","DataValue"
"1","Government","1959","124,366"
"1","Government","1960","131,252"
"1","Government","1961","141,066"
"1","Government","1962","152,386"
"1","Government","1963","160,511"
"1","Government","1964","169,086"
"1","Government","1965","181,613"
"1","Government","1966","204,476"
"1","Government","1967","232,556"
"1","Government","1968","261,651"
"1","Government","1969","284,710"
"1","Government","1970","319,221"
"1","Government","1971","354,491"
"1","Government","1972","388,548"
"1","Government","1973","421,512"
"1","Government","1974","473,911"
"1","Government","1975","549,878"
"1","Government","1976","591,024"
"1","Government","1977","640,329"
"1","Government","1978","703,312"
"1","Government","1979","777,924"
"1","Government","1980","894,576"
"1","Government","1981","1,017,366"
"1","Government","1982","1,131,034"
"1","Government","1983","1,227,716"
"1","Government","1984","1,311,655"
"1","Government","1985","1,418,686"
"1","Government","1986","1,512,769"
"1","Government","1987","1,586,742"
"1","Government","1988","1,678,321"
"1","Government","1989","1,810,702"
"1","Government","1990","1,952,868"
"1","Government","1991","2,072,189"
"1","Government","1992","2,254,212"
"1","Government","1993","2,339,289"
"1","Government","1994","2,417,185"
"1","Government","1995","2,536,460"
"1","Government","1996","2,621,763"
"1","Government","1997","2,699,874"
"1","Government","1998","2,767,354"
"1","Government","1999","2,879,452"
"1","Government","2000","3,019,944"
"1","Government","2001","3,229,168"
"1","Government","2002","3,419,767"
"1","Government","2003","3,624,035"
"1","Government","2004","3,817,442"
"1","Government","2005","4,075,265"
"1","Government","2006","4,320,062"
"1","Government","2007","4,599,617"
"1","Government","2008","4,971,972"
"1","Government","2009","5,283,993"
"1","Government","2010","5,559,983"
"1","Government","2011","5,639,475"
"1","Government","2012","5,667,111"
"1","Government","2013","5,729,512"
"1","Government","2014","5,885,690"
"1","Government","2015","6,059,526"
"1","Government","2016","6,238,657"
"1","Government","2017","6,418,502"
"1","Government","2018","6,749,939"
"1","Government","2019","7,133,442"
"1","Government","2020","8,966,601"
"1","Government","2021","9,514,778"
"1","Government","2022","8,792,818"
"1","Government","2023","9,358,874"
"1","Government","2024","10,061,458"
"2","General public service","1959","21,257"
"2","General public service","1960","24,384"
"2","General public service","1961","25,622"
"2","General public service","1962","27,731"
"2","General public service","1963","29,582"
"2","General public service","1964","31,817"
"2","General public service","1965","33,992"
"2","General public service","1966","36,751"
"2","General public service","1967","39,454"
"2","General public service","1968","44,187"
"2","General public service","1969","49,948"
"2","General public service","1970","60,030"
"2","General public service","1971","66,799"
"2","General public service","1972","73,970"
"2","General public service","1973","84,148"
"2","General public service","1974","96,034"
"2","General public service","1975","108,265"
"2","General public service","1976","119,748"
"2","General public service","1977","131,631"
"2","General public service","1978","150,812"
"2","General public service","1979","169,893"
"2","General public service","1980","195,256"
"2","General public service","1981","228,561"
"2","General public service","1982","259,896"
"2","General public service","1983","286,446"
"2","General public service","1984","323,682"
"2","General public service","1985","359,670"
"2","General public service","1986","381,397"
"2","General public service","1987","395,762"
"2","General public service","1988","418,379"
"2","General public service","1989","452,247"
"2","General public service","1990","479,841"
"2","General public service","1991","471,102"
"2","General public service","1992","532,273"
"2","General public service","1993","539,019"
"2","General public service","1994","552,861"
"2","General public service","1995","590,506"
"2","General public service","1996","602,089"
"2","General public service","1997","612,390"
"2","General public service","1998","612,642"
"2","General public service","1999","606,167"
"2","General public service","2000","611,349"
"2","General public service","2001","618,998"
"2","General public service","2002","622,710"
"2","General public service","2003","651,869"
"2","General public service","2004","669,990"
"2","General public service","2005","728,899"
"2","General public service","2006","781,883"
"2","General public service","2007","835,887"
"2","General public service","2008","844,193"
"2","General public service","2009","889,799"
"2","General public service","2010","921,903"
"2","General public service","2011","962,067"
"2","General public service","2012","976,661"
"2","General public service","2013","961,080"
"2","General public service","2014","975,952"
"2","General public service","2015","976,586"
"2","General public service","2016","1,018,533"
"2","General public service","2017","1,052,293"
"2","General public service","2018","1,125,482"
"2","General public service","2019","1,197,701"
"2","General public service","2020","1,160,766"
"2","General public service","2021","1,230,060"
"2","General public service","2022","1,421,835"
"2","General public service","2023","1,688,345"
"2","General public service","2024","1,873,448"
"3","Executive and legislative","1959","4,354"
"3","Executive and legislative","1960","4,487"
"3","Executive and legislative","1961","4,950"
"3","Executive and legislative","1962","5,082"
"3","Executive and legislative","1963","5,282"
"3","Executive and legislative","1964","5,479"
"3","Executive and legislative","1965","5,774"
"3","Executive and legislative","1966","5,787"
"3","Executive and legislative","1967","5,611"
"3","Executive and legislative","1968","4,508"
"3","Executive and legislative","1969","5,091"
"3","Executive and legislative","1970","6,089"
"3","Executive and legislative","1971","7,431"
"3","Executive and legislative","1972","8,582"
"3","Executive and legislative","1973","8,198"
"3","Executive and legislative","1974","9,576"
"3","Executive and legislative","1975","11,614"
"3","Executive and legislative","1976","12,548"
"3","Executive and legislative","1977","12,509"
"3","Executive and legislative","1978","13,017"
"3","Executive and legislative","1979","14,305"
"3","Executive and legislative","1980","16,574"
"3","Executive and legislative","1981","16,681"
"3","Executive and legislative","1982","19,168"
"3","Executive and legislative","1983","18,540"
"3","Executive and legislative","1984","22,060"
"3","Executive and legislative","1985","25,756"
"3","Executive and legislative","1986","27,635"
"3","Executive and legislative","1987","26,360"
"3","Executive and legislative","1988","26,825"
"3","Executive and legislative","1989","27,837"
"3","Executive and legislative","1990","30,669"
"3","Executive and legislative","1991","-6,808"
"3","Executive and legislative","1992","39,135"
"3","Executive and legislative","1993","40,211"
"3","Executive and legislative","1994","39,790"
"3","Executive and legislative","1995","36,773"
"3","Executive and legislative","1996","41,093"
"3","Executive and legislative","1997","39,848"
"3","Executive and legislative","1998","41,301"
"3","Executive and legislative","1999","41,127"
"3","Executive and legislative","2000","44,191"
"3","Executive and legislative","2001","45,662"
"3","Executive and legislative","2002","52,402"
"3","Executive and legislative","2003","58,222"
"3","Executive and legislative","2004","67,997"
"3","Executive and legislative","2005","75,653"
"3","Executive and legislative","2006","78,867"
"3","Executive and legislative","2007","90,743"
"3","Executive and legislative","2008","99,707"
"3","Executive and legislative","2009","111,166"
"3","Executive and legislative","2010","112,095"
"3","Executive and legislative","2011","116,537"
"3","Executive and legislative","2012","118,427"
"3","Executive and legislative","2013","115,617"
"3","Executive and legislative","2014","116,362"
"3","Executive and legislative","2015","117,415"
"3","Executive and legislative","2016","121,577"
"3","Executive and legislative","2017","121,075"
"3","Executive and legislative","2018","126,866"
"3","Executive and legislative","2019","132,045"
"3","Executive and legislative","2020","142,712"
"3","Executive and legislative","2021","151,808"
"3","Executive and legislative","2022","189,221"
"3","Executive and legislative","2023","196,262"
"3","Executive and legislative","2024","192,820"
"4","Tax collection and financial management","1959","1,159"
"4","Tax collection and financial management","1960","1,285"
"4","Tax collection and financial management","1961","1,361"
"4","Tax collection and financial management","1962","1,451"
"4","Tax collection and financial management","1963","1,442"
"4","Tax collection and financial management","1964","1,555"
"4","Tax collection and financial management","1965","1,621"
"4","Tax collection and financial management","1966","1,791"
"4","Tax collection and financial management","1967","2,022"
"4","Tax collection and financial management","1968","3,485"
"4","Tax collection and financial management","1969","4,394"
"4","Tax collection and financial management","1970","5,050"
"4","Tax collection and financial management","1971","5,409"
"4","Tax collection and financial management","1972","5,909"
"4","Tax collection and financial management","1973","6,263"
"4","Tax collection and financial management","1974","7,133"
"4","Tax collection and financial management","1975","8,221"
"4","Tax collection and financial management","1976","8,229"
"4","Tax collection and financial management","1977","9,405"
"4","Tax collection and financial management","1978","10,166"
"4","Tax collection and financial management","1979","10,410"
"4","Tax collection and financial management","1980","10,978"
"4","Tax collection and financial management","1981","11,539"
"4","Tax collection and financial management","1982","13,399"
"4","Tax collection and financial management","1983","16,279"
"4","Tax collection and financial management","1984","16,419"
"4","Tax collection and financial management","1985","20,600"
"4","Tax collection and financial management","1986","21,583"
"4","Tax collection and financial management","1987","22,023"
"4","Tax collection and financial management","1988","24,341"
"4","Tax collection and financial management","1989","25,801"
"4","Tax collection and financial management","1990","26,899"
"4","Tax collection and financial management","1991","28,636"
"4","Tax collection and financial management","1992","31,196"
"4","Tax collection and financial management","1993","30,139"
"4","Tax collection and financial management","1994","31,383"
"4","Tax collection and financial management","1995","32,261"
"4","Tax collection and financial management","1996","31,716"
"4","Tax collection and financial management","1997","34,030"
"4","Tax collection and financial management","1998","33,967"
"4","Tax collection and financial management","1999","36,957"
"4","Tax collection and financial management","2000","35,673"
"4","Tax collection and financial management","2001","40,925"
"4","Tax collection and financial management","2002","41,025"
"4","Tax collection and financial management","2003","39,916"
"4","Tax collection and financial management","2004","40,672"
"4","Tax collection and financial management","2005","41,655"
"4","Tax collection and financial management","2006","42,566"
"4","Tax collection and financial management","2007","43,744"
"4","Tax collection and financial management","2008","51,915"
"4","Tax collection and financial management","2009","52,332"
"4","Tax collection and financial management","2010","54,601"
"4","Tax collection and financial management","2011","49,045"
"4","Tax collection and financial management","2012","49,014"
"4","Tax collection and financial management","2013","50,103"
"4","Tax collection and financial management","2014","49,268"
"4","Tax collection and financial management","2015","51,937"
"4","Tax collection and financial management","2016","54,397"
"4","Tax collection and financial management","2017","55,196"
"4","Tax collection and financial management","2018","59,294"
"4","Tax collection and financial management","2019","61,825"
"4","Tax collection and financial management","2020","70,569"
"4","Tax collection and financial management","2021","77,252"
"4","Tax collection and financial management","2022","96,444"
"4","Tax collection and financial management","2023","102,533"
"4","Tax collection and financial management","2024","114,317"
"5","Interest payments","1959","14,649"
"5","Interest payments","1960","17,453"
"5","Interest payments","1961","17,850"
"5","Interest payments","1962","19,660"
"5","Interest payments","1963","21,255"
"5","Interest payments","1964","22,922"
"5","Interest payments","1965","24,460"
"5","Interest payments","1966","26,696"
"5","Interest payments","1967","29,090"
"5","Interest payments","1968","32,788"
"5","Interest payments","1969","36,634"
"5","Interest payments","1970","44,383"
"5","Interest payments","1971","48,621"
"5","Interest payments","1972","53,464"
"5","Interest payments","1973","61,980"
"5","Interest payments","1974","69,526"
"5","Interest payments","1975","77,403"
"5","Interest payments","1976","86,724"
"5","Interest payments","1977","95,753"
"5","Interest payments","1978","112,446"
"5","Interest payments","1979","128,460"
"5","Interest payments","1980","148,756"
"5","Interest payments","1981","180,093"
"5","Interest payments","1982","206,165"
"5","Interest payments","1983","227,965"
"5","Interest payments","1984","260,065"
"5","Interest payments","1985","285,779"
"5","Interest payments","1986","302,683"
"5","Interest payments","1987","314,659"
"5","Interest payments","1988","333,727"
"5","Interest payments","1989","362,097"
"5","Interest payments","1990","383,322"
"5","Interest payments","1991","408,691"
"5","Interest payments","1992","417,216"
"5","Interest payments","1993","422,743"
"5","Interest payments","1994","434,080"
"5","Interest payments","1995","473,006"
"5","Interest payments","1996","479,364"
"5","Interest payments","1997","485,311"
"5","Interest payments","1998","479,288"
"5","Interest payments","1999","465,623"
"5","Interest payments","2000","464,812"
"5","Interest payments","2001","459,817"
"5","Interest payments","2002","452,224"
"5","Interest payments","2003","475,585"
"5","Interest payments","2004","480,657"
"5","Interest payments","2005","521,517"
"5","Interest payments","2006","560,868"
"5","Interest payments","2007","600,017"
"5","Interest payments","2008","592,304"
"5","Interest payments","2009","621,553"
"5","Interest payments","2010","648,459"
"5","Interest payments","2011","691,208"
"5","Interest payments","2012","703,747"
"5","Interest payments","2013","686,541"
"5","Interest payments","2014","701,355"
"5","Interest payments","2015","698,020"
"5","Interest payments","2016","737,072"
"5","Interest payments","2017","767,644"
"5","Interest payments","2018","826,647"
"5","Interest payments","2019","883,272"
"5","Interest payments","2020","813,323"
"5","Interest payments","2021","850,834"
"5","Interest payments","2022","966,748"
"5","Interest payments","2023","1,218,498"
"5","Interest payments","2024","1,397,636"
"6","Other","1959","1,095"
"6","Other","1960","1,159"
"6","Other","1961","1,461"
"6","Other","1962","1,538"
"6","Other","1963","1,604"
"6","Other","1964","1,861"
"6","Other","1965","2,137"
"6","Other","1966","2,477"
"6","Other","1967","2,731"
"6","Other","1968","3,406"
"6","Other","1969","3,830"
"6","Other","1970","4,508"
"6","Other","1971","5,338"
"6","Other","1972","6,015"
"6","Other","1973","7,707"
"6","Other","1974","9,799"
"6","Other","1975","11,026"
"6","Other","1976","12,247"
"6","Other","1977","13,965"
"6","Other","1978","15,182"
"6","Other","1979","16,718"
"6","Other","1980","18,948"
"6","Other","1981","20,247"
"6","Other","1982","21,163"
"6","Other","1983","23,662"
"6","Other","1984","25,139"
"6","Other","1985","27,535"
"6","Other","1986","29,496"
"6","Other","1987","32,720"
"6","Other","1988","33,485"
"6","Other","1989","36,511"
"6","Other","1990","38,950"
"6","Other","1991","40,583"
"6","Other","1992","44,727"
"6","Other","1993","45,927"
"6","Other","1994","47,608"
"6","Other","1995","48,465"
"6","Other","1996","49,916"
"6","Other","1997","53,200"
"6","Other","1998","58,086"
"6","Other","1999","62,460"
"6","Other","2000","66,673"
"6","Other","2001","72,593"
"6","Other","2002","77,059"
"6","Other","2003","78,145"
"6","Other","2004","80,663"
"6","Other","2005","90,074"
"6","Other","2006","99,582"
"6","Other","2007","101,384"
"6","Other","2008","100,268"
"6","Other","2009","104,748"
"6","Other","2010","106,748"
"6","Other","2011","105,277"
"6","Other","2012","105,472"
"6","Other","2013","108,820"
"6","Other","2014","108,966"
"6","Other","2015","109,214"
"6","Other","2016","105,487"
"6","Other","2017","108,377"
"6","Other","2018","112,675"
"6","Other","2019","120,558"
"6","Other","2020","134,161"
"6","Other","2021","150,166"
"6","Other","2022","169,421"
"6","Other","2023","171,052"
"6","Other","2024","168,676"
"7","National defense","1959","43,981"
"7","National defense","1960","44,309"
"7","National defense","1961","45,636"
"7","National defense","1962","50,093"
"7","National defense","1963","52,070"
"7","National defense","1964","52,720"
"7","National defense","1965","55,543"
"7","National defense","1966","65,642"
"7","National defense","1967","75,759"
"7","National defense","1968","83,971"
"7","National defense","1969","85,218"
"7","National defense","1970","84,489"
"7","National defense","1971","85,889"
"7","National defense","1972","88,923"
"7","National defense","1973","87,669"
"7","National defense","1974","92,183"
"7","National defense","1975","97,541"
"7","National defense","1976","99,704"
"7","National defense","1977","106,680"
"7","National defense","1978","115,372"
"7","National defense","1979","126,205"
"7","National defense","1980","143,983"
"7","National defense","1981","165,813"
"7","National defense","1982","187,807"
"7","National defense","1983","202,466"
"7","National defense","1984","217,847"
"7","National defense","1985","234,125"
"7","National defense","1986","249,048"
"7","National defense","1987","261,676"
"7","National defense","1988","276,722"
"7","National defense","1989","286,100"
"7","National defense","1990","297,738"
"7","National defense","1991","313,154"
"7","National defense","1992","310,271"
"7","National defense","1993","303,502"
"7","National defense","1994","296,809"
"7","National defense","1995","292,454"
"7","National defense","1996","292,750"
"7","National defense","1997","293,314"
"7","National defense","1998","289,629"
"7","National defense","1999","301,970"
"7","National defense","2000","309,556"
"7","National defense","2001","325,927"
"7","National defense","2002","358,955"
"7","National defense","2003","411,621"
"7","National defense","2004","449,075"
"7","National defense","2005","478,323"
"7","National defense","2006","501,776"
"7","National defense","2007","528,521"
"7","National defense","2008","583,674"
"7","National defense","2009","614,836"
"7","National defense","2010","652,196"
"7","National defense","2011","662,376"
"7","National defense","2012","650,930"
"7","National defense","2013","610,969"
"7","National defense","2014","597,936"
"7","National defense","2015","586,256"
"7","National defense","2016","588,257"
"7","National defense","2017","601,353"
"7","National defense","2018","635,472"
"7","National defense","2019","676,964"
"7","National defense","2020","698,245"
"7","National defense","2021","720,214"
"7","National defense","2022","730,200"
"7","National defense","2023","790,197"
"7","National defense","2024","855,623"
"8","Public order and safety","1959","4,310"
"8","Public order and safety","1960","4,687"
"8","Public order and safety","1961","5,052"
"8","Public order and safety","1962","5,255"
"8","Public order and safety","1963","5,578"
"8","Public order and safety","1964","5,989"
"8","Public order and safety","1965","6,471"
"8","Public order and safety","1966","7,049"
"8","Public order and safety","1967","7,805"
"8","Public order and safety","1968","9,084"
"8","Public order and safety","1969","10,078"
"8","Public order and safety","1970","11,539"
"8","Public order and safety","1971","13,321"
"8","Public order and safety","1972","14,992"
"8","Public order and safety","1973","16,690"
"8","Public order and safety","1974","18,965"
"8","Public order and safety","1975","21,612"
"8","Public order and safety","1976","23,393"
"8","Public order and safety","1977","25,609"
"8","Public order and safety","1978","28,342"
"8","Public order and safety","1979","31,421"
"8","Public order and safety","1980","34,938"
"8","Public order and safety","1981","39,465"
"8","Public order and safety","1982","44,203"
"8","Public order and safety","1983","48,227"
"8","Public order and safety","1984","52,385"
"8","Public order and safety","1985","58,043"
"8","Public order and safety","1986","63,066"
"8","Public order and safety","1987","68,436"
"8","Public order and safety","1988","75,425"
"8","Public order and safety","1989","84,403"
"8","Public order and safety","1990","93,926"
"8","Public order and safety","1991","102,970"
"8","Public order and safety","1992","112,862"
"8","Public order and safety","1993","121,602"
"8","Public order and safety","1994","130,330"
"8","Public order and safety","1995","139,340"
"8","Public order and safety","1996","148,323"
"8","Public order and safety","1997","156,355"
"8","Public order and safety","1998","168,957"
"8","Public order and safety","1999","183,704"
"8","Public order and safety","2000","199,671"
"8","Public order and safety","2001","216,089"
"8","Public order and safety","2002","230,047"
"8","Public order and safety","2003","237,692"
"8","Public order and safety","2004","251,396"
"8","Public order and safety","2005","264,775"
"8","Public order and safety","2006","280,453"
"8","Public order and safety","2007","300,351"
"8","Public order and safety","2008","321,455"
"8","Public order and safety","2009","328,216"
"8","Public order and safety","2010","332,670"
"8","Public order and safety","2011","333,251"
"8","Public order and safety","2012","333,067"
"8","Public order and safety","2013","338,448"
"8","Public order and safety","2014","349,993"
"8","Public order and safety","2015","362,420"
"8","Public order and safety","2016","371,539"
"8","Public order and safety","2017","381,568"
"8","Public order and safety","2018","403,252"
"8","Public order and safety","2019","421,982"
"8","Public order and safety","2020","425,828"
"8","Public order and safety","2021","443,666"
"8","Public order and safety","2022","470,350"
"8","Public order and safety","2023","493,489"
"8","Public order and safety","2024","519,726"
"9","Police","1959","2,064"
"9","Police","1960","2,231"
"9","Police","1961","2,379"
"9","Police","1962","2,523"
"9","Police","1963","2,688"
"9","Police","1964","2,876"
"9","Police","1965","3,120"
"9","Police","1966","3,383"
"9","Police","1967","3,755"
"9","Police","1968","4,552"
"9","Police","1969","4,987"
"9","Police","1970","5,655"
"9","Police","1971","6,580"
"9","Police","1972","7,497"
"9","Police","1973","8,278"
"9","Police","1974","9,264"
"9","Police","1975","10,463"
"9","Police","1976","11,200"
"9","Police","1977","12,233"
"9","Police","1978","13,389"
"9","Police","1979","14,598"
"9","Police","1980","15,970"
"9","Police","1981","17,918"
"9","Police","1982","19,855"
"9","Police","1983","21,507"
"9","Police","1984","23,062"
"9","Police","1985","25,338"
"9","Police","1986","27,079"
"9","Police","1987","28,848"
"9","Police","1988","31,436"
"9","Police","1989","34,477"
"9","Police","1990","37,796"
"9","Police","1991","41,506"
"9","Police","1992","45,565"
"9","Police","1993","49,672"
"9","Police","1994","52,261"
"9","Police","1995","55,138"
"9","Police","1996","59,300"
"9","Police","1997","63,561"
"9","Police","1998","68,798"
"9","Police","1999","74,185"
"9","Police","2000","80,234"
"9","Police","2001","86,538"
"9","Police","2002","94,116"
"9","Police","2003","99,270"
"9","Police","2004","106,627"
"9","Police","2005","112,232"
"9","Police","2006","118,583"
"9","Police","2007","127,976"
"9","Police","2008","139,235"
"9","Police","2009","143,320"
"9","Police","2010","147,112"
"9","Police","2011","148,874"
"9","Police","2012","149,730"
"9","Police","2013","151,500"
"9","Police","2014","156,701"
"9","Police","2015","162,244"
"9","Police","2016","168,164"
"9","Police","2017","174,513"
"9","Police","2018","185,753"
"9","Police","2019","194,419"
"9","Police","2020","198,128"
"9","Police","2021","204,989"
"9","Police","2022","213,352"
"9","Police","2023","225,166"
"9","Police","2024","237,742"
"10","Fire","1959","995"
"10","Fire","1960","1,088"
"10","Fire","1961","1,195"
"10","Fire","1962","1,209"
"10","Fire","1963","1,267"
"10","Fire","1964","1,352"
"10","Fire","1965","1,452"
"10","Fire","1966","1,575"
"10","Fire","1967","1,679"
"10","Fire","1968","1,873"
"10","Fire","1969","2,084"
"10","Fire","1970","2,383"
"10","Fire","1971","2,695"
"10","Fire","1972","2,926"
"10","Fire","1973","3,160"
"10","Fire","1974","3,508"
"10","Fire","1975","4,035"
"10","Fire","1976","4,321"
"10","Fire","1977","4,621"
"10","Fire","1978","5,062"
"10","Fire","1979","5,546"
"10","Fire","1980","6,081"
"10","Fire","1981","6,922"
"10","Fire","1982","7,706"
"10","Fire","1983","8,351"
"10","Fire","1984","8,934"
"10","Fire","1985","9,738"
"10","Fire","1986","10,679"
"10","Fire","1987","11,502"
"10","Fire","1988","12,024"
"10","Fire","1989","13,296"
"10","Fire","1990","14,495"
"10","Fire","1991","15,543"
"10","Fire","1992","17,254"
"10","Fire","1993","17,818"
"10","Fire","1994","18,758"
"10","Fire","1995","19,486"
"10","Fire","1996","20,400"
"10","Fire","1997","21,290"
"10","Fire","1998","22,625"
"10","Fire","1999","24,221"
"10","Fire","2000","26,321"
"10","Fire","2001","28,008"
"10","Fire","2002","30,382"
"10","Fire","2003","31,835"
"10","Fire","2004","33,713"
"10","Fire","2005","35,948"
"10","Fire","2006","39,011"
"10","Fire","2007","41,981"
"10","Fire","2008","44,681"
"10","Fire","2009","46,031"
"10","Fire","2010","46,958"
"10","Fire","2011","47,327"
"10","Fire","2012","47,219"
"10","Fire","2013","49,767"
"10","Fire","2014","51,620"
"10","Fire","2015","53,425"
"10","Fire","2016","54,969"
"10","Fire","2017","56,247"
"10","Fire","2018","60,338"
"10","Fire","2019","64,185"
"10","Fire","2020","66,462"
"10","Fire","2021","68,611"
"10","Fire","2022","71,734"
"10","Fire","2023","75,253"
"10","Fire","2024","80,261"
"11","Law courts","1959","665"
"11","Law courts","1960","714"
"11","Law courts","1961","757"
"11","Law courts","1962","780"
"11","Law courts","1963","840"
"11","Law courts","1964","912"
"11","Law courts","1965","991"
"11","Law courts","1966","1,099"
"11","Law courts","1967","1,216"
"11","Law courts","1968","1,382"
"11","Law courts","1969","1,571"
"11","Law courts","1970","1,798"
"11","Law courts","1971","2,069"
"11","Law courts","1972","2,343"
"11","Law courts","1973","2,687"
"11","Law courts","1974","3,049"
"11","Law courts","1975","3,494"
"11","Law courts","1976","3,846"
"11","Law courts","1977","4,225"
"11","Law courts","1978","4,787"
"11","Law courts","1979","5,521"
"11","Law courts","1980","6,367"
"11","Law courts","1981","7,115"
"11","Law courts","1982","7,861"
"11","Law courts","1983","8,408"
"11","Law courts","1984","9,069"
"11","Law courts","1985","9,959"
"11","Law courts","1986","10,612"
"11","Law courts","1987","11,495"
"11","Law courts","1988","13,213"
"11","Law courts","1989","14,977"
"11","Law courts","1990","16,841"
"11","Law courts","1991","18,703"
"11","Law courts","1992","20,254"
"11","Law courts","1993","22,577"
"11","Law courts","1994","23,500"
"11","Law courts","1995","25,729"
"11","Law courts","1996","26,818"
"11","Law courts","1997","28,521"
"11","Law courts","1998","32,125"
"11","Law courts","1999","35,132"
"11","Law courts","2000","38,072"
"11","Law courts","2001","41,454"
"11","Law courts","2002","43,039"
"11","Law courts","2003","42,628"
"11","Law courts","2004","44,261"
"11","Law courts","2005","46,504"
"11","Law courts","2006","48,531"
"11","Law courts","2007","51,109"
"11","Law courts","2008","53,723"
"11","Law courts","2009","54,947"
"11","Law courts","2010","55,460"
"11","Law courts","2011","54,627"
"11","Law courts","2012","54,054"
"11","Law courts","2013","52,441"
"11","Law courts","2014","53,864"
"11","Law courts","2015","56,172"
"11","Law courts","2016","57,088"
"11","Law courts","2017","58,110"
"11","Law courts","2018","60,717"
"11","Law courts","2019","63,399"
"11","Law courts","2020","64,147"
"11","Law courts","2021","66,734"
"11","Law courts","2022","72,261"
"11","Law courts","2023","76,145"
"11","Law courts","2024","80,274"
"12","Prisons","1959","585"
"12","Prisons","1960","654"
"12","Prisons","1961","721"
"12","Prisons","1962","743"
"12","Prisons","1963","782"
"12","Prisons","1964","849"
"12","Prisons","1965","908"
"12","Prisons","1966","992"
"12","Prisons","1967","1,154"
"12","Prisons","1968","1,278"
"12","Prisons","1969","1,436"
"12","Prisons","1970","1,703"
"12","Prisons","1971","1,976"
"12","Prisons","1972","2,227"
"12","Prisons","1973","2,565"
"12","Prisons","1974","3,144"
"12","Prisons","1975","3,620"
"12","Prisons","1976","4,026"
"12","Prisons","1977","4,529"
"12","Prisons","1978","5,105"
"12","Prisons","1979","5,756"
"12","Prisons","1980","6,521"
"12","Prisons","1981","7,509"
"12","Prisons","1982","8,781"
"12","Prisons","1983","9,961"
"12","Prisons","1984","11,320"
"12","Prisons","1985","13,008"
"12","Prisons","1986","14,697"
"12","Prisons","1987","16,590"
"12","Prisons","1988","18,752"
"12","Prisons","1989","21,652"
"12","Prisons","1990","24,793"
"12","Prisons","1991","27,218"
"12","Prisons","1992","29,789"
"12","Prisons","1993","31,536"
"12","Prisons","1994","35,812"
"12","Prisons","1995","38,987"
"12","Prisons","1996","41,805"
"12","Prisons","1997","42,984"
"12","Prisons","1998","45,409"
"12","Prisons","1999","50,165"
"12","Prisons","2000","55,044"
"12","Prisons","2001","60,090"
"12","Prisons","2002","62,511"
"12","Prisons","2003","63,959"
"12","Prisons","2004","66,795"
"12","Prisons","2005","70,090"
"12","Prisons","2006","74,328"
"12","Prisons","2007","79,285"
"12","Prisons","2008","83,815"
"12","Prisons","2009","83,918"
"12","Prisons","2010","83,141"
"12","Prisons","2011","82,424"
"12","Prisons","2012","82,062"
"12","Prisons","2013","84,740"
"12","Prisons","2014","87,808"
"12","Prisons","2015","90,580"
"12","Prisons","2016","91,317"
"12","Prisons","2017","92,697"
"12","Prisons","2018","96,445"
"12","Prisons","2019","99,979"
"12","Prisons","2020","97,090"
"12","Prisons","2021","103,332"
"12","Prisons","2022","113,003"
"12","Prisons","2023","116,925"
"12","Prisons","2024","121,449"
"13","Economic affairs","1959","12,705"
"13","Economic affairs","1960","11,398"
"13","Economic affairs","1961","12,410"
"13","Economic affairs","1962","14,446"
"13","Economic affairs","1963","14,773"
"13","Economic affairs","1964","16,586"
"13","Economic affairs","1965","17,879"
"13","Economic affairs","1966","19,240"
"13","Economic affairs","1967","21,185"
"13","Economic affairs","1968","23,366"
"13","Economic affairs","1969","26,133"
"13","Economic affairs","1970","27,989"
"13","Economic affairs","1971","30,804"
"13","Economic affairs","1972","34,544"
"13","Economic affairs","1973","34,948"
"13","Economic affairs","1974","37,295"
"13","Economic affairs","1975","43,910"
"13","Economic affairs","1976","46,184"
"13","Economic affairs","1977","51,216"
"13","Economic affairs","1978","58,929"
"13","Economic affairs","1979","62,130"
"13","Economic affairs","1980","71,645"
"13","Economic affairs","1981","81,406"
"13","Economic affairs","1982","86,748"
"13","Economic affairs","1983","98,080"
"13","Economic affairs","1984","96,572"
"13","Economic affairs","1985","103,769"
"13","Economic affairs","1986","113,835"
"13","Economic affairs","1987","117,852"
"13","Economic affairs","1988","112,765"
"13","Economic affairs","1989","119,054"
"13","Economic affairs","1990","125,725"
"13","Economic affairs","1991","129,619"
"13","Economic affairs","1992","139,141"
"13","Economic affairs","1993","147,173"
"13","Economic affairs","1994","147,851"
"13","Economic affairs","1995","151,654"
"13","Economic affairs","1996","154,952"
"13","Economic affairs","1997","162,771"
"13","Economic affairs","1998","167,896"
"13","Economic affairs","1999","187,417"
"13","Economic affairs","2000","201,259"
"13","Economic affairs","2001","221,804"
"13","Economic affairs","2002","218,803"
"13","Economic affairs","2003","231,409"
"13","Economic affairs","2004","235,952"
"13","Economic affairs","2005","255,799"
"13","Economic affairs","2006","261,641"
"13","Economic affairs","2007","275,689"
"13","Economic affairs","2008","291,614"
"13","Economic affairs","2009","305,152"
"13","Economic affairs","2010","315,325"
"13","Economic affairs","2011","306,425"
"13","Economic affairs","2012","311,491"
"13","Economic affairs","2013","313,783"
"13","Economic affairs","2014","314,754"
"13","Economic affairs","2015","320,320"
"13","Economic affairs","2016","325,583"
"13","Economic affairs","2017","331,900"
"13","Economic affairs","2018","352,399"
"13","Economic affairs","2019","372,359"
"13","Economic affairs","2020","1,034,387"
"13","Economic affairs","2021","977,417"
"13","Economic affairs","2022","461,997"
"13","Economic affairs","2023","475,333"
"13","Economic affairs","2024","493,922"
"14","Transportation","1959","5,791"
"14","Transportation","1960","6,090"
"14","Transportation","1961","6,514"
"14","Transportation","1962","6,882"
"14","Transportation","1963","7,243"
"14","Transportation","1964","7,642"
"14","Transportation","1965","8,091"
"14","Transportation","1966","8,759"
"14","Transportation","1967","9,517"
"14","Transportation","1968","10,243"
"14","Transportation","1969","11,270"
"14","Transportation","1970","12,627"
"14","Transportation","1971","13,933"
"14","Transportation","1972","15,037"
"14","Transportation","1973","16,588"
"14","Transportation","1974","19,708"
"14","Transportation","1975","22,582"
"14","Transportation","1976","23,539"
"14","Transportation","1977","25,250"
"14","Transportation","1978","27,436"
"14","Transportation","1979","30,208"
"14","Transportation","1980","34,194"
"14","Transportation","1981","37,491"
"14","Transportation","1982","40,557"
"14","Transportation","1983","42,524"
"14","Transportation","1984","44,253"
"14","Transportation","1985","46,641"
"14","Transportation","1986","48,224"
"14","Transportation","1987","49,797"
"14","Transportation","1988","52,309"
"14","Transportation","1989","54,314"
"14","Transportation","1990","57,589"
"14","Transportation","1991","61,238"
"14","Transportation","1992","64,405"
"14","Transportation","1993","66,685"
"14","Transportation","1994","70,404"
"14","Transportation","1995","72,273"
"14","Transportation","1996","74,960"
"14","Transportation","1997","79,298"
"14","Transportation","1998","80,362"
"14","Transportation","1999","85,349"
"14","Transportation","2000","90,234"
"14","Transportation","2001","100,716"
"14","Transportation","2002","104,737"
"14","Transportation","2003","113,546"
"14","Transportation","2004","114,888"
"14","Transportation","2005","123,641"
"14","Transportation","2006","132,359"
"14","Transportation","2007","141,093"
"14","Transportation","2008","152,250"
"14","Transportation","2009","154,630"
"14","Transportation","2010","158,077"
"14","Transportation","2011","163,814"
"14","Transportation","2012","167,607"
"14","Transportation","2013","171,020"
"14","Transportation","2014","175,228"
"14","Transportation","2015","178,028"
"14","Transportation","2016","178,514"
"14","Transportation","2017","183,927"
"14","Transportation","2018","193,558"
"14","Transportation","2019","200,941"
"14","Transportation","2020","217,580"
"14","Transportation","2021","235,544"
"14","Transportation","2022","257,902"
"14","Transportation","2023","253,086"
"14","Transportation","2024","262,560"
"15","Highways","1959","4,590"
"15","Highways","1960","4,815"
"15","Highways","1961","5,078"
"15","Highways","1962","5,368"
"15","Highways","1963","5,695"
"15","Highways","1964","6,005"
"15","Highways","1965","6,418"
"15","Highways","1966","6,967"
"15","Highways","1967","7,532"
"15","Highways","1968","8,172"
"15","Highways","1969","9,039"
"15","Highways","1970","10,028"
"15","Highways","1971","10,908"
"15","Highways","1972","11,668"
"15","Highways","1973","12,887"
"15","Highways","1974","15,558"
"15","Highways","1975","17,432"
"15","Highways","1976","17,937"
"15","Highways","1977","18,736"
"15","Highways","1978","20,392"
"15","Highways","1979","22,285"
"15","Highways","1980","25,233"
"15","Highways","1981","28,428"
"15","Highways","1982","31,130"
"15","Highways","1983","32,204"
"15","Highways","1984","33,414"
"15","Highways","1985","35,622"
"15","Highways","1986","37,913"
"15","Highways","1987","39,432"
"15","Highways","1988","40,895"
"15","Highways","1989","42,609"
"15","Highways","1990","45,434"
"15","Highways","1991","48,030"
"15","Highways","1992","50,120"
"15","Highways","1993","52,303"
"15","Highways","1994","55,440"
"15","Highways","1995","58,009"
"15","Highways","1996","60,449"
"15","Highways","1997","62,899"
"15","Highways","1998","65,526"
"15","Highways","1999","70,402"
"15","Highways","2000","74,829"
"15","Highways","2001","79,028"
"15","Highways","2002","82,654"
"15","Highways","2003","85,002"
"15","Highways","2004","89,048"
"15","Highways","2005","96,716"
"15","Highways","2006","104,114"
"15","Highways","2007","113,789"
"15","Highways","2008","121,623"
"15","Highways","2009","122,990"
"15","Highways","2010","123,502"
"15","Highways","2011","127,887"
"15","Highways","2012","131,995"
"15","Highways","2013","136,875"
"15","Highways","2014","140,588"
"15","Highways","2015","141,844"
"15","Highways","2016","142,678"
"15","Highways","2017","145,939"
"15","Highways","2018","153,675"
"15","Highways","2019","160,818"
"15","Highways","2020","161,329"
"15","Highways","2021","172,460"
"15","Highways","2022","188,103"
"15","Highways","2023","194,640"
"15","Highways","2024","202,831"
"16","Air","1959","497"
"16","Air","1960","531"
"16","Air","1961","661"
"16","Air","1962","689"
"16","Air","1963","691"
"16","Air","1964","759"
"16","Air","1965","743"
"16","Air","1966","820"
"16","Air","1967","881"
"16","Air","1968","896"
"16","Air","1969","1,027"
"16","Air","1970","1,297"
"16","Air","1971","1,492"
"16","Air","1972","1,522"
"16","Air","1973","1,626"
"16","Air","1974","1,808"
"16","Air","1975","1,910"
"16","Air","1976","2,047"
"16","Air","1977","2,198"
"16","Air","1978","2,317"
"16","Air","1979","2,393"
"16","Air","1980","2,558"
"16","Air","1981","2,691"
"16","Air","1982","2,650"
"16","Air","1983","3,430"
"16","Air","1984","3,644"
"16","Air","1985","4,076"
"16","Air","1986","4,113"
"16","Air","1987","3,986"
"16","Air","1988","4,484"
"16","Air","1989","4,834"
"16","Air","1990","5,094"
"16","Air","1991","5,422"
"16","Air","1992","6,118"
"16","Air","1993","6,064"
"16","Air","1994","5,970"
"16","Air","1995","5,752"
"16","Air","1996","6,147"
"16","Air","1997","8,099"
"16","Air","1998","7,768"
"16","Air","1999","7,858"
"16","Air","2000","7,889"
"16","Air","2001","13,950"
"16","Air","2002","13,439"
"16","Air","2003","18,210"
"16","Air","2004","14,987"
"16","Air","2005","15,339"
"16","Air","2006","16,286"
"16","Air","2007","16,235"
"16","Air","2008","17,861"
"16","Air","2009","18,017"
"16","Air","2010","19,183"
"16","Air","2011","20,000"
"16","Air","2012","20,407"
"16","Air","2013","19,486"
"16","Air","2014","19,802"
"16","Air","2015","21,513"
"16","Air","2016","21,573"
"16","Air","2017","22,598"
"16","Air","2018","24,042"
"16","Air","2019","23,723"
"16","Air","2020","22,989"
"16","Air","2021","26,087"
"16","Air","2022","27,327"
"16","Air","2023","28,533"
"16","Air","2024","30,604"
"17","Water","1959","704"
"17","Water","1960","744"
"17","Water","1961","775"
"17","Water","1962","825"
"17","Water","1963","845"
"17","Water","1964","868"
"17","Water","1965","912"
"17","Water","1966","948"
"17","Water","1967","1,078"
"17","Water","1968","1,128"
"17","Water","1969","1,146"
"17","Water","1970","1,227"
"17","Water","1971","1,383"
"17","Water","1972","1,531"
"17","Water","1973","1,687"
"17","Water","1974","1,881"
"17","Water","1975","2,011"
"17","Water","1976","2,087"
"17","Water","1977","2,329"
"17","Water","1978","2,594"
"17","Water","1979","2,980"
"17","Water","1980","3,301"
"17","Water","1981","3,605"
"17","Water","1982","3,892"
"17","Water","1983","4,404"
"17","Water","1984","4,701"
"17","Water","1985","4,737"
"17","Water","1986","4,417"
"17","Water","1987","4,552"
"17","Water","1988","4,897"
"17","Water","1989","4,979"
"17","Water","1990","5,346"
"17","Water","1991","5,973"
"17","Water","1992","5,954"
"17","Water","1993","6,065"
"17","Water","1994","6,188"
"17","Water","1995","5,984"
"17","Water","1996","6,066"
"17","Water","1997","5,991"
"17","Water","1998","5,446"
"17","Water","1999","5,767"
"17","Water","2000","6,094"
"17","Water","2001","6,313"
"17","Water","2002","6,523"
"17","Water","2003","8,356"
"17","Water","2004","8,657"
"17","Water","2005","9,271"
"17","Water","2006","9,831"
"17","Water","2007","9,089"
"17","Water","2008","10,572"
"17","Water","2009","10,954"
"17","Water","2010","12,040"
"17","Water","2011","12,977"
"17","Water","2012","12,745"
"17","Water","2013","12,275"
"17","Water","2014","12,523"
"17","Water","2015","12,234"
"17","Water","2016","11,711"
"17","Water","2017","12,522"
"17","Water","2018","12,762"
"17","Water","2019","13,746"
"17","Water","2020","13,078"
"17","Water","2021","14,715"
"17","Water","2022","16,552"
"17","Water","2023","17,166"
"17","Water","2024","18,209"
"18","Transit and railroad","1959","0"
"18","Transit and railroad","1960","0"
"18","Transit and railroad","1961","0"
"18","Transit and railroad","1962","0"
"18","Transit and railroad","1963","12"
"18","Transit and railroad","1964","10"
"18","Transit and railroad","1965","18"
"18","Transit and railroad","1966","24"
"18","Transit and railroad","1967","26"
"18","Transit and railroad","1968","47"
"18","Transit and railroad","1969","58"
"18","Transit and railroad","1970","75"
"18","Transit and railroad","1971","150"
"18","Transit and railroad","1972","316"
"18","Transit and railroad","1973","388"
"18","Transit and railroad","1974","461"
"18","Transit and railroad","1975","1,229"
"18","Transit and railroad","1976","1,468"
"18","Transit and railroad","1977","1,987"
"18","Transit and railroad","1978","2,133"
"18","Transit and railroad","1979","2,550"
"18","Transit and railroad","1980","3,102"
"18","Transit and railroad","1981","2,767"
"18","Transit and railroad","1982","2,885"
"18","Transit and railroad","1983","2,486"
"18","Transit and railroad","1984","2,494"
"18","Transit and railroad","1985","2,206"
"18","Transit and railroad","1986","1,781"
"18","Transit and railroad","1987","1,827"
"18","Transit and railroad","1988","2,033"
"18","Transit and railroad","1989","1,892"
"18","Transit and railroad","1990","1,715"
"18","Transit and railroad","1991","1,813"
"18","Transit and railroad","1992","2,213"
"18","Transit and railroad","1993","2,253"
"18","Transit and railroad","1994","2,806"
"18","Transit and railroad","1995","2,528"
"18","Transit and railroad","1996","2,298"
"18","Transit and railroad","1997","2,309"
"18","Transit and railroad","1998","1,622"
"18","Transit and railroad","1999","1,321"
"18","Transit and railroad","2000","1,422"
"18","Transit and railroad","2001","1,424"
"18","Transit and railroad","2002","2,121"
"18","Transit and railroad","2003","1,978"
"18","Transit and railroad","2004","2,196"
"18","Transit and railroad","2005","2,315"
"18","Transit and railroad","2006","2,127"
"18","Transit and railroad","2007","1,980"
"18","Transit and railroad","2008","2,194"
"18","Transit and railroad","2009","2,669"
"18","Transit and railroad","2010","3,353"
"18","Transit and railroad","2011","2,950"
"18","Transit and railroad","2012","2,460"
"18","Transit and railroad","2013","2,383"
"18","Transit and railroad","2014","2,315"
"18","Transit and railroad","2015","2,437"
"18","Transit and railroad","2016","2,553"
"18","Transit and railroad","2017","2,867"
"18","Transit and railroad","2018","3,079"
"18","Transit and railroad","2019","2,654"
"18","Transit and railroad","2020","20,185"
"18","Transit and railroad","2021","22,282"
"18","Transit and railroad","2022","25,919"
"18","Transit and railroad","2023","12,748"
"18","Transit and railroad","2024","10,916"
"19","Space","1959","150"
"19","Space","1960","323"
"19","Space","1961","444"
"19","Space","1962","928"
"19","Space","1963","1,801"
"19","Space","1964","2,307"
"19","Space","1965","2,713"
"19","Space","1966","2,614"
"19","Space","1967","1,933"
"19","Space","1968","1,925"
"19","Space","1969","1,758"
"19","Space","1970","2,181"
"19","Space","1971","2,556"
"19","Space","1972","2,631"
"19","Space","1973","2,552"
"19","Space","1974","3,223"
"19","Space","1975","3,589"
"19","Space","1976","3,387"
"19","Space","1977","3,383"
"19","Space","1978","3,455"
"19","Space","1979","3,805"
"19","Space","1980","4,713"
"19","Space","1981","5,412"
"19","Space","1982","6,070"
"19","Space","1983","7,048"
"19","Space","1984","7,335"
"19","Space","1985","7,607"
"19","Space","1986","7,252"
"19","Space","1987","7,806"
"19","Space","1988","8,909"
"19","Space","1989","10,409"
"19","Space","1990","11,599"
"19","Space","1991","12,015"
"19","Space","1992","12,109"
"19","Space","1993","12,814"
"19","Space","1994","12,460"
"19","Space","1995","12,701"
"19","Space","1996","13,467"
"19","Space","1997","14,303"
"19","Space","1998","12,338"
"19","Space","1999","12,074"
"19","Space","2000","12,575"
"19","Space","2001","13,040"
"19","Space","2002","12,431"
"19","Space","2003","13,289"
"19","Space","2004","14,598"
"19","Space","2005","14,690"
"19","Space","2006","14,710"
"19","Space","2007","16,913"
"19","Space","2008","18,899"
"19","Space","2009","19,875"
"19","Space","2010","19,006"
"19","Space","2011","16,983"
"19","Space","2012","15,825"
"19","Space","2013","15,194"
"19","Space","2014","15,703"
"19","Space","2015","15,355"
"19","Space","2016","14,978"
"19","Space","2017","14,518"
"19","Space","2018","15,685"
"19","Space","2019","16,591"
"19","Space","2020","17,584"
"19","Space","2021","19,156"
"19","Space","2022","19,993"
"19","Space","2023","21,999"
"19","Space","2024","21,230"
"20","Other economic affairs","1959","6,764"
"20","Other economic affairs","1960","4,985"
"20","Other economic affairs","1961","5,451"
"20","Other economic affairs","1962","6,636"
"20","Other economic affairs","1963","5,729"
"20","Other economic affairs","1964","6,637"
"20","Other economic affairs","1965","7,074"
"20","Other economic affairs","1966","7,867"
"20","Other economic affairs","1967","9,735"
"20","Other economic affairs","1968","11,197"
"20","Other economic affairs","1969","13,105"
"20","Other economic affairs","1970","13,181"
"20","Other economic affairs","1971","14,315"
"20","Other economic affairs","1972","16,877"
"20","Other economic affairs","1973","15,808"
"20","Other economic affairs","1974","14,364"
"20","Other economic affairs","1975","17,738"
"20","Other economic affairs","1976","19,258"
"20","Other economic affairs","1977","22,583"
"20","Other economic affairs","1978","28,038"
"20","Other economic affairs","1979","28,117"
"20","Other economic affairs","1980","32,738"
"20","Other economic affairs","1981","38,503"
"20","Other economic affairs","1982","40,121"
"20","Other economic affairs","1983","48,508"
"20","Other economic affairs","1984","44,984"
"20","Other economic affairs","1985","49,521"
"20","Other economic affairs","1986","58,359"
"20","Other economic affairs","1987","60,249"
"20","Other economic affairs","1988","51,546"
"20","Other economic affairs","1989","54,331"
"20","Other economic affairs","1990","56,538"
"20","Other economic affairs","1991","56,366"
"20","Other economic affairs","1992","62,628"
"20","Other economic affairs","1993","67,674"
"20","Other economic affairs","1994","64,988"
"20","Other economic affairs","1995","66,679"
"20","Other economic affairs","1996","66,525"
"20","Other economic affairs","1997","69,170"
"20","Other economic affairs","1998","75,196"
"20","Other economic affairs","1999","89,995"
"20","Other economic affairs","2000","98,450"
"20","Other economic affairs","2001","108,048"
"20","Other economic affairs","2002","101,635"
"20","Other economic affairs","2003","104,574"
"20","Other economic affairs","2004","106,466"
"20","Other economic affairs","2005","117,468"
"20","Other economic affairs","2006","114,572"
"20","Other economic affairs","2007","117,684"
"20","Other economic affairs","2008","120,466"
"20","Other economic affairs","2009","130,647"
"20","Other economic affairs","2010","138,241"
"20","Other economic affairs","2011","125,627"
"20","Other economic affairs","2012","128,057"
"20","Other economic affairs","2013","127,569"
"20","Other economic affairs","2014","123,823"
"20","Other economic affairs","2015","126,936"
"20","Other economic affairs","2016","132,092"
"20","Other economic affairs","2017","133,455"
"20","Other economic affairs","2018","143,156"
"20","Other economic affairs","2019","154,827"
"20","Other economic affairs","2020","799,223"
"20","Other economic affairs","2021","722,716"
"20","Other economic affairs","2022","184,102"
"20","Other economic affairs","2023","200,248"
"20","Other economic affairs","2024","210,132"
"21","General economic and labor affairs","1959","1,234"
"21","General economic and labor affairs","1960","1,487"
"21","General economic and labor affairs","1961","1,731"
"21","General economic and labor affairs","1962","2,064"
"21","General economic and labor affairs","1963","2,277"
"21","General economic and labor affairs","1964","2,280"
"21","General economic and labor affairs","1965","2,804"
"21","General economic and labor affairs","1966","3,552"
"21","General economic and labor affairs","1967","4,312"
"21","General economic and labor affairs","1968","4,316"
"21","General economic and labor affairs","1969","4,470"
"21","General economic and labor affairs","1970","4,788"
"21","General economic and labor affairs","1971","5,922"
"21","General economic and labor affairs","1972","6,672"
"21","General economic and labor affairs","1973","7,180"
"21","General economic and labor affairs","1974","6,977"
"21","General economic and labor affairs","1975","7,605"
"21","General economic and labor affairs","1976","8,800"
"21","General economic and labor affairs","1977","9,570"
"21","General economic and labor affairs","1978","11,438"
"21","General economic and labor affairs","1979","12,428"
"21","General economic and labor affairs","1980","14,553"
"21","General economic and labor affairs","1981","14,031"
"21","General economic and labor affairs","1982","13,778"
"21","General economic and labor affairs","1983","12,875"
"21","General economic and labor affairs","1984","13,530"
"21","General economic and labor affairs","1985","15,054"
"21","General economic and labor affairs","1986","15,779"
"21","General economic and labor affairs","1987","17,236"
"21","General economic and labor affairs","1988","17,920"
"21","General economic and labor affairs","1989","20,262"
"21","General economic and labor affairs","1990","23,773"
"21","General economic and labor affairs","1991","21,647"
"21","General economic and labor affairs","1992","24,179"
"21","General economic and labor affairs","1993","21,610"
"21","General economic and labor affairs","1994","21,856"
"21","General economic and labor affairs","1995","23,554"
"21","General economic and labor affairs","1996","24,588"
"21","General economic and labor affairs","1997","25,538"
"21","General economic and labor affairs","1998","25,517"
"21","General economic and labor affairs","1999","27,690"
"21","General economic and labor affairs","2000","31,959"
"21","General economic and labor affairs","2001","32,181"
"21","General economic and labor affairs","2002","35,805"
"21","General economic and labor affairs","2003","35,066"
"21","General economic and labor affairs","2004","37,191"
"21","General economic and labor affairs","2005","38,319"
"21","General economic and labor affairs","2006","40,150"
"21","General economic and labor affairs","2007","42,952"
"21","General economic and labor affairs","2008","46,635"
"21","General economic and labor affairs","2009","55,732"
"21","General economic and labor affairs","2010","52,671"
"21","General economic and labor affairs","2011","50,514"
"21","General economic and labor affairs","2012","52,024"
"21","General economic and labor affairs","2013","53,520"
"21","General economic and labor affairs","2014","52,126"
"21","General economic and labor affairs","2015","51,250"
"21","General economic and labor affairs","2016","52,887"
"21","General economic and labor affairs","2017","55,617"
"21","General economic and labor affairs","2018","61,882"
"21","General economic and labor affairs","2019","64,523"
"21","General economic and labor affairs","2020","677,438"
"21","General economic and labor affairs","2021","615,265"
"21","General economic and labor affairs","2022","101,157"
"21","General economic and labor affairs","2023","94,997"
"21","General economic and labor affairs","2024","87,477"
"22","Agriculture","1959","4,576"
"22","Agriculture","1960","2,678"
"22","Agriculture","1961","2,778"
"22","Agriculture","1962","3,768"
"22","Agriculture","1963","2,988"
"22","Agriculture","1964","3,567"
"22","Agriculture","1965","3,582"
"22","Agriculture","1966","3,461"
"22","Agriculture","1967","3,861"
"22","Agriculture","1968","5,567"
"22","Agriculture","1969","6,823"
"22","Agriculture","1970","6,066"
"22","Agriculture","1971","5,709"
"22","Agriculture","1972","7,044"
"22","Agriculture","1973","5,522"
"22","Agriculture","1974","3,182"
"22","Agriculture","1975","4,376"
"22","Agriculture","1976","4,327"
"22","Agriculture","1977","5,587"
"22","Agriculture","1978","7,377"
"22","Agriculture","1979","6,065"
"22","Agriculture","1980","8,044"
"22","Agriculture","1981","8,805"
"22","Agriculture","1982","12,706"
"22","Agriculture","1983","20,343"
"22","Agriculture","1984","15,931"
"22","Agriculture","1985","19,292"
"22","Agriculture","1986","28,140"
"22","Agriculture","1987","27,555"
"22","Agriculture","1988","18,142"
"22","Agriculture","1989","18,962"
"22","Agriculture","1990","16,883"
"22","Agriculture","1991","17,718"
"22","Agriculture","1992","19,717"
"22","Agriculture","1993","23,731"
"22","Agriculture","1994","17,432"
"22","Agriculture","1995","16,381"
"22","Agriculture","1996","16,574"
"22","Agriculture","1997","18,348"
"22","Agriculture","1998","22,959"
"22","Agriculture","1999","33,999"
"22","Agriculture","2000","36,515"
"22","Agriculture","2001","37,045"
"22","Agriculture","2002","27,781"
"22","Agriculture","2003","31,023"
"22","Agriculture","2004","27,247"
"22","Agriculture","2005","38,428"
"22","Agriculture","2006","32,069"
"22","Agriculture","2007","26,970"
"22","Agriculture","2008","27,505"
"22","Agriculture","2009","26,623"
"22","Agriculture","2010","30,427"
"22","Agriculture","2011","25,745"
"22","Agriculture","2012","25,745"
"22","Agriculture","2013","25,775"
"22","Agriculture","2014","24,706"
"22","Agriculture","2015","26,185"
"22","Agriculture","2016","27,764"
"22","Agriculture","2017","27,682"
"22","Agriculture","2018","30,991"
"22","Agriculture","2019","40,120"
"22","Agriculture","2020","65,031"
"22","Agriculture","2021","47,623"
"22","Agriculture","2022","36,935"
"22","Agriculture","2023","36,667"
"22","Agriculture","2024","35,368"
"23","Energy","1959","361"
"23","Energy","1960","343"
"23","Energy","1961","435"
"23","Energy","1962","375"
"23","Energy","1963","169"
"23","Energy","1964","257"
"23","Energy","1965","201"
"23","Energy","1966","179"
"23","Energy","1967","449"
"23","Energy","1968","344"
"23","Energy","1969","453"
"23","Energy","1970","461"
"23","Energy","1971","590"
"23","Energy","1972","743"
"23","Energy","1973","699"
"23","Energy","1974","1,439"
"23","Energy","1975","2,309"
"23","Energy","1976","2,734"
"23","Energy","1977","3,744"
"23","Energy","1978","5,227"
"23","Energy","1979","4,491"
"23","Energy","1980","4,454"
"23","Energy","1981","8,652"
"23","Energy","1982","6,101"
"23","Energy","1983","6,802"
"23","Energy","1984","6,815"
"23","Energy","1985","6,244"
"23","Energy","1986","5,205"
"23","Energy","1987","5,507"
"23","Energy","1988","5,479"
"23","Energy","1989","4,827"
"23","Energy","1990","4,963"
"23","Energy","1991","4,661"
"23","Energy","1992","5,657"
"23","Energy","1993","9,910"
"23","Energy","1994","9,905"
"23","Energy","1995","11,184"
"23","Energy","1996","9,068"
"23","Energy","1997","8,743"
"23","Energy","1998","7,185"
"23","Energy","1999","8,603"
"23","Energy","2000","7,516"
"23","Energy","2001","14,769"
"23","Energy","2002","11,347"
"23","Energy","2003","12,908"
"23","Energy","2004","14,019"
"23","Energy","2005","11,987"
"23","Energy","2006","12,893"
"23","Energy","2007","12,923"
"23","Energy","2008","12,611"
"23","Energy","2009","14,172"
"23","Energy","2010","18,685"
"23","Energy","2011","13,681"
"23","Energy","2012","14,503"
"23","Energy","2013","14,241"
"23","Energy","2014","13,407"
"23","Energy","2015","14,599"
"23","Energy","2016","14,130"
"23","Energy","2017","12,633"
"23","Energy","2018","13,082"
"23","Energy","2019","11,989"
"23","Energy","2020","15,591"
"23","Energy","2021","12,743"
"23","Energy","2022","-5,369"
"23","Energy","2023","15,422"
"23","Energy","2024","24,063"
"24","Natural resources","1959","593"
"24","Natural resources","1960","473"
"24","Natural resources","1961","521"
"24","Natural resources","1962","445"
"24","Natural resources","1963","287"
"24","Natural resources","1964","507"
"24","Natural resources","1965","472"
"24","Natural resources","1966","660"
"24","Natural resources","1967","1,100"
"24","Natural resources","1968","975"
"24","Natural resources","1969","1,352"
"24","Natural resources","1970","1,878"
"24","Natural resources","1971","2,127"
"24","Natural resources","1972","2,432"
"24","Natural resources","1973","2,403"
"24","Natural resources","1974","2,762"
"24","Natural resources","1975","3,457"
"24","Natural resources","1976","3,427"
"24","Natural resources","1977","3,694"
"24","Natural resources","1978","3,993"
"24","Natural resources","1979","5,152"
"24","Natural resources","1980","5,716"
"24","Natural resources","1981","7,045"
"24","Natural resources","1982","7,548"
"24","Natural resources","1983","8,584"
"24","Natural resources","1984","8,723"
"24","Natural resources","1985","9,457"
"24","Natural resources","1986","9,470"
"24","Natural resources","1987","9,813"
"24","Natural resources","1988","10,546"
"24","Natural resources","1989","10,818"
"24","Natural resources","1990","11,597"
"24","Natural resources","1991","12,871"
"24","Natural resources","1992","13,378"
"24","Natural resources","1993","12,485"
"24","Natural resources","1994","15,862"
"24","Natural resources","1995","15,556"
"24","Natural resources","1996","16,279"
"24","Natural resources","1997","16,523"
"24","Natural resources","1998","19,517"
"24","Natural resources","1999","19,671"
"24","Natural resources","2000","22,426"
"24","Natural resources","2001","24,028"
"24","Natural resources","2002","26,709"
"24","Natural resources","2003","25,438"
"24","Natural resources","2004","27,725"
"24","Natural resources","2005","28,476"
"24","Natural resources","2006","29,414"
"24","Natural resources","2007","34,941"
"24","Natural resources","2008","33,822"
"24","Natural resources","2009","34,246"
"24","Natural resources","2010","36,593"
"24","Natural resources","2011","35,818"
"24","Natural resources","2012","36,155"
"24","Natural resources","2013","34,178"
"24","Natural resources","2014","33,741"
"24","Natural resources","2015","35,154"
"24","Natural resources","2016","37,738"
"24","Natural resources","2017","38,015"
"24","Natural resources","2018","37,710"
"24","Natural resources","2019","38,707"
"24","Natural resources","2020","41,708"
"24","Natural resources","2021","47,677"
"24","Natural resources","2022","51,989"
"24","Natural resources","2023","53,920"
"24","Natural resources","2024","64,026"
"25","Postal service","1959","0"
"25","Postal service","1960","0"
"25","Postal service","1961","0"
"25","Postal service","1962","0"
"25","Postal service","1963","0"
"25","Postal service","1964","0"
"25","Postal service","1965","0"
"25","Postal service","1966","0"
"25","Postal service","1967","0"
"25","Postal service","1968","0"
"25","Postal service","1969","0"
"25","Postal service","1970","0"
"25","Postal service","1971","0"
"25","Postal service","1972","0"
"25","Postal service","1973","0"
"25","Postal service","1974","0"
"25","Postal service","1975","0"
"25","Postal service","1976","0"
"25","Postal service","1977","0"
"25","Postal service","1978","0"
"25","Postal service","1979","0"
"25","Postal service","1980","0"
"25","Postal service","1981","0"
"25","Postal service","1982","0"
"25","Postal service","1983","-72"
"25","Postal service","1984","-11"
"25","Postal service","1985","-550"
"25","Postal service","1986","-271"
"25","Postal service","1987","133"
"25","Postal service","1988","-527"
"25","Postal service","1989","-542"
"25","Postal service","1990","-671"
"25","Postal service","1991","-523"
"25","Postal service","1992","-304"
"25","Postal service","1993","0"
"25","Postal service","1994","0"
"25","Postal service","1995","0"
"25","Postal service","1996","0"
"25","Postal service","1997","0"
"25","Postal service","1998","-17"
"25","Postal service","1999","-23"
"25","Postal service","2000","-6"
"25","Postal service","2001","-9"
"25","Postal service","2002","-41"
"25","Postal service","2003","-41"
"25","Postal service","2004","-36"
"25","Postal service","2005","-30"
"25","Postal service","2006","-42"
"25","Postal service","2007","-47"
"25","Postal service","2008","-65"
"25","Postal service","2009","-64"
"25","Postal service","2010","-70"
"25","Postal service","2011","-56"
"25","Postal service","2012","-51"
"25","Postal service","2013","-35"
"25","Postal service","2014","-17"
"25","Postal service","2015","-18"
"25","Postal service","2016","-19"
"25","Postal service","2017","-32"
"25","Postal service","2018","-29"
"25","Postal service","2019","-18"
"25","Postal service","2020","-29"
"25","Postal service","2021","-57"
"25","Postal service","2022","-31"
"25","Postal service","2023","-150"
"25","Postal service","2024","-177"
"26","Other","1959","0"
"26","Other","1960","4"
"26","Other","1961","-13"
"26","Other","1962","-16"
"26","Other","1963","8"
"26","Other","1964","25"
"26","Other","1965","14"
"26","Other","1966","15"
"26","Other","1967","13"
"26","Other","1968","-4"
"26","Other","1969","8"
"26","Other","1970","-11"
"26","Other","1971","-33"
"26","Other","1972","-15"
"26","Other","1973","3"
"26","Other","1974","3"
"26","Other","1975","-9"
"26","Other","1976","-30"
"26","Other","1977","-12"
"26","Other","1978","3"
"26","Other","1979","-18"
"26","Other","1980","-29"
"26","Other","1981","-30"
"26","Other","1982","-12"
"26","Other","1983","-24"
"26","Other","1984","-3"
"26","Other","1985","25"
"26","Other","1986","37"
"26","Other","1987","6"
"26","Other","1988","-15"
"26","Other","1989","4"
"26","Other","1990","-7"
"26","Other","1991","-8"
"26","Other","1992","1"
"26","Other","1993","-62"
"26","Other","1994","-67"
"26","Other","1995","3"
"26","Other","1996","16"
"26","Other","1997","19"
"26","Other","1998","35"
"26","Other","1999","54"
"26","Other","2000","40"
"26","Other","2001","34"
"26","Other","2002","34"
"26","Other","2003","180"
"26","Other","2004","320"
"26","Other","2005","289"
"26","Other","2006","88"
"26","Other","2007","-54"
"26","Other","2008","-44"
"26","Other","2009","-64"
"26","Other","2010","-66"
"26","Other","2011","-75"
"26","Other","2012","-318"
"26","Other","2013","-110"
"26","Other","2014","-140"
"26","Other","2015","-234"
"26","Other","2016","-410"
"26","Other","2017","-460"
"26","Other","2018","-480"
"26","Other","2019","-495"
"26","Other","2020","-517"
"26","Other","2021","-534"
"26","Other","2022","-579"
"26","Other","2023","-608"
"26","Other","2024","-625"
"27","Housing and community services","1959","724"
"27","Housing and community services","1960","784"
"27","Housing and community services","1961","837"
"27","Housing and community services","1962","919"
"27","Housing and community services","1963","987"
"27","Housing and community services","1964","1,052"
"27","Housing and community services","1965","1,073"
"27","Housing and community services","1966","1,182"
"27","Housing and community services","1967","1,337"
"27","Housing and community services","1968","1,429"
"27","Housing and community services","1969","1,565"
"27","Housing and community services","1970","2,038"
"27","Housing and community services","1971","2,723"
"27","Housing and community services","1972","3,244"
"27","Housing and community services","1973","3,624"
"27","Housing and community services","1974","4,236"
"27","Housing and community services","1975","4,735"
"27","Housing and community services","1976","5,094"
"27","Housing and community services","1977","5,641"
"27","Housing and community services","1978","6,472"
"27","Housing and community services","1979","7,483"
"27","Housing and community services","1980","8,699"
"27","Housing and community services","1981","10,239"
"27","Housing and community services","1982","12,119"
"27","Housing and community services","1983","12,986"
"27","Housing and community services","1984","13,696"
"27","Housing and community services","1985","15,120"
"27","Housing and community services","1986","15,552"
"27","Housing and community services","1987","15,965"
"27","Housing and community services","1988","17,675"
"27","Housing and community services","1989","19,522"
"27","Housing and community services","1990","21,397"
"27","Housing and community services","1991","23,406"
"27","Housing and community services","1992","25,058"
"27","Housing and community services","1993","27,735"
"27","Housing and community services","1994","28,480"
"27","Housing and community services","1995","30,898"
"27","Housing and community services","1996","31,972"
"27","Housing and community services","1997","30,974"
"27","Housing and community services","1998","30,107"
"27","Housing and community services","1999","30,225"
"27","Housing and community services","2000","27,944"
"27","Housing and community services","2001","30,244"
"27","Housing and community services","2002","34,644"
"27","Housing and community services","2003","37,104"
"27","Housing and community services","2004","38,845"
"27","Housing and community services","2005","43,287"
"27","Housing and community services","2006","41,584"
"27","Housing and community services","2007","48,364"
"27","Housing and community services","2008","44,698"
"27","Housing and community services","2009","46,103"
"27","Housing and community services","2010","46,150"
"27","Housing and community services","2011","47,145"
"27","Housing and community services","2012","46,181"
"27","Housing and community services","2013","46,071"
"27","Housing and community services","2014","45,746"
"27","Housing and community services","2015","47,073"
"27","Housing and community services","2016","50,277"
"27","Housing and community services","2017","50,055"
"27","Housing and community services","2018","52,403"
"27","Housing and community services","2019","54,768"
"27","Housing and community services","2020","58,760"
"27","Housing and community services","2021","62,421"
"27","Housing and community services","2022","64,510"
"27","Housing and community services","2023","71,077"
"27","Housing and community services","2024","78,549"
"28","Health","1959","5,208"
"28","Health","1960","5,474"
"28","Health","1961","6,293"
"28","Health","1962","6,453"
"28","Health","1963","6,960"
"28","Health","1964","7,323"
"28","Health","1965","7,770"
"28","Health","1966","9,996"
"28","Health","1967","15,142"
"28","Health","1968","18,526"
"28","Health","1969","21,015"
"28","Health","1970","24,099"
"28","Health","1971","27,486"
"28","Health","1972","31,303"
"28","Health","1973","35,869"
"28","Health","1974","42,064"
"28","Health","1975","49,964"
"28","Health","1976","55,345"
"28","Health","1977","62,182"
"28","Health","1978","69,989"
"28","Health","1979","78,332"
"28","Health","1980","91,563"
"28","Health","1981","105,389"
"28","Health","1982","117,033"
"28","Health","1983","129,268"
"28","Health","1984","142,152"
"28","Health","1985","153,499"
"28","Health","1986","164,840"
"28","Health","1987","178,162"
"28","Health","1988","192,906"
"28","Health","1989","216,937"
"28","Health","1990","244,679"
"28","Health","1991","281,633"
"28","Health","1992","318,564"
"28","Health","1993","346,730"
"28","Health","1994","373,266"
"28","Health","1995","402,389"
"28","Health","1996","427,580"
"28","Health","1997","445,926"
"28","Health","1998","451,874"
"28","Health","1999","471,600"
"28","Health","2000","501,451"
"28","Health","2001","564,098"
"28","Health","2002","613,993"
"28","Health","2003","654,163"
"28","Health","2004","713,600"
"28","Health","2005","767,955"
"28","Health","2006","835,208"
"28","Health","2007","904,496"
"28","Health","2008","969,668"
"28","Health","2009","1,042,549"
"28","Health","2010","1,097,711"
"28","Health","2011","1,138,146"
"28","Health","2012","1,170,335"
"28","Health","2013","1,216,179"
"28","Health","2014","1,317,133"
"28","Health","2015","1,414,158"
"28","Health","2016","1,480,806"
"28","Health","2017","1,532,455"
"28","Health","2018","1,615,517"
"28","Health","2019","1,722,035"
"28","Health","2020","1,932,726"
"28","Health","2021","2,064,227"
"28","Health","2022","2,217,493"
"28","Health","2023","2,371,362"
"28","Health","2024","2,566,153"
"29","Recreation and culture","1959","678"
"29","Recreation and culture","1960","740"
"29","Recreation and culture","1961","838"
"29","Recreation and culture","1962","856"
"29","Recreation and culture","1963","914"
"29","Recreation and culture","1964","969"
"29","Recreation and culture","1965","1,070"
"29","Recreation and culture","1966","1,150"
"29","Recreation and culture","1967","1,265"
"29","Recreation and culture","1968","1,472"
"29","Recreation and culture","1969","1,697"
"29","Recreation and culture","1970","1,886"
"29","Recreation and culture","1971","2,142"
"29","Recreation and culture","1972","2,377"
"29","Recreation and culture","1973","2,634"
"29","Recreation and culture","1974","3,124"
"29","Recreation and culture","1975","3,492"
"29","Recreation and culture","1976","3,782"
"29","Recreation and culture","1977","4,040"
"29","Recreation and culture","1978","4,569"
"29","Recreation and culture","1979","4,942"
"29","Recreation and culture","1980","5,415"
"29","Recreation and culture","1981","5,973"
"29","Recreation and culture","1982","6,303"
"29","Recreation and culture","1983","6,649"
"29","Recreation and culture","1984","7,703"
"29","Recreation and culture","1985","8,052"
"29","Recreation and culture","1986","8,709"
"29","Recreation and culture","1987","8,916"
"29","Recreation and culture","1988","9,581"
"29","Recreation and culture","1989","10,591"
"29","Recreation and culture","1990","11,656"
"29","Recreation and culture","1991","12,627"
"29","Recreation and culture","1992","13,494"
"29","Recreation and culture","1993","13,884"
"29","Recreation and culture","1994","14,813"
"29","Recreation and culture","1995","15,463"
"29","Recreation and culture","1996","15,920"
"29","Recreation and culture","1997","16,554"
"29","Recreation and culture","1998","17,454"
"29","Recreation and culture","1999","18,401"
"29","Recreation and culture","2000","20,299"
"29","Recreation and culture","2001","22,237"
"29","Recreation and culture","2002","24,363"
"29","Recreation and culture","2003","24,808"
"29","Recreation and culture","2004","26,058"
"29","Recreation and culture","2005","27,711"
"29","Recreation and culture","2006","29,639"
"29","Recreation and culture","2007","31,358"
"29","Recreation and culture","2008","33,157"
"29","Recreation and culture","2009","33,597"
"29","Recreation and culture","2010","33,777"
"29","Recreation and culture","2011","32,719"
"29","Recreation and culture","2012","32,606"
"29","Recreation and culture","2013","33,768"
"29","Recreation and culture","2014","34,858"
"29","Recreation and culture","2015","35,986"
"29","Recreation and culture","2016","37,909"
"29","Recreation and culture","2017","39,197"
"29","Recreation and culture","2018","41,344"
"29","Recreation and culture","2019","43,936"
"29","Recreation and culture","2020","44,086"
"29","Recreation and culture","2021","45,149"
"29","Recreation and culture","2022","50,492"
"29","Recreation and culture","2023","52,695"
"29","Recreation and culture","2024","55,141"
"30","Education","1959","14,484"
"30","Education","1960","15,902"
"30","Education","1961","17,329"
"30","Education","1962","18,567"
"30","Education","1963","20,260"
"30","Education","1964","22,264"
"30","Education","1965","24,848"
"30","Education","1966","28,506"
"30","Education","1967","32,260"
"30","Education","1968","36,376"
"30","Education","1969","41,569"
"30","Education","1970","48,531"
"30","Education","1971","55,491"
"30","Education","1972","61,881"
"30","Education","1973","67,410"
"30","Education","1974","75,419"
"30","Education","1975","88,350"
"30","Education","1976","94,997"
"30","Education","1977","101,480"
"30","Education","1978","108,572"
"30","Education","1979","119,007"
"30","Education","1980","129,834"
"30","Education","1981","141,789"
"30","Education","1982","151,203"
"30","Education","1983","160,455"
"30","Education","1984","172,719"
"30","Education","1985","186,855"
"30","Education","1986","201,108"
"30","Education","1987","215,429"
"30","Education","1988","231,023"
"30","Education","1989","253,079"
"30","Education","1990","274,888"
"30","Education","1991","291,248"
"30","Education","1992","308,521"
"30","Education","1993","325,963"
"30","Education","1994","342,261"
"30","Education","1995","362,405"
"30","Education","1996","378,472"
"30","Education","1997","398,296"
"30","Education","1998","424,270"
"30","Education","1999","452,571"
"30","Education","2000","487,914"
"30","Education","2001","525,802"
"30","Education","2002","545,057"
"30","Education","2003","565,550"
"30","Education","2004","596,950"
"30","Education","2005","627,411"
"30","Education","2006","663,078"
"30","Education","2007","708,127"
"30","Education","2008","749,532"
"30","Education","2009","777,316"
"30","Education","2010","813,238"
"30","Education","2011","821,745"
"30","Education","2012","828,478"
"30","Education","2013","860,402"
"30","Education","2014","882,096"
"30","Education","2015","902,971"
"30","Education","2016","923,269"
"30","Education","2017","947,933"
"30","Education","2018","983,893"
"30","Education","2019","1,018,267"
"30","Education","2020","1,058,239"
"30","Education","2021","1,141,226"
"30","Education","2022","1,225,539"
"30","Education","2023","1,277,426"
"30","Education","2024","1,353,466"
"31","Elementary and secondary","1959","11,827"
"31","Elementary and secondary","1960","13,166"
"31","Elementary and secondary","1961","14,465"
"31","Elementary and secondary","1962","15,596"
"31","Elementary and secondary","1963","16,976"
"31","Elementary and secondary","1964","18,658"
"31","Elementary and secondary","1965","20,700"
"31","Elementary and secondary","1966","23,263"
"31","Elementary and secondary","1967","25,584"
"31","Elementary and secondary","1968","28,507"
"31","Elementary and secondary","1969","32,194"
"31","Elementary and secondary","1970","36,781"
"31","Elementary and secondary","1971","41,604"
"31","Elementary and secondary","1972","46,029"
"31","Elementary and secondary","1973","49,863"
"31","Elementary and secondary","1974","55,078"
"31","Elementary and secondary","1975","62,617"
"31","Elementary and secondary","1976","67,996"
"31","Elementary and secondary","1977","73,374"
"31","Elementary and secondary","1978","78,827"
"31","Elementary and secondary","1979","86,950"
"31","Elementary and secondary","1980","94,363"
"31","Elementary and secondary","1981","101,946"
"31","Elementary and secondary","1982","109,471"
"31","Elementary and secondary","1983","116,828"
"31","Elementary and secondary","1984","127,266"
"31","Elementary and secondary","1985","137,571"
"31","Elementary and secondary","1986","149,876"
"31","Elementary and secondary","1987","162,271"
"31","Elementary and secondary","1988","174,049"
"31","Elementary and secondary","1989","188,966"
"31","Elementary and secondary","1990","205,943"
"31","Elementary and secondary","1991","219,084"
"31","Elementary and secondary","1992","232,687"
"31","Elementary and secondary","1993","241,521"
"31","Elementary and secondary","1994","252,599"
"31","Elementary and secondary","1995","267,953"
"31","Elementary and secondary","1996","281,706"
"31","Elementary and secondary","1997","297,229"
"31","Elementary and secondary","1998","316,129"
"31","Elementary and secondary","1999","338,195"
"31","Elementary and secondary","2000","364,571"
"31","Elementary and secondary","2001","388,244"
"31","Elementary and secondary","2002","408,200"
"31","Elementary and secondary","2003","430,118"
"31","Elementary and secondary","2004","452,225"
"31","Elementary and secondary","2005","474,709"
"31","Elementary and secondary","2006","502,181"
"31","Elementary and secondary","2007","530,679"
"31","Elementary and secondary","2008","555,386"
"31","Elementary and secondary","2009","565,942"
"31","Elementary and secondary","2010","572,471"
"31","Elementary and secondary","2011","569,337"
"31","Elementary and secondary","2012","570,431"
"31","Elementary and secondary","2013","593,223"
"31","Elementary and secondary","2014","608,366"
"31","Elementary and secondary","2015","626,820"
"31","Elementary and secondary","2016","645,944"
"31","Elementary and secondary","2017","665,976"
"31","Elementary and secondary","2018","691,026"
"31","Elementary and secondary","2019","712,679"
"31","Elementary and secondary","2020","737,993"
"31","Elementary and secondary","2021","805,233"
"31","Elementary and secondary","2022","872,127"
"31","Elementary and secondary","2023","902,322"
"31","Elementary and secondary","2024","946,196"
"32","Higher","1959","1,459"
"32","Higher","1960","1,690"
"32","Higher","1961","1,848"
"32","Higher","1962","1,918"
"32","Higher","1963","2,100"
"32","Higher","1964","2,303"
"32","Higher","1965","2,597"
"32","Higher","1966","3,166"
"32","Higher","1967","4,115"
"32","Higher","1968","5,007"
"32","Higher","1969","5,881"
"32","Higher","1970","7,228"
"32","Higher","1971","8,360"
"32","Higher","1972","9,282"
"32","Higher","1973","10,200"
"32","Higher","1974","11,959"
"32","Higher","1975","14,936"
"32","Higher","1976","16,575"
"32","Higher","1977","18,392"
"32","Higher","1978","19,827"
"32","Higher","1979","22,092"
"32","Higher","1980","25,267"
"32","Higher","1981","28,884"
"32","Higher","1982","30,555"
"32","Higher","1983","32,229"
"32","Higher","1984","33,470"
"32","Higher","1985","36,433"
"32","Higher","1986","37,735"
"32","Higher","1987","39,032"
"32","Higher","1988","42,179"
"32","Higher","1989","47,715"
"32","Higher","1990","51,155"
"32","Higher","1991","52,837"
"32","Higher","1992","55,018"
"32","Higher","1993","60,383"
"32","Higher","1994","63,394"
"32","Higher","1995","65,818"
"32","Higher","1996","66,980"
"32","Higher","1997","70,460"
"32","Higher","1998","77,633"
"32","Higher","1999","81,692"
"32","Higher","2000","87,602"
"32","Higher","2001","97,622"
"32","Higher","2002","94,948"
"32","Higher","2003","91,470"
"32","Higher","2004","97,922"
"32","Higher","2005","102,563"
"32","Higher","2006","109,274"
"32","Higher","2007","123,693"
"32","Higher","2008","137,621"
"32","Higher","2009","151,315"
"32","Higher","2010","167,462"
"32","Higher","2011","173,044"
"32","Higher","2012","175,715"
"32","Higher","2013","182,722"
"32","Higher","2014","186,736"
"32","Higher","2015","188,235"
"32","Higher","2016","188,666"
"32","Higher","2017","190,209"
"32","Higher","2018","197,637"
"32","Higher","2019","203,873"
"32","Higher","2020","213,808"
"32","Higher","2021","220,210"
"32","Higher","2022","233,762"
"32","Higher","2023","254,667"
"32","Higher","2024","277,383"
"33","Libraries and other","1959","1,198"
"33","Libraries and other","1960","1,047"
"33","Libraries and other","1961","1,016"
"33","Libraries and other","1962","1,053"
"33","Libraries and other","1963","1,183"
"33","Libraries and other","1964","1,303"
"33","Libraries and other","1965","1,551"
"33","Libraries and other","1966","2,078"
"33","Libraries and other","1967","2,561"
"33","Libraries and other","1968","2,862"
"33","Libraries and other","1969","3,494"
"33","Libraries and other","1970","4,521"
"33","Libraries and other","1971","5,527"
"33","Libraries and other","1972","6,570"
"33","Libraries and other","1973","7,347"
"33","Libraries and other","1974","8,382"
"33","Libraries and other","1975","10,797"
"33","Libraries and other","1976","10,426"
"33","Libraries and other","1977","9,714"
"33","Libraries and other","1978","9,918"
"33","Libraries and other","1979","9,965"
"33","Libraries and other","1980","10,204"
"33","Libraries and other","1981","10,959"
"33","Libraries and other","1982","11,178"
"33","Libraries and other","1983","11,398"
"33","Libraries and other","1984","11,983"
"33","Libraries and other","1985","12,851"
"33","Libraries and other","1986","13,497"
"33","Libraries and other","1987","14,125"
"33","Libraries and other","1988","14,795"
"33","Libraries and other","1989","16,398"
"33","Libraries and other","1990","17,790"
"33","Libraries and other","1991","19,327"
"33","Libraries and other","1992","20,815"
"33","Libraries and other","1993","24,059"
"33","Libraries and other","1994","26,268"
"33","Libraries and other","1995","28,635"
"33","Libraries and other","1996","29,786"
"33","Libraries and other","1997","30,607"
"33","Libraries and other","1998","30,507"
"33","Libraries and other","1999","32,681"
"33","Libraries and other","2000","35,738"
"33","Libraries and other","2001","39,932"
"33","Libraries and other","2002","41,910"
"33","Libraries and other","2003","43,965"
"33","Libraries and other","2004","46,808"
"33","Libraries and other","2005","50,146"
"33","Libraries and other","2006","51,621"
"33","Libraries and other","2007","53,755"
"33","Libraries and other","2008","56,525"
"33","Libraries and other","2009","60,059"
"33","Libraries and other","2010","73,304"
"33","Libraries and other","2011","79,363"
"33","Libraries and other","2012","82,332"
"33","Libraries and other","2013","84,457"
"33","Libraries and other","2014","86,995"
"33","Libraries and other","2015","87,916"
"33","Libraries and other","2016","88,659"
"33","Libraries and other","2017","91,748"
"33","Libraries and other","2018","95,229"
"33","Libraries and other","2019","101,715"
"33","Libraries and other","2020","106,439"
"33","Libraries and other","2021","115,784"
"33","Libraries and other","2022","119,649"
"33","Libraries and other","2023","120,437"
"33","Libraries and other","2024","129,888"
"34","Libraries","1959","256"
"34","Libraries","1960","264"
"34","Libraries","1961","292"
"34","Libraries","1962","309"
"34","Libraries","1963","370"
"34","Libraries","1964","381"
"34","Libraries","1965","419"
"34","Libraries","1966","465"
"34","Libraries","1967","476"
"34","Libraries","1968","523"
"34","Libraries","1969","579"
"34","Libraries","1970","650"
"34","Libraries","1971","721"
"34","Libraries","1972","801"
"34","Libraries","1973","872"
"34","Libraries","1974","976"
"34","Libraries","1975","1,096"
"34","Libraries","1976","1,160"
"34","Libraries","1977","1,240"
"34","Libraries","1978","1,348"
"34","Libraries","1979","1,476"
"34","Libraries","1980","1,619"
"34","Libraries","1981","1,797"
"34","Libraries","1982","2,003"
"34","Libraries","1983","2,139"
"34","Libraries","1984","2,344"
"34","Libraries","1985","2,609"
"34","Libraries","1986","2,836"
"34","Libraries","1987","3,042"
"34","Libraries","1988","3,285"
"34","Libraries","1989","3,592"
"34","Libraries","1990","3,907"
"34","Libraries","1991","4,220"
"34","Libraries","1992","4,503"
"34","Libraries","1993","4,599"
"34","Libraries","1994","4,871"
"34","Libraries","1995","5,133"
"34","Libraries","1996","5,479"
"34","Libraries","1997","5,865"
"34","Libraries","1998","6,174"
"34","Libraries","1999","6,617"
"34","Libraries","2000","7,124"
"34","Libraries","2001","7,620"
"34","Libraries","2002","8,002"
"34","Libraries","2003","8,321"
"34","Libraries","2004","8,920"
"34","Libraries","2005","9,359"
"34","Libraries","2006","9,843"
"34","Libraries","2007","10,564"
"34","Libraries","2008","10,792"
"34","Libraries","2009","10,677"
"34","Libraries","2010","10,636"
"34","Libraries","2011","10,928"
"34","Libraries","2012","10,873"
"34","Libraries","2013","11,149"
"34","Libraries","2014","11,354"
"34","Libraries","2015","11,627"
"34","Libraries","2016","11,903"
"34","Libraries","2017","12,239"
"34","Libraries","2018","12,590"
"34","Libraries","2019","12,976"
"34","Libraries","2020","12,870"
"34","Libraries","2021","12,959"
"34","Libraries","2022","13,556"
"34","Libraries","2023","13,980"
"34","Libraries","2024","14,727"
"35","Other","1959","942"
"35","Other","1960","782"
"35","Other","1961","723"
"35","Other","1962","744"
"35","Other","1963","814"
"35","Other","1964","922"
"35","Other","1965","1,132"
"35","Other","1966","1,612"
"35","Other","1967","2,085"
"35","Other","1968","2,339"
"35","Other","1969","2,915"
"35","Other","1970","3,870"
"35","Other","1971","4,806"
"35","Other","1972","5,769"
"35","Other","1973","6,475"
"35","Other","1974","7,407"
"35","Other","1975","9,701"
"35","Other","1976","9,266"
"35","Other","1977","8,474"
"35","Other","1978","8,570"
"35","Other","1979","8,489"
"35","Other","1980","8,585"
"35","Other","1981","9,162"
"35","Other","1982","9,174"
"35","Other","1983","9,259"
"35","Other","1984","9,639"
"35","Other","1985","10,241"
"35","Other","1986","10,661"
"35","Other","1987","11,083"
"35","Other","1988","11,510"
"35","Other","1989","12,806"
"35","Other","1990","13,883"
"35","Other","1991","15,107"
"35","Other","1992","16,312"
"35","Other","1993","19,460"
"35","Other","1994","21,397"
"35","Other","1995","23,502"
"35","Other","1996","24,307"
"35","Other","1997","24,742"
"35","Other","1998","24,334"
"35","Other","1999","26,066"
"35","Other","2000","28,617"
"35","Other","2001","32,317"
"35","Other","2002","33,907"
"35","Other","2003","35,641"
"35","Other","2004","37,883"
"35","Other","2005","40,779"
"35","Other","2006","41,779"
"35","Other","2007","43,191"
"35","Other","2008","45,733"
"35","Other","2009","49,382"
"35","Other","2010","62,669"
"35","Other","2011","68,435"
"35","Other","2012","71,459"
"35","Other","2013","73,308"
"35","Other","2014","75,641"
"35","Other","2015","76,289"
"35","Other","2016","76,756"
"35","Other","2017","79,509"
"35","Other","2018","82,639"
"35","Other","2019","88,740"
"35","Other","2020","93,568"
"35","Other","2021","102,825"
"35","Other","2022","106,093"
"35","Other","2023","106,457"
"35","Other","2024","115,160"
"36","Income security","1959","21,874"
"36","Income security","1960","23,575"
"36","Income security","1961","27,049"
"36","Income security","1962","28,067"
"36","Income security","1963","29,389"
"36","Income security","1964","30,366"
"36","Income security","1965","32,966"
"36","Income security","1966","34,961"
"36","Income security","1967","38,348"
"36","Income security","1968","43,240"
"36","Income security","1969","47,486"
"36","Income security","1970","58,621"
"36","Income security","1971","69,836"
"36","Income security","1972","77,313"
"36","Income security","1973","88,521"
"36","Income security","1974","104,590"
"36","Income security","1975","132,009"
"36","Income security","1976","142,776"
"36","Income security","1977","151,849"
"36","Income security","1978","160,255"
"36","Income security","1979","178,512"
"36","Income security","1980","213,242"
"36","Income security","1981","238,732"
"36","Income security","1982","265,723"
"36","Income security","1983","283,140"
"36","Income security","1984","284,899"
"36","Income security","1985","299,552"
"36","Income security","1986","315,215"
"36","Income security","1987","324,543"
"36","Income security","1988","343,846"
"36","Income security","1989","368,771"
"36","Income security","1990","403,019"
"36","Income security","1991","446,432"
"36","Income security","1992","494,028"
"36","Income security","1993","513,681"
"36","Income security","1994","530,513"
"36","Income security","1995","551,349"
"36","Income security","1996","569,704"
"36","Income security","1997","583,294"
"36","Income security","1998","604,525"
"36","Income security","1999","627,396"
"36","Income security","2000","660,502"
"36","Income security","2001","703,969"
"36","Income security","2002","771,194"
"36","Income security","2003","809,818"
"36","Income security","2004","835,576"
"36","Income security","2005","881,106"
"36","Income security","2006","924,801"
"36","Income security","2007","966,824"
"36","Income security","2008","1,133,982"
"36","Income security","2009","1,246,426"
"36","Income security","2010","1,347,013"
"36","Income security","2011","1,335,601"
"36","Income security","2012","1,317,363"
"36","Income security","2013","1,348,811"
"36","Income security","2014","1,367,222"
"36","Income security","2015","1,413,756"
"36","Income security","2016","1,442,485"
"36","Income security","2017","1,481,748"
"36","Income security","2018","1,540,177"
"36","Income security","2019","1,625,431"
"36","Income security","2020","2,553,564"
"36","Income security","2021","2,830,398"
"36","Income security","2022","2,150,403"
"36","Income security","2023","2,138,952"
"36","Income security","2024","2,265,440"
"37","Disability","1959","4,389"
"37","Disability","1960","4,722"
"37","Disability","1961","5,311"
"37","Disability","1962","5,524"
"37","Disability","1963","5,988"
"37","Disability","1964","6,242"
"37","Disability","1965","6,759"
"37","Disability","1966","6,927"
"37","Disability","1967","7,532"
"37","Disability","1968","8,135"
"37","Disability","1969","8,975"
"37","Disability","1970","10,090"
"37","Disability","1971","11,631"
"37","Disability","1972","13,195"
"37","Disability","1973","15,256"
"37","Disability","1974","17,265"
"37","Disability","1975","19,584"
"37","Disability","1976","22,134"
"37","Disability","1977","24,716"
"37","Disability","1978","26,594"
"37","Disability","1979","29,914"
"37","Disability","1980","32,828"
"37","Disability","1981","36,224"
"37","Disability","1982","37,867"
"37","Disability","1983","38,986"
"37","Disability","1984","39,889"
"37","Disability","1985","41,666"
"37","Disability","1986","43,205"
"37","Disability","1987","45,019"
"37","Disability","1988","47,389"
"37","Disability","1989","49,928"
"37","Disability","1990","53,998"
"37","Disability","1991","58,768"
"37","Disability","1992","63,675"
"37","Disability","1993","69,508"
"37","Disability","1994","71,445"
"37","Disability","1995","74,719"
"37","Disability","1996","79,996"
"37","Disability","1997","82,755"
"37","Disability","1998","84,292"
"37","Disability","1999","88,414"
"37","Disability","2000","93,815"
"37","Disability","2001","101,796"
"37","Disability","2002","113,386"
"37","Disability","2003","122,884"
"37","Disability","2004","133,126"
"37","Disability","2005","143,049"
"37","Disability","2006","152,063"
"37","Disability","2007","161,467"
"37","Disability","2008","171,742"
"37","Disability","2009","188,669"
"37","Disability","2010","197,186"
"37","Disability","2011","205,089"
"37","Disability","2012","218,391"
"37","Disability","2013","229,222"
"37","Disability","2014","235,580"
"37","Disability","2015","244,201"
"37","Disability","2016","245,621"
"37","Disability","2017","251,060"
"37","Disability","2018","259,908"
"37","Disability","2019","271,943"
"37","Disability","2020","281,034"
"37","Disability","2021","284,783"
"37","Disability","2022","304,905"
"37","Disability","2023","337,935"
"37","Disability","2024","368,413"
"38","Retirement","1959","10,463"
"38","Retirement","1960","11,592"
"38","Retirement","1961","12,789"
"38","Retirement","1962","14,439"
"38","Retirement","1963","15,239"
"38","Retirement","1964","16,010"
"38","Retirement","1965","17,834"
"38","Retirement","1966","19,341"
"38","Retirement","1967","20,743"
"38","Retirement","1968","24,147"
"38","Retirement","1969","25,816"
"38","Retirement","1970","30,740"
"38","Retirement","1971","35,629"
"38","Retirement","1972","39,563"
"38","Retirement","1973","48,525"
"38","Retirement","1974","54,561"
"38","Retirement","1975","61,921"
"38","Retirement","1976","69,294"
"38","Retirement","1977","76,863"
"38","Retirement","1978","84,411"
"38","Retirement","1979","94,938"
"38","Retirement","1980","109,792"
"38","Retirement","1981","129,049"
"38","Retirement","1982","144,629"
"38","Retirement","1983","155,501"
"38","Retirement","1984","163,941"
"38","Retirement","1985","173,505"
"38","Retirement","1986","183,249"
"38","Retirement","1987","190,178"
"38","Retirement","1988","202,277"
"38","Retirement","1989","214,961"
"38","Retirement","1990","230,186"
"38","Retirement","1991","247,895"
"38","Retirement","1992","262,452"
"38","Retirement","1993","273,536"
"38","Retirement","1994","286,373"
"38","Retirement","1995","299,577"
"38","Retirement","1996","309,571"
"38","Retirement","1997","322,682"
"38","Retirement","1998","336,037"
"38","Retirement","1999","342,955"
"38","Retirement","2000","361,840"
"38","Retirement","2001","381,201"
"38","Retirement","2002","397,480"
"38","Retirement","2003","409,755"
"38","Retirement","2004","425,006"
"38","Retirement","2005","445,561"
"38","Retirement","2006","471,393"
"38","Retirement","2007","497,239"
"38","Retirement","2008","520,609"
"38","Retirement","2009","581,172"
"38","Retirement","2010","590,158"
"38","Retirement","2011","607,975"
"38","Retirement","2012","650,915"
"38","Retirement","2013","685,439"
"38","Retirement","2014","720,597"
"38","Retirement","2015","755,559"
"38","Retirement","2016","782,642"
"38","Retirement","2017","812,970"
"38","Retirement","2018","859,352"
"38","Retirement","2019","917,600"
"38","Retirement","2020","967,319"
"38","Retirement","2021","1,007,796"
"38","Retirement","2022","1,103,412"
"38","Retirement","2023","1,243,134"
"38","Retirement","2024","1,328,669"
"39","Welfare and social services","1959","4,196"
"39","Welfare and social services","1960","4,161"
"39","Welfare and social services","1961","4,496"
"39","Welfare and social services","1962","4,835"
"39","Welfare and social services","1963","5,052"
"39","Welfare and social services","1964","5,281"
"39","Welfare and social services","1965","5,941"
"39","Welfare and social services","1966","6,666"
"39","Welfare and social services","1967","7,708"
"39","Welfare and social services","1968","8,571"
"39","Welfare and social services","1969","10,131"
"39","Welfare and social services","1970","13,335"
"39","Welfare and social services","1971","16,269"
"39","Welfare and social services","1972","18,284"
"39","Welfare and social services","1973","19,610"
"39","Welfare and social services","1974","25,075"
"39","Welfare and social services","1975","30,247"
"39","Welfare and social services","1976","32,833"
"39","Welfare and social services","1977","34,812"
"39","Welfare and social services","1978","36,849"
"39","Welfare and social services","1979","41,130"
"39","Welfare and social services","1980","48,506"
"39","Welfare and social services","1981","52,800"
"39","Welfare and social services","1982","54,082"
"39","Welfare and social services","1983","58,518"
"39","Welfare and social services","1984","61,404"
"39","Welfare and social services","1985","64,651"
"39","Welfare and social services","1986","67,892"
"39","Welfare and social services","1987","70,375"
"39","Welfare and social services","1988","74,763"
"39","Welfare and social services","1989","80,765"
"39","Welfare and social services","1990","90,700"
"39","Welfare and social services","1991","102,137"
"39","Welfare and social services","1992","113,874"
"39","Welfare and social services","1993","120,614"
"39","Welfare and social services","1994","127,039"
"39","Welfare and social services","1995","129,750"
"39","Welfare and social services","1996","129,265"
"39","Welfare and social services","1997","127,434"
"39","Welfare and social services","1998","131,129"
"39","Welfare and social services","1999","136,756"
"39","Welfare and social services","2000","142,631"
"39","Welfare and social services","2001","151,604"
"39","Welfare and social services","2002","162,620"
"39","Welfare and social services","2003","182,024"
"39","Welfare and social services","2004","177,900"
"39","Welfare and social services","2005","189,985"
"39","Welfare and social services","2006","193,001"
"39","Welfare and social services","2007","201,865"
"39","Welfare and social services","2008","231,400"
"39","Welfare and social services","2009","246,900"
"39","Welfare and social services","2010","262,258"
"39","Welfare and social services","2011","263,432"
"39","Welfare and social services","2012","265,561"
"39","Welfare and social services","2013","270,705"
"39","Welfare and social services","2014","270,492"
"39","Welfare and social services","2015","275,557"
"39","Welfare and social services","2016","274,758"
"39","Welfare and social services","2017","278,922"
"39","Welfare and social services","2018","279,502"
"39","Welfare and social services","2019","290,398"
"39","Welfare and social services","2020","614,908"
"39","Welfare and social services","2021","973,984"
"39","Welfare and social services","2022","438,650"
"39","Welfare and social services","2023","400,545"
"39","Welfare and social services","2024","402,293"
"40","Unemployment","1959","2,752"
"40","Unemployment","1960","3,030"
"40","Unemployment","1961","4,368"
"40","Unemployment","1962","3,156"
"40","Unemployment","1963","2,996"
"40","Unemployment","1964","2,723"
"40","Unemployment","1965","2,330"
"40","Unemployment","1966","1,911"
"40","Unemployment","1967","2,234"
"40","Unemployment","1968","2,191"
"40","Unemployment","1969","2,299"
"40","Unemployment","1970","4,087"
"40","Unemployment","1971","5,934"
"40","Unemployment","1972","5,807"
"40","Unemployment","1973","4,481"
"40","Unemployment","1974","6,892"
"40","Unemployment","1975","17,745"
"40","Unemployment","1976","16,266"
"40","Unemployment","1977","12,993"
"40","Unemployment","1978","10,140"
"40","Unemployment","1979","10,172"
"40","Unemployment","1980","18,425"
"40","Unemployment","1981","16,892"
"40","Unemployment","1982","25,550"
"40","Unemployment","1983","26,497"
"40","Unemployment","1984","16,080"
"40","Unemployment","1985","16,161"
"40","Unemployment","1986","16,780"
"40","Unemployment","1987","14,901"
"40","Unemployment","1988","13,507"
"40","Unemployment","1989","14,743"
"40","Unemployment","1990","18,498"
"40","Unemployment","1991","27,279"
"40","Unemployment","1992","39,518"
"40","Unemployment","1993","34,654"
"40","Unemployment","1994","24,158"
"40","Unemployment","1995","22,091"
"40","Unemployment","1996","22,677"
"40","Unemployment","1997","20,544"
"40","Unemployment","1998","20,063"
"40","Unemployment","1999","20,938"
"40","Unemployment","2000","20,849"
"40","Unemployment","2001","32,406"
"40","Unemployment","2002","53,882"
"40","Unemployment","2003","53,410"
"40","Unemployment","2004","37,930"
"40","Unemployment","2005","31,912"
"40","Unemployment","2006","30,784"
"40","Unemployment","2007","33,250"
"40","Unemployment","2008","51,942"
"40","Unemployment","2009","141,309"
"40","Unemployment","2010","149,939"
"40","Unemployment","2011","107,388"
"40","Unemployment","2012","84,015"
"40","Unemployment","2013","62,634"
"40","Unemployment","2014","35,548"
"40","Unemployment","2015","32,333"
"40","Unemployment","2016","32,209"
"40","Unemployment","2017","30,666"
"40","Unemployment","2018","28,097"
"40","Unemployment","2019","27,924"
"40","Unemployment","2020","535,088"
"40","Unemployment","2021","318,237"
"40","Unemployment","2022","23,956"
"40","Unemployment","2023","33,423"
"40","Unemployment","2024","36,701"
"41","Other","1959","74"
"41","Other","1960","70"
"41","Other","1961","85"
"41","Other","1962","113"
"41","Other","1963","114"
"41","Other","1964","110"
"41","Other","1965","102"
"41","Other","1966","116"
"41","Other","1967","131"
"41","Other","1968","196"
"41","Other","1969","265"
"41","Other","1970","369"
"41","Other","1971","373"
"41","Other","1972","465"
"41","Other","1973","648"
"41","Other","1974","798"
"41","Other","1975","2,512"
"41","Other","1976","2,250"
"41","Other","1977","2,465"
"41","Other","1978","2,261"
"41","Other","1979","2,359"
"41","Other","1980","3,692"
"41","Other","1981","3,767"
"41","Other","1982","3,595"
"41","Other","1983","3,638"
"41","Other","1984","3,585"
"41","Other","1985","3,569"
"41","Other","1986","4,090"
"41","Other","1987","4,071"
"41","Other","1988","5,910"
"41","Other","1989","8,374"
"41","Other","1990","9,637"
"41","Other","1991","10,353"
"41","Other","1992","14,509"
"41","Other","1993","15,368"
"41","Other","1994","21,498"
"41","Other","1995","25,213"
"41","Other","1996","28,194"
"41","Other","1997","29,879"
"41","Other","1998","33,004"
"41","Other","1999","38,333"
"41","Other","2000","41,367"
"41","Other","2001","36,962"
"41","Other","2002","43,827"
"41","Other","2003","41,745"
"41","Other","2004","61,613"
"41","Other","2005","70,599"
"41","Other","2006","77,558"
"41","Other","2007","73,004"
"41","Other","2008","158,289"
"41","Other","2009","88,376"
"41","Other","2010","147,472"
"41","Other","2011","151,716"
"41","Other","2012","98,481"
"41","Other","2013","100,811"
"41","Other","2014","105,005"
"41","Other","2015","106,106"
"41","Other","2016","107,255"
"41","Other","2017","108,131"
"41","Other","2018","113,317"
"41","Other","2019","117,565"
"41","Other","2020","155,214"
"41","Other","2021","245,598"
"41","Other","2022","279,481"
"41","Other","2023","123,914"
"41","Other","2024","129,364"
"42","Federal","1959","90,510"
"42","Federal","1960","93,398"
"42","Federal","1961","99,811"
"42","Federal","1962","108,557"
"42","Federal","1963","113,498"
"42","Federal","1964","118,210"
"42","Federal","1965","125,942"
"42","Federal","1966","144,374"
"42","Federal","1967","165,783"
"42","Federal","1968","184,345"
"42","Federal","1969","196,984"
"42","Federal","1970","219,944"
"42","Federal","1971","241,602"
"42","Federal","1972","268,020"
"42","Federal","1973","287,556"
"42","Federal","1974","319,849"
"42","Federal","1975","374,759"
"42","Federal","1976","403,484"
"42","Federal","1977","437,317"
"42","Federal","1978","485,865"
"42","Federal","1979","534,386"
"42","Federal","1980","622,455"
"42","Federal","1981","709,135"
"42","Federal","1982","786,017"
"42","Federal","1983","851,942"
"42","Federal","1984","907,686"
"42","Federal","1985","974,971"
"42","Federal","1986","1,033,848"
"42","Federal","1987","1,065,228"
"42","Federal","1988","1,122,388"
"42","Federal","1989","1,201,839"
"42","Federal","1990","1,290,904"
"42","Federal","1991","1,356,230"
"42","Federal","1992","1,488,857"
"42","Federal","1993","1,544,575"
"42","Federal","1994","1,584,968"
"42","Federal","1995","1,659,541"
"42","Federal","1996","1,715,729"
"42","Federal","1997","1,759,350"
"42","Federal","1998","1,788,439"
"42","Federal","1999","1,836,827"
"42","Federal","2000","1,908,092"
"42","Federal","2001","2,017,329"
"42","Federal","2002","2,138,700"
"42","Federal","2003","2,293,495"
"42","Federal","2004","2,421,571"
"42","Federal","2005","2,598,463"
"42","Federal","2006","2,760,722"
"42","Federal","2007","2,928,003"
"42","Federal","2008","3,206,987"
"42","Federal","2009","3,485,240"
"42","Federal","2010","3,764,625"
"42","Federal","2011","3,807,750"
"42","Federal","2012","3,773,503"
"42","Federal","2013","3,770,255"
"42","Federal","2014","3,888,437"
"42","Federal","2015","4,005,825"
"42","Federal","2016","4,127,974"
"42","Federal","2017","4,240,545"
"42","Federal","2018","4,489,479"
"42","Federal","2019","4,748,122"
"42","Federal","2020","6,715,113"
"42","Federal","2021","7,284,058"
"42","Federal","2022","6,144,892"
"42","Federal","2023","6,538,015"
"42","Federal","2024","7,053,367"
"43","General public service","1959","15,204"
"43","General public service","1960","17,724"
"43","General public service","1961","18,155"
"43","General public service","1962","19,551"
"43","General public service","1963","20,890"
"43","General public service","1964","22,290"
"43","General public service","1965","23,623"
"43","General public service","1966","25,245"
"43","General public service","1967","26,659"
"43","General public service","1968","29,230"
"43","General public service","1969","32,658"
"43","General public service","1970","39,864"
"43","General public service","1971","43,245"
"43","General public service","1972","49,066"
"43","General public service","1973","59,179"
"43","General public service","1974","64,729"
"43","General public service","1975","70,492"
"43","General public service","1976","78,925"
"43","General public service","1977","86,384"
"43","General public service","1978","100,360"
"43","General public service","1979","112,736"
"43","General public service","1980","130,818"
"43","General public service","1981","154,100"
"43","General public service","1982","175,803"
"43","General public service","1983","190,808"
"43","General public service","1984","219,819"
"43","General public service","1985","244,175"
"43","General public service","1986","257,465"
"43","General public service","1987","258,609"
"43","General public service","1988","275,334"
"43","General public service","1989","297,538"
"43","General public service","1990","319,329"
"43","General public service","1991","297,665"
"43","General public service","1992","346,639"
"43","General public service","1993","349,811"
"43","General public service","1994","358,082"
"43","General public service","1995","386,079"
"43","General public service","1996","397,889"
"43","General public service","1997","403,038"
"43","General public service","1998","401,611"
"43","General public service","1999","388,636"
"43","General public service","2000","388,794"
"43","General public service","2001","371,036"
"43","General public service","2002","345,335"
"43","General public service","2003","350,248"
"43","General public service","2004","363,006"
"43","General public service","2005","408,521"
"43","General public service","2006","437,312"
"43","General public service","2007","482,615"
"43","General public service","2008","472,485"
"43","General public service","2009","450,324"
"43","General public service","2010","481,652"
"43","General public service","2011","525,935"
"43","General public service","2012","526,211"
"43","General public service","2013","516,525"
"43","General public service","2014","536,453"
"43","General public service","2015","527,736"
"43","General public service","2016","557,586"
"43","General public service","2017","577,329"
"43","General public service","2018","646,984"
"43","General public service","2019","686,735"
"43","General public service","2020","646,395"
"43","General public service","2021","700,489"
"43","General public service","2022","888,639"
"43","General public service","2023","1,110,509"
"43","General public service","2024","1,293,618"
"44","Executive and legislative","1959","3,763"
"44","Executive and legislative","1960","3,846"
"44","Executive and legislative","1961","4,254"
"44","Executive and legislative","1962","4,444"
"44","Executive and legislative","1963","4,636"
"44","Executive and legislative","1964","4,799"
"44","Executive and legislative","1965","5,031"
"44","Executive and legislative","1966","4,981"
"44","Executive and legislative","1967","4,728"
"44","Executive and legislative","1968","3,441"
"44","Executive and legislative","1969","3,878"
"44","Executive and legislative","1970","4,850"
"44","Executive and legislative","1971","6,032"
"44","Executive and legislative","1972","7,027"
"44","Executive and legislative","1973","6,362"
"44","Executive and legislative","1974","7,337"
"44","Executive and legislative","1975","9,167"
"44","Executive and legislative","1976","10,266"
"44","Executive and legislative","1977","9,583"
"44","Executive and legislative","1978","10,083"
"44","Executive and legislative","1979","10,786"
"44","Executive and legislative","1980","12,531"
"44","Executive and legislative","1981","11,973"
"44","Executive and legislative","1982","14,125"
"44","Executive and legislative","1983","13,442"
"44","Executive and legislative","1984","16,456"
"44","Executive and legislative","1985","19,630"
"44","Executive and legislative","1986","22,959"
"44","Executive and legislative","1987","19,298"
"44","Executive and legislative","1988","19,460"
"44","Executive and legislative","1989","19,347"
"44","Executive and legislative","1990","21,081"
"44","Executive and legislative","1991","-16,887"
"44","Executive and legislative","1992","28,507"
"44","Executive and legislative","1993","29,306"
"44","Executive and legislative","1994","28,357"
"44","Executive and legislative","1995","24,580"
"44","Executive and legislative","1996","29,297"
"44","Executive and legislative","1997","27,501"
"44","Executive and legislative","1998","27,720"
"44","Executive and legislative","1999","27,312"
"44","Executive and legislative","2000","27,733"
"44","Executive and legislative","2001","28,018"
"44","Executive and legislative","2002","33,169"
"44","Executive and legislative","2003","47,552"
"44","Executive and legislative","2004","45,894"
"44","Executive and legislative","2005","52,752"
"44","Executive and legislative","2006","52,563"
"44","Executive and legislative","2007","61,900"
"44","Executive and legislative","2008","68,711"
"44","Executive and legislative","2009","80,211"
"44","Executive and legislative","2010","81,892"
"44","Executive and legislative","2011","86,443"
"44","Executive and legislative","2012","88,217"
"44","Executive and legislative","2013","84,924"
"44","Executive and legislative","2014","83,851"
"44","Executive and legislative","2015","82,738"
"44","Executive and legislative","2016","86,226"
"44","Executive and legislative","2017","84,996"
"44","Executive and legislative","2018","88,916"
"44","Executive and legislative","2019","90,847"
"44","Executive and legislative","2020","99,220"
"44","Executive and legislative","2021","105,403"
"44","Executive and legislative","2022","140,504"
"44","Executive and legislative","2023","145,494"
"44","Executive and legislative","2024","137,887"
"45","Tax collection and financial management","1968","1,237"
"45","Tax collection and financial management","1969","1,316"
"45","Tax collection and financial management","1970","1,684"
"45","Tax collection and financial management","1971","2,017"
"45","Tax collection and financial management","1972","2,275"
"45","Tax collection and financial management","1973","2,483"
"45","Tax collection and financial management","1974","2,772"
"45","Tax collection and financial management","1975","2,806"
"45","Tax collection and financial management","1976","2,886"
"45","Tax collection and financial management","1977","3,289"
"45","Tax collection and financial management","1978","3,538"
"45","Tax collection and financial management","1979","3,585"
"45","Tax collection and financial management","1980","3,934"
"45","Tax collection and financial management","1981","4,174"
"45","Tax collection and financial management","1982","4,413"
"45","Tax collection and financial management","1983","5,332"
"45","Tax collection and financial management","1984","5,178"
"45","Tax collection and financial management","1985","6,002"
"45","Tax collection and financial management","1986","6,305"
"45","Tax collection and financial management","1987","6,919"
"45","Tax collection and financial management","1988","7,959"
"45","Tax collection and financial management","1989","8,531"
"45","Tax collection and financial management","1990","9,253"
"45","Tax collection and financial management","1991","10,144"
"45","Tax collection and financial management","1992","11,245"
"45","Tax collection and financial management","1993","9,066"
"45","Tax collection and financial management","1994","8,885"
"45","Tax collection and financial management","1995","9,173"
"45","Tax collection and financial management","1996","8,604"
"45","Tax collection and financial management","1997","9,937"
"45","Tax collection and financial management","1998","8,323"
"45","Tax collection and financial management","1999","9,140"
"45","Tax collection and financial management","2000","7,334"
"45","Tax collection and financial management","2001","11,794"
"45","Tax collection and financial management","2002","10,895"
"45","Tax collection and financial management","2003","10,975"
"45","Tax collection and financial management","2004","11,091"
"45","Tax collection and financial management","2005","11,394"
"45","Tax collection and financial management","2006","12,537"
"45","Tax collection and financial management","2007","12,737"
"45","Tax collection and financial management","2008","15,377"
"45","Tax collection and financial management","2009","15,580"
"45","Tax collection and financial management","2010","18,273"
"45","Tax collection and financial management","2011","14,051"
"45","Tax collection and financial management","2012","15,370"
"45","Tax collection and financial management","2013","15,279"
"45","Tax collection and financial management","2014","13,510"
"45","Tax collection and financial management","2015","15,716"
"45","Tax collection and financial management","2016","17,057"
"45","Tax collection and financial management","2017","15,638"
"45","Tax collection and financial management","2018","17,439"
"45","Tax collection and financial management","2019","18,733"
"45","Tax collection and financial management","2020","26,280"
"45","Tax collection and financial management","2021","21,497"
"45","Tax collection and financial management","2022","23,906"
"45","Tax collection and financial management","2023","26,576"
"45","Tax collection and financial management","2024","36,588"
"46","Interest payments","1959","11,441"
"46","Interest payments","1960","13,878"
"46","Interest payments","1961","13,901"
"46","Interest payments","1962","15,107"
"46","Interest payments","1963","16,254"
"46","Interest payments","1964","17,491"
"46","Interest payments","1965","18,592"
"46","Interest payments","1966","20,264"
"46","Interest payments","1967","21,931"
"46","Interest payments","1968","24,552"
"46","Interest payments","1969","27,464"
"46","Interest payments","1970","33,330"
"46","Interest payments","1971","35,235"
"46","Interest payments","1972","37,630"
"46","Interest payments","1973","43,291"
"46","Interest payments","1974","47,984"
"46","Interest payments","1975","52,467"
"46","Interest payments","1976","58,896"
"46","Interest payments","1977","65,261"
"46","Interest payments","1978","79,112"
"46","Interest payments","1979","91,456"
"46","Interest payments","1980","107,529"
"46","Interest payments","1981","133,429"
"46","Interest payments","1982","152,681"
"46","Interest payments","1983","166,971"
"46","Interest payments","1984","193,828"
"46","Interest payments","1985","213,742"
"46","Interest payments","1986","224,204"
"46","Interest payments","1987","232,315"
"46","Interest payments","1988","247,915"
"46","Interest payments","1989","269,660"
"46","Interest payments","1990","289,045"
"46","Interest payments","1991","304,358"
"46","Interest payments","1992","306,887"
"46","Interest payments","1993","311,439"
"46","Interest payments","1994","320,840"
"46","Interest payments","1995","352,326"
"46","Interest payments","1996","359,988"
"46","Interest payments","1997","365,600"
"46","Interest payments","1998","365,569"
"46","Interest payments","1999","352,184"
"46","Interest payments","2000","353,728"
"46","Interest payments","2001","331,225"
"46","Interest payments","2002","301,271"
"46","Interest payments","2003","291,721"
"46","Interest payments","2004","306,022"
"46","Interest payments","2005","344,375"
"46","Interest payments","2006","372,212"
"46","Interest payments","2007","407,978"
"46","Interest payments","2008","388,397"
"46","Interest payments","2009","354,533"
"46","Interest payments","2010","381,487"
"46","Interest payments","2011","425,442"
"46","Interest payments","2012","422,624"
"46","Interest payments","2013","416,326"
"46","Interest payments","2014","439,092"
"46","Interest payments","2015","429,282"
"46","Interest payments","2016","454,304"
"46","Interest payments","2017","476,695"
"46","Interest payments","2018","540,629"
"46","Interest payments","2019","577,155"
"46","Interest payments","2020","520,895"
"46","Interest payments","2021","573,589"
"46","Interest payments","2022","724,229"
"46","Interest payments","2023","938,440"
"46","Interest payments","2024","1,119,145"
"47","Other","1971","-39"
"47","Other","1972","2,134"
"47","Other","1973","7,043"
"47","Other","1974","6,636"
"47","Other","1975","6,052"
"47","Other","1976","6,877"
"47","Other","1977","8,251"
"47","Other","1978","7,627"
"47","Other","1979","6,909"
"47","Other","1980","6,824"
"47","Other","1981","4,524"
"47","Other","1982","4,584"
"47","Other","1983","5,063"
"47","Other","1984","4,357"
"47","Other","1985","4,801"
"47","Other","1986","3,997"
"47","Other","1987","77"
"47","Other","1988","0"
"47","Other","1989","0"
"47","Other","1990","-50"
"47","Other","1991","50"
"47","Other","1992","0"
"47","Other","1993","0"
"47","Other","1994","0"
"47","Other","1995","0"
"47","Other","1996","0"
"47","Other","1997","0"
"47","Other","1998","0"
"47","Other","1999","0"
"47","Other","2000","0"
"47","Other","2001","0"
"47","Other","2002","0"
"47","Other","2003","0"
"47","Other","2004","0"
"47","Other","2005","0"
"47","Other","2006","0"
"47","Other","2007","0"
"47","Other","2008","0"
"47","Other","2009","0"
"47","Other","2010","0"
"47","Other","2011","0"
"47","Other","2012","0"
"47","Other","2013","0"
"47","Other","2014","0"
"47","Other","2015","0"
"47","Other","2016","0"
"47","Other","2017","0"
"47","Other","2018","0"
"47","Other","2019","0"
"47","Other","2020","0"
"47","Other","2021","0"
"47","Other","2022","0"
"47","Other","2023","0"
"47","Other","2024","0"
"48","National defense","1959","44,041"
"48","National defense","1960","44,377"
"48","National defense","1961","45,695"
"48","National defense","1962","50,149"
"48","National defense","1963","52,114"
"48","National defense","1964","52,731"
"48","National defense","1965","55,543"
"48","National defense","1966","65,642"
"48","National defense","1967","75,759"
"48","National defense","1968","84,151"
"48","National defense","1969","85,455"
"48","National defense","1970","84,725"
"48","National defense","1971","86,115"
"48","National defense","1972","89,162"
"48","National defense","1973","87,957"
"48","National defense","1974","92,474"
"48","National defense","1975","97,846"
"48","National defense","1976","100,034"
"48","National defense","1977","107,175"
"48","National defense","1978","115,910"
"48","National defense","1979","126,802"
"48","National defense","1980","144,706"
"48","National defense","1981","165,919"
"48","National defense","1982","187,890"
"48","National defense","1983","202,558"
"48","National defense","1984","217,983"
"48","National defense","1985","234,334"
"48","National defense","1986","249,244"
"48","National defense","1987","261,867"
"48","National defense","1988","276,926"
"48","National defense","1989","286,251"
"48","National defense","1990","297,936"
"48","National defense","1991","313,376"
"48","National defense","1992","310,559"
"48","National defense","1993","303,802"
"48","National defense","1994","297,112"
"48","National defense","1995","292,765"
"48","National defense","1996","293,072"
"48","National defense","1997","293,616"
"48","National defense","1998","289,933"
"48","National defense","1999","302,249"
"48","National defense","2000","309,950"
"48","National defense","2001","326,390"
"48","National defense","2002","359,331"
"48","National defense","2003","412,118"
"48","National defense","2004","449,644"
"48","National defense","2005","478,841"
"48","National defense","2006","502,352"
"48","National defense","2007","529,144"
"48","National defense","2008","584,343"
"48","National defense","2009","615,652"
"48","National defense","2010","652,957"
"48","National defense","2011","663,035"
"48","National defense","2012","651,600"
"48","National defense","2013","611,601"
"48","National defense","2014","598,541"
"48","National defense","2015","586,856"
"48","National defense","2016","588,838"
"48","National defense","2017","601,987"
"48","National defense","2018","636,068"
"48","National defense","2019","677,544"
"48","National defense","2020","698,844"
"48","National defense","2021","720,823"
"48","National defense","2022","730,850"
"48","National defense","2023","790,895"
"48","National defense","2024","856,310"
"49","Public order and safety","1959","305"
"49","Public order and safety","1960","316"
"49","Public order and safety","1961","333"
"49","Public order and safety","1962","347"
"49","Public order and safety","1963","364"
"49","Public order and safety","1964","378"
"49","Public order and safety","1965","401"
"49","Public order and safety","1966","425"
"49","Public order and safety","1967","466"
"49","Public order and safety","1968","504"
"49","Public order and safety","1969","620"
"49","Public order and safety","1970","841"
"49","Public order and safety","1971","1,117"
"49","Public order and safety","1972","1,528"
"49","Public order and safety","1973","1,833"
"49","Public order and safety","1974","2,151"
"49","Public order and safety","1975","2,486"
"49","Public order and safety","1976","2,645"
"49","Public order and safety","1977","2,781"
"49","Public order and safety","1978","2,852"
"49","Public order and safety","1979","3,110"
"49","Public order and safety","1980","3,385"
"49","Public order and safety","1981","3,403"
"49","Public order and safety","1982","3,403"
"49","Public order and safety","1983","3,761"
"49","Public order and safety","1984","4,228"
"49","Public order and safety","1985","4,641"
"49","Public order and safety","1986","5,066"
"49","Public order and safety","1987","5,626"
"49","Public order and safety","1988","6,640"
"49","Public order and safety","1989","7,366"
"49","Public order and safety","1990","8,002"
"49","Public order and safety","1991","9,388"
"49","Public order and safety","1992","10,833"
"49","Public order and safety","1993","12,865"
"49","Public order and safety","1994","13,606"
"49","Public order and safety","1995","14,605"
"49","Public order and safety","1996","15,928"
"49","Public order and safety","1997","17,196"
"49","Public order and safety","1998","21,363"
"49","Public order and safety","1999","23,530"
"49","Public order and safety","2000","27,820"
"49","Public order and safety","2001","30,755"
"49","Public order and safety","2002","32,194"
"49","Public order and safety","2003","34,573"
"49","Public order and safety","2004","38,202"
"49","Public order and safety","2005","41,908"
"49","Public order and safety","2006","44,826"
"49","Public order and safety","2007","46,502"
"49","Public order and safety","2008","51,964"
"49","Public order and safety","2009","57,111"
"49","Public order and safety","2010","59,220"
"49","Public order and safety","2011","60,255"
"49","Public order and safety","2012","61,788"
"49","Public order and safety","2013","58,508"
"49","Public order and safety","2014","59,058"
"49","Public order and safety","2015","59,240"
"49","Public order and safety","2016","61,125"
"49","Public order and safety","2017","62,205"
"49","Public order and safety","2018","64,219"
"49","Public order and safety","2019","63,345"
"49","Public order and safety","2020","60,035"
"49","Public order and safety","2021","67,423"
"49","Public order and safety","2022","72,141"
"49","Public order and safety","2023","79,028"
"49","Public order and safety","2024","82,810"
"50","Police","1959","191"
"50","Police","1960","194"
"50","Police","1961","200"
"50","Police","1962","210"
"50","Police","1963","216"
"50","Police","1964","233"
"50","Police","1965","243"
"50","Police","1966","251"
"50","Police","1967","247"
"50","Police","1968","277"
"50","Police","1969","344"
"50","Police","1970","475"
"50","Police","1971","671"
"50","Police","1972","962"
"50","Police","1973","1,167"
"50","Police","1974","1,193"
"50","Police","1975","1,375"
"50","Police","1976","1,375"
"50","Police","1977","1,401"
"50","Police","1978","1,475"
"50","Police","1979","1,529"
"50","Police","1980","1,604"
"50","Police","1981","1,590"
"50","Police","1982","1,529"
"50","Police","1983","1,872"
"50","Police","1984","2,096"
"50","Police","1985","2,356"
"50","Police","1986","2,449"
"50","Police","1987","2,696"
"50","Police","1988","3,333"
"50","Police","1989","3,513"
"50","Police","1990","3,726"
"50","Police","1991","4,382"
"50","Police","1992","5,085"
"50","Police","1993","7,333"
"50","Police","1994","7,069"
"50","Police","1995","6,551"
"50","Police","1996","7,832"
"50","Police","1997","10,014"
"50","Police","1998","12,960"
"50","Police","1999","13,827"
"50","Police","2000","16,429"
"50","Police","2001","17,639"
"50","Police","2002","19,066"
"50","Police","2003","22,257"
"50","Police","2004","25,802"
"50","Police","2005","28,786"
"50","Police","2006","30,563"
"50","Police","2007","32,095"
"50","Police","2008","36,669"
"50","Police","2009","40,476"
"50","Police","2010","41,902"
"50","Police","2011","43,257"
"50","Police","2012","44,388"
"50","Police","2013","42,796"
"50","Police","2014","43,048"
"50","Police","2015","42,526"
"50","Police","2016","44,680"
"50","Police","2017","45,328"
"50","Police","2018","47,061"
"50","Police","2019","47,439"
"50","Police","2020","48,188"
"50","Police","2021","51,097"
"50","Police","2022","53,399"
"50","Police","2023","58,805"
"50","Police","2024","61,716"
"51","Fire","1975","6"
"51","Fire","1976","9"
"51","Fire","1977","15"
"51","Fire","1978","13"
"51","Fire","1979","32"
"51","Fire","1980","46"
"51","Fire","1981","19"
"51","Fire","1982","18"
"51","Fire","1983","28"
"51","Fire","1984","26"
"51","Fire","1985","30"
"51","Fire","1986","28"
"51","Fire","1987","24"
"51","Fire","1988","35"
"51","Fire","1989","36"
"51","Fire","1990","46"
"51","Fire","1991","63"
"51","Fire","1992","27"
"51","Fire","1993","7"
"51","Fire","1994","29"
"51","Fire","1995","78"
"51","Fire","1996","95"
"51","Fire","1997","94"
"51","Fire","1998","85"
"51","Fire","1999","20"
"51","Fire","2000","88"
"51","Fire","2001","190"
"51","Fire","2002","385"
"51","Fire","2003","770"
"51","Fire","2004","257"
"51","Fire","2005","208"
"51","Fire","2006","759"
"51","Fire","2007","552"
"51","Fire","2008","672"
"51","Fire","2009","1,083"
"51","Fire","2010","1,014"
"51","Fire","2011","975"
"51","Fire","2012","909"
"51","Fire","2013","851"
"51","Fire","2014","809"
"51","Fire","2015","763"
"51","Fire","2016","737"
"51","Fire","2017","840"
"51","Fire","2018","804"
"51","Fire","2019","784"
"51","Fire","2020","841"
"51","Fire","2021","832"
"51","Fire","2022","875"
"51","Fire","2023","961"
"51","Fire","2024","1,075"
"52","Law courts","1959","82"
"52","Law courts","1960","88"
"52","Law courts","1961","94"
"52","Law courts","1962","105"
"52","Law courts","1963","116"
"52","Law courts","1964","131"
"52","Law courts","1965","142"
"52","Law courts","1966","151"
"52","Law courts","1967","149"
"52","Law courts","1968","165"
"52","Law courts","1969","190"
"52","Law courts","1970","227"
"52","Law courts","1971","273"
"52","Law courts","1972","314"
"52","Law courts","1973","349"
"52","Law courts","1974","417"
"52","Law courts","1975","528"
"52","Law courts","1976","644"
"52","Law courts","1977","734"
"52","Law courts","1978","844"
"52","Law courts","1979","1,006"
"52","Law courts","1980","1,190"
"52","Law courts","1981","1,297"
"52","Law courts","1982","1,325"
"52","Law courts","1983","1,380"
"52","Law courts","1984","1,577"
"52","Law courts","1985","1,760"
"52","Law courts","1986","1,909"
"52","Law courts","1987","2,178"
"52","Law courts","1988","2,359"
"52","Law courts","1989","2,728"
"52","Law courts","1990","3,113"
"52","Law courts","1991","3,769"
"52","Law courts","1992","4,230"
"52","Law courts","1993","4,366"
"52","Law courts","1994","4,044"
"52","Law courts","1995","5,090"
"52","Law courts","1996","5,115"
"52","Law courts","1997","5,451"
"52","Law courts","1998","6,830"
"52","Law courts","1999","7,426"
"52","Law courts","2000","8,146"
"52","Law courts","2001","8,873"
"52","Law courts","2002","8,450"
"52","Law courts","2003","6,721"
"52","Law courts","2004","6,756"
"52","Law courts","2005","7,224"
"52","Law courts","2006","7,524"
"52","Law courts","2007","7,873"
"52","Law courts","2008","8,107"
"52","Law courts","2009","8,724"
"52","Law courts","2010","9,332"
"52","Law courts","2011","9,221"
"52","Law courts","2012","9,278"
"52","Law courts","2013","7,315"
"52","Law courts","2014","7,367"
"52","Law courts","2015","7,881"
"52","Law courts","2016","7,852"
"52","Law courts","2017","8,248"
"52","Law courts","2018","8,563"
"52","Law courts","2019","8,426"
"52","Law courts","2020","8,170"
"52","Law courts","2021","8,344"
"52","Law courts","2022","8,860"
"52","Law courts","2023","9,522"
"52","Law courts","2024","9,800"
"53","Prisons","1959","32"
"53","Prisons","1960","34"
"53","Prisons","1961","39"
"53","Prisons","1962","32"
"53","Prisons","1963","32"
"53","Prisons","1964","14"
"53","Prisons","1965","16"
"53","Prisons","1966","23"
"53","Prisons","1967","70"
"53","Prisons","1968","62"
"53","Prisons","1969","86"
"53","Prisons","1970","139"
"53","Prisons","1971","173"
"53","Prisons","1972","252"
"53","Prisons","1973","317"
"53","Prisons","1974","541"
"53","Prisons","1975","577"
"53","Prisons","1976","617"
"53","Prisons","1977","631"
"53","Prisons","1978","520"
"53","Prisons","1979","543"
"53","Prisons","1980","545"
"53","Prisons","1981","497"
"53","Prisons","1982","531"
"53","Prisons","1983","481"
"53","Prisons","1984","529"
"53","Prisons","1985","495"
"53","Prisons","1986","680"
"53","Prisons","1987","728"
"53","Prisons","1988","913"
"53","Prisons","1989","1,089"
"53","Prisons","1990","1,117"
"53","Prisons","1991","1,174"
"53","Prisons","1992","1,491"
"53","Prisons","1993","1,159"
"53","Prisons","1994","2,464"
"53","Prisons","1995","2,886"
"53","Prisons","1996","2,886"
"53","Prisons","1997","1,637"
"53","Prisons","1998","1,489"
"53","Prisons","1999","2,257"
"53","Prisons","2000","3,156"
"53","Prisons","2001","4,054"
"53","Prisons","2002","4,292"
"53","Prisons","2003","4,825"
"53","Prisons","2004","5,387"
"53","Prisons","2005","5,691"
"53","Prisons","2006","5,980"
"53","Prisons","2007","5,982"
"53","Prisons","2008","6,516"
"53","Prisons","2009","6,828"
"53","Prisons","2010","6,972"
"53","Prisons","2011","6,803"
"53","Prisons","2012","7,214"
"53","Prisons","2013","7,546"
"53","Prisons","2014","7,834"
"53","Prisons","2015","8,071"
"53","Prisons","2016","7,856"
"53","Prisons","2017","7,789"
"53","Prisons","2018","7,790"
"53","Prisons","2019","6,695"
"53","Prisons","2020","2,837"
"53","Prisons","2021","7,150"
"53","Prisons","2022","9,007"
"53","Prisons","2023","9,740"
"53","Prisons","2024","10,219"
"54","Economic affairs","1959","7,105"
"54","Economic affairs","1960","5,464"
"54","Economic affairs","1961","6,089"
"54","Economic affairs","1962","7,809"
"54","Economic affairs","1963","7,653"
"54","Economic affairs","1964","9,025"
"54","Economic affairs","1965","9,797"
"54","Economic affairs","1966","10,447"
"54","Economic affairs","1967","11,754"
"54","Economic affairs","1968","13,865"
"54","Economic affairs","1969","15,724"
"54","Economic affairs","1970","16,425"
"54","Economic affairs","1971","18,451"
"54","Economic affairs","1972","22,182"
"54","Economic affairs","1973","21,154"
"54","Economic affairs","1974","19,987"
"54","Economic affairs","1975","26,236"
"54","Economic affairs","1976","28,413"
"54","Economic affairs","1977","33,678"
"54","Economic affairs","1978","43,687"
"54","Economic affairs","1979","41,965"
"54","Economic affairs","1980","46,147"
"54","Economic affairs","1981","50,539"
"54","Economic affairs","1982","49,618"
"54","Economic affairs","1983","59,446"
"54","Economic affairs","1984","56,154"
"54","Economic affairs","1985","60,175"
"54","Economic affairs","1986","67,163"
"54","Economic affairs","1987","68,445"
"54","Economic affairs","1988","61,235"
"54","Economic affairs","1989","64,476"
"54","Economic affairs","1990","67,417"
"54","Economic affairs","1991","67,814"
"54","Economic affairs","1992","73,628"
"54","Economic affairs","1993","79,281"
"54","Economic affairs","1994","77,255"
"54","Economic affairs","1995","77,277"
"54","Economic affairs","1996","76,819"
"54","Economic affairs","1997","80,888"
"54","Economic affairs","1998","81,904"
"54","Economic affairs","1999","94,679"
"54","Economic affairs","2000","102,072"
"54","Economic affairs","2001","108,167"
"54","Economic affairs","2002","106,481"
"54","Economic affairs","2003","118,652"
"54","Economic affairs","2004","119,089"
"54","Economic affairs","2005","130,253"
"54","Economic affairs","2006","126,856"
"54","Economic affairs","2007","128,473"
"54","Economic affairs","2008","135,281"
"54","Economic affairs","2009","148,985"
"54","Economic affairs","2010","162,371"
"54","Economic affairs","2011","152,728"
"54","Economic affairs","2012","151,161"
"54","Economic affairs","2013","146,567"
"54","Economic affairs","2014","143,532"
"54","Economic affairs","2015","146,381"
"54","Economic affairs","2016","149,203"
"54","Economic affairs","2017","150,351"
"54","Economic affairs","2018","161,300"
"54","Economic affairs","2019","170,614"
"54","Economic affairs","2020","979,750"
"54","Economic affairs","2021","1,004,311"
"54","Economic affairs","2022","230,027"
"54","Economic affairs","2023","233,612"
"54","Economic affairs","2024","239,536"
"55","Transportation","1959","1,252"
"55","Transportation","1960","1,337"
"55","Transportation","1961","1,503"
"55","Transportation","1962","1,583"
"55","Transportation","1963","1,603"
"55","Transportation","1964","1,698"
"55","Transportation","1965","1,727"
"55","Transportation","1966","1,863"
"55","Transportation","1967","2,069"
"55","Transportation","1968","2,138"
"55","Transportation","1969","2,296"
"55","Transportation","1970","2,719"
"55","Transportation","1971","3,103"
"55","Transportation","1972","3,491"
"55","Transportation","1973","3,794"
"55","Transportation","1974","4,268"
"55","Transportation","1975","5,264"
"55","Transportation","1976","5,708"
"55","Transportation","1977","6,591"
"55","Transportation","1978","7,103"
"55","Transportation","1979","7,941"
"55","Transportation","1980","8,960"
"55","Transportation","1981","9,034"
"55","Transportation","1982","9,323"
"55","Transportation","1983","10,161"
"55","Transportation","1984","10,792"
"55","Transportation","1985","10,993"
"55","Transportation","1986","10,329"
"55","Transportation","1987","10,477"
"55","Transportation","1988","11,430"
"55","Transportation","1989","11,654"
"55","Transportation","1990","12,200"
"55","Transportation","1991","13,278"
"55","Transportation","1992","14,394"
"55","Transportation","1993","14,759"
"55","Transportation","1994","16,127"
"55","Transportation","1995","15,063"
"55","Transportation","1996","15,257"
"55","Transportation","1997","16,687"
"55","Transportation","1998","14,835"
"55","Transportation","1999","14,896"
"55","Transportation","2000","15,182"
"55","Transportation","2001","21,412"
"55","Transportation","2002","22,002"
"55","Transportation","2003","28,628"
"55","Transportation","2004","26,018"
"55","Transportation","2005","27,594"
"55","Transportation","2006","28,937"
"55","Transportation","2007","27,916"
"55","Transportation","2008","31,235"
"55","Transportation","2009","32,278"
"55","Transportation","2010","35,256"
"55","Transportation","2011","36,943"
"55","Transportation","2012","36,836"
"55","Transportation","2013","34,960"
"55","Transportation","2014","35,508"
"55","Transportation","2015","36,860"
"55","Transportation","2016","36,527"
"55","Transportation","2017","38,168"
"55","Transportation","2018","39,914"
"55","Transportation","2019","40,312"
"55","Transportation","2020","56,633"
"55","Transportation","2021","64,562"
"55","Transportation","2022","70,008"
"55","Transportation","2023","59,057"
"55","Transportation","2024","61,118"
"56","Highways","1959","51"
"56","Highways","1960","62"
"56","Highways","1961","67"
"56","Highways","1962","69"
"56","Highways","1963","66"
"56","Highways","1964","71"
"56","Highways","1965","72"
"56","Highways","1966","95"
"56","Highways","1967","110"
"56","Highways","1968","94"
"56","Highways","1969","90"
"56","Highways","1970","144"
"56","Highways","1971","110"
"56","Highways","1972","166"
"56","Highways","1973","170"
"56","Highways","1974","229"
"56","Highways","1975","266"
"56","Highways","1976","281"
"56","Highways","1977","253"
"56","Highways","1978","254"
"56","Highways","1979","281"
"56","Highways","1980","298"
"56","Highways","1981","323"
"56","Highways","1982","287"
"56","Highways","1983","239"
"56","Highways","1984","294"
"56","Highways","1985","254"
"56","Highways","1986","280"
"56","Highways","1987","338"
"56","Highways","1988","317"
"56","Highways","1989","287"
"56","Highways","1990","381"
"56","Highways","1991","447"
"56","Highways","1992","461"
"56","Highways","1993","700"
"56","Highways","1994","1,454"
"56","Highways","1995","1,052"
"56","Highways","1996","1,039"
"56","Highways","1997","694"
"56","Highways","1998","417"
"56","Highways","1999","362"
"56","Highways","2000","305"
"56","Highways","2001","354"
"56","Highways","2002","447"
"56","Highways","2003","485"
"56","Highways","2004","547"
"56","Highways","2005","1,039"
"56","Highways","2006","1,064"
"56","Highways","2007","990"
"56","Highways","2008","968"
"56","Highways","2009","933"
"56","Highways","2010","978"
"56","Highways","2011","1,337"
"56","Highways","2012","1,549"
"56","Highways","2013","1,145"
"56","Highways","2014","1,232"
"56","Highways","2015","1,073"
"56","Highways","2016","1,104"
"56","Highways","2017","609"
"56","Highways","2018","486"
"56","Highways","2019","533"
"56","Highways","2020","636"
"56","Highways","2021","1,835"
"56","Highways","2022","407"
"56","Highways","2023","1,015"
"56","Highways","2024","1,827"
"57","Air","1959","497"
"57","Air","1960","531"
"57","Air","1961","661"
"57","Air","1962","689"
"57","Air","1963","691"
"57","Air","1964","759"
"57","Air","1965","743"
"57","Air","1966","820"
"57","Air","1967","881"
"57","Air","1968","896"
"57","Air","1969","1,027"
"57","Air","1970","1,297"
"57","Air","1971","1,492"
"57","Air","1972","1,522"
"57","Air","1973","1,626"
"57","Air","1974","1,808"
"57","Air","1975","1,910"
"57","Air","1976","2,047"
"57","Air","1977","2,198"
"57","Air","1978","2,317"
"57","Air","1979","2,393"
"57","Air","1980","2,558"
"57","Air","1981","2,691"
"57","Air","1982","2,650"
"57","Air","1983","3,430"
"57","Air","1984","3,644"
"57","Air","1985","4,076"
"57","Air","1986","4,113"
"57","Air","1987","3,986"
"57","Air","1988","4,484"
"57","Air","1989","4,834"
"57","Air","1990","5,094"
"57","Air","1991","5,422"
"57","Air","1992","6,118"
"57","Air","1993","6,064"
"57","Air","1994","5,970"
"57","Air","1995","5,752"
"57","Air","1996","6,147"
"57","Air","1997","8,099"
"57","Air","1998","7,768"
"57","Air","1999","7,858"
"57","Air","2000","7,889"
"57","Air","2001","13,950"
"57","Air","2002","13,439"
"57","Air","2003","18,211"
"57","Air","2004","14,987"
"57","Air","2005","15,339"
"57","Air","2006","16,286"
"57","Air","2007","16,235"
"57","Air","2008","17,861"
"57","Air","2009","18,017"
"57","Air","2010","19,183"
"57","Air","2011","20,000"
"57","Air","2012","20,407"
"57","Air","2013","19,486"
"57","Air","2014","19,802"
"57","Air","2015","21,513"
"57","Air","2016","21,573"
"57","Air","2017","22,598"
"57","Air","2018","24,042"
"57","Air","2019","23,723"
"57","Air","2020","22,989"
"57","Air","2021","26,087"
"57","Air","2022","27,327"
"57","Air","2023","28,533"
"57","Air","2024","30,604"
"58","Water","1959","704"
"58","Water","1960","744"
"58","Water","1961","775"
"58","Water","1962","825"
"58","Water","1963","846"
"58","Water","1964","868"
"58","Water","1965","912"
"58","Water","1966","948"
"58","Water","1967","1,078"
"58","Water","1968","1,128"
"58","Water","1969","1,146"
"58","Water","1970","1,227"
"58","Water","1971","1,385"
"58","Water","1972","1,535"
"58","Water","1973","1,691"
"58","Water","1974","1,886"
"58","Water","1975","2,016"
"58","Water","1976","2,092"
"58","Water","1977","2,336"
"58","Water","1978","2,600"
"58","Water","1979","2,984"
"58","Water","1980","3,303"
"58","Water","1981","3,606"
"58","Water","1982","3,894"
"58","Water","1983","4,410"
"58","Water","1984","4,713"
"58","Water","1985","4,752"
"58","Water","1986","4,438"
"58","Water","1987","4,575"
"58","Water","1988","4,926"
"58","Water","1989","5,004"
"58","Water","1990","5,372"
"58","Water","1991","6,008"
"58","Water","1992","5,989"
"58","Water","1993","6,101"
"58","Water","1994","6,233"
"58","Water","1995","6,038"
"58","Water","1996","6,104"
"58","Water","1997","6,021"
"58","Water","1998","5,474"
"58","Water","1999","5,784"
"58","Water","2000","6,101"
"58","Water","2001","6,313"
"58","Water","2002","6,527"
"58","Water","2003","8,356"
"58","Water","2004","8,657"
"58","Water","2005","9,271"
"58","Water","2006","9,831"
"58","Water","2007","9,089"
"58","Water","2008","10,601"
"58","Water","2009","11,067"
"58","Water","2010","12,168"
"58","Water","2011","13,094"
"58","Water","2012","12,864"
"58","Water","2013","12,396"
"58","Water","2014","12,630"
"58","Water","2015","12,336"
"58","Water","2016","11,815"
"58","Water","2017","12,634"
"58","Water","2018","12,875"
"58","Water","2019","13,849"
"58","Water","2020","13,180"
"58","Water","2021","14,809"
"58","Water","2022","16,695"
"58","Water","2023","17,336"
"58","Water","2024","18,384"
"59","Transit and railroad","1968","20"
"59","Transit and railroad","1969","33"
"59","Transit and railroad","1970","51"
"59","Transit and railroad","1971","116"
"59","Transit and railroad","1972","268"
"59","Transit and railroad","1973","307"
"59","Transit and railroad","1974","345"
"59","Transit and railroad","1975","1,072"
"59","Transit and railroad","1976","1,288"
"59","Transit and railroad","1977","1,804"
"59","Transit and railroad","1978","1,932"
"59","Transit and railroad","1979","2,283"
"59","Transit and railroad","1980","2,801"
"59","Transit and railroad","1981","2,414"
"59","Transit and railroad","1982","2,492"
"59","Transit and railroad","1983","2,082"
"59","Transit and railroad","1984","2,141"
"59","Transit and railroad","1985","1,911"
"59","Transit and railroad","1986","1,498"
"59","Transit and railroad","1987","1,578"
"59","Transit and railroad","1988","1,703"
"59","Transit and railroad","1989","1,529"
"59","Transit and railroad","1990","1,353"
"59","Transit and railroad","1991","1,401"
"59","Transit and railroad","1992","1,826"
"59","Transit and railroad","1993","1,894"
"59","Transit and railroad","1994","2,470"
"59","Transit and railroad","1995","2,221"
"59","Transit and railroad","1996","1,967"
"59","Transit and railroad","1997","1,873"
"59","Transit and railroad","1998","1,176"
"59","Transit and railroad","1999","892"
"59","Transit and railroad","2000","888"
"59","Transit and railroad","2001","795"
"59","Transit and railroad","2002","1,588"
"59","Transit and railroad","2003","1,575"
"59","Transit and railroad","2004","1,827"
"59","Transit and railroad","2005","1,945"
"59","Transit and railroad","2006","1,756"
"59","Transit and railroad","2007","1,603"
"59","Transit and railroad","2008","1,805"
"59","Transit and railroad","2009","2,262"
"59","Transit and railroad","2010","2,928"
"59","Transit and railroad","2011","2,512"
"59","Transit and railroad","2012","2,016"
"59","Transit and railroad","2013","1,933"
"59","Transit and railroad","2014","1,845"
"59","Transit and railroad","2015","1,939"
"59","Transit and railroad","2016","2,036"
"59","Transit and railroad","2017","2,326"
"59","Transit and railroad","2018","2,512"
"59","Transit and railroad","2019","2,207"
"59","Transit and railroad","2020","19,827"
"59","Transit and railroad","2021","21,831"
"59","Transit and railroad","2022","25,579"
"59","Transit and railroad","2023","12,174"
"59","Transit and railroad","2024","10,303"
"60","Space","1959","150"
"60","Space","1960","323"
"60","Space","1961","444"
"60","Space","1962","928"
"60","Space","1963","1,801"
"60","Space","1964","2,307"
"60","Space","1965","2,713"
"60","Space","1966","2,614"
"60","Space","1967","1,933"
"60","Space","1968","1,925"
"60","Space","1969","1,758"
"60","Space","1970","2,181"
"60","Space","1971","2,556"
"60","Space","1972","2,631"
"60","Space","1973","2,552"
"60","Space","1974","3,227"
"60","Space","1975","3,599"
"60","Space","1976","3,392"
"60","Space","1977","3,384"
"60","Space","1978","3,455"
"60","Space","1979","3,809"
"60","Space","1980","4,740"
"60","Space","1981","5,412"
"60","Space","1982","6,077"
"60","Space","1983","7,048"
"60","Space","1984","7,335"
"60","Space","1985","7,607"
"60","Space","1986","7,252"
"60","Space","1987","7,806"
"60","Space","1988","8,910"
"60","Space","1989","10,411"
"60","Space","1990","11,599"
"60","Space","1991","12,015"
"60","Space","1992","12,109"
"60","Space","1993","12,814"
"60","Space","1994","12,460"
"60","Space","1995","12,701"
"60","Space","1996","13,467"
"60","Space","1997","14,303"
"60","Space","1998","12,338"
"60","Space","1999","12,074"
"60","Space","2000","12,575"
"60","Space","2001","13,040"
"60","Space","2002","12,431"
"60","Space","2003","13,289"
"60","Space","2004","14,598"
"60","Space","2005","14,690"
"60","Space","2006","14,710"
"60","Space","2007","16,913"
"60","Space","2008","18,899"
"60","Space","2009","19,875"
"60","Space","2010","19,006"
"60","Space","2011","16,983"
"60","Space","2012","15,825"
"60","Space","2013","15,194"
"60","Space","2014","15,703"
"60","Space","2015","15,355"
"60","Space","2016","14,978"
"60","Space","2017","14,518"
"60","Space","2018","15,685"
"60","Space","2019","16,591"
"60","Space","2020","17,584"
"60","Space","2021","19,156"
"60","Space","2022","19,993"
"60","Space","2023","21,999"
"60","Space","2024","21,230"
"61","Other economic affairs","1959","5,703"
"61","Other economic affairs","1960","3,804"
"61","Other economic affairs","1961","4,142"
"61","Other economic affairs","1962","5,298"
"61","Other economic affairs","1963","4,249"
"61","Other economic affairs","1964","5,020"
"61","Other economic affairs","1965","5,357"
"61","Other economic affairs","1966","5,970"
"61","Other economic affairs","1967","7,752"
"61","Other economic affairs","1968","9,802"
"61","Other economic affairs","1969","11,670"
"61","Other economic affairs","1970","11,525"
"61","Other economic affairs","1971","12,792"
"61","Other economic affairs","1972","16,060"
"61","Other economic affairs","1973","14,808"
"61","Other economic affairs","1974","12,492"
"61","Other economic affairs","1975","17,373"
"61","Other economic affairs","1976","19,313"
"61","Other economic affairs","1977","23,703"
"61","Other economic affairs","1978","33,129"
"61","Other economic affairs","1979","30,215"
"61","Other economic affairs","1980","32,447"
"61","Other economic affairs","1981","36,093"
"61","Other economic affairs","1982","34,218"
"61","Other economic affairs","1983","42,237"
"61","Other economic affairs","1984","38,027"
"61","Other economic affairs","1985","41,575"
"61","Other economic affairs","1986","49,582"
"61","Other economic affairs","1987","50,162"
"61","Other economic affairs","1988","40,895"
"61","Other economic affairs","1989","42,411"
"61","Other economic affairs","1990","43,618"
"61","Other economic affairs","1991","42,521"
"61","Other economic affairs","1992","47,125"
"61","Other economic affairs","1993","51,708"
"61","Other economic affairs","1994","48,668"
"61","Other economic affairs","1995","49,513"
"61","Other economic affairs","1996","48,095"
"61","Other economic affairs","1997","49,898"
"61","Other economic affairs","1998","54,731"
"61","Other economic affairs","1999","67,710"
"61","Other economic affairs","2000","74,314"
"61","Other economic affairs","2001","73,714"
"61","Other economic affairs","2002","72,048"
"61","Other economic affairs","2003","76,735"
"61","Other economic affairs","2004","78,473"
"61","Other economic affairs","2005","87,969"
"61","Other economic affairs","2006","83,209"
"61","Other economic affairs","2007","83,644"
"61","Other economic affairs","2008","85,148"
"61","Other economic affairs","2009","96,832"
"61","Other economic affairs","2010","108,109"
"61","Other economic affairs","2011","98,802"
"61","Other economic affairs","2012","98,499"
"61","Other economic affairs","2013","96,413"
"61","Other economic affairs","2014","92,321"
"61","Other economic affairs","2015","94,166"
"61","Other economic affairs","2016","97,698"
"61","Other economic affairs","2017","97,663"
"61","Other economic affairs","2018","105,700"
"61","Other economic affairs","2019","113,711"
"61","Other economic affairs","2020","905,534"
"61","Other economic affairs","2021","920,593"
"61","Other economic affairs","2022","140,027"
"61","Other economic affairs","2023","152,555"
"61","Other economic affairs","2024","157,188"
"62","General economic and labor affairs","1959","597"
"62","General economic and labor affairs","1960","810"
"62","General economic and labor affairs","1961","970"
"62","General economic and labor affairs","1962","1,247"
"62","General economic and labor affairs","1963","1,422"
"62","General economic and labor affairs","1964","1,359"
"62","General economic and labor affairs","1965","1,757"
"62","General economic and labor affairs","1966","2,414"
"62","General economic and labor affairs","1967","3,154"
"62","General economic and labor affairs","1968","3,713"
"62","General economic and labor affairs","1969","3,807"
"62","General economic and labor affairs","1970","3,980"
"62","General economic and labor affairs","1971","5,350"
"62","General economic and labor affairs","1972","6,668"
"62","General economic and labor affairs","1973","6,947"
"62","General economic and labor affairs","1974","6,213"
"62","General economic and labor affairs","1975","8,883"
"62","General economic and labor affairs","1976","10,382"
"62","General economic and labor affairs","1977","12,257"
"62","General economic and labor affairs","1978","18,232"
"62","General economic and labor affairs","1979","16,313"
"62","General economic and labor affairs","1980","16,159"
"62","General economic and labor affairs","1981","13,592"
"62","General economic and labor affairs","1982","10,579"
"62","General economic and labor affairs","1983","9,834"
"62","General economic and labor affairs","1984","9,973"
"62","General economic and labor affairs","1985","11,105"
"62","General economic and labor affairs","1986","11,352"
"62","General economic and labor affairs","1987","11,996"
"62","General economic and labor affairs","1988","12,406"
"62","General economic and labor affairs","1989","13,979"
"62","General economic and labor affairs","1990","16,698"
"62","General economic and labor affairs","1991","14,179"
"62","General economic and labor affairs","1992","15,934"
"62","General economic and labor affairs","1993","13,093"
"62","General economic and labor affairs","1994","13,580"
"62","General economic and labor affairs","1995","14,959"
"62","General economic and labor affairs","1996","15,675"
"62","General economic and labor affairs","1997","16,247"
"62","General economic and labor affairs","1998","15,626"
"62","General economic and labor affairs","1999","16,949"
"62","General economic and labor affairs","2000","20,511"
"62","General economic and labor affairs","2001","18,270"
"62","General economic and labor affairs","2002","21,007"
"62","General economic and labor affairs","2003","20,927"
"62","General economic and labor affairs","2004","23,802"
"62","General economic and labor affairs","2005","23,008"
"62","General economic and labor affairs","2006","23,492"
"62","General economic and labor affairs","2007","25,043"
"62","General economic and labor affairs","2008","27,447"
"62","General economic and labor affairs","2009","37,572"
"62","General economic and labor affairs","2010","35,303"
"62","General economic and labor affairs","2011","34,833"
"62","General economic and labor affairs","2012","34,786"
"62","General economic and labor affairs","2013","36,398"
"62","General economic and labor affairs","2014","35,182"
"62","General economic and labor affairs","2015","34,125"
"62","General economic and labor affairs","2016","35,536"
"62","General economic and labor affairs","2017","37,541"
"62","General economic and labor affairs","2018","42,346"
"62","General economic and labor affairs","2019","43,220"
"62","General economic and labor affairs","2020","804,707"
"62","General economic and labor affairs","2021","836,792"
"62","General economic and labor affairs","2022","83,072"
"62","General economic and labor affairs","2023","74,356"
"62","General economic and labor affairs","2024","64,454"
"63","Agriculture","1959","4,377"
"63","Agriculture","1960","2,455"
"63","Agriculture","1961","2,524"
"63","Agriculture","1962","3,511"
"63","Agriculture","1963","2,694"
"63","Agriculture","1964","3,275"
"63","Agriculture","1965","3,260"
"63","Agriculture","1966","3,075"
"63","Agriculture","1967","3,389"
"63","Agriculture","1968","5,233"
"63","Agriculture","1969","6,535"
"63","Agriculture","1970","5,747"
"63","Agriculture","1971","5,399"
"63","Agriculture","1972","6,884"
"63","Agriculture","1973","5,568"
"63","Agriculture","1974","2,985"
"63","Agriculture","1975","3,805"
"63","Agriculture","1976","3,732"
"63","Agriculture","1977","4,879"
"63","Agriculture","1978","6,674"
"63","Agriculture","1979","5,313"
"63","Agriculture","1980","7,090"
"63","Agriculture","1981","7,606"
"63","Agriculture","1982","11,302"
"63","Agriculture","1983","18,721"
"63","Agriculture","1984","14,213"
"63","Agriculture","1985","17,447"
"63","Agriculture","1986","26,197"
"63","Agriculture","1987","25,498"
"63","Agriculture","1988","16,054"
"63","Agriculture","1989","16,762"
"63","Agriculture","1990","14,575"
"63","Agriculture","1991","15,427"
"63","Agriculture","1992","17,082"
"63","Agriculture","1993","21,225"
"63","Agriculture","1994","14,998"
"63","Agriculture","1995","13,906"
"63","Agriculture","1996","13,561"
"63","Agriculture","1997","14,988"
"63","Agriculture","1998","19,317"
"63","Agriculture","1999","29,704"
"63","Agriculture","2000","31,541"
"63","Agriculture","2001","31,921"
"63","Agriculture","2002","22,640"
"63","Agriculture","2003","25,939"
"63","Agriculture","2004","22,257"
"63","Agriculture","2005","33,493"
"63","Agriculture","2006","27,179"
"63","Agriculture","2007","22,006"
"63","Agriculture","2008","22,502"
"63","Agriculture","2009","21,831"
"63","Agriculture","2010","25,494"
"63","Agriculture","2011","21,158"
"63","Agriculture","2012","21,265"
"63","Agriculture","2013","21,070"
"63","Agriculture","2014","19,698"
"63","Agriculture","2015","21,616"
"63","Agriculture","2016","22,983"
"63","Agriculture","2017","22,174"
"63","Agriculture","2018","24,815"
"63","Agriculture","2019","33,463"
"63","Agriculture","2020","58,418"
"63","Agriculture","2021","40,798"
"63","Agriculture","2022","29,320"
"63","Agriculture","2023","28,567"
"63","Agriculture","2024","26,883"
"64","Energy","1959","400"
"64","Energy","1960","379"
"64","Energy","1961","479"
"64","Energy","1962","422"
"64","Energy","1963","180"
"64","Energy","1964","342"
"64","Energy","1965","275"
"64","Energy","1966","271"
"64","Energy","1967","557"
"64","Energy","1968","500"
"64","Energy","1969","621"
"64","Energy","1970","626"
"64","Energy","1971","735"
"64","Energy","1972","919"
"64","Energy","1973","886"
"64","Energy","1974","1,626"
"64","Energy","1975","2,626"
"64","Energy","1976","3,099"
"64","Energy","1977","4,054"
"64","Energy","1978","5,595"
"64","Energy","1979","4,968"
"64","Energy","1980","5,238"
"64","Energy","1981","9,778"
"64","Energy","1982","6,881"
"64","Energy","1983","7,336"
"64","Energy","1984","7,332"
"64","Energy","1985","6,779"
"64","Energy","1986","5,712"
"64","Energy","1987","5,962"
"64","Energy","1988","5,927"
"64","Energy","1989","5,260"
"64","Energy","1990","5,427"
"64","Energy","1991","5,117"
"64","Energy","1992","6,066"
"64","Energy","1993","10,367"
"64","Energy","1994","10,387"
"64","Energy","1995","11,675"
"64","Energy","1996","9,539"
"64","Energy","1997","9,191"
"64","Energy","1998","7,618"
"64","Energy","1999","9,061"
"64","Energy","2000","7,983"
"64","Energy","2001","8,231"
"64","Energy","2002","11,505"
"64","Energy","2003","13,832"
"64","Energy","2004","14,633"
"64","Energy","2005","12,603"
"64","Energy","2006","13,582"
"64","Energy","2007","13,581"
"64","Energy","2008","13,305"
"64","Energy","2009","15,547"
"64","Energy","2010","22,265"
"64","Energy","2011","18,985"
"64","Energy","2012","17,926"
"64","Energy","2013","15,255"
"64","Energy","2014","14,218"
"64","Energy","2015","15,331"
"64","Energy","2016","14,998"
"64","Energy","2017","13,574"
"64","Energy","2018","14,208"
"64","Energy","2019","13,220"
"64","Energy","2020","16,883"
"64","Energy","2021","13,971"
"64","Energy","2022","-4,290"
"64","Energy","2023","16,537"
"64","Energy","2024","25,179"
"65","Natural resources","1959","329"
"65","Natural resources","1960","160"
"65","Natural resources","1961","169"
"65","Natural resources","1962","118"
"65","Natural resources","1963","-47"
"65","Natural resources","1964","44"
"65","Natural resources","1965","65"
"65","Natural resources","1966","210"
"65","Natural resources","1967","652"
"65","Natural resources","1968","356"
"65","Natural resources","1969","707"
"65","Natural resources","1970","1,172"
"65","Natural resources","1971","1,308"
"65","Natural resources","1972","1,589"
"65","Natural resources","1973","1,407"
"65","Natural resources","1974","1,668"
"65","Natural resources","1975","2,059"
"65","Natural resources","1976","2,100"
"65","Natural resources","1977","2,513"
"65","Natural resources","1978","2,628"
"65","Natural resources","1979","3,621"
"65","Natural resources","1980","3,960"
"65","Natural resources","1981","5,117"
"65","Natural resources","1982","5,456"
"65","Natural resources","1983","6,418"
"65","Natural resources","1984","6,520"
"65","Natural resources","1985","6,794"
"65","Natural resources","1986","6,592"
"65","Natural resources","1987","6,573"
"65","Natural resources","1988","7,035"
"65","Natural resources","1989","6,952"
"65","Natural resources","1990","7,589"
"65","Natural resources","1991","8,321"
"65","Natural resources","1992","8,347"
"65","Natural resources","1993","7,023"
"65","Natural resources","1994","9,703"
"65","Natural resources","1995","8,973"
"65","Natural resources","1996","9,320"
"65","Natural resources","1997","9,472"
"65","Natural resources","1998","12,186"
"65","Natural resources","1999","12,019"
"65","Natural resources","2000","14,284"
"65","Natural resources","2001","15,301"
"65","Natural resources","2002","16,936"
"65","Natural resources","2003","16,078"
"65","Natural resources","2004","17,817"
"65","Natural resources","2005","18,896"
"65","Natural resources","2006","18,997"
"65","Natural resources","2007","23,062"
"65","Natural resources","2008","21,959"
"65","Natural resources","2009","21,946"
"65","Natural resources","2010","25,116"
"65","Natural resources","2011","23,881"
"65","Natural resources","2012","24,572"
"65","Natural resources","2013","23,726"
"65","Natural resources","2014","23,239"
"65","Natural resources","2015","23,111"
"65","Natural resources","2016","24,199"
"65","Natural resources","2017","24,406"
"65","Natural resources","2018","24,360"
"65","Natural resources","2019","23,825"
"65","Natural resources","2020","25,555"
"65","Natural resources","2021","29,089"
"65","Natural resources","2022","31,955"
"65","Natural resources","2023","33,246"
"65","Natural resources","2024","40,849"
"66","Postal service","1983","-72"
"66","Postal service","1984","-11"
"66","Postal service","1985","-550"
"66","Postal service","1986","-271"
"66","Postal service","1987","133"
"66","Postal service","1988","-527"
"66","Postal service","1989","-542"
"66","Postal service","1990","-671"
"66","Postal service","1991","-523"
"66","Postal service","1992","-304"
"66","Postal service","1993","0"
"66","Postal service","1994","0"
"66","Postal service","1995","0"
"66","Postal service","1996","0"
"66","Postal service","1997","0"
"66","Postal service","1998","-17"
"66","Postal service","1999","-23"
"66","Postal service","2000","-6"
"66","Postal service","2001","-9"
"66","Postal service","2002","-41"
"66","Postal service","2003","-41"
"66","Postal service","2004","-36"
"66","Postal service","2005","-30"
"66","Postal service","2006","-42"
"66","Postal service","2007","-47"
"66","Postal service","2008","-65"
"66","Postal service","2009","-64"
"66","Postal service","2010","-70"
"66","Postal service","2011","-56"
"66","Postal service","2012","-51"
"66","Postal service","2013","-35"
"66","Postal service","2014","-17"
"66","Postal service","2015","-18"
"66","Postal service","2016","-19"
"66","Postal service","2017","-32"
"66","Postal service","2018","-29"
"66","Postal service","2019","-18"
"66","Postal service","2020","-29"
"66","Postal service","2021","-57"
"66","Postal service","2022","-31"
"66","Postal service","2023","-150"
"66","Postal service","2024","-177"
"67","Housing and community services","1959","248"
"67","Housing and community services","1960","345"
"67","Housing and community services","1961","418"
"67","Housing and community services","1962","521"
"67","Housing and community services","1963","705"
"67","Housing and community services","1964","1,001"
"67","Housing and community services","1965","841"
"67","Housing and community services","1966","858"
"67","Housing and community services","1967","1,051"
"67","Housing and community services","1968","1,125"
"67","Housing and community services","1969","1,336"
"67","Housing and community services","1970","2,403"
"67","Housing and community services","1971","3,207"
"67","Housing and community services","1972","3,859"
"67","Housing and community services","1973","4,203"
"67","Housing and community services","1974","4,559"
"67","Housing and community services","1975","5,327"
"67","Housing and community services","1976","6,300"
"67","Housing and community services","1977","6,825"
"67","Housing and community services","1978","7,395"
"67","Housing and community services","1979","9,079"
"67","Housing and community services","1980","10,801"
"67","Housing and community services","1981","12,055"
"67","Housing and community services","1982","13,512"
"67","Housing and community services","1983","14,223"
"67","Housing and community services","1984","15,219"
"67","Housing and community services","1985","16,520"
"67","Housing and community services","1986","17,020"
"67","Housing and community services","1987","16,963"
"67","Housing and community services","1988","18,090"
"67","Housing and community services","1989","19,162"
"67","Housing and community services","1990","20,066"
"67","Housing and community services","1991","21,563"
"67","Housing and community services","1992","23,002"
"67","Housing and community services","1993","26,069"
"67","Housing and community services","1994","27,915"
"67","Housing and community services","1995","31,283"
"67","Housing and community services","1996","32,451"
"67","Housing and community services","1997","32,594"
"67","Housing and community services","1998","35,009"
"67","Housing and community services","1999","35,316"
"67","Housing and community services","2000","33,299"
"67","Housing and community services","2001","35,165"
"67","Housing and community services","2002","40,479"
"67","Housing and community services","2003","42,878"
"67","Housing and community services","2004","44,190"
"67","Housing and community services","2005","47,995"
"67","Housing and community services","2006","47,584"
"67","Housing and community services","2007","53,723"
"67","Housing and community services","2008","50,383"
"67","Housing and community services","2009","53,152"
"67","Housing and community services","2010","60,510"
"67","Housing and community services","2011","62,458"
"67","Housing and community services","2012","58,378"
"67","Housing and community services","2013","57,090"
"67","Housing and community services","2014","57,199"
"67","Housing and community services","2015","58,025"
"67","Housing and community services","2016","59,966"
"67","Housing and community services","2017","59,962"
"67","Housing and community services","2018","59,905"
"67","Housing and community services","2019","60,541"
"67","Housing and community services","2020","63,862"
"67","Housing and community services","2021","71,791"
"67","Housing and community services","2022","72,200"
"67","Housing and community services","2023","79,337"
"67","Housing and community services","2024","87,844"
"68","Health","1959","2,395"
"68","Health","1960","2,500"
"68","Health","1961","2,919"
"68","Health","1962","2,875"
"68","Health","1963","3,086"
"68","Health","1964","3,165"
"68","Health","1965","3,252"
"68","Health","1966","5,875"
"68","Health","1967","10,671"
"68","Health","1968","11,250"
"68","Health","1969","12,909"
"68","Health","1970","16,069"
"68","Health","1971","17,921"
"68","Health","1972","21,867"
"68","Health","1973","24,069"
"68","Health","1974","29,384"
"68","Health","1975","34,691"
"68","Health","1976","40,148"
"68","Health","1977","45,081"
"68","Health","1978","50,661"
"68","Health","1979","57,650"
"68","Health","1980","67,613"
"68","Health","1981","79,273"
"68","Health","1982","88,182"
"68","Health","1983","97,974"
"68","Health","1984","108,593"
"68","Health","1985","117,352"
"68","Health","1986","126,096"
"68","Health","1987","135,768"
"68","Health","1988","146,917"
"68","Health","1989","164,779"
"68","Health","1990","185,132"
"68","Health","1991","211,883"
"68","Health","1992","241,767"
"68","Health","1993","267,557"
"68","Health","1994","287,842"
"68","Health","1995","314,379"
"68","Health","1996","335,740"
"68","Health","1997","353,581"
"68","Health","1998","357,850"
"68","Health","1999","368,640"
"68","Health","2000","390,965"
"68","Health","2001","442,976"
"68","Health","2002","479,234"
"68","Health","2003","517,801"
"68","Health","2004","562,191"
"68","Health","2005","601,324"
"68","Health","2006","665,911"
"68","Health","2007","714,573"
"68","Health","2008","766,963"
"68","Health","2009","870,227"
"68","Health","2010","919,907"
"68","Health","2011","927,638"
"68","Health","2012","944,504"
"68","Health","2013","979,795"
"68","Health","2014","1,080,987"
"68","Health","2015","1,173,783"
"68","Health","2016","1,229,647"
"68","Health","2017","1,269,448"
"68","Health","2018","1,346,340"
"68","Health","2019","1,439,826"
"68","Health","2020","1,672,821"
"68","Health","2021","1,772,323"
"68","Health","2022","1,911,391"
"68","Health","2023","2,012,451"
"68","Health","2024","2,148,765"
"69","Recreation and culture","1959","80"
"69","Recreation and culture","1960","95"
"69","Recreation and culture","1961","109"
"69","Recreation and culture","1962","131"
"69","Recreation and culture","1963","150"
"69","Recreation and culture","1964","142"
"69","Recreation and culture","1965","171"
"69","Recreation and culture","1966","190"
"69","Recreation and culture","1967","240"
"69","Recreation and culture","1968","283"
"69","Recreation and culture","1969","360"
"69","Recreation and culture","1970","413"
"69","Recreation and culture","1971","512"
"69","Recreation and culture","1972","605"
"69","Recreation and culture","1973","678"
"69","Recreation and culture","1974","919"
"69","Recreation and culture","1975","952"
"69","Recreation and culture","1976","1,155"
"69","Recreation and culture","1977","1,200"
"69","Recreation and culture","1978","1,387"
"69","Recreation and culture","1979","1,423"
"69","Recreation and culture","1980","1,665"
"69","Recreation and culture","1981","1,782"
"69","Recreation and culture","1982","1,547"
"69","Recreation and culture","1983","1,395"
"69","Recreation and culture","1984","2,100"
"69","Recreation and culture","1985","1,583"
"69","Recreation and culture","1986","1,692"
"69","Recreation and culture","1987","1,602"
"69","Recreation and culture","1988","1,715"
"69","Recreation and culture","1989","1,751"
"69","Recreation and culture","1990","1,905"
"69","Recreation and culture","1991","2,116"
"69","Recreation and culture","1992","2,225"
"69","Recreation and culture","1993","2,370"
"69","Recreation and culture","1994","2,496"
"69","Recreation and culture","1995","2,517"
"69","Recreation and culture","1996","2,673"
"69","Recreation and culture","1997","2,587"
"69","Recreation and culture","1998","2,668"
"69","Recreation and culture","1999","2,427"
"69","Recreation and culture","2000","2,988"
"69","Recreation and culture","2001","3,334"
"69","Recreation and culture","2002","3,918"
"69","Recreation and culture","2003","4,001"
"69","Recreation and culture","2004","4,362"
"69","Recreation and culture","2005","4,587"
"69","Recreation and culture","2006","4,663"
"69","Recreation and culture","2007","4,584"
"69","Recreation and culture","2008","4,884"
"69","Recreation and culture","2009","5,217"
"69","Recreation and culture","2010","5,728"
"69","Recreation and culture","2011","5,281"
"69","Recreation and culture","2012","5,399"
"69","Recreation and culture","2013","5,339"
"69","Recreation and culture","2014","5,284"
"69","Recreation and culture","2015","5,095"
"69","Recreation and culture","2016","5,343"
"69","Recreation and culture","2017","5,341"
"69","Recreation and culture","2018","5,533"
"69","Recreation and culture","2019","5,705"
"69","Recreation and culture","2020","5,980"
"69","Recreation and culture","2021","6,332"
"69","Recreation and culture","2022","6,526"
"69","Recreation and culture","2023","6,793"
"69","Recreation and culture","2024","7,004"
"70","Education","1959","1,038"
"70","Education","1960","897"
"70","Education","1961","840"
"70","Education","1962","853"
"70","Education","1963","924"
"70","Education","1964","1,030"
"70","Education","1965","1,270"
"70","Education","1966","3,390"
"70","Education","1967","4,036"
"70","Education","1968","4,262"
"70","Education","1969","4,670"
"70","Education","1970","5,971"
"70","Education","1971","6,766"
"70","Education","1972","7,987"
"70","Education","1973","8,012"
"70","Education","1974","9,689"
"70","Education","1975","12,634"
"70","Education","1976","11,254"
"70","Education","1977","11,622"
"70","Education","1978","12,195"
"70","Education","1979","13,652"
"70","Education","1980","15,217"
"70","Education","1981","16,255"
"70","Education","1982","15,022"
"70","Education","1983","15,272"
"70","Education","1984","16,144"
"70","Education","1985","16,854"
"70","Education","1986","16,735"
"70","Education","1987","16,296"
"70","Education","1988","18,223"
"70","Education","1989","21,098"
"70","Education","1990","21,447"
"70","Education","1991","23,236"
"70","Education","1992","25,995"
"70","Education","1993","29,009"
"70","Education","1994","29,647"
"70","Education","1995","30,161"
"70","Education","1996","31,770"
"70","Education","1997","32,431"
"70","Education","1998","36,258"
"70","Education","1999","39,316"
"70","Education","2000","40,493"
"70","Education","2001","46,120"
"70","Education","2002","52,208"
"70","Education","2003","58,871"
"70","Education","2004","64,942"
"70","Education","2005","67,659"
"70","Education","2006","69,941"
"70","Education","2007","68,618"
"70","Education","2008","75,820"
"70","Education","2009","105,633"
"70","Education","2010","138,647"
"70","Education","2011","135,800"
"70","Education","2012","117,136"
"70","Education","2013","110,060"
"70","Education","2014","108,076"
"70","Education","2015","107,208"
"70","Education","2016","104,358"
"70","Education","2017","103,303"
"70","Education","2018","105,256"
"70","Education","2019","103,741"
"70","Education","2020","117,695"
"70","Education","2021","169,738"
"70","Education","2022","179,256"
"70","Education","2023","178,621"
"70","Education","2024","172,707"
"71","Elementary and secondary","1959","402"
"71","Elementary and secondary","1960","269"
"71","Elementary and secondary","1961","278"
"71","Elementary and secondary","1962","292"
"71","Elementary and secondary","1963","294"
"71","Elementary and secondary","1964","346"
"71","Elementary and secondary","1965","345"
"71","Elementary and secondary","1966","1,753"
"71","Elementary and secondary","1967","1,789"
"71","Elementary and secondary","1968","1,946"
"71","Elementary and secondary","1969","1,866"
"71","Elementary and secondary","1970","2,173"
"71","Elementary and secondary","1971","2,365"
"71","Elementary and secondary","1972","3,047"
"71","Elementary and secondary","1973","2,699"
"71","Elementary and secondary","1974","3,501"
"71","Elementary and secondary","1975","4,118"
"71","Elementary and secondary","1976","3,203"
"71","Elementary and secondary","1977","4,025"
"71","Elementary and secondary","1978","4,508"
"71","Elementary and secondary","1979","5,360"
"71","Elementary and secondary","1980","5,832"
"71","Elementary and secondary","1981","5,712"
"71","Elementary and secondary","1982","5,613"
"71","Elementary and secondary","1983","4,854"
"71","Elementary and secondary","1984","6,587"
"71","Elementary and secondary","1985","6,566"
"71","Elementary and secondary","1986","6,582"
"71","Elementary and secondary","1987","6,169"
"71","Elementary and secondary","1988","7,427"
"71","Elementary and secondary","1989","8,364"
"71","Elementary and secondary","1990","8,631"
"71","Elementary and secondary","1991","9,570"
"71","Elementary and secondary","1992","10,638"
"71","Elementary and secondary","1993","11,411"
"71","Elementary and secondary","1994","11,725"
"71","Elementary and secondary","1995","11,169"
"71","Elementary and secondary","1996","12,875"
"71","Elementary and secondary","1997","12,820"
"71","Elementary and secondary","1998","14,856"
"71","Elementary and secondary","1999","16,847"
"71","Elementary and secondary","2000","18,073"
"71","Elementary and secondary","2001","19,906"
"71","Elementary and secondary","2002","23,198"
"71","Elementary and secondary","2003","28,990"
"71","Elementary and secondary","2004","33,903"
"71","Elementary and secondary","2005","35,347"
"71","Elementary and secondary","2006","36,011"
"71","Elementary and secondary","2007","34,867"
"71","Elementary and secondary","2008","37,128"
"71","Elementary and secondary","2009","57,141"
"71","Elementary and secondary","2010","66,760"
"71","Elementary and secondary","2011","56,188"
"71","Elementary and secondary","2012","40,858"
"71","Elementary and secondary","2013","39,276"
"71","Elementary and secondary","2014","38,003"
"71","Elementary and secondary","2015","38,194"
"71","Elementary and secondary","2016","37,502"
"71","Elementary and secondary","2017","37,818"
"71","Elementary and secondary","2018","39,388"
"71","Elementary and secondary","2019","37,228"
"71","Elementary and secondary","2020","52,442"
"71","Elementary and secondary","2021","105,484"
"71","Elementary and secondary","2022","114,639"
"71","Elementary and secondary","2023","110,095"
"71","Elementary and secondary","2024","96,672"
"72","Higher","1959","9"
"72","Higher","1960","193"
"72","Higher","1961","227"
"72","Higher","1962","253"
"72","Higher","1963","310"
"72","Higher","1964","344"
"72","Higher","1965","491"
"72","Higher","1966","700"
"72","Higher","1967","1,063"
"72","Higher","1968","933"
"72","Higher","1969","949"
"72","Higher","1970","1,217"
"72","Higher","1971","1,282"
"72","Higher","1972","1,254"
"72","Higher","1973","1,173"
"72","Higher","1974","1,312"
"72","Higher","1975","1,845"
"72","Higher","1976","2,461"
"72","Higher","1977","3,004"
"72","Higher","1978","3,238"
"72","Higher","1979","4,125"
"72","Higher","1980","5,469"
"72","Higher","1981","6,623"
"72","Higher","1982","5,708"
"72","Higher","1983","6,822"
"72","Higher","1984","6,395"
"72","Higher","1985","7,029"
"72","Higher","1986","6,805"
"72","Higher","1987","6,860"
"72","Higher","1988","7,588"
"72","Higher","1989","9,530"
"72","Higher","1990","9,290"
"72","Higher","1991","9,455"
"72","Higher","1992","10,336"
"72","Higher","1993","11,860"
"72","Higher","1994","11,274"
"72","Higher","1995","12,013"
"72","Higher","1996","11,787"
"72","Higher","1997","12,389"
"72","Higher","1998","15,740"
"72","Higher","1999","16,724"
"72","Higher","2000","16,131"
"72","Higher","2001","18,299"
"72","Higher","2002","20,734"
"72","Higher","2003","21,586"
"72","Higher","2004","22,924"
"72","Higher","2005","23,697"
"72","Higher","2006","24,120"
"72","Higher","2007","24,858"
"72","Higher","2008","29,377"
"72","Higher","2009","37,578"
"72","Higher","2010","49,628"
"72","Higher","2011","52,408"
"72","Higher","2012","47,776"
"72","Higher","2013","43,079"
"72","Higher","2014","41,970"
"72","Higher","2015","40,379"
"72","Higher","2016","39,035"
"72","Higher","2017","37,817"
"72","Higher","2018","39,081"
"72","Higher","2019","39,591"
"72","Higher","2020","38,592"
"72","Higher","2021","37,313"
"72","Higher","2022","38,514"
"72","Higher","2023","42,197"
"72","Higher","2024","48,055"
"73","Other","1959","627"
"73","Other","1960","435"
"73","Other","1961","335"
"73","Other","1962","308"
"73","Other","1963","320"
"73","Other","1964","340"
"73","Other","1965","434"
"73","Other","1966","937"
"73","Other","1967","1,184"
"73","Other","1968","1,383"
"73","Other","1969","1,855"
"73","Other","1970","2,581"
"73","Other","1971","3,119"
"73","Other","1972","3,686"
"73","Other","1973","4,140"
"73","Other","1974","4,876"
"73","Other","1975","6,671"
"73","Other","1976","5,590"
"73","Other","1977","4,593"
"73","Other","1978","4,449"
"73","Other","1979","4,167"
"73","Other","1980","3,916"
"73","Other","1981","3,920"
"73","Other","1982","3,701"
"73","Other","1983","3,596"
"73","Other","1984","3,162"
"73","Other","1985","3,259"
"73","Other","1986","3,348"
"73","Other","1987","3,267"
"73","Other","1988","3,208"
"73","Other","1989","3,204"
"73","Other","1990","3,526"
"73","Other","1991","4,211"
"73","Other","1992","5,021"
"73","Other","1993","5,738"
"73","Other","1994","6,648"
"73","Other","1995","6,979"
"73","Other","1996","7,108"
"73","Other","1997","7,222"
"73","Other","1998","5,661"
"73","Other","1999","5,746"
"73","Other","2000","6,289"
"73","Other","2001","7,914"
"73","Other","2002","8,276"
"73","Other","2003","8,296"
"73","Other","2004","8,116"
"73","Other","2005","8,614"
"73","Other","2006","9,811"
"73","Other","2007","8,893"
"73","Other","2008","9,315"
"73","Other","2009","10,914"
"73","Other","2010","22,258"
"73","Other","2011","27,204"
"73","Other","2012","28,501"
"73","Other","2013","27,705"
"73","Other","2014","28,103"
"73","Other","2015","28,635"
"73","Other","2016","27,821"
"73","Other","2017","27,668"
"73","Other","2018","26,787"
"73","Other","2019","26,922"
"73","Other","2020","26,661"
"73","Other","2021","26,941"
"73","Other","2022","26,103"
"73","Other","2023","26,329"
"73","Other","2024","27,979"
"74","Income security","1959","20,093"
"74","Income security","1960","21,680"
"74","Income security","1961","25,251"
"74","Income security","1962","26,319"
"74","Income security","1963","27,612"
"74","Income security","1964","28,448"
"74","Income security","1965","31,044"
"74","Income security","1966","32,303"
"74","Income security","1967","35,147"
"74","Income security","1968","39,674"
"74","Income security","1969","43,253"
"74","Income security","1970","53,233"
"74","Income security","1971","64,267"
"74","Income security","1972","71,763"
"74","Income security","1973","80,470"
"74","Income security","1974","95,957"
"74","Income security","1975","124,095"
"74","Income security","1976","134,611"
"74","Income security","1977","142,572"
"74","Income security","1978","151,417"
"74","Income security","1979","167,970"
"74","Income security","1980","202,102"
"74","Income security","1981","225,809"
"74","Income security","1982","251,040"
"74","Income security","1983","266,505"
"74","Income security","1984","267,446"
"74","Income security","1985","279,338"
"74","Income security","1986","293,368"
"74","Income security","1987","300,052"
"74","Income security","1988","317,309"
"74","Income security","1989","339,418"
"74","Income security","1990","369,670"
"74","Income security","1991","409,188"
"74","Income security","1992","454,208"
"74","Income security","1993","473,811"
"74","Income security","1994","491,014"
"74","Income security","1995","510,473"
"74","Income security","1996","529,386"
"74","Income security","1997","543,420"
"74","Income security","1998","561,843"
"74","Income security","1999","582,033"
"74","Income security","2000","611,710"
"74","Income security","2001","653,385"
"74","Income security","2002","719,518"
"74","Income security","2003","754,353"
"74","Income security","2004","775,944"
"74","Income security","2005","817,375"
"74","Income security","2006","861,276"
"74","Income security","2007","899,771"
"74","Income security","2008","1,064,865"
"74","Income security","2009","1,178,938"
"74","Income security","2010","1,283,632"
"74","Income security","2011","1,274,620"
"74","Income security","2012","1,257,326"
"74","Income security","2013","1,284,770"
"74","Income security","2014","1,299,308"
"74","Income security","2015","1,341,501"
"74","Income security","2016","1,371,909"
"74","Income security","2017","1,410,619"
"74","Income security","2018","1,463,874"
"74","Income security","2019","1,540,070"
"74","Income security","2020","2,469,731"
"74","Income security","2021","2,770,828"
"74","Income security","2022","2,053,861"
"74","Income security","2023","2,046,772"
"74","Income security","2024","2,164,786"
"75","Disability","1959","3,959"
"75","Disability","1960","4,243"
"75","Disability","1961","4,781"
"75","Disability","1962","4,936"
"75","Disability","1963","5,331"
"75","Disability","1964","5,540"
"75","Disability","1965","6,022"
"75","Disability","1966","6,148"
"75","Disability","1967","6,739"
"75","Disability","1968","7,281"
"75","Disability","1969","8,040"
"75","Disability","1970","9,102"
"75","Disability","1971","10,600"
"75","Disability","1972","12,036"
"75","Disability","1973","13,992"
"75","Disability","1974","15,910"
"75","Disability","1975","18,148"
"75","Disability","1976","20,475"
"75","Disability","1977","22,812"
"75","Disability","1978","24,460"
"75","Disability","1979","27,422"
"75","Disability","1980","30,084"
"75","Disability","1981","33,141"
"75","Disability","1982","34,356"
"75","Disability","1983","35,194"
"75","Disability","1984","35,628"
"75","Disability","1985","36,940"
"75","Disability","1986","37,936"
"75","Disability","1987","38,722"
"75","Disability","1988","40,215"
"75","Disability","1989","41,949"
"75","Disability","1990","44,377"
"75","Disability","1991","47,303"
"75","Disability","1992","51,064"
"75","Disability","1993","57,326"
"75","Disability","1994","59,436"
"75","Disability","1995","62,859"
"75","Disability","1996","67,931"
"75","Disability","1997","70,790"
"75","Disability","1998","72,503"
"75","Disability","1999","76,641"
"75","Disability","2000","81,331"
"75","Disability","2001","87,778"
"75","Disability","2002","96,831"
"75","Disability","2003","104,195"
"75","Disability","2004","113,458"
"75","Disability","2005","123,206"
"75","Disability","2006","132,896"
"75","Disability","2007","142,364"
"75","Disability","2008","152,403"
"75","Disability","2009","169,450"
"75","Disability","2010","178,562"
"75","Disability","2011","187,749"
"75","Disability","2012","201,244"
"75","Disability","2013","212,111"
"75","Disability","2014","218,410"
"75","Disability","2015","227,543"
"75","Disability","2016","229,343"
"75","Disability","2017","235,077"
"75","Disability","2018","243,106"
"75","Disability","2019","253,766"
"75","Disability","2020","261,742"
"75","Disability","2021","264,674"
"75","Disability","2022","283,705"
"75","Disability","2023","315,205"
"75","Disability","2024","344,501"
"76","Retirement","1959","10,463"
"76","Retirement","1960","11,592"
"76","Retirement","1961","12,789"
"76","Retirement","1962","14,439"
"76","Retirement","1963","15,239"
"76","Retirement","1964","16,010"
"76","Retirement","1965","17,834"
"76","Retirement","1966","19,341"
"76","Retirement","1967","20,743"
"76","Retirement","1968","24,147"
"76","Retirement","1969","25,816"
"76","Retirement","1970","30,740"
"76","Retirement","1971","35,629"
"76","Retirement","1972","39,563"
"76","Retirement","1973","48,525"
"76","Retirement","1974","54,561"
"76","Retirement","1975","61,921"
"76","Retirement","1976","69,294"
"76","Retirement","1977","76,863"
"76","Retirement","1978","84,411"
"76","Retirement","1979","94,938"
"76","Retirement","1980","109,792"
"76","Retirement","1981","129,049"
"76","Retirement","1982","144,629"
"76","Retirement","1983","155,501"
"76","Retirement","1984","163,941"
"76","Retirement","1985","173,505"
"76","Retirement","1986","183,249"
"76","Retirement","1987","190,178"
"76","Retirement","1988","202,277"
"76","Retirement","1989","214,961"
"76","Retirement","1990","230,186"
"76","Retirement","1991","247,895"
"76","Retirement","1992","262,452"
"76","Retirement","1993","273,536"
"76","Retirement","1994","286,373"
"76","Retirement","1995","299,577"
"76","Retirement","1996","309,571"
"76","Retirement","1997","322,682"
"76","Retirement","1998","336,037"
"76","Retirement","1999","342,955"
"76","Retirement","2000","361,840"
"76","Retirement","2001","381,201"
"76","Retirement","2002","397,480"
"76","Retirement","2003","409,755"
"76","Retirement","2004","425,006"
"76","Retirement","2005","445,561"
"76","Retirement","2006","471,393"
"76","Retirement","2007","497,239"
"76","Retirement","2008","520,609"
"76","Retirement","2009","581,172"
"76","Retirement","2010","590,158"
"76","Retirement","2011","607,975"
"76","Retirement","2012","650,915"
"76","Retirement","2013","685,439"
"76","Retirement","2014","720,597"
"76","Retirement","2015","755,559"
"76","Retirement","2016","782,642"
"76","Retirement","2017","812,970"
"76","Retirement","2018","859,352"
"76","Retirement","2019","917,600"
"76","Retirement","2020","967,319"
"76","Retirement","2021","1,007,796"
"76","Retirement","2022","1,103,412"
"76","Retirement","2023","1,243,134"
"76","Retirement","2024","1,328,669"
"77","Welfare and social services","1959","2,330"
"77","Welfare and social services","1960","2,205"
"77","Welfare and social services","1961","2,601"
"77","Welfare and social services","1962","3,014"
"77","Welfare and social services","1963","3,232"
"77","Welfare and social services","1964","3,362"
"77","Welfare and social services","1965","3,927"
"77","Welfare and social services","1966","3,647"
"77","Welfare and social services","1967","4,208"
"77","Welfare and social services","1968","5,073"
"77","Welfare and social services","1969","6,036"
"77","Welfare and social services","1970","7,935"
"77","Welfare and social services","1971","10,776"
"77","Welfare and social services","1972","12,760"
"77","Welfare and social services","1973","11,615"
"77","Welfare and social services","1974","16,588"
"77","Welfare and social services","1975","22,391"
"77","Welfare and social services","1976","24,613"
"77","Welfare and social services","1977","25,657"
"77","Welfare and social services","1978","28,382"
"77","Welfare and social services","1979","31,046"
"77","Welfare and social services","1980","37,411"
"77","Welfare and social services","1981","39,954"
"77","Welfare and social services","1982","39,959"
"77","Welfare and social services","1983","42,606"
"77","Welfare and social services","1984","45,120"
"77","Welfare and social services","1985","46,264"
"77","Welfare and social services","1986","48,152"
"77","Welfare and social services","1987","49,109"
"77","Welfare and social services","1988","52,277"
"77","Welfare and social services","1989","56,108"
"77","Welfare and social services","1990","63,249"
"77","Welfare and social services","1991","72,892"
"77","Welfare and social services","1992","82,516"
"77","Welfare and social services","1993","87,421"
"77","Welfare and social services","1994","93,178"
"77","Welfare and social services","1995","95,608"
"77","Welfare and social services","1996","95,533"
"77","Welfare and social services","1997","94,392"
"77","Welfare and social services","1998","94,464"
"77","Welfare and social services","1999","97,330"
"77","Welfare and social services","2000","100,956"
"77","Welfare and social services","2001","108,292"
"77","Welfare and social services","2002","120,085"
"77","Welfare and social services","2003","136,800"
"77","Welfare and social services","2004","130,471"
"77","Welfare and social services","2005","137,409"
"77","Welfare and social services","2006","139,569"
"77","Welfare and social services","2007","145,694"
"77","Welfare and social services","2008","172,049"
"77","Welfare and social services","2009","187,693"
"77","Welfare and social services","2010","207,547"
"77","Welfare and social services","2011","209,636"
"77","Welfare and social services","2012","212,439"
"77","Welfare and social services","2013","214,115"
"77","Welfare and social services","2014","210,535"
"77","Welfare and social services","2015","211,573"
"77","Welfare and social services","2016","211,235"
"77","Welfare and social services","2017","212,247"
"77","Welfare and social services","2018","208,340"
"77","Welfare and social services","2019","209,394"
"77","Welfare and social services","2020","525,240"
"77","Welfare and social services","2021","894,442"
"77","Welfare and social services","2022","328,691"
"77","Welfare and social services","2023","297,666"
"77","Welfare and social services","2024","289,975"
"78","Unemployment","1959","3,077"
"78","Unemployment","1960","3,341"
"78","Unemployment","1961","4,748"
"78","Unemployment","1962","3,536"
"78","Unemployment","1963","3,382"
"78","Unemployment","1964","3,097"
"78","Unemployment","1965","2,749"
"78","Unemployment","1966","2,404"
"78","Unemployment","1967","2,756"
"78","Unemployment","1968","2,754"
"78","Unemployment","1969","2,869"
"78","Unemployment","1970","4,765"
"78","Unemployment","1971","6,653"
"78","Unemployment","1972","6,683"
"78","Unemployment","1973","5,249"
"78","Unemployment","1974","7,785"
"78","Unemployment","1975","18,933"
"78","Unemployment","1976","17,608"
"78","Unemployment","1977","14,500"
"78","Unemployment","1978","11,620"
"78","Unemployment","1979","11,784"
"78","Unemployment","1980","20,410"
"78","Unemployment","1981","18,942"
"78","Unemployment","1982","27,647"
"78","Unemployment","1983","28,845"
"78","Unemployment","1984","18,384"
"78","Unemployment","1985","18,530"
"78","Unemployment","1986","19,279"
"78","Unemployment","1987","17,379"
"78","Unemployment","1988","16,121"
"78","Unemployment","1989","17,223"
"78","Unemployment","1990","21,260"
"78","Unemployment","1991","30,304"
"78","Unemployment","1992","43,067"
"78","Unemployment","1993","38,254"
"78","Unemployment","1994","27,360"
"78","Unemployment","1995","25,432"
"78","Unemployment","1996","26,014"
"78","Unemployment","1997","23,703"
"78","Unemployment","1998","23,395"
"78","Unemployment","1999","24,357"
"78","Unemployment","2000","23,913"
"78","Unemployment","2001","35,665"
"78","Unemployment","2002","57,442"
"78","Unemployment","2003","56,939"
"78","Unemployment","2004","41,352"
"78","Unemployment","2005","35,313"
"78","Unemployment","2006","34,172"
"78","Unemployment","2007","36,479"
"78","Unemployment","2008","55,422"
"78","Unemployment","2009","145,391"
"78","Unemployment","2010","154,779"
"78","Unemployment","2011","111,810"
"78","Unemployment","2012","88,443"
"78","Unemployment","2013","66,836"
"78","Unemployment","2014","39,144"
"78","Unemployment","2015","35,737"
"78","Unemployment","2016","35,481"
"78","Unemployment","2017","33,772"
"78","Unemployment","2018","31,384"
"78","Unemployment","2019","31,333"
"78","Unemployment","2020","540,502"
"78","Unemployment","2021","326,770"
"78","Unemployment","2022","30,307"
"78","Unemployment","2023","38,240"
"78","Unemployment","2024","41,770"
"79","Other","1959","264"
"79","Other","1960","299"
"79","Other","1961","332"
"79","Other","1962","394"
"79","Other","1963","428"
"79","Other","1964","439"
"79","Other","1965","512"
"79","Other","1966","763"
"79","Other","1967","701"
"79","Other","1968","419"
"79","Other","1969","492"
"79","Other","1970","691"
"79","Other","1971","609"
"79","Other","1972","721"
"79","Other","1973","1,089"
"79","Other","1974","1,113"
"79","Other","1975","2,702"
"79","Other","1976","2,621"
"79","Other","1977","2,740"
"79","Other","1978","2,544"
"79","Other","1979","2,780"
"79","Other","1980","4,405"
"79","Other","1981","4,723"
"79","Other","1982","4,449"
"79","Other","1983","4,359"
"79","Other","1984","4,373"
"79","Other","1985","4,099"
"79","Other","1986","4,752"
"79","Other","1987","4,664"
"79","Other","1988","6,419"
"79","Other","1989","9,177"
"79","Other","1990","10,598"
"79","Other","1991","10,794"
"79","Other","1992","15,109"
"79","Other","1993","17,274"
"79","Other","1994","24,667"
"79","Other","1995","26,997"
"79","Other","1996","30,337"
"79","Other","1997","31,853"
"79","Other","1998","35,444"
"79","Other","1999","40,750"
"79","Other","2000","43,671"
"79","Other","2001","40,449"
"79","Other","2002","47,680"
"79","Other","2003","46,664"
"79","Other","2004","65,656"
"79","Other","2005","75,886"
"79","Other","2006","83,245"
"79","Other","2007","77,995"
"79","Other","2008","164,382"
"79","Other","2009","95,233"
"79","Other","2010","152,586"
"79","Other","2011","157,449"
"79","Other","2012","104,284"
"79","Other","2013","106,268"
"79","Other","2014","110,621"
"79","Other","2015","111,089"
"79","Other","2016","113,208"
"79","Other","2017","116,553"
"79","Other","2018","121,692"
"79","Other","2019","127,977"
"79","Other","2020","174,928"
"79","Other","2021","277,146"
"79","Other","2022","307,747"
"79","Other","2023","152,527"
"79","Other","2024","159,871"
"80","State and local","1959","38,340"
"80","State and local","1960","41,674"
"80","State and local","1961","45,537"
"80","State and local","1962","48,565"
"80","State and local","1963","52,258"
"80","State and local","1964","56,828"
"80","State and local","1965","62,230"
"80","State and local","1966","69,467"
"80","State and local","1967","77,707"
"80","State and local","1968","89,144"
"80","State and local","1969","101,385"
"80","State and local","1970","117,619"
"80","State and local","1971","135,031"
"80","State and local","1972","151,041"
"80","State and local","1973","167,445"
"80","State and local","1974","188,970"
"80","State and local","1975","218,744"
"80","State and local","1976","236,616"
"80","State and local","1977","257,773"
"80","State and local","1978","280,929"
"80","State and local","1979","307,518"
"80","State and local","1980","341,811"
"80","State and local","1981","377,640"
"80","State and local","1982","411,278"
"80","State and local","1983","443,714"
"80","State and local","1984","476,308"
"80","State and local","1985","519,884"
"80","State and local","1986","561,347"
"80","State and local","1987","599,896"
"80","State and local","1988","641,669"
"80","State and local","1989","700,705"
"80","State and local","1990","766,321"
"80","State and local","1991","839,981"
"80","State and local","1992","907,036"
"80","State and local","1993","950,427"
"80","State and local","1994","999,065"
"80","State and local","1995","1,051,396"
"80","State and local","1996","1,087,491"
"80","State and local","1997","1,128,665"
"80","State and local","1998","1,179,713"
"80","State and local","1999","1,261,779"
"80","State and local","2000","1,344,959"
"80","State and local","2001","1,473,097"
"80","State and local","2002","1,569,770"
"80","State and local","2003","1,652,245"
"80","State and local","2004","1,728,188"
"80","State and local","2005","1,820,311"
"80","State and local","2006","1,900,356"
"80","State and local","2007","2,030,711"
"80","State and local","2008","2,136,154"
"80","State and local","2009","2,256,873"
"80","State and local","2010","2,300,603"
"80","State and local","2011","2,304,212"
"80","State and local","2012","2,338,054"
"80","State and local","2013","2,409,390"
"80","State and local","2014","2,492,288"
"80","State and local","2015","2,586,773"
"80","State and local","2016","2,667,419"
"80","State and local","2017","2,738,369"
"80","State and local","2018","2,843,030"
"80","State and local","2019","2,994,264"
"80","State and local","2020","3,130,191"
"80","State and local","2021","3,340,804"
"80","State and local","2022","3,596,186"
"80","State and local","2023","3,772,730"
"80","State and local","2024","3,969,565"
"81","General public service","1959","6,084"
"81","General public service","1960","6,696"
"81","General public service","1961","7,507"
"81","General public service","1962","8,220"
"81","General public service","1963","8,730"
"81","General public service","1964","9,593"
"81","General public service","1965","10,422"
"81","General public service","1966","11,563"
"81","General public service","1967","12,878"
"81","General public service","1968","15,070"
"81","General public service","1969","17,411"
"81","General public service","1970","20,413"
"81","General public service","1971","23,798"
"81","General public service","1972","27,795"
"81","General public service","1973","32,334"
"81","General public service","1974","37,810"
"81","General public service","1975","44,318"
"81","General public service","1976","48,439"
"81","General public service","1977","53,852"
"81","General public service","1978","58,759"
"81","General public service","1979","64,401"
"81","General public service","1980","71,642"
"81","General public service","1981","79,350"
"81","General public service","1982","89,294"
"81","General public service","1983","100,985"
"81","General public service","1984","108,890"
"81","General public service","1985","120,548"
"81","General public service","1986","130,400"
"81","General public service","1987","137,913"
"81","General public service","1988","144,087"
"81","General public service","1989","155,358"
"81","General public service","1990","161,183"
"81","General public service","1991","174,346"
"81","General public service","1992","186,477"
"81","General public service","1993","190,118"
"81","General public service","1994","195,899"
"81","General public service","1995","205,448"
"81","General public service","1996","206,323"
"81","General public service","1997","211,783"
"81","General public service","1998","213,416"
"81","General public service","1999","221,158"
"81","General public service","2000","224,668"
"81","General public service","2001","250,373"
"81","General public service","2002","279,894"
"81","General public service","2003","314,085"
"81","General public service","2004","309,960"
"81","General public service","2005","323,427"
"81","General public service","2006","346,801"
"81","General public service","2007","355,822"
"81","General public service","2008","373,525"
"81","General public service","2009","441,109"
"81","General public service","2010","442,163"
"81","General public service","2011","437,868"
"81","General public service","2012","452,116"
"81","General public service","2013","447,749"
"81","General public service","2014","442,218"
"81","General public service","2015","450,756"
"81","General public service","2016","463,277"
"81","General public service","2017","477,491"
"81","General public service","2018","481,428"
"81","General public service","2019","514,104"
"81","General public service","2020","518,107"
"81","General public service","2021","533,377"
"81","General public service","2022","537,452"
"81","General public service","2023","582,255"
"81","General public service","2024","584,192"
"82","Executive and legislative","1959","621"
"82","Executive and legislative","1960","677"
"82","Executive and legislative","1961","736"
"82","Executive and legislative","1962","677"
"82","Executive and legislative","1963","684"
"82","Executive and legislative","1964","746"
"82","Executive and legislative","1965","796"
"82","Executive and legislative","1966","863"
"82","Executive and legislative","1967","966"
"82","Executive and legislative","1968","1,179"
"82","Executive and legislative","1969","1,334"
"82","Executive and legislative","1970","1,486"
"82","Executive and legislative","1971","1,642"
"82","Executive and legislative","1972","1,829"
"82","Executive and legislative","1973","2,150"
"82","Executive and legislative","1974","2,589"
"82","Executive and legislative","1975","2,842"
"82","Executive and legislative","1976","2,923"
"82","Executive and legislative","1977","3,184"
"82","Executive and legislative","1978","3,525"
"82","Executive and legislative","1979","3,906"
"82","Executive and legislative","1980","4,430"
"82","Executive and legislative","1981","5,020"
"82","Executive and legislative","1982","5,670"
"82","Executive and legislative","1983","5,835"
"82","Executive and legislative","1984","6,062"
"82","Executive and legislative","1985","6,615"
"82","Executive and legislative","1986","7,154"
"82","Executive and legislative","1987","7,746"
"82","Executive and legislative","1988","8,407"
"82","Executive and legislative","1989","9,138"
"82","Executive and legislative","1990","10,259"
"82","Executive and legislative","1991","10,988"
"82","Executive and legislative","1992","11,471"
"82","Executive and legislative","1993","11,815"
"82","Executive and legislative","1994","12,553"
"82","Executive and legislative","1995","13,215"
"82","Executive and legislative","1996","13,920"
"82","Executive and legislative","1997","14,779"
"82","Executive and legislative","1998","15,966"
"82","Executive and legislative","1999","17,442"
"82","Executive and legislative","2000","18,569"
"82","Executive and legislative","2001","20,049"
"82","Executive and legislative","2002","21,753"
"82","Executive and legislative","2003","23,133"
"82","Executive and legislative","2004","25,080"
"82","Executive and legislative","2005","25,951"
"82","Executive and legislative","2006","28,535"
"82","Executive and legislative","2007","31,394"
"82","Executive and legislative","2008","32,814"
"82","Executive and legislative","2009","32,589"
"82","Executive and legislative","2010","32,116"
"82","Executive and legislative","2011","31,831"
"82","Executive and legislative","2012","31,877"
"82","Executive and legislative","2013","33,891"
"82","Executive and legislative","2014","35,231"
"82","Executive and legislative","2015","36,583"
"82","Executive and legislative","2016","37,681"
"82","Executive and legislative","2017","38,606"
"82","Executive and legislative","2018","40,879"
"82","Executive and legislative","2019","44,337"
"82","Executive and legislative","2020","47,229"
"82","Executive and legislative","2021","50,210"
"82","Executive and legislative","2022","52,973"
"82","Executive and legislative","2023","55,188"
"82","Executive and legislative","2024","59,295"
"83","Tax collection and financial management","1959","1,159"
"83","Tax collection and financial management","1960","1,285"
"83","Tax collection and financial management","1961","1,361"
"83","Tax collection and financial management","1962","1,451"
"83","Tax collection and financial management","1963","1,442"
"83","Tax collection and financial management","1964","1,555"
"83","Tax collection and financial management","1965","1,621"
"83","Tax collection and financial management","1966","1,791"
"83","Tax collection and financial management","1967","2,022"
"83","Tax collection and financial management","1968","2,248"
"83","Tax collection and financial management","1969","3,078"
"83","Tax collection and financial management","1970","3,366"
"83","Tax collection and financial management","1971","3,392"
"83","Tax collection and financial management","1972","3,634"
"83","Tax collection and financial management","1973","3,780"
"83","Tax collection and financial management","1974","4,361"
"83","Tax collection and financial management","1975","5,415"
"83","Tax collection and financial management","1976","5,343"
"83","Tax collection and financial management","1977","6,116"
"83","Tax collection and financial management","1978","6,628"
"83","Tax collection and financial management","1979","6,825"
"83","Tax collection and financial management","1980","7,044"
"83","Tax collection and financial management","1981","7,365"
"83","Tax collection and financial management","1982","8,986"
"83","Tax collection and financial management","1983","10,947"
"83","Tax collection and financial management","1984","11,241"
"83","Tax collection and financial management","1985","14,598"
"83","Tax collection and financial management","1986","15,278"
"83","Tax collection and financial management","1987","15,104"
"83","Tax collection and financial management","1988","16,382"
"83","Tax collection and financial management","1989","17,270"
"83","Tax collection and financial management","1990","17,646"
"83","Tax collection and financial management","1991","18,492"
"83","Tax collection and financial management","1992","19,951"
"83","Tax collection and financial management","1993","21,073"
"83","Tax collection and financial management","1994","22,498"
"83","Tax collection and financial management","1995","23,088"
"83","Tax collection and financial management","1996","23,112"
"83","Tax collection and financial management","1997","24,093"
"83","Tax collection and financial management","1998","25,644"
"83","Tax collection and financial management","1999","27,817"
"83","Tax collection and financial management","2000","28,342"
"83","Tax collection and financial management","2001","29,139"
"83","Tax collection and financial management","2002","30,130"
"83","Tax collection and financial management","2003","28,941"
"83","Tax collection and financial management","2004","29,581"
"83","Tax collection and financial management","2005","30,260"
"83","Tax collection and financial management","2006","30,029"
"83","Tax collection and financial management","2007","31,006"
"83","Tax collection and financial management","2008","36,538"
"83","Tax collection and financial management","2009","36,751"
"83","Tax collection and financial management","2010","36,327"
"83","Tax collection and financial management","2011","34,994"
"83","Tax collection and financial management","2012","33,644"
"83","Tax collection and financial management","2013","34,824"
"83","Tax collection and financial management","2014","35,758"
"83","Tax collection and financial management","2015","36,221"
"83","Tax collection and financial management","2016","37,341"
"83","Tax collection and financial management","2017","39,559"
"83","Tax collection and financial management","2018","41,856"
"83","Tax collection and financial management","2019","43,092"
"83","Tax collection and financial management","2020","44,289"
"83","Tax collection and financial management","2021","55,754"
"83","Tax collection and financial management","2022","72,538"
"83","Tax collection and financial management","2023","75,957"
"83","Tax collection and financial management","2024","77,729"
"84","Interest payments","1959","3,208"
"84","Interest payments","1960","3,575"
"84","Interest payments","1961","3,949"
"84","Interest payments","1962","4,553"
"84","Interest payments","1963","5,001"
"84","Interest payments","1964","5,431"
"84","Interest payments","1965","5,868"
"84","Interest payments","1966","6,432"
"84","Interest payments","1967","7,159"
"84","Interest payments","1968","8,236"
"84","Interest payments","1969","9,170"
"84","Interest payments","1970","11,053"
"84","Interest payments","1971","13,386"
"84","Interest payments","1972","15,834"
"84","Interest payments","1973","18,689"
"84","Interest payments","1974","21,542"
"84","Interest payments","1975","24,936"
"84","Interest payments","1976","27,828"
"84","Interest payments","1977","30,492"
"84","Interest payments","1978","33,334"
"84","Interest payments","1979","37,004"
"84","Interest payments","1980","41,227"
"84","Interest payments","1981","46,664"
"84","Interest payments","1982","53,484"
"84","Interest payments","1983","60,994"
"84","Interest payments","1984","66,237"
"84","Interest payments","1985","72,037"
"84","Interest payments","1986","78,479"
"84","Interest payments","1987","82,344"
"84","Interest payments","1988","85,812"
"84","Interest payments","1989","92,437"
"84","Interest payments","1990","94,277"
"84","Interest payments","1991","104,333"
"84","Interest payments","1992","110,329"
"84","Interest payments","1993","111,304"
"84","Interest payments","1994","113,240"
"84","Interest payments","1995","120,680"
"84","Interest payments","1996","119,376"
"84","Interest payments","1997","119,711"
"84","Interest payments","1998","113,719"
"84","Interest payments","1999","113,439"
"84","Interest payments","2000","111,084"
"84","Interest payments","2001","128,592"
"84","Interest payments","2002","150,952"
"84","Interest payments","2003","183,864"
"84","Interest payments","2004","174,635"
"84","Interest payments","2005","177,142"
"84","Interest payments","2006","188,657"
"84","Interest payments","2007","192,039"
"84","Interest payments","2008","203,906"
"84","Interest payments","2009","267,021"
"84","Interest payments","2010","266,971"
"84","Interest payments","2011","265,766"
"84","Interest payments","2012","281,123"
"84","Interest payments","2013","270,215"
"84","Interest payments","2014","262,263"
"84","Interest payments","2015","268,738"
"84","Interest payments","2016","282,769"
"84","Interest payments","2017","290,949"
"84","Interest payments","2018","286,018"
"84","Interest payments","2019","306,117"
"84","Interest payments","2020","292,428"
"84","Interest payments","2021","277,245"
"84","Interest payments","2022","242,519"
"84","Interest payments","2023","280,059"
"84","Interest payments","2024","278,491"
"85","Other","1959","1,095"
"85","Other","1960","1,159"
"85","Other","1961","1,461"
"85","Other","1962","1,538"
"85","Other","1963","1,604"
"85","Other","1964","1,861"
"85","Other","1965","2,137"
"85","Other","1966","2,477"
"85","Other","1967","2,731"
"85","Other","1968","3,406"
"85","Other","1969","3,830"
"85","Other","1970","4,508"
"85","Other","1971","5,377"
"85","Other","1972","6,498"
"85","Other","1973","7,715"
"85","Other","1974","9,319"
"85","Other","1975","11,124"
"85","Other","1976","12,345"
"85","Other","1977","14,060"
"85","Other","1978","15,271"
"85","Other","1979","16,666"
"85","Other","1980","18,941"
"85","Other","1981","20,300"
"85","Other","1982","21,153"
"85","Other","1983","23,209"
"85","Other","1984","25,351"
"85","Other","1985","27,297"
"85","Other","1986","29,489"
"85","Other","1987","32,718"
"85","Other","1988","33,485"
"85","Other","1989","36,511"
"85","Other","1990","39,000"
"85","Other","1991","40,533"
"85","Other","1992","44,727"
"85","Other","1993","45,927"
"85","Other","1994","47,608"
"85","Other","1995","48,465"
"85","Other","1996","49,916"
"85","Other","1997","53,200"
"85","Other","1998","58,086"
"85","Other","1999","62,460"
"85","Other","2000","66,673"
"85","Other","2001","72,593"
"85","Other","2002","77,059"
"85","Other","2003","78,145"
"85","Other","2004","80,663"
"85","Other","2005","90,074"
"85","Other","2006","99,582"
"85","Other","2007","101,384"
"85","Other","2008","100,268"
"85","Other","2009","104,748"
"85","Other","2010","106,748"
"85","Other","2011","105,277"
"85","Other","2012","105,472"
"85","Other","2013","108,820"
"85","Other","2014","108,966"
"85","Other","2015","109,214"
"85","Other","2016","105,487"
"85","Other","2017","108,377"
"85","Other","2018","112,675"
"85","Other","2019","120,558"
"85","Other","2020","134,161"
"85","Other","2021","150,166"
"85","Other","2022","169,421"
"85","Other","2023","171,052"
"85","Other","2024","168,676"
"86","Public order and safety","1959","4,008"
"86","Public order and safety","1960","4,374"
"86","Public order and safety","1961","4,722"
"86","Public order and safety","1962","4,911"
"86","Public order and safety","1963","5,218"
"86","Public order and safety","1964","5,615"
"86","Public order and safety","1965","6,074"
"86","Public order and safety","1966","6,629"
"86","Public order and safety","1967","7,349"
"86","Public order and safety","1968","8,597"
"86","Public order and safety","1969","9,506"
"86","Public order and safety","1970","10,815"
"86","Public order and safety","1971","12,419"
"86","Public order and safety","1972","13,825"
"86","Public order and safety","1973","15,347"
"86","Public order and safety","1974","17,412"
"86","Public order and safety","1975","19,812"
"86","Public order and safety","1976","21,406"
"86","Public order and safety","1977","23,444"
"86","Public order and safety","1978","25,975"
"86","Public order and safety","1979","28,791"
"86","Public order and safety","1980","32,048"
"86","Public order and safety","1981","36,462"
"86","Public order and safety","1982","41,055"
"86","Public order and safety","1983","44,658"
"86","Public order and safety","1984","48,382"
"86","Public order and safety","1985","53,655"
"86","Public order and safety","1986","58,387"
"86","Public order and safety","1987","63,300"
"86","Public order and safety","1988","69,155"
"86","Public order and safety","1989","77,448"
"86","Public order and safety","1990","86,365"
"86","Public order and safety","1991","94,288"
"86","Public order and safety","1992","103,144"
"86","Public order and safety","1993","109,803"
"86","Public order and safety","1994","117,851"
"86","Public order and safety","1995","125,979"
"86","Public order and safety","1996","133,711"
"86","Public order and safety","1997","141,676"
"86","Public order and safety","1998","151,084"
"86","Public order and safety","1999","164,063"
"86","Public order and safety","2000","176,359"
"86","Public order and safety","2001","190,257"
"86","Public order and safety","2002","201,659"
"86","Public order and safety","2003","206,496"
"86","Public order and safety","2004","217,228"
"86","Public order and safety","2005","228,230"
"86","Public order and safety","2006","241,429"
"86","Public order and safety","2007","259,117"
"86","Public order and safety","2008","274,599"
"86","Public order and safety","2009","277,027"
"86","Public order and safety","2010","280,183"
"86","Public order and safety","2011","279,711"
"86","Public order and safety","2012","278,915"
"86","Public order and safety","2013","287,793"
"86","Public order and safety","2014","297,988"
"86","Public order and safety","2015","308,902"
"86","Public order and safety","2016","315,703"
"86","Public order and safety","2017","323,848"
"86","Public order and safety","2018","342,746"
"86","Public order and safety","2019","361,709"
"86","Public order and safety","2020","368,271"
"86","Public order and safety","2021","378,826"
"86","Public order and safety","2022","400,600"
"86","Public order and safety","2023","417,596"
"86","Public order and safety","2024","440,367"
"87","Police","1959","1,873"
"87","Police","1960","2,037"
"87","Police","1961","2,179"
"87","Police","1962","2,313"
"87","Police","1963","2,472"
"87","Police","1964","2,643"
"87","Police","1965","2,877"
"87","Police","1966","3,132"
"87","Police","1967","3,508"
"87","Police","1968","4,275"
"87","Police","1969","4,663"
"87","Police","1970","5,247"
"87","Police","1971","6,027"
"87","Police","1972","6,741"
"87","Police","1973","7,396"
"87","Police","1974","8,339"
"87","Police","1975","9,411"
"87","Police","1976","10,084"
"87","Police","1977","11,069"
"87","Police","1978","12,136"
"87","Police","1979","13,277"
"87","Police","1980","14,558"
"87","Police","1981","16,462"
"87","Police","1982","18,331"
"87","Police","1983","19,636"
"87","Police","1984","20,975"
"87","Police","1985","22,999"
"87","Police","1986","24,671"
"87","Police","1987","26,249"
"87","Police","1988","28,237"
"87","Police","1989","31,118"
"87","Police","1990","34,258"
"87","Police","1991","37,458"
"87","Police","1992","40,947"
"87","Police","1993","42,752"
"87","Police","1994","45,593"
"87","Police","1995","48,964"
"87","Police","1996","52,115"
"87","Police","1997","55,142"
"87","Police","1998","58,465"
"87","Police","1999","63,254"
"87","Police","2000","67,210"
"87","Police","2001","72,667"
"87","Police","2002","77,651"
"87","Police","2003","79,818"
"87","Police","2004","84,251"
"87","Police","2005","88,184"
"87","Police","2006","93,133"
"87","Police","2007","100,400"
"87","Police","2008","106,841"
"87","Police","2009","107,880"
"87","Police","2010","110,997"
"87","Police","2011","111,364"
"87","Police","2012","111,969"
"87","Police","2013","115,559"
"87","Police","2014","119,645"
"87","Police","2015","124,449"
"87","Police","2016","127,784"
"87","Police","2017","132,720"
"87","Police","2018","141,544"
"87","Police","2019","149,137"
"87","Police","2020","151,515"
"87","Police","2021","155,844"
"87","Police","2022","162,173"
"87","Police","2023","168,832"
"87","Police","2024","178,858"
"88","Fire","1959","995"
"88","Fire","1960","1,088"
"88","Fire","1961","1,195"
"88","Fire","1962","1,209"
"88","Fire","1963","1,267"
"88","Fire","1964","1,352"
"88","Fire","1965","1,452"
"88","Fire","1966","1,575"
"88","Fire","1967","1,679"
"88","Fire","1968","1,873"
"88","Fire","1969","2,084"
"88","Fire","1970","2,383"
"88","Fire","1971","2,695"
"88","Fire","1972","2,926"
"88","Fire","1973","3,160"
"88","Fire","1974","3,508"
"88","Fire","1975","4,029"
"88","Fire","1976","4,312"
"88","Fire","1977","4,606"
"88","Fire","1978","5,049"
"88","Fire","1979","5,514"
"88","Fire","1980","6,035"
"88","Fire","1981","6,903"
"88","Fire","1982","7,688"
"88","Fire","1983","8,323"
"88","Fire","1984","8,908"
"88","Fire","1985","9,708"
"88","Fire","1986","10,651"
"88","Fire","1987","11,478"
"88","Fire","1988","11,989"
"88","Fire","1989","13,260"
"88","Fire","1990","14,449"
"88","Fire","1991","15,480"
"88","Fire","1992","17,227"
"88","Fire","1993","17,811"
"88","Fire","1994","18,729"
"88","Fire","1995","19,408"
"88","Fire","1996","20,305"
"88","Fire","1997","21,196"
"88","Fire","1998","22,541"
"88","Fire","1999","24,201"
"88","Fire","2000","26,232"
"88","Fire","2001","27,818"
"88","Fire","2002","29,997"
"88","Fire","2003","31,066"
"88","Fire","2004","33,457"
"88","Fire","2005","35,740"
"88","Fire","2006","38,252"
"88","Fire","2007","41,429"
"88","Fire","2008","44,009"
"88","Fire","2009","44,948"
"88","Fire","2010","45,944"
"88","Fire","2011","46,352"
"88","Fire","2012","46,311"
"88","Fire","2013","48,916"
"88","Fire","2014","50,811"
"88","Fire","2015","52,662"
"88","Fire","2016","54,233"
"88","Fire","2017","55,407"
"88","Fire","2018","59,533"
"88","Fire","2019","63,401"
"88","Fire","2020","65,622"
"88","Fire","2021","67,778"
"88","Fire","2022","70,859"
"88","Fire","2023","74,292"
"88","Fire","2024","79,186"
"89","Law courts","1959","586"
"89","Law courts","1960","629"
"89","Law courts","1961","666"
"89","Law courts","1962","678"
"89","Law courts","1963","728"
"89","Law courts","1964","785"
"89","Law courts","1965","853"
"89","Law courts","1966","952"
"89","Law courts","1967","1,072"
"89","Law courts","1968","1,227"
"89","Law courts","1969","1,393"
"89","Law courts","1970","1,585"
"89","Law courts","1971","1,813"
"89","Law courts","1972","2,048"
"89","Law courts","1973","2,357"
"89","Law courts","1974","2,656"
"89","Law courts","1975","3,001"
"89","Law courts","1976","3,244"
"89","Law courts","1977","3,542"
"89","Law courts","1978","4,009"
"89","Law courts","1979","4,594"
"89","Law courts","1980","5,301"
"89","Law courts","1981","5,952"
"89","Law courts","1982","6,670"
"89","Law courts","1983","7,149"
"89","Law courts","1984","7,637"
"89","Law courts","1985","8,365"
"89","Law courts","1986","8,961"
"89","Law courts","1987","9,613"
"89","Law courts","1988","10,948"
"89","Law courts","1989","12,371"
"89","Law courts","1990","13,866"
"89","Law courts","1991","15,147"
"89","Law courts","1992","16,460"
"89","Law courts","1993","18,667"
"89","Law courts","1994","19,919"
"89","Law courts","1995","21,133"
"89","Law courts","1996","22,168"
"89","Law courts","1997","23,747"
"89","Law courts","1998","25,922"
"89","Law courts","1999","28,423"
"89","Law courts","2000","30,698"
"89","Law courts","2001","33,367"
"89","Law courts","2002","35,252"
"89","Law courts","2003","35,906"
"89","Law courts","2004","37,504"
"89","Law courts","2005","39,280"
"89","Law courts","2006","41,007"
"89","Law courts","2007","43,235"
"89","Law courts","2008","45,616"
"89","Law courts","2009","46,223"
"89","Law courts","2010","46,128"
"89","Law courts","2011","45,406"
"89","Law courts","2012","44,776"
"89","Law courts","2013","45,126"
"89","Law courts","2014","46,497"
"89","Law courts","2015","48,291"
"89","Law courts","2016","49,237"
"89","Law courts","2017","49,862"
"89","Law courts","2018","52,154"
"89","Law courts","2019","54,976"
"89","Law courts","2020","55,982"
"89","Law courts","2021","58,395"
"89","Law courts","2022","63,407"
"89","Law courts","2023","66,629"
"89","Law courts","2024","70,480"
"90","Prisons","1959","553"
"90","Prisons","1960","620"
"90","Prisons","1961","682"
"90","Prisons","1962","711"
"90","Prisons","1963","750"
"90","Prisons","1964","835"
"90","Prisons","1965","892"
"90","Prisons","1966","969"
"90","Prisons","1967","1,089"
"90","Prisons","1968","1,222"
"90","Prisons","1969","1,366"
"90","Prisons","1970","1,600"
"90","Prisons","1971","1,883"
"90","Prisons","1972","2,111"
"90","Prisons","1973","2,433"
"90","Prisons","1974","2,909"
"90","Prisons","1975","3,372"
"90","Prisons","1976","3,766"
"90","Prisons","1977","4,226"
"90","Prisons","1978","4,782"
"90","Prisons","1979","5,406"
"90","Prisons","1980","6,155"
"90","Prisons","1981","7,144"
"90","Prisons","1982","8,366"
"90","Prisons","1983","9,550"
"90","Prisons","1984","10,862"
"90","Prisons","1985","12,584"
"90","Prisons","1986","14,105"
"90","Prisons","1987","15,959"
"90","Prisons","1988","17,982"
"90","Prisons","1989","20,699"
"90","Prisons","1990","23,792"
"90","Prisons","1991","26,203"
"90","Prisons","1992","28,510"
"90","Prisons","1993","30,574"
"90","Prisons","1994","33,610"
"90","Prisons","1995","36,474"
"90","Prisons","1996","39,122"
"90","Prisons","1997","41,592"
"90","Prisons","1998","44,156"
"90","Prisons","1999","48,185"
"90","Prisons","2000","52,218"
"90","Prisons","2001","56,404"
"90","Prisons","2002","58,759"
"90","Prisons","2003","59,706"
"90","Prisons","2004","62,016"
"90","Prisons","2005","65,026"
"90","Prisons","2006","69,037"
"90","Prisons","2007","74,053"
"90","Prisons","2008","78,132"
"90","Prisons","2009","77,977"
"90","Prisons","2010","77,114"
"90","Prisons","2011","76,589"
"90","Prisons","2012","75,858"
"90","Prisons","2013","78,192"
"90","Prisons","2014","81,035"
"90","Prisons","2015","83,500"
"90","Prisons","2016","84,449"
"90","Prisons","2017","85,859"
"90","Prisons","2018","89,515"
"90","Prisons","2019","94,194"
"90","Prisons","2020","95,153"
"90","Prisons","2021","96,809"
"90","Prisons","2022","104,161"
"90","Prisons","2023","107,844"
"90","Prisons","2024","111,842"
"91","Economic affairs","1959","5,870"
"91","Economic affairs","1960","6,181"
"91","Economic affairs","1961","6,571"
"91","Economic affairs","1962","6,929"
"91","Economic affairs","1963","7,379"
"91","Economic affairs","1964","7,833"
"91","Economic affairs","1965","8,454"
"91","Economic affairs","1966","9,241"
"91","Economic affairs","1967","10,027"
"91","Economic affairs","1968","10,815"
"91","Economic affairs","1969","11,954"
"91","Economic affairs","1970","13,276"
"91","Economic affairs","1971","14,622"
"91","Economic affairs","1972","15,783"
"91","Economic affairs","1973","17,517"
"91","Economic affairs","1974","20,884"
"91","Economic affairs","1975","24,001"
"91","Economic affairs","1976","25,265"
"91","Economic affairs","1977","26,679"
"91","Economic affairs","1978","30,125"
"91","Economic affairs","1979","32,660"
"91","Economic affairs","1980","36,744"
"91","Economic affairs","1981","40,576"
"91","Economic affairs","1982","43,690"
"91","Economic affairs","1983","44,960"
"91","Economic affairs","1984","46,461"
"91","Economic affairs","1985","49,779"
"91","Economic affairs","1986","53,009"
"91","Economic affairs","1987","55,560"
"91","Economic affairs","1988","57,940"
"91","Economic affairs","1989","61,135"
"91","Economic affairs","1990","65,255"
"91","Economic affairs","1991","68,895"
"91","Economic affairs","1992","72,577"
"91","Economic affairs","1993","75,099"
"91","Economic affairs","1994","78,414"
"91","Economic affairs","1995","82,276"
"91","Economic affairs","1996","85,376"
"91","Economic affairs","1997","89,321"
"91","Economic affairs","1998","93,369"
"91","Economic affairs","1999","100,336"
"91","Economic affairs","2000","107,021"
"91","Economic affairs","2001","122,051"
"91","Economic affairs","2002","121,555"
"91","Economic affairs","2003","122,443"
"91","Economic affairs","2004","127,921"
"91","Economic affairs","2005","136,251"
"91","Economic affairs","2006","145,550"
"91","Economic affairs","2007","156,950"
"91","Economic affairs","2008","166,792"
"91","Economic affairs","2009","168,553"
"91","Economic affairs","2010","167,461"
"91","Economic affairs","2011","170,587"
"91","Economic affairs","2012","174,620"
"91","Economic affairs","2013","178,740"
"91","Economic affairs","2014","181,818"
"91","Economic affairs","2015","184,107"
"91","Economic affairs","2016","186,076"
"91","Economic affairs","2017","191,209"
"91","Economic affairs","2018","201,873"
"91","Economic affairs","2019","212,056"
"91","Economic affairs","2020","215,440"
"91","Economic affairs","2021","231,143"
"91","Economic affairs","2022","253,930"
"91","Economic affairs","2023","261,396"
"91","Economic affairs","2024","273,825"
"92","Transportation","1959","4,539"
"92","Transportation","1960","4,753"
"92","Transportation","1961","5,011"
"92","Transportation","1962","5,299"
"92","Transportation","1963","5,641"
"92","Transportation","1964","5,944"
"92","Transportation","1965","6,364"
"92","Transportation","1966","6,896"
"92","Transportation","1967","7,448"
"92","Transportation","1968","8,105"
"92","Transportation","1969","8,974"
"92","Transportation","1970","9,908"
"92","Transportation","1971","10,832"
"92","Transportation","1972","11,555"
"92","Transportation","1973","12,798"
"92","Transportation","1974","15,445"
"92","Transportation","1975","17,324"
"92","Transportation","1976","17,845"
"92","Transportation","1977","18,693"
"92","Transportation","1978","20,377"
"92","Transportation","1979","22,331"
"92","Transportation","1980","25,289"
"92","Transportation","1981","28,507"
"92","Transportation","1982","31,297"
"92","Transportation","1983","32,407"
"92","Transportation","1984","33,505"
"92","Transportation","1985","35,695"
"92","Transportation","1986","37,939"
"92","Transportation","1987","39,369"
"92","Transportation","1988","40,930"
"92","Transportation","1989","42,698"
"92","Transportation","1990","45,427"
"92","Transportation","1991","47,995"
"92","Transportation","1992","50,047"
"92","Transportation","1993","51,966"
"92","Transportation","1994","54,326"
"92","Transportation","1995","57,267"
"92","Transportation","1996","59,741"
"92","Transportation","1997","62,641"
"92","Transportation","1998","65,555"
"92","Transportation","1999","70,470"
"92","Transportation","2000","75,058"
"92","Transportation","2001","79,304"
"92","Transportation","2002","82,739"
"92","Transportation","2003","84,919"
"92","Transportation","2004","88,866"
"92","Transportation","2005","96,049"
"92","Transportation","2006","103,423"
"92","Transportation","2007","113,176"
"92","Transportation","2008","121,043"
"92","Transportation","2009","122,469"
"92","Transportation","2010","122,958"
"92","Transportation","2011","126,995"
"92","Transportation","2012","130,905"
"92","Transportation","2013","136,206"
"92","Transportation","2014","139,850"
"92","Transportation","2015","141,284"
"92","Transportation","2016","142,107"
"92","Transportation","2017","145,884"
"92","Transportation","2018","153,766"
"92","Transportation","2019","160,885"
"92","Transportation","2020","161,316"
"92","Transportation","2021","171,272"
"92","Transportation","2022","188,364"
"92","Transportation","2023","194,316"
"92","Transportation","2024","201,718"
"93","Highways","1959","4,539"
"93","Highways","1960","4,753"
"93","Highways","1961","5,011"
"93","Highways","1962","5,299"
"93","Highways","1963","5,629"
"93","Highways","1964","5,934"
"93","Highways","1965","6,346"
"93","Highways","1966","6,872"
"93","Highways","1967","7,422"
"93","Highways","1968","8,078"
"93","Highways","1969","8,949"
"93","Highways","1970","9,884"
"93","Highways","1971","10,798"
"93","Highways","1972","11,502"
"93","Highways","1973","12,717"
"93","Highways","1974","15,329"
"93","Highways","1975","17,166"
"93","Highways","1976","17,656"
"93","Highways","1977","18,483"
"93","Highways","1978","20,138"
"93","Highways","1979","22,004"
"93","Highways","1980","24,935"
"93","Highways","1981","28,105"
"93","Highways","1982","30,843"
"93","Highways","1983","31,965"
"93","Highways","1984","33,120"
"93","Highways","1985","35,368"
"93","Highways","1986","37,633"
"93","Highways","1987","39,094"
"93","Highways","1988","40,578"
"93","Highways","1989","42,322"
"93","Highways","1990","45,053"
"93","Highways","1991","47,583"
"93","Highways","1992","49,659"
"93","Highways","1993","51,603"
"93","Highways","1994","53,986"
"93","Highways","1995","56,957"
"93","Highways","1996","59,410"
"93","Highways","1997","62,205"
"93","Highways","1998","65,109"
"93","Highways","1999","70,041"
"93","Highways","2000","74,524"
"93","Highways","2001","78,675"
"93","Highways","2002","82,206"
"93","Highways","2003","84,515"
"93","Highways","2004","88,497"
"93","Highways","2005","95,678"
"93","Highways","2006","103,050"
"93","Highways","2007","112,799"
"93","Highways","2008","120,654"
"93","Highways","2009","122,062"
"93","Highways","2010","122,533"
"93","Highways","2011","126,554"
"93","Highways","2012","130,447"
"93","Highways","2013","135,731"
"93","Highways","2014","139,355"
"93","Highways","2015","140,770"
"93","Highways","2016","141,573"
"93","Highways","2017","145,330"
"93","Highways","2018","153,189"
"93","Highways","2019","160,285"
"93","Highways","2020","160,693"
"93","Highways","2021","170,623"
"93","Highways","2022","187,696"
"93","Highways","2023","193,624"
"93","Highways","2024","201,004"
"94","Transit and railroad","1963","12"
"94","Transit and railroad","1964","10"
"94","Transit and railroad","1965","18"
"94","Transit and railroad","1966","24"
"94","Transit and railroad","1967","26"
"94","Transit and railroad","1968","27"
"94","Transit and railroad","1969","25"
"94","Transit and railroad","1970","24"
"94","Transit and railroad","1971","34"
"94","Transit and railroad","1972","53"
"94","Transit and railroad","1973","81"
"94","Transit and railroad","1974","116"
"94","Transit and railroad","1975","158"
"94","Transit and railroad","1976","189"
"94","Transit and railroad","1977","210"
"94","Transit and railroad","1978","239"
"94","Transit and railroad","1979","327"
"94","Transit and railroad","1980","354"
"94","Transit and railroad","1981","402"
"94","Transit and railroad","1982","454"
"94","Transit and railroad","1983","442"
"94","Transit and railroad","1984","385"
"94","Transit and railroad","1985","327"
"94","Transit and railroad","1986","306"
"94","Transit and railroad","1987","275"
"94","Transit and railroad","1988","352"
"94","Transit and railroad","1989","376"
"94","Transit and railroad","1990","374"
"94","Transit and railroad","1991","412"
"94","Transit and railroad","1992","388"
"94","Transit and railroad","1993","363"
"94","Transit and railroad","1994","340"
"94","Transit and railroad","1995","310"
"94","Transit and railroad","1996","331"
"94","Transit and railroad","1997","436"
"94","Transit and railroad","1998","446"
"94","Transit and railroad","1999","429"
"94","Transit and railroad","2000","534"
"94","Transit and railroad","2001","629"
"94","Transit and railroad","2002","533"
"94","Transit and railroad","2003","403"
"94","Transit and railroad","2004","369"
"94","Transit and railroad","2005","372"
"94","Transit and railroad","2006","373"
"94","Transit and railroad","2007","377"
"94","Transit and railroad","2008","389"
"94","Transit and railroad","2009","407"
"94","Transit and railroad","2010","425"
"94","Transit and railroad","2011","441"
"94","Transit and railroad","2012","458"
"94","Transit and railroad","2013","476"
"94","Transit and railroad","2014","494"
"94","Transit and railroad","2015","514"
"94","Transit and railroad","2016","534"
"94","Transit and railroad","2017","555"
"94","Transit and railroad","2018","577"
"94","Transit and railroad","2019","599"
"94","Transit and railroad","2020","623"
"94","Transit and railroad","2021","649"
"94","Transit and railroad","2022","668"
"94","Transit and railroad","2023","692"
"94","Transit and railroad","2024","713"
"95","Other economic affairs","1959","1,330"
"95","Other economic affairs","1960","1,428"
"95","Other economic affairs","1961","1,560"
"95","Other economic affairs","1962","1,631"
"95","Other economic affairs","1963","1,738"
"95","Other economic affairs","1964","1,889"
"95","Other economic affairs","1965","2,089"
"95","Other economic affairs","1966","2,346"
"95","Other economic affairs","1967","2,580"
"95","Other economic affairs","1968","2,710"
"95","Other economic affairs","1969","2,980"
"95","Other economic affairs","1970","3,368"
"95","Other economic affairs","1971","3,790"
"95","Other economic affairs","1972","4,228"
"95","Other economic affairs","1973","4,718"
"95","Other economic affairs","1974","5,439"
"95","Other economic affairs","1975","6,677"
"95","Other economic affairs","1976","7,420"
"95","Other economic affairs","1977","7,986"
"95","Other economic affairs","1978","9,748"
"95","Other economic affairs","1979","10,330"
"95","Other economic affairs","1980","11,455"
"95","Other economic affairs","1981","12,069"
"95","Other economic affairs","1982","12,393"
"95","Other economic affairs","1983","12,554"
"95","Other economic affairs","1984","12,956"
"95","Other economic affairs","1985","14,084"
"95","Other economic affairs","1986","15,070"
"95","Other economic affairs","1987","16,191"
"95","Other economic affairs","1988","17,010"
"95","Other economic affairs","1989","18,437"
"95","Other economic affairs","1990","19,829"
"95","Other economic affairs","1991","20,900"
"95","Other economic affairs","1992","22,530"
"95","Other economic affairs","1993","23,133"
"95","Other economic affairs","1994","24,088"
"95","Other economic affairs","1995","25,009"
"95","Other economic affairs","1996","25,635"
"95","Other economic affairs","1997","26,681"
"95","Other economic affairs","1998","27,814"
"95","Other economic affairs","1999","29,866"
"95","Other economic affairs","2000","31,963"
"95","Other economic affairs","2001","42,747"
"95","Other economic affairs","2002","38,816"
"95","Other economic affairs","2003","37,525"
"95","Other economic affairs","2004","39,055"
"95","Other economic affairs","2005","40,201"
"95","Other economic affairs","2006","42,126"
"95","Other economic affairs","2007","43,773"
"95","Other economic affairs","2008","45,749"
"95","Other economic affairs","2009","46,084"
"95","Other economic affairs","2010","44,503"
"95","Other economic affairs","2011","43,592"
"95","Other economic affairs","2012","43,714"
"95","Other economic affairs","2013","42,534"
"95","Other economic affairs","2014","41,968"
"95","Other economic affairs","2015","42,823"
"95","Other economic affairs","2016","43,969"
"95","Other economic affairs","2017","45,324"
"95","Other economic affairs","2018","48,107"
"95","Other economic affairs","2019","51,172"
"95","Other economic affairs","2020","54,124"
"95","Other economic affairs","2021","59,871"
"95","Other economic affairs","2022","65,567"
"95","Other economic affairs","2023","67,080"
"95","Other economic affairs","2024","72,107"
"96","General economic and labor affairs","1959","641"
"96","General economic and labor affairs","1960","677"
"96","General economic and labor affairs","1961","761"
"96","General economic and labor affairs","1962","817"
"96","General economic and labor affairs","1963","855"
"96","General economic and labor affairs","1964","922"
"96","General economic and labor affairs","1965","1,047"
"96","General economic and labor affairs","1966","1,170"
"96","General economic and labor affairs","1967","1,293"
"96","General economic and labor affairs","1968","1,325"
"96","General economic and labor affairs","1969","1,475"
"96","General economic and labor affairs","1970","1,715"
"96","General economic and labor affairs","1971","2,005"
"96","General economic and labor affairs","1972","2,317"
"96","General economic and labor affairs","1973","2,555"
"96","General economic and labor affairs","1974","2,981"
"96","General economic and labor affairs","1975","3,813"
"96","General economic and labor affairs","1976","4,431"
"96","General economic and labor affairs","1977","4,853"
"96","General economic and labor affairs","1978","6,238"
"96","General economic and labor affairs","1979","6,459"
"96","General economic and labor affairs","1980","7,015"
"96","General economic and labor affairs","1981","7,102"
"96","General economic and labor affairs","1982","7,006"
"96","General economic and labor affairs","1983","6,799"
"96","General economic and labor affairs","1984","6,815"
"96","General economic and labor affairs","1985","7,334"
"96","General economic and labor affairs","1986","7,873"
"96","General economic and labor affairs","1987","8,604"
"96","General economic and labor affairs","1988","8,857"
"96","General economic and labor affairs","1989","9,718"
"96","General economic and labor affairs","1990","10,501"
"96","General economic and labor affairs","1991","10,931"
"96","General economic and labor affairs","1992","12,050"
"96","General economic and labor affairs","1993","12,314"
"96","General economic and labor affairs","1994","12,592"
"96","General economic and labor affairs","1995","12,851"
"96","General economic and labor affairs","1996","13,033"
"96","General economic and labor affairs","1997","13,600"
"96","General economic and labor affairs","1998","14,185"
"96","General economic and labor affairs","1999","15,190"
"96","General economic and labor affairs","2000","16,082"
"96","General economic and labor affairs","2001","18,624"
"96","General economic and labor affairs","2002","20,299"
"96","General economic and labor affairs","2003","19,380"
"96","General economic and labor affairs","2004","19,529"
"96","General economic and labor affairs","2005","20,532"
"96","General economic and labor affairs","2006","21,445"
"96","General economic and labor affairs","2007","21,800"
"96","General economic and labor affairs","2008","22,870"
"96","General economic and labor affairs","2009","23,403"
"96","General economic and labor affairs","2010","22,405"
"96","General economic and labor affairs","2011","21,333"
"96","General economic and labor affairs","2012","21,887"
"96","General economic and labor affairs","2013","21,452"
"96","General economic and labor affairs","2014","20,441"
"96","General economic and labor affairs","2015","20,654"
"96","General economic and labor affairs","2016","21,025"
"96","General economic and labor affairs","2017","21,430"
"96","General economic and labor affairs","2018","22,944"
"96","General economic and labor affairs","2019","24,421"
"96","General economic and labor affairs","2020","26,329"
"96","General economic and labor affairs","2021","28,239"
"96","General economic and labor affairs","2022","29,231"
"96","General economic and labor affairs","2023","29,410"
"96","General economic and labor affairs","2024","30,735"
"97","Agriculture","1959","322"
"97","Agriculture","1960","319"
"97","Agriculture","1961","357"
"97","Agriculture","1962","385"
"97","Agriculture","1963","416"
"97","Agriculture","1964","434"
"97","Agriculture","1965","476"
"97","Agriculture","1966","559"
"97","Agriculture","1967","642"
"97","Agriculture","1968","580"
"97","Agriculture","1969","633"
"97","Agriculture","1970","710"
"97","Agriculture","1971","778"
"97","Agriculture","1972","824"
"97","Agriculture","1973","897"
"97","Agriculture","1974","1,004"
"97","Agriculture","1975","1,146"
"97","Agriculture","1976","1,234"
"97","Agriculture","1977","1,294"
"97","Agriculture","1978","1,431"
"97","Agriculture","1979","1,560"
"97","Agriculture","1980","1,764"
"97","Agriculture","1981","1,943"
"97","Agriculture","1982","2,097"
"97","Agriculture","1983","2,293"
"97","Agriculture","1984","2,456"
"97","Agriculture","1985","2,653"
"97","Agriculture","1986","2,830"
"97","Agriculture","1987","2,921"
"97","Agriculture","1988","3,022"
"97","Agriculture","1989","3,245"
"97","Agriculture","1990","3,540"
"97","Agriculture","1991","3,686"
"97","Agriculture","1992","3,765"
"97","Agriculture","1993","3,823"
"97","Agriculture","1994","3,872"
"97","Agriculture","1995","3,937"
"97","Agriculture","1996","4,057"
"97","Agriculture","1997","4,240"
"97","Agriculture","1998","4,469"
"97","Agriculture","1999","5,096"
"97","Agriculture","2000","5,674"
"97","Agriculture","2001","5,873"
"97","Agriculture","2002","5,906"
"97","Agriculture","2003","5,815"
"97","Agriculture","2004","5,759"
"97","Agriculture","2005","5,711"
"97","Agriculture","2006","5,732"
"97","Agriculture","2007","5,883"
"97","Agriculture","2008","6,026"
"97","Agriculture","2009","5,984"
"97","Agriculture","2010","5,963"
"97","Agriculture","2011","5,976"
"97","Agriculture","2012","5,892"
"97","Agriculture","2013","5,969"
"97","Agriculture","2014","6,148"
"97","Agriculture","2015","5,748"
"97","Agriculture","2016","5,772"
"97","Agriculture","2017","6,566"
"97","Agriculture","2018","7,196"
"97","Agriculture","2019","7,685"
"97","Agriculture","2020","7,726"
"97","Agriculture","2021","8,032"
"97","Agriculture","2022","8,818"
"97","Agriculture","2023","9,441"
"97","Agriculture","2024","10,007"
"98","Energy","2001","7,024"
"98","Energy","2002","385"
"98","Energy","2003","-319"
"98","Energy","2004","0"
"98","Energy","2005","0"
"98","Energy","2006","0"
"98","Energy","2007","0"
"98","Energy","2008","0"
"98","Energy","2009","0"
"98","Energy","2010","0"
"98","Energy","2011","0"
"98","Energy","2012","0"
"98","Energy","2013","0"
"98","Energy","2014","0"
"98","Energy","2015","0"
"98","Energy","2016","0"
"98","Energy","2017","0"
"98","Energy","2018","0"
"98","Energy","2019","0"
"98","Energy","2020","0"
"98","Energy","2021","0"
"98","Energy","2022","0"
"98","Energy","2023","0"
"98","Energy","2024","0"
"99","Natural resources","1959","367"
"99","Natural resources","1960","428"
"99","Natural resources","1961","456"
"99","Natural resources","1962","445"
"99","Natural resources","1963","459"
"99","Natural resources","1964","508"
"99","Natural resources","1965","551"
"99","Natural resources","1966","602"
"99","Natural resources","1967","632"
"99","Natural resources","1968","809"
"99","Natural resources","1969","864"
"99","Natural resources","1970","955"
"99","Natural resources","1971","1,040"
"99","Natural resources","1972","1,102"
"99","Natural resources","1973","1,263"
"99","Natural resources","1974","1,450"
"99","Natural resources","1975","1,727"
"99","Natural resources","1976","1,784"
"99","Natural resources","1977","1,851"
"99","Natural resources","1978","2,076"
"99","Natural resources","1979","2,329"
"99","Natural resources","1980","2,705"
"99","Natural resources","1981","3,054"
"99","Natural resources","1982","3,302"
"99","Natural resources","1983","3,485"
"99","Natural resources","1984","3,689"
"99","Natural resources","1985","4,073"
"99","Natural resources","1986","4,331"
"99","Natural resources","1987","4,661"
"99","Natural resources","1988","5,145"
"99","Natural resources","1989","5,471"
"99","Natural resources","1990","5,795"
"99","Natural resources","1991","6,291"
"99","Natural resources","1992","6,715"
"99","Natural resources","1993","7,058"
"99","Natural resources","1994","7,692"
"99","Natural resources","1995","8,218"
"99","Natural resources","1996","8,529"
"99","Natural resources","1997","8,822"
"99","Natural resources","1998","9,125"
"99","Natural resources","1999","9,527"
"99","Natural resources","2000","10,167"
"99","Natural resources","2001","11,193"
"99","Natural resources","2002","12,191"
"99","Natural resources","2003","12,468"
"99","Natural resources","2004","13,447"
"99","Natural resources","2005","13,669"
"99","Natural resources","2006","14,862"
"99","Natural resources","2007","16,144"
"99","Natural resources","2008","16,897"
"99","Natural resources","2009","16,761"
"99","Natural resources","2010","16,200"
"99","Natural resources","2011","16,356"
"99","Natural resources","2012","16,253"
"99","Natural resources","2013","15,223"
"99","Natural resources","2014","15,519"
"99","Natural resources","2015","16,655"
"99","Natural resources","2016","17,582"
"99","Natural resources","2017","17,789"
"99","Natural resources","2018","18,447"
"99","Natural resources","2019","19,561"
"99","Natural resources","2020","20,585"
"99","Natural resources","2021","24,134"
"99","Natural resources","2022","28,096"
"99","Natural resources","2023","28,836"
"99","Natural resources","2024","31,990"
"100","Other","1959","0"
"100","Other","1960","4"
"100","Other","1961","-13"
"100","Other","1962","-16"
"100","Other","1963","8"
"100","Other","1964","25"
"100","Other","1965","14"
"100","Other","1966","15"
"100","Other","1967","13"
"100","Other","1968","-4"
"100","Other","1969","8"
"100","Other","1970","-11"
"100","Other","1971","-33"
"100","Other","1972","-15"
"100","Other","1973","3"
"100","Other","1974","3"
"100","Other","1975","-9"
"100","Other","1976","-30"
"100","Other","1977","-12"
"100","Other","1978","3"
"100","Other","1979","-18"
"100","Other","1980","-29"
"100","Other","1981","-30"
"100","Other","1982","-12"
"100","Other","1983","-24"
"100","Other","1984","-3"
"100","Other","1985","25"
"100","Other","1986","37"
"100","Other","1987","6"
"100","Other","1988","-15"
"100","Other","1989","4"
"100","Other","1990","-7"
"100","Other","1991","-8"
"100","Other","1992","1"
"100","Other","1993","-62"
"100","Other","1994","-67"
"100","Other","1995","3"
"100","Other","1996","16"
"100","Other","1997","19"
"100","Other","1998","35"
"100","Other","1999","54"
"100","Other","2000","40"
"100","Other","2001","34"
"100","Other","2002","34"
"100","Other","2003","180"
"100","Other","2004","320"
"100","Other","2005","289"
"100","Other","2006","88"
"100","Other","2007","-54"
"100","Other","2008","-44"
"100","Other","2009","-64"
"100","Other","2010","-66"
"100","Other","2011","-75"
"100","Other","2012","-318"
"100","Other","2013","-110"
"100","Other","2014","-140"
"100","Other","2015","-234"
"100","Other","2016","-410"
"100","Other","2017","-460"
"100","Other","2018","-480"
"100","Other","2019","-495"
"100","Other","2020","-517"
"100","Other","2021","-534"
"100","Other","2022","-579"
"100","Other","2023","-608"
"100","Other","2024","-625"
"101","Housing and community services","1959","554"
"101","Housing and community services","1960","574"
"101","Housing and community services","1961","573"
"101","Housing and community services","1962","599"
"101","Housing and community services","1963","602"
"101","Housing and community services","1964","641"
"101","Housing and community services","1965","671"
"101","Housing and community services","1966","729"
"101","Housing and community services","1967","791"
"101","Housing and community services","1968","928"
"101","Housing and community services","1969","958"
"101","Housing and community services","1970","1,068"
"101","Housing and community services","1971","1,189"
"101","Housing and community services","1972","1,270"
"101","Housing and community services","1973","1,383"
"101","Housing and community services","1974","1,506"
"101","Housing and community services","1975","1,655"
"101","Housing and community services","1976","1,729"
"101","Housing and community services","1977","1,835"
"101","Housing and community services","1978","2,082"
"101","Housing and community services","1979","2,186"
"101","Housing and community services","1980","2,436"
"101","Housing and community services","1981","2,636"
"101","Housing and community services","1982","2,689"
"101","Housing and community services","1983","2,690"
"101","Housing and community services","1984","2,753"
"101","Housing and community services","1985","2,915"
"101","Housing and community services","1986","3,096"
"101","Housing and community services","1987","3,237"
"101","Housing and community services","1988","3,717"
"101","Housing and community services","1989","4,246"
"101","Housing and community services","1990","4,773"
"101","Housing and community services","1991","5,283"
"101","Housing and community services","1992","5,523"
"101","Housing and community services","1993","5,404"
"101","Housing and community services","1994","5,675"
"101","Housing and community services","1995","5,724"
"101","Housing and community services","1996","6,001"
"101","Housing and community services","1997","6,211"
"101","Housing and community services","1998","6,320"
"101","Housing and community services","1999","6,886"
"101","Housing and community services","2000","7,618"
"101","Housing and community services","2001","8,163"
"101","Housing and community services","2002","8,462"
"101","Housing and community services","2003","8,608"
"101","Housing and community services","2004","8,711"
"101","Housing and community services","2005","9,331"
"101","Housing and community services","2006","8,881"
"101","Housing and community services","2007","15,356"
"101","Housing and community services","2008","11,596"
"101","Housing and community services","2009","9,911"
"101","Housing and community services","2010","9,619"
"101","Housing and community services","2011","8,583"
"101","Housing and community services","2012","8,453"
"101","Housing and community services","2013","8,344"
"101","Housing and community services","2014","7,812"
"101","Housing and community services","2015","7,844"
"101","Housing and community services","2016","8,009"
"101","Housing and community services","2017","8,156"
"101","Housing and community services","2018","9,142"
"101","Housing and community services","2019","10,297"
"101","Housing and community services","2020","10,232"
"101","Housing and community services","2021","12,301"
"101","Housing and community services","2022","11,205"
"101","Housing and community services","2023","11,779"
"101","Housing and community services","2024","11,773"
"102","Health (net)","1959","3,038"
"102","Health (net)","1960","3,277"
"102","Health (net)","1961","3,739"
"102","Health (net)","1962","4,001"
"102","Health (net)","1963","4,385"
"102","Health (net)","1964","4,775"
"102","Health (net)","1965","5,215"
"102","Health (net)","1966","5,963"
"102","Health (net)","1967","7,012"
"102","Health (net)","1968","8,820"
"102","Health (net)","1969","10,061"
"102","Health (net)","1970","11,915"
"102","Health (net)","1971","13,970"
"102","Health (net)","1972","15,826"
"102","Health (net)","1973","17,870"
"102","Health (net)","1974","20,944"
"102","Health (net)","1975","24,777"
"102","Health (net)","1976","26,359"
"102","Health (net)","1977","29,203"
"102","Health (net)","1978","32,334"
"102","Health (net)","1979","35,370"
"102","Health (net)","1980","40,289"
"102","Health (net)","1981","45,625"
"102","Health (net)","1982","49,000"
"102","Health (net)","1983","52,372"
"102","Health (net)","1984","56,316"
"102","Health (net)","1985","61,440"
"102","Health (net)","1986","66,442"
"102","Health (net)","1987","72,523"
"102","Health (net)","1988","79,999"
"102","Health (net)","1989","90,246"
"102","Health (net)","1990","106,225"
"102","Health (net)","1991","130,899"
"102","Health (net)","1992","150,384"
"102","Health (net)","1993","162,256"
"102","Health (net)","1994","172,441"
"102","Health (net)","1995","181,945"
"102","Health (net)","1996","190,410"
"102","Health (net)","1997","193,363"
"102","Health (net)","1998","200,945"
"102","Health (net)","1999","220,464"
"102","Health (net)","2000","237,602"
"102","Health (net)","2001","266,501"
"102","Health (net)","2002","295,880"
"102","Health (net)","2003","312,949"
"102","Health (net)","2004","342,225"
"102","Health (net)","2005","364,598"
"102","Health (net)","2006","361,131"
"102","Health (net)","2007","395,213"
"102","Health (net)","2008","416,876"
"102","Health (net)","2009","446,617"
"102","Health (net)","2010","473,023"
"102","Health (net)","2011","480,803"
"102","Health (net)","2012","491,916"
"102","Health (net)","2013","516,142"
"102","Health (net)","2014","564,348"
"102","Health (net)","2015","609,280"
"102","Health (net)","2016","642,446"
"102","Health (net)","2017","654,889"
"102","Health (net)","2018","679,298"
"102","Health (net)","2019","717,429"
"102","Health (net)","2020","786,627"
"102","Health (net)","2021","864,667"
"102","Health (net)","2022","946,268"
"102","Health (net)","2023","1,007,160"
"102","Health (net)","2024","1,082,057"
"103","Gross expenditures","1959","4,004"
"103","Gross expenditures","1960","4,291"
"103","Gross expenditures","1961","4,801"
"103","Gross expenditures","1962","5,269"
"103","Gross expenditures","1963","5,749"
"103","Gross expenditures","1964","6,317"
"103","Gross expenditures","1965","7,034"
"103","Gross expenditures","1966","8,109"
"103","Gross expenditures","1967","9,597"
"103","Gross expenditures","1968","12,040"
"103","Gross expenditures","1969","13,623"
"103","Gross expenditures","1970","15,836"
"103","Gross expenditures","1971","18,723"
"103","Gross expenditures","1972","21,543"
"103","Gross expenditures","1973","24,573"
"103","Gross expenditures","1974","28,504"
"103","Gross expenditures","1975","33,392"
"103","Gross expenditures","1976","36,382"
"103","Gross expenditures","1977","40,261"
"103","Gross expenditures","1978","45,201"
"103","Gross expenditures","1979","50,755"
"103","Gross expenditures","1980","57,837"
"103","Gross expenditures","1981","66,800"
"103","Gross expenditures","1982","73,675"
"103","Gross expenditures","1983","80,365"
"103","Gross expenditures","1984","85,854"
"103","Gross expenditures","1985","93,596"
"103","Gross expenditures","1986","101,377"
"103","Gross expenditures","1987","109,753"
"103","Gross expenditures","1988","120,536"
"103","Gross expenditures","1989","135,437"
"103","Gross expenditures","1990","156,465"
"103","Gross expenditures","1991","188,100"
"103","Gross expenditures","1992","215,870"
"103","Gross expenditures","1993","235,603"
"103","Gross expenditures","1994","251,454"
"103","Gross expenditures","1995","267,116"
"103","Gross expenditures","1996","277,137"
"103","Gross expenditures","1997","283,384"
"103","Gross expenditures","1998","294,544"
"103","Gross expenditures","1999","317,313"
"103","Gross expenditures","2000","341,741"
"103","Gross expenditures","2001","382,806"
"103","Gross expenditures","2002","416,768"
"103","Gross expenditures","2003","437,949"
"103","Gross expenditures","2004","473,305"
"103","Gross expenditures","2005","497,058"
"103","Gross expenditures","2006","502,298"
"103","Gross expenditures","2007","544,653"
"103","Gross expenditures","2008","575,488"
"103","Gross expenditures","2009","615,557"
"103","Gross expenditures","2010","649,406"
"103","Gross expenditures","2011","663,494"
"103","Gross expenditures","2012","680,642"
"103","Gross expenditures","2013","714,032"
"103","Gross expenditures","2014","773,653"
"103","Gross expenditures","2015","829,698"
"103","Gross expenditures","2016","872,530"
"103","Gross expenditures","2017","896,920"
"103","Gross expenditures","2018","934,847"
"103","Gross expenditures","2019","985,727"
"103","Gross expenditures","2020","1,057,605"
"103","Gross expenditures","2021","1,167,915"
"103","Gross expenditures","2022","1,277,512"
"103","Gross expenditures","2023","1,354,258"
"103","Gross expenditures","2024","1,446,601"
"104","Less: Sales to other sectors","1959","967"
"104","Less: Sales to other sectors","1960","1,014"
"104","Less: Sales to other sectors","1961","1,061"
"104","Less: Sales to other sectors","1962","1,268"
"104","Less: Sales to other sectors","1963","1,364"
"104","Less: Sales to other sectors","1964","1,542"
"104","Less: Sales to other sectors","1965","1,819"
"104","Less: Sales to other sectors","1966","2,145"
"104","Less: Sales to other sectors","1967","2,585"
"104","Less: Sales to other sectors","1968","3,220"
"104","Less: Sales to other sectors","1969","3,562"
"104","Less: Sales to other sectors","1970","3,922"
"104","Less: Sales to other sectors","1971","4,752"
"104","Less: Sales to other sectors","1972","5,717"
"104","Less: Sales to other sectors","1973","6,702"
"104","Less: Sales to other sectors","1974","7,560"
"104","Less: Sales to other sectors","1975","8,615"
"104","Less: Sales to other sectors","1976","10,022"
"104","Less: Sales to other sectors","1977","11,059"
"104","Less: Sales to other sectors","1978","12,866"
"104","Less: Sales to other sectors","1979","15,385"
"104","Less: Sales to other sectors","1980","17,548"
"104","Less: Sales to other sectors","1981","21,176"
"104","Less: Sales to other sectors","1982","24,675"
"104","Less: Sales to other sectors","1983","27,993"
"104","Less: Sales to other sectors","1984","29,537"
"104","Less: Sales to other sectors","1985","32,157"
"104","Less: Sales to other sectors","1986","34,935"
"104","Less: Sales to other sectors","1987","37,230"
"104","Less: Sales to other sectors","1988","40,537"
"104","Less: Sales to other sectors","1989","45,191"
"104","Less: Sales to other sectors","1990","50,240"
"104","Less: Sales to other sectors","1991","57,201"
"104","Less: Sales to other sectors","1992","65,487"
"104","Less: Sales to other sectors","1993","73,347"
"104","Less: Sales to other sectors","1994","79,014"
"104","Less: Sales to other sectors","1995","85,171"
"104","Less: Sales to other sectors","1996","86,727"
"104","Less: Sales to other sectors","1997","90,021"
"104","Less: Sales to other sectors","1998","93,599"
"104","Less: Sales to other sectors","1999","96,850"
"104","Less: Sales to other sectors","2000","104,139"
"104","Less: Sales to other sectors","2001","116,305"
"104","Less: Sales to other sectors","2002","120,888"
"104","Less: Sales to other sectors","2003","125,001"
"104","Less: Sales to other sectors","2004","131,080"
"104","Less: Sales to other sectors","2005","132,460"
"104","Less: Sales to other sectors","2006","141,167"
"104","Less: Sales to other sectors","2007","149,441"
"104","Less: Sales to other sectors","2008","158,613"
"104","Less: Sales to other sectors","2009","168,940"
"104","Less: Sales to other sectors","2010","176,384"
"104","Less: Sales to other sectors","2011","182,691"
"104","Less: Sales to other sectors","2012","188,726"
"104","Less: Sales to other sectors","2013","197,890"
"104","Less: Sales to other sectors","2014","209,305"
"104","Less: Sales to other sectors","2015","220,417"
"104","Less: Sales to other sectors","2016","230,083"
"104","Less: Sales to other sectors","2017","242,031"
"104","Less: Sales to other sectors","2018","255,549"
"104","Less: Sales to other sectors","2019","268,298"
"104","Less: Sales to other sectors","2020","270,977"
"104","Less: Sales to other sectors","2021","303,247"
"104","Less: Sales to other sectors","2022","331,244"
"104","Less: Sales to other sectors","2023","347,098"
"104","Less: Sales to other sectors","2024","364,544"
"105","Recreation and culture","1959","598"
"105","Recreation and culture","1960","645"
"105","Recreation and culture","1961","729"
"105","Recreation and culture","1962","724"
"105","Recreation and culture","1963","764"
"105","Recreation and culture","1964","826"
"105","Recreation and culture","1965","901"
"105","Recreation and culture","1966","962"
"105","Recreation and culture","1967","1,054"
"105","Recreation and culture","1968","1,229"
"105","Recreation and culture","1969","1,389"
"105","Recreation and culture","1970","1,528"
"105","Recreation and culture","1971","1,709"
"105","Recreation and culture","1972","1,885"
"105","Recreation and culture","1973","2,080"
"105","Recreation and culture","1974","2,382"
"105","Recreation and culture","1975","2,710"
"105","Recreation and culture","1976","2,813"
"105","Recreation and culture","1977","3,029"
"105","Recreation and culture","1978","3,437"
"105","Recreation and culture","1979","3,798"
"105","Recreation and culture","1980","4,125"
"105","Recreation and culture","1981","4,538"
"105","Recreation and culture","1982","5,027"
"105","Recreation and culture","1983","5,467"
"105","Recreation and culture","1984","5,902"
"105","Recreation and culture","1985","6,661"
"105","Recreation and culture","1986","7,170"
"105","Recreation and culture","1987","7,449"
"105","Recreation and culture","1988","7,974"
"105","Recreation and culture","1989","8,935"
"105","Recreation and culture","1990","9,837"
"105","Recreation and culture","1991","10,603"
"105","Recreation and culture","1992","11,365"
"105","Recreation and culture","1993","11,622"
"105","Recreation and culture","1994","12,438"
"105","Recreation and culture","1995","13,063"
"105","Recreation and culture","1996","13,507"
"105","Recreation and culture","1997","14,177"
"105","Recreation and culture","1998","15,025"
"105","Recreation and culture","1999","16,204"
"105","Recreation and culture","2000","17,570"
"105","Recreation and culture","2001","19,187"
"105","Recreation and culture","2002","20,800"
"105","Recreation and culture","2003","21,191"
"105","Recreation and culture","2004","22,155"
"105","Recreation and culture","2005","23,549"
"105","Recreation and culture","2006","25,502"
"105","Recreation and culture","2007","27,241"
"105","Recreation and culture","2008","28,745"
"105","Recreation and culture","2009","28,835"
"105","Recreation and culture","2010","28,510"
"105","Recreation and culture","2011","27,897"
"105","Recreation and culture","2012","27,645"
"105","Recreation and culture","2013","28,828"
"105","Recreation and culture","2014","29,990"
"105","Recreation and culture","2015","31,363"
"105","Recreation and culture","2016","33,024"
"105","Recreation and culture","2017","34,225"
"105","Recreation and culture","2018","36,233"
"105","Recreation and culture","2019","38,660"
"105","Recreation and culture","2020","38,598"
"105","Recreation and culture","2021","39,543"
"105","Recreation and culture","2022","44,836"
"105","Recreation and culture","2023","46,649"
"105","Recreation and culture","2024","48,901"
"106","Education","1959","13,823"
"106","Education","1960","15,409"
"106","Education","1961","16,923"
"106","Education","1962","18,187"
"106","Education","1963","19,874"
"106","Education","1964","21,858"
"106","Education","1965","24,382"
"106","Education","1966","27,682"
"106","Education","1967","30,938"
"106","Education","1968","34,872"
"106","Education","1969","39,783"
"106","Education","1970","45,929"
"106","Education","1971","52,293"
"106","Education","1972","57,938"
"106","Education","1973","62,912"
"106","Education","1974","70,262"
"106","Education","1975","80,776"
"106","Education","1976","87,780"
"106","Education","1977","94,828"
"106","Education","1978","101,872"
"106","Education","1979","111,896"
"106","Education","1980","121,715"
"106","Education","1981","132,768"
"106","Education","1982","142,904"
"106","Education","1983","151,286"
"106","Education","1984","163,633"
"106","Education","1985","177,718"
"106","Education","1986","192,278"
"106","Education","1987","206,460"
"106","Education","1988","221,486"
"106","Education","1989","241,580"
"106","Education","1990","263,543"
"106","Education","1991","279,372"
"106","Education","1992","295,306"
"106","Education","1993","310,523"
"106","Education","1994","326,813"
"106","Education","1995","345,927"
"106","Education","1996","362,194"
"106","Education","1997","381,071"
"106","Education","1998","404,584"
"106","Education","1999","431,905"
"106","Education","2000","466,788"
"106","Education","2001","501,269"
"106","Education","2002","518,012"
"106","Education","2003","538,091"
"106","Education","2004","568,029"
"106","Education","2005","596,843"
"106","Education","2006","632,182"
"106","Education","2007","676,624"
"106","Education","2008","712,594"
"106","Education","2009","728,267"
"106","Education","2010","742,866"
"106","Education","2011","746,413"
"106","Education","2012","754,912"
"106","Education","2013","789,260"
"106","Education","2014","811,769"
"106","Education","2015","833,414"
"106","Education","2016","855,813"
"106","Education","2017","881,781"
"106","Education","2018","917,783"
"106","Education","2019","951,616"
"106","Education","2020","991,850"
"106","Education","2021","1,071,087"
"106","Education","2022","1,150,809"
"106","Education","2023","1,204,808"
"106","Education","2024","1,273,685"
"107","Elementary and secondary","1959","11,802"
"107","Elementary and secondary","1960","13,142"
"107","Elementary and secondary","1961","14,437"
"107","Elementary and secondary","1962","15,570"
"107","Elementary and secondary","1963","16,956"
"107","Elementary and secondary","1964","18,636"
"107","Elementary and secondary","1965","20,722"
"107","Elementary and secondary","1966","23,256"
"107","Elementary and secondary","1967","25,508"
"107","Elementary and secondary","1968","28,211"
"107","Elementary and secondary","1969","31,896"
"107","Elementary and secondary","1970","36,455"
"107","Elementary and secondary","1971","41,161"
"107","Elementary and secondary","1972","45,430"
"107","Elementary and secondary","1973","49,271"
"107","Elementary and secondary","1974","54,333"
"107","Elementary and secondary","1975","61,675"
"107","Elementary and secondary","1976","67,025"
"107","Elementary and secondary","1977","72,341"
"107","Elementary and secondary","1978","77,739"
"107","Elementary and secondary","1979","85,680"
"107","Elementary and secondary","1980","92,988"
"107","Elementary and secondary","1981","100,732"
"107","Elementary and secondary","1982","108,231"
"107","Elementary and secondary","1983","115,556"
"107","Elementary and secondary","1984","125,817"
"107","Elementary and secondary","1985","136,117"
"107","Elementary and secondary","1986","148,195"
"107","Elementary and secondary","1987","160,410"
"107","Elementary and secondary","1988","172,143"
"107","Elementary and secondary","1989","187,002"
"107","Elementary and secondary","1990","203,890"
"107","Elementary and secondary","1991","217,338"
"107","Elementary and secondary","1992","231,019"
"107","Elementary and secondary","1993","241,052"
"107","Elementary and secondary","1994","252,218"
"107","Elementary and secondary","1995","267,643"
"107","Elementary and secondary","1996","281,380"
"107","Elementary and secondary","1997","296,910"
"107","Elementary and secondary","1998","315,058"
"107","Elementary and secondary","1999","336,980"
"107","Elementary and secondary","2000","363,032"
"107","Elementary and secondary","2001","386,761"
"107","Elementary and secondary","2002","406,393"
"107","Elementary and secondary","2003","427,866"
"107","Elementary and secondary","2004","449,723"
"107","Elementary and secondary","2005","471,988"
"107","Elementary and secondary","2006","499,566"
"107","Elementary and secondary","2007","528,406"
"107","Elementary and secondary","2008","553,025"
"107","Elementary and secondary","2009","563,125"
"107","Elementary and secondary","2010","569,594"
"107","Elementary and secondary","2011","566,209"
"107","Elementary and secondary","2012","567,879"
"107","Elementary and secondary","2013","590,677"
"107","Elementary and secondary","2014","606,014"
"107","Elementary and secondary","2015","624,314"
"107","Elementary and secondary","2016","643,408"
"107","Elementary and secondary","2017","663,355"
"107","Elementary and secondary","2018","688,420"
"107","Elementary and secondary","2019","710,165"
"107","Elementary and secondary","2020","734,409"
"107","Elementary and secondary","2021","796,405"
"107","Elementary and secondary","2022","857,948"
"107","Elementary and secondary","2023","895,157"
"107","Elementary and secondary","2024","939,021"
"108","Higher","1959","1,449"
"108","Higher","1960","1,656"
"108","Higher","1961","1,804"
"108","Higher","1962","1,872"
"108","Higher","1963","2,055"
"108","Higher","1964","2,258"
"108","Higher","1965","2,516"
"108","Higher","1966","2,990"
"108","Higher","1967","3,672"
"108","Higher","1968","4,550"
"108","Higher","1969","5,405"
"108","Higher","1970","6,542"
"108","Higher","1971","7,672"
"108","Higher","1972","8,621"
"108","Higher","1973","9,471"
"108","Higher","1974","11,155"
"108","Higher","1975","13,554"
"108","Higher","1976","14,763"
"108","Higher","1977","16,055"
"108","Higher","1978","17,193"
"108","Higher","1979","18,775"
"108","Higher","1980","20,687"
"108","Higher","1981","23,390"
"108","Higher","1982","25,548"
"108","Higher","1983","26,408"
"108","Higher","1984","27,815"
"108","Higher","1985","30,460"
"108","Higher","1986","32,034"
"108","Higher","1987","33,178"
"108","Higher","1988","35,653"
"108","Higher","1989","39,473"
"108","Higher","1990","43,141"
"108","Higher","1991","44,749"
"108","Higher","1992","46,059"
"108","Higher","1993","50,051"
"108","Higher","1994","53,543"
"108","Higher","1995","55,291"
"108","Higher","1996","56,806"
"108","Higher","1997","59,449"
"108","Higher","1998","63,190"
"108","Higher","1999","66,646"
"108","Higher","2000","72,750"
"108","Higher","2001","80,630"
"108","Higher","2002","76,117"
"108","Higher","2003","72,513"
"108","Higher","2004","77,669"
"108","Higher","2005","81,466"
"108","Higher","2006","87,736"
"108","Higher","2007","101,479"
"108","Higher","2008","110,433"
"108","Higher","2009","114,192"
"108","Higher","2010","120,418"
"108","Higher","2011","126,000"
"108","Higher","2012","131,152"
"108","Higher","2013","140,048"
"108","Higher","2014","145,122"
"108","Higher","2015","148,194"
"108","Higher","2016","149,956"
"108","Higher","2017","152,689"
"108","Higher","2018","158,876"
"108","Higher","2019","164,629"
"108","Higher","2020","175,561"
"108","Higher","2021","183,750"
"108","Higher","2022","197,127"
"108","Higher","2023","213,074"
"108","Higher","2024","229,963"
"109","Libraries and other","1959","571"
"109","Libraries and other","1960","612"
"109","Libraries and other","1961","681"
"109","Libraries and other","1962","745"
"109","Libraries and other","1963","863"
"109","Libraries and other","1964","963"
"109","Libraries and other","1965","1,144"
"109","Libraries and other","1966","1,437"
"109","Libraries and other","1967","1,758"
"109","Libraries and other","1968","2,111"
"109","Libraries and other","1969","2,482"
"109","Libraries and other","1970","2,931"
"109","Libraries and other","1971","3,459"
"109","Libraries and other","1972","3,887"
"109","Libraries and other","1973","4,170"
"109","Libraries and other","1974","4,774"
"109","Libraries and other","1975","5,547"
"109","Libraries and other","1976","5,993"
"109","Libraries and other","1977","6,432"
"109","Libraries and other","1978","6,940"
"109","Libraries and other","1979","7,440"
"109","Libraries and other","1980","8,041"
"109","Libraries and other","1981","8,646"
"109","Libraries and other","1982","9,126"
"109","Libraries and other","1983","9,323"
"109","Libraries and other","1984","10,001"
"109","Libraries and other","1985","11,140"
"109","Libraries and other","1986","12,049"
"109","Libraries and other","1987","12,872"
"109","Libraries and other","1988","13,690"
"109","Libraries and other","1989","15,105"
"109","Libraries and other","1990","16,512"
"109","Libraries and other","1991","17,286"
"109","Libraries and other","1992","18,228"
"109","Libraries and other","1993","19,421"
"109","Libraries and other","1994","21,052"
"109","Libraries and other","1995","22,993"
"109","Libraries and other","1996","24,009"
"109","Libraries and other","1997","24,711"
"109","Libraries and other","1998","26,336"
"109","Libraries and other","1999","28,278"
"109","Libraries and other","2000","31,003"
"109","Libraries and other","2001","33,874"
"109","Libraries and other","2002","35,503"
"109","Libraries and other","2003","37,716"
"109","Libraries and other","2004","40,643"
"109","Libraries and other","2005","43,396"
"109","Libraries and other","2006","44,879"
"109","Libraries and other","2007","46,739"
"109","Libraries and other","2008","49,136"
"109","Libraries and other","2009","50,949"
"109","Libraries and other","2010","52,853"
"109","Libraries and other","2011","54,204"
"109","Libraries and other","2012","55,881"
"109","Libraries and other","2013","58,535"
"109","Libraries and other","2014","60,634"
"109","Libraries and other","2015","60,907"
"109","Libraries and other","2016","62,449"
"109","Libraries and other","2017","65,737"
"109","Libraries and other","2018","70,487"
"109","Libraries and other","2019","76,822"
"109","Libraries and other","2020","81,880"
"109","Libraries and other","2021","90,932"
"109","Libraries and other","2022","95,734"
"109","Libraries and other","2023","96,577"
"109","Libraries and other","2024","104,701"
"110","Libraries","1959","256"
"110","Libraries","1960","264"
"110","Libraries","1961","292"
"110","Libraries","1962","309"
"110","Libraries","1963","370"
"110","Libraries","1964","381"
"110","Libraries","1965","419"
"110","Libraries","1966","465"
"110","Libraries","1967","476"
"110","Libraries","1968","523"
"110","Libraries","1969","579"
"110","Libraries","1970","650"
"110","Libraries","1971","721"
"110","Libraries","1972","801"
"110","Libraries","1973","872"
"110","Libraries","1974","976"
"110","Libraries","1975","1,096"
"110","Libraries","1976","1,160"
"110","Libraries","1977","1,240"
"110","Libraries","1978","1,348"
"110","Libraries","1979","1,476"
"110","Libraries","1980","1,619"
"110","Libraries","1981","1,797"
"110","Libraries","1982","2,003"
"110","Libraries","1983","2,139"
"110","Libraries","1984","2,344"
"110","Libraries","1985","2,609"
"110","Libraries","1986","2,836"
"110","Libraries","1987","3,042"
"110","Libraries","1988","3,285"
"110","Libraries","1989","3,592"
"110","Libraries","1990","3,907"
"110","Libraries","1991","4,220"
"110","Libraries","1992","4,503"
"110","Libraries","1993","4,599"
"110","Libraries","1994","4,871"
"110","Libraries","1995","5,133"
"110","Libraries","1996","5,479"
"110","Libraries","1997","5,865"
"110","Libraries","1998","6,174"
"110","Libraries","1999","6,617"
"110","Libraries","2000","7,124"
"110","Libraries","2001","7,620"
"110","Libraries","2002","8,002"
"110","Libraries","2003","8,321"
"110","Libraries","2004","8,920"
"110","Libraries","2005","9,359"
"110","Libraries","2006","9,843"
"110","Libraries","2007","10,564"
"110","Libraries","2008","10,792"
"110","Libraries","2009","10,677"
"110","Libraries","2010","10,636"
"110","Libraries","2011","10,928"
"110","Libraries","2012","10,873"
"110","Libraries","2013","11,149"
"110","Libraries","2014","11,354"
"110","Libraries","2015","11,627"
"110","Libraries","2016","11,903"
"110","Libraries","2017","12,239"
"110","Libraries","2018","12,590"
"110","Libraries","2019","12,976"
"110","Libraries","2020","12,870"
"110","Libraries","2021","12,959"
"110","Libraries","2022","13,556"
"110","Libraries","2023","13,980"
"110","Libraries","2024","14,727"
"111","Other","1959","315"
"111","Other","1960","347"
"111","Other","1961","388"
"111","Other","1962","436"
"111","Other","1963","494"
"111","Other","1964","582"
"111","Other","1965","725"
"111","Other","1966","971"
"111","Other","1967","1,282"
"111","Other","1968","1,588"
"111","Other","1969","1,903"
"111","Other","1970","2,280"
"111","Other","1971","2,738"
"111","Other","1972","3,086"
"111","Other","1973","3,298"
"111","Other","1974","3,799"
"111","Other","1975","4,451"
"111","Other","1976","4,833"
"111","Other","1977","5,192"
"111","Other","1978","5,592"
"111","Other","1979","5,964"
"111","Other","1980","6,422"
"111","Other","1981","6,849"
"111","Other","1982","7,122"
"111","Other","1983","7,184"
"111","Other","1984","7,657"
"111","Other","1985","8,530"
"111","Other","1986","9,213"
"111","Other","1987","9,830"
"111","Other","1988","10,405"
"111","Other","1989","11,513"
"111","Other","1990","12,605"
"111","Other","1991","13,066"
"111","Other","1992","13,725"
"111","Other","1993","14,822"
"111","Other","1994","16,181"
"111","Other","1995","17,860"
"111","Other","1996","18,530"
"111","Other","1997","18,846"
"111","Other","1998","20,163"
"111","Other","1999","21,662"
"111","Other","2000","23,883"
"111","Other","2001","26,258"
"111","Other","2002","27,500"
"111","Other","2003","29,392"
"111","Other","2004","31,717"
"111","Other","2005","34,029"
"111","Other","2006","35,036"
"111","Other","2007","36,175"
"111","Other","2008","38,344"
"111","Other","2009","40,272"
"111","Other","2010","42,217"
"111","Other","2011","43,276"
"111","Other","2012","45,009"
"111","Other","2013","47,386"
"111","Other","2014","49,280"
"111","Other","2015","49,280"
"111","Other","2016","50,546"
"111","Other","2017","53,498"
"111","Other","2018","57,897"
"111","Other","2019","63,846"
"111","Other","2020","69,010"
"111","Other","2021","77,973"
"111","Other","2022","82,178"
"111","Other","2023","82,597"
"111","Other","2024","89,974"
"112","Income security","1959","4,367"
"112","Income security","1960","4,519"
"112","Income security","1961","4,773"
"112","Income security","1962","4,994"
"112","Income security","1963","5,306"
"112","Income security","1964","5,686"
"112","Income security","1965","6,111"
"112","Income security","1966","6,697"
"112","Income security","1967","7,659"
"112","Income security","1968","8,814"
"112","Income security","1969","10,324"
"112","Income security","1970","12,676"
"112","Income security","1971","15,032"
"112","Income security","1972","16,720"
"112","Income security","1973","18,003"
"112","Income security","1974","17,768"
"112","Income security","1975","20,696"
"112","Income security","1976","22,825"
"112","Income security","1977","24,903"
"112","Income security","1978","26,345"
"112","Income security","1979","28,416"
"112","Income security","1980","32,811"
"112","Income security","1981","35,686"
"112","Income security","1982","37,621"
"112","Income security","1983","41,295"
"112","Income security","1984","43,971"
"112","Income security","1985","47,170"
"112","Income security","1986","50,566"
"112","Income security","1987","53,455"
"112","Income security","1988","57,310"
"112","Income security","1989","61,757"
"112","Income security","1990","69,141"
"112","Income security","1991","76,294"
"112","Income security","1992","82,260"
"112","Income security","1993","85,602"
"112","Income security","1994","89,534"
"112","Income security","1995","91,033"
"112","Income security","1996","89,969"
"112","Income security","1997","91,064"
"112","Income security","1998","94,969"
"112","Income security","1999","100,763"
"112","Income security","2000","107,333"
"112","Income security","2001","115,296"
"112","Income security","2002","123,508"
"112","Income security","2003","128,381"
"112","Income security","2004","131,960"
"112","Income security","2005","138,082"
"112","Income security","2006","138,880"
"112","Income security","2007","144,387"
"112","Income security","2008","151,428"
"112","Income security","2009","156,554"
"112","Income security","2010","156,779"
"112","Income security","2011","152,350"
"112","Income security","2012","149,478"
"112","Income security","2013","152,532"
"112","Income security","2014","156,345"
"112","Income security","2015","161,106"
"112","Income security","2016","163,071"
"112","Income security","2017","166,769"
"112","Income security","2018","174,527"
"112","Income security","2019","188,392"
"112","Income security","2020","201,065"
"112","Income security","2021","209,861"
"112","Income security","2022","251,086"
"112","Income security","2023","241,086"
"112","Income security","2024","254,765"
"113","Disability","1959","430"
"113","Disability","1960","479"
"113","Disability","1961","530"
"113","Disability","1962","588"
"113","Disability","1963","657"
"113","Disability","1964","702"
"113","Disability","1965","737"
"113","Disability","1966","779"
"113","Disability","1967","835"
"113","Disability","1968","899"
"113","Disability","1969","983"
"113","Disability","1970","1,044"
"113","Disability","1971","1,100"
"113","Disability","1972","1,232"
"113","Disability","1973","1,386"
"113","Disability","1974","1,526"
"113","Disability","1975","1,652"
"113","Disability","1976","1,896"
"113","Disability","1977","2,164"
"113","Disability","1978","2,421"
"113","Disability","1979","2,803"
"113","Disability","1980","3,104"
"113","Disability","1981","3,545"
"113","Disability","1982","4,075"
"113","Disability","1983","4,429"
"113","Disability","1984","4,899"
"113","Disability","1985","5,409"
"113","Disability","1986","6,023"
"113","Disability","1987","7,048"
"113","Disability","1988","7,971"
"113","Disability","1989","8,842"
"113","Disability","1990","10,397"
"113","Disability","1991","11,895"
"113","Disability","1992","13,037"
"113","Disability","1993","13,120"
"113","Disability","1994","13,012"
"113","Disability","1995","13,056"
"113","Disability","1996","13,348"
"113","Disability","1997","13,353"
"113","Disability","1998","13,218"
"113","Disability","1999","13,422"
"113","Disability","2000","14,119"
"113","Disability","2001","15,699"
"113","Disability","2002","18,317"
"113","Disability","2003","20,486"
"113","Disability","2004","21,541"
"113","Disability","2005","21,813"
"113","Disability","2006","21,140"
"113","Disability","2007","20,989"
"113","Disability","2008","21,313"
"113","Disability","2009","21,479"
"113","Disability","2010","21,137"
"113","Disability","2011","20,039"
"113","Disability","2012","19,718"
"113","Disability","2013","19,635"
"113","Disability","2014","19,741"
"113","Disability","2015","19,247"
"113","Disability","2016","18,926"
"113","Disability","2017","18,679"
"113","Disability","2018","19,430"
"113","Disability","2019","20,849"
"113","Disability","2020","21,896"
"113","Disability","2021","22,835"
"113","Disability","2022","23,952"
"113","Disability","2023","25,621"
"113","Disability","2024","26,930"
"114","Welfare and social services","1959","3,937"
"114","Welfare and social services","1960","4,040"
"114","Welfare and social services","1961","4,243"
"114","Welfare and social services","1962","4,406"
"114","Welfare and social services","1963","4,650"
"114","Welfare and social services","1964","4,985"
"114","Welfare and social services","1965","5,374"
"114","Welfare and social services","1966","5,918"
"114","Welfare and social services","1967","6,824"
"114","Welfare and social services","1968","7,915"
"114","Welfare and social services","1969","9,341"
"114","Welfare and social services","1970","11,632"
"114","Welfare and social services","1971","13,932"
"114","Welfare and social services","1972","15,488"
"114","Welfare and social services","1973","16,617"
"114","Welfare and social services","1974","16,243"
"114","Welfare and social services","1975","19,044"
"114","Welfare and social services","1976","20,929"
"114","Welfare and social services","1977","22,739"
"114","Welfare and social services","1978","23,923"
"114","Welfare and social services","1979","25,614"
"114","Welfare and social services","1980","29,708"
"114","Welfare and social services","1981","32,142"
"114","Welfare and social services","1982","33,546"
"114","Welfare and social services","1983","36,866"
"114","Welfare and social services","1984","39,072"
"114","Welfare and social services","1985","41,761"
"114","Welfare and social services","1986","44,544"
"114","Welfare and social services","1987","46,408"
"114","Welfare and social services","1988","49,339"
"114","Welfare and social services","1989","52,916"
"114","Welfare and social services","1990","58,744"
"114","Welfare and social services","1991","64,399"
"114","Welfare and social services","1992","69,223"
"114","Welfare and social services","1993","72,482"
"114","Welfare and social services","1994","76,522"
"114","Welfare and social services","1995","77,977"
"114","Welfare and social services","1996","76,620"
"114","Welfare and social services","1997","77,711"
"114","Welfare and social services","1998","81,751"
"114","Welfare and social services","1999","87,341"
"114","Welfare and social services","2000","93,214"
"114","Welfare and social services","2001","99,597"
"114","Welfare and social services","2002","105,191"
"114","Welfare and social services","2003","107,895"
"114","Welfare and social services","2004","110,418"
"114","Welfare and social services","2005","116,269"
"114","Welfare and social services","2006","117,740"
"114","Welfare and social services","2007","123,399"
"114","Welfare and social services","2008","130,114"
"114","Welfare and social services","2009","135,075"
"114","Welfare and social services","2010","135,642"
"114","Welfare and social services","2011","132,310"
"114","Welfare and social services","2012","129,760"
"114","Welfare and social services","2013","132,897"
"114","Welfare and social services","2014","136,604"
"114","Welfare and social services","2015","141,859"
"114","Welfare and social services","2016","144,146"
"114","Welfare and social services","2017","148,090"
"114","Welfare and social services","2018","155,097"
"114","Welfare and social services","2019","167,543"
"114","Welfare and social services","2020","179,169"
"114","Welfare and social services","2021","187,026"
"114","Welfare and social services","2022","227,134"
"114","Welfare and social services","2023","215,465"
"114","Welfare and social services","2024","227,835"
