"LineNumber","LineDescription","TimePeriod","DataValue"
"1","Government social benefits","1929","791"
"1","Government social benefits","1930","869"
"1","Government social benefits","1931","1,921"
"1","Government social benefits","1932","1,274"
"1","Government social benefits","1933","1,274"
"1","Government social benefits","1934","1,347"
"1","Government social benefits","1935","1,584"
"1","Government social benefits","1936","2,687"
"1","Government social benefits","1937","1,600"
"1","Government social benefits","1938","2,142"
"1","Government social benefits","1939","2,237"
"1","Government social benefits","1940","2,394"
"1","Government social benefits","1941","2,306"
"1","Government social benefits","1942","2,322"
"1","Government social benefits","1943","2,102"
"1","Government social benefits","1944","2,674"
"1","Government social benefits","1945","5,142"
"1","Government social benefits","1946","10,120"
"1","Government social benefits","1947","10,428"
"1","Government social benefits","1948","9,881"
"1","Government social benefits","1949","10,857"
"1","Government social benefits","1950","13,417"
"1","Government social benefits","1951","10,538"
"1","Government social benefits","1952","10,994"
"1","Government social benefits","1953","11,674"
"1","Government social benefits","1954","13,747"
"1","Government social benefits","1955","14,754"
"1","Government social benefits","1956","15,592"
"1","Government social benefits","1957","18,132"
"1","Government social benefits","1958","22,226"
"1","Government social benefits","1959","22,917"
"1","Government social benefits","1960","24,674"
"1","Government social benefits","1961","28,365"
"1","Government social benefits","1962","29,142"
"1","Government social benefits","1963","30,665"
"1","Government social benefits","1964","31,663"
"1","Government social benefits","1965","34,366"
"1","Government social benefits","1966","37,968"
"1","Government social benefits","1967","46,307"
"1","Government social benefits","1968","53,863"
"1","Government social benefits","1969","59,558"
"1","Government social benefits","1970","72,458"
"1","Government social benefits","1971","86,223"
"1","Government social benefits","1972","95,773"
"1","Government social benefits","1973","109,786"
"1","Government social benefits","1974","129,878"
"1","Government social benefits","1975","165,121"
"1","Government social benefits","1976","180,133"
"1","Government social benefits","1977","192,061"
"1","Government social benefits","1978","206,169"
"1","Government social benefits","1979","230,383"
"1","Government social benefits","1980","275,041"
"1","Government social benefits","1981","312,097"
"1","Government social benefits","1982","347,182"
"1","Government social benefits","1983","374,124"
"1","Government social benefits","1984","384,582"
"1","Government social benefits","1985","407,140"
"1","Government social benefits","1986","433,005"
"1","Government social benefits","1987","452,193"
"1","Government social benefits","1988","481,444"
"1","Government social benefits","1989","526,202"
"1","Government social benefits","1990","580,838"
"1","Government social benefits","1991","656,779"
"1","Government social benefits","1992","737,975"
"1","Government social benefits","1993","785,134"
"1","Government social benefits","1994","822,534"
"1","Government social benefits","1995","871,520"
"1","Government social benefits","1996","913,899"
"1","Government social benefits","1997","943,268"
"1","Government social benefits","1998","966,123"
"1","Government social benefits","1999","1,000,934"
"1","Government social benefits","2000","1,053,772"
"1","Government social benefits","2001","1,155,628"
"1","Government social benefits","2002","1,260,931"
"1","Government social benefits","2003","1,331,353"
"1","Government social benefits","2004","1,415,501"
"1","Government social benefits","2005","1,502,498"
"1","Government social benefits","2006","1,605,434"
"1","Government social benefits","2007","1,710,625"
"1","Government social benefits","2008","1,934,796"
"1","Government social benefits","2009","2,123,723"
"1","Government social benefits","2010","2,297,900"
"1","Government social benefits","2011","2,327,187"
"1","Government social benefits","2012","2,340,537"
"1","Government social benefits","2013","2,404,773"
"1","Government social benefits","2014","2,518,136"
"1","Government social benefits","2015","2,655,548"
"1","Government social benefits","2016","2,738,215"
"1","Government social benefits","2017","2,829,233"
"1","Government social benefits","2018","2,948,745"
"1","Government social benefits","2019","3,114,747"
"1","Government social benefits","2020","4,221,493"
"1","Government social benefits","2021","4,599,144"
"1","Government social benefits","2022","4,041,797"
"1","Government social benefits","2023","4,182,525"
"1","Government social benefits","2024","4,490,018"
"2","To persons","1929","791"
"2","To persons","1930","869"
"2","To persons","1931","1,921"
"2","To persons","1932","1,274"
"2","To persons","1933","1,274"
"2","To persons","1934","1,347"
"2","To persons","1935","1,584"
"2","To persons","1936","2,687"
"2","To persons","1937","1,600"
"2","To persons","1938","2,142"
"2","To persons","1939","2,237"
"2","To persons","1940","2,394"
"2","To persons","1941","2,306"
"2","To persons","1942","2,322"
"2","To persons","1943","2,102"
"2","To persons","1944","2,674"
"2","To persons","1945","5,142"
"2","To persons","1946","10,120"
"2","To persons","1947","10,428"
"2","To persons","1948","9,881"
"2","To persons","1949","10,857"
"2","To persons","1950","13,417"
"2","To persons","1951","10,538"
"2","To persons","1952","10,994"
"2","To persons","1953","11,674"
"2","To persons","1954","13,747"
"2","To persons","1955","14,754"
"2","To persons","1956","15,592"
"2","To persons","1957","18,132"
"2","To persons","1958","22,226"
"2","To persons","1959","22,917"
"2","To persons","1960","24,428"
"2","To persons","1961","28,089"
"2","To persons","1962","28,843"
"2","To persons","1963","30,341"
"2","To persons","1964","31,317"
"2","To persons","1965","33,913"
"2","To persons","1966","37,504"
"2","To persons","1967","45,752"
"2","To persons","1968","53,306"
"2","To persons","1969","58,973"
"2","To persons","1970","71,737"
"2","To persons","1971","85,412"
"2","To persons","1972","94,808"
"2","To persons","1973","108,628"
"2","To persons","1974","128,556"
"2","To persons","1975","163,134"
"2","To persons","1976","177,643"
"2","To persons","1977","189,482"
"2","To persons","1978","203,427"
"2","To persons","1979","227,334"
"2","To persons","1980","271,498"
"2","To persons","1981","307,809"
"2","To persons","1982","343,079"
"2","To persons","1983","370,499"
"2","To persons","1984","380,909"
"2","To persons","1985","403,112"
"2","To persons","1986","428,607"
"2","To persons","1987","447,913"
"2","To persons","1988","476,864"
"2","To persons","1989","521,070"
"2","To persons","1990","574,674"
"2","To persons","1991","650,507"
"2","To persons","1992","731,750"
"2","To persons","1993","778,935"
"2","To persons","1994","815,708"
"2","To persons","1995","864,727"
"2","To persons","1996","906,325"
"2","To persons","1997","935,418"
"2","To persons","1998","957,915"
"2","To persons","1999","992,202"
"2","To persons","2000","1,044,876"
"2","To persons","2001","1,145,830"
"2","To persons","2002","1,251,022"
"2","To persons","2003","1,320,994"
"2","To persons","2004","1,404,471"
"2","To persons","2005","1,490,917"
"2","To persons","2006","1,593,029"
"2","To persons","2007","1,697,335"
"2","To persons","2008","1,919,349"
"2","To persons","2009","2,107,728"
"2","To persons","2010","2,281,411"
"2","To persons","2011","2,310,139"
"2","To persons","2012","2,322,586"
"2","To persons","2013","2,385,910"
"2","To persons","2014","2,498,625"
"2","To persons","2015","2,635,146"
"2","To persons","2016","2,717,282"
"2","To persons","2017","2,807,432"
"2","To persons","2018","2,925,973"
"2","To persons","2019","3,090,760"
"2","To persons","2020","4,187,512"
"2","To persons","2021","4,566,711"
"2","To persons","2022","4,012,998"
"2","To persons","2023","4,150,561"
"2","To persons","2024","4,455,695"
"3","Federal","1929","645"
"3","Federal","1930","683"
"3","Federal","1931","1,658"
"3","Federal","1932","867"
"3","Federal","1933","625"
"3","Federal","1934","513"
"3","Federal","1935","539"
"3","Federal","1936","1,962"
"3","Federal","1937","721"
"3","Federal","1938","1,084"
"3","Federal","1939","1,122"
"3","Federal","1940","1,295"
"3","Federal","1941","1,239"
"3","Federal","1942","1,287"
"3","Federal","1943","1,092"
"3","Federal","1944","1,651"
"3","Federal","1945","4,054"
"3","Federal","1946","8,652"
"3","Federal","1947","8,383"
"3","Federal","1948","7,186"
"3","Federal","1949","8,200"
"3","Federal","1950","10,227"
"3","Federal","1951","7,894"
"3","Federal","1952","8,081"
"3","Federal","1953","8,702"
"3","Federal","1954","10,680"
"3","Federal","1955","11,502"
"3","Federal","1956","12,300"
"3","Federal","1957","14,531"
"3","Federal","1958","18,191"
"3","Federal","1959","18,578"
"3","Federal","1960","19,867"
"3","Federal","1961","23,107"
"3","Federal","1962","23,503"
"3","Federal","1963","24,644"
"3","Federal","1964","25,163"
"3","Federal","1965","27,262"
"3","Federal","1966","29,883"
"3","Federal","1967","36,520"
"3","Federal","1968","41,860"
"3","Federal","1969","45,756"
"3","Federal","1970","55,636"
"3","Federal","1971","66,080"
"3","Federal","1972","72,855"
"3","Federal","1973","84,544"
"3","Federal","1974","103,280"
"3","Federal","1975","132,332"
"3","Federal","1976","143,505"
"3","Federal","1977","152,443"
"3","Federal","1978","162,660"
"3","Federal","1979","183,018"
"3","Federal","1980","220,297"
"3","Federal","1981","250,719"
"3","Federal","1982","281,882"
"3","Federal","1983","303,593"
"3","Federal","1984","309,740"
"3","Federal","1985","325,852"
"3","Federal","1986","344,263"
"3","Federal","1987","357,187"
"3","Federal","1988","378,363"
"3","Federal","1989","411,722"
"3","Federal","1990","447,019"
"3","Federal","1991","493,990"
"3","Federal","1992","551,754"
"3","Federal","1993","583,725"
"3","Federal","1994","609,001"
"3","Federal","1995","647,091"
"3","Federal","1996","682,070"
"3","Federal","1997","707,860"
"3","Federal","1998","722,136"
"3","Federal","1999","739,853"
"3","Federal","2000","773,442"
"3","Federal","2001","840,760"
"3","Federal","2002","917,996"
"3","Federal","2003","967,471"
"3","Federal","2004","1,019,503"
"3","Federal","2005","1,084,373"
"3","Federal","2006","1,189,108"
"3","Federal","2007","1,263,340"
"3","Federal","2008","1,463,239"
"3","Federal","2009","1,614,549"
"3","Federal","2010","1,757,485"
"3","Federal","2011","1,779,454"
"3","Federal","2012","1,781,834"
"3","Federal","2013","1,821,528"
"3","Federal","2014","1,881,083"
"3","Federal","2015","1,969,866"
"3","Federal","2016","2,024,223"
"3","Federal","2017","2,097,779"
"3","Federal","2018","2,194,853"
"3","Federal","2019","2,328,027"
"3","Federal","2020","3,371,781"
"3","Federal","2021","3,659,038"
"3","Federal","2022","2,992,963"
"3","Federal","2023","3,084,765"
"3","Federal","2024","3,315,697"
"4","Benefits from social insurance funds","1929","26"
"4","Benefits from social insurance funds","1930","29"
"4","Benefits from social insurance funds","1931","33"
"4","Benefits from social insurance funds","1932","40"
"4","Benefits from social insurance funds","1933","40"
"4","Benefits from social insurance funds","1934","42"
"4","Benefits from social insurance funds","1935","36"
"4","Benefits from social insurance funds","1936","35"
"4","Benefits from social insurance funds","1937","79"
"4","Benefits from social insurance funds","1938","541"
"4","Benefits from social insurance funds","1939","628"
"4","Benefits from social insurance funds","1940","762"
"4","Benefits from social insurance funds","1941","629"
"4","Benefits from social insurance funds","1942","664"
"4","Benefits from social insurance funds","1943","445"
"4","Benefits from social insurance funds","1944","529"
"4","Benefits from social insurance funds","1945","1,249"
"4","Benefits from social insurance funds","1946","3,480"
"4","Benefits from social insurance funds","1947","2,618"
"4","Benefits from social insurance funds","1948","2,441"
"4","Benefits from social insurance funds","1949","3,646"
"4","Benefits from social insurance funds","1950","5,879"
"4","Benefits from social insurance funds","1951","4,098"
"4","Benefits from social insurance funds","1952","4,516"
"4","Benefits from social insurance funds","1953","5,298"
"4","Benefits from social insurance funds","1954","7,214"
"4","Benefits from social insurance funds","1955","7,736"
"4","Benefits from social insurance funds","1956","8,503"
"4","Benefits from social insurance funds","1957","10,649"
"4","Benefits from social insurance funds","1958","14,174"
"4","Benefits from social insurance funds","1959","14,580"
"4","Benefits from social insurance funds","1960","15,878"
"4","Benefits from social insurance funds","1961","18,976"
"4","Benefits from social insurance funds","1962","19,273"
"4","Benefits from social insurance funds","1963","20,251"
"4","Benefits from social insurance funds","1964","20,584"
"4","Benefits from social insurance funds","1965","22,278"
"4","Benefits from social insurance funds","1966","24,668"
"4","Benefits from social insurance funds","1967","30,330"
"4","Benefits from social insurance funds","1968","35,131"
"4","Benefits from social insurance funds","1969","37,983"
"4","Benefits from social insurance funds","1970","45,711"
"4","Benefits from social insurance funds","1971","54,031"
"4","Benefits from social insurance funds","1972","59,237"
"4","Benefits from social insurance funds","1973","69,385"
"4","Benefits from social insurance funds","1974","81,594"
"4","Benefits from social insurance funds","1975","104,495"
"4","Benefits from social insurance funds","1976","114,937"
"4","Benefits from social insurance funds","1977","124,071"
"4","Benefits from social insurance funds","1978","132,306"
"4","Benefits from social insurance funds","1979","148,692"
"4","Benefits from social insurance funds","1980","178,139"
"4","Benefits from social insurance funds","1981","205,985"
"4","Benefits from social insurance funds","1982","238,507"
"4","Benefits from social insurance funds","1983","257,674"
"4","Benefits from social insurance funds","1984","263,027"
"4","Benefits from social insurance funds","1985","278,637"
"4","Benefits from social insurance funds","1986","295,618"
"4","Benefits from social insurance funds","1987","307,820"
"4","Benefits from social insurance funds","1988","324,872"
"4","Benefits from social insurance funds","1989","351,720"
"4","Benefits from social insurance funds","1990","382,324"
"4","Benefits from social insurance funds","1991","421,418"
"4","Benefits from social insurance funds","1992","467,507"
"4","Benefits from social insurance funds","1993","493,172"
"4","Benefits from social insurance funds","1994","514,055"
"4","Benefits from social insurance funds","1995","543,965"
"4","Benefits from social insurance funds","1996","572,754"
"4","Benefits from social insurance funds","1997","597,000"
"4","Benefits from social insurance funds","1998","607,949"
"4","Benefits from social insurance funds","1999","622,871"
"4","Benefits from social insurance funds","2000","654,866"
"4","Benefits from social insurance funds","2001","713,660"
"4","Benefits from social insurance funds","2002","775,495"
"4","Benefits from social insurance funds","2003","810,392"
"4","Benefits from social insurance funds","2004","844,258"
"4","Benefits from social insurance funds","2005","895,680"
"4","Benefits from social insurance funds","2006","993,671"
"4","Benefits from social insurance funds","2007","1,056,935"
"4","Benefits from social insurance funds","2008","1,139,030"
"4","Benefits from social insurance funds","2009","1,310,431"
"4","Benefits from social insurance funds","2010","1,364,749"
"4","Benefits from social insurance funds","2011","1,379,044"
"4","Benefits from social insurance funds","2012","1,424,157"
"4","Benefits from social insurance funds","2013","1,457,282"
"4","Benefits from social insurance funds","2014","1,494,970"
"4","Benefits from social insurance funds","2015","1,565,564"
"4","Benefits from social insurance funds","2016","1,614,387"
"4","Benefits from social insurance funds","2017","1,670,767"
"4","Benefits from social insurance funds","2018","1,756,294"
"4","Benefits from social insurance funds","2019","1,871,711"
"4","Benefits from social insurance funds","2020","2,456,728"
"4","Benefits from social insurance funds","2021","2,340,426"
"4","Benefits from social insurance funds","2022","2,202,709"
"4","Benefits from social insurance funds","2023","2,441,007"
"4","Benefits from social insurance funds","2024","2,613,490"
"5","Social security","1937","1"
"5","Social security","1938","10"
"5","Social security","1939","14"
"5","Social security","1940","35"
"5","Social security","1941","88"
"5","Social security","1942","130"
"5","Social security","1943","165"
"5","Social security","1944","209"
"5","Social security","1945","273"
"5","Social security","1946","378"
"5","Social security","1947","463"
"5","Social security","1948","554"
"5","Social security","1949","665"
"5","Social security","1950","952"
"5","Social security","1951","1,872"
"5","Social security","1952","2,176"
"5","Social security","1953","2,980"
"5","Social security","1954","3,632"
"5","Social security","1955","4,914"
"5","Social security","1956","5,652"
"5","Social security","1957","7,316"
"5","Social security","1958","8,478"
"5","Social security","1959","10,175"
"5","Social security","1960","11,130"
"5","Social security","1961","12,614"
"5","Social security","1962","14,298"
"5","Social security","1963","15,245"
"5","Social security","1964","16,018"
"5","Social security","1965","18,067"
"5","Social security","1966","19,786"
"5","Social security","1967","21,122"
"5","Social security","1968","24,598"
"5","Social security","1969","26,382"
"5","Social security","1970","31,380"
"5","Social security","1971","36,617"
"5","Social security","1972","40,948"
"5","Social security","1973","50,665"
"5","Social security","1974","57,607"
"5","Social security","1975","65,895"
"5","Social security","1976","74,501"
"5","Social security","1977","83,239"
"5","Social security","1978","91,380"
"5","Social security","1979","102,581"
"5","Social security","1980","118,586"
"5","Social security","1981","138,644"
"5","Social security","1982","153,708"
"5","Social security","1983","164,426"
"5","Social security","1984","173,027"
"5","Social security","1985","183,275"
"5","Social security","1986","193,631"
"5","Social security","1987","200,995"
"5","Social security","1988","213,916"
"5","Social security","1989","227,380"
"5","Social security","1990","244,135"
"5","Social security","1991","264,204"
"5","Social security","1992","281,776"
"5","Social security","1993","297,935"
"5","Social security","1994","312,161"
"5","Social security","1995","327,675"
"5","Social security","1996","342,005"
"5","Social security","1997","356,592"
"5","Social security","1998","369,182"
"5","Social security","1999","379,864"
"5","Social security","2000","401,393"
"5","Social security","2001","425,084"
"5","Social security","2002","446,909"
"5","Social security","2003","463,531"
"5","Social security","2004","485,512"
"5","Social security","2005","512,728"
"5","Social security","2006","544,096"
"5","Social security","2007","575,653"
"5","Social security","2008","605,542"
"5","Social security","2009","664,470"
"5","Social security","2010","690,174"
"5","Social security","2011","713,261"
"5","Social security","2012","762,139"
"5","Social security","2013","799,044"
"5","Social security","2014","834,640"
"5","Social security","2015","871,793"
"5","Social security","2016","896,472"
"5","Social security","2017","926,072"
"5","Social security","2018","972,412"
"5","Social security","2019","1,030,743"
"5","Social security","2020","1,077,928"
"5","Social security","2021","1,114,600"
"5","Social security","2022","1,211,504"
"5","Social security","2023","1,356,973"
"5","Social security","2024","1,447,965"
"6","Medicare","1966","1,008"
"6","Medicare","1967","4,699"
"6","Medicare","1968","5,890"
"6","Medicare","1969","6,695"
"6","Medicare","1970","7,254"
"6","Medicare","1971","8,049"
"6","Medicare","1972","8,836"
"6","Medicare","1973","10,244"
"6","Medicare","1974","12,726"
"6","Medicare","1975","15,633"
"6","Medicare","1976","18,795"
"6","Medicare","1977","22,101"
"6","Medicare","1978","25,543"
"6","Medicare","1979","29,936"
"6","Medicare","1980","36,201"
"6","Medicare","1981","43,499"
"6","Medicare","1982","50,927"
"6","Medicare","1983","57,797"
"6","Medicare","1984","64,748"
"6","Medicare","1985","69,720"
"6","Medicare","1986","75,269"
"6","Medicare","1987","81,585"
"6","Medicare","1988","86,289"
"6","Medicare","1989","98,175"
"6","Medicare","1990","107,638"
"6","Medicare","1991","117,487"
"6","Medicare","1992","132,596"
"6","Medicare","1993","146,785"
"6","Medicare","1994","164,423"
"6","Medicare","1995","181,220"
"6","Medicare","1996","194,868"
"6","Medicare","1997","206,917"
"6","Medicare","1998","205,558"
"6","Medicare","1999","208,736"
"6","Medicare","2000","219,117"
"6","Medicare","2001","242,580"
"6","Medicare","2002","259,736"
"6","Medicare","2003","276,708"
"6","Medicare","2004","304,359"
"6","Medicare","2005","332,127"
"6","Medicare","2006","399,107"
"6","Medicare","2007","428,201"
"6","Medicare","2008","461,613"
"6","Medicare","2009","492,951"
"6","Medicare","2010","513,390"
"6","Medicare","2011","535,609"
"6","Medicare","2012","554,746"
"6","Medicare","2013","572,843"
"6","Medicare","2014","600,007"
"6","Medicare","2015","634,939"
"6","Medicare","2016","662,108"
"6","Medicare","2017","691,829"
"6","Medicare","2018","733,569"
"6","Medicare","2019","790,499"
"6","Medicare","2020","827,397"
"6","Medicare","2021","886,270"
"6","Medicare","2022","942,430"
"6","Medicare","2023","1,024,835"
"6","Medicare","2024","1,102,358"
"7","Unemployment insurance","1937","2"
"7","Unemployment insurance","1938","393"
"7","Unemployment insurance","1939","435"
"7","Unemployment insurance","1940","534"
"7","Unemployment insurance","1941","358"
"7","Unemployment insurance","1942","350"
"7","Unemployment insurance","1943","81"
"7","Unemployment insurance","1944","67"
"7","Unemployment insurance","1945","558"
"7","Unemployment insurance","1946","2,600"
"7","Unemployment insurance","1947","1,591"
"7","Unemployment insurance","1948","1,270"
"7","Unemployment insurance","1949","2,247"
"7","Unemployment insurance","1950","1,489"
"7","Unemployment insurance","1951","886"
"7","Unemployment insurance","1952","1,075"
"7","Unemployment insurance","1953","1,084"
"7","Unemployment insurance","1954","2,324"
"7","Unemployment insurance","1955","1,598"
"7","Unemployment insurance","1956","1,575"
"7","Unemployment insurance","1957","1,948"
"7","Unemployment insurance","1958","4,244"
"7","Unemployment insurance","1959","2,853"
"7","Unemployment insurance","1960","3,079"
"7","Unemployment insurance","1961","4,401"
"7","Unemployment insurance","1962","3,182"
"7","Unemployment insurance","1963","3,061"
"7","Unemployment insurance","1964","2,776"
"7","Unemployment insurance","1965","2,365"
"7","Unemployment insurance","1966","1,913"
"7","Unemployment insurance","1967","2,237"
"7","Unemployment insurance","1968","2,207"
"7","Unemployment insurance","1969","2,327"
"7","Unemployment insurance","1970","4,186"
"7","Unemployment insurance","1971","6,160"
"7","Unemployment insurance","1972","6,033"
"7","Unemployment insurance","1973","4,570"
"7","Unemployment insurance","1974","7,021"
"7","Unemployment insurance","1975","18,140"
"7","Unemployment insurance","1976","16,386"
"7","Unemployment insurance","1977","13,129"
"7","Unemployment insurance","1978","9,417"
"7","Unemployment insurance","1979","9,692"
"7","Unemployment insurance","1980","16,097"
"7","Unemployment insurance","1981","15,885"
"7","Unemployment insurance","1982","25,227"
"7","Unemployment insurance","1983","26,411"
"7","Unemployment insurance","1984","15,991"
"7","Unemployment insurance","1985","15,861"
"7","Unemployment insurance","1986","16,467"
"7","Unemployment insurance","1987","14,625"
"7","Unemployment insurance","1988","13,328"
"7","Unemployment insurance","1989","14,410"
"7","Unemployment insurance","1990","18,162"
"7","Unemployment insurance","1991","26,787"
"7","Unemployment insurance","1992","39,617"
"7","Unemployment insurance","1993","34,848"
"7","Unemployment insurance","1994","23,942"
"7","Unemployment insurance","1995","21,734"
"7","Unemployment insurance","1996","22,274"
"7","Unemployment insurance","1997","20,103"
"7","Unemployment insurance","1998","19,693"
"7","Unemployment insurance","1999","20,509"
"7","Unemployment insurance","2000","20,741"
"7","Unemployment insurance","2001","31,899"
"7","Unemployment insurance","2002","53,480"
"7","Unemployment insurance","2003","53,175"
"7","Unemployment insurance","2004","36,425"
"7","Unemployment insurance","2005","31,775"
"7","Unemployment insurance","2006","30,366"
"7","Unemployment insurance","2007","32,740"
"7","Unemployment insurance","2008","51,148"
"7","Unemployment insurance","2009","131,211"
"7","Unemployment insurance","2010","138,857"
"7","Unemployment insurance","2011","107,163"
"7","Unemployment insurance","2012","83,615"
"7","Unemployment insurance","2013","62,499"
"7","Unemployment insurance","2014","35,463"
"7","Unemployment insurance","2015","32,545"
"7","Unemployment insurance","2016","32,038"
"7","Unemployment insurance","2017","30,186"
"7","Unemployment insurance","2018","27,618"
"7","Unemployment insurance","2019","27,477"
"7","Unemployment insurance","2020","527,988"
"7","Unemployment insurance","2021","314,920"
"7","Unemployment insurance","2022","23,796"
"7","Unemployment insurance","2023","33,305"
"7","Unemployment insurance","2024","36,468"
"8","State","1937","2"
"8","State","1938","393"
"8","State","1939","429"
"8","State","1940","518"
"8","State","1941","344"
"8","State","1942","344"
"8","State","1943","80"
"8","State","1944","62"
"8","State","1945","446"
"8","State","1946","1,095"
"8","State","1947","775"
"8","State","1948","790"
"8","State","1949","1,730"
"8","State","1950","1,366"
"8","State","1951","837"
"8","State","1952","992"
"8","State","1953","954"
"8","State","1954","2,014"
"8","State","1955","1,340"
"8","State","1956","1,373"
"8","State","1957","1,724"
"8","State","1958","3,797"
"8","State","1959","2,408"
"8","State","1960","2,727"
"8","State","1961","3,981"
"8","State","1962","2,868"
"8","State","1963","2,763"
"8","State","1964","2,506"
"8","State","1965","2,149"
"8","State","1966","1,756"
"8","State","1967","2,074"
"8","State","1968","2,008"
"8","State","1969","2,100"
"8","State","1970","3,811"
"8","State","1971","5,582"
"8","State","1972","5,454"
"8","State","1973","4,188"
"8","State","1974","6,570"
"8","State","1975","16,548"
"8","State","1976","14,280"
"8","State","1977","11,533"
"8","State","1978","8,612"
"8","State","1979","9,100"
"8","State","1980","15,331"
"8","State","1981","15,087"
"8","State","1982","23,376"
"8","State","1983","20,135"
"8","State","1984","13,165"
"8","State","1985","14,612"
"8","State","1986","15,956"
"8","State","1987","14,169"
"8","State","1988","12,915"
"8","State","1989","14,019"
"8","State","1990","17,714"
"8","State","1991","25,416"
"8","State","1992","24,825"
"8","State","1993","21,589"
"8","State","1994","21,432"
"8","State","1995","21,013"
"8","State","1996","21,604"
"8","State","1997","19,504"
"8","State","1998","19,186"
"8","State","1999","20,036"
"8","State","2000","20,253"
"8","State","2001","31,369"
"8","State","2002","42,091"
"8","State","2003","41,484"
"8","State","2004","34,276"
"8","State","2005","31,031"
"8","State","2006","29,622"
"8","State","2007","32,034"
"8","State","2008","42,515"
"8","State","2009","85,741"
"8","State","2010","67,157"
"8","State","2011","56,871"
"8","State","2012","45,250"
"8","State","2013","38,732"
"8","State","2014","34,397"
"8","State","2015","31,864"
"8","State","2016","31,454"
"8","State","2017","29,685"
"8","State","2018","27,207"
"8","State","2019","27,070"
"8","State","2020","491,489"
"8","State","2021","207,090"
"8","State","2022","23,467"
"8","State","2023","33,041"
"8","State","2024","36,178"
"9","Railroad employees","1939","6"
"9","Railroad employees","1940","16"
"9","Railroad employees","1941","14"
"9","Railroad employees","1942","6"
"9","Railroad employees","1943","1"
"9","Railroad employees","1944","1"
"9","Railroad employees","1945","2"
"9","Railroad employees","1946","38"
"9","Railroad employees","1947","54"
"9","Railroad employees","1948","60"
"9","Railroad employees","1949","135"
"9","Railroad employees","1950","91"
"9","Railroad employees","1951","47"
"9","Railroad employees","1952","76"
"9","Railroad employees","1953","92"
"9","Railroad employees","1954","206"
"9","Railroad employees","1955","148"
"9","Railroad employees","1956","120"
"9","Railroad employees","1957","144"
"9","Railroad employees","1958","281"
"9","Railroad employees","1959","289"
"9","Railroad employees","1960","214"
"9","Railroad employees","1961","255"
"9","Railroad employees","1962","183"
"9","Railroad employees","1963","148"
"9","Railroad employees","1964","124"
"9","Railroad employees","1965","101"
"9","Railroad employees","1966","78"
"9","Railroad employees","1967","75"
"9","Railroad employees","1968","81"
"9","Railroad employees","1969","94"
"9","Railroad employees","1970","95"
"9","Railroad employees","1971","120"
"9","Railroad employees","1972","87"
"9","Railroad employees","1973","58"
"9","Railroad employees","1974","52"
"9","Railroad employees","1975","137"
"9","Railroad employees","1976","219"
"9","Railroad employees","1977","174"
"9","Railroad employees","1978","191"
"9","Railroad employees","1979","143"
"9","Railroad employees","1980","238"
"9","Railroad employees","1981","266"
"9","Railroad employees","1982","394"
"9","Railroad employees","1983","379"
"9","Railroad employees","1984","188"
"9","Railroad employees","1985","181"
"9","Railroad employees","1986","180"
"9","Railroad employees","1987","149"
"9","Railroad employees","1988","101"
"9","Railroad employees","1989","91"
"9","Railroad employees","1990","89"
"9","Railroad employees","1991","88"
"9","Railroad employees","1992","81"
"9","Railroad employees","1993","72"
"9","Railroad employees","1994","63"
"9","Railroad employees","1995","62"
"9","Railroad employees","1996","65"
"9","Railroad employees","1997","72"
"9","Railroad employees","1998","61"
"9","Railroad employees","1999","65"
"9","Railroad employees","2000","81"
"9","Railroad employees","2001","98"
"9","Railroad employees","2002","96"
"9","Railroad employees","2003","94"
"9","Railroad employees","2004","79"
"9","Railroad employees","2005","72"
"9","Railroad employees","2006","78"
"9","Railroad employees","2007","83"
"9","Railroad employees","2008","84"
"9","Railroad employees","2009","179"
"9","Railroad employees","2010","116"
"9","Railroad employees","2011","85"
"9","Railroad employees","2012","83"
"9","Railroad employees","2013","82"
"9","Railroad employees","2014","90"
"9","Railroad employees","2015","90"
"9","Railroad employees","2016","132"
"9","Railroad employees","2017","103"
"9","Railroad employees","2018","89"
"9","Railroad employees","2019","100"
"9","Railroad employees","2020","210"
"9","Railroad employees","2021","135"
"9","Railroad employees","2022","82"
"9","Railroad employees","2023","58"
"9","Railroad employees","2024","70"
"10","Federal employees","1944","4"
"10","Federal employees","1945","110"
"10","Federal employees","1946","1,467"
"10","Federal employees","1947","762"
"10","Federal employees","1948","420"
"10","Federal employees","1949","382"
"10","Federal employees","1950","32"
"10","Federal employees","1951","2"
"10","Federal employees","1952","7"
"10","Federal employees","1953","38"
"10","Federal employees","1954","104"
"10","Federal employees","1955","110"
"10","Federal employees","1956","82"
"10","Federal employees","1957","80"
"10","Federal employees","1958","166"
"10","Federal employees","1959","156"
"10","Federal employees","1960","138"
"10","Federal employees","1961","165"
"10","Federal employees","1962","131"
"10","Federal employees","1963","150"
"10","Federal employees","1964","146"
"10","Federal employees","1965","115"
"10","Federal employees","1966","79"
"10","Federal employees","1967","88"
"10","Federal employees","1968","118"
"10","Federal employees","1969","133"
"10","Federal employees","1970","280"
"10","Federal employees","1971","458"
"10","Federal employees","1972","492"
"10","Federal employees","1973","324"
"10","Federal employees","1974","399"
"10","Federal employees","1975","791"
"10","Federal employees","1976","912"
"10","Federal employees","1977","742"
"10","Federal employees","1978","451"
"10","Federal employees","1979","449"
"10","Federal employees","1980","528"
"10","Federal employees","1981","532"
"10","Federal employees","1982","340"
"10","Federal employees","1983","427"
"10","Federal employees","1984","334"
"10","Federal employees","1985","312"
"10","Federal employees","1986","331"
"10","Federal employees","1987","307"
"10","Federal employees","1988","312"
"10","Federal employees","1989","300"
"10","Federal employees","1990","359"
"10","Federal employees","1991","518"
"10","Federal employees","1992","1,243"
"10","Federal employees","1993","1,255"
"10","Federal employees","1994","776"
"10","Federal employees","1995","659"
"10","Federal employees","1996","605"
"10","Federal employees","1997","527"
"10","Federal employees","1998","446"
"10","Federal employees","1999","408"
"10","Federal employees","2000","407"
"10","Federal employees","2001","432"
"10","Federal employees","2002","613"
"10","Federal employees","2003","698"
"10","Federal employees","2004","712"
"10","Federal employees","2005","671"
"10","Federal employees","2006","667"
"10","Federal employees","2007","623"
"10","Federal employees","2008","723"
"10","Federal employees","2009","1,281"
"10","Federal employees","2010","1,691"
"10","Federal employees","2011","1,918"
"10","Federal employees","2012","1,649"
"10","Federal employees","2013","1,271"
"10","Federal employees","2014","767"
"10","Federal employees","2015","592"
"10","Federal employees","2016","452"
"10","Federal employees","2017","398"
"10","Federal employees","2018","322"
"10","Federal employees","2019","307"
"10","Federal employees","2020","459"
"10","Federal employees","2021","394"
"10","Federal employees","2022","248"
"10","Federal employees","2023","206"
"10","Federal employees","2024","220"
"11","Emergency unemployment compensation","1975","664"
"11","Emergency unemployment compensation","1976","975"
"11","Emergency unemployment compensation","1977","680"
"11","Emergency unemployment compensation","1978","163"
"11","Emergency unemployment compensation","1979","0"
"11","Emergency unemployment compensation","1980","0"
"11","Emergency unemployment compensation","1981","0"
"11","Emergency unemployment compensation","1982","1,117"
"11","Emergency unemployment compensation","1983","5,470"
"11","Emergency unemployment compensation","1984","2,304"
"11","Emergency unemployment compensation","1985","756"
"11","Emergency unemployment compensation","1986","0"
"11","Emergency unemployment compensation","1987","0"
"11","Emergency unemployment compensation","1988","0"
"11","Emergency unemployment compensation","1989","0"
"11","Emergency unemployment compensation","1990","0"
"11","Emergency unemployment compensation","1991","765"
"11","Emergency unemployment compensation","1992","13,468"
"11","Emergency unemployment compensation","1993","11,932"
"11","Emergency unemployment compensation","1994","1,671"
"11","Emergency unemployment compensation","1995","0"
"11","Emergency unemployment compensation","1996","0"
"11","Emergency unemployment compensation","1997","0"
"11","Emergency unemployment compensation","1998","0"
"11","Emergency unemployment compensation","1999","0"
"11","Emergency unemployment compensation","2000","0"
"11","Emergency unemployment compensation","2001","0"
"11","Emergency unemployment compensation","2002","10,680"
"11","Emergency unemployment compensation","2003","10,899"
"11","Emergency unemployment compensation","2004","1,358"
"11","Emergency unemployment compensation","2005","1"
"11","Emergency unemployment compensation","2006","0"
"11","Emergency unemployment compensation","2007","0"
"11","Emergency unemployment compensation","2008","7,826"
"11","Emergency unemployment compensation","2009","44,010"
"11","Emergency unemployment compensation","2010","69,893"
"11","Emergency unemployment compensation","2011","48,290"
"11","Emergency unemployment compensation","2012","36,633"
"11","Emergency unemployment compensation","2013","22,414"
"11","Emergency unemployment compensation","2014","209"
"11","Emergency unemployment compensation","2015","0"
"11","Emergency unemployment compensation","2016","0"
"11","Emergency unemployment compensation","2017","0"
"11","Emergency unemployment compensation","2018","0"
"11","Emergency unemployment compensation","2019","0"
"11","Emergency unemployment compensation","2020","35,830"
"11","Emergency unemployment compensation","2021","107,301"
"11","Emergency unemployment compensation","2022","0"
"11","Emergency unemployment compensation","2023","0"
"11","Emergency unemployment compensation","2024","0"
"12","Railroad retirement","1936","1"
"12","Railroad retirement","1937","40"
"12","Railroad retirement","1938","98"
"12","Railroad retirement","1939","110"
"12","Railroad retirement","1940","118"
"12","Railroad retirement","1941","124"
"12","Railroad retirement","1942","128"
"12","Railroad retirement","1943","132"
"12","Railroad retirement","1944","137"
"12","Railroad retirement","1945","146"
"12","Railroad retirement","1946","161"
"12","Railroad retirement","1947","198"
"12","Railroad retirement","1948","251"
"12","Railroad retirement","1949","287"
"12","Railroad retirement","1950","307"
"12","Railroad retirement","1951","318"
"12","Railroad retirement","1952","442"
"12","Railroad retirement","1953","469"
"12","Railroad retirement","1954","529"
"12","Railroad retirement","1955","565"
"12","Railroad retirement","1956","623"
"12","Railroad retirement","1957","688"
"12","Railroad retirement","1958","738"
"12","Railroad retirement","1959","833"
"12","Railroad retirement","1960","949"
"12","Railroad retirement","1961","994"
"12","Railroad retirement","1962","1,040"
"12","Railroad retirement","1963","1,070"
"12","Railroad retirement","1964","1,097"
"12","Railroad retirement","1965","1,140"
"12","Railroad retirement","1966","1,202"
"12","Railroad retirement","1967","1,308"
"12","Railroad retirement","1968","1,471"
"12","Railroad retirement","1969","1,541"
"12","Railroad retirement","1970","1,745"
"12","Railroad retirement","1971","1,995"
"12","Railroad retirement","1972","2,154"
"12","Railroad retirement","1973","2,566"
"12","Railroad retirement","1974","2,797"
"12","Railroad retirement","1975","3,265"
"12","Railroad retirement","1976","3,550"
"12","Railroad retirement","1977","3,783"
"12","Railroad retirement","1978","3,985"
"12","Railroad retirement","1979","4,313"
"12","Railroad retirement","1980","4,812"
"12","Railroad retirement","1981","5,314"
"12","Railroad retirement","1982","5,771"
"12","Railroad retirement","1983","6,011"
"12","Railroad retirement","1984","6,065"
"12","Railroad retirement","1985","6,211"
"12","Railroad retirement","1986","6,351"
"12","Railroad retirement","1987","6,478"
"12","Railroad retirement","1988","6,708"
"12","Railroad retirement","1989","6,958"
"12","Railroad retirement","1990","7,221"
"12","Railroad retirement","1991","7,513"
"12","Railroad retirement","1992","7,744"
"12","Railroad retirement","1993","7,825"
"12","Railroad retirement","1994","7,961"
"12","Railroad retirement","1995","8,025"
"12","Railroad retirement","1996","8,087"
"12","Railroad retirement","1997","8,198"
"12","Railroad retirement","1998","8,229"
"12","Railroad retirement","1999","8,206"
"12","Railroad retirement","2000","8,267"
"12","Railroad retirement","2001","8,412"
"12","Railroad retirement","2002","8,700"
"12","Railroad retirement","2003","8,854"
"12","Railroad retirement","2004","9,009"
"12","Railroad retirement","2005","9,194"
"12","Railroad retirement","2006","9,519"
"12","Railroad retirement","2007","9,813"
"12","Railroad retirement","2008","10,068"
"12","Railroad retirement","2009","10,630"
"12","Railroad retirement","2010","10,779"
"12","Railroad retirement","2011","10,961"
"12","Railroad retirement","2012","11,410"
"12","Railroad retirement","2013","11,676"
"12","Railroad retirement","2014","11,955"
"12","Railroad retirement","2015","12,228"
"12","Railroad retirement","2016","12,352"
"12","Railroad retirement","2017","12,475"
"12","Railroad retirement","2018","12,731"
"12","Railroad retirement","2019","13,024"
"12","Railroad retirement","2020","13,126"
"12","Railroad retirement","2021","13,167"
"12","Railroad retirement","2022","13,597"
"12","Railroad retirement","2023","14,251"
"12","Railroad retirement","2024","14,493"
"13","Pension benefit guaranty","1976","1"
"13","Pension benefit guaranty","1977","3"
"13","Pension benefit guaranty","1978","14"
"13","Pension benefit guaranty","1979","26"
"13","Pension benefit guaranty","1980","25"
"13","Pension benefit guaranty","1981","26"
"13","Pension benefit guaranty","1982","44"
"13","Pension benefit guaranty","1983","71"
"13","Pension benefit guaranty","1984","79"
"13","Pension benefit guaranty","1985","103"
"13","Pension benefit guaranty","1986","160"
"13","Pension benefit guaranty","1987","224"
"13","Pension benefit guaranty","1988","402"
"13","Pension benefit guaranty","1989","228"
"13","Pension benefit guaranty","1990","274"
"13","Pension benefit guaranty","1991","256"
"13","Pension benefit guaranty","1992","377"
"13","Pension benefit guaranty","1993","436"
"13","Pension benefit guaranty","1994","431"
"13","Pension benefit guaranty","1995","447"
"13","Pension benefit guaranty","1996","583"
"13","Pension benefit guaranty","1997","400"
"13","Pension benefit guaranty","1998","448"
"13","Pension benefit guaranty","1999","674"
"13","Pension benefit guaranty","2000","322"
"13","Pension benefit guaranty","2001","342"
"13","Pension benefit guaranty","2002","1,126"
"13","Pension benefit guaranty","2003","1,926"
"13","Pension benefit guaranty","2004","2,212"
"13","Pension benefit guaranty","2005","2,722"
"13","Pension benefit guaranty","2006","2,797"
"13","Pension benefit guaranty","2007","2,499"
"13","Pension benefit guaranty","2008","2,191"
"13","Pension benefit guaranty","2009","2,058"
"13","Pension benefit guaranty","2010","2,370"
"13","Pension benefit guaranty","2011","2,407"
"13","Pension benefit guaranty","2012","2,377"
"13","Pension benefit guaranty","2013","1,744"
"13","Pension benefit guaranty","2014","2,956"
"13","Pension benefit guaranty","2015","3,829"
"13","Pension benefit guaranty","2016","1,717"
"13","Pension benefit guaranty","2017","840"
"13","Pension benefit guaranty","2018","661"
"13","Pension benefit guaranty","2019","670"
"13","Pension benefit guaranty","2020","1,098"
"13","Pension benefit guaranty","2021","2,010"
"13","Pension benefit guaranty","2022","1,316"
"13","Pension benefit guaranty","2023","921"
"13","Pension benefit guaranty","2024","771"
"14","Veterans' life insurance","1929","26"
"14","Veterans' life insurance","1930","29"
"14","Veterans' life insurance","1931","33"
"14","Veterans' life insurance","1932","40"
"14","Veterans' life insurance","1933","40"
"14","Veterans' life insurance","1934","42"
"14","Veterans' life insurance","1935","36"
"14","Veterans' life insurance","1936","34"
"14","Veterans' life insurance","1937","36"
"14","Veterans' life insurance","1938","40"
"14","Veterans' life insurance","1939","69"
"14","Veterans' life insurance","1940","75"
"14","Veterans' life insurance","1941","59"
"14","Veterans' life insurance","1942","56"
"14","Veterans' life insurance","1943","67"
"14","Veterans' life insurance","1944","116"
"14","Veterans' life insurance","1945","272"
"14","Veterans' life insurance","1946","328"
"14","Veterans' life insurance","1947","352"
"14","Veterans' life insurance","1948","352"
"14","Veterans' life insurance","1949","433"
"14","Veterans' life insurance","1950","3,109"
"14","Veterans' life insurance","1951","989"
"14","Veterans' life insurance","1952","784"
"14","Veterans' life insurance","1953","722"
"14","Veterans' life insurance","1954","685"
"14","Veterans' life insurance","1955","611"
"14","Veterans' life insurance","1956","601"
"14","Veterans' life insurance","1957","641"
"14","Veterans' life insurance","1958","652"
"14","Veterans' life insurance","1959","655"
"14","Veterans' life insurance","1960","660"
"14","Veterans' life insurance","1961","905"
"14","Veterans' life insurance","1962","687"
"14","Veterans' life insurance","1963","806"
"14","Veterans' life insurance","1964","621"
"14","Veterans' life insurance","1965","632"
"14","Veterans' life insurance","1966","677"
"14","Veterans' life insurance","1967","759"
"14","Veterans' life insurance","1968","713"
"14","Veterans' life insurance","1969","739"
"14","Veterans' life insurance","1970","788"
"14","Veterans' life insurance","1971","797"
"14","Veterans' life insurance","1972","800"
"14","Veterans' life insurance","1973","817"
"14","Veterans' life insurance","1974","854"
"14","Veterans' life insurance","1975","886"
"14","Veterans' life insurance","1976","936"
"14","Veterans' life insurance","1977","980"
"14","Veterans' life insurance","1978","1,031"
"14","Veterans' life insurance","1979","1,080"
"14","Veterans' life insurance","1980","1,222"
"14","Veterans' life insurance","1981","1,316"
"14","Veterans' life insurance","1982","1,368"
"14","Veterans' life insurance","1983","1,392"
"14","Veterans' life insurance","1984","1,439"
"14","Veterans' life insurance","1985","1,587"
"14","Veterans' life insurance","1986","1,695"
"14","Veterans' life insurance","1987","1,688"
"14","Veterans' life insurance","1988","1,712"
"14","Veterans' life insurance","1989","1,845"
"14","Veterans' life insurance","1990","1,868"
"14","Veterans' life insurance","1991","1,873"
"14","Veterans' life insurance","1992","1,911"
"14","Veterans' life insurance","1993","1,885"
"14","Veterans' life insurance","1994","1,904"
"14","Veterans' life insurance","1995","1,898"
"14","Veterans' life insurance","1996","2,002"
"14","Veterans' life insurance","1997","1,930"
"14","Veterans' life insurance","1998","1,891"
"14","Veterans' life insurance","1999","1,816"
"14","Veterans' life insurance","2000","1,706"
"14","Veterans' life insurance","2001","1,692"
"14","Veterans' life insurance","2002","1,723"
"14","Veterans' life insurance","2003","1,706"
"14","Veterans' life insurance","2004","1,681"
"14","Veterans' life insurance","2005","1,596"
"14","Veterans' life insurance","2006","1,552"
"14","Veterans' life insurance","2007","1,516"
"14","Veterans' life insurance","2008","1,522"
"14","Veterans' life insurance","2009","1,493"
"14","Veterans' life insurance","2010","1,442"
"14","Veterans' life insurance","2011","1,411"
"14","Veterans' life insurance","2012","1,340"
"14","Veterans' life insurance","2013","1,280"
"14","Veterans' life insurance","2014","1,228"
"14","Veterans' life insurance","2015","1,185"
"14","Veterans' life insurance","2016","1,096"
"14","Veterans' life insurance","2017","992"
"14","Veterans' life insurance","2018","989"
"14","Veterans' life insurance","2019","916"
"14","Veterans' life insurance","2020","821"
"14","Veterans' life insurance","2021","770"
"14","Veterans' life insurance","2022","626"
"14","Veterans' life insurance","2023","434"
"14","Veterans' life insurance","2024","449"
"15","Workers' compensation","1946","13"
"15","Workers' compensation","1947","14"
"15","Workers' compensation","1948","14"
"15","Workers' compensation","1949","14"
"15","Workers' compensation","1950","22"
"15","Workers' compensation","1951","33"
"15","Workers' compensation","1952","39"
"15","Workers' compensation","1953","43"
"15","Workers' compensation","1954","44"
"15","Workers' compensation","1955","48"
"15","Workers' compensation","1956","52"
"15","Workers' compensation","1957","56"
"15","Workers' compensation","1958","62"
"15","Workers' compensation","1959","64"
"15","Workers' compensation","1960","60"
"15","Workers' compensation","1961","62"
"15","Workers' compensation","1962","66"
"15","Workers' compensation","1963","69"
"15","Workers' compensation","1964","72"
"15","Workers' compensation","1965","74"
"15","Workers' compensation","1966","82"
"15","Workers' compensation","1967","93"
"15","Workers' compensation","1968","104"
"15","Workers' compensation","1969","121"
"15","Workers' compensation","1970","147"
"15","Workers' compensation","1971","176"
"15","Workers' compensation","1972","203"
"15","Workers' compensation","1973","237"
"15","Workers' compensation","1974","309"
"15","Workers' compensation","1975","415"
"15","Workers' compensation","1976","517"
"15","Workers' compensation","1977","571"
"15","Workers' compensation","1978","636"
"15","Workers' compensation","1979","717"
"15","Workers' compensation","1980","838"
"15","Workers' compensation","1981","870"
"15","Workers' compensation","1982","917"
"15","Workers' compensation","1983","933"
"15","Workers' compensation","1984","989"
"15","Workers' compensation","1985","1,089"
"15","Workers' compensation","1986","1,124"
"15","Workers' compensation","1987","1,173"
"15","Workers' compensation","1988","1,253"
"15","Workers' compensation","1989","1,379"
"15","Workers' compensation","1990","1,492"
"15","Workers' compensation","1991","1,645"
"15","Workers' compensation","1992","1,788"
"15","Workers' compensation","1993","1,836"
"15","Workers' compensation","1994","1,871"
"15","Workers' compensation","1995","1,919"
"15","Workers' compensation","1996","1,976"
"15","Workers' compensation","1997","1,918"
"15","Workers' compensation","1998","1,973"
"15","Workers' compensation","1999","2,035"
"15","Workers' compensation","2000","2,161"
"15","Workers' compensation","2001","2,334"
"15","Workers' compensation","2002","2,342"
"15","Workers' compensation","2003","2,371"
"15","Workers' compensation","2004","2,448"
"15","Workers' compensation","2005","2,462"
"15","Workers' compensation","2006","2,436"
"15","Workers' compensation","2007","2,496"
"15","Workers' compensation","2008","2,567"
"15","Workers' compensation","2009","2,711"
"15","Workers' compensation","2010","2,728"
"15","Workers' compensation","2011","2,995"
"15","Workers' compensation","2012","3,010"
"15","Workers' compensation","2013","3,098"
"15","Workers' compensation","2014","3,350"
"15","Workers' compensation","2015","3,376"
"15","Workers' compensation","2016","3,334"
"15","Workers' compensation","2017","2,973"
"15","Workers' compensation","2018","3,085"
"15","Workers' compensation","2019","3,002"
"15","Workers' compensation","2020","2,970"
"15","Workers' compensation","2021","2,969"
"15","Workers' compensation","2022","3,053"
"15","Workers' compensation","2023","3,449"
"15","Workers' compensation","2024","3,829"
"16","Military medical insurance","1967","112"
"16","Military medical insurance","1968","148"
"16","Military medical insurance","1969","178"
"16","Military medical insurance","1970","211"
"16","Military medical insurance","1971","237"
"16","Military medical insurance","1972","263"
"16","Military medical insurance","1973","286"
"16","Military medical insurance","1974","280"
"16","Military medical insurance","1975","261"
"16","Military medical insurance","1976","251"
"16","Military medical insurance","1977","265"
"16","Military medical insurance","1978","300"
"16","Military medical insurance","1979","347"
"16","Military medical insurance","1980","358"
"16","Military medical insurance","1981","431"
"16","Military medical insurance","1982","545"
"16","Military medical insurance","1983","633"
"16","Military medical insurance","1984","689"
"16","Military medical insurance","1985","791"
"16","Military medical insurance","1986","921"
"16","Military medical insurance","1987","1,052"
"16","Military medical insurance","1988","1,264"
"16","Military medical insurance","1989","1,345"
"16","Military medical insurance","1990","1,533"
"16","Military medical insurance","1991","1,653"
"16","Military medical insurance","1992","1,698"
"16","Military medical insurance","1993","1,622"
"16","Military medical insurance","1994","1,362"
"16","Military medical insurance","1995","1,047"
"16","Military medical insurance","1996","959"
"16","Military medical insurance","1997","942"
"16","Military medical insurance","1998","975"
"16","Military medical insurance","1999","1,031"
"16","Military medical insurance","2000","1,159"
"16","Military medical insurance","2001","1,317"
"16","Military medical insurance","2002","1,480"
"16","Military medical insurance","2003","2,122"
"16","Military medical insurance","2004","2,612"
"16","Military medical insurance","2005","3,076"
"16","Military medical insurance","2006","3,798"
"16","Military medical insurance","2007","4,016"
"16","Military medical insurance","2008","4,379"
"16","Military medical insurance","2009","4,907"
"16","Military medical insurance","2010","5,010"
"16","Military medical insurance","2011","5,237"
"16","Military medical insurance","2012","5,520"
"16","Military medical insurance","2013","5,098"
"16","Military medical insurance","2014","5,372"
"16","Military medical insurance","2015","5,668"
"16","Military medical insurance","2016","5,270"
"16","Military medical insurance","2017","5,401"
"16","Military medical insurance","2018","5,228"
"16","Military medical insurance","2019","5,378"
"16","Military medical insurance","2020","5,400"
"16","Military medical insurance","2021","5,721"
"16","Military medical insurance","2022","6,387"
"16","Military medical insurance","2023","6,838"
"16","Military medical insurance","2024","7,157"
"17","Veterans' benefits","1929","508"
"17","Veterans' benefits","1930","544"
"17","Veterans' benefits","1931","1,513"
"17","Veterans' benefits","1932","709"
"17","Veterans' benefits","1933","483"
"17","Veterans' benefits","1934","375"
"17","Veterans' benefits","1935","409"
"17","Veterans' benefits","1936","1,821"
"17","Veterans' benefits","1937","524"
"17","Veterans' benefits","1938","458"
"17","Veterans' benefits","1939","448"
"17","Veterans' benefits","1940","451"
"17","Veterans' benefits","1941","441"
"17","Veterans' benefits","1942","437"
"17","Veterans' benefits","1943","443"
"17","Veterans' benefits","1944","827"
"17","Veterans' benefits","1945","2,565"
"17","Veterans' benefits","1946","5,042"
"17","Veterans' benefits","1947","5,468"
"17","Veterans' benefits","1948","4,409"
"17","Veterans' benefits","1949","4,214"
"17","Veterans' benefits","1950","3,986"
"17","Veterans' benefits","1951","3,502"
"17","Veterans' benefits","1952","3,343"
"17","Veterans' benefits","1953","3,215"
"17","Veterans' benefits","1954","3,343"
"17","Veterans' benefits","1955","3,652"
"17","Veterans' benefits","1956","3,688"
"17","Veterans' benefits","1957","3,750"
"17","Veterans' benefits","1958","3,834"
"17","Veterans' benefits","1959","3,774"
"17","Veterans' benefits","1960","3,745"
"17","Veterans' benefits","1961","3,827"
"17","Veterans' benefits","1962","3,841"
"17","Veterans' benefits","1963","3,926"
"17","Veterans' benefits","1964","3,987"
"17","Veterans' benefits","1965","4,193"
"17","Veterans' benefits","1966","4,121"
"17","Veterans' benefits","1967","4,753"
"17","Veterans' benefits","1968","5,091"
"17","Veterans' benefits","1969","5,798"
"17","Veterans' benefits","1970","6,587"
"17","Veterans' benefits","1971","7,540"
"17","Veterans' benefits","1972","8,504"
"17","Veterans' benefits","1973","9,284"
"17","Veterans' benefits","1974","10,462"
"17","Veterans' benefits","1975","12,895"
"17","Veterans' benefits","1976","12,797"
"17","Veterans' benefits","1977","12,334"
"17","Veterans' benefits","1978","12,536"
"17","Veterans' benefits","1979","13,047"
"17","Veterans' benefits","1980","13,414"
"17","Veterans' benefits","1981","14,444"
"17","Veterans' benefits","1982","14,902"
"17","Veterans' benefits","1983","15,033"
"17","Veterans' benefits","1984","14,826"
"17","Veterans' benefits","1985","14,952"
"17","Veterans' benefits","1986","14,882"
"17","Veterans' benefits","1987","14,763"
"17","Veterans' benefits","1988","15,011"
"17","Veterans' benefits","1989","15,357"
"17","Veterans' benefits","1990","15,807"
"17","Veterans' benefits","1991","16,245"
"17","Veterans' benefits","1992","16,695"
"17","Veterans' benefits","1993","17,409"
"17","Veterans' benefits","1994","17,787"
"17","Veterans' benefits","1995","18,634"
"17","Veterans' benefits","1996","19,413"
"17","Veterans' benefits","1997","20,367"
"17","Veterans' benefits","1998","21,367"
"17","Veterans' benefits","1999","22,314"
"17","Veterans' benefits","2000","23,288"
"17","Veterans' benefits","2001","24,895"
"17","Veterans' benefits","2002","27,808"
"17","Veterans' benefits","2003","30,113"
"17","Veterans' benefits","2004","32,358"
"17","Veterans' benefits","2005","34,767"
"17","Veterans' benefits","2006","37,278"
"17","Veterans' benefits","2007","40,109"
"17","Veterans' benefits","2008","43,464"
"17","Veterans' benefits","2009","49,980"
"17","Veterans' benefits","2010","56,431"
"17","Veterans' benefits","2011","61,753"
"17","Veterans' benefits","2012","68,679"
"17","Veterans' benefits","2013","77,683"
"17","Veterans' benefits","2014","82,839"
"17","Veterans' benefits","2015","91,291"
"17","Veterans' benefits","2016","95,588"
"17","Veterans' benefits","2017","110,327"
"17","Veterans' benefits","2018","118,623"
"17","Veterans' benefits","2019","128,822"
"17","Veterans' benefits","2020","143,934"
"17","Veterans' benefits","2021","151,750"
"17","Veterans' benefits","2022","167,597"
"17","Veterans' benefits","2023","196,043"
"17","Veterans' benefits","2024","229,441"
"18","Pension and disability","1929","415"
"18","Pension and disability","1930","438"
"18","Pension and disability","1931","517"
"18","Pension and disability","1932","539"
"18","Pension and disability","1933","425"
"18","Pension and disability","1934","347"
"18","Pension and disability","1935","380"
"18","Pension and disability","1936","391"
"18","Pension and disability","1937","390"
"18","Pension and disability","1938","399"
"18","Pension and disability","1939","412"
"18","Pension and disability","1940","423"
"18","Pension and disability","1941","422"
"18","Pension and disability","1942","427"
"18","Pension and disability","1943","437"
"18","Pension and disability","1944","589"
"18","Pension and disability","1945","940"
"18","Pension and disability","1946","1,580"
"18","Pension and disability","1947","2,042"
"18","Pension and disability","1948","2,111"
"18","Pension and disability","1949","2,147"
"18","Pension and disability","1950","2,191"
"18","Pension and disability","1951","2,126"
"18","Pension and disability","1952","2,239"
"18","Pension and disability","1953","2,399"
"18","Pension and disability","1954","2,515"
"18","Pension and disability","1955","2,706"
"18","Pension and disability","1956","2,768"
"18","Pension and disability","1957","2,918"
"18","Pension and disability","1958","3,144"
"18","Pension and disability","1959","3,282"
"18","Pension and disability","1960","3,442"
"18","Pension and disability","1961","3,647"
"18","Pension and disability","1962","3,743"
"18","Pension and disability","1963","3,871"
"18","Pension and disability","1964","3,954"
"18","Pension and disability","1965","4,184"
"18","Pension and disability","1966","4,038"
"18","Pension and disability","1967","4,446"
"18","Pension and disability","1968","4,592"
"18","Pension and disability","1969","5,090"
"18","Pension and disability","1970","5,433"
"18","Pension and disability","1971","5,884"
"18","Pension and disability","1972","6,312"
"18","Pension and disability","1973","6,461"
"18","Pension and disability","1974","7,107"
"18","Pension and disability","1975","7,795"
"18","Pension and disability","1976","8,452"
"18","Pension and disability","1977","9,189"
"18","Pension and disability","1978","9,713"
"18","Pension and disability","1979","10,636"
"18","Pension and disability","1980","11,372"
"18","Pension and disability","1981","12,520"
"18","Pension and disability","1982","13,310"
"18","Pension and disability","1983","13,682"
"18","Pension and disability","1984","13,735"
"18","Pension and disability","1985","14,048"
"18","Pension and disability","1986","14,187"
"18","Pension and disability","1987","14,199"
"18","Pension and disability","1988","14,584"
"18","Pension and disability","1989","14,975"
"18","Pension and disability","1990","15,550"
"18","Pension and disability","1991","15,891"
"18","Pension and disability","1992","16,184"
"18","Pension and disability","1993","16,707"
"18","Pension and disability","1994","16,934"
"18","Pension and disability","1995","17,548"
"18","Pension and disability","1996","18,274"
"18","Pension and disability","1997","19,137"
"18","Pension and disability","1998","20,147"
"18","Pension and disability","1999","20,991"
"18","Pension and disability","2000","21,966"
"18","Pension and disability","2001","23,386"
"18","Pension and disability","2002","26,144"
"18","Pension and disability","2003","28,180"
"18","Pension and disability","2004","30,197"
"18","Pension and disability","2005","32,511"
"18","Pension and disability","2006","35,014"
"18","Pension and disability","2007","37,692"
"18","Pension and disability","2008","40,715"
"18","Pension and disability","2009","45,545"
"18","Pension and disability","2010","48,455"
"18","Pension and disability","2011","52,101"
"18","Pension and disability","2012","58,352"
"18","Pension and disability","2013","65,789"
"18","Pension and disability","2014","70,779"
"18","Pension and disability","2015","76,515"
"18","Pension and disability","2016","80,150"
"18","Pension and disability","2017","86,048"
"18","Pension and disability","2018","93,365"
"18","Pension and disability","2019","101,587"
"18","Pension and disability","2020","111,026"
"18","Pension and disability","2021","117,207"
"18","Pension and disability","2022","132,241"
"18","Pension and disability","2023","154,943"
"18","Pension and disability","2024","180,525"
"19","Readjustment","1944","1"
"19","Readjustment","1945","33"
"19","Readjustment","1946","1,313"
"19","Readjustment","1947","1,843"
"19","Readjustment","1948","1,864"
"19","Readjustment","1949","1,898"
"19","Readjustment","1950","1,677"
"19","Readjustment","1951","1,220"
"19","Readjustment","1952","650"
"19","Readjustment","1953","459"
"19","Readjustment","1954","504"
"19","Readjustment","1955","648"
"19","Readjustment","1956","726"
"19","Readjustment","1957","708"
"19","Readjustment","1958","624"
"19","Readjustment","1959","479"
"19","Readjustment","1960","301"
"19","Readjustment","1961","179"
"19","Readjustment","1962","97"
"19","Readjustment","1963","54"
"19","Readjustment","1964","32"
"19","Readjustment","1965","9"
"19","Readjustment","1966","83"
"19","Readjustment","1967","307"
"19","Readjustment","1968","499"
"19","Readjustment","1969","708"
"19","Readjustment","1970","1,154"
"19","Readjustment","1971","1,656"
"19","Readjustment","1972","2,192"
"19","Readjustment","1973","2,823"
"19","Readjustment","1974","3,355"
"19","Readjustment","1975","5,100"
"19","Readjustment","1976","4,345"
"19","Readjustment","1977","3,145"
"19","Readjustment","1978","2,823"
"19","Readjustment","1979","2,411"
"19","Readjustment","1980","2,042"
"19","Readjustment","1981","1,924"
"19","Readjustment","1982","1,592"
"19","Readjustment","1983","1,351"
"19","Readjustment","1984","1,091"
"19","Readjustment","1985","904"
"19","Readjustment","1986","695"
"19","Readjustment","1987","564"
"19","Readjustment","1988","427"
"19","Readjustment","1989","382"
"19","Readjustment","1990","257"
"19","Readjustment","1991","354"
"19","Readjustment","1992","511"
"19","Readjustment","1993","702"
"19","Readjustment","1994","853"
"19","Readjustment","1995","1,086"
"19","Readjustment","1996","1,139"
"19","Readjustment","1997","1,230"
"19","Readjustment","1998","1,220"
"19","Readjustment","1999","1,323"
"19","Readjustment","2000","1,322"
"19","Readjustment","2001","1,509"
"19","Readjustment","2002","1,664"
"19","Readjustment","2003","1,933"
"19","Readjustment","2004","2,161"
"19","Readjustment","2005","2,256"
"19","Readjustment","2006","2,264"
"19","Readjustment","2007","2,417"
"19","Readjustment","2008","2,749"
"19","Readjustment","2009","4,435"
"19","Readjustment","2010","7,976"
"19","Readjustment","2011","9,652"
"19","Readjustment","2012","10,327"
"19","Readjustment","2013","11,894"
"19","Readjustment","2014","12,060"
"19","Readjustment","2015","12,699"
"19","Readjustment","2016","11,818"
"19","Readjustment","2017","12,056"
"19","Readjustment","2018","11,424"
"19","Readjustment","2019","11,520"
"19","Readjustment","2020","10,868"
"19","Readjustment","2021","10,085"
"19","Readjustment","2022","9,510"
"19","Readjustment","2023","10,196"
"19","Readjustment","2024","11,391"
"20","Other","1929","93"
"20","Other","1930","106"
"20","Other","1931","996"
"20","Other","1932","170"
"20","Other","1933","58"
"20","Other","1934","28"
"20","Other","1935","29"
"20","Other","1936","1,430"
"20","Other","1937","134"
"20","Other","1938","59"
"20","Other","1939","36"
"20","Other","1940","28"
"20","Other","1941","19"
"20","Other","1942","10"
"20","Other","1943","6"
"20","Other","1944","237"
"20","Other","1945","1,592"
"20","Other","1946","2,149"
"20","Other","1947","1,583"
"20","Other","1948","434"
"20","Other","1949","169"
"20","Other","1950","118"
"20","Other","1951","156"
"20","Other","1952","454"
"20","Other","1953","357"
"20","Other","1954","324"
"20","Other","1955","298"
"20","Other","1956","194"
"20","Other","1957","124"
"20","Other","1958","66"
"20","Other","1959","13"
"20","Other","1960","2"
"20","Other","1961","1"
"20","Other","1962","1"
"20","Other","1963","1"
"20","Other","1964","1"
"20","Other","2015","2,077"
"20","Other","2016","3,620"
"20","Other","2017","12,223"
"20","Other","2018","13,834"
"20","Other","2019","15,715"
"20","Other","2020","22,040"
"20","Other","2021","24,458"
"20","Other","2022","25,846"
"20","Other","2023","30,905"
"20","Other","2024","37,526"
"21","Supplemental Nutrition Assistance Program (SNAP)","1961","7"
"21","Supplemental Nutrition Assistance Program (SNAP)","1962","14"
"21","Supplemental Nutrition Assistance Program (SNAP)","1963","26"
"21","Supplemental Nutrition Assistance Program (SNAP)","1964","28"
"21","Supplemental Nutrition Assistance Program (SNAP)","1965","45"
"21","Supplemental Nutrition Assistance Program (SNAP)","1966","84"
"21","Supplemental Nutrition Assistance Program (SNAP)","1967","139"
"21","Supplemental Nutrition Assistance Program (SNAP)","1968","198"
"21","Supplemental Nutrition Assistance Program (SNAP)","1969","264"
"21","Supplemental Nutrition Assistance Program (SNAP)","1970","1,103"
"21","Supplemental Nutrition Assistance Program (SNAP)","1971","1,698"
"21","Supplemental Nutrition Assistance Program (SNAP)","1972","1,980"
"21","Supplemental Nutrition Assistance Program (SNAP)","1973","2,209"
"21","Supplemental Nutrition Assistance Program (SNAP)","1974","3,433"
"21","Supplemental Nutrition Assistance Program (SNAP)","1975","4,597"
"21","Supplemental Nutrition Assistance Program (SNAP)","1976","4,598"
"21","Supplemental Nutrition Assistance Program (SNAP)","1977","4,394"
"21","Supplemental Nutrition Assistance Program (SNAP)","1978","4,585"
"21","Supplemental Nutrition Assistance Program (SNAP)","1979","6,332"
"21","Supplemental Nutrition Assistance Program (SNAP)","1980","8,214"
"21","Supplemental Nutrition Assistance Program (SNAP)","1981","10,065"
"21","Supplemental Nutrition Assistance Program (SNAP)","1982","9,896"
"21","Supplemental Nutrition Assistance Program (SNAP)","1983","11,066"
"21","Supplemental Nutrition Assistance Program (SNAP)","1984","10,669"
"21","Supplemental Nutrition Assistance Program (SNAP)","1985","10,690"
"21","Supplemental Nutrition Assistance Program (SNAP)","1986","10,553"
"21","Supplemental Nutrition Assistance Program (SNAP)","1987","10,607"
"21","Supplemental Nutrition Assistance Program (SNAP)","1988","11,213"
"21","Supplemental Nutrition Assistance Program (SNAP)","1989","12,325"
"21","Supplemental Nutrition Assistance Program (SNAP)","1990","14,741"
"21","Supplemental Nutrition Assistance Program (SNAP)","1991","18,264"
"21","Supplemental Nutrition Assistance Program (SNAP)","1992","21,295"
"21","Supplemental Nutrition Assistance Program (SNAP)","1993","22,211"
"21","Supplemental Nutrition Assistance Program (SNAP)","1994","22,842"
"21","Supplemental Nutrition Assistance Program (SNAP)","1995","22,447"
"21","Supplemental Nutrition Assistance Program (SNAP)","1996","21,953"
"21","Supplemental Nutrition Assistance Program (SNAP)","1997","18,732"
"21","Supplemental Nutrition Assistance Program (SNAP)","1998","16,465"
"21","Supplemental Nutrition Assistance Program (SNAP)","1999","15,473"
"21","Supplemental Nutrition Assistance Program (SNAP)","2000","14,565"
"21","Supplemental Nutrition Assistance Program (SNAP)","2001","15,967"
"21","Supplemental Nutrition Assistance Program (SNAP)","2002","18,612"
"21","Supplemental Nutrition Assistance Program (SNAP)","2003","22,125"
"21","Supplemental Nutrition Assistance Program (SNAP)","2004","25,946"
"21","Supplemental Nutrition Assistance Program (SNAP)","2005","29,492"
"21","Supplemental Nutrition Assistance Program (SNAP)","2006","29,390"
"21","Supplemental Nutrition Assistance Program (SNAP)","2007","30,921"
"21","Supplemental Nutrition Assistance Program (SNAP)","2008","37,034"
"21","Supplemental Nutrition Assistance Program (SNAP)","2009","54,762"
"21","Supplemental Nutrition Assistance Program (SNAP)","2010","66,515"
"21","Supplemental Nutrition Assistance Program (SNAP)","2011","72,728"
"21","Supplemental Nutrition Assistance Program (SNAP)","2012","74,851"
"21","Supplemental Nutrition Assistance Program (SNAP)","2013","74,657"
"21","Supplemental Nutrition Assistance Program (SNAP)","2014","69,409"
"21","Supplemental Nutrition Assistance Program (SNAP)","2015","68,737"
"21","Supplemental Nutrition Assistance Program (SNAP)","2016","65,502"
"21","Supplemental Nutrition Assistance Program (SNAP)","2017","64,255"
"21","Supplemental Nutrition Assistance Program (SNAP)","2018","58,190"
"21","Supplemental Nutrition Assistance Program (SNAP)","2019","54,712"
"21","Supplemental Nutrition Assistance Program (SNAP)","2020","94,946"
"21","Supplemental Nutrition Assistance Program (SNAP)","2021","151,169"
"21","Supplemental Nutrition Assistance Program (SNAP)","2022","132,923"
"21","Supplemental Nutrition Assistance Program (SNAP)","2023","111,150"
"21","Supplemental Nutrition Assistance Program (SNAP)","2024","97,391"
"22","Black lung benefits","1970","110"
"22","Black lung benefits","1971","379"
"22","Black lung benefits","1972","554"
"22","Black lung benefits","1973","1,057"
"22","Black lung benefits","1974","957"
"22","Black lung benefits","1975","957"
"22","Black lung benefits","1976","981"
"22","Black lung benefits","1977","972"
"22","Black lung benefits","1978","1,038"
"22","Black lung benefits","1979","1,724"
"22","Black lung benefits","1980","1,751"
"22","Black lung benefits","1981","1,724"
"22","Black lung benefits","1982","1,651"
"22","Black lung benefits","1983","1,688"
"22","Black lung benefits","1984","1,636"
"22","Black lung benefits","1985","1,599"
"22","Black lung benefits","1986","1,579"
"22","Black lung benefits","1987","1,541"
"22","Black lung benefits","1988","1,499"
"22","Black lung benefits","1989","1,477"
"22","Black lung benefits","1990","1,435"
"22","Black lung benefits","1991","1,413"
"22","Black lung benefits","1992","1,396"
"22","Black lung benefits","1993","1,354"
"22","Black lung benefits","1994","1,300"
"22","Black lung benefits","1995","1,216"
"22","Black lung benefits","1996","1,151"
"22","Black lung benefits","1997","1,089"
"22","Black lung benefits","1998","994"
"22","Black lung benefits","1999","985"
"22","Black lung benefits","2000","931"
"22","Black lung benefits","2001","866"
"22","Black lung benefits","2002","839"
"22","Black lung benefits","2003","778"
"22","Black lung benefits","2004","714"
"22","Black lung benefits","2005","661"
"22","Black lung benefits","2006","612"
"22","Black lung benefits","2007","566"
"22","Black lung benefits","2008","522"
"22","Black lung benefits","2009","480"
"22","Black lung benefits","2010","444"
"22","Black lung benefits","2011","404"
"22","Black lung benefits","2012","367"
"22","Black lung benefits","2013","335"
"22","Black lung benefits","2014","304"
"22","Black lung benefits","2015","283"
"22","Black lung benefits","2016","274"
"22","Black lung benefits","2017","266"
"22","Black lung benefits","2018","248"
"22","Black lung benefits","2019","230"
"22","Black lung benefits","2020","213"
"22","Black lung benefits","2021","195"
"22","Black lung benefits","2022","182"
"22","Black lung benefits","2023","175"
"22","Black lung benefits","2024","173"
"23","Supplemental security income","1974","3,959"
"23","Supplemental security income","1975","4,437"
"23","Supplemental security income","1976","4,631"
"23","Supplemental security income","1977","4,743"
"23","Supplemental security income","1978","4,920"
"23","Supplemental security income","1979","5,321"
"23","Supplemental security income","1980","5,905"
"23","Supplemental security income","1981","6,551"
"23","Supplemental security income","1982","6,923"
"23","Supplemental security income","1983","7,433"
"23","Supplemental security income","1984","8,284"
"23","Supplemental security income","1985","8,775"
"23","Supplemental security income","1986","9,496"
"23","Supplemental security income","1987","10,027"
"23","Supplemental security income","1988","10,733"
"23","Supplemental security income","1989","11,605"
"23","Supplemental security income","1990","12,892"
"23","Supplemental security income","1991","14,764"
"23","Supplemental security income","1992","18,245"
"23","Supplemental security income","1993","20,719"
"23","Supplemental security income","1994","22,469"
"23","Supplemental security income","1995","23,917"
"23","Supplemental security income","1996","25,262"
"23","Supplemental security income","1997","25,455"
"23","Supplemental security income","1998","26,402"
"23","Supplemental security income","1999","26,802"
"23","Supplemental security income","2000","27,287"
"23","Supplemental security income","2001","28,702"
"23","Supplemental security income","2002","29,895"
"23","Supplemental security income","2003","30,684"
"23","Supplemental security income","2004","31,883"
"23","Supplemental security income","2005","33,054"
"23","Supplemental security income","2006","34,732"
"23","Supplemental security income","2007","36,879"
"23","Supplemental security income","2008","38,650"
"23","Supplemental security income","2009","42,623"
"23","Supplemental security income","2010","44,599"
"23","Supplemental security income","2011","45,993"
"23","Supplemental security income","2012","48,762"
"23","Supplemental security income","2013","50,617"
"23","Supplemental security income","2014","51,567"
"23","Supplemental security income","2015","52,306"
"23","Supplemental security income","2016","52,147"
"23","Supplemental security income","2017","52,046"
"23","Supplemental security income","2018","52,533"
"23","Supplemental security income","2019","53,436"
"23","Supplemental security income","2020","53,626"
"23","Supplemental security income","2021","52,720"
"23","Supplemental security income","2022","54,260"
"23","Supplemental security income","2023","57,932"
"23","Supplemental security income","2024","59,967"
"24","Direct relief","1935","2"
"24","Direct relief","1936","20"
"24","Direct relief","1937","36"
"24","Direct relief","1938","23"
"24","Direct relief","1939","22"
"24","Direct relief","1940","63"
"24","Direct relief","1941","137"
"24","Direct relief","1942","108"
"24","Direct relief","1943","9"
"25","Refundable tax credits","1976","1,271"
"25","Refundable tax credits","1977","1,262"
"25","Refundable tax credits","1978","1,132"
"25","Refundable tax credits","1979","1,069"
"25","Refundable tax credits","1980","1,983"
"25","Refundable tax credits","1981","1,933"
"25","Refundable tax credits","1982","1,834"
"25","Refundable tax credits","1983","1,769"
"25","Refundable tax credits","1984","1,694"
"25","Refundable tax credits","1985","1,577"
"25","Refundable tax credits","1986","2,009"
"25","Refundable tax credits","1987","1,936"
"25","Refundable tax credits","1988","3,711"
"25","Refundable tax credits","1989","5,646"
"25","Refundable tax credits","1990","6,313"
"25","Refundable tax credits","1991","7,175"
"25","Refundable tax credits","1992","10,549"
"25","Refundable tax credits","1993","11,649"
"25","Refundable tax credits","1994","13,985"
"25","Refundable tax credits","1995","19,903"
"25","Refundable tax credits","1996","24,336"
"25","Refundable tax credits","1997","27,413"
"25","Refundable tax credits","1998","29,192"
"25","Refundable tax credits","1999","30,741"
"25","Refundable tax credits","2000","31,278"
"25","Refundable tax credits","2001","31,189"
"25","Refundable tax credits","2002","37,266"
"25","Refundable tax credits","2003","42,942"
"25","Refundable tax credits","2004","46,678"
"25","Refundable tax credits","2005","54,052"
"25","Refundable tax credits","2006","56,668"
"25","Refundable tax credits","2007","60,123"
"25","Refundable tax credits","2008","159,908"
"25","Refundable tax credits","2009","76,810"
"25","Refundable tax credits","2010","144,341"
"25","Refundable tax credits","2011","151,420"
"25","Refundable tax credits","2012","98,683"
"25","Refundable tax credits","2013","97,626"
"25","Refundable tax credits","2014","114,996"
"25","Refundable tax credits","2015","125,884"
"25","Refundable tax credits","2016","130,814"
"25","Refundable tax credits","2017","136,911"
"25","Refundable tax credits","2018","148,318"
"25","Refundable tax credits","2019","157,668"
"25","Refundable tax credits","2020","430,656"
"25","Refundable tax credits","2021","856,583"
"25","Refundable tax credits","2022","343,287"
"25","Refundable tax credits","2023","195,906"
"25","Refundable tax credits","2024","228,809"
"26","Other","1929","111"
"26","Other","1930","110"
"26","Other","1931","112"
"26","Other","1932","118"
"26","Other","1933","102"
"26","Other","1934","96"
"26","Other","1935","92"
"26","Other","1936","86"
"26","Other","1937","82"
"26","Other","1938","62"
"26","Other","1939","24"
"26","Other","1940","19"
"26","Other","1941","32"
"26","Other","1942","78"
"26","Other","1943","195"
"26","Other","1944","295"
"26","Other","1945","240"
"26","Other","1946","130"
"26","Other","1947","297"
"26","Other","1948","336"
"26","Other","1949","340"
"26","Other","1950","362"
"26","Other","1951","295"
"26","Other","1952","222"
"26","Other","1953","189"
"26","Other","1954","123"
"26","Other","1955","114"
"26","Other","1956","110"
"26","Other","1957","132"
"26","Other","1958","183"
"26","Other","1959","224"
"26","Other","1960","244"
"26","Other","1961","297"
"26","Other","1962","375"
"26","Other","1963","441"
"26","Other","1964","564"
"26","Other","1965","746"
"26","Other","1966","1,010"
"26","Other","1967","1,298"
"26","Other","1968","1,440"
"26","Other","1969","1,711"
"26","Other","1970","2,125"
"26","Other","1971","2,432"
"26","Other","1972","2,580"
"26","Other","1973","2,609"
"26","Other","1974","2,875"
"26","Other","1975","4,951"
"26","Other","1976","4,290"
"26","Other","1977","4,667"
"26","Other","1978","6,143"
"26","Other","1979","6,833"
"26","Other","1980","10,891"
"26","Other","1981","10,017"
"26","Other","1982","8,169"
"26","Other","1983","8,930"
"26","Other","1984","9,604"
"26","Other","1985","9,622"
"26","Other","1986","10,126"
"26","Other","1987","10,493"
"26","Other","1988","11,324"
"26","Other","1989","13,592"
"26","Other","1990","13,507"
"26","Other","1991","14,711"
"26","Other","1992","16,067"
"26","Other","1993","17,211"
"26","Other","1994","16,563"
"26","Other","1995","17,009"
"26","Other","1996","17,201"
"26","Other","1997","17,804"
"26","Other","1998","19,767"
"26","Other","1999","20,667"
"26","Other","2000","21,227"
"26","Other","2001","25,481"
"26","Other","2002","28,081"
"26","Other","2003","30,437"
"26","Other","2004","37,668"
"26","Other","2005","36,668"
"26","Other","2006","36,758"
"26","Other","2007","37,807"
"26","Other","2008","44,631"
"26","Other","2009","79,463"
"26","Other","2010","80,406"
"26","Other","2011","68,112"
"26","Other","2012","66,335"
"26","Other","2013","63,328"
"26","Other","2014","67,000"
"26","Other","2015","65,801"
"26","Other","2016","65,511"
"26","Other","2017","63,206"
"26","Other","2018","60,646"
"26","Other","2019","61,450"
"26","Other","2020","191,677"
"26","Other","2021","106,195"
"26","Other","2022","92,004"
"26","Other","2023","82,553"
"26","Other","2024","86,425"
"27","State and local","1929","146"
"27","State and local","1930","186"
"27","State and local","1931","263"
"27","State and local","1932","407"
"27","State and local","1933","649"
"27","State and local","1934","834"
"27","State and local","1935","1,045"
"27","State and local","1936","725"
"27","State and local","1937","879"
"27","State and local","1938","1,058"
"27","State and local","1939","1,115"
"27","State and local","1940","1,099"
"27","State and local","1941","1,067"
"27","State and local","1942","1,035"
"27","State and local","1943","1,010"
"27","State and local","1944","1,023"
"27","State and local","1945","1,088"
"27","State and local","1946","1,468"
"27","State and local","1947","2,045"
"27","State and local","1948","2,695"
"27","State and local","1949","2,657"
"27","State and local","1950","3,190"
"27","State and local","1951","2,644"
"27","State and local","1952","2,913"
"27","State and local","1953","2,972"
"27","State and local","1954","3,067"
"27","State and local","1955","3,252"
"27","State and local","1956","3,292"
"27","State and local","1957","3,601"
"27","State and local","1958","4,035"
"27","State and local","1959","4,339"
"27","State and local","1960","4,561"
"27","State and local","1961","4,982"
"27","State and local","1962","5,340"
"27","State and local","1963","5,697"
"27","State and local","1964","6,154"
"27","State and local","1965","6,651"
"27","State and local","1966","7,621"
"27","State and local","1967","9,232"
"27","State and local","1968","11,446"
"27","State and local","1969","13,217"
"27","State and local","1970","16,101"
"27","State and local","1971","19,332"
"27","State and local","1972","21,953"
"27","State and local","1973","24,084"
"27","State and local","1974","25,276"
"27","State and local","1975","30,802"
"27","State and local","1976","34,138"
"27","State and local","1977","37,039"
"27","State and local","1978","40,767"
"27","State and local","1979","44,316"
"27","State and local","1980","51,201"
"27","State and local","1981","57,090"
"27","State and local","1982","61,197"
"27","State and local","1983","66,906"
"27","State and local","1984","71,169"
"27","State and local","1985","77,260"
"27","State and local","1986","84,344"
"27","State and local","1987","90,726"
"27","State and local","1988","98,501"
"27","State and local","1989","109,348"
"27","State and local","1990","127,655"
"27","State and local","1991","156,517"
"27","State and local","1992","179,996"
"27","State and local","1993","195,210"
"27","State and local","1994","206,707"
"27","State and local","1995","217,636"
"27","State and local","1996","224,255"
"27","State and local","1997","227,558"
"27","State and local","1998","235,779"
"27","State and local","1999","252,349"
"27","State and local","2000","271,434"
"27","State and local","2001","305,070"
"27","State and local","2002","333,026"
"27","State and local","2003","353,524"
"27","State and local","2004","384,968"
"27","State and local","2005","406,543"
"27","State and local","2006","403,920"
"27","State and local","2007","433,995"
"27","State and local","2008","456,110"
"27","State and local","2009","493,179"
"27","State and local","2010","523,926"
"27","State and local","2011","530,685"
"27","State and local","2012","540,752"
"27","State and local","2013","564,382"
"27","State and local","2014","617,541"
"27","State and local","2015","665,280"
"27","State and local","2016","693,059"
"27","State and local","2017","709,653"
"27","State and local","2018","731,121"
"27","State and local","2019","762,733"
"27","State and local","2020","815,731"
"27","State and local","2021","907,673"
"27","State and local","2022","1,020,036"
"27","State and local","2023","1,065,795"
"27","State and local","2024","1,139,998"
"28","Benefits from social insurance funds","1942","0"
"28","Benefits from social insurance funds","1943","3"
"28","Benefits from social insurance funds","1944","5"
"28","Benefits from social insurance funds","1945","5"
"28","Benefits from social insurance funds","1946","88"
"28","Benefits from social insurance funds","1947","117"
"28","Benefits from social insurance funds","1948","131"
"28","Benefits from social insurance funds","1949","145"
"28","Benefits from social insurance funds","1950","167"
"28","Benefits from social insurance funds","1951","183"
"28","Benefits from social insurance funds","1952","205"
"28","Benefits from social insurance funds","1953","223"
"28","Benefits from social insurance funds","1954","248"
"28","Benefits from social insurance funds","1955","262"
"28","Benefits from social insurance funds","1956","289"
"28","Benefits from social insurance funds","1957","312"
"28","Benefits from social insurance funds","1958","357"
"28","Benefits from social insurance funds","1959","384"
"28","Benefits from social insurance funds","1960","432"
"28","Benefits from social insurance funds","1961","480"
"28","Benefits from social insurance funds","1962","533"
"28","Benefits from social insurance funds","1963","596"
"28","Benefits from social insurance funds","1964","633"
"28","Benefits from social insurance funds","1965","663"
"28","Benefits from social insurance funds","1966","700"
"28","Benefits from social insurance funds","1967","754"
"28","Benefits from social insurance funds","1968","811"
"28","Benefits from social insurance funds","1969","886"
"28","Benefits from social insurance funds","1970","938"
"28","Benefits from social insurance funds","1971","985"
"28","Benefits from social insurance funds","1972","1,107"
"28","Benefits from social insurance funds","1973","1,246"
"28","Benefits from social insurance funds","1974","1,371"
"28","Benefits from social insurance funds","1975","1,483"
"28","Benefits from social insurance funds","1976","1,711"
"28","Benefits from social insurance funds","1977","1,945"
"28","Benefits from social insurance funds","1978","2,184"
"28","Benefits from social insurance funds","1979","2,534"
"28","Benefits from social insurance funds","1980","2,790"
"28","Benefits from social insurance funds","1981","3,178"
"28","Benefits from social insurance funds","1982","3,658"
"28","Benefits from social insurance funds","1983","3,977"
"28","Benefits from social insurance funds","1984","4,424"
"28","Benefits from social insurance funds","1985","4,902"
"28","Benefits from social insurance funds","1986","5,452"
"28","Benefits from social insurance funds","1987","6,384"
"28","Benefits from social insurance funds","1988","7,210"
"28","Benefits from social insurance funds","1989","7,912"
"28","Benefits from social insurance funds","1990","9,248"
"28","Benefits from social insurance funds","1991","10,530"
"28","Benefits from social insurance funds","1992","11,480"
"28","Benefits from social insurance funds","1993","11,370"
"28","Benefits from social insurance funds","1994","10,974"
"28","Benefits from social insurance funds","1995","10,736"
"28","Benefits from social insurance funds","1996","10,954"
"28","Benefits from social insurance funds","1997","10,729"
"28","Benefits from social insurance funds","1998","10,384"
"28","Benefits from social insurance funds","1999","10,626"
"28","Benefits from social insurance funds","2000","11,384"
"28","Benefits from social insurance funds","2001","12,698"
"28","Benefits from social insurance funds","2002","14,190"
"28","Benefits from social insurance funds","2003","15,685"
"28","Benefits from social insurance funds","2004","16,830"
"28","Benefits from social insurance funds","2005","16,987"
"28","Benefits from social insurance funds","2006","16,559"
"28","Benefits from social insurance funds","2007","16,699"
"28","Benefits from social insurance funds","2008","17,003"
"28","Benefits from social insurance funds","2009","17,265"
"28","Benefits from social insurance funds","2010","17,186"
"28","Benefits from social insurance funds","2011","16,275"
"28","Benefits from social insurance funds","2012","15,697"
"28","Benefits from social insurance funds","2013","15,656"
"28","Benefits from social insurance funds","2014","16,079"
"28","Benefits from social insurance funds","2015","15,455"
"28","Benefits from social insurance funds","2016","15,083"
"28","Benefits from social insurance funds","2017","15,004"
"28","Benefits from social insurance funds","2018","15,370"
"28","Benefits from social insurance funds","2019","16,398"
"28","Benefits from social insurance funds","2020","17,504"
"28","Benefits from social insurance funds","2021","18,203"
"28","Benefits from social insurance funds","2022","18,802"
"28","Benefits from social insurance funds","2023","20,301"
"28","Benefits from social insurance funds","2024","21,232"
"29","Temporary disability insurance","1942","0"
"29","Temporary disability insurance","1943","3"
"29","Temporary disability insurance","1944","5"
"29","Temporary disability insurance","1945","5"
"29","Temporary disability insurance","1946","5"
"29","Temporary disability insurance","1947","22"
"29","Temporary disability insurance","1948","26"
"29","Temporary disability insurance","1949","31"
"29","Temporary disability insurance","1950","38"
"29","Temporary disability insurance","1951","36"
"29","Temporary disability insurance","1952","43"
"29","Temporary disability insurance","1953","49"
"29","Temporary disability insurance","1954","60"
"29","Temporary disability insurance","1955","63"
"29","Temporary disability insurance","1956","74"
"29","Temporary disability insurance","1957","84"
"29","Temporary disability insurance","1958","104"
"29","Temporary disability insurance","1959","113"
"29","Temporary disability insurance","1960","138"
"29","Temporary disability insurance","1961","160"
"29","Temporary disability insurance","1962","185"
"29","Temporary disability insurance","1963","229"
"29","Temporary disability insurance","1964","249"
"29","Temporary disability insurance","1965","261"
"29","Temporary disability insurance","1966","267"
"29","Temporary disability insurance","1967","285"
"29","Temporary disability insurance","1968","317"
"29","Temporary disability insurance","1969","357"
"29","Temporary disability insurance","1970","398"
"29","Temporary disability insurance","1971","399"
"29","Temporary disability insurance","1972","417"
"29","Temporary disability insurance","1973","463"
"29","Temporary disability insurance","1974","495"
"29","Temporary disability insurance","1975","517"
"29","Temporary disability insurance","1976","511"
"29","Temporary disability insurance","1977","570"
"29","Temporary disability insurance","1978","622"
"29","Temporary disability insurance","1979","695"
"29","Temporary disability insurance","1980","780"
"29","Temporary disability insurance","1981","894"
"29","Temporary disability insurance","1982","962"
"29","Temporary disability insurance","1983","996"
"29","Temporary disability insurance","1984","1,146"
"29","Temporary disability insurance","1985","1,402"
"29","Temporary disability insurance","1986","1,533"
"29","Temporary disability insurance","1987","1,638"
"29","Temporary disability insurance","1988","1,749"
"29","Temporary disability insurance","1989","1,865"
"29","Temporary disability insurance","1990","2,205"
"29","Temporary disability insurance","1991","2,759"
"29","Temporary disability insurance","1992","2,937"
"29","Temporary disability insurance","1993","2,318"
"29","Temporary disability insurance","1994","2,185"
"29","Temporary disability insurance","1995","2,099"
"29","Temporary disability insurance","1996","2,045"
"29","Temporary disability insurance","1997","2,038"
"29","Temporary disability insurance","1998","2,065"
"29","Temporary disability insurance","1999","2,223"
"29","Temporary disability insurance","2000","2,650"
"29","Temporary disability insurance","2001","3,079"
"29","Temporary disability insurance","2002","3,410"
"29","Temporary disability insurance","2003","3,646"
"29","Temporary disability insurance","2004","4,030"
"29","Temporary disability insurance","2005","4,316"
"29","Temporary disability insurance","2006","4,508"
"29","Temporary disability insurance","2007","4,780"
"29","Temporary disability insurance","2008","5,179"
"29","Temporary disability insurance","2009","5,503"
"29","Temporary disability insurance","2010","5,623"
"29","Temporary disability insurance","2011","5,512"
"29","Temporary disability insurance","2012","5,524"
"29","Temporary disability insurance","2013","5,648"
"29","Temporary disability insurance","2014","6,230"
"29","Temporary disability insurance","2015","6,124"
"29","Temporary disability insurance","2016","6,464"
"29","Temporary disability insurance","2017","6,753"
"29","Temporary disability insurance","2018","7,646"
"29","Temporary disability insurance","2019","8,475"
"29","Temporary disability insurance","2020","9,275"
"29","Temporary disability insurance","2021","9,775"
"29","Temporary disability insurance","2022","10,038"
"29","Temporary disability insurance","2023","11,878"
"29","Temporary disability insurance","2024","13,138"
"30","Workers' compensation","1946","83"
"30","Workers' compensation","1947","95"
"30","Workers' compensation","1948","105"
"30","Workers' compensation","1949","114"
"30","Workers' compensation","1950","129"
"30","Workers' compensation","1951","147"
"30","Workers' compensation","1952","162"
"30","Workers' compensation","1953","174"
"30","Workers' compensation","1954","188"
"30","Workers' compensation","1955","199"
"30","Workers' compensation","1956","215"
"30","Workers' compensation","1957","228"
"30","Workers' compensation","1958","253"
"30","Workers' compensation","1959","271"
"30","Workers' compensation","1960","294"
"30","Workers' compensation","1961","320"
"30","Workers' compensation","1962","348"
"30","Workers' compensation","1963","367"
"30","Workers' compensation","1964","384"
"30","Workers' compensation","1965","402"
"30","Workers' compensation","1966","433"
"30","Workers' compensation","1967","469"
"30","Workers' compensation","1968","494"
"30","Workers' compensation","1969","529"
"30","Workers' compensation","1970","540"
"30","Workers' compensation","1971","586"
"30","Workers' compensation","1972","690"
"30","Workers' compensation","1973","783"
"30","Workers' compensation","1974","876"
"30","Workers' compensation","1975","966"
"30","Workers' compensation","1976","1,200"
"30","Workers' compensation","1977","1,375"
"30","Workers' compensation","1978","1,562"
"30","Workers' compensation","1979","1,839"
"30","Workers' compensation","1980","2,010"
"30","Workers' compensation","1981","2,284"
"30","Workers' compensation","1982","2,696"
"30","Workers' compensation","1983","2,981"
"30","Workers' compensation","1984","3,278"
"30","Workers' compensation","1985","3,500"
"30","Workers' compensation","1986","3,919"
"30","Workers' compensation","1987","4,746"
"30","Workers' compensation","1988","5,461"
"30","Workers' compensation","1989","6,047"
"30","Workers' compensation","1990","7,043"
"30","Workers' compensation","1991","7,771"
"30","Workers' compensation","1992","8,543"
"30","Workers' compensation","1993","9,052"
"30","Workers' compensation","1994","8,789"
"30","Workers' compensation","1995","8,637"
"30","Workers' compensation","1996","8,909"
"30","Workers' compensation","1997","8,691"
"30","Workers' compensation","1998","8,319"
"30","Workers' compensation","1999","8,403"
"30","Workers' compensation","2000","8,734"
"30","Workers' compensation","2001","9,619"
"30","Workers' compensation","2002","10,780"
"30","Workers' compensation","2003","12,039"
"30","Workers' compensation","2004","12,800"
"30","Workers' compensation","2005","12,671"
"30","Workers' compensation","2006","12,051"
"30","Workers' compensation","2007","11,919"
"30","Workers' compensation","2008","11,824"
"30","Workers' compensation","2009","11,762"
"30","Workers' compensation","2010","11,563"
"30","Workers' compensation","2011","10,763"
"30","Workers' compensation","2012","10,173"
"30","Workers' compensation","2013","10,008"
"30","Workers' compensation","2014","9,849"
"30","Workers' compensation","2015","9,331"
"30","Workers' compensation","2016","8,619"
"30","Workers' compensation","2017","8,251"
"30","Workers' compensation","2018","7,724"
"30","Workers' compensation","2019","7,923"
"30","Workers' compensation","2020","8,229"
"30","Workers' compensation","2021","8,428"
"30","Workers' compensation","2022","8,764"
"30","Workers' compensation","2023","8,423"
"30","Workers' compensation","2024","8,094"
"31","Public assistance","1929","122"
"31","Public assistance","1930","160"
"31","Public assistance","1931","233"
"31","Public assistance","1932","374"
"31","Public assistance","1933","617"
"31","Public assistance","1934","807"
"31","Public assistance","1935","1,019"
"31","Public assistance","1936","699"
"31","Public assistance","1937","855"
"31","Public assistance","1938","1,032"
"31","Public assistance","1939","1,091"
"31","Public assistance","1940","1,079"
"31","Public assistance","1941","1,051"
"31","Public assistance","1942","1,022"
"31","Public assistance","1943","996"
"31","Public assistance","1944","1,008"
"31","Public assistance","1945","1,055"
"31","Public assistance","1946","1,246"
"31","Public assistance","1947","1,552"
"31","Public assistance","1948","1,810"
"31","Public assistance","1949","2,259"
"31","Public assistance","1950","2,443"
"31","Public assistance","1951","2,371"
"31","Public assistance","1952","2,483"
"31","Public assistance","1953","2,573"
"31","Public assistance","1954","2,745"
"31","Public assistance","1955","2,844"
"31","Public assistance","1956","2,910"
"31","Public assistance","1957","3,140"
"31","Public assistance","1958","3,524"
"31","Public assistance","1959","3,791"
"31","Public assistance","1960","3,929"
"31","Public assistance","1961","4,243"
"31","Public assistance","1962","4,600"
"31","Public assistance","1963","4,891"
"31","Public assistance","1964","5,274"
"31","Public assistance","1965","5,700"
"31","Public assistance","1966","6,551"
"31","Public assistance","1967","7,990"
"31","Public assistance","1968","10,021"
"31","Public assistance","1969","11,591"
"31","Public assistance","1970","14,273"
"31","Public assistance","1971","17,289"
"31","Public assistance","1972","19,642"
"31","Public assistance","1973","21,459"
"31","Public assistance","1974","22,101"
"31","Public assistance","1975","26,884"
"31","Public assistance","1976","29,596"
"31","Public assistance","1977","32,025"
"31","Public assistance","1978","34,324"
"31","Public assistance","1979","37,574"
"31","Public assistance","1980","43,952"
"31","Public assistance","1981","49,564"
"31","Public assistance","1982","53,081"
"31","Public assistance","1983","58,410"
"31","Public assistance","1984","62,299"
"31","Public assistance","1985","67,194"
"31","Public assistance","1986","73,287"
"31","Public assistance","1987","78,549"
"31","Public assistance","1988","85,265"
"31","Public assistance","1989","94,855"
"31","Public assistance","1990","111,085"
"31","Public assistance","1991","138,243"
"31","Public assistance","1992","160,212"
"31","Public assistance","1993","174,889"
"31","Public assistance","1994","185,783"
"31","Public assistance","1995","195,781"
"31","Public assistance","1996","201,919"
"31","Public assistance","1997","205,182"
"31","Public assistance","1998","212,850"
"31","Public assistance","1999","228,330"
"31","Public assistance","2000","245,433"
"31","Public assistance","2001","275,878"
"31","Public assistance","2002","301,199"
"31","Public assistance","2003","319,398"
"31","Public assistance","2004","348,280"
"31","Public assistance","2005","368,101"
"31","Public assistance","2006","364,490"
"31","Public assistance","2007","393,342"
"31","Public assistance","2008","412,530"
"31","Public assistance","2009","448,390"
"31","Public assistance","2010","477,435"
"31","Public assistance","2011","484,404"
"31","Public assistance","2012","493,705"
"31","Public assistance","2013","515,373"
"31","Public assistance","2014","565,692"
"31","Public assistance","2015","613,212"
"31","Public assistance","2016","639,989"
"31","Public assistance","2017","653,267"
"31","Public assistance","2018","670,805"
"31","Public assistance","2019","697,155"
"31","Public assistance","2020","745,662"
"31","Public assistance","2021","828,997"
"31","Public assistance","2022","937,353"
"31","Public assistance","2023","983,046"
"31","Public assistance","2024","1,050,036"
"32","Medical care","1952","116"
"32","Medical care","1953","140"
"32","Medical care","1954","165"
"32","Medical care","1955","197"
"32","Medical care","1956","227"
"32","Medical care","1957","249"
"32","Medical care","1958","349"
"32","Medical care","1959","467"
"32","Medical care","1960","529"
"32","Medical care","1961","689"
"32","Medical care","1962","930"
"32","Medical care","1963","1,070"
"32","Medical care","1964","1,255"
"32","Medical care","1965","1,476"
"32","Medical care","1966","1,990"
"32","Medical care","1967","2,780"
"32","Medical care","1968","4,055"
"32","Medical care","1969","4,616"
"32","Medical care","1970","5,530"
"32","Medical care","1971","6,829"
"32","Medical care","1972","8,304"
"32","Medical care","1973","9,719"
"32","Medical care","1974","11,482"
"32","Medical care","1975","14,240"
"32","Medical care","1976","15,854"
"32","Medical care","1977","17,335"
"32","Medical care","1978","19,308"
"32","Medical care","1979","21,764"
"32","Medical care","1980","24,913"
"32","Medical care","1981","29,202"
"32","Medical care","1982","32,055"
"32","Medical care","1983","35,935"
"32","Medical care","1984","38,804"
"32","Medical care","1985","42,425"
"32","Medical care","1986","46,856"
"32","Medical care","1987","51,388"
"32","Medical care","1988","56,769"
"32","Medical care","1989","64,976"
"32","Medical care","1990","78,176"
"32","Medical care","1991","102,116"
"32","Medical care","1992","121,786"
"32","Medical care","1993","135,145"
"32","Medical care","1994","144,886"
"32","Medical care","1995","155,007"
"32","Medical care","1996","163,602"
"32","Medical care","1997","168,291"
"32","Medical care","1998","175,278"
"32","Medical care","1999","189,252"
"32","Medical care","2000","205,021"
"32","Medical care","2001","234,643"
"32","Medical care","2002","258,543"
"32","Medical care","2003","274,017"
"32","Medical care","2004","300,137"
"32","Medical care","2005","315,189"
"32","Medical care","2006","311,162"
"32","Medical care","2007","336,816"
"32","Medical care","2008","351,731"
"32","Medical care","2009","383,831"
"32","Medical care","2010","410,957"
"32","Medical care","2011","419,794"
"32","Medical care","2012","431,433"
"32","Medical care","2013","453,637"
"32","Medical care","2014","503,083"
"32","Medical care","2015","547,527"
"32","Medical care","2016","574,219"
"32","Medical care","2017","585,321"
"32","Medical care","2018","602,041"
"32","Medical care","2019","626,830"
"32","Medical care","2020","671,083"
"32","Medical care","2021","749,776"
"32","Medical care","2022","827,459"
"32","Medical care","2023","891,587"
"32","Medical care","2024","954,200"
"33","Medicaid","1966","1,881"
"33","Medicaid","1967","2,720"
"33","Medicaid","1968","3,997"
"33","Medicaid","1969","4,551"
"33","Medicaid","1970","5,455"
"33","Medicaid","1971","6,744"
"33","Medicaid","1972","8,211"
"33","Medicaid","1973","9,611"
"33","Medicaid","1974","11,176"
"33","Medicaid","1975","13,863"
"33","Medicaid","1976","15,457"
"33","Medicaid","1977","16,737"
"33","Medicaid","1978","18,619"
"33","Medicaid","1979","21,067"
"33","Medicaid","1980","23,855"
"33","Medicaid","1981","27,746"
"33","Medicaid","1982","30,159"
"33","Medicaid","1983","33,871"
"33","Medicaid","1984","36,572"
"33","Medicaid","1985","39,673"
"33","Medicaid","1986","43,645"
"33","Medicaid","1987","47,836"
"33","Medicaid","1988","53,027"
"33","Medicaid","1989","60,838"
"33","Medicaid","1990","73,144"
"33","Medicaid","1991","96,911"
"33","Medicaid","1992","116,248"
"33","Medicaid","1993","130,104"
"33","Medicaid","1994","139,429"
"33","Medicaid","1995","149,570"
"33","Medicaid","1996","158,188"
"33","Medicaid","1997","163,124"
"33","Medicaid","1998","170,195"
"33","Medicaid","1999","184,555"
"33","Medicaid","2000","199,493"
"33","Medicaid","2001","227,259"
"33","Medicaid","2002","250,009"
"33","Medicaid","2003","264,526"
"33","Medicaid","2004","289,812"
"33","Medicaid","2005","304,414"
"33","Medicaid","2006","299,100"
"33","Medicaid","2007","324,189"
"33","Medicaid","2008","338,333"
"33","Medicaid","2009","369,610"
"33","Medicaid","2010","396,868"
"33","Medicaid","2011","406,022"
"33","Medicaid","2012","417,539"
"33","Medicaid","2013","439,983"
"33","Medicaid","2014","490,872"
"33","Medicaid","2015","535,913"
"33","Medicaid","2016","562,783"
"33","Medicaid","2017","573,731"
"33","Medicaid","2018","589,766"
"33","Medicaid","2019","614,035"
"33","Medicaid","2020","657,580"
"33","Medicaid","2021","736,482"
"33","Medicaid","2022","814,348"
"33","Medicaid","2023","878,171"
"33","Medicaid","2024","938,191"
"34","Other medical care","1959","467"
"34","Other medical care","1960","529"
"34","Other medical care","1961","689"
"34","Other medical care","1962","930"
"34","Other medical care","1963","1,070"
"34","Other medical care","1964","1,255"
"34","Other medical care","1965","1,476"
"34","Other medical care","1966","109"
"34","Other medical care","1967","60"
"34","Other medical care","1968","58"
"34","Other medical care","1969","65"
"34","Other medical care","1970","75"
"34","Other medical care","1971","85"
"34","Other medical care","1972","93"
"34","Other medical care","1973","108"
"34","Other medical care","1974","306"
"34","Other medical care","1975","377"
"34","Other medical care","1976","397"
"34","Other medical care","1977","598"
"34","Other medical care","1978","689"
"34","Other medical care","1979","697"
"34","Other medical care","1980","1,058"
"34","Other medical care","1981","1,456"
"34","Other medical care","1982","1,896"
"34","Other medical care","1983","2,064"
"34","Other medical care","1984","2,232"
"34","Other medical care","1985","2,752"
"34","Other medical care","1986","3,211"
"34","Other medical care","1987","3,552"
"34","Other medical care","1988","3,742"
"34","Other medical care","1989","4,138"
"34","Other medical care","1990","5,032"
"34","Other medical care","1991","5,205"
"34","Other medical care","1992","5,538"
"34","Other medical care","1993","5,041"
"34","Other medical care","1994","5,457"
"34","Other medical care","1995","5,437"
"34","Other medical care","1996","5,414"
"34","Other medical care","1997","5,167"
"34","Other medical care","1998","5,083"
"34","Other medical care","1999","4,697"
"34","Other medical care","2000","5,528"
"34","Other medical care","2001","7,384"
"34","Other medical care","2002","8,534"
"34","Other medical care","2003","9,491"
"34","Other medical care","2004","10,325"
"34","Other medical care","2005","10,775"
"34","Other medical care","2006","12,062"
"34","Other medical care","2007","12,627"
"34","Other medical care","2008","13,398"
"34","Other medical care","2009","14,221"
"34","Other medical care","2010","14,089"
"34","Other medical care","2011","13,772"
"34","Other medical care","2012","13,894"
"34","Other medical care","2013","13,654"
"34","Other medical care","2014","12,211"
"34","Other medical care","2015","11,614"
"34","Other medical care","2016","11,436"
"34","Other medical care","2017","11,590"
"34","Other medical care","2018","12,275"
"34","Other medical care","2019","12,795"
"34","Other medical care","2020","13,503"
"34","Other medical care","2021","13,294"
"34","Other medical care","2022","13,111"
"34","Other medical care","2023","13,416"
"34","Other medical care","2024","16,009"
"35","Family assistance","1933","72"
"35","Family assistance","1934","80"
"35","Family assistance","1935","115"
"35","Family assistance","1936","218"
"35","Family assistance","1937","397"
"35","Family assistance","1938","509"
"35","Family assistance","1939","566"
"35","Family assistance","1940","630"
"35","Family assistance","1941","718"
"35","Family assistance","1942","778"
"35","Family assistance","1943","818"
"35","Family assistance","1944","850"
"35","Family assistance","1945","900"
"35","Family assistance","1946","1,057"
"35","Family assistance","1947","295"
"35","Family assistance","1948","364"
"35","Family assistance","1949","475"
"35","Family assistance","1950","551"
"35","Family assistance","1951","552"
"35","Family assistance","1952","539"
"35","Family assistance","1953","545"
"35","Family assistance","1954","573"
"35","Family assistance","1955","613"
"35","Family assistance","1956","633"
"35","Family assistance","1957","714"
"35","Family assistance","1958","836"
"35","Family assistance","1959","934"
"35","Family assistance","1960","991"
"35","Family assistance","1961","1,146"
"35","Family assistance","1962","1,288"
"35","Family assistance","1963","1,356"
"35","Family assistance","1964","1,500"
"35","Family assistance","1965","1,650"
"35","Family assistance","1966","1,854"
"35","Family assistance","1967","2,256"
"35","Family assistance","1968","2,824"
"35","Family assistance","1969","3,545"
"35","Family assistance","1970","4,836"
"35","Family assistance","1971","6,195"
"35","Family assistance","1972","6,923"
"35","Family assistance","1973","7,218"
"35","Family assistance","1974","7,955"
"35","Family assistance","1975","9,305"
"35","Family assistance","1976","10,105"
"35","Family assistance","1977","10,639"
"35","Family assistance","1978","10,776"
"35","Family assistance","1979","11,078"
"35","Family assistance","1980","12,516"
"35","Family assistance","1981","13,144"
"35","Family assistance","1982","12,889"
"35","Family assistance","1983","13,847"
"35","Family assistance","1984","14,480"
"35","Family assistance","1985","15,185"
"35","Family assistance","1986","16,138"
"35","Family assistance","1987","16,415"
"35","Family assistance","1988","16,890"
"35","Family assistance","1989","17,485"
"35","Family assistance","1990","19,187"
"35","Family assistance","1991","21,132"
"35","Family assistance","1992","22,242"
"35","Family assistance","1993","22,826"
"35","Family assistance","1994","23,163"
"35","Family assistance","1995","22,637"
"35","Family assistance","1996","20,325"
"35","Family assistance","1997","17,877"
"35","Family assistance","1998","17,429"
"35","Family assistance","1999","17,920"
"35","Family assistance","2000","18,440"
"35","Family assistance","2001","18,106"
"35","Family assistance","2002","17,684"
"35","Family assistance","2003","18,367"
"35","Family assistance","2004","18,418"
"35","Family assistance","2005","18,355"
"35","Family assistance","2006","18,226"
"35","Family assistance","2007","18,406"
"35","Family assistance","2008","19,126"
"35","Family assistance","2009","21,264"
"35","Family assistance","2010","22,421"
"35","Family assistance","2011","20,795"
"35","Family assistance","2012","19,832"
"35","Family assistance","2013","19,728"
"35","Family assistance","2014","20,133"
"35","Family assistance","2015","20,953"
"35","Family assistance","2016","20,219"
"35","Family assistance","2017","20,044"
"35","Family assistance","2018","19,972"
"35","Family assistance","2019","20,101"
"35","Family assistance","2020","20,540"
"35","Family assistance","2021","20,666"
"35","Family assistance","2022","21,616"
"35","Family assistance","2023","23,597"
"35","Family assistance","2024","24,458"
"36","Supplemental security income","1947","1,019"
"36","Supplemental security income","1948","1,165"
"36","Supplemental security income","1949","1,414"
"36","Supplemental security income","1950","1,504"
"36","Supplemental security income","1951","1,523"
"36","Supplemental security income","1952","1,590"
"36","Supplemental security income","1953","1,662"
"36","Supplemental security income","1954","1,665"
"36","Supplemental security income","1955","1,670"
"36","Supplemental security income","1956","1,734"
"36","Supplemental security income","1957","1,842"
"36","Supplemental security income","1958","1,907"
"36","Supplemental security income","1959","1,921"
"36","Supplemental security income","1960","1,947"
"36","Supplemental security income","1961","1,906"
"36","Supplemental security income","1962","1,931"
"36","Supplemental security income","1963","2,013"
"36","Supplemental security income","1964","2,051"
"36","Supplemental security income","1965","2,098"
"36","Supplemental security income","1966","2,201"
"36","Supplemental security income","1967","2,360"
"36","Supplemental security income","1968","2,419"
"36","Supplemental security income","1969","2,627"
"36","Supplemental security income","1970","2,953"
"36","Supplemental security income","1971","3,172"
"36","Supplemental security income","1972","3,365"
"36","Supplemental security income","1973","3,449"
"36","Supplemental security income","1974","1,322"
"36","Supplemental security income","1975","1,476"
"36","Supplemental security income","1976","1,506"
"36","Supplemental security income","1977","1,563"
"36","Supplemental security income","1978","1,636"
"36","Supplemental security income","1979","1,760"
"36","Supplemental security income","1980","2,036"
"36","Supplemental security income","1981","2,044"
"36","Supplemental security income","1982","2,056"
"36","Supplemental security income","1983","1,972"
"36","Supplemental security income","1984","2,088"
"36","Supplemental security income","1985","2,283"
"36","Supplemental security income","1986","2,583"
"36","Supplemental security income","1987","2,921"
"36","Supplemental security income","1988","3,052"
"36","Supplemental security income","1989","3,375"
"36","Supplemental security income","1990","3,778"
"36","Supplemental security income","1991","3,848"
"36","Supplemental security income","1992","4,083"
"36","Supplemental security income","1993","3,934"
"36","Supplemental security income","1994","3,800"
"36","Supplemental security income","1995","3,809"
"36","Supplemental security income","1996","3,641"
"36","Supplemental security income","1997","3,699"
"36","Supplemental security income","1998","3,920"
"36","Supplemental security income","1999","4,221"
"36","Supplemental security income","2000","4,388"
"36","Supplemental security income","2001","4,460"
"36","Supplemental security income","2002","4,769"
"36","Supplemental security income","2003","5,035"
"36","Supplemental security income","2004","5,212"
"36","Supplemental security income","2005","5,207"
"36","Supplemental security income","2006","5,171"
"36","Supplemental security income","2007","5,322"
"36","Supplemental security income","2008","5,367"
"36","Supplemental security income","2009","4,958"
"36","Supplemental security income","2010","4,559"
"36","Supplemental security income","2011","4,491"
"36","Supplemental security income","2012","4,276"
"36","Supplemental security income","2013","4,234"
"36","Supplemental security income","2014","4,227"
"36","Supplemental security income","2015","4,355"
"36","Supplemental security income","2016","4,302"
"36","Supplemental security income","2017","4,367"
"36","Supplemental security income","2018","4,324"
"36","Supplemental security income","2019","4,280"
"36","Supplemental security income","2020","4,306"
"36","Supplemental security income","2021","4,200"
"36","Supplemental security income","2022","4,686"
"36","Supplemental security income","2023","4,970"
"36","Supplemental security income","2024","5,167"
"37","General assistance","1933","486"
"37","General assistance","1934","665"
"37","General assistance","1935","839"
"37","General assistance","1936","417"
"37","General assistance","1937","390"
"37","General assistance","1938","456"
"37","General assistance","1939","458"
"37","General assistance","1940","383"
"37","General assistance","1941","267"
"37","General assistance","1942","178"
"37","General assistance","1943","111"
"37","General assistance","1944","89"
"37","General assistance","1945","86"
"37","General assistance","1946","120"
"37","General assistance","1947","164"
"37","General assistance","1948","198"
"37","General assistance","1949","280"
"37","General assistance","1950","290"
"37","General assistance","1951","192"
"37","General assistance","1952","168"
"37","General assistance","1953","150"
"37","General assistance","1954","195"
"37","General assistance","1955","212"
"37","General assistance","1956","196"
"37","General assistance","1957","210"
"37","General assistance","1958","302"
"37","General assistance","1959","344"
"37","General assistance","1960","322"
"37","General assistance","1961","356"
"37","General assistance","1962","293"
"37","General assistance","1963","279"
"37","General assistance","1964","273"
"37","General assistance","1965","259"
"37","General assistance","1966","264"
"37","General assistance","1967","326"
"37","General assistance","1968","421"
"37","General assistance","1969","472"
"37","General assistance","1970","618"
"37","General assistance","1971","761"
"37","General assistance","1972","740"
"37","General assistance","1973","689"
"37","General assistance","1974","825"
"37","General assistance","1975","1,138"
"37","General assistance","1976","1,229"
"37","General assistance","1977","1,238"
"37","General assistance","1978","1,205"
"37","General assistance","1979","1,230"
"37","General assistance","1980","1,442"
"37","General assistance","1981","1,590"
"37","General assistance","1982","1,738"
"37","General assistance","1983","1,886"
"37","General assistance","1984","2,034"
"37","General assistance","1985","2,182"
"37","General assistance","1986","2,330"
"37","General assistance","1987","2,478"
"37","General assistance","1988","2,627"
"37","General assistance","1989","2,888"
"37","General assistance","1990","2,936"
"37","General assistance","1991","3,211"
"37","General assistance","1992","3,524"
"37","General assistance","1993","3,584"
"37","General assistance","1994","3,539"
"37","General assistance","1995","3,561"
"37","General assistance","1996","3,409"
"37","General assistance","1997","3,322"
"37","General assistance","1998","3,536"
"37","General assistance","1999","3,641"
"37","General assistance","2000","3,630"
"37","General assistance","2001","2,944"
"37","General assistance","2002","4,762"
"37","General assistance","2003","6,055"
"37","General assistance","2004","8,038"
"37","General assistance","2005","12,464"
"37","General assistance","2006","12,460"
"37","General assistance","2007","14,657"
"37","General assistance","2008","16,326"
"37","General assistance","2009","16,713"
"37","General assistance","2010","18,120"
"37","General assistance","2011","17,856"
"37","General assistance","2012","17,473"
"37","General assistance","2013","17,402"
"37","General assistance","2014","17,493"
"37","General assistance","2015","19,312"
"37","General assistance","2016","20,250"
"37","General assistance","2017","22,423"
"37","General assistance","2018","22,942"
"37","General assistance","2019","23,952"
"37","General assistance","2020","26,992"
"37","General assistance","2021","30,199"
"37","General assistance","2022","56,773"
"37","General assistance","2023","36,045"
"37","General assistance","2024","38,607"
"38","Energy assistance","1977","163"
"38","Energy assistance","1978","140"
"38","Energy assistance","1979","282"
"38","Energy assistance","1980","1,325"
"38","Energy assistance","1981","1,635"
"38","Energy assistance","1982","1,647"
"38","Energy assistance","1983","1,703"
"38","Energy assistance","1984","1,864"
"38","Energy assistance","1985","2,114"
"38","Energy assistance","1986","2,034"
"38","Energy assistance","1987","1,725"
"38","Energy assistance","1988","1,753"
"38","Energy assistance","1989","1,422"
"38","Energy assistance","1990","1,608"
"38","Energy assistance","1991","1,648"
"38","Energy assistance","1992","1,621"
"38","Energy assistance","1993","1,576"
"38","Energy assistance","1994","1,840"
"38","Energy assistance","1995","1,406"
"38","Energy assistance","1996","1,233"
"38","Energy assistance","1997","1,372"
"38","Energy assistance","1998","1,244"
"38","Energy assistance","1999","1,398"
"38","Energy assistance","2000","1,657"
"38","Energy assistance","2001","2,535"
"38","Energy assistance","2002","1,920"
"38","Energy assistance","2003","2,262"
"38","Energy assistance","2004","2,123"
"38","Energy assistance","2005","2,413"
"38","Energy assistance","2006","2,995"
"38","Energy assistance","2007","2,730"
"38","Energy assistance","2008","3,418"
"38","Energy assistance","2009","5,064"
"38","Energy assistance","2010","4,873"
"38","Energy assistance","2011","4,797"
"38","Energy assistance","2012","4,145"
"38","Energy assistance","2013","3,801"
"38","Energy assistance","2014","3,962"
"38","Energy assistance","2015","3,698"
"38","Energy assistance","2016","3,553"
"38","Energy assistance","2017","3,502"
"38","Energy assistance","2018","3,912"
"38","Energy assistance","2019","4,027"
"38","Energy assistance","2020","4,237"
"38","Energy assistance","2021","5,630"
"38","Energy assistance","2022","7,733"
"38","Energy assistance","2023","6,294"
"38","Energy assistance","2024","5,218"
"39","Other","1959","125"
"39","Other","1960","140"
"39","Other","1961","146"
"39","Other","1962","158"
"39","Other","1963","173"
"39","Other","1964","195"
"39","Other","1965","217"
"39","Other","1966","242"
"39","Other","1967","268"
"39","Other","1968","302"
"39","Other","1969","331"
"39","Other","1970","336"
"39","Other","1971","332"
"39","Other","1972","310"
"39","Other","1973","384"
"39","Other","1974","517"
"39","Other","1975","725"
"39","Other","1976","902"
"39","Other","1977","1,087"
"39","Other","1978","1,259"
"39","Other","1979","1,460"
"39","Other","1980","1,720"
"39","Other","1981","1,949"
"39","Other","1982","2,696"
"39","Other","1983","3,067"
"39","Other","1984","3,029"
"39","Other","1985","3,005"
"39","Other","1986","3,346"
"39","Other","1987","3,622"
"39","Other","1988","4,174"
"39","Other","1989","4,709"
"39","Other","1990","5,400"
"39","Other","1991","6,288"
"39","Other","1992","6,956"
"39","Other","1993","7,824"
"39","Other","1994","8,555"
"39","Other","1995","9,361"
"39","Other","1996","9,709"
"39","Other","1997","10,621"
"39","Other","1998","11,443"
"39","Other","1999","11,898"
"39","Other","2000","12,297"
"39","Other","2001","13,190"
"39","Other","2002","13,521"
"39","Other","2003","13,662"
"39","Other","2004","14,352"
"39","Other","2005","14,473"
"39","Other","2006","14,477"
"39","Other","2007","15,410"
"39","Other","2008","16,562"
"39","Other","2009","16,561"
"39","Other","2010","16,506"
"39","Other","2011","16,670"
"39","Other","2012","16,546"
"39","Other","2013","16,571"
"39","Other","2014","16,793"
"39","Other","2015","17,366"
"39","Other","2016","17,445"
"39","Other","2017","17,610"
"39","Other","2018","17,613"
"39","Other","2019","17,965"
"39","Other","2020","18,504"
"39","Other","2021","18,525"
"39","Other","2022","19,086"
"39","Other","2023","20,553"
"39","Other","2024","22,385"
"40","Education","1952","30"
"40","Education","1953","39"
"40","Education","1954","45"
"40","Education","1955","43"
"40","Education","1956","53"
"40","Education","1957","67"
"40","Education","1958","74"
"40","Education","1959","84"
"40","Education","1960","99"
"40","Education","1961","114"
"40","Education","1962","138"
"40","Education","1963","168"
"40","Education","1964","199"
"40","Education","1965","240"
"40","Education","1966","322"
"40","Education","1967","429"
"40","Education","1968","532"
"40","Education","1969","629"
"40","Education","1970","772"
"40","Education","1971","955"
"40","Education","1972","1,083"
"40","Education","1973","1,169"
"40","Education","1974","1,307"
"40","Education","1975","1,562"
"40","Education","1976","1,739"
"40","Education","1977","1,882"
"40","Education","1978","2,082"
"40","Education","1979","2,234"
"40","Education","1980","2,428"
"40","Education","1981","2,608"
"40","Education","1982","2,749"
"40","Education","1983","2,890"
"40","Education","1984","3,147"
"40","Education","1985","3,545"
"40","Education","1986","3,879"
"40","Education","1987","4,045"
"40","Education","1988","4,177"
"40","Education","1989","4,623"
"40","Education","1990","5,274"
"40","Education","1991","5,675"
"40","Education","1992","6,017"
"40","Education","1993","6,649"
"40","Education","1994","7,584"
"40","Education","1995","8,714"
"40","Education","1996","9,051"
"40","Education","1997","9,148"
"40","Education","1998","9,826"
"40","Education","1999","10,482"
"40","Education","2000","11,502"
"40","Education","2001","12,988"
"40","Education","2002","14,127"
"40","Education","2003","15,378"
"40","Education","2004","17,083"
"40","Education","2005","18,777"
"40","Education","2006","19,835"
"40","Education","2007","20,793"
"40","Education","2008","22,270"
"40","Education","2009","24,047"
"40","Education","2010","25,802"
"40","Education","2011","26,870"
"40","Education","2012","28,579"
"40","Education","2013","30,558"
"40","Education","2014","32,393"
"40","Education","2015","33,055"
"40","Education","2016","35,010"
"40","Education","2017","38,187"
"40","Education","2018","41,314"
"40","Education","2019","45,388"
"40","Education","2020","49,138"
"40","Education","2021","56,737"
"40","Education","2022","58,861"
"40","Education","2023","57,924"
"40","Education","2024","64,479"
"41","Employment and training","1974","153"
"41","Employment and training","1975","573"
"41","Employment and training","1976","896"
"41","Employment and training","1977","934"
"41","Employment and training","1978","1,908"
"41","Employment and training","1979","1,687"
"41","Employment and training","1980","1,724"
"41","Employment and training","1981","1,423"
"41","Employment and training","1982","1,058"
"41","Employment and training","1983","952"
"41","Employment and training","1984","779"
"41","Employment and training","1985","929"
"41","Employment and training","1986","943"
"41","Employment and training","1987","912"
"41","Employment and training","1988","927"
"41","Employment and training","1989","944"
"41","Employment and training","1990","941"
"41","Employment and training","1991","933"
"41","Employment and training","1992","1,122"
"41","Employment and training","1993","1,062"
"41","Employment and training","1994","1,076"
"41","Employment and training","1995","1,085"
"41","Employment and training","1996","943"
"41","Employment and training","1997","1,034"
"41","Employment and training","1998","1,076"
"41","Employment and training","1999","1,092"
"41","Employment and training","2000","1,043"
"41","Employment and training","2001","1,437"
"41","Employment and training","2002","1,621"
"41","Employment and training","2003","1,439"
"41","Employment and training","2004","1,274"
"41","Employment and training","2005","1,183"
"41","Employment and training","2006","1,318"
"41","Employment and training","2007","1,028"
"41","Employment and training","2008","1,108"
"41","Employment and training","2009","1,423"
"41","Employment and training","2010","1,452"
"41","Employment and training","2011","1,166"
"41","Employment and training","2012","1,012"
"41","Employment and training","2013","1,000"
"41","Employment and training","2014","934"
"41","Employment and training","2015","956"
"41","Employment and training","2016","1,018"
"41","Employment and training","2017","1,149"
"41","Employment and training","2018","1,182"
"41","Employment and training","2019","1,265"
"41","Employment and training","2020","1,315"
"41","Employment and training","2021","1,474"
"41","Employment and training","2022","1,333"
"41","Employment and training","2023","1,359"
"41","Employment and training","2024","1,377"
"42","Other","1929","24"
"42","Other","1930","26"
"42","Other","1931","30"
"42","Other","1932","33"
"42","Other","1933","32"
"42","Other","1934","27"
"42","Other","1935","26"
"42","Other","1936","26"
"42","Other","1937","24"
"42","Other","1938","26"
"42","Other","1939","24"
"42","Other","1940","20"
"42","Other","1941","16"
"42","Other","1942","13"
"42","Other","1943","11"
"42","Other","1944","10"
"42","Other","1945","28"
"42","Other","1946","134"
"42","Other","1947","376"
"42","Other","1948","754"
"42","Other","1949","253"
"42","Other","1950","580"
"42","Other","1951","90"
"42","Other","1952","195"
"42","Other","1953","137"
"42","Other","1954","29"
"42","Other","1955","103"
"42","Other","1956","40"
"42","Other","1957","82"
"42","Other","1958","80"
"42","Other","1959","80"
"42","Other","1960","101"
"42","Other","1961","145"
"42","Other","1962","69"
"42","Other","1963","42"
"42","Other","1964","48"
"42","Other","1965","48"
"42","Other","1966","48"
"42","Other","1967","59"
"42","Other","1968","82"
"42","Other","1969","111"
"42","Other","1970","118"
"42","Other","1971","103"
"42","Other","1972","121"
"42","Other","1973","210"
"42","Other","1974","344"
"42","Other","1975","300"
"42","Other","1976","196"
"42","Other","1977","253"
"42","Other","1978","269"
"42","Other","1979","287"
"42","Other","1980","307"
"42","Other","1981","317"
"42","Other","1982","651"
"42","Other","1983","677"
"42","Other","1984","520"
"42","Other","1985","690"
"42","Other","1986","783"
"42","Other","1987","836"
"42","Other","1988","922"
"42","Other","1989","1,014"
"42","Other","1990","1,107"
"42","Other","1991","1,136"
"42","Other","1992","1,165"
"42","Other","1993","1,240"
"42","Other","1994","1,290"
"42","Other","1995","1,320"
"42","Other","1996","1,388"
"42","Other","1997","1,465"
"42","Other","1998","1,643"
"42","Other","1999","1,819"
"42","Other","2000","2,072"
"42","Other","2001","2,069"
"42","Other","2002","1,889"
"42","Other","2003","1,624"
"42","Other","2004","1,501"
"42","Other","2005","1,495"
"42","Other","2006","1,718"
"42","Other","2007","2,133"
"42","Other","2008","3,199"
"42","Other","2009","2,054"
"42","Other","2010","2,051"
"42","Other","2011","1,970"
"42","Other","2012","1,759"
"42","Other","2013","1,795"
"42","Other","2014","2,443"
"42","Other","2015","2,602"
"42","Other","2016","1,959"
"42","Other","2017","2,045"
"42","Other","2018","2,449"
"42","Other","2019","2,527"
"42","Other","2020","2,112"
"42","Other","2021","2,262"
"42","Other","2022","3,686"
"42","Other","2023","3,165"
"42","Other","2024","2,875"
"43","To the rest of the world","1960","246"
"43","To the rest of the world","1961","276"
"43","To the rest of the world","1962","299"
"43","To the rest of the world","1963","324"
"43","To the rest of the world","1964","346"
"43","To the rest of the world","1965","453"
"43","To the rest of the world","1966","464"
"43","To the rest of the world","1967","555"
"43","To the rest of the world","1968","557"
"43","To the rest of the world","1969","585"
"43","To the rest of the world","1970","721"
"43","To the rest of the world","1971","811"
"43","To the rest of the world","1972","965"
"43","To the rest of the world","1973","1,158"
"43","To the rest of the world","1974","1,322"
"43","To the rest of the world","1975","1,987"
"43","To the rest of the world","1976","2,490"
"43","To the rest of the world","1977","2,579"
"43","To the rest of the world","1978","2,742"
"43","To the rest of the world","1979","3,049"
"43","To the rest of the world","1980","3,543"
"43","To the rest of the world","1981","4,288"
"43","To the rest of the world","1982","4,103"
"43","To the rest of the world","1983","3,625"
"43","To the rest of the world","1984","3,673"
"43","To the rest of the world","1985","4,028"
"43","To the rest of the world","1986","4,398"
"43","To the rest of the world","1987","4,280"
"43","To the rest of the world","1988","4,580"
"43","To the rest of the world","1989","5,132"
"43","To the rest of the world","1990","6,164"
"43","To the rest of the world","1991","6,272"
"43","To the rest of the world","1992","6,225"
"43","To the rest of the world","1993","6,199"
"43","To the rest of the world","1994","6,826"
"43","To the rest of the world","1995","6,793"
"43","To the rest of the world","1996","7,574"
"43","To the rest of the world","1997","7,850"
"43","To the rest of the world","1998","8,208"
"43","To the rest of the world","1999","8,732"
"43","To the rest of the world","2000","8,896"
"43","To the rest of the world","2001","9,798"
"43","To the rest of the world","2002","9,909"
"43","To the rest of the world","2003","10,359"
"43","To the rest of the world","2004","11,030"
"43","To the rest of the world","2005","11,582"
"43","To the rest of the world","2006","12,405"
"43","To the rest of the world","2007","13,289"
"43","To the rest of the world","2008","15,447"
"43","To the rest of the world","2009","15,995"
"43","To the rest of the world","2010","16,489"
"43","To the rest of the world","2011","17,048"
"43","To the rest of the world","2012","17,951"
"43","To the rest of the world","2013","18,863"
"43","To the rest of the world","2014","19,512"
"43","To the rest of the world","2015","20,402"
"43","To the rest of the world","2016","20,933"
"43","To the rest of the world","2017","21,802"
"43","To the rest of the world","2018","22,772"
"43","To the rest of the world","2019","23,986"
"43","To the rest of the world","2020","33,981"
"43","To the rest of the world","2021","32,433"
"43","To the rest of the world","2022","28,798"
"43","To the rest of the world","2023","31,964"
"43","To the rest of the world","2024","34,323"
