"LineNumber","LineDescription","TimePeriod","DataValue"
"1","Current receipts","1929","7,062"
"1","Current receipts","1930","7,260"
"1","Current receipts","1931","7,137"
"1","Current receipts","1932","6,758"
"1","Current receipts","1933","6,672"
"1","Current receipts","1934","8,088"
"1","Current receipts","1935","8,656"
"1","Current receipts","1936","8,187"
"1","Current receipts","1937","8,568"
"1","Current receipts","1938","8,669"
"1","Current receipts","1939","9,047"
"1","Current receipts","1940","9,369"
"1","Current receipts","1941","9,769"
"1","Current receipts","1942","10,018"
"1","Current receipts","1943","10,348"
"1","Current receipts","1944","10,612"
"1","Current receipts","1945","11,049"
"1","Current receipts","1946","12,487"
"1","Current receipts","1947","14,176"
"1","Current receipts","1948","16,346"
"1","Current receipts","1949","18,176"
"1","Current receipts","1950","19,815"
"1","Current receipts","1951","21,825"
"1","Current receipts","1952","23,535"
"1","Current receipts","1953","25,329"
"1","Current receipts","1954","26,740"
"1","Current receipts","1955","29,178"
"1","Current receipts","1956","32,159"
"1","Current receipts","1957","34,784"
"1","Current receipts","1958","36,863"
"1","Current receipts","1959","40,430"
"1","Current receipts","1960","44,191"
"1","Current receipts","1961","47,733"
"1","Current receipts","1962","51,617"
"1","Current receipts","1963","55,536"
"1","Current receipts","1964","60,748"
"1","Current receipts","1965","65,895"
"1","Current receipts","1966","74,193"
"1","Current receipts","1967","81,716"
"1","Current receipts","1968","92,612"
"1","Current receipts","1969","104,510"
"1","Current receipts","1970","119,062"
"1","Current receipts","1971","133,746"
"1","Current receipts","1972","157,113"
"1","Current receipts","1973","173,032"
"1","Current receipts","1974","186,646"
"1","Current receipts","1975","208,020"
"1","Current receipts","1976","232,174"
"1","Current receipts","1977","258,287"
"1","Current receipts","1978","285,782"
"1","Current receipts","1979","306,300"
"1","Current receipts","1980","335,890"
"1","Current receipts","1981","367,475"
"1","Current receipts","1982","388,518"
"1","Current receipts","1983","425,277"
"1","Current receipts","1984","476,128"
"1","Current receipts","1985","517,478"
"1","Current receipts","1986","557,373"
"1","Current receipts","1987","585,532"
"1","Current receipts","1988","630,371"
"1","Current receipts","1989","681,364"
"1","Current receipts","1990","730,049"
"1","Current receipts","1991","779,842"
"1","Current receipts","1992","835,967"
"1","Current receipts","1993","877,813"
"1","Current receipts","1994","934,828"
"1","Current receipts","1995","980,559"
"1","Current receipts","1996","1,033,260"
"1","Current receipts","1997","1,086,228"
"1","Current receipts","1998","1,148,993"
"1","Current receipts","1999","1,222,124"
"1","Current receipts","2000","1,303,484"
"1","Current receipts","2001","1,353,310"
"1","Current receipts","2002","1,386,159"
"1","Current receipts","2003","1,470,215"
"1","Current receipts","2004","1,578,384"
"1","Current receipts","2005","1,716,627"
"1","Current receipts","2006","1,814,401"
"1","Current receipts","2007","1,900,361"
"1","Current receipts","2008","1,914,093"
"1","Current receipts","2009","1,914,577"
"1","Current receipts","2010","1,991,650"
"1","Current receipts","2011","2,027,170"
"1","Current receipts","2012","2,053,259"
"1","Current receipts","2013","2,143,379"
"1","Current receipts","2014","2,254,735"
"1","Current receipts","2015","2,370,213"
"1","Current receipts","2016","2,425,260"
"1","Current receipts","2017","2,513,527"
"1","Current receipts","2018","2,643,165"
"1","Current receipts","2019","2,788,464"
"1","Current receipts","2020","3,083,058"
"1","Current receipts","2021","3,577,405"
"1","Current receipts","2022","3,689,333"
"1","Current receipts","2023","3,645,341"
"1","Current receipts","2024","3,790,853"
"1","Current receipts","2025","3,947,369"
"2","Current tax receipts","1929","6,382"
"2","Current tax receipts","1930","6,606"
"2","Current tax receipts","1931","6,370"
"2","Current tax receipts","1932","6,189"
"2","Current tax receipts","1933","5,762"
"2","Current tax receipts","1934","6,026"
"2","Current tax receipts","1935","6,478"
"2","Current tax receipts","1936","6,969"
"2","Current tax receipts","1937","7,359"
"2","Current tax receipts","1938","7,522"
"2","Current tax receipts","1939","7,656"
"2","Current tax receipts","1940","8,085"
"2","Current tax receipts","1941","8,528"
"2","Current tax receipts","1942","8,604"
"2","Current tax receipts","1943","8,807"
"2","Current tax receipts","1944","9,011"
"2","Current tax receipts","1945","9,467"
"2","Current tax receipts","1946","10,462"
"2","Current tax receipts","1947","12,043"
"2","Current tax receipts","1948","13,709"
"2","Current tax receipts","1949","14,996"
"2","Current tax receipts","1950","16,466"
"2","Current tax receipts","1951","18,118"
"2","Current tax receipts","1952","19,664"
"2","Current tax receipts","1953","21,139"
"2","Current tax receipts","1954","22,247"
"2","Current tax receipts","1955","24,396"
"2","Current tax receipts","1956","26,993"
"2","Current tax receipts","1957","29,027"
"2","Current tax receipts","1958","30,589"
"2","Current tax receipts","1959","33,826"
"2","Current tax receipts","1960","36,954"
"2","Current tax receipts","1961","39,653"
"2","Current tax receipts","1962","42,779"
"2","Current tax receipts","1963","45,767"
"2","Current tax receipts","1964","49,773"
"2","Current tax receipts","1965","53,855"
"2","Current tax receipts","1966","58,768"
"2","Current tax receipts","1967","63,973"
"2","Current tax receipts","1968","73,397"
"2","Current tax receipts","1969","82,460"
"2","Current tax receipts","1970","91,289"
"2","Current tax receipts","1971","101,687"
"2","Current tax receipts","1972","115,582"
"2","Current tax receipts","1973","126,275"
"2","Current tax receipts","1974","136,040"
"2","Current tax receipts","1975","147,439"
"2","Current tax receipts","1976","165,724"
"2","Current tax receipts","1977","183,736"
"2","Current tax receipts","1978","198,176"
"2","Current tax receipts","1979","212,017"
"2","Current tax receipts","1980","230,024"
"2","Current tax receipts","1981","255,772"
"2","Current tax receipts","1982","273,158"
"2","Current tax receipts","1983","300,899"
"2","Current tax receipts","1984","337,295"
"2","Current tax receipts","1985","363,688"
"2","Current tax receipts","1986","389,541"
"2","Current tax receipts","1987","422,106"
"2","Current tax receipts","1988","452,763"
"2","Current tax receipts","1989","488,004"
"2","Current tax receipts","1990","519,123"
"2","Current tax receipts","1991","544,278"
"2","Current tax receipts","1992","579,766"
"2","Current tax receipts","1993","604,740"
"2","Current tax receipts","1994","644,222"
"2","Current tax receipts","1995","672,115"
"2","Current tax receipts","1996","709,596"
"2","Current tax receipts","1997","749,921"
"2","Current tax receipts","1998","794,930"
"2","Current tax receipts","1999","840,435"
"2","Current tax receipts","2000","893,244"
"2","Current tax receipts","2001","914,278"
"2","Current tax receipts","2002","923,915"
"2","Current tax receipts","2003","974,313"
"2","Current tax receipts","2004","1,060,268"
"2","Current tax receipts","2005","1,173,209"
"2","Current tax receipts","2006","1,258,150"
"2","Current tax receipts","2007","1,321,672"
"2","Current tax receipts","2008","1,334,056"
"2","Current tax receipts","2009","1,265,769"
"2","Current tax receipts","2010","1,306,439"
"2","Current tax receipts","2011","1,366,415"
"2","Current tax receipts","2012","1,414,745"
"2","Current tax receipts","2013","1,488,692"
"2","Current tax receipts","2014","1,539,327"
"2","Current tax receipts","2015","1,595,961"
"2","Current tax receipts","2016","1,635,844"
"2","Current tax receipts","2017","1,722,701"
"2","Current tax receipts","2018","1,813,630"
"2","Current tax receipts","2019","1,929,505"
"2","Current tax receipts","2020","1,946,150"
"2","Current tax receipts","2021","2,209,488"
"2","Current tax receipts","2022","2,445,047"
"2","Current tax receipts","2023","2,412,536"
"2","Current tax receipts","2024","2,526,581"
"2","Current tax receipts","2025","2,661,452"
"3","Personal current taxes","1929","550"
"3","Personal current taxes","1930","526"
"3","Personal current taxes","1931","471"
"3","Personal current taxes","1932","443"
"3","Personal current taxes","1933","422"
"3","Personal current taxes","1934","445"
"3","Personal current taxes","1935","499"
"3","Personal current taxes","1936","563"
"3","Personal current taxes","1937","617"
"3","Personal current taxes","1938","627"
"3","Personal current taxes","1939","632"
"3","Personal current taxes","1940","672"
"3","Personal current taxes","1941","709"
"3","Personal current taxes","1942","724"
"3","Personal current taxes","1943","750"
"3","Personal current taxes","1944","787"
"3","Personal current taxes","1945","829"
"3","Personal current taxes","1946","859"
"3","Personal current taxes","1947","997"
"3","Personal current taxes","1948","1,140"
"3","Personal current taxes","1949","1,357"
"3","Personal current taxes","1950","1,480"
"3","Personal current taxes","1951","1,680"
"3","Personal current taxes","1952","1,838"
"3","Personal current taxes","1953","1,936"
"3","Personal current taxes","1954","2,092"
"3","Personal current taxes","1955","2,389"
"3","Personal current taxes","1956","2,678"
"3","Personal current taxes","1957","2,892"
"3","Personal current taxes","1958","3,063"
"3","Personal current taxes","1959","3,823"
"3","Personal current taxes","1960","4,230"
"3","Personal current taxes","1961","4,556"
"3","Personal current taxes","1962","5,026"
"3","Personal current taxes","1963","5,414"
"3","Personal current taxes","1964","6,084"
"3","Personal current taxes","1965","6,596"
"3","Personal current taxes","1966","7,776"
"3","Personal current taxes","1967","8,575"
"3","Personal current taxes","1968","10,552"
"3","Personal current taxes","1969","12,806"
"3","Personal current taxes","1970","14,217"
"3","Personal current taxes","1971","15,902"
"3","Personal current taxes","1972","20,883"
"3","Personal current taxes","1973","22,826"
"3","Personal current taxes","1974","24,523"
"3","Personal current taxes","1975","26,877"
"3","Personal current taxes","1976","31,074"
"3","Personal current taxes","1977","35,366"
"3","Personal current taxes","1978","40,450"
"3","Personal current taxes","1979","44,032"
"3","Personal current taxes","1980","48,891"
"3","Personal current taxes","1981","54,615"
"3","Personal current taxes","1982","59,147"
"3","Personal current taxes","1983","66,105"
"3","Personal current taxes","1984","76,023"
"3","Personal current taxes","1985","81,360"
"3","Personal current taxes","1986","87,205"
"3","Personal current taxes","1987","96,600"
"3","Personal current taxes","1988","102,094"
"3","Personal current taxes","1989","114,640"
"3","Personal current taxes","1990","122,559"
"3","Personal current taxes","1991","125,311"
"3","Personal current taxes","1992","135,305"
"3","Personal current taxes","1993","141,066"
"3","Personal current taxes","1994","147,991"
"3","Personal current taxes","1995","158,109"
"3","Personal current taxes","1996","168,674"
"3","Personal current taxes","1997","181,999"
"3","Personal current taxes","1998","201,222"
"3","Personal current taxes","1999","214,487"
"3","Personal current taxes","2000","236,709"
"3","Personal current taxes","2001","243,018"
"3","Personal current taxes","2002","219,845"
"3","Personal current taxes","2003","224,907"
"3","Personal current taxes","2004","245,726"
"3","Personal current taxes","2005","275,239"
"3","Personal current taxes","2006","301,116"
"3","Personal current taxes","2007","321,588"
"3","Personal current taxes","2008","330,870"
"3","Personal current taxes","2009","285,826"
"3","Personal current taxes","2010","294,051"
"3","Personal current taxes","2011","322,929"
"3","Personal current taxes","2012","343,129"
"3","Personal current taxes","2013","374,685"
"3","Personal current taxes","2014","381,953"
"3","Personal current taxes","2015","408,309"
"3","Personal current taxes","2016","410,806"
"3","Personal current taxes","2017","435,730"
"3","Personal current taxes","2018","459,862"
"3","Personal current taxes","2019","497,539"
"3","Personal current taxes","2020","507,282"
"3","Personal current taxes","2021","570,383"
"3","Personal current taxes","2022","637,946"
"3","Personal current taxes","2023","557,174"
"3","Personal current taxes","2024","585,002"
"3","Personal current taxes","2025","635,269"
"4","Income taxes","1929","139"
"4","Income taxes","1930","110"
"4","Income taxes","1931","74"
"4","Income taxes","1932","64"
"4","Income taxes","1933","67"
"4","Income taxes","1934","87"
"4","Income taxes","1935","121"
"4","Income taxes","1936","167"
"4","Income taxes","1937","204"
"4","Income taxes","1938","208"
"4","Income taxes","1939","201"
"4","Income taxes","1940","232"
"4","Income taxes","1941","258"
"4","Income taxes","1942","291"
"4","Income taxes","1943","330"
"4","Income taxes","1944","366"
"4","Income taxes","1945","402"
"4","Income taxes","1946","409"
"4","Income taxes","1947","488"
"4","Income taxes","1948","570"
"4","Income taxes","1949","718"
"4","Income taxes","1950","776"
"4","Income taxes","1951","905"
"4","Income taxes","1952","1,002"
"4","Income taxes","1953","1,042"
"4","Income taxes","1954","1,135"
"4","Income taxes","1955","1,345"
"4","Income taxes","1956","1,574"
"4","Income taxes","1957","1,723"
"4","Income taxes","1958","1,829"
"4","Income taxes","1959","2,229"
"4","Income taxes","1960","2,536"
"4","Income taxes","1961","2,800"
"4","Income taxes","1962","3,180"
"4","Income taxes","1963","3,432"
"4","Income taxes","1964","4,018"
"4","Income taxes","1965","4,417"
"4","Income taxes","1966","5,422"
"4","Income taxes","1967","6,112"
"4","Income taxes","1968","7,841"
"4","Income taxes","1969","9,769"
"4","Income taxes","1970","10,903"
"4","Income taxes","1971","12,440"
"4","Income taxes","1972","17,197"
"4","Income taxes","1973","18,864"
"4","Income taxes","1974","20,351"
"4","Income taxes","1975","22,453"
"4","Income taxes","1976","26,259"
"4","Income taxes","1977","30,385"
"4","Income taxes","1978","34,981"
"4","Income taxes","1979","38,214"
"4","Income taxes","1980","42,594"
"4","Income taxes","1981","47,912"
"4","Income taxes","1982","51,887"
"4","Income taxes","1983","58,285"
"4","Income taxes","1984","67,471"
"4","Income taxes","1985","72,122"
"4","Income taxes","1986","77,449"
"4","Income taxes","1987","85,959"
"4","Income taxes","1988","90,599"
"4","Income taxes","1989","102,270"
"4","Income taxes","1990","109,594"
"4","Income taxes","1991","111,720"
"4","Income taxes","1992","120,377"
"4","Income taxes","1993","126,225"
"4","Income taxes","1994","132,241"
"4","Income taxes","1995","141,737"
"4","Income taxes","1996","152,326"
"4","Income taxes","1997","164,667"
"4","Income taxes","1998","183,020"
"4","Income taxes","1999","195,532"
"4","Income taxes","2000","217,354"
"4","Income taxes","2001","223,336"
"4","Income taxes","2002","199,284"
"4","Income taxes","2003","202,774"
"4","Income taxes","2004","221,386"
"4","Income taxes","2005","249,057"
"4","Income taxes","2006","274,198"
"4","Income taxes","2007","294,294"
"4","Income taxes","2008","304,069"
"4","Income taxes","2009","258,924"
"4","Income taxes","2010","265,787"
"4","Income taxes","2011","294,089"
"4","Income taxes","2012","313,080"
"4","Income taxes","2013","343,992"
"4","Income taxes","2014","350,254"
"4","Income taxes","2015","375,321"
"4","Income taxes","2016","376,743"
"4","Income taxes","2017","400,731"
"4","Income taxes","2018","422,460"
"4","Income taxes","2019","459,371"
"4","Income taxes","2020","467,638"
"4","Income taxes","2021","524,984"
"4","Income taxes","2022","594,219"
"4","Income taxes","2023","512,419"
"4","Income taxes","2024","536,167"
"4","Income taxes","2025","585,288"
"5","Other","1929","411"
"5","Other","1930","416"
"5","Other","1931","397"
"5","Other","1932","379"
"5","Other","1933","355"
"5","Other","1934","358"
"5","Other","1935","378"
"5","Other","1936","396"
"5","Other","1937","413"
"5","Other","1938","419"
"5","Other","1939","431"
"5","Other","1940","440"
"5","Other","1941","451"
"5","Other","1942","433"
"5","Other","1943","420"
"5","Other","1944","421"
"5","Other","1945","427"
"5","Other","1946","450"
"5","Other","1947","509"
"5","Other","1948","570"
"5","Other","1949","639"
"5","Other","1950","704"
"5","Other","1951","775"
"5","Other","1952","836"
"5","Other","1953","894"
"5","Other","1954","957"
"5","Other","1955","1,044"
"5","Other","1956","1,104"
"5","Other","1957","1,169"
"5","Other","1958","1,234"
"5","Other","1959","1,594"
"5","Other","1960","1,694"
"5","Other","1961","1,756"
"5","Other","1962","1,846"
"5","Other","1963","1,982"
"5","Other","1964","2,066"
"5","Other","1965","2,179"
"5","Other","1966","2,354"
"5","Other","1967","2,463"
"5","Other","1968","2,711"
"5","Other","1969","3,037"
"5","Other","1970","3,314"
"5","Other","1971","3,462"
"5","Other","1972","3,686"
"5","Other","1973","3,962"
"5","Other","1974","4,172"
"5","Other","1975","4,424"
"5","Other","1976","4,815"
"5","Other","1977","4,981"
"5","Other","1978","5,469"
"5","Other","1979","5,818"
"5","Other","1980","6,297"
"5","Other","1981","6,703"
"5","Other","1982","7,260"
"5","Other","1983","7,820"
"5","Other","1984","8,552"
"5","Other","1985","9,238"
"5","Other","1986","9,756"
"5","Other","1987","10,641"
"5","Other","1988","11,495"
"5","Other","1989","12,370"
"5","Other","1990","12,965"
"5","Other","1991","13,591"
"5","Other","1992","14,928"
"5","Other","1993","14,841"
"5","Other","1994","15,750"
"5","Other","1995","16,372"
"5","Other","1996","16,348"
"5","Other","1997","17,332"
"5","Other","1998","18,202"
"5","Other","1999","18,955"
"5","Other","2000","19,355"
"5","Other","2001","19,682"
"5","Other","2002","20,561"
"5","Other","2003","22,133"
"5","Other","2004","24,340"
"5","Other","2005","26,182"
"5","Other","2006","26,918"
"5","Other","2007","27,294"
"5","Other","2008","26,801"
"5","Other","2009","26,902"
"5","Other","2010","28,264"
"5","Other","2011","28,840"
"5","Other","2012","30,049"
"5","Other","2013","30,692"
"5","Other","2014","31,700"
"5","Other","2015","32,988"
"5","Other","2016","34,062"
"5","Other","2017","34,999"
"5","Other","2018","37,402"
"5","Other","2019","38,169"
"5","Other","2020","39,645"
"5","Other","2021","45,399"
"5","Other","2022","43,727"
"5","Other","2023","44,756"
"5","Other","2024","48,835"
"5","Other","2025","49,981"
"6","Taxes on production and imports","1929","5,687"
"6","Taxes on production and imports","1930","5,982"
"6","Taxes on production and imports","1931","5,824"
"6","Taxes on production and imports","1932","5,689"
"6","Taxes on production and imports","1933","5,281"
"6","Taxes on production and imports","1934","5,481"
"6","Taxes on production and imports","1935","5,848"
"6","Taxes on production and imports","1936","6,249"
"6","Taxes on production and imports","1937","6,577"
"6","Taxes on production and imports","1938","6,761"
"6","Taxes on production and imports","1939","6,868"
"6","Taxes on production and imports","1940","7,214"
"6","Taxes on production and imports","1941","7,542"
"6","Taxes on production and imports","1942","7,530"
"6","Taxes on production and imports","1943","7,599"
"6","Taxes on production and imports","1944","7,759"
"6","Taxes on production and imports","1945","8,183"
"6","Taxes on production and imports","1946","9,141"
"6","Taxes on production and imports","1947","10,442"
"6","Taxes on production and imports","1948","11,898"
"6","Taxes on production and imports","1949","13,034"
"6","Taxes on production and imports","1950","14,216"
"6","Taxes on production and imports","1951","15,555"
"6","Taxes on production and imports","1952","17,000"
"6","Taxes on production and imports","1953","18,394"
"6","Taxes on production and imports","1954","19,382"
"6","Taxes on production and imports","1955","21,039"
"6","Taxes on production and imports","1956","23,271"
"6","Taxes on production and imports","1957","25,116"
"6","Taxes on production and imports","1958","26,522"
"6","Taxes on production and imports","1959","28,841"
"6","Taxes on production and imports","1960","31,475"
"6","Taxes on production and imports","1961","33,807"
"6","Taxes on production and imports","1962","36,251"
"6","Taxes on production and imports","1963","38,700"
"6","Taxes on production and imports","1964","41,845"
"6","Taxes on production and imports","1965","45,282"
"6","Taxes on production and imports","1966","48,762"
"6","Taxes on production and imports","1967","52,773"
"6","Taxes on production and imports","1968","59,535"
"6","Taxes on production and imports","1969","66,044"
"6","Taxes on production and imports","1970","73,332"
"6","Taxes on production and imports","1971","81,501"
"6","Taxes on production and imports","1972","89,447"
"6","Taxes on production and imports","1973","97,421"
"6","Taxes on production and imports","1974","104,838"
"6","Taxes on production and imports","1975","113,215"
"6","Taxes on production and imports","1976","125,014"
"6","Taxes on production and imports","1977","136,941"
"6","Taxes on production and imports","1978","145,620"
"6","Taxes on production and imports","1979","154,417"
"6","Taxes on production and imports","1980","166,667"
"6","Taxes on production and imports","1981","185,715"
"6","Taxes on production and imports","1982","199,977"
"6","Taxes on production and imports","1983","218,898"
"6","Taxes on production and imports","1984","242,473"
"6","Taxes on production and imports","1985","262,081"
"6","Taxes on production and imports","1986","279,675"
"6","Taxes on production and imports","1987","301,605"
"6","Taxes on production and imports","1988","324,637"
"6","Taxes on production and imports","1989","349,125"
"6","Taxes on production and imports","1990","374,078"
"6","Taxes on production and imports","1991","395,326"
"6","Taxes on production and imports","1992","420,081"
"6","Taxes on production and imports","1993","436,768"
"6","Taxes on production and imports","1994","466,261"
"6","Taxes on production and imports","1995","482,350"
"6","Taxes on production and imports","1996","507,899"
"6","Taxes on production and imports","1997","533,777"
"6","Taxes on production and imports","1998","558,774"
"6","Taxes on production and imports","1999","590,152"
"6","Taxes on production and imports","2000","621,304"
"6","Taxes on production and imports","2001","642,407"
"6","Taxes on production and imports","2002","673,206"
"6","Taxes on production and imports","2003","715,409"
"6","Taxes on production and imports","2004","772,834"
"6","Taxes on production and imports","2005","843,026"
"6","Taxes on production and imports","2006","897,792"
"6","Taxes on production and imports","2007","942,204"
"6","Taxes on production and imports","2008","955,752"
"6","Taxes on production and imports","2009","935,434"
"6","Taxes on production and imports","2010","966,294"
"6","Taxes on production and imports","2011","995,101"
"6","Taxes on production and imports","2012","1,020,950"
"6","Taxes on production and imports","2013","1,060,346"
"6","Taxes on production and imports","2014","1,101,025"
"6","Taxes on production and imports","2015","1,131,589"
"6","Taxes on production and imports","2016","1,171,856"
"6","Taxes on production and imports","2017","1,232,537"
"6","Taxes on production and imports","2018","1,293,639"
"6","Taxes on production and imports","2019","1,358,716"
"6","Taxes on production and imports","2020","1,365,916"
"6","Taxes on production and imports","2021","1,519,522"
"6","Taxes on production and imports","2022","1,632,731"
"6","Taxes on production and imports","2023","1,684,019"
"6","Taxes on production and imports","2024","1,769,554"
"6","Taxes on production and imports","2025","1,846,107"
"7","Sales taxes","1931","7"
"7","Sales taxes","1932","10"
"7","Sales taxes","1933","61"
"7","Sales taxes","1934","228"
"7","Sales taxes","1935","300"
"7","Sales taxes","1936","398"
"7","Sales taxes","1937","440"
"7","Sales taxes","1938","449"
"7","Sales taxes","1939","465"
"7","Sales taxes","1940","533"
"7","Sales taxes","1941","621"
"7","Sales taxes","1942","642"
"7","Sales taxes","1943","700"
"7","Sales taxes","1944","751"
"7","Sales taxes","1945","806"
"7","Sales taxes","1946","1,051"
"7","Sales taxes","1947","1,330"
"7","Sales taxes","1948","1,584"
"7","Sales taxes","1949","1,609"
"7","Sales taxes","1950","1,828"
"7","Sales taxes","1951","2,118"
"7","Sales taxes","1952","2,347"
"7","Sales taxes","1953","2,509"
"7","Sales taxes","1954","2,557"
"7","Sales taxes","1955","2,838"
"7","Sales taxes","1956","3,208"
"7","Sales taxes","1957","3,512"
"7","Sales taxes","1958","3,512"
"7","Sales taxes","1959","4,806"
"7","Sales taxes","1960","5,316"
"7","Sales taxes","1961","5,769"
"7","Sales taxes","1962","6,352"
"7","Sales taxes","1963","6,853"
"7","Sales taxes","1964","7,659"
"7","Sales taxes","1965","8,637"
"7","Sales taxes","1966","9,843"
"7","Sales taxes","1967","10,717"
"7","Sales taxes","1968","13,117"
"7","Sales taxes","1969","15,113"
"7","Sales taxes","1970","16,960"
"7","Sales taxes","1971","19,101"
"7","Sales taxes","1972","21,834"
"7","Sales taxes","1973","24,540"
"7","Sales taxes","1974","27,973"
"7","Sales taxes","1975","30,311"
"7","Sales taxes","1976","34,447"
"7","Sales taxes","1977","38,977"
"7","Sales taxes","1978","44,206"
"7","Sales taxes","1979","49,492"
"7","Sales taxes","1980","53,616"
"7","Sales taxes","1981","58,784"
"7","Sales taxes","1982","62,010"
"7","Sales taxes","1983","70,368"
"7","Sales taxes","1984","80,570"
"7","Sales taxes","1985","87,850"
"7","Sales taxes","1986","93,688"
"7","Sales taxes","1987","100,920"
"7","Sales taxes","1988","109,977"
"7","Sales taxes","1989","117,357"
"7","Sales taxes","1990","125,575"
"7","Sales taxes","1991","128,036"
"7","Sales taxes","1992","136,032"
"7","Sales taxes","1993","143,714"
"7","Sales taxes","1994","155,376"
"7","Sales taxes","1995","164,448"
"7","Sales taxes","1996","174,406"
"7","Sales taxes","1997","184,222"
"7","Sales taxes","1998","194,935"
"7","Sales taxes","1999","208,581"
"7","Sales taxes","2000","221,358"
"7","Sales taxes","2001","223,109"
"7","Sales taxes","2002","222,523"
"7","Sales taxes","2003","233,267"
"7","Sales taxes","2004","251,998"
"7","Sales taxes","2005","272,759"
"7","Sales taxes","2006","293,928"
"7","Sales taxes","2007","301,403"
"7","Sales taxes","2008","301,130"
"7","Sales taxes","2009","279,578"
"7","Sales taxes","2010","295,123"
"7","Sales taxes","2011","311,294"
"7","Sales taxes","2012","324,367"
"7","Sales taxes","2013","343,361"
"7","Sales taxes","2014","361,413"
"7","Sales taxes","2015","373,249"
"7","Sales taxes","2016","384,186"
"7","Sales taxes","2017","405,139"
"7","Sales taxes","2018","426,444"
"7","Sales taxes","2019","448,300"
"7","Sales taxes","2020","444,755"
"7","Sales taxes","2021","522,349"
"7","Sales taxes","2022","580,990"
"7","Sales taxes","2023","589,523"
"7","Sales taxes","2024","602,430"
"7","Sales taxes","2025","623,020"
"8","Excise taxes","1929","414"
"8","Excise taxes","1930","500"
"8","Excise taxes","1931","538"
"8","Excise taxes","1932","542"
"8","Excise taxes","1933","580"
"8","Excise taxes","1934","676"
"8","Excise taxes","1935","796"
"8","Excise taxes","1936","908"
"8","Excise taxes","1937","977"
"8","Excise taxes","1938","1,014"
"8","Excise taxes","1939","1,077"
"8","Excise taxes","1940","1,172"
"8","Excise taxes","1941","1,321"
"8","Excise taxes","1942","1,258"
"8","Excise taxes","1943","1,131"
"8","Excise taxes","1944","1,115"
"8","Excise taxes","1945","1,304"
"8","Excise taxes","1946","1,665"
"8","Excise taxes","1947","1,872"
"8","Excise taxes","1948","2,131"
"8","Excise taxes","1949","2,273"
"8","Excise taxes","1950","2,489"
"8","Excise taxes","1951","2,697"
"8","Excise taxes","1952","2,873"
"8","Excise taxes","1953","3,037"
"8","Excise taxes","1954","3,209"
"8","Excise taxes","1955","3,486"
"8","Excise taxes","1956","3,892"
"8","Excise taxes","1957","4,047"
"8","Excise taxes","1958","5,388"
"8","Excise taxes","1959","6,326"
"8","Excise taxes","1960","6,840"
"8","Excise taxes","1961","7,251"
"8","Excise taxes","1962","7,661"
"8","Excise taxes","1963","8,122"
"8","Excise taxes","1964","8,795"
"8","Excise taxes","1965","9,548"
"8","Excise taxes","1966","10,110"
"8","Excise taxes","1967","10,653"
"8","Excise taxes","1968","11,940"
"8","Excise taxes","1969","13,449"
"8","Excise taxes","1970","14,685"
"8","Excise taxes","1971","16,263"
"8","Excise taxes","1972","17,967"
"8","Excise taxes","1973","19,540"
"8","Excise taxes","1974","20,187"
"8","Excise taxes","1975","21,392"
"8","Excise taxes","1976","23,313"
"8","Excise taxes","1977","25,041"
"8","Excise taxes","1978","26,794"
"8","Excise taxes","1979","27,789"
"8","Excise taxes","1980","29,242"
"8","Excise taxes","1981","31,963"
"8","Excise taxes","1982","34,189"
"8","Excise taxes","1983","37,282"
"8","Excise taxes","1984","40,430"
"8","Excise taxes","1985","43,274"
"8","Excise taxes","1986","46,162"
"8","Excise taxes","1987","49,406"
"8","Excise taxes","1988","52,442"
"8","Excise taxes","1989","54,993"
"8","Excise taxes","1990","58,746"
"8","Excise taxes","1991","62,653"
"8","Excise taxes","1992","68,302"
"8","Excise taxes","1993","72,710"
"8","Excise taxes","1994","76,077"
"8","Excise taxes","1995","78,316"
"8","Excise taxes","1996","81,816"
"8","Excise taxes","1997","84,463"
"8","Excise taxes","1998","88,960"
"8","Excise taxes","1999","93,013"
"8","Excise taxes","2000","95,484"
"8","Excise taxes","2001","98,726"
"8","Excise taxes","2002","105,196"
"8","Excise taxes","2003","112,221"
"8","Excise taxes","2004","117,349"
"8","Excise taxes","2005","127,354"
"8","Excise taxes","2006","136,608"
"8","Excise taxes","2007","144,263"
"8","Excise taxes","2008","144,293"
"8","Excise taxes","2009","143,999"
"8","Excise taxes","2010","154,807"
"8","Excise taxes","2011","160,715"
"8","Excise taxes","2012","165,606"
"8","Excise taxes","2013","170,528"
"8","Excise taxes","2014","173,773"
"8","Excise taxes","2015","179,850"
"8","Excise taxes","2016","185,160"
"8","Excise taxes","2017","194,549"
"8","Excise taxes","2018","205,638"
"8","Excise taxes","2019","213,116"
"8","Excise taxes","2020","204,726"
"8","Excise taxes","2021","225,897"
"8","Excise taxes","2022","239,111"
"8","Excise taxes","2023","257,933"
"8","Excise taxes","2024","271,298"
"8","Excise taxes","2025","287,943"
"9","Property taxes","1929","4,543"
"9","Property taxes","1930","4,727"
"9","Property taxes","1931","4,539"
"9","Property taxes","1932","4,424"
"9","Property taxes","1933","3,962"
"9","Property taxes","1934","3,907"
"9","Property taxes","1935","4,023"
"9","Property taxes","1936","4,058"
"9","Property taxes","1937","4,162"
"9","Property taxes","1938","4,277"
"9","Property taxes","1939","4,285"
"9","Property taxes","1940","4,407"
"9","Property taxes","1941","4,449"
"9","Property taxes","1942","4,397"
"9","Property taxes","1943","4,494"
"9","Property taxes","1944","4,565"
"9","Property taxes","1945","4,642"
"9","Property taxes","1946","4,836"
"9","Property taxes","1947","5,346"
"9","Property taxes","1948","5,938"
"9","Property taxes","1949","6,642"
"9","Property taxes","1950","7,143"
"9","Property taxes","1951","7,696"
"9","Property taxes","1952","8,385"
"9","Property taxes","1953","9,096"
"9","Property taxes","1954","9,673"
"9","Property taxes","1955","10,448"
"9","Property taxes","1956","11,453"
"9","Property taxes","1957","12,609"
"9","Property taxes","1958","13,764"
"9","Property taxes","1959","14,812"
"9","Property taxes","1960","16,238"
"9","Property taxes","1961","17,580"
"9","Property taxes","1962","18,958"
"9","Property taxes","1963","20,245"
"9","Property taxes","1964","21,687"
"9","Property taxes","1965","23,187"
"9","Property taxes","1966","24,535"
"9","Property taxes","1967","26,964"
"9","Property taxes","1968","29,896"
"9","Property taxes","1969","32,763"
"9","Property taxes","1970","36,674"
"9","Property taxes","1971","40,445"
"9","Property taxes","1972","43,227"
"9","Property taxes","1973","46,355"
"9","Property taxes","1974","48,980"
"9","Property taxes","1975","53,384"
"9","Property taxes","1976","58,247"
"9","Property taxes","1977","63,200"
"9","Property taxes","1978","63,748"
"9","Property taxes","1979","64,403"
"9","Property taxes","1980","68,826"
"9","Property taxes","1981","77,080"
"9","Property taxes","1982","85,300"
"9","Property taxes","1983","91,877"
"9","Property taxes","1984","99,700"
"9","Property taxes","1985","107,491"
"9","Property taxes","1986","116,158"
"9","Property taxes","1987","126,422"
"9","Property taxes","1988","136,496"
"9","Property taxes","1989","149,863"
"9","Property taxes","1990","161,533"
"9","Property taxes","1991","176,071"
"9","Property taxes","1992","184,678"
"9","Property taxes","1993","187,258"
"9","Property taxes","1994","199,369"
"9","Property taxes","1995","202,579"
"9","Property taxes","1996","212,351"
"9","Property taxes","1997","223,529"
"9","Property taxes","1998","231,007"
"9","Property taxes","1999","242,801"
"9","Property taxes","2000","254,669"
"9","Property taxes","2001","268,018"
"9","Property taxes","2002","289,213"
"9","Property taxes","2003","306,924"
"9","Property taxes","2004","326,128"
"9","Property taxes","2005","351,241"
"9","Property taxes","2006","375,162"
"9","Property taxes","2007","403,688"
"9","Property taxes","2008","415,674"
"9","Property taxes","2009","439,601"
"9","Property taxes","2010","438,588"
"9","Property taxes","2011","439,242"
"9","Property taxes","2012","444,298"
"9","Property taxes","2013","455,191"
"9","Property taxes","2014","473,412"
"9","Property taxes","2015","489,332"
"9","Property taxes","2016","510,358"
"9","Property taxes","2017","535,227"
"9","Property taxes","2018","554,572"
"9","Property taxes","2019","588,643"
"9","Property taxes","2020","607,091"
"9","Property taxes","2021","639,461"
"9","Property taxes","2022","663,304"
"9","Property taxes","2023","697,247"
"9","Property taxes","2024","752,148"
"9","Property taxes","2025","789,390"
"10","Other","1929","730"
"10","Other","1930","755"
"10","Other","1931","740"
"10","Other","1932","713"
"10","Other","1933","678"
"10","Other","1934","670"
"10","Other","1935","729"
"10","Other","1936","885"
"10","Other","1937","998"
"10","Other","1938","1,021"
"10","Other","1939","1,041"
"10","Other","1940","1,102"
"10","Other","1941","1,151"
"10","Other","1942","1,233"
"10","Other","1943","1,274"
"10","Other","1944","1,328"
"10","Other","1945","1,431"
"10","Other","1946","1,589"
"10","Other","1947","1,894"
"10","Other","1948","2,245"
"10","Other","1949","2,510"
"10","Other","1950","2,756"
"10","Other","1951","3,044"
"10","Other","1952","3,395"
"10","Other","1953","3,752"
"10","Other","1954","3,943"
"10","Other","1955","4,267"
"10","Other","1956","4,718"
"10","Other","1957","4,948"
"10","Other","1958","3,858"
"10","Other","1959","2,897"
"10","Other","1960","3,081"
"10","Other","1961","3,207"
"10","Other","1962","3,280"
"10","Other","1963","3,480"
"10","Other","1964","3,704"
"10","Other","1965","3,910"
"10","Other","1966","4,274"
"10","Other","1967","4,439"
"10","Other","1968","4,582"
"10","Other","1969","4,719"
"10","Other","1970","5,013"
"10","Other","1971","5,692"
"10","Other","1972","6,419"
"10","Other","1973","6,986"
"10","Other","1974","7,698"
"10","Other","1975","8,128"
"10","Other","1976","9,007"
"10","Other","1977","9,723"
"10","Other","1978","10,872"
"10","Other","1979","12,733"
"10","Other","1980","14,983"
"10","Other","1981","17,888"
"10","Other","1982","18,478"
"10","Other","1983","19,371"
"10","Other","1984","21,773"
"10","Other","1985","23,466"
"10","Other","1986","23,667"
"10","Other","1987","24,857"
"10","Other","1988","25,722"
"10","Other","1989","26,912"
"10","Other","1990","28,224"
"10","Other","1991","28,565"
"10","Other","1992","31,068"
"10","Other","1993","33,085"
"10","Other","1994","35,440"
"10","Other","1995","37,007"
"10","Other","1996","39,326"
"10","Other","1997","41,563"
"10","Other","1998","43,872"
"10","Other","1999","45,757"
"10","Other","2000","49,793"
"10","Other","2001","52,554"
"10","Other","2002","56,275"
"10","Other","2003","62,997"
"10","Other","2004","77,359"
"10","Other","2005","91,673"
"10","Other","2006","92,094"
"10","Other","2007","92,851"
"10","Other","2008","94,656"
"10","Other","2009","72,256"
"10","Other","2010","77,776"
"10","Other","2011","83,850"
"10","Other","2012","86,679"
"10","Other","2013","91,267"
"10","Other","2014","92,426"
"10","Other","2015","89,157"
"10","Other","2016","92,152"
"10","Other","2017","97,623"
"10","Other","2018","106,986"
"10","Other","2019","108,657"
"10","Other","2020","109,345"
"10","Other","2021","131,815"
"10","Other","2022","149,327"
"10","Other","2023","139,316"
"10","Other","2024","143,678"
"10","Other","2025","145,755"
"11","Taxes on corporate income","1929","145"
"11","Taxes on corporate income","1930","98"
"11","Taxes on corporate income","1931","75"
"11","Taxes on corporate income","1932","57"
"11","Taxes on corporate income","1933","59"
"11","Taxes on corporate income","1934","100"
"11","Taxes on corporate income","1935","131"
"11","Taxes on corporate income","1936","157"
"11","Taxes on corporate income","1937","165"
"11","Taxes on corporate income","1938","134"
"11","Taxes on corporate income","1939","156"
"11","Taxes on corporate income","1940","199"
"11","Taxes on corporate income","1941","277"
"11","Taxes on corporate income","1942","350"
"11","Taxes on corporate income","1943","458"
"11","Taxes on corporate income","1944","465"
"11","Taxes on corporate income","1945","455"
"11","Taxes on corporate income","1946","462"
"11","Taxes on corporate income","1947","604"
"11","Taxes on corporate income","1948","671"
"11","Taxes on corporate income","1949","605"
"11","Taxes on corporate income","1950","770"
"11","Taxes on corporate income","1951","883"
"11","Taxes on corporate income","1952","826"
"11","Taxes on corporate income","1953","809"
"11","Taxes on corporate income","1954","773"
"11","Taxes on corporate income","1955","968"
"11","Taxes on corporate income","1956","1,044"
"11","Taxes on corporate income","1957","1,019"
"11","Taxes on corporate income","1958","1,004"
"11","Taxes on corporate income","1959","1,162"
"11","Taxes on corporate income","1960","1,249"
"11","Taxes on corporate income","1961","1,290"
"11","Taxes on corporate income","1962","1,502"
"11","Taxes on corporate income","1963","1,653"
"11","Taxes on corporate income","1964","1,844"
"11","Taxes on corporate income","1965","1,977"
"11","Taxes on corporate income","1966","2,230"
"11","Taxes on corporate income","1967","2,625"
"11","Taxes on corporate income","1968","3,310"
"11","Taxes on corporate income","1969","3,610"
"11","Taxes on corporate income","1970","3,740"
"11","Taxes on corporate income","1971","4,284"
"11","Taxes on corporate income","1972","5,252"
"11","Taxes on corporate income","1973","6,028"
"11","Taxes on corporate income","1974","6,679"
"11","Taxes on corporate income","1975","7,347"
"11","Taxes on corporate income","1976","9,636"
"11","Taxes on corporate income","1977","11,429"
"11","Taxes on corporate income","1978","12,106"
"11","Taxes on corporate income","1979","13,568"
"11","Taxes on corporate income","1980","14,466"
"11","Taxes on corporate income","1981","15,442"
"11","Taxes on corporate income","1982","14,034"
"11","Taxes on corporate income","1983","15,896"
"11","Taxes on corporate income","1984","18,799"
"11","Taxes on corporate income","1985","20,247"
"11","Taxes on corporate income","1986","22,661"
"11","Taxes on corporate income","1987","23,901"
"11","Taxes on corporate income","1988","26,032"
"11","Taxes on corporate income","1989","24,239"
"11","Taxes on corporate income","1990","22,486"
"11","Taxes on corporate income","1991","23,641"
"11","Taxes on corporate income","1992","24,380"
"11","Taxes on corporate income","1993","26,906"
"11","Taxes on corporate income","1994","29,970"
"11","Taxes on corporate income","1995","31,656"
"11","Taxes on corporate income","1996","33,023"
"11","Taxes on corporate income","1997","34,145"
"11","Taxes on corporate income","1998","34,934"
"11","Taxes on corporate income","1999","35,796"
"11","Taxes on corporate income","2000","35,231"
"11","Taxes on corporate income","2001","28,853"
"11","Taxes on corporate income","2002","30,864"
"11","Taxes on corporate income","2003","33,997"
"11","Taxes on corporate income","2004","41,708"
"11","Taxes on corporate income","2005","54,943"
"11","Taxes on corporate income","2006","59,242"
"11","Taxes on corporate income","2007","57,879"
"11","Taxes on corporate income","2008","47,434"
"11","Taxes on corporate income","2009","44,509"
"11","Taxes on corporate income","2010","46,094"
"11","Taxes on corporate income","2011","48,385"
"11","Taxes on corporate income","2012","50,665"
"11","Taxes on corporate income","2013","53,661"
"11","Taxes on corporate income","2014","56,349"
"11","Taxes on corporate income","2015","56,062"
"11","Taxes on corporate income","2016","53,182"
"11","Taxes on corporate income","2017","54,433"
"11","Taxes on corporate income","2018","60,129"
"11","Taxes on corporate income","2019","73,250"
"11","Taxes on corporate income","2020","72,951"
"11","Taxes on corporate income","2021","119,583"
"11","Taxes on corporate income","2022","174,370"
"11","Taxes on corporate income","2023","171,343"
"11","Taxes on corporate income","2024","172,025"
"11","Taxes on corporate income","2025","180,076"
"12","Contributions for government social insurance","1929","0"
"12","Contributions for government social insurance","1930","0"
"12","Contributions for government social insurance","1931","0"
"12","Contributions for government social insurance","1932","0"
"12","Contributions for government social insurance","1933","0"
"12","Contributions for government social insurance","1934","0"
"12","Contributions for government social insurance","1935","0"
"12","Contributions for government social insurance","1936","0"
"12","Contributions for government social insurance","1937","0"
"12","Contributions for government social insurance","1938","0"
"12","Contributions for government social insurance","1939","0"
"12","Contributions for government social insurance","1940","0"
"12","Contributions for government social insurance","1941","0"
"12","Contributions for government social insurance","1942","2"
"12","Contributions for government social insurance","1943","5"
"12","Contributions for government social insurance","1944","5"
"12","Contributions for government social insurance","1945","4"
"12","Contributions for government social insurance","1946","155"
"12","Contributions for government social insurance","1947","175"
"12","Contributions for government social insurance","1948","201"
"12","Contributions for government social insurance","1949","194"
"12","Contributions for government social insurance","1950","223"
"12","Contributions for government social insurance","1951","242"
"12","Contributions for government social insurance","1952","278"
"12","Contributions for government social insurance","1953","306"
"12","Contributions for government social insurance","1954","324"
"12","Contributions for government social insurance","1955","337"
"12","Contributions for government social insurance","1956","370"
"12","Contributions for government social insurance","1957","397"
"12","Contributions for government social insurance","1958","395"
"12","Contributions for government social insurance","1959","413"
"12","Contributions for government social insurance","1960","461"
"12","Contributions for government social insurance","1961","492"
"12","Contributions for government social insurance","1962","548"
"12","Contributions for government social insurance","1963","629"
"12","Contributions for government social insurance","1964","682"
"12","Contributions for government social insurance","1965","758"
"12","Contributions for government social insurance","1966","821"
"12","Contributions for government social insurance","1967","877"
"12","Contributions for government social insurance","1968","942"
"12","Contributions for government social insurance","1969","1,026"
"12","Contributions for government social insurance","1970","1,089"
"12","Contributions for government social insurance","1971","1,174"
"12","Contributions for government social insurance","1972","1,320"
"12","Contributions for government social insurance","1973","1,492"
"12","Contributions for government social insurance","1974","1,665"
"12","Contributions for government social insurance","1975","1,843"
"12","Contributions for government social insurance","1976","2,187"
"12","Contributions for government social insurance","1977","2,775"
"12","Contributions for government social insurance","1978","3,410"
"12","Contributions for government social insurance","1979","3,880"
"12","Contributions for government social insurance","1980","3,572"
"12","Contributions for government social insurance","1981","3,860"
"12","Contributions for government social insurance","1982","4,043"
"12","Contributions for government social insurance","1983","4,140"
"12","Contributions for government social insurance","1984","4,677"
"12","Contributions for government social insurance","1985","4,886"
"12","Contributions for government social insurance","1986","5,957"
"12","Contributions for government social insurance","1987","7,207"
"12","Contributions for government social insurance","1988","8,377"
"12","Contributions for government social insurance","1989","8,974"
"12","Contributions for government social insurance","1990","10,035"
"12","Contributions for government social insurance","1991","11,619"
"12","Contributions for government social insurance","1992","13,123"
"12","Contributions for government social insurance","1993","14,129"
"12","Contributions for government social insurance","1994","14,515"
"12","Contributions for government social insurance","1995","13,600"
"12","Contributions for government social insurance","1996","12,453"
"12","Contributions for government social insurance","1997","10,823"
"12","Contributions for government social insurance","1998","10,351"
"12","Contributions for government social insurance","1999","9,752"
"12","Contributions for government social insurance","2000","10,822"
"12","Contributions for government social insurance","2001","13,691"
"12","Contributions for government social insurance","2002","15,826"
"12","Contributions for government social insurance","2003","19,932"
"12","Contributions for government social insurance","2004","24,654"
"12","Contributions for government social insurance","2005","24,615"
"12","Contributions for government social insurance","2006","21,453"
"12","Contributions for government social insurance","2007","18,829"
"12","Contributions for government social insurance","2008","18,690"
"12","Contributions for government social insurance","2009","18,568"
"12","Contributions for government social insurance","2010","17,767"
"12","Contributions for government social insurance","2011","17,855"
"12","Contributions for government social insurance","2012","17,201"
"12","Contributions for government social insurance","2013","17,660"
"12","Contributions for government social insurance","2014","18,746"
"12","Contributions for government social insurance","2015","19,234"
"12","Contributions for government social insurance","2016","19,960"
"12","Contributions for government social insurance","2017","19,842"
"12","Contributions for government social insurance","2018","20,429"
"12","Contributions for government social insurance","2019","20,657"
"12","Contributions for government social insurance","2020","20,015"
"12","Contributions for government social insurance","2021","22,264"
"12","Contributions for government social insurance","2022","23,196"
"12","Contributions for government social insurance","2023","22,046"
"12","Contributions for government social insurance","2024","26,869"
"12","Contributions for government social insurance","2025","29,341"
"13","Income receipts on assets","1929","100"
"13","Income receipts on assets","1930","102"
"13","Income receipts on assets","1931","106"
"13","Income receipts on assets","1932","111"
"13","Income receipts on assets","1933","106"
"13","Income receipts on assets","1934","105"
"13","Income receipts on assets","1935","110"
"13","Income receipts on assets","1936","111"
"13","Income receipts on assets","1937","117"
"13","Income receipts on assets","1938","120"
"13","Income receipts on assets","1939","118"
"13","Income receipts on assets","1940","123"
"13","Income receipts on assets","1941","123"
"13","Income receipts on assets","1942","134"
"13","Income receipts on assets","1943","128"
"13","Income receipts on assets","1944","135"
"13","Income receipts on assets","1945","140"
"13","Income receipts on assets","1946","407"
"13","Income receipts on assets","1947","430"
"13","Income receipts on assets","1948","469"
"13","Income receipts on assets","1949","492"
"13","Income receipts on assets","1950","537"
"13","Income receipts on assets","1951","662"
"13","Income receipts on assets","1952","655"
"13","Income receipts on assets","1953","745"
"13","Income receipts on assets","1954","803"
"13","Income receipts on assets","1955","840"
"13","Income receipts on assets","1956","983"
"13","Income receipts on assets","1957","1,083"
"13","Income receipts on assets","1958","1,169"
"13","Income receipts on assets","1959","1,132"
"13","Income receipts on assets","1960","1,323"
"13","Income receipts on assets","1961","1,417"
"13","Income receipts on assets","1962","1,538"
"13","Income receipts on assets","1963","1,637"
"13","Income receipts on assets","1964","1,911"
"13","Income receipts on assets","1965","2,198"
"13","Income receipts on assets","1966","2,618"
"13","Income receipts on assets","1967","3,001"
"13","Income receipts on assets","1968","3,476"
"13","Income receipts on assets","1969","4,341"
"13","Income receipts on assets","1970","5,157"
"13","Income receipts on assets","1971","5,487"
"13","Income receipts on assets","1972","5,924"
"13","Income receipts on assets","1973","7,762"
"13","Income receipts on assets","1974","10,193"
"13","Income receipts on assets","1975","11,185"
"13","Income receipts on assets","1976","10,429"
"13","Income receipts on assets","1977","11,665"
"13","Income receipts on assets","1978","14,657"
"13","Income receipts on assets","1979","20,141"
"13","Income receipts on assets","1980","26,267"
"13","Income receipts on assets","1981","31,975"
"13","Income receipts on assets","1982","36,720"
"13","Income receipts on assets","1983","41,443"
"13","Income receipts on assets","1984","47,674"
"13","Income receipts on assets","1985","55,612"
"13","Income receipts on assets","1986","58,960"
"13","Income receipts on assets","1987","58,536"
"13","Income receipts on assets","1988","61,196"
"13","Income receipts on assets","1989","66,553"
"13","Income receipts on assets","1990","68,445"
"13","Income receipts on assets","1991","67,192"
"13","Income receipts on assets","1992","63,943"
"13","Income receipts on assets","1993","61,202"
"13","Income receipts on assets","1994","63,423"
"13","Income receipts on assets","1995","68,940"
"13","Income receipts on assets","1996","73,531"
"13","Income receipts on assets","1997","77,871"
"13","Income receipts on assets","1998","80,893"
"13","Income receipts on assets","1999","84,912"
"13","Income receipts on assets","2000","93,590"
"13","Income receipts on assets","2001","89,342"
"13","Income receipts on assets","2002","78,773"
"13","Income receipts on assets","2003","72,467"
"13","Income receipts on assets","2004","75,671"
"13","Income receipts on assets","2005","87,716"
"13","Income receipts on assets","2006","106,702"
"13","Income receipts on assets","2007","117,970"
"13","Income receipts on assets","2008","105,563"
"13","Income receipts on assets","2009","86,938"
"13","Income receipts on assets","2010","80,757"
"13","Income receipts on assets","2011","79,540"
"13","Income receipts on assets","2012","78,825"
"13","Income receipts on assets","2013","79,131"
"13","Income receipts on assets","2014","81,272"
"13","Income receipts on assets","2015","80,658"
"13","Income receipts on assets","2016","82,319"
"13","Income receipts on assets","2017","87,128"
"13","Income receipts on assets","2018","93,240"
"13","Income receipts on assets","2019","96,547"
"13","Income receipts on assets","2020","94,802"
"13","Income receipts on assets","2021","91,743"
"13","Income receipts on assets","2022","106,282"
"13","Income receipts on assets","2023","123,007"
"13","Income receipts on assets","2024","123,593"
"13","Income receipts on assets","2025","130,154"
"14","Interest receipts","1946","295"
"14","Interest receipts","1947","307"
"14","Interest receipts","1948","319"
"14","Interest receipts","1949","326"
"14","Interest receipts","1950","334"
"14","Interest receipts","1951","443"
"14","Interest receipts","1952","417"
"14","Interest receipts","1953","486"
"14","Interest receipts","1954","498"
"14","Interest receipts","1955","539"
"14","Interest receipts","1956","659"
"14","Interest receipts","1957","742"
"14","Interest receipts","1958","791"
"14","Interest receipts","1959","854"
"14","Interest receipts","1960","1,047"
"14","Interest receipts","1961","1,061"
"14","Interest receipts","1962","1,113"
"14","Interest receipts","1963","1,245"
"14","Interest receipts","1964","1,485"
"14","Interest receipts","1965","1,751"
"14","Interest receipts","1966","2,091"
"14","Interest receipts","1967","2,365"
"14","Interest receipts","1968","2,759"
"14","Interest receipts","1969","3,574"
"14","Interest receipts","1970","4,336"
"14","Interest receipts","1971","4,582"
"14","Interest receipts","1972","4,937"
"14","Interest receipts","1973","6,601"
"14","Interest receipts","1974","8,906"
"14","Interest receipts","1975","9,817"
"14","Interest receipts","1976","9,040"
"14","Interest receipts","1977","10,369"
"14","Interest receipts","1978","13,270"
"14","Interest receipts","1979","18,126"
"14","Interest receipts","1980","23,058"
"14","Interest receipts","1981","28,514"
"14","Interest receipts","1982","33,077"
"14","Interest receipts","1983","37,007"
"14","Interest receipts","1984","42,585"
"14","Interest receipts","1985","50,099"
"14","Interest receipts","1986","52,572"
"14","Interest receipts","1987","53,039"
"14","Interest receipts","1988","56,588"
"14","Interest receipts","1989","62,269"
"14","Interest receipts","1990","64,057"
"14","Interest receipts","1991","62,314"
"14","Interest receipts","1992","58,720"
"14","Interest receipts","1993","56,078"
"14","Interest receipts","1994","58,136"
"14","Interest receipts","1995","63,452"
"14","Interest receipts","1996","67,547"
"14","Interest receipts","1997","71,563"
"14","Interest receipts","1998","74,621"
"14","Interest receipts","1999","78,269"
"14","Interest receipts","2000","85,981"
"14","Interest receipts","2001","81,455"
"14","Interest receipts","2002","70,639"
"14","Interest receipts","2003","63,014"
"14","Interest receipts","2004","64,865"
"14","Interest receipts","2005","75,427"
"14","Interest receipts","2006","93,235"
"14","Interest receipts","2007","102,870"
"14","Interest receipts","2008","89,960"
"14","Interest receipts","2009","72,848"
"14","Interest receipts","2010","66,295"
"14","Interest receipts","2011","63,942"
"14","Interest receipts","2012","62,278"
"14","Interest receipts","2013","62,235"
"14","Interest receipts","2014","63,949"
"14","Interest receipts","2015","64,102"
"14","Interest receipts","2016","65,826"
"14","Interest receipts","2017","70,562"
"14","Interest receipts","2018","75,789"
"14","Interest receipts","2019","78,426"
"14","Interest receipts","2020","77,668"
"14","Interest receipts","2021","71,500"
"14","Interest receipts","2022","81,881"
"14","Interest receipts","2023","97,302"
"14","Interest receipts","2024","98,523"
"14","Interest receipts","2025","105,175"
"15","Dividends","1973","27"
"15","Dividends","1974","32"
"15","Dividends","1975","38"
"15","Dividends","1976","43"
"15","Dividends","1977","46"
"15","Dividends","1978","65"
"15","Dividends","1979","83"
"15","Dividends","1980","97"
"15","Dividends","1981","126"
"15","Dividends","1982","154"
"15","Dividends","1983","176"
"15","Dividends","1984","164"
"15","Dividends","1985","156"
"15","Dividends","1986","150"
"15","Dividends","1987","162"
"15","Dividends","1988","176"
"15","Dividends","1989","177"
"15","Dividends","1990","238"
"15","Dividends","1991","343"
"15","Dividends","1992","465"
"15","Dividends","1993","586"
"15","Dividends","1994","756"
"15","Dividends","1995","963"
"15","Dividends","1996","1,353"
"15","Dividends","1997","1,525"
"15","Dividends","1998","1,630"
"15","Dividends","1999","1,497"
"15","Dividends","2000","1,355"
"15","Dividends","2001","1,422"
"15","Dividends","2002","1,551"
"15","Dividends","2003","1,829"
"15","Dividends","2004","2,334"
"15","Dividends","2005","2,512"
"15","Dividends","2006","2,953"
"15","Dividends","2007","3,419"
"15","Dividends","2008","3,428"
"15","Dividends","2009","2,902"
"15","Dividends","2010","3,038"
"15","Dividends","2011","3,370"
"15","Dividends","2012","4,060"
"15","Dividends","2013","4,749"
"15","Dividends","2014","5,265"
"15","Dividends","2015","5,415"
"15","Dividends","2016","5,699"
"15","Dividends","2017","5,845"
"15","Dividends","2018","6,005"
"15","Dividends","2019","6,509"
"15","Dividends","2020","6,215"
"15","Dividends","2021","6,348"
"15","Dividends","2022","6,563"
"15","Dividends","2023","6,928"
"15","Dividends","2024","6,849"
"15","Dividends","2025","7,062"
"16","Rents and royalties","1929","100"
"16","Rents and royalties","1930","102"
"16","Rents and royalties","1931","106"
"16","Rents and royalties","1932","111"
"16","Rents and royalties","1933","106"
"16","Rents and royalties","1934","105"
"16","Rents and royalties","1935","110"
"16","Rents and royalties","1936","111"
"16","Rents and royalties","1937","117"
"16","Rents and royalties","1938","120"
"16","Rents and royalties","1939","118"
"16","Rents and royalties","1940","123"
"16","Rents and royalties","1941","123"
"16","Rents and royalties","1942","134"
"16","Rents and royalties","1943","128"
"16","Rents and royalties","1944","135"
"16","Rents and royalties","1945","140"
"16","Rents and royalties","1946","112"
"16","Rents and royalties","1947","123"
"16","Rents and royalties","1948","150"
"16","Rents and royalties","1949","166"
"16","Rents and royalties","1950","203"
"16","Rents and royalties","1951","219"
"16","Rents and royalties","1952","239"
"16","Rents and royalties","1953","258"
"16","Rents and royalties","1954","305"
"16","Rents and royalties","1955","300"
"16","Rents and royalties","1956","324"
"16","Rents and royalties","1957","341"
"16","Rents and royalties","1958","378"
"16","Rents and royalties","1959","278"
"16","Rents and royalties","1960","276"
"16","Rents and royalties","1961","356"
"16","Rents and royalties","1962","425"
"16","Rents and royalties","1963","392"
"16","Rents and royalties","1964","426"
"16","Rents and royalties","1965","447"
"16","Rents and royalties","1966","527"
"16","Rents and royalties","1967","636"
"16","Rents and royalties","1968","717"
"16","Rents and royalties","1969","767"
"16","Rents and royalties","1970","821"
"16","Rents and royalties","1971","905"
"16","Rents and royalties","1972","987"
"16","Rents and royalties","1973","1,134"
"16","Rents and royalties","1974","1,255"
"16","Rents and royalties","1975","1,330"
"16","Rents and royalties","1976","1,346"
"16","Rents and royalties","1977","1,250"
"16","Rents and royalties","1978","1,322"
"16","Rents and royalties","1979","1,932"
"16","Rents and royalties","1980","3,112"
"16","Rents and royalties","1981","3,335"
"16","Rents and royalties","1982","3,489"
"16","Rents and royalties","1983","4,260"
"16","Rents and royalties","1984","4,925"
"16","Rents and royalties","1985","5,357"
"16","Rents and royalties","1986","6,238"
"16","Rents and royalties","1987","5,335"
"16","Rents and royalties","1988","4,432"
"16","Rents and royalties","1989","4,107"
"16","Rents and royalties","1990","4,150"
"16","Rents and royalties","1991","4,535"
"16","Rents and royalties","1992","4,758"
"16","Rents and royalties","1993","4,538"
"16","Rents and royalties","1994","4,531"
"16","Rents and royalties","1995","4,525"
"16","Rents and royalties","1996","4,631"
"16","Rents and royalties","1997","4,783"
"16","Rents and royalties","1998","4,642"
"16","Rents and royalties","1999","5,146"
"16","Rents and royalties","2000","6,254"
"16","Rents and royalties","2001","6,465"
"16","Rents and royalties","2002","6,583"
"16","Rents and royalties","2003","7,624"
"16","Rents and royalties","2004","8,472"
"16","Rents and royalties","2005","9,777"
"16","Rents and royalties","2006","10,514"
"16","Rents and royalties","2007","11,681"
"16","Rents and royalties","2008","12,175"
"16","Rents and royalties","2009","11,189"
"16","Rents and royalties","2010","11,424"
"16","Rents and royalties","2011","12,228"
"16","Rents and royalties","2012","12,487"
"16","Rents and royalties","2013","12,147"
"16","Rents and royalties","2014","12,057"
"16","Rents and royalties","2015","11,140"
"16","Rents and royalties","2016","10,795"
"16","Rents and royalties","2017","10,721"
"16","Rents and royalties","2018","11,446"
"16","Rents and royalties","2019","11,613"
"16","Rents and royalties","2020","10,919"
"16","Rents and royalties","2021","13,896"
"16","Rents and royalties","2022","17,837"
"16","Rents and royalties","2023","18,776"
"16","Rents and royalties","2024","18,221"
"16","Rents and royalties","2025","17,918"
"17","Current transfer receipts","1929","482"
"17","Current transfer receipts","1930","452"
"17","Current transfer receipts","1931","578"
"17","Current transfer receipts","1932","376"
"17","Current transfer receipts","1933","707"
"17","Current transfer receipts","1934","1,835"
"17","Current transfer receipts","1935","1,908"
"17","Current transfer receipts","1936","924"
"17","Current transfer receipts","1937","903"
"17","Current transfer receipts","1938","858"
"17","Current transfer receipts","1939","1,070"
"17","Current transfer receipts","1940","920"
"17","Current transfer receipts","1941","836"
"17","Current transfer receipts","1942","961"
"17","Current transfer receipts","1943","1,031"
"17","Current transfer receipts","1944","1,058"
"17","Current transfer receipts","1945","998"
"17","Current transfer receipts","1946","1,094"
"17","Current transfer receipts","1947","1,191"
"17","Current transfer receipts","1948","1,692"
"17","Current transfer receipts","1949","2,170"
"17","Current transfer receipts","1950","2,235"
"17","Current transfer receipts","1951","2,403"
"17","Current transfer receipts","1952","2,535"
"17","Current transfer receipts","1953","2,687"
"17","Current transfer receipts","1954","2,795"
"17","Current transfer receipts","1955","2,866"
"17","Current transfer receipts","1956","3,049"
"17","Current transfer receipts","1957","3,514"
"17","Current transfer receipts","1958","3,957"
"17","Current transfer receipts","1959","4,013"
"17","Current transfer receipts","1960","4,290"
"17","Current transfer receipts","1961","4,941"
"17","Current transfer receipts","1962","5,453"
"17","Current transfer receipts","1963","5,973"
"17","Current transfer receipts","1964","6,755"
"17","Current transfer receipts","1965","7,421"
"17","Current transfer receipts","1966","10,404"
"17","Current transfer receipts","1967","12,314"
"17","Current transfer receipts","1968","13,319"
"17","Current transfer receipts","1969","15,257"
"17","Current transfer receipts","1970","20,095"
"17","Current transfer receipts","1971","24,130"
"17","Current transfer receipts","1972","32,846"
"17","Current transfer receipts","1973","36,076"
"17","Current transfer receipts","1974","37,945"
"17","Current transfer receipts","1975","47,205"
"17","Current transfer receipts","1976","53,314"
"17","Current transfer receipts","1977","59,640"
"17","Current transfer receipts","1978","69,021"
"17","Current transfer receipts","1979","70,292"
"17","Current transfer receipts","1980","76,867"
"17","Current transfer receipts","1981","77,971"
"17","Current transfer receipts","1982","75,876"
"17","Current transfer receipts","1983","78,735"
"17","Current transfer receipts","1984","84,664"
"17","Current transfer receipts","1985","89,798"
"17","Current transfer receipts","1986","99,786"
"17","Current transfer receipts","1987","94,436"
"17","Current transfer receipts","1988","103,135"
"17","Current transfer receipts","1989","111,642"
"17","Current transfer receipts","1990","126,386"
"17","Current transfer receipts","1991","150,659"
"17","Current transfer receipts","1992","172,810"
"17","Current transfer receipts","1993","189,767"
"17","Current transfer receipts","1994","204,053"
"17","Current transfer receipts","1995","214,446"
"17","Current transfer receipts","1996","224,387"
"17","Current transfer receipts","1997","236,108"
"17","Current transfer receipts","1998","253,496"
"17","Current transfer receipts","1999","277,398"
"17","Current transfer receipts","2000","299,692"
"17","Current transfer receipts","2001","333,139"
"17","Current transfer receipts","2002","366,883"
"17","Current transfer receipts","2003","405,013"
"17","Current transfer receipts","2004","422,558"
"17","Current transfer receipts","2005","436,564"
"17","Current transfer receipts","2006","436,973"
"17","Current transfer receipts","2007","458,187"
"17","Current transfer receipts","2008","475,109"
"17","Current transfer receipts","2009","560,320"
"17","Current transfer receipts","2010","604,371"
"17","Current transfer receipts","2011","576,464"
"17","Current transfer receipts","2012","550,124"
"17","Current transfer receipts","2013","563,737"
"17","Current transfer receipts","2014","619,240"
"17","Current transfer receipts","2015","676,274"
"17","Current transfer receipts","2016","689,980"
"17","Current transfer receipts","2017","691,190"
"17","Current transfer receipts","2018","723,775"
"17","Current transfer receipts","2019","755,261"
"17","Current transfer receipts","2020","1,030,431"
"17","Current transfer receipts","2021","1,272,261"
"17","Current transfer receipts","2022","1,134,964"
"17","Current transfer receipts","2023","1,131,883"
"17","Current transfer receipts","2024","1,159,448"
"17","Current transfer receipts","2025","1,177,733"
"18","Federal grants-in-aid","1929","114"
"18","Federal grants-in-aid","1930","121"
"18","Federal grants-in-aid","1931","308"
"18","Federal grants-in-aid","1932","129"
"18","Federal grants-in-aid","1933","497"
"18","Federal grants-in-aid","1934","1,628"
"18","Federal grants-in-aid","1935","1,701"
"18","Federal grants-in-aid","1936","719"
"18","Federal grants-in-aid","1937","695"
"18","Federal grants-in-aid","1938","646"
"18","Federal grants-in-aid","1939","867"
"18","Federal grants-in-aid","1940","717"
"18","Federal grants-in-aid","1941","633"
"18","Federal grants-in-aid","1942","748"
"18","Federal grants-in-aid","1943","825"
"18","Federal grants-in-aid","1944","844"
"18","Federal grants-in-aid","1945","772"
"18","Federal grants-in-aid","1946","888"
"18","Federal grants-in-aid","1947","951"
"18","Federal grants-in-aid","1948","1,371"
"18","Federal grants-in-aid","1949","1,798"
"18","Federal grants-in-aid","1950","1,839"
"18","Federal grants-in-aid","1951","1,978"
"18","Federal grants-in-aid","1952","2,083"
"18","Federal grants-in-aid","1953","2,197"
"18","Federal grants-in-aid","1954","2,249"
"18","Federal grants-in-aid","1955","2,316"
"18","Federal grants-in-aid","1956","2,432"
"18","Federal grants-in-aid","1957","2,799"
"18","Federal grants-in-aid","1958","3,209"
"18","Federal grants-in-aid","1959","3,630"
"18","Federal grants-in-aid","1960","3,820"
"18","Federal grants-in-aid","1961","4,282"
"18","Federal grants-in-aid","1962","4,736"
"18","Federal grants-in-aid","1963","5,245"
"18","Federal grants-in-aid","1964","5,953"
"18","Federal grants-in-aid","1965","6,560"
"18","Federal grants-in-aid","1966","9,366"
"18","Federal grants-in-aid","1967","10,934"
"18","Federal grants-in-aid","1968","11,838"
"18","Federal grants-in-aid","1969","13,660"
"18","Federal grants-in-aid","1970","18,342"
"18","Federal grants-in-aid","1971","22,142"
"18","Federal grants-in-aid","1972","30,513"
"18","Federal grants-in-aid","1973","33,489"
"18","Federal grants-in-aid","1974","34,908"
"18","Federal grants-in-aid","1975","43,626"
"18","Federal grants-in-aid","1976","49,077"
"18","Federal grants-in-aid","1977","54,760"
"18","Federal grants-in-aid","1978","63,482"
"18","Federal grants-in-aid","1979","63,980"
"18","Federal grants-in-aid","1980","69,690"
"18","Federal grants-in-aid","1981","69,410"
"18","Federal grants-in-aid","1982","66,261"
"18","Federal grants-in-aid","1983","67,940"
"18","Federal grants-in-aid","1984","72,339"
"18","Federal grants-in-aid","1985","76,169"
"18","Federal grants-in-aid","1986","82,425"
"18","Federal grants-in-aid","1987","78,382"
"18","Federal grants-in-aid","1988","85,736"
"18","Federal grants-in-aid","1989","91,841"
"18","Federal grants-in-aid","1990","104,357"
"18","Federal grants-in-aid","1991","124,022"
"18","Federal grants-in-aid","1992","141,681"
"18","Federal grants-in-aid","1993","155,713"
"18","Federal grants-in-aid","1994","166,849"
"18","Federal grants-in-aid","1995","174,477"
"18","Federal grants-in-aid","1996","181,457"
"18","Federal grants-in-aid","1997","188,142"
"18","Federal grants-in-aid","1998","200,799"
"18","Federal grants-in-aid","1999","219,155"
"18","Federal grants-in-aid","2000","233,106"
"18","Federal grants-in-aid","2001","261,258"
"18","Federal grants-in-aid","2002","288,703"
"18","Federal grants-in-aid","2003","321,705"
"18","Federal grants-in-aid","2004","332,317"
"18","Federal grants-in-aid","2005","343,509"
"18","Federal grants-in-aid","2006","341,016"
"18","Federal grants-in-aid","2007","359,097"
"18","Federal grants-in-aid","2008","371,170"
"18","Federal grants-in-aid","2009","458,120"
"18","Federal grants-in-aid","2010","505,245"
"18","Federal grants-in-aid","2011","472,487"
"18","Federal grants-in-aid","2012","444,446"
"18","Federal grants-in-aid","2013","450,133"
"18","Federal grants-in-aid","2014","495,035"
"18","Federal grants-in-aid","2015","533,072"
"18","Federal grants-in-aid","2016","556,737"
"18","Federal grants-in-aid","2017","560,412"
"18","Federal grants-in-aid","2018","582,569"
"18","Federal grants-in-aid","2019","608,944"
"18","Federal grants-in-aid","2020","878,702"
"18","Federal grants-in-aid","2021","1,110,084"
"18","Federal grants-in-aid","2022","948,260"
"18","Federal grants-in-aid","2023","951,871"
"18","Federal grants-in-aid","2024","961,474"
"18","Federal grants-in-aid","2025","981,103"
"19","From business (net)","1929","57"
"19","From business (net)","1930","59"
"19","From business (net)","1931","62"
"19","From business (net)","1932","65"
"19","From business (net)","1933","62"
"19","From business (net)","1934","60"
"19","From business (net)","1935","63"
"19","From business (net)","1936","63"
"19","From business (net)","1937","67"
"19","From business (net)","1938","68"
"19","From business (net)","1939","67"
"19","From business (net)","1940","69"
"19","From business (net)","1941","68"
"19","From business (net)","1942","75"
"19","From business (net)","1943","69"
"19","From business (net)","1944","74"
"19","From business (net)","1945","75"
"19","From business (net)","1946","56"
"19","From business (net)","1947","61"
"19","From business (net)","1948","79"
"19","From business (net)","1949","89"
"19","From business (net)","1950","114"
"19","From business (net)","1951","122"
"19","From business (net)","1952","136"
"19","From business (net)","1953","144"
"19","From business (net)","1954","172"
"19","From business (net)","1955","170"
"19","From business (net)","1956","184"
"19","From business (net)","1957","193"
"19","From business (net)","1958","221"
"19","From business (net)","1959","107"
"19","From business (net)","1960","169"
"19","From business (net)","1961","228"
"19","From business (net)","1962","226"
"19","From business (net)","1963","255"
"19","From business (net)","1964","258"
"19","From business (net)","1965","335"
"19","From business (net)","1966","308"
"19","From business (net)","1967","457"
"19","From business (net)","1968","484"
"19","From business (net)","1969","530"
"19","From business (net)","1970","560"
"19","From business (net)","1971","598"
"19","From business (net)","1972","682"
"19","From business (net)","1973","880"
"19","From business (net)","1974","1,084"
"19","From business (net)","1975","1,211"
"19","From business (net)","1976","1,365"
"19","From business (net)","1977","1,582"
"19","From business (net)","1978","1,866"
"19","From business (net)","1979","2,169"
"19","From business (net)","1980","2,457"
"19","From business (net)","1981","2,869"
"19","From business (net)","1982","3,249"
"19","From business (net)","1983","3,645"
"19","From business (net)","1984","4,185"
"19","From business (net)","1985","4,399"
"19","From business (net)","1986","6,720"
"19","From business (net)","1987","4,889"
"19","From business (net)","1988","5,381"
"19","From business (net)","1989","6,394"
"19","From business (net)","1990","7,090"
"19","From business (net)","1991","7,949"
"19","From business (net)","1992","9,237"
"19","From business (net)","1993","10,527"
"19","From business (net)","1994","11,955"
"19","From business (net)","1995","13,495"
"19","From business (net)","1996","15,168"
"19","From business (net)","1997","17,687"
"19","From business (net)","1998","21,607"
"19","From business (net)","1999","24,010"
"19","From business (net)","2000","28,562"
"19","From business (net)","2001","29,841"
"19","From business (net)","2002","32,554"
"19","From business (net)","2003","33,839"
"19","From business (net)","2004","36,497"
"19","From business (net)","2005","36,547"
"19","From business (net)","2006","38,029"
"19","From business (net)","2007","39,421"
"19","From business (net)","2008","42,464"
"19","From business (net)","2009","41,666"
"19","From business (net)","2010","40,344"
"19","From business (net)","2011","41,821"
"19","From business (net)","2012","40,402"
"19","From business (net)","2013","46,140"
"19","From business (net)","2014","47,218"
"19","From business (net)","2015","66,239"
"19","From business (net)","2016","55,869"
"19","From business (net)","2017","50,817"
"19","From business (net)","2018","54,540"
"19","From business (net)","2019","56,043"
"19","From business (net)","2020","58,597"
"19","From business (net)","2021","60,593"
"19","From business (net)","2022","69,494"
"19","From business (net)","2023","67,679"
"19","From business (net)","2024","81,947"
"19","From business (net)","2025","74,321"
"20","From persons","1929","311"
"20","From persons","1930","272"
"20","From persons","1931","208"
"20","From persons","1932","182"
"20","From persons","1933","148"
"20","From persons","1934","147"
"20","From persons","1935","144"
"20","From persons","1936","142"
"20","From persons","1937","141"
"20","From persons","1938","144"
"20","From persons","1939","136"
"20","From persons","1940","134"
"20","From persons","1941","135"
"20","From persons","1942","138"
"20","From persons","1943","137"
"20","From persons","1944","140"
"20","From persons","1945","151"
"20","From persons","1946","150"
"20","From persons","1947","179"
"20","From persons","1948","242"
"20","From persons","1949","283"
"20","From persons","1950","282"
"20","From persons","1951","303"
"20","From persons","1952","316"
"20","From persons","1953","346"
"20","From persons","1954","374"
"20","From persons","1955","380"
"20","From persons","1956","433"
"20","From persons","1957","522"
"20","From persons","1958","527"
"20","From persons","1959","276"
"20","From persons","1960","301"
"20","From persons","1961","431"
"20","From persons","1962","491"
"20","From persons","1963","473"
"20","From persons","1964","544"
"20","From persons","1965","526"
"20","From persons","1966","730"
"20","From persons","1967","923"
"20","From persons","1968","997"
"20","From persons","1969","1,067"
"20","From persons","1970","1,193"
"20","From persons","1971","1,390"
"20","From persons","1972","1,651"
"20","From persons","1973","1,707"
"20","From persons","1974","1,953"
"20","From persons","1975","2,368"
"20","From persons","1976","2,872"
"20","From persons","1977","3,298"
"20","From persons","1978","3,673"
"20","From persons","1979","4,143"
"20","From persons","1980","4,720"
"20","From persons","1981","5,692"
"20","From persons","1982","6,366"
"20","From persons","1983","7,150"
"20","From persons","1984","8,140"
"20","From persons","1985","9,230"
"20","From persons","1986","10,641"
"20","From persons","1987","11,165"
"20","From persons","1988","12,017"
"20","From persons","1989","13,407"
"20","From persons","1990","14,939"
"20","From persons","1991","18,688"
"20","From persons","1992","21,892"
"20","From persons","1993","23,527"
"20","From persons","1994","25,249"
"20","From persons","1995","26,474"
"20","From persons","1996","27,762"
"20","From persons","1997","30,279"
"20","From persons","1998","31,090"
"20","From persons","1999","34,233"
"20","From persons","2000","38,024"
"20","From persons","2001","42,040"
"20","From persons","2002","45,626"
"20","From persons","2003","49,469"
"20","From persons","2004","53,744"
"20","From persons","2005","56,508"
"20","From persons","2006","57,928"
"20","From persons","2007","59,669"
"20","From persons","2008","61,476"
"20","From persons","2009","60,534"
"20","From persons","2010","58,782"
"20","From persons","2011","62,156"
"20","From persons","2012","65,276"
"20","From persons","2013","67,365"
"20","From persons","2014","71,696"
"20","From persons","2015","76,389"
"20","From persons","2016","77,289"
"20","From persons","2017","79,808"
"20","From persons","2018","85,153"
"20","From persons","2019","88,718"
"20","From persons","2020","92,650"
"20","From persons","2021","100,981"
"20","From persons","2022","110,038"
"20","From persons","2023","112,044"
"20","From persons","2024","115,704"
"20","From persons","2025","122,036"
"21","From the rest of the world","1999","0"
"21","From the rest of the world","2000","0"
"21","From the rest of the world","2001","0"
"21","From the rest of the world","2002","0"
"21","From the rest of the world","2003","0"
"21","From the rest of the world","2004","0"
"21","From the rest of the world","2005","0"
"21","From the rest of the world","2006","0"
"21","From the rest of the world","2007","0"
"21","From the rest of the world","2008","0"
"21","From the rest of the world","2009","0"
"21","From the rest of the world","2010","0"
"21","From the rest of the world","2011","0"
"21","From the rest of the world","2012","0"
"21","From the rest of the world","2013","99"
"21","From the rest of the world","2014","5,292"
"21","From the rest of the world","2015","574"
"21","From the rest of the world","2016","86"
"21","From the rest of the world","2017","153"
"21","From the rest of the world","2018","1,513"
"21","From the rest of the world","2019","1,557"
"21","From the rest of the world","2020","482"
"21","From the rest of the world","2021","602"
"21","From the rest of the world","2022","7,173"
"21","From the rest of the world","2023","290"
"21","From the rest of the world","2024","323"
"21","From the rest of the world","2025","274"
"22","Current surplus of government enterprises","1929","98"
"22","Current surplus of government enterprises","1930","100"
"22","Current surplus of government enterprises","1931","83"
"22","Current surplus of government enterprises","1932","82"
"22","Current surplus of government enterprises","1933","96"
"22","Current surplus of government enterprises","1934","122"
"22","Current surplus of government enterprises","1935","159"
"22","Current surplus of government enterprises","1936","183"
"22","Current surplus of government enterprises","1937","188"
"22","Current surplus of government enterprises","1938","168"
"22","Current surplus of government enterprises","1939","203"
"22","Current surplus of government enterprises","1940","240"
"22","Current surplus of government enterprises","1941","282"
"22","Current surplus of government enterprises","1942","316"
"22","Current surplus of government enterprises","1943","377"
"22","Current surplus of government enterprises","1944","403"
"22","Current surplus of government enterprises","1945","440"
"22","Current surplus of government enterprises","1946","369"
"22","Current surplus of government enterprises","1947","337"
"22","Current surplus of government enterprises","1948","275"
"22","Current surplus of government enterprises","1949","323"
"22","Current surplus of government enterprises","1950","354"
"22","Current surplus of government enterprises","1951","400"
"22","Current surplus of government enterprises","1952","403"
"22","Current surplus of government enterprises","1953","453"
"22","Current surplus of government enterprises","1954","571"
"22","Current surplus of government enterprises","1955","739"
"22","Current surplus of government enterprises","1956","764"
"22","Current surplus of government enterprises","1957","764"
"22","Current surplus of government enterprises","1958","754"
"22","Current surplus of government enterprises","1959","1,046"
"22","Current surplus of government enterprises","1960","1,163"
"22","Current surplus of government enterprises","1961","1,230"
"22","Current surplus of government enterprises","1962","1,299"
"22","Current surplus of government enterprises","1963","1,530"
"22","Current surplus of government enterprises","1964","1,627"
"22","Current surplus of government enterprises","1965","1,663"
"22","Current surplus of government enterprises","1966","1,582"
"22","Current surplus of government enterprises","1967","1,551"
"22","Current surplus of government enterprises","1968","1,478"
"22","Current surplus of government enterprises","1969","1,426"
"22","Current surplus of government enterprises","1970","1,432"
"22","Current surplus of government enterprises","1971","1,268"
"22","Current surplus of government enterprises","1972","1,441"
"22","Current surplus of government enterprises","1973","1,427"
"22","Current surplus of government enterprises","1974","803"
"22","Current surplus of government enterprises","1975","348"
"22","Current surplus of government enterprises","1976","520"
"22","Current surplus of government enterprises","1977","471"
"22","Current surplus of government enterprises","1978","518"
"22","Current surplus of government enterprises","1979","-30"
"22","Current surplus of government enterprises","1980","-840"
"22","Current surplus of government enterprises","1981","-2,103"
"22","Current surplus of government enterprises","1982","-1,278"
"22","Current surplus of government enterprises","1983","61"
"22","Current surplus of government enterprises","1984","1,818"
"22","Current surplus of government enterprises","1985","3,495"
"22","Current surplus of government enterprises","1986","3,129"
"22","Current surplus of government enterprises","1987","3,247"
"22","Current surplus of government enterprises","1988","4,900"
"22","Current surplus of government enterprises","1989","6,191"
"22","Current surplus of government enterprises","1990","6,060"
"22","Current surplus of government enterprises","1991","6,094"
"22","Current surplus of government enterprises","1992","6,324"
"22","Current surplus of government enterprises","1993","7,975"
"22","Current surplus of government enterprises","1994","8,616"
"22","Current surplus of government enterprises","1995","11,458"
"22","Current surplus of government enterprises","1996","13,294"
"22","Current surplus of government enterprises","1997","11,505"
"22","Current surplus of government enterprises","1998","9,323"
"22","Current surplus of government enterprises","1999","9,626"
"22","Current surplus of government enterprises","2000","6,136"
"22","Current surplus of government enterprises","2001","2,860"
"22","Current surplus of government enterprises","2002","762"
"22","Current surplus of government enterprises","2003","-1,510"
"22","Current surplus of government enterprises","2004","-4,767"
"22","Current surplus of government enterprises","2005","-5,477"
"22","Current surplus of government enterprises","2006","-8,878"
"22","Current surplus of government enterprises","2007","-16,296"
"22","Current surplus of government enterprises","2008","-19,325"
"22","Current surplus of government enterprises","2009","-17,018"
"22","Current surplus of government enterprises","2010","-17,684"
"22","Current surplus of government enterprises","2011","-13,105"
"22","Current surplus of government enterprises","2012","-7,635"
"22","Current surplus of government enterprises","2013","-5,841"
"22","Current surplus of government enterprises","2014","-3,851"
"22","Current surplus of government enterprises","2015","-1,913"
"22","Current surplus of government enterprises","2016","-2,843"
"22","Current surplus of government enterprises","2017","-7,333"
"22","Current surplus of government enterprises","2018","-7,910"
"22","Current surplus of government enterprises","2019","-13,507"
"22","Current surplus of government enterprises","2020","-8,340"
"22","Current surplus of government enterprises","2021","-18,351"
"22","Current surplus of government enterprises","2022","-20,156"
"22","Current surplus of government enterprises","2023","-44,130"
"22","Current surplus of government enterprises","2024","-45,637"
"22","Current surplus of government enterprises","2025","-51,312"
"23","Current expenditures","1929","5,761"
"23","Current expenditures","1930","6,146"
"23","Current expenditures","1931","6,401"
"23","Current expenditures","1932","6,309"
"23","Current expenditures","1933","6,486"
"23","Current expenditures","1934","7,039"
"23","Current expenditures","1935","7,688"
"23","Current expenditures","1936","6,114"
"23","Current expenditures","1937","6,810"
"23","Current expenditures","1938","7,012"
"23","Current expenditures","1939","7,346"
"23","Current expenditures","1940","7,763"
"23","Current expenditures","1941","8,226"
"23","Current expenditures","1942","8,900"
"23","Current expenditures","1943","9,309"
"23","Current expenditures","1944","9,490"
"23","Current expenditures","1945","9,965"
"23","Current expenditures","1946","11,685"
"23","Current expenditures","1947","14,113"
"23","Current expenditures","1948","16,274"
"23","Current expenditures","1949","17,676"
"23","Current expenditures","1950","19,502"
"23","Current expenditures","1951","20,225"
"23","Current expenditures","1952","21,658"
"23","Current expenditures","1953","22,999"
"23","Current expenditures","1954","24,702"
"23","Current expenditures","1955","26,996"
"23","Current expenditures","1956","29,173"
"23","Current expenditures","1957","32,132"
"23","Current expenditures","1958","35,684"
"23","Current expenditures","1959","38,340"
"23","Current expenditures","1960","41,674"
"23","Current expenditures","1961","45,537"
"23","Current expenditures","1962","48,565"
"23","Current expenditures","1963","52,258"
"23","Current expenditures","1964","56,828"
"23","Current expenditures","1965","62,230"
"23","Current expenditures","1966","69,467"
"23","Current expenditures","1967","77,707"
"23","Current expenditures","1968","89,144"
"23","Current expenditures","1969","101,385"
"23","Current expenditures","1970","117,619"
"23","Current expenditures","1971","135,031"
"23","Current expenditures","1972","151,041"
"23","Current expenditures","1973","167,445"
"23","Current expenditures","1974","188,970"
"23","Current expenditures","1975","218,744"
"23","Current expenditures","1976","236,616"
"23","Current expenditures","1977","257,773"
"23","Current expenditures","1978","280,929"
"23","Current expenditures","1979","307,518"
"23","Current expenditures","1980","341,811"
"23","Current expenditures","1981","377,640"
"23","Current expenditures","1982","411,278"
"23","Current expenditures","1983","443,714"
"23","Current expenditures","1984","476,308"
"23","Current expenditures","1985","519,884"
"23","Current expenditures","1986","561,347"
"23","Current expenditures","1987","599,896"
"23","Current expenditures","1988","641,669"
"23","Current expenditures","1989","700,705"
"23","Current expenditures","1990","766,321"
"23","Current expenditures","1991","839,981"
"23","Current expenditures","1992","907,036"
"23","Current expenditures","1993","950,427"
"23","Current expenditures","1994","999,065"
"23","Current expenditures","1995","1,051,396"
"23","Current expenditures","1996","1,087,491"
"23","Current expenditures","1997","1,128,665"
"23","Current expenditures","1998","1,179,713"
"23","Current expenditures","1999","1,261,779"
"23","Current expenditures","2000","1,344,959"
"23","Current expenditures","2001","1,473,097"
"23","Current expenditures","2002","1,569,770"
"23","Current expenditures","2003","1,652,245"
"23","Current expenditures","2004","1,728,188"
"23","Current expenditures","2005","1,820,311"
"23","Current expenditures","2006","1,900,356"
"23","Current expenditures","2007","2,030,711"
"23","Current expenditures","2008","2,136,154"
"23","Current expenditures","2009","2,256,873"
"23","Current expenditures","2010","2,300,603"
"23","Current expenditures","2011","2,304,212"
"23","Current expenditures","2012","2,338,054"
"23","Current expenditures","2013","2,409,390"
"23","Current expenditures","2014","2,492,288"
"23","Current expenditures","2015","2,586,773"
"23","Current expenditures","2016","2,667,419"
"23","Current expenditures","2017","2,738,369"
"23","Current expenditures","2018","2,843,030"
"23","Current expenditures","2019","2,994,264"
"23","Current expenditures","2020","3,130,191"
"23","Current expenditures","2021","3,340,804"
"23","Current expenditures","2022","3,596,186"
"23","Current expenditures","2023","3,772,730"
"23","Current expenditures","2024","3,969,565"
"23","Current expenditures","2025","4,155,066"
"24","Consumption expenditures","1929","5,043"
"24","Consumption expenditures","1930","5,318"
"24","Consumption expenditures","1931","5,421"
"24","Consumption expenditures","1932","5,143"
"24","Consumption expenditures","1933","5,063"
"24","Consumption expenditures","1934","5,465"
"24","Consumption expenditures","1935","5,947"
"24","Consumption expenditures","1936","4,685"
"24","Consumption expenditures","1937","5,227"
"24","Consumption expenditures","1938","5,248"
"24","Consumption expenditures","1939","5,519"
"24","Consumption expenditures","1940","5,926"
"24","Consumption expenditures","1941","6,448"
"24","Consumption expenditures","1942","7,166"
"24","Consumption expenditures","1943","7,627"
"24","Consumption expenditures","1944","7,818"
"24","Consumption expenditures","1945","8,323"
"24","Consumption expenditures","1946","9,412"
"24","Consumption expenditures","1947","11,202"
"24","Consumption expenditures","1948","12,645"
"24","Consumption expenditures","1949","13,988"
"24","Consumption expenditures","1950","15,172"
"24","Consumption expenditures","1951","16,318"
"24","Consumption expenditures","1952","17,370"
"24","Consumption expenditures","1953","18,495"
"24","Consumption expenditures","1954","19,918"
"24","Consumption expenditures","1955","21,798"
"24","Consumption expenditures","1956","23,681"
"24","Consumption expenditures","1957","26,054"
"24","Consumption expenditures","1958","28,934"
"24","Consumption expenditures","1959","30,793"
"24","Consumption expenditures","1960","33,539"
"24","Consumption expenditures","1961","36,606"
"24","Consumption expenditures","1962","38,672"
"24","Consumption expenditures","1963","41,549"
"24","Consumption expenditures","1964","45,233"
"24","Consumption expenditures","1965","49,693"
"24","Consumption expenditures","1966","55,391"
"24","Consumption expenditures","1967","61,291"
"24","Consumption expenditures","1968","69,435"
"24","Consumption expenditures","1969","78,973"
"24","Consumption expenditures","1970","90,441"
"24","Consumption expenditures","1971","102,279"
"24","Consumption expenditures","1972","113,202"
"24","Consumption expenditures","1973","124,592"
"24","Consumption expenditures","1974","142,036"
"24","Consumption expenditures","1975","162,848"
"24","Consumption expenditures","1976","174,462"
"24","Consumption expenditures","1977","190,033"
"24","Consumption expenditures","1978","206,590"
"24","Consumption expenditures","1979","225,872"
"24","Consumption expenditures","1980","249,029"
"24","Consumption expenditures","1981","273,485"
"24","Consumption expenditures","1982","296,144"
"24","Consumption expenditures","1983","315,373"
"24","Consumption expenditures","1984","338,518"
"24","Consumption expenditures","1985","370,260"
"24","Consumption expenditures","1986","398,218"
"24","Consumption expenditures","1987","426,551"
"24","Consumption expenditures","1988","457,004"
"24","Consumption expenditures","1989","498,544"
"24","Consumption expenditures","1990","544,016"
"24","Consumption expenditures","1991","578,720"
"24","Consumption expenditures","1992","616,324"
"24","Consumption expenditures","1993","643,551"
"24","Consumption expenditures","1994","678,778"
"24","Consumption expenditures","1995","712,770"
"24","Consumption expenditures","1996","743,529"
"24","Consumption expenditures","1997","780,960"
"24","Consumption expenditures","1998","829,769"
"24","Consumption expenditures","1999","895,563"
"24","Consumption expenditures","2000","961,907"
"24","Consumption expenditures","2001","1,031,782"
"24","Consumption expenditures","2002","1,084,873"
"24","Consumption expenditures","2003","1,114,772"
"24","Consumption expenditures","2004","1,168,216"
"24","Consumption expenditures","2005","1,236,253"
"24","Consumption expenditures","2006","1,307,406"
"24","Consumption expenditures","2007","1,397,545"
"24","Consumption expenditures","2008","1,473,169"
"24","Consumption expenditures","2009","1,495,266"
"24","Consumption expenditures","2010","1,508,139"
"24","Consumption expenditures","2011","1,507,213"
"24","Consumption expenditures","2012","1,515,719"
"24","Consumption expenditures","2013","1,574,317"
"24","Consumption expenditures","2014","1,611,989"
"24","Consumption expenditures","2015","1,652,241"
"24","Consumption expenditures","2016","1,691,058"
"24","Consumption expenditures","2017","1,737,213"
"24","Consumption expenditures","2018","1,825,314"
"24","Consumption expenditures","2019","1,924,814"
"24","Consumption expenditures","2020","2,021,409"
"24","Consumption expenditures","2021","2,152,771"
"24","Consumption expenditures","2022","2,332,963"
"24","Consumption expenditures","2023","2,426,184"
"24","Consumption expenditures","2024","2,550,362"
"24","Consumption expenditures","2025","2,669,306"
"25","Current transfer payments","1929","146"
"25","Current transfer payments","1930","186"
"25","Current transfer payments","1931","263"
"25","Current transfer payments","1932","407"
"25","Current transfer payments","1933","649"
"25","Current transfer payments","1934","834"
"25","Current transfer payments","1935","1,045"
"25","Current transfer payments","1936","725"
"25","Current transfer payments","1937","879"
"25","Current transfer payments","1938","1,058"
"25","Current transfer payments","1939","1,115"
"25","Current transfer payments","1940","1,099"
"25","Current transfer payments","1941","1,067"
"25","Current transfer payments","1942","1,035"
"25","Current transfer payments","1943","1,010"
"25","Current transfer payments","1944","1,023"
"25","Current transfer payments","1945","1,088"
"25","Current transfer payments","1946","1,468"
"25","Current transfer payments","1947","2,045"
"25","Current transfer payments","1948","2,695"
"25","Current transfer payments","1949","2,657"
"25","Current transfer payments","1950","3,190"
"25","Current transfer payments","1951","2,644"
"25","Current transfer payments","1952","2,913"
"25","Current transfer payments","1953","2,972"
"25","Current transfer payments","1954","3,067"
"25","Current transfer payments","1955","3,252"
"25","Current transfer payments","1956","3,292"
"25","Current transfer payments","1957","3,601"
"25","Current transfer payments","1958","4,035"
"25","Current transfer payments","1959","4,339"
"25","Current transfer payments","1960","4,561"
"25","Current transfer payments","1961","4,982"
"25","Current transfer payments","1962","5,340"
"25","Current transfer payments","1963","5,697"
"25","Current transfer payments","1964","6,154"
"25","Current transfer payments","1965","6,651"
"25","Current transfer payments","1966","7,621"
"25","Current transfer payments","1967","9,232"
"25","Current transfer payments","1968","11,446"
"25","Current transfer payments","1969","13,217"
"25","Current transfer payments","1970","16,101"
"25","Current transfer payments","1971","19,332"
"25","Current transfer payments","1972","21,953"
"25","Current transfer payments","1973","24,084"
"25","Current transfer payments","1974","25,276"
"25","Current transfer payments","1975","30,802"
"25","Current transfer payments","1976","34,138"
"25","Current transfer payments","1977","37,039"
"25","Current transfer payments","1978","40,767"
"25","Current transfer payments","1979","44,316"
"25","Current transfer payments","1980","51,201"
"25","Current transfer payments","1981","57,090"
"25","Current transfer payments","1982","61,197"
"25","Current transfer payments","1983","66,906"
"25","Current transfer payments","1984","71,169"
"25","Current transfer payments","1985","77,260"
"25","Current transfer payments","1986","84,344"
"25","Current transfer payments","1987","90,726"
"25","Current transfer payments","1988","98,501"
"25","Current transfer payments","1989","109,348"
"25","Current transfer payments","1990","127,655"
"25","Current transfer payments","1991","156,517"
"25","Current transfer payments","1992","179,996"
"25","Current transfer payments","1993","195,210"
"25","Current transfer payments","1994","206,707"
"25","Current transfer payments","1995","217,636"
"25","Current transfer payments","1996","224,255"
"25","Current transfer payments","1997","227,558"
"25","Current transfer payments","1998","235,779"
"25","Current transfer payments","1999","252,349"
"25","Current transfer payments","2000","271,434"
"25","Current transfer payments","2001","305,070"
"25","Current transfer payments","2002","333,026"
"25","Current transfer payments","2003","353,524"
"25","Current transfer payments","2004","384,968"
"25","Current transfer payments","2005","406,543"
"25","Current transfer payments","2006","403,920"
"25","Current transfer payments","2007","433,995"
"25","Current transfer payments","2008","456,110"
"25","Current transfer payments","2009","493,179"
"25","Current transfer payments","2010","523,926"
"25","Current transfer payments","2011","530,685"
"25","Current transfer payments","2012","540,752"
"25","Current transfer payments","2013","564,382"
"25","Current transfer payments","2014","617,541"
"25","Current transfer payments","2015","665,280"
"25","Current transfer payments","2016","693,059"
"25","Current transfer payments","2017","709,653"
"25","Current transfer payments","2018","731,121"
"25","Current transfer payments","2019","762,733"
"25","Current transfer payments","2020","815,731"
"25","Current transfer payments","2021","907,673"
"25","Current transfer payments","2022","1,020,036"
"25","Current transfer payments","2023","1,065,795"
"25","Current transfer payments","2024","1,139,998"
"25","Current transfer payments","2025","1,214,798"
"26","Government social benefit payments to persons","1929","146"
"26","Government social benefit payments to persons","1930","186"
"26","Government social benefit payments to persons","1931","263"
"26","Government social benefit payments to persons","1932","407"
"26","Government social benefit payments to persons","1933","649"
"26","Government social benefit payments to persons","1934","834"
"26","Government social benefit payments to persons","1935","1,045"
"26","Government social benefit payments to persons","1936","725"
"26","Government social benefit payments to persons","1937","879"
"26","Government social benefit payments to persons","1938","1,058"
"26","Government social benefit payments to persons","1939","1,115"
"26","Government social benefit payments to persons","1940","1,099"
"26","Government social benefit payments to persons","1941","1,067"
"26","Government social benefit payments to persons","1942","1,035"
"26","Government social benefit payments to persons","1943","1,010"
"26","Government social benefit payments to persons","1944","1,023"
"26","Government social benefit payments to persons","1945","1,088"
"26","Government social benefit payments to persons","1946","1,468"
"26","Government social benefit payments to persons","1947","2,045"
"26","Government social benefit payments to persons","1948","2,695"
"26","Government social benefit payments to persons","1949","2,657"
"26","Government social benefit payments to persons","1950","3,190"
"26","Government social benefit payments to persons","1951","2,644"
"26","Government social benefit payments to persons","1952","2,913"
"26","Government social benefit payments to persons","1953","2,972"
"26","Government social benefit payments to persons","1954","3,067"
"26","Government social benefit payments to persons","1955","3,252"
"26","Government social benefit payments to persons","1956","3,292"
"26","Government social benefit payments to persons","1957","3,601"
"26","Government social benefit payments to persons","1958","4,035"
"26","Government social benefit payments to persons","1959","4,339"
"26","Government social benefit payments to persons","1960","4,561"
"26","Government social benefit payments to persons","1961","4,982"
"26","Government social benefit payments to persons","1962","5,340"
"26","Government social benefit payments to persons","1963","5,697"
"26","Government social benefit payments to persons","1964","6,154"
"26","Government social benefit payments to persons","1965","6,651"
"26","Government social benefit payments to persons","1966","7,621"
"26","Government social benefit payments to persons","1967","9,232"
"26","Government social benefit payments to persons","1968","11,446"
"26","Government social benefit payments to persons","1969","13,217"
"26","Government social benefit payments to persons","1970","16,101"
"26","Government social benefit payments to persons","1971","19,332"
"26","Government social benefit payments to persons","1972","21,953"
"26","Government social benefit payments to persons","1973","24,084"
"26","Government social benefit payments to persons","1974","25,276"
"26","Government social benefit payments to persons","1975","30,802"
"26","Government social benefit payments to persons","1976","34,138"
"26","Government social benefit payments to persons","1977","37,039"
"26","Government social benefit payments to persons","1978","40,767"
"26","Government social benefit payments to persons","1979","44,316"
"26","Government social benefit payments to persons","1980","51,201"
"26","Government social benefit payments to persons","1981","57,090"
"26","Government social benefit payments to persons","1982","61,197"
"26","Government social benefit payments to persons","1983","66,906"
"26","Government social benefit payments to persons","1984","71,169"
"26","Government social benefit payments to persons","1985","77,260"
"26","Government social benefit payments to persons","1986","84,344"
"26","Government social benefit payments to persons","1987","90,726"
"26","Government social benefit payments to persons","1988","98,501"
"26","Government social benefit payments to persons","1989","109,348"
"26","Government social benefit payments to persons","1990","127,655"
"26","Government social benefit payments to persons","1991","156,517"
"26","Government social benefit payments to persons","1992","179,996"
"26","Government social benefit payments to persons","1993","195,210"
"26","Government social benefit payments to persons","1994","206,707"
"26","Government social benefit payments to persons","1995","217,636"
"26","Government social benefit payments to persons","1996","224,255"
"26","Government social benefit payments to persons","1997","227,558"
"26","Government social benefit payments to persons","1998","235,779"
"26","Government social benefit payments to persons","1999","252,349"
"26","Government social benefit payments to persons","2000","271,434"
"26","Government social benefit payments to persons","2001","305,070"
"26","Government social benefit payments to persons","2002","333,026"
"26","Government social benefit payments to persons","2003","353,524"
"26","Government social benefit payments to persons","2004","384,968"
"26","Government social benefit payments to persons","2005","406,543"
"26","Government social benefit payments to persons","2006","403,920"
"26","Government social benefit payments to persons","2007","433,995"
"26","Government social benefit payments to persons","2008","456,110"
"26","Government social benefit payments to persons","2009","493,179"
"26","Government social benefit payments to persons","2010","523,926"
"26","Government social benefit payments to persons","2011","530,685"
"26","Government social benefit payments to persons","2012","540,752"
"26","Government social benefit payments to persons","2013","564,382"
"26","Government social benefit payments to persons","2014","617,541"
"26","Government social benefit payments to persons","2015","665,280"
"26","Government social benefit payments to persons","2016","693,059"
"26","Government social benefit payments to persons","2017","709,653"
"26","Government social benefit payments to persons","2018","731,121"
"26","Government social benefit payments to persons","2019","762,733"
"26","Government social benefit payments to persons","2020","815,731"
"26","Government social benefit payments to persons","2021","907,673"
"26","Government social benefit payments to persons","2022","1,020,036"
"26","Government social benefit payments to persons","2023","1,065,795"
"26","Government social benefit payments to persons","2024","1,139,998"
"26","Government social benefit payments to persons","2025","1,214,798"
"27","Current transfer payments to the rest of the world","1999","0"
"27","Current transfer payments to the rest of the world","2000","0"
"27","Current transfer payments to the rest of the world","2001","0"
"27","Current transfer payments to the rest of the world","2002","0"
"27","Current transfer payments to the rest of the world","2003","0"
"27","Current transfer payments to the rest of the world","2004","0"
"27","Current transfer payments to the rest of the world","2005","0"
"27","Current transfer payments to the rest of the world","2006","0"
"27","Current transfer payments to the rest of the world","2007","0"
"27","Current transfer payments to the rest of the world","2008","0"
"27","Current transfer payments to the rest of the world","2009","0"
"27","Current transfer payments to the rest of the world","2010","0"
"27","Current transfer payments to the rest of the world","2011","0"
"27","Current transfer payments to the rest of the world","2012","0"
"27","Current transfer payments to the rest of the world","2013","0"
"27","Current transfer payments to the rest of the world","2014","0"
"27","Current transfer payments to the rest of the world","2015","0"
"27","Current transfer payments to the rest of the world","2016","0"
"27","Current transfer payments to the rest of the world","2017","0"
"27","Current transfer payments to the rest of the world","2018","0"
"27","Current transfer payments to the rest of the world","2019","0"
"27","Current transfer payments to the rest of the world","2020","0"
"27","Current transfer payments to the rest of the world","2021","0"
"27","Current transfer payments to the rest of the world","2022","0"
"27","Current transfer payments to the rest of the world","2023","0"
"27","Current transfer payments to the rest of the world","2024","0"
"27","Current transfer payments to the rest of the world","2025","0"
"28","Interest payments","1929","572"
"28","Interest payments","1930","642"
"28","Interest payments","1931","717"
"28","Interest payments","1932","759"
"28","Interest payments","1933","773"
"28","Interest payments","1934","740"
"28","Interest payments","1935","695"
"28","Interest payments","1936","704"
"28","Interest payments","1937","704"
"28","Interest payments","1938","706"
"28","Interest payments","1939","711"
"28","Interest payments","1940","737"
"28","Interest payments","1941","711"
"28","Interest payments","1942","699"
"28","Interest payments","1943","672"
"28","Interest payments","1944","649"
"28","Interest payments","1945","554"
"28","Interest payments","1946","805"
"28","Interest payments","1947","866"
"28","Interest payments","1948","934"
"28","Interest payments","1949","1,031"
"28","Interest payments","1950","1,140"
"28","Interest payments","1951","1,263"
"28","Interest payments","1952","1,375"
"28","Interest payments","1953","1,532"
"28","Interest payments","1954","1,718"
"28","Interest payments","1955","1,946"
"28","Interest payments","1956","2,200"
"28","Interest payments","1957","2,477"
"28","Interest payments","1958","2,716"
"28","Interest payments","1959","3,208"
"28","Interest payments","1960","3,575"
"28","Interest payments","1961","3,949"
"28","Interest payments","1962","4,553"
"28","Interest payments","1963","5,001"
"28","Interest payments","1964","5,431"
"28","Interest payments","1965","5,868"
"28","Interest payments","1966","6,432"
"28","Interest payments","1967","7,159"
"28","Interest payments","1968","8,236"
"28","Interest payments","1969","9,170"
"28","Interest payments","1970","11,053"
"28","Interest payments","1971","13,386"
"28","Interest payments","1972","15,834"
"28","Interest payments","1973","18,689"
"28","Interest payments","1974","21,542"
"28","Interest payments","1975","24,936"
"28","Interest payments","1976","27,828"
"28","Interest payments","1977","30,492"
"28","Interest payments","1978","33,334"
"28","Interest payments","1979","37,004"
"28","Interest payments","1980","41,227"
"28","Interest payments","1981","46,664"
"28","Interest payments","1982","53,484"
"28","Interest payments","1983","60,994"
"28","Interest payments","1984","66,237"
"28","Interest payments","1985","72,037"
"28","Interest payments","1986","78,479"
"28","Interest payments","1987","82,344"
"28","Interest payments","1988","85,812"
"28","Interest payments","1989","92,437"
"28","Interest payments","1990","94,277"
"28","Interest payments","1991","104,333"
"28","Interest payments","1992","110,329"
"28","Interest payments","1993","111,304"
"28","Interest payments","1994","113,240"
"28","Interest payments","1995","120,680"
"28","Interest payments","1996","119,376"
"28","Interest payments","1997","119,711"
"28","Interest payments","1998","113,719"
"28","Interest payments","1999","113,439"
"28","Interest payments","2000","111,084"
"28","Interest payments","2001","128,592"
"28","Interest payments","2002","150,953"
"28","Interest payments","2003","183,865"
"28","Interest payments","2004","174,636"
"28","Interest payments","2005","177,143"
"28","Interest payments","2006","188,657"
"28","Interest payments","2007","192,039"
"28","Interest payments","2008","203,906"
"28","Interest payments","2009","267,021"
"28","Interest payments","2010","266,971"
"28","Interest payments","2011","265,766"
"28","Interest payments","2012","281,123"
"28","Interest payments","2013","270,215"
"28","Interest payments","2014","262,263"
"28","Interest payments","2015","268,738"
"28","Interest payments","2016","282,769"
"28","Interest payments","2017","290,949"
"28","Interest payments","2018","286,018"
"28","Interest payments","2019","306,117"
"28","Interest payments","2020","292,428"
"28","Interest payments","2021","277,245"
"28","Interest payments","2022","242,519"
"28","Interest payments","2023","280,059"
"28","Interest payments","2024","278,491"
"28","Interest payments","2025","270,236"
"29","To persons and business","1929","572"
"29","To persons and business","1930","642"
"29","To persons and business","1931","717"
"29","To persons and business","1932","759"
"29","To persons and business","1933","773"
"29","To persons and business","1934","740"
"29","To persons and business","1935","695"
"29","To persons and business","1936","704"
"29","To persons and business","1937","704"
"29","To persons and business","1938","706"
"29","To persons and business","1939","711"
"29","To persons and business","1940","737"
"29","To persons and business","1941","711"
"29","To persons and business","1942","699"
"29","To persons and business","1943","672"
"29","To persons and business","1944","649"
"29","To persons and business","1945","554"
"29","To persons and business","1946","805"
"29","To persons and business","1947","866"
"29","To persons and business","1948","934"
"29","To persons and business","1949","1,031"
"29","To persons and business","1950","1,140"
"29","To persons and business","1951","1,263"
"29","To persons and business","1952","1,375"
"29","To persons and business","1953","1,532"
"29","To persons and business","1954","1,718"
"29","To persons and business","1955","1,946"
"29","To persons and business","1956","2,200"
"29","To persons and business","1957","2,477"
"29","To persons and business","1958","2,716"
"29","To persons and business","1959","3,208"
"29","To persons and business","1960","3,575"
"29","To persons and business","1961","3,949"
"29","To persons and business","1962","4,553"
"29","To persons and business","1963","5,001"
"29","To persons and business","1964","5,431"
"29","To persons and business","1965","5,868"
"29","To persons and business","1966","6,432"
"29","To persons and business","1967","7,159"
"29","To persons and business","1968","8,236"
"29","To persons and business","1969","9,170"
"29","To persons and business","1970","11,053"
"29","To persons and business","1971","13,386"
"29","To persons and business","1972","15,834"
"29","To persons and business","1973","18,689"
"29","To persons and business","1974","21,542"
"29","To persons and business","1975","24,936"
"29","To persons and business","1976","27,828"
"29","To persons and business","1977","30,492"
"29","To persons and business","1978","33,334"
"29","To persons and business","1979","37,004"
"29","To persons and business","1980","41,227"
"29","To persons and business","1981","46,664"
"29","To persons and business","1982","53,484"
"29","To persons and business","1983","60,994"
"29","To persons and business","1984","66,237"
"29","To persons and business","1985","72,037"
"29","To persons and business","1986","78,479"
"29","To persons and business","1987","82,344"
"29","To persons and business","1988","85,812"
"29","To persons and business","1989","92,437"
"29","To persons and business","1990","94,277"
"29","To persons and business","1991","104,333"
"29","To persons and business","1992","110,329"
"29","To persons and business","1993","111,304"
"29","To persons and business","1994","113,240"
"29","To persons and business","1995","120,680"
"29","To persons and business","1996","119,376"
"29","To persons and business","1997","119,711"
"29","To persons and business","1998","113,719"
"29","To persons and business","1999","113,439"
"29","To persons and business","2000","111,084"
"29","To persons and business","2001","128,592"
"29","To persons and business","2002","150,953"
"29","To persons and business","2003","183,865"
"29","To persons and business","2004","174,636"
"29","To persons and business","2005","177,143"
"29","To persons and business","2006","188,657"
"29","To persons and business","2007","192,039"
"29","To persons and business","2008","200,911"
"29","To persons and business","2009","264,479"
"29","To persons and business","2010","264,654"
"29","To persons and business","2011","263,200"
"29","To persons and business","2012","278,303"
"29","To persons and business","2013","267,665"
"29","To persons and business","2014","259,732"
"29","To persons and business","2015","266,237"
"29","To persons and business","2016","279,846"
"29","To persons and business","2017","287,721"
"29","To persons and business","2018","282,344"
"29","To persons and business","2019","302,367"
"29","To persons and business","2020","288,731"
"29","To persons and business","2021","273,683"
"29","To persons and business","2022","238,814"
"29","To persons and business","2023","276,405"
"29","To persons and business","2024","274,608"
"29","To persons and business","2025","266,697"
"30","To the rest of the world","2008","2,995"
"30","To the rest of the world","2009","2,541"
"30","To the rest of the world","2010","2,317"
"30","To the rest of the world","2011","2,566"
"30","To the rest of the world","2012","2,820"
"30","To the rest of the world","2013","2,550"
"30","To the rest of the world","2014","2,531"
"30","To the rest of the world","2015","2,501"
"30","To the rest of the world","2016","2,923"
"30","To the rest of the world","2017","3,228"
"30","To the rest of the world","2018","3,674"
"30","To the rest of the world","2019","3,751"
"30","To the rest of the world","2020","3,697"
"30","To the rest of the world","2021","3,562"
"30","To the rest of the world","2022","3,706"
"30","To the rest of the world","2023","3,654"
"30","To the rest of the world","2024","3,883"
"30","To the rest of the world","2025","3,539"
"31","Subsidies","1959","0"
"31","Subsidies","1960","0"
"31","Subsidies","1961","0"
"31","Subsidies","1962","0"
"31","Subsidies","1963","12"
"31","Subsidies","1964","10"
"31","Subsidies","1965","18"
"31","Subsidies","1966","24"
"31","Subsidies","1967","26"
"31","Subsidies","1968","27"
"31","Subsidies","1969","25"
"31","Subsidies","1970","24"
"31","Subsidies","1971","34"
"31","Subsidies","1972","53"
"31","Subsidies","1973","81"
"31","Subsidies","1974","116"
"31","Subsidies","1975","158"
"31","Subsidies","1976","189"
"31","Subsidies","1977","210"
"31","Subsidies","1978","239"
"31","Subsidies","1979","327"
"31","Subsidies","1980","354"
"31","Subsidies","1981","402"
"31","Subsidies","1982","454"
"31","Subsidies","1983","442"
"31","Subsidies","1984","385"
"31","Subsidies","1985","327"
"31","Subsidies","1986","306"
"31","Subsidies","1987","275"
"31","Subsidies","1988","352"
"31","Subsidies","1989","376"
"31","Subsidies","1990","374"
"31","Subsidies","1991","412"
"31","Subsidies","1992","388"
"31","Subsidies","1993","363"
"31","Subsidies","1994","340"
"31","Subsidies","1995","310"
"31","Subsidies","1996","331"
"31","Subsidies","1997","436"
"31","Subsidies","1998","446"
"31","Subsidies","1999","429"
"31","Subsidies","2000","534"
"31","Subsidies","2001","7,653"
"31","Subsidies","2002","918"
"31","Subsidies","2003","84"
"31","Subsidies","2004","369"
"31","Subsidies","2005","372"
"31","Subsidies","2006","373"
"31","Subsidies","2007","7,132"
"31","Subsidies","2008","2,969"
"31","Subsidies","2009","1,407"
"31","Subsidies","2010","1,566"
"31","Subsidies","2011","546"
"31","Subsidies","2012","458"
"31","Subsidies","2013","476"
"31","Subsidies","2014","494"
"31","Subsidies","2015","514"
"31","Subsidies","2016","534"
"31","Subsidies","2017","555"
"31","Subsidies","2018","577"
"31","Subsidies","2019","599"
"31","Subsidies","2020","623"
"31","Subsidies","2021","3,116"
"31","Subsidies","2022","668"
"31","Subsidies","2023","692"
"31","Subsidies","2024","713"
"31","Subsidies","2025","727"
"32","Net state and local government saving","1929","1,301"
"32","Net state and local government saving","1930","1,115"
"32","Net state and local government saving","1931","737"
"32","Net state and local government saving","1932","449"
"32","Net state and local government saving","1933","186"
"32","Net state and local government saving","1934","1,049"
"32","Net state and local government saving","1935","968"
"32","Net state and local government saving","1936","2,073"
"32","Net state and local government saving","1937","1,758"
"32","Net state and local government saving","1938","1,657"
"32","Net state and local government saving","1939","1,702"
"32","Net state and local government saving","1940","1,606"
"32","Net state and local government saving","1941","1,543"
"32","Net state and local government saving","1942","1,118"
"32","Net state and local government saving","1943","1,039"
"32","Net state and local government saving","1944","1,121"
"32","Net state and local government saving","1945","1,084"
"32","Net state and local government saving","1946","802"
"32","Net state and local government saving","1947","63"
"32","Net state and local government saving","1948","71"
"32","Net state and local government saving","1949","500"
"32","Net state and local government saving","1950","313"
"32","Net state and local government saving","1951","1,600"
"32","Net state and local government saving","1952","1,877"
"32","Net state and local government saving","1953","2,330"
"32","Net state and local government saving","1954","2,038"
"32","Net state and local government saving","1955","2,182"
"32","Net state and local government saving","1956","2,986"
"32","Net state and local government saving","1957","2,652"
"32","Net state and local government saving","1958","1,179"
"32","Net state and local government saving","1959","2,090"
"32","Net state and local government saving","1960","2,517"
"32","Net state and local government saving","1961","2,196"
"32","Net state and local government saving","1962","3,052"
"32","Net state and local government saving","1963","3,278"
"32","Net state and local government saving","1964","3,920"
"32","Net state and local government saving","1965","3,665"
"32","Net state and local government saving","1966","4,726"
"32","Net state and local government saving","1967","4,009"
"32","Net state and local government saving","1968","3,468"
"32","Net state and local government saving","1969","3,124"
"32","Net state and local government saving","1970","1,443"
"32","Net state and local government saving","1971","-1,285"
"32","Net state and local government saving","1972","6,072"
"32","Net state and local government saving","1973","5,586"
"32","Net state and local government saving","1974","-2,324"
"32","Net state and local government saving","1975","-10,725"
"32","Net state and local government saving","1976","-4,442"
"32","Net state and local government saving","1977","514"
"32","Net state and local government saving","1978","4,852"
"32","Net state and local government saving","1979","-1,219"
"32","Net state and local government saving","1980","-5,921"
"32","Net state and local government saving","1981","-10,166"
"32","Net state and local government saving","1982","-22,760"
"32","Net state and local government saving","1983","-18,437"
"32","Net state and local government saving","1984","-180"
"32","Net state and local government saving","1985","-2,406"
"32","Net state and local government saving","1986","-3,973"
"32","Net state and local government saving","1987","-14,364"
"32","Net state and local government saving","1988","-11,298"
"32","Net state and local government saving","1989","-19,341"
"32","Net state and local government saving","1990","-36,272"
"32","Net state and local government saving","1991","-60,139"
"32","Net state and local government saving","1992","-71,069"
"32","Net state and local government saving","1993","-72,614"
"32","Net state and local government saving","1994","-64,237"
"32","Net state and local government saving","1995","-70,837"
"32","Net state and local government saving","1996","-54,230"
"32","Net state and local government saving","1997","-42,437"
"32","Net state and local government saving","1998","-30,721"
"32","Net state and local government saving","1999","-39,656"
"32","Net state and local government saving","2000","-41,474"
"32","Net state and local government saving","2001","-119,787"
"32","Net state and local government saving","2002","-183,611"
"32","Net state and local government saving","2003","-182,030"
"32","Net state and local government saving","2004","-149,804"
"32","Net state and local government saving","2005","-103,684"
"32","Net state and local government saving","2006","-85,956"
"32","Net state and local government saving","2007","-130,350"
"32","Net state and local government saving","2008","-222,061"
"32","Net state and local government saving","2009","-342,295"
"32","Net state and local government saving","2010","-308,953"
"32","Net state and local government saving","2011","-277,042"
"32","Net state and local government saving","2012","-284,795"
"32","Net state and local government saving","2013","-266,011"
"32","Net state and local government saving","2014","-237,553"
"32","Net state and local government saving","2015","-216,560"
"32","Net state and local government saving","2016","-242,159"
"32","Net state and local government saving","2017","-224,842"
"32","Net state and local government saving","2018","-199,865"
"32","Net state and local government saving","2019","-205,799"
"32","Net state and local government saving","2020","-47,133"
"32","Net state and local government saving","2021","236,601"
"32","Net state and local government saving","2022","93,147"
"32","Net state and local government saving","2023","-127,389"
"32","Net state and local government saving","2024","-178,712"
"32","Net state and local government saving","2025","-207,697"
"33","Social insurance funds","1929","0"
"33","Social insurance funds","1930","0"
"33","Social insurance funds","1931","0"
"33","Social insurance funds","1932","0"
"33","Social insurance funds","1933","0"
"33","Social insurance funds","1934","0"
"33","Social insurance funds","1935","0"
"33","Social insurance funds","1936","0"
"33","Social insurance funds","1937","0"
"33","Social insurance funds","1938","0"
"33","Social insurance funds","1939","0"
"33","Social insurance funds","1940","0"
"33","Social insurance funds","1941","0"
"33","Social insurance funds","1942","1"
"33","Social insurance funds","1943","1"
"33","Social insurance funds","1944","-1"
"33","Social insurance funds","1945","-3"
"33","Social insurance funds","1946","62"
"33","Social insurance funds","1947","52"
"33","Social insurance funds","1948","62"
"33","Social insurance funds","1949","38"
"33","Social insurance funds","1950","45"
"33","Social insurance funds","1951","48"
"33","Social insurance funds","1952","62"
"33","Social insurance funds","1953","71"
"33","Social insurance funds","1954","64"
"33","Social insurance funds","1955","63"
"33","Social insurance funds","1956","68"
"33","Social insurance funds","1957","67"
"33","Social insurance funds","1958","41"
"33","Social insurance funds","1959","25"
"33","Social insurance funds","1960","28"
"33","Social insurance funds","1961","12"
"33","Social insurance funds","1962","14"
"33","Social insurance funds","1963","30"
"33","Social insurance funds","1964","44"
"33","Social insurance funds","1965","90"
"33","Social insurance funds","1966","119"
"33","Social insurance funds","1967","130"
"33","Social insurance funds","1968","144"
"33","Social insurance funds","1969","159"
"33","Social insurance funds","1970","180"
"33","Social insurance funds","1971","228"
"33","Social insurance funds","1972","260"
"33","Social insurance funds","1973","307"
"33","Social insurance funds","1974","377"
"33","Social insurance funds","1975","466"
"33","Social insurance funds","1976","605"
"33","Social insurance funds","1977","986"
"33","Social insurance funds","1978","1,487"
"33","Social insurance funds","1979","1,772"
"33","Social insurance funds","1980","1,318"
"33","Social insurance funds","1981","1,304"
"33","Social insurance funds","1982","1,224"
"33","Social insurance funds","1983","1,209"
"33","Social insurance funds","1984","1,427"
"33","Social insurance funds","1985","1,315"
"33","Social insurance funds","1986","1,864"
"33","Social insurance funds","1987","2,192"
"33","Social insurance funds","1988","2,523"
"33","Social insurance funds","1989","2,330"
"33","Social insurance funds","1990","1,977"
"33","Social insurance funds","1991","2,359"
"33","Social insurance funds","1992","3,140"
"33","Social insurance funds","1993","4,192"
"33","Social insurance funds","1994","4,639"
"33","Social insurance funds","1995","4,045"
"33","Social insurance funds","1996","2,817"
"33","Social insurance funds","1997","1,173"
"33","Social insurance funds","1998","1,693"
"33","Social insurance funds","1999","1,707"
"33","Social insurance funds","2000","1,980"
"33","Social insurance funds","2001","2,603"
"33","Social insurance funds","2002","1,299"
"33","Social insurance funds","2003","3,249"
"33","Social insurance funds","2004","7,299"
"33","Social insurance funds","2005","7,240"
"33","Social insurance funds","2006","5,165"
"33","Social insurance funds","2007","2,816"
"33","Social insurance funds","2008","1,694"
"33","Social insurance funds","2009","1,074"
"33","Social insurance funds","2010","947"
"33","Social insurance funds","2011","2,374"
"33","Social insurance funds","2012","1,853"
"33","Social insurance funds","2013","2,080"
"33","Social insurance funds","2014","2,971"
"33","Social insurance funds","2015","3,736"
"33","Social insurance funds","2016","4,696"
"33","Social insurance funds","2017","5,403"
"33","Social insurance funds","2018","4,927"
"33","Social insurance funds","2019","3,262"
"33","Social insurance funds","2020","1,911"
"33","Social insurance funds","2021","2,994"
"33","Social insurance funds","2022","2,432"
"33","Social insurance funds","2023","-492"
"33","Social insurance funds","2024","2,929"
"33","Social insurance funds","2025","3,043"
"34","Other","1929","1,301"
"34","Other","1930","1,115"
"34","Other","1931","737"
"34","Other","1932","449"
"34","Other","1933","186"
"34","Other","1934","1,049"
"34","Other","1935","968"
"34","Other","1936","2,073"
"34","Other","1937","1,758"
"34","Other","1938","1,657"
"34","Other","1939","1,702"
"34","Other","1940","1,606"
"34","Other","1941","1,543"
"34","Other","1942","1,117"
"34","Other","1943","1,038"
"34","Other","1944","1,122"
"34","Other","1945","1,087"
"34","Other","1946","740"
"34","Other","1947","11"
"34","Other","1948","9"
"34","Other","1949","462"
"34","Other","1950","268"
"34","Other","1951","1,552"
"34","Other","1952","1,815"
"34","Other","1953","2,259"
"34","Other","1954","1,974"
"34","Other","1955","2,119"
"34","Other","1956","2,918"
"34","Other","1957","2,585"
"34","Other","1958","1,138"
"34","Other","1959","2,065"
"34","Other","1960","2,489"
"34","Other","1961","2,184"
"34","Other","1962","3,038"
"34","Other","1963","3,248"
"34","Other","1964","3,876"
"34","Other","1965","3,575"
"34","Other","1966","4,607"
"34","Other","1967","3,879"
"34","Other","1968","3,324"
"34","Other","1969","2,965"
"34","Other","1970","1,263"
"34","Other","1971","-1,513"
"34","Other","1972","5,812"
"34","Other","1973","5,279"
"34","Other","1974","-2,701"
"34","Other","1975","-11,191"
"34","Other","1976","-5,047"
"34","Other","1977","-472"
"34","Other","1978","3,365"
"34","Other","1979","-2,991"
"34","Other","1980","-7,239"
"34","Other","1981","-11,470"
"34","Other","1982","-23,984"
"34","Other","1983","-19,646"
"34","Other","1984","-1,607"
"34","Other","1985","-3,721"
"34","Other","1986","-5,837"
"34","Other","1987","-16,556"
"34","Other","1988","-13,821"
"34","Other","1989","-21,671"
"34","Other","1990","-38,249"
"34","Other","1991","-62,498"
"34","Other","1992","-74,209"
"34","Other","1993","-76,806"
"34","Other","1994","-68,876"
"34","Other","1995","-74,882"
"34","Other","1996","-57,047"
"34","Other","1997","-43,610"
"34","Other","1998","-32,414"
"34","Other","1999","-41,363"
"34","Other","2000","-43,454"
"34","Other","2001","-122,390"
"34","Other","2002","-184,910"
"34","Other","2003","-185,279"
"34","Other","2004","-157,102"
"34","Other","2005","-110,924"
"34","Other","2006","-91,120"
"34","Other","2007","-133,165"
"34","Other","2008","-223,754"
"34","Other","2009","-343,369"
"34","Other","2010","-309,899"
"34","Other","2011","-279,417"
"34","Other","2012","-286,648"
"34","Other","2013","-268,092"
"34","Other","2014","-240,524"
"34","Other","2015","-220,297"
"34","Other","2016","-246,855"
"34","Other","2017","-230,245"
"34","Other","2018","-204,792"
"34","Other","2019","-209,061"
"34","Other","2020","-49,044"
"34","Other","2021","233,607"
"34","Other","2022","90,715"
"34","Other","2023","-126,896"
"34","Other","2024","-181,642"
"34","Other","2025","-210,741"
"35","Total receipts","1929","7,227"
"35","Total receipts","1930","7,442"
"35","Total receipts","1931","7,305"
"35","Total receipts","1932","6,895"
"35","Total receipts","1933","6,782"
"35","Total receipts","1934","8,185"
"35","Total receipts","1935","8,765"
"35","Total receipts","1936","8,303"
"35","Total receipts","1937","8,760"
"35","Total receipts","1938","8,931"
"35","Total receipts","1939","9,282"
"35","Total receipts","1940","9,614"
"35","Total receipts","1941","10,047"
"35","Total receipts","1942","10,251"
"35","Total receipts","1943","10,550"
"35","Total receipts","1944","10,808"
"35","Total receipts","1945","11,255"
"35","Total receipts","1946","12,723"
"35","Total receipts","1947","14,496"
"35","Total receipts","1948","16,795"
"35","Total receipts","1949","18,723"
"35","Total receipts","1950","20,439"
"35","Total receipts","1951","22,476"
"35","Total receipts","1952","24,243"
"35","Total receipts","1953","26,127"
"35","Total receipts","1954","27,580"
"35","Total receipts","1955","30,176"
"35","Total receipts","1956","33,286"
"35","Total receipts","1957","36,429"
"35","Total receipts","1958","39,533"
"35","Total receipts","1959","43,904"
"35","Total receipts","1960","47,197"
"35","Total receipts","1961","51,023"
"35","Total receipts","1962","55,142"
"35","Total receipts","1963","59,678"
"35","Total receipts","1964","65,469"
"35","Total receipts","1965","70,642"
"35","Total receipts","1966","79,337"
"35","Total receipts","1967","86,804"
"35","Total receipts","1968","99,453"
"35","Total receipts","1969","111,353"
"35","Total receipts","1970","125,274"
"35","Total receipts","1971","140,749"
"35","Total receipts","1972","164,383"
"35","Total receipts","1973","180,344"
"35","Total receipts","1974","195,816"
"35","Total receipts","1975","218,994"
"35","Total receipts","1976","244,195"
"35","Total receipts","1977","271,374"
"35","Total receipts","1978","299,492"
"35","Total receipts","1979","322,518"
"35","Total receipts","1980","354,489"
"35","Total receipts","1981","385,258"
"35","Total receipts","1982","405,464"
"35","Total receipts","1983","443,237"
"35","Total receipts","1984","496,195"
"35","Total receipts","1985","539,457"
"35","Total receipts","1986","580,391"
"35","Total receipts","1987","607,861"
"35","Total receipts","1988","653,462"
"35","Total receipts","1989","704,763"
"35","Total receipts","1990","755,039"
"35","Total receipts","1991","805,647"
"35","Total receipts","1992","862,866"
"35","Total receipts","1993","906,023"
"35","Total receipts","1994","964,751"
"35","Total receipts","1995","1,012,909"
"35","Total receipts","1996","1,067,100"
"35","Total receipts","1997","1,121,449"
"35","Total receipts","1998","1,184,908"
"35","Total receipts","1999","1,262,149"
"35","Total receipts","2000","1,347,673"
"35","Total receipts","2001","1,405,031"
"35","Total receipts","2002","1,439,054"
"35","Total receipts","2003","1,522,544"
"35","Total receipts","2004","1,630,918"
"35","Total receipts","2005","1,773,544"
"35","Total receipts","2006","1,872,311"
"35","Total receipts","2007","1,960,119"
"35","Total receipts","2008","1,977,150"
"35","Total receipts","2009","1,982,584"
"35","Total receipts","2010","2,068,546"
"35","Total receipts","2011","2,101,271"
"35","Total receipts","2012","2,127,617"
"35","Total receipts","2013","2,215,010"
"35","Total receipts","2014","2,325,411"
"35","Total receipts","2015","2,439,986"
"35","Total receipts","2016","2,497,750"
"35","Total receipts","2017","2,587,162"
"35","Total receipts","2018","2,716,286"
"35","Total receipts","2019","2,863,303"
"35","Total receipts","2020","3,166,850"
"35","Total receipts","2021","3,660,610"
"35","Total receipts","2022","3,921,675"
"35","Total receipts","2023","3,741,419"
"35","Total receipts","2024","3,921,792"
"35","Total receipts","2025","4,070,829"
"36","Current receipts","1929","7,062"
"36","Current receipts","1930","7,260"
"36","Current receipts","1931","7,137"
"36","Current receipts","1932","6,758"
"36","Current receipts","1933","6,672"
"36","Current receipts","1934","8,088"
"36","Current receipts","1935","8,656"
"36","Current receipts","1936","8,187"
"36","Current receipts","1937","8,568"
"36","Current receipts","1938","8,669"
"36","Current receipts","1939","9,047"
"36","Current receipts","1940","9,369"
"36","Current receipts","1941","9,769"
"36","Current receipts","1942","10,018"
"36","Current receipts","1943","10,348"
"36","Current receipts","1944","10,612"
"36","Current receipts","1945","11,049"
"36","Current receipts","1946","12,487"
"36","Current receipts","1947","14,176"
"36","Current receipts","1948","16,346"
"36","Current receipts","1949","18,176"
"36","Current receipts","1950","19,815"
"36","Current receipts","1951","21,825"
"36","Current receipts","1952","23,535"
"36","Current receipts","1953","25,329"
"36","Current receipts","1954","26,740"
"36","Current receipts","1955","29,178"
"36","Current receipts","1956","32,159"
"36","Current receipts","1957","34,784"
"36","Current receipts","1958","36,863"
"36","Current receipts","1959","40,430"
"36","Current receipts","1960","44,191"
"36","Current receipts","1961","47,733"
"36","Current receipts","1962","51,617"
"36","Current receipts","1963","55,536"
"36","Current receipts","1964","60,748"
"36","Current receipts","1965","65,895"
"36","Current receipts","1966","74,193"
"36","Current receipts","1967","81,716"
"36","Current receipts","1968","92,612"
"36","Current receipts","1969","104,510"
"36","Current receipts","1970","119,062"
"36","Current receipts","1971","133,746"
"36","Current receipts","1972","157,113"
"36","Current receipts","1973","173,032"
"36","Current receipts","1974","186,646"
"36","Current receipts","1975","208,020"
"36","Current receipts","1976","232,174"
"36","Current receipts","1977","258,287"
"36","Current receipts","1978","285,782"
"36","Current receipts","1979","306,300"
"36","Current receipts","1980","335,890"
"36","Current receipts","1981","367,475"
"36","Current receipts","1982","388,518"
"36","Current receipts","1983","425,277"
"36","Current receipts","1984","476,128"
"36","Current receipts","1985","517,478"
"36","Current receipts","1986","557,373"
"36","Current receipts","1987","585,532"
"36","Current receipts","1988","630,371"
"36","Current receipts","1989","681,364"
"36","Current receipts","1990","730,049"
"36","Current receipts","1991","779,842"
"36","Current receipts","1992","835,967"
"36","Current receipts","1993","877,813"
"36","Current receipts","1994","934,828"
"36","Current receipts","1995","980,559"
"36","Current receipts","1996","1,033,260"
"36","Current receipts","1997","1,086,228"
"36","Current receipts","1998","1,148,993"
"36","Current receipts","1999","1,222,124"
"36","Current receipts","2000","1,303,484"
"36","Current receipts","2001","1,353,310"
"36","Current receipts","2002","1,386,159"
"36","Current receipts","2003","1,470,215"
"36","Current receipts","2004","1,578,384"
"36","Current receipts","2005","1,716,627"
"36","Current receipts","2006","1,814,401"
"36","Current receipts","2007","1,900,361"
"36","Current receipts","2008","1,914,093"
"36","Current receipts","2009","1,914,577"
"36","Current receipts","2010","1,991,650"
"36","Current receipts","2011","2,027,170"
"36","Current receipts","2012","2,053,259"
"36","Current receipts","2013","2,143,379"
"36","Current receipts","2014","2,254,735"
"36","Current receipts","2015","2,370,213"
"36","Current receipts","2016","2,425,260"
"36","Current receipts","2017","2,513,527"
"36","Current receipts","2018","2,643,165"
"36","Current receipts","2019","2,788,464"
"36","Current receipts","2020","3,083,058"
"36","Current receipts","2021","3,577,405"
"36","Current receipts","2022","3,689,333"
"36","Current receipts","2023","3,645,341"
"36","Current receipts","2024","3,790,853"
"36","Current receipts","2025","3,947,369"
"37","Capital transfer receipts","1929","165"
"37","Capital transfer receipts","1930","182"
"37","Capital transfer receipts","1931","168"
"37","Capital transfer receipts","1932","137"
"37","Capital transfer receipts","1933","110"
"37","Capital transfer receipts","1934","97"
"37","Capital transfer receipts","1935","109"
"37","Capital transfer receipts","1936","116"
"37","Capital transfer receipts","1937","192"
"37","Capital transfer receipts","1938","262"
"37","Capital transfer receipts","1939","235"
"37","Capital transfer receipts","1940","245"
"37","Capital transfer receipts","1941","278"
"37","Capital transfer receipts","1942","233"
"37","Capital transfer receipts","1943","202"
"37","Capital transfer receipts","1944","196"
"37","Capital transfer receipts","1945","206"
"37","Capital transfer receipts","1946","236"
"37","Capital transfer receipts","1947","320"
"37","Capital transfer receipts","1948","449"
"37","Capital transfer receipts","1949","547"
"37","Capital transfer receipts","1950","624"
"37","Capital transfer receipts","1951","651"
"37","Capital transfer receipts","1952","708"
"37","Capital transfer receipts","1953","798"
"37","Capital transfer receipts","1954","840"
"37","Capital transfer receipts","1955","998"
"37","Capital transfer receipts","1956","1,127"
"37","Capital transfer receipts","1957","1,645"
"37","Capital transfer receipts","1958","2,669"
"37","Capital transfer receipts","1959","3,474"
"37","Capital transfer receipts","1960","3,006"
"37","Capital transfer receipts","1961","3,290"
"37","Capital transfer receipts","1962","3,525"
"37","Capital transfer receipts","1963","4,142"
"37","Capital transfer receipts","1964","4,721"
"37","Capital transfer receipts","1965","4,747"
"37","Capital transfer receipts","1966","5,144"
"37","Capital transfer receipts","1967","5,088"
"37","Capital transfer receipts","1968","6,841"
"37","Capital transfer receipts","1969","6,843"
"37","Capital transfer receipts","1970","6,212"
"37","Capital transfer receipts","1971","7,003"
"37","Capital transfer receipts","1972","7,270"
"37","Capital transfer receipts","1973","7,312"
"37","Capital transfer receipts","1974","9,170"
"37","Capital transfer receipts","1975","10,974"
"37","Capital transfer receipts","1976","12,021"
"37","Capital transfer receipts","1977","13,087"
"37","Capital transfer receipts","1978","13,710"
"37","Capital transfer receipts","1979","16,218"
"37","Capital transfer receipts","1980","18,599"
"37","Capital transfer receipts","1981","17,783"
"37","Capital transfer receipts","1982","16,946"
"37","Capital transfer receipts","1983","17,960"
"37","Capital transfer receipts","1984","20,067"
"37","Capital transfer receipts","1985","21,979"
"37","Capital transfer receipts","1986","23,018"
"37","Capital transfer receipts","1987","22,329"
"37","Capital transfer receipts","1988","23,091"
"37","Capital transfer receipts","1989","23,399"
"37","Capital transfer receipts","1990","24,990"
"37","Capital transfer receipts","1991","25,805"
"37","Capital transfer receipts","1992","26,899"
"37","Capital transfer receipts","1993","28,210"
"37","Capital transfer receipts","1994","29,923"
"37","Capital transfer receipts","1995","32,350"
"37","Capital transfer receipts","1996","33,840"
"37","Capital transfer receipts","1997","35,221"
"37","Capital transfer receipts","1998","35,915"
"37","Capital transfer receipts","1999","40,025"
"37","Capital transfer receipts","2000","44,189"
"37","Capital transfer receipts","2001","51,721"
"37","Capital transfer receipts","2002","52,895"
"37","Capital transfer receipts","2003","52,329"
"37","Capital transfer receipts","2004","52,533"
"37","Capital transfer receipts","2005","56,917"
"37","Capital transfer receipts","2006","57,911"
"37","Capital transfer receipts","2007","59,757"
"37","Capital transfer receipts","2008","63,057"
"37","Capital transfer receipts","2009","68,006"
"37","Capital transfer receipts","2010","76,896"
"37","Capital transfer receipts","2011","74,101"
"37","Capital transfer receipts","2012","74,358"
"37","Capital transfer receipts","2013","71,632"
"37","Capital transfer receipts","2014","70,677"
"37","Capital transfer receipts","2015","69,773"
"37","Capital transfer receipts","2016","72,489"
"37","Capital transfer receipts","2017","73,635"
"37","Capital transfer receipts","2018","73,121"
"37","Capital transfer receipts","2019","74,838"
"37","Capital transfer receipts","2020","83,792"
"37","Capital transfer receipts","2021","83,205"
"37","Capital transfer receipts","2022","232,342"
"37","Capital transfer receipts","2023","96,077"
"37","Capital transfer receipts","2024","130,940"
"37","Capital transfer receipts","2025","123,460"
"38","Total expenditures","1929","7,833"
"38","Total expenditures","1930","8,445"
"38","Total expenditures","1931","8,458"
"38","Total expenditures","1932","7,551"
"38","Total expenditures","1933","7,184"
"38","Total expenditures","1934","8,045"
"38","Total expenditures","1935","8,548"
"38","Total expenditures","1936","8,192"
"38","Total expenditures","1937","8,502"
"38","Total expenditures","1938","9,085"
"38","Total expenditures","1939","9,850"
"38","Total expenditures","1940","9,666"
"38","Total expenditures","1941","9,406"
"38","Total expenditures","1942","9,101"
"38","Total expenditures","1943","8,749"
"38","Total expenditures","1944","8,814"
"38","Total expenditures","1945","9,456"
"38","Total expenditures","1946","11,815"
"38","Total expenditures","1947","15,218"
"38","Total expenditures","1948","18,322"
"38","Total expenditures","1949","21,095"
"38","Total expenditures","1950","23,515"
"38","Total expenditures","1951","24,914"
"38","Total expenditures","1952","26,512"
"38","Total expenditures","1953","28,429"
"38","Total expenditures","1954","31,401"
"38","Total expenditures","1955","34,596"
"38","Total expenditures","1956","37,608"
"38","Total expenditures","1957","41,544"
"38","Total expenditures","1958","46,025"
"38","Total expenditures","1959","48,901"
"38","Total expenditures","1960","52,120"
"38","Total expenditures","1961","56,992"
"38","Total expenditures","1962","60,583"
"38","Total expenditures","1963","65,672"
"38","Total expenditures","1964","71,450"
"38","Total expenditures","1965","78,262"
"38","Total expenditures","1966","87,226"
"38","Total expenditures","1967","97,044"
"38","Total expenditures","1968","110,086"
"38","Total expenditures","1969","121,539"
"38","Total expenditures","1970","137,107"
"38","Total expenditures","1971","155,143"
"38","Total expenditures","1972","170,725"
"38","Total expenditures","1973","188,317"
"38","Total expenditures","1974","212,993"
"38","Total expenditures","1975","244,262"
"38","Total expenditures","1976","261,210"
"38","Total expenditures","1977","279,854"
"38","Total expenditures","1978","308,123"
"38","Total expenditures","1979","339,312"
"38","Total expenditures","1980","376,627"
"38","Total expenditures","1981","409,026"
"38","Total expenditures","1982","439,293"
"38","Total expenditures","1983","472,051"
"38","Total expenditures","1984","512,162"
"38","Total expenditures","1985","563,538"
"38","Total expenditures","1986","611,085"
"38","Total expenditures","1987","652,286"
"38","Total expenditures","1988","698,753"
"38","Total expenditures","1989","763,034"
"38","Total expenditures","1990","837,573"
"38","Total expenditures","1991","912,283"
"38","Total expenditures","1992","978,517"
"38","Total expenditures","1993","1,019,255"
"38","Total expenditures","1994","1,071,312"
"38","Total expenditures","1995","1,129,824"
"38","Total expenditures","1996","1,171,141"
"38","Total expenditures","1997","1,220,126"
"38","Total expenditures","1998","1,281,462"
"38","Total expenditures","1999","1,375,455"
"38","Total expenditures","2000","1,468,417"
"38","Total expenditures","2001","1,607,901"
"38","Total expenditures","2002","1,713,149"
"38","Total expenditures","2003","1,797,843"
"38","Total expenditures","2004","1,877,550"
"38","Total expenditures","2005","1,970,145"
"38","Total expenditures","2006","2,055,787"
"38","Total expenditures","2007","2,199,071"
"38","Total expenditures","2008","2,306,176"
"38","Total expenditures","2009","2,420,666"
"38","Total expenditures","2010","2,446,449"
"38","Total expenditures","2011","2,434,402"
"38","Total expenditures","2012","2,450,747"
"38","Total expenditures","2013","2,511,708"
"38","Total expenditures","2014","2,595,339"
"38","Total expenditures","2015","2,704,402"
"38","Total expenditures","2016","2,796,093"
"38","Total expenditures","2017","2,878,088"
"38","Total expenditures","2018","2,993,134"
"38","Total expenditures","2019","3,153,327"
"38","Total expenditures","2020","3,292,381"
"38","Total expenditures","2021","3,477,534"
"38","Total expenditures","2022","3,729,242"
"38","Total expenditures","2023","3,946,382"
"38","Total expenditures","2024","4,181,936"
"38","Total expenditures","2025","4,385,138"
"39","Current expenditures","1929","5,761"
"39","Current expenditures","1930","6,146"
"39","Current expenditures","1931","6,401"
"39","Current expenditures","1932","6,309"
"39","Current expenditures","1933","6,486"
"39","Current expenditures","1934","7,039"
"39","Current expenditures","1935","7,688"
"39","Current expenditures","1936","6,114"
"39","Current expenditures","1937","6,810"
"39","Current expenditures","1938","7,012"
"39","Current expenditures","1939","7,346"
"39","Current expenditures","1940","7,763"
"39","Current expenditures","1941","8,226"
"39","Current expenditures","1942","8,900"
"39","Current expenditures","1943","9,309"
"39","Current expenditures","1944","9,490"
"39","Current expenditures","1945","9,965"
"39","Current expenditures","1946","11,685"
"39","Current expenditures","1947","14,113"
"39","Current expenditures","1948","16,274"
"39","Current expenditures","1949","17,676"
"39","Current expenditures","1950","19,502"
"39","Current expenditures","1951","20,225"
"39","Current expenditures","1952","21,658"
"39","Current expenditures","1953","22,999"
"39","Current expenditures","1954","24,702"
"39","Current expenditures","1955","26,996"
"39","Current expenditures","1956","29,173"
"39","Current expenditures","1957","32,132"
"39","Current expenditures","1958","35,684"
"39","Current expenditures","1959","38,340"
"39","Current expenditures","1960","41,674"
"39","Current expenditures","1961","45,537"
"39","Current expenditures","1962","48,565"
"39","Current expenditures","1963","52,258"
"39","Current expenditures","1964","56,828"
"39","Current expenditures","1965","62,230"
"39","Current expenditures","1966","69,467"
"39","Current expenditures","1967","77,707"
"39","Current expenditures","1968","89,144"
"39","Current expenditures","1969","101,385"
"39","Current expenditures","1970","117,619"
"39","Current expenditures","1971","135,031"
"39","Current expenditures","1972","151,041"
"39","Current expenditures","1973","167,445"
"39","Current expenditures","1974","188,970"
"39","Current expenditures","1975","218,744"
"39","Current expenditures","1976","236,616"
"39","Current expenditures","1977","257,773"
"39","Current expenditures","1978","280,929"
"39","Current expenditures","1979","307,518"
"39","Current expenditures","1980","341,811"
"39","Current expenditures","1981","377,640"
"39","Current expenditures","1982","411,278"
"39","Current expenditures","1983","443,714"
"39","Current expenditures","1984","476,308"
"39","Current expenditures","1985","519,884"
"39","Current expenditures","1986","561,347"
"39","Current expenditures","1987","599,896"
"39","Current expenditures","1988","641,669"
"39","Current expenditures","1989","700,705"
"39","Current expenditures","1990","766,321"
"39","Current expenditures","1991","839,981"
"39","Current expenditures","1992","907,036"
"39","Current expenditures","1993","950,427"
"39","Current expenditures","1994","999,065"
"39","Current expenditures","1995","1,051,396"
"39","Current expenditures","1996","1,087,491"
"39","Current expenditures","1997","1,128,665"
"39","Current expenditures","1998","1,179,713"
"39","Current expenditures","1999","1,261,779"
"39","Current expenditures","2000","1,344,959"
"39","Current expenditures","2001","1,473,097"
"39","Current expenditures","2002","1,569,770"
"39","Current expenditures","2003","1,652,245"
"39","Current expenditures","2004","1,728,188"
"39","Current expenditures","2005","1,820,311"
"39","Current expenditures","2006","1,900,356"
"39","Current expenditures","2007","2,030,711"
"39","Current expenditures","2008","2,136,154"
"39","Current expenditures","2009","2,256,873"
"39","Current expenditures","2010","2,300,603"
"39","Current expenditures","2011","2,304,212"
"39","Current expenditures","2012","2,338,054"
"39","Current expenditures","2013","2,409,390"
"39","Current expenditures","2014","2,492,288"
"39","Current expenditures","2015","2,586,773"
"39","Current expenditures","2016","2,667,419"
"39","Current expenditures","2017","2,738,369"
"39","Current expenditures","2018","2,843,030"
"39","Current expenditures","2019","2,994,264"
"39","Current expenditures","2020","3,130,191"
"39","Current expenditures","2021","3,340,804"
"39","Current expenditures","2022","3,596,186"
"39","Current expenditures","2023","3,772,730"
"39","Current expenditures","2024","3,969,565"
"39","Current expenditures","2025","4,155,066"
"40","Gross government investment","1929","2,672"
"40","Gross government investment","1930","2,938"
"40","Gross government investment","1931","2,681"
"40","Gross government investment","1932","1,797"
"40","Gross government investment","1933","1,354"
"40","Gross government investment","1934","1,800"
"40","Gross government investment","1935","1,635"
"40","Gross government investment","1936","2,937"
"40","Gross government investment","1937","2,602"
"40","Gross government investment","1938","3,008"
"40","Gross government investment","1939","3,410"
"40","Gross government investment","1940","2,798"
"40","Gross government investment","1941","2,279"
"40","Gross government investment","1942","1,576"
"40","Gross government investment","1943","908"
"40","Gross government investment","1944","740"
"40","Gross government investment","1945","851"
"40","Gross government investment","1946","1,629"
"40","Gross government investment","1947","2,890"
"40","Gross government investment","1948","4,069"
"40","Gross government investment","1949","5,397"
"40","Gross government investment","1950","5,925"
"40","Gross government investment","1951","7,038"
"40","Gross government investment","1952","7,398"
"40","Gross government investment","1953","7,995"
"40","Gross government investment","1954","9,294"
"40","Gross government investment","1955","10,145"
"40","Gross government investment","1956","11,384"
"40","Gross government investment","1957","12,656"
"40","Gross government investment","1958","13,684"
"40","Gross government investment","1959","14,086"
"40","Gross government investment","1960","14,107"
"40","Gross government investment","1961","15,252"
"40","Gross government investment","1962","16,097"
"40","Gross government investment","1963","17,769"
"40","Gross government investment","1964","19,274"
"40","Gross government investment","1965","21,165"
"40","Gross government investment","1966","23,479"
"40","Gross government investment","1967","25,722"
"40","Gross government investment","1968","28,128"
"40","Gross government investment","1969","28,818"
"40","Gross government investment","1970","29,336"
"40","Gross government investment","1971","30,711"
"40","Gross government investment","1972","31,342"
"40","Gross government investment","1973","33,988"
"40","Gross government investment","1974","40,500"
"40","Gross government investment","1975","44,550"
"40","Gross government investment","1976","44,891"
"40","Gross government investment","1977","43,960"
"40","Gross government investment","1978","50,825"
"40","Gross government investment","1979","58,356"
"40","Gross government investment","1980","65,699"
"40","Gross government investment","1981","66,916"
"40","Gross government investment","1982","66,993"
"40","Gross government investment","1983","68,827"
"40","Gross government investment","1984","77,588"
"40","Gross government investment","1985","87,347"
"40","Gross government investment","1986","96,200"
"40","Gross government investment","1987","102,194"
"40","Gross government investment","1988","110,412"
"40","Gross government investment","1989","119,214"
"40","Gross government investment","1990","132,163"
"40","Gross government investment","1991","137,295"
"40","Gross government investment","1992","139,723"
"40","Gross government investment","1993","141,203"
"40","Gross government investment","1994","148,812"
"40","Gross government investment","1995","159,979"
"40","Gross government investment","1996","170,159"
"40","Gross government investment","1997","182,884"
"40","Gross government investment","1998","196,324"
"40","Gross government investment","1999","213,620"
"40","Gross government investment","2000","231,461"
"40","Gross government investment","2001","248,040"
"40","Gross government investment","2002","261,525"
"40","Gross government investment","2003","269,058"
"40","Gross government investment","2004","277,785"
"40","Gross government investment","2005","291,273"
"40","Gross government investment","2006","315,251"
"40","Gross government investment","2007","341,987"
"40","Gross government investment","2008","357,906"
"40","Gross government investment","2009","360,287"
"40","Gross government investment","2010","347,254"
"40","Gross government investment","2011","340,953"
"40","Gross government investment","2012","333,742"
"40","Gross government investment","2013","330,875"
"40","Gross government investment","2014","339,545"
"40","Gross government investment","2015","358,401"
"40","Gross government investment","2016","374,620"
"40","Gross government investment","2017","393,874"
"40","Gross government investment","2018","418,771"
"40","Gross government investment","2019","441,682"
"40","Gross government investment","2020","453,123"
"40","Gross government investment","2021","451,483"
"40","Gross government investment","2022","484,694"
"40","Gross government investment","2023","549,267"
"40","Gross government investment","2024","598,379"
"40","Gross government investment","2025","638,867"
"41","Capital transfer payments","1989","0"
"41","Capital transfer payments","1990","0"
"41","Capital transfer payments","1991","0"
"41","Capital transfer payments","1992","0"
"41","Capital transfer payments","1993","0"
"41","Capital transfer payments","1994","0"
"41","Capital transfer payments","1995","0"
"41","Capital transfer payments","1996","0"
"41","Capital transfer payments","1997","0"
"41","Capital transfer payments","1998","0"
"41","Capital transfer payments","1999","0"
"41","Capital transfer payments","2000","0"
"41","Capital transfer payments","2001","0"
"41","Capital transfer payments","2002","0"
"41","Capital transfer payments","2003","0"
"41","Capital transfer payments","2004","4,464"
"41","Capital transfer payments","2005","6,441"
"41","Capital transfer payments","2006","0"
"41","Capital transfer payments","2007","0"
"41","Capital transfer payments","2008","0"
"41","Capital transfer payments","2009","0"
"41","Capital transfer payments","2010","0"
"41","Capital transfer payments","2011","0"
"41","Capital transfer payments","2012","0"
"41","Capital transfer payments","2013","0"
"41","Capital transfer payments","2014","0"
"41","Capital transfer payments","2015","0"
"41","Capital transfer payments","2016","0"
"41","Capital transfer payments","2017","1,230"
"41","Capital transfer payments","2018","0"
"41","Capital transfer payments","2019","0"
"41","Capital transfer payments","2020","0"
"41","Capital transfer payments","2021","0"
"41","Capital transfer payments","2022","2,500"
"41","Capital transfer payments","2023","0"
"41","Capital transfer payments","2024","3,500"
"41","Capital transfer payments","2025","341"
"42","Net purchases of nonproduced assets","1929","154"
"42","Net purchases of nonproduced assets","1930","124"
"42","Net purchases of nonproduced assets","1931","111"
"42","Net purchases of nonproduced assets","1932","96"
"42","Net purchases of nonproduced assets","1933","83"
"42","Net purchases of nonproduced assets","1934","73"
"42","Net purchases of nonproduced assets","1935","75"
"42","Net purchases of nonproduced assets","1936","79"
"42","Net purchases of nonproduced assets","1937","86"
"42","Net purchases of nonproduced assets","1938","96"
"42","Net purchases of nonproduced assets","1939","152"
"42","Net purchases of nonproduced assets","1940","207"
"42","Net purchases of nonproduced assets","1941","139"
"42","Net purchases of nonproduced assets","1942","68"
"42","Net purchases of nonproduced assets","1943","54"
"42","Net purchases of nonproduced assets","1944","47"
"42","Net purchases of nonproduced assets","1945","75"
"42","Net purchases of nonproduced assets","1946","70"
"42","Net purchases of nonproduced assets","1947","90"
"42","Net purchases of nonproduced assets","1948","116"
"42","Net purchases of nonproduced assets","1949","199"
"42","Net purchases of nonproduced assets","1950","269"
"42","Net purchases of nonproduced assets","1951","272"
"42","Net purchases of nonproduced assets","1952","252"
"42","Net purchases of nonproduced assets","1953","329"
"42","Net purchases of nonproduced assets","1954","366"
"42","Net purchases of nonproduced assets","1955","616"
"42","Net purchases of nonproduced assets","1956","682"
"42","Net purchases of nonproduced assets","1957","705"
"42","Net purchases of nonproduced assets","1958","776"
"42","Net purchases of nonproduced assets","1959","805"
"42","Net purchases of nonproduced assets","1960","865"
"42","Net purchases of nonproduced assets","1961","992"
"42","Net purchases of nonproduced assets","1962","1,057"
"42","Net purchases of nonproduced assets","1963","1,151"
"42","Net purchases of nonproduced assets","1964","1,258"
"42","Net purchases of nonproduced assets","1965","1,294"
"42","Net purchases of nonproduced assets","1966","1,371"
"42","Net purchases of nonproduced assets","1967","1,381"
"42","Net purchases of nonproduced assets","1968","1,414"
"42","Net purchases of nonproduced assets","1969","981"
"42","Net purchases of nonproduced assets","1970","1,098"
"42","Net purchases of nonproduced assets","1971","1,628"
"42","Net purchases of nonproduced assets","1972","1,656"
"42","Net purchases of nonproduced assets","1973","1,723"
"42","Net purchases of nonproduced assets","1974","1,876"
"42","Net purchases of nonproduced assets","1975","1,944"
"42","Net purchases of nonproduced assets","1976","1,746"
"42","Net purchases of nonproduced assets","1977","1,558"
"42","Net purchases of nonproduced assets","1978","1,782"
"42","Net purchases of nonproduced assets","1979","1,997"
"42","Net purchases of nonproduced assets","1980","2,178"
"42","Net purchases of nonproduced assets","1981","2,245"
"42","Net purchases of nonproduced assets","1982","2,214"
"42","Net purchases of nonproduced assets","1983","2,223"
"42","Net purchases of nonproduced assets","1984","2,561"
"42","Net purchases of nonproduced assets","1985","3,063"
"42","Net purchases of nonproduced assets","1986","3,674"
"42","Net purchases of nonproduced assets","1987","4,166"
"42","Net purchases of nonproduced assets","1988","4,341"
"42","Net purchases of nonproduced assets","1989","4,884"
"42","Net purchases of nonproduced assets","1990","5,730"
"42","Net purchases of nonproduced assets","1991","5,848"
"42","Net purchases of nonproduced assets","1992","5,850"
"42","Net purchases of nonproduced assets","1993","5,886"
"42","Net purchases of nonproduced assets","1994","6,207"
"42","Net purchases of nonproduced assets","1995","6,574"
"42","Net purchases of nonproduced assets","1996","6,020"
"42","Net purchases of nonproduced assets","1997","5,844"
"42","Net purchases of nonproduced assets","1998","7,586"
"42","Net purchases of nonproduced assets","1999","8,628"
"42","Net purchases of nonproduced assets","2000","8,590"
"42","Net purchases of nonproduced assets","2001","10,118"
"42","Net purchases of nonproduced assets","2002","11,199"
"42","Net purchases of nonproduced assets","2003","11,423"
"42","Net purchases of nonproduced assets","2004","11,345"
"42","Net purchases of nonproduced assets","2005","10,006"
"42","Net purchases of nonproduced assets","2006","11,218"
"42","Net purchases of nonproduced assets","2007","13,875"
"42","Net purchases of nonproduced assets","2008","13,277"
"42","Net purchases of nonproduced assets","2009","12,633"
"42","Net purchases of nonproduced assets","2010","12,005"
"42","Net purchases of nonproduced assets","2011","11,454"
"42","Net purchases of nonproduced assets","2012","10,932"
"42","Net purchases of nonproduced assets","2013","10,372"
"42","Net purchases of nonproduced assets","2014","10,563"
"42","Net purchases of nonproduced assets","2015","11,867"
"42","Net purchases of nonproduced assets","2016","12,887"
"42","Net purchases of nonproduced assets","2017","14,329"
"42","Net purchases of nonproduced assets","2018","16,485"
"42","Net purchases of nonproduced assets","2019","16,334"
"42","Net purchases of nonproduced assets","2020","16,261"
"42","Net purchases of nonproduced assets","2021","16,230"
"42","Net purchases of nonproduced assets","2022","17,876"
"42","Net purchases of nonproduced assets","2023","19,572"
"42","Net purchases of nonproduced assets","2024","20,929"
"42","Net purchases of nonproduced assets","2025","22,528"
"43","Less: Consumption of fixed capital","1929","754"
"43","Less: Consumption of fixed capital","1930","763"
"43","Less: Consumption of fixed capital","1931","735"
"43","Less: Consumption of fixed capital","1932","651"
"43","Less: Consumption of fixed capital","1933","738"
"43","Less: Consumption of fixed capital","1934","866"
"43","Less: Consumption of fixed capital","1935","850"
"43","Less: Consumption of fixed capital","1936","938"
"43","Less: Consumption of fixed capital","1937","996"
"43","Less: Consumption of fixed capital","1938","1,030"
"43","Less: Consumption of fixed capital","1939","1,057"
"43","Less: Consumption of fixed capital","1940","1,102"
"43","Less: Consumption of fixed capital","1941","1,238"
"43","Less: Consumption of fixed capital","1942","1,442"
"43","Less: Consumption of fixed capital","1943","1,522"
"43","Less: Consumption of fixed capital","1944","1,463"
"43","Less: Consumption of fixed capital","1945","1,435"
"43","Less: Consumption of fixed capital","1946","1,569"
"43","Less: Consumption of fixed capital","1947","1,874"
"43","Less: Consumption of fixed capital","1948","2,137"
"43","Less: Consumption of fixed capital","1949","2,177"
"43","Less: Consumption of fixed capital","1950","2,181"
"43","Less: Consumption of fixed capital","1951","2,621"
"43","Less: Consumption of fixed capital","1952","2,796"
"43","Less: Consumption of fixed capital","1953","2,894"
"43","Less: Consumption of fixed capital","1954","2,961"
"43","Less: Consumption of fixed capital","1955","3,161"
"43","Less: Consumption of fixed capital","1956","3,630"
"43","Less: Consumption of fixed capital","1957","3,949"
"43","Less: Consumption of fixed capital","1958","4,119"
"43","Less: Consumption of fixed capital","1959","4,330"
"43","Less: Consumption of fixed capital","1960","4,526"
"43","Less: Consumption of fixed capital","1961","4,789"
"43","Less: Consumption of fixed capital","1962","5,135"
"43","Less: Consumption of fixed capital","1963","5,507"
"43","Less: Consumption of fixed capital","1964","5,910"
"43","Less: Consumption of fixed capital","1965","6,427"
"43","Less: Consumption of fixed capital","1966","7,091"
"43","Less: Consumption of fixed capital","1967","7,766"
"43","Less: Consumption of fixed capital","1968","8,600"
"43","Less: Consumption of fixed capital","1969","9,645"
"43","Less: Consumption of fixed capital","1970","10,945"
"43","Less: Consumption of fixed capital","1971","12,227"
"43","Less: Consumption of fixed capital","1972","13,314"
"43","Less: Consumption of fixed capital","1973","14,840"
"43","Less: Consumption of fixed capital","1974","18,353"
"43","Less: Consumption of fixed capital","1975","20,976"
"43","Less: Consumption of fixed capital","1976","22,044"
"43","Less: Consumption of fixed capital","1977","23,436"
"43","Less: Consumption of fixed capital","1978","25,413"
"43","Less: Consumption of fixed capital","1979","28,558"
"43","Less: Consumption of fixed capital","1980","33,061"
"43","Less: Consumption of fixed capital","1981","37,776"
"43","Less: Consumption of fixed capital","1982","41,192"
"43","Less: Consumption of fixed capital","1983","42,713"
"43","Less: Consumption of fixed capital","1984","44,296"
"43","Less: Consumption of fixed capital","1985","46,757"
"43","Less: Consumption of fixed capital","1986","50,135"
"43","Less: Consumption of fixed capital","1987","53,969"
"43","Less: Consumption of fixed capital","1988","57,669"
"43","Less: Consumption of fixed capital","1989","61,768"
"43","Less: Consumption of fixed capital","1990","66,641"
"43","Less: Consumption of fixed capital","1991","70,840"
"43","Less: Consumption of fixed capital","1992","74,092"
"43","Less: Consumption of fixed capital","1993","78,261"
"43","Less: Consumption of fixed capital","1994","82,772"
"43","Less: Consumption of fixed capital","1995","88,125"
"43","Less: Consumption of fixed capital","1996","92,529"
"43","Less: Consumption of fixed capital","1997","97,267"
"43","Less: Consumption of fixed capital","1998","102,162"
"43","Less: Consumption of fixed capital","1999","108,573"
"43","Less: Consumption of fixed capital","2000","116,593"
"43","Less: Consumption of fixed capital","2001","123,354"
"43","Less: Consumption of fixed capital","2002","129,344"
"43","Less: Consumption of fixed capital","2003","134,883"
"43","Less: Consumption of fixed capital","2004","144,231"
"43","Less: Consumption of fixed capital","2005","157,886"
"43","Less: Consumption of fixed capital","2006","171,038"
"43","Less: Consumption of fixed capital","2007","187,503"
"43","Less: Consumption of fixed capital","2008","201,161"
"43","Less: Consumption of fixed capital","2009","209,127"
"43","Less: Consumption of fixed capital","2010","213,413"
"43","Less: Consumption of fixed capital","2011","222,217"
"43","Less: Consumption of fixed capital","2012","231,980"
"43","Less: Consumption of fixed capital","2013","238,930"
"43","Less: Consumption of fixed capital","2014","247,056"
"43","Less: Consumption of fixed capital","2015","252,639"
"43","Less: Consumption of fixed capital","2016","258,833"
"43","Less: Consumption of fixed capital","2017","269,714"
"43","Less: Consumption of fixed capital","2018","285,152"
"43","Less: Consumption of fixed capital","2019","298,952"
"43","Less: Consumption of fixed capital","2020","307,194"
"43","Less: Consumption of fixed capital","2021","330,984"
"43","Less: Consumption of fixed capital","2022","372,013"
"43","Less: Consumption of fixed capital","2023","395,187"
"43","Less: Consumption of fixed capital","2024","410,437"
"43","Less: Consumption of fixed capital","2025","431,665"
"44","Net lending or net borrowing (-)","1929","-606"
"44","Net lending or net borrowing (-)","1930","-1,003"
"44","Net lending or net borrowing (-)","1931","-1,153"
"44","Net lending or net borrowing (-)","1932","-656"
"44","Net lending or net borrowing (-)","1933","-402"
"44","Net lending or net borrowing (-)","1934","140"
"44","Net lending or net borrowing (-)","1935","217"
"44","Net lending or net borrowing (-)","1936","111"
"44","Net lending or net borrowing (-)","1937","258"
"44","Net lending or net borrowing (-)","1938","-154"
"44","Net lending or net borrowing (-)","1939","-568"
"44","Net lending or net borrowing (-)","1940","-52"
"44","Net lending or net borrowing (-)","1941","641"
"44","Net lending or net borrowing (-)","1942","1,150"
"44","Net lending or net borrowing (-)","1943","1,801"
"44","Net lending or net borrowing (-)","1944","1,994"
"44","Net lending or net borrowing (-)","1945","1,799"
"44","Net lending or net borrowing (-)","1946","908"
"44","Net lending or net borrowing (-)","1947","-722"
"44","Net lending or net borrowing (-)","1948","-1,528"
"44","Net lending or net borrowing (-)","1949","-2,373"
"44","Net lending or net borrowing (-)","1950","-3,076"
"44","Net lending or net borrowing (-)","1951","-2,438"
"44","Net lending or net borrowing (-)","1952","-2,269"
"44","Net lending or net borrowing (-)","1953","-2,302"
"44","Net lending or net borrowing (-)","1954","-3,821"
"44","Net lending or net borrowing (-)","1955","-4,420"
"44","Net lending or net borrowing (-)","1956","-4,322"
"44","Net lending or net borrowing (-)","1957","-5,115"
"44","Net lending or net borrowing (-)","1958","-6,492"
"44","Net lending or net borrowing (-)","1959","-4,997"
"44","Net lending or net borrowing (-)","1960","-4,923"
"44","Net lending or net borrowing (-)","1961","-5,969"
"44","Net lending or net borrowing (-)","1962","-5,442"
"44","Net lending or net borrowing (-)","1963","-5,994"
"44","Net lending or net borrowing (-)","1964","-5,980"
"44","Net lending or net borrowing (-)","1965","-7,620"
"44","Net lending or net borrowing (-)","1966","-7,889"
"44","Net lending or net borrowing (-)","1967","-10,240"
"44","Net lending or net borrowing (-)","1968","-10,634"
"44","Net lending or net borrowing (-)","1969","-10,187"
"44","Net lending or net borrowing (-)","1970","-11,834"
"44","Net lending or net borrowing (-)","1971","-14,394"
"44","Net lending or net borrowing (-)","1972","-6,342"
"44","Net lending or net borrowing (-)","1973","-7,973"
"44","Net lending or net borrowing (-)","1974","-17,178"
"44","Net lending or net borrowing (-)","1975","-25,268"
"44","Net lending or net borrowing (-)","1976","-17,015"
"44","Net lending or net borrowing (-)","1977","-8,480"
"44","Net lending or net borrowing (-)","1978","-8,631"
"44","Net lending or net borrowing (-)","1979","-16,795"
"44","Net lending or net borrowing (-)","1980","-22,138"
"44","Net lending or net borrowing (-)","1981","-23,768"
"44","Net lending or net borrowing (-)","1982","-33,829"
"44","Net lending or net borrowing (-)","1983","-28,814"
"44","Net lending or net borrowing (-)","1984","-15,966"
"44","Net lending or net borrowing (-)","1985","-24,080"
"44","Net lending or net borrowing (-)","1986","-30,694"
"44","Net lending or net borrowing (-)","1987","-44,426"
"44","Net lending or net borrowing (-)","1988","-45,292"
"44","Net lending or net borrowing (-)","1989","-58,271"
"44","Net lending or net borrowing (-)","1990","-82,534"
"44","Net lending or net borrowing (-)","1991","-106,636"
"44","Net lending or net borrowing (-)","1992","-115,651"
"44","Net lending or net borrowing (-)","1993","-113,232"
"44","Net lending or net borrowing (-)","1994","-106,561"
"44","Net lending or net borrowing (-)","1995","-116,915"
"44","Net lending or net borrowing (-)","1996","-104,041"
"44","Net lending or net borrowing (-)","1997","-98,677"
"44","Net lending or net borrowing (-)","1998","-96,554"
"44","Net lending or net borrowing (-)","1999","-113,306"
"44","Net lending or net borrowing (-)","2000","-120,743"
"44","Net lending or net borrowing (-)","2001","-202,871"
"44","Net lending or net borrowing (-)","2002","-274,096"
"44","Net lending or net borrowing (-)","2003","-275,299"
"44","Net lending or net borrowing (-)","2004","-246,632"
"44","Net lending or net borrowing (-)","2005","-196,601"
"44","Net lending or net borrowing (-)","2006","-183,476"
"44","Net lending or net borrowing (-)","2007","-238,952"
"44","Net lending or net borrowing (-)","2008","-329,026"
"44","Net lending or net borrowing (-)","2009","-438,083"
"44","Net lending or net borrowing (-)","2010","-377,903"
"44","Net lending or net borrowing (-)","2011","-333,131"
"44","Net lending or net borrowing (-)","2012","-323,130"
"44","Net lending or net borrowing (-)","2013","-296,697"
"44","Net lending or net borrowing (-)","2014","-269,928"
"44","Net lending or net borrowing (-)","2015","-264,416"
"44","Net lending or net borrowing (-)","2016","-298,344"
"44","Net lending or net borrowing (-)","2017","-290,925"
"44","Net lending or net borrowing (-)","2018","-276,848"
"44","Net lending or net borrowing (-)","2019","-290,024"
"44","Net lending or net borrowing (-)","2020","-125,531"
"44","Net lending or net borrowing (-)","2021","183,076"
"44","Net lending or net borrowing (-)","2022","192,433"
"44","Net lending or net borrowing (-)","2023","-204,963"
"44","Net lending or net borrowing (-)","2024","-260,144"
"44","Net lending or net borrowing (-)","2025","-314,309"
